# Blender 5.0.0
# www.blender.org
mtllib ball.mtl
o Baseball
v -0.013514 -0.013450 0.000000
v -0.012880 -0.013059 0.005260
v 0.000000 0.013426 0.013366
v -0.005160 0.013044 0.012728
v 0.000000 0.019000 0.000000
v -0.004055 0.018538 -0.000000
v 0.000000 0.017522 0.007449
v -0.004146 0.017090 0.007163
v 0.000000 -0.010241 0.016193
v -0.000000 -0.001386 0.018841
v -0.000000 0.007268 0.017539
v -0.006404 -0.009559 0.015550
v -0.006760 -0.001215 0.017723
v -0.006428 0.007035 0.016538
v -0.016815 -0.007045 0.006440
v -0.018036 0.001221 0.006762
v -0.015822 0.009578 0.006425
v -0.017812 -0.007268 0.000000
v -0.019152 0.001386 0.000000
v -0.016457 0.010239 -0.000000
v -0.007453 -0.017602 -0.000000
v 0.000000 -0.018992 0.000000
v -0.007166 -0.017074 0.004432
v 0.000000 -0.018434 0.004243
v -0.013083 0.011883 0.008812
v -0.008114 0.012811 0.011527
v -0.008819 -0.011819 0.012898
v -0.011672 -0.012847 0.008149
v -0.010005 -0.008151 0.014538
v -0.015140 -0.006933 0.009946
v -0.010639 -0.000656 0.015927
v -0.016235 0.000685 0.010560
v -0.010004 0.006918 0.014870
v -0.014799 0.008221 0.009947
v -0.006556 -0.016575 0.006940
v -0.005926 -0.013348 0.012559
v -0.000010 -0.014295 0.012372
v 0.000000 -0.017952 0.006523
v -0.006752 0.016559 0.006561
v -0.012753 0.013387 0.005975
v -0.012534 0.014323 -0.000000
v -0.006398 0.017982 0.000017
v 0.013514 -0.013450 0.000000
v 0.012880 -0.013059 0.005260
v 0.005160 0.013044 0.012728
v 0.004055 0.018538 0.000000
v 0.004146 0.017090 0.007163
v 0.006404 -0.009559 0.015550
v 0.006760 -0.001215 0.017723
v 0.006428 0.007035 0.016538
v 0.016815 -0.007045 0.006440
v 0.018036 0.001221 0.006762
v 0.015822 0.009578 0.006425
v 0.017812 -0.007268 0.000000
v 0.019152 0.001386 0.000000
v 0.016457 0.010239 0.000000
v 0.007453 -0.017602 0.000000
v 0.007166 -0.017074 0.004432
v 0.013083 0.011883 0.008812
v 0.008093 0.012811 0.011527
v 0.008789 -0.011819 0.012898
v 0.011672 -0.012847 0.008149
v 0.009984 -0.008151 0.014538
v 0.015140 -0.006933 0.009946
v 0.010619 -0.000656 0.015927
v 0.016235 0.000685 0.010560
v 0.009983 0.006918 0.014870
v 0.014799 0.008221 0.009947
v 0.006556 -0.016575 0.006940
v 0.005905 -0.013348 0.012559
v 0.006732 0.016559 0.006561
v 0.012753 0.013387 0.005975
v 0.012534 0.014323 0.000000
v 0.006377 0.017982 0.000017
v -0.012880 -0.013059 -0.005260
v 0.000000 0.013426 -0.013366
v -0.005160 0.013044 -0.012728
v -0.000000 0.017522 -0.007449
v -0.004146 0.017090 -0.007163
v 0.000000 -0.010241 -0.016193
v 0.000000 -0.001386 -0.018841
v 0.000000 0.007268 -0.017539
v -0.006404 -0.009559 -0.015550
v -0.006760 -0.001215 -0.017723
v -0.006428 0.007035 -0.016538
v -0.016815 -0.007045 -0.006440
v -0.018036 0.001221 -0.006762
v -0.015822 0.009578 -0.006425
v -0.007166 -0.017074 -0.004432
v 0.000000 -0.018434 -0.004243
v -0.013083 0.011883 -0.008812
v -0.008114 0.012811 -0.011494
v -0.008819 -0.011819 -0.012847
v -0.011672 -0.012847 -0.008149
v -0.010005 -0.008151 -0.014504
v -0.015140 -0.006933 -0.009946
v -0.010639 -0.000656 -0.015893
v -0.016235 0.000685 -0.010560
v -0.010004 0.006918 -0.014836
v -0.014799 0.008221 -0.009947
v -0.006556 -0.016575 -0.006940
v -0.005926 -0.013348 -0.012525
v -0.000010 -0.014295 -0.012338
v 0.000000 -0.017952 -0.006523
v -0.006752 0.016559 -0.006527
v -0.012753 0.013387 -0.005975
v 0.012880 -0.013059 -0.005260
v 0.005160 0.013044 -0.012728
v 0.004146 0.017090 -0.007163
v 0.006404 -0.009559 -0.015550
v 0.006760 -0.001215 -0.017723
v 0.006428 0.007035 -0.016538
v 0.016815 -0.007045 -0.006440
v 0.018036 0.001221 -0.006762
v 0.015822 0.009578 -0.006425
v 0.007166 -0.017074 -0.004432
v 0.013083 0.011883 -0.008812
v 0.008093 0.012811 -0.011494
v 0.008789 -0.011819 -0.012847
v 0.011672 -0.012847 -0.008149
v 0.009984 -0.008151 -0.014504
v 0.015140 -0.006933 -0.009946
v 0.010619 -0.000656 -0.015893
v 0.016235 0.000685 -0.010560
v 0.009983 0.006918 -0.014836
v 0.014799 0.008221 -0.009947
v 0.006556 -0.016575 -0.006940
v 0.005905 -0.013348 -0.012525
v 0.006732 0.016559 -0.006527
v 0.012753 0.013387 -0.005975
v -0.010236 -0.012455 0.010785
v -0.010236 -0.012455 0.010785
v -0.010795 0.012701 0.010210
v -0.010795 0.012701 0.010210
v -0.000093 -0.017116 0.008816
v -0.000093 -0.017116 0.008816
v 0.010061 -0.012475 0.010823
v 0.010061 -0.012475 0.010823
v 0.005761 -0.015741 0.009434
v 0.005761 -0.015741 0.009434
v 0.008536 0.017380 0.000145
v 0.008536 0.017380 0.000145
v -0.010191 -0.012400 -0.010444
v -0.010191 -0.012400 -0.010444
v -0.013060 -0.006779 -0.012672
v -0.013060 -0.006779 -0.012672
v -0.013059 0.007006 -0.012701
v -0.013059 0.007006 -0.012701
v -0.005919 -0.015661 -0.009060
v -0.005919 -0.015661 -0.009060
v -0.009311 0.015956 -0.005685
v -0.009311 0.015956 -0.005685
v 0.009151 0.015995 -0.005699
v 0.009151 0.015995 -0.005699
v -0.013113 -0.006806 0.013008
v -0.013113 -0.006806 0.013008
v -0.014059 0.000117 0.013949
v -0.014059 0.000117 0.013949
v -0.013099 0.007028 0.013024
v -0.013099 0.007028 0.013024
v -0.005943 -0.015729 0.009410
v -0.005943 -0.015729 0.009410
v -0.009322 0.015976 0.005980
v -0.009322 0.015976 0.005980
v -0.008703 0.017340 0.000144
v -0.008703 0.017340 0.000144
v 0.012947 -0.006819 0.013048
v 0.012947 -0.006819 0.013048
v 0.013897 0.000118 0.013985
v 0.013897 0.000118 0.013985
v 0.012936 0.007042 0.013053
v 0.012936 0.007042 0.013053
v 0.010628 0.012725 0.010233
v 0.010628 0.012725 0.010233
v 0.009153 0.016010 0.005995
v 0.009153 0.016010 0.005995
v -0.014009 0.000116 -0.013617
v -0.014009 0.000116 -0.013617
v -0.010770 0.012671 -0.009901
v -0.010770 0.012671 -0.009901
v -0.000093 -0.017055 -0.008459
v -0.000093 -0.017055 -0.008459
v 0.010052 -0.012454 -0.010482
v 0.010052 -0.012454 -0.010482
v 0.012932 -0.006807 -0.012711
v 0.012932 -0.006807 -0.012711
v 0.013873 0.000115 -0.013646
v 0.013873 0.000115 -0.013646
v 0.012912 0.007022 -0.012721
v 0.012912 0.007022 -0.012721
v 0.010618 0.012700 -0.009921
v 0.010618 0.012700 -0.009921
v 0.005755 -0.015706 -0.009084
v 0.005755 -0.015706 -0.009084
v -0.009769 -0.012455 0.012031
v -0.005990 -0.015206 0.010877
v -0.000062 -0.016438 0.010406
v 0.009648 -0.012460 0.012041
v 0.005868 -0.015209 0.010883
v -0.009758 -0.012441 -0.011819
v -0.005984 -0.015189 -0.010662
v -0.000062 -0.016423 -0.010190
v 0.009646 -0.012455 -0.011829
v 0.005866 -0.015200 -0.010668
v -0.012192 -0.007416 0.014019
v -0.013042 -0.000181 0.015118
v -0.012190 0.007104 0.014116
v -0.009949 0.013066 0.010998
v -0.008445 0.016651 0.006338
v -0.007885 0.018090 0.000099
v 0.012074 -0.007419 0.014029
v 0.012924 -0.000181 0.015127
v 0.012072 0.007107 0.014124
v 0.009831 0.013072 0.011004
v 0.008326 0.016660 0.006342
v 0.007766 0.018100 0.000100
v -0.012179 -0.007409 -0.013808
v -0.013029 -0.000182 -0.014908
v -0.012180 0.007099 -0.013909
v -0.009943 0.013059 -0.010794
v -0.008442 0.016646 -0.006138
v 0.012070 -0.007416 -0.013818
v 0.012918 -0.000182 -0.014916
v 0.012066 0.007102 -0.013914
v 0.009828 0.013066 -0.010799
v 0.008325 0.016656 -0.006141
v -0.014098 -0.006971 0.012147
v -0.015125 0.000267 0.012982
v -0.014014 0.007457 0.012138
v -0.011922 0.012575 0.009727
v -0.010675 0.015386 0.005965
v -0.010160 0.016628 0.000032
v 0.014061 -0.006974 0.012157
v 0.015089 0.000267 0.012991
v 0.013978 0.007460 0.012146
v 0.011885 0.012581 0.009733
v 0.010638 0.015395 0.005969
v 0.010123 0.016638 0.000032
v -0.014085 -0.006964 -0.012071
v -0.015112 0.000267 -0.012908
v -0.014004 0.007451 -0.012066
v -0.011916 0.012567 -0.009658
v -0.010672 0.015381 -0.005899
v 0.014058 -0.006971 -0.012081
v 0.015083 0.000266 -0.012915
v 0.013972 0.007455 -0.012071
v 0.011883 0.012574 -0.009664
v 0.010637 0.015391 -0.005903
v -0.010912 -0.012917 0.009975
v -0.006190 -0.016469 0.008565
v -0.000021 -0.017894 0.007976
v 0.010873 -0.012922 0.009985
v 0.006149 -0.016472 0.008571
v -0.010900 -0.012903 -0.009899
v -0.006184 -0.016452 -0.008486
v -0.000021 -0.017879 -0.007895
v 0.010871 -0.012916 -0.009908
v 0.006148 -0.016463 -0.008492
v -0.013338 -0.013314 0.002848
v -0.002779 0.013298 0.013193
v -0.002182 0.018862 0.000000
v 0.000000 0.018623 0.003846
v -0.004039 0.018172 0.003708
v -0.002210 0.017393 0.007377
v -0.004543 0.015338 0.010166
v 0.000000 0.015750 0.010620
v 0.000000 -0.006191 0.017908
v 0.000000 0.003216 0.018666
v -0.003455 -0.010062 0.016005
v -0.003640 -0.001351 0.018516
v -0.003472 0.007188 0.017252
v -0.006639 -0.005747 0.016947
v -0.006717 0.003153 0.017551
v 0.000000 0.010637 0.015714
v -0.005855 0.010305 0.014884
v -0.017860 -0.003156 0.006720
v -0.017237 0.005762 0.006645
v -0.017521 -0.007189 0.003490
v -0.018822 0.001352 0.003653
v -0.016267 0.010062 0.003478
v -0.018973 -0.003216 -0.000000
v -0.018196 0.006191 0.000000
v -0.015933 -0.010640 -0.000000
v -0.015108 -0.010319 0.005890
v -0.003833 -0.018655 0.000000
v -0.007377 -0.017429 0.002392
v 0.000000 -0.018807 0.002302
v -0.003694 -0.018101 0.004278
v -0.010233 -0.015349 0.004758
v -0.010686 -0.015816 0.000000
v -0.009357 -0.010528 0.013583
v -0.013645 -0.010145 0.009085
v -0.010458 -0.004675 0.015434
v -0.016036 -0.003282 0.010436
v -0.010511 0.003287 0.015734
v -0.015721 0.004730 0.010383
v -0.009112 0.010116 0.013429
v -0.013819 0.010596 0.009327
v -0.009316 -0.014991 0.007430
v -0.007763 -0.012529 0.012721
v -0.003391 -0.017591 0.006633
v -0.003220 -0.014016 0.012428
v -0.007301 0.014958 0.009255
v -0.012931 0.012582 0.007789
v -0.006473 0.017604 0.003416
v -0.012600 0.014046 0.003253
v -0.015294 0.008888 0.008476
v -0.014229 0.011946 0.006164
v -0.008510 0.006925 0.015637
v -0.006867 0.012845 0.012088
v -0.005616 0.016748 0.006842
v -0.012263 -0.012885 0.006939
v -0.006858 -0.016753 0.005878
v -0.015942 -0.006950 0.008483
v -0.006118 -0.011929 0.013957
v -0.008497 -0.008833 0.014997
v -0.017091 0.000974 0.008956
v -0.009001 -0.000957 0.016748
v 0.000000 -0.018113 0.005576
v -0.000001 -0.012760 0.014162
v -0.014414 0.012756 0.000000
v -0.005404 0.018176 0.000002
v 0.013338 -0.013314 0.002848
v 0.002779 0.013298 0.013193
v 0.002182 0.018862 0.000000
v 0.004039 0.018172 0.003708
v 0.002210 0.017393 0.007377
v 0.004543 0.015338 0.010166
v 0.003455 -0.010062 0.016005
v 0.003640 -0.001351 0.018516
v 0.003472 0.007188 0.017252
v 0.006639 -0.005747 0.016947
v 0.006717 0.003153 0.017551
v 0.005855 0.010305 0.014884
v 0.017860 -0.003156 0.006720
v 0.017237 0.005762 0.006645
v 0.017521 -0.007189 0.003490
v 0.018822 0.001352 0.003653
v 0.016267 0.010062 0.003478
v 0.018973 -0.003216 0.000000
v 0.018196 0.006191 0.000000
v 0.015933 -0.010640 0.000000
v 0.015108 -0.010319 0.005890
v 0.003833 -0.018655 0.000000
v 0.007377 -0.017429 0.002392
v 0.003694 -0.018101 0.004278
v 0.010233 -0.015349 0.004758
v 0.010686 -0.015816 0.000000
v 0.009334 -0.010528 0.013583
v 0.013645 -0.010145 0.009085
v 0.010438 -0.004675 0.015434
v 0.016036 -0.003282 0.010436
v 0.010490 0.003287 0.015734
v 0.015721 0.004730 0.010383
v 0.009092 0.010116 0.013429
v 0.013819 0.010596 0.009327
v 0.009316 -0.014991 0.007430
v 0.007741 -0.012529 0.012721
v 0.003391 -0.017591 0.006633
v 0.003200 -0.014016 0.012428
v 0.007281 0.014958 0.009255
v 0.012931 0.012582 0.007789
v 0.006452 0.017604 0.003416
v 0.012600 0.014046 0.003253
v 0.015294 0.008888 0.008476
v 0.014229 0.011946 0.006164
v 0.008507 0.006925 0.015637
v 0.006864 0.012845 0.012088
v 0.005614 0.016748 0.006842
v 0.012263 -0.012885 0.006939
v 0.006858 -0.016753 0.005878
v 0.015942 -0.006950 0.008483
v 0.006116 -0.011929 0.013957
v 0.008494 -0.008833 0.014997
v 0.017091 0.000974 0.008956
v 0.008998 -0.000957 0.016748
v 0.014414 0.012756 0.000000
v 0.005401 0.018176 0.000002
v -0.013338 -0.013314 -0.002848
v -0.002779 0.013298 -0.013193
v -0.000000 0.018623 -0.003846
v -0.004039 0.018172 -0.003708
v -0.002210 0.017393 -0.007377
v -0.004543 0.015338 -0.010166
v -0.000000 0.015750 -0.010620
v 0.000000 -0.006191 -0.017908
v 0.000000 0.003216 -0.018666
v -0.003455 -0.010062 -0.016005
v -0.003640 -0.001351 -0.018516
v -0.003472 0.007188 -0.017252
v -0.006639 -0.005747 -0.016947
v -0.006717 0.003153 -0.017551
v 0.000000 0.010637 -0.015714
v -0.005855 0.010305 -0.014884
v -0.017860 -0.003156 -0.006720
v -0.017237 0.005762 -0.006645
v -0.017521 -0.007189 -0.003490
v -0.018822 0.001352 -0.003653
v -0.016267 0.010062 -0.003478
v -0.015108 -0.010319 -0.005890
v -0.007377 -0.017429 -0.002392
v -0.000000 -0.018807 -0.002302
v -0.003694 -0.018101 -0.004278
v -0.010233 -0.015349 -0.004758
v -0.009357 -0.010528 -0.013546
v -0.013645 -0.010145 -0.009085
v -0.010458 -0.004675 -0.015400
v -0.016036 -0.003282 -0.010436
v -0.010511 0.003287 -0.015700
v -0.015721 0.004730 -0.010383
v -0.009112 0.010116 -0.013395
v -0.013819 0.010596 -0.009327
v -0.009316 -0.014991 -0.007430
v -0.007763 -0.012529 -0.012684
v -0.003391 -0.017591 -0.006633
v -0.003220 -0.014016 -0.012394
v -0.007301 0.014958 -0.009221
v -0.012931 0.012582 -0.007789
v -0.006473 0.017604 -0.003382
v -0.012600 0.014046 -0.003253
v -0.015294 0.008888 -0.008476
v -0.014229 0.011946 -0.006164
v -0.008510 0.006925 -0.015633
v -0.006867 0.012845 -0.012084
v -0.005616 0.016748 -0.006838
v -0.012263 -0.012885 -0.006939
v -0.006858 -0.016753 -0.005878
v -0.015942 -0.006950 -0.008483
v -0.006118 -0.011929 -0.013953
v -0.008497 -0.008833 -0.014993
v -0.017091 0.000974 -0.008956
v -0.009001 -0.000957 -0.016743
v -0.000000 -0.018113 -0.005576
v -0.000001 -0.012760 -0.014157
v 0.013338 -0.013314 -0.002848
v 0.002779 0.013298 -0.013193
v 0.004039 0.018172 -0.003708
v 0.002210 0.017393 -0.007377
v 0.004543 0.015338 -0.010166
v 0.003455 -0.010062 -0.016005
v 0.003640 -0.001351 -0.018516
v 0.003472 0.007188 -0.017252
v 0.006639 -0.005747 -0.016947
v 0.006717 0.003153 -0.017551
v 0.005855 0.010305 -0.014884
v 0.017860 -0.003156 -0.006720
v 0.017237 0.005762 -0.006645
v 0.017521 -0.007189 -0.003490
v 0.018822 0.001352 -0.003653
v 0.016267 0.010062 -0.003478
v 0.015108 -0.010319 -0.005890
v 0.007377 -0.017429 -0.002392
v 0.003694 -0.018101 -0.004278
v 0.010233 -0.015349 -0.004758
v 0.009334 -0.010528 -0.013546
v 0.013645 -0.010145 -0.009085
v 0.010438 -0.004675 -0.015400
v 0.016036 -0.003282 -0.010436
v 0.010490 0.003287 -0.015700
v 0.015721 0.004730 -0.010383
v 0.009092 0.010116 -0.013395
v 0.013819 0.010596 -0.009327
v 0.009316 -0.014991 -0.007430
v 0.007741 -0.012529 -0.012684
v 0.003391 -0.017591 -0.006633
v 0.003200 -0.014016 -0.012394
v 0.007281 0.014958 -0.009221
v 0.012931 0.012582 -0.007789
v 0.006452 0.017604 -0.003382
v 0.012600 0.014046 -0.003253
v 0.015294 0.008888 -0.008476
v 0.014229 0.011946 -0.006164
v 0.008507 0.006925 -0.015633
v 0.006864 0.012845 -0.012084
v 0.005614 0.016748 -0.006838
v 0.012263 -0.012885 -0.006939
v 0.006858 -0.016753 -0.005878
v 0.015942 -0.006950 -0.008483
v 0.006116 -0.011929 -0.013953
v 0.008494 -0.008833 -0.014993
v 0.017091 0.000974 -0.008956
v 0.008998 -0.000957 -0.016743
v 0.008713 0.016985 -0.002912
v 0.008713 0.016985 -0.002912
v -0.008249 -0.014289 -0.009627
v -0.008249 -0.014289 -0.009627
v -0.011826 -0.009848 -0.011573
v -0.011826 -0.009848 -0.011573
v 0.002963 -0.016725 0.009001
v 0.002963 -0.016725 0.009001
v 0.008106 -0.014370 0.010005
v 0.008106 -0.014370 0.010005
v 0.002958 -0.016676 -0.008646
v 0.002958 -0.016676 -0.008646
v 0.008099 -0.014344 -0.009660
v 0.008099 -0.014344 -0.009660
v 0.011787 0.010116 -0.011519
v 0.011787 0.010116 -0.011519
v 0.013628 0.003639 -0.013427
v 0.013628 0.003639 -0.013427
v 0.013653 -0.003416 -0.013409
v 0.013653 -0.003416 -0.013409
v 0.011695 -0.009891 -0.011613
v 0.011695 -0.009891 -0.011613
v 0.009759 0.014633 0.008315
v 0.009759 0.014633 0.008315
v 0.011803 0.010140 0.011842
v 0.011803 0.010140 0.011842
v 0.013654 0.003651 0.013764
v 0.013654 0.003651 0.013764
v 0.013673 -0.003422 0.013747
v 0.013673 -0.003422 0.013747
v -0.008882 0.016955 0.003196
v -0.008882 0.016955 0.003196
v -0.013816 0.003644 0.013731
v -0.013816 0.003644 0.013731
v -0.013836 -0.003415 0.013709
v -0.013836 -0.003415 0.013709
v -0.011143 -0.010265 0.013005
v -0.012827 -0.003950 0.014782
v -0.012844 0.003555 0.014904
v -0.011108 0.010338 0.012777
v -0.009062 0.015139 0.008874
v -0.008037 0.017692 0.003348
v 0.011023 -0.010270 0.013015
v 0.012709 -0.003952 0.014792
v 0.012726 0.003557 0.014912
v 0.010989 0.010343 0.012784
v 0.008943 0.015146 0.008879
v 0.007918 0.017701 0.003350
v -0.011130 -0.010255 -0.012794
v -0.012814 -0.003947 -0.014572
v -0.012832 0.003552 -0.014695
v -0.011100 0.010331 -0.012571
v -0.009058 0.015132 -0.008671
v -0.008036 0.017689 -0.003148
v 0.011020 -0.010266 -0.012804
v 0.012704 -0.003950 -0.014581
v 0.012720 0.003554 -0.014701
v 0.010985 0.010337 -0.012576
v 0.008942 0.015141 -0.008676
v 0.007918 0.017699 -0.003150
v 0.003090 -0.016068 -0.010329
v 0.007997 -0.014039 -0.011137
v -0.003212 -0.016062 -0.010326
v -0.008112 -0.014025 -0.011128
v 0.003091 -0.016080 0.010545
v 0.007999 -0.014045 0.011350
v -0.003214 -0.016079 0.010542
v -0.008121 -0.014041 0.011342
v -0.008745 -0.014974 0.009146
v -0.003221 -0.017499 0.008145
v 0.008705 -0.014979 0.009154
v 0.003180 -0.017500 0.008148
v -0.008736 -0.014958 -0.009068
v -0.003219 -0.017482 -0.008065
v 0.008703 -0.014972 -0.009076
v 0.003179 -0.017488 -0.008068
v 0.010271 0.016275 -0.003126
v 0.011143 0.014200 -0.008026
v 0.012914 0.010335 -0.011028
v 0.014750 0.004001 -0.012701
v 0.014861 -0.003441 -0.012722
v 0.012689 -0.010197 -0.011024
v -0.010307 0.016265 -0.003125
v -0.011177 0.014192 -0.008021
v -0.012946 0.010329 -0.011023
v -0.014781 0.003999 -0.012695
v -0.014889 -0.003438 -0.012713
v -0.012717 -0.010186 -0.011014
v 0.010272 0.016277 0.003191
v 0.011144 0.014206 0.008093
v 0.012918 0.010341 0.011100
v 0.014757 0.004004 0.012777
v 0.014866 -0.003442 0.012798
v 0.012692 -0.010201 0.011100
v -0.010309 0.016268 0.003189
v -0.011181 0.014198 0.008088
v -0.012954 0.010336 0.011094
v -0.014792 0.004003 0.012769
v -0.014902 -0.003441 0.012788
v -0.012730 -0.010197 0.011090
v 0.009754 0.014612 -0.008012
v 0.009754 0.014612 -0.008012
v -0.008877 0.016944 -0.002906
v -0.008877 0.016944 -0.002906
v -0.009910 0.014577 -0.007993
v -0.009910 0.014577 -0.007993
v -0.003137 -0.016651 -0.008633
v -0.003137 -0.016651 -0.008633
v -0.011936 0.010093 -0.011499
v -0.011936 0.010093 -0.011499
v -0.013770 0.003631 -0.013403
v -0.013770 0.003631 -0.013403
v -0.013784 -0.003404 -0.013374
v -0.013784 -0.003404 -0.013374
v 0.008713 0.016992 0.003204
v 0.008713 0.016992 0.003204
v 0.011706 -0.009908 0.011951
v 0.011706 -0.009908 0.011951
v -0.009927 0.014604 0.008295
v -0.009927 0.014604 0.008295
v -0.003148 -0.016719 0.008989
v -0.003148 -0.016719 0.008989
v -0.008285 -0.014352 0.009973
v -0.008285 -0.014352 0.009973
v -0.011969 0.010121 0.011815
v -0.011969 0.010121 0.011815
v -0.011877 -0.009889 0.011911
v -0.011877 -0.009889 0.011911
v -0.002164 0.018490 0.003811
v -0.009768 -0.015099 0.006302
v -0.002431 0.015620 0.010501
v -0.003574 -0.006081 0.017628
v -0.003623 0.003186 0.018344
v -0.003163 0.010524 0.015481
v -0.006113 0.015067 0.009682
v -0.003541 -0.017769 0.005646
v -0.016438 0.005262 0.008804
v -0.016907 -0.003191 0.008877
v -0.014359 0.012526 0.003353
v -0.018645 -0.003186 0.003636
v -0.017911 0.006083 0.003589
v -0.008046 -0.011154 0.013772
v -0.008843 -0.005219 0.016118
v -0.008917 0.003185 0.016568
v -0.007751 0.010141 0.014102
v -0.005426 0.017808 0.003549
v -0.015697 -0.010528 0.003193
v -0.003797 -0.018473 0.002316
v -0.003317 -0.012526 0.014103
v -0.014352 -0.010176 0.007754
v -0.010563 -0.015659 0.002570
v -0.014060 0.011203 0.008057
v 0.002164 0.018490 0.003811
v 0.009768 -0.015099 0.006302
v 0.002431 0.015620 0.010501
v 0.003574 -0.006081 0.017628
v 0.003623 0.003186 0.018344
v 0.003163 0.010524 0.015481
v 0.006110 0.015067 0.009682
v 0.003541 -0.017769 0.005646
v 0.016438 0.005262 0.008804
v 0.016907 -0.003191 0.008877
v 0.014359 0.012526 0.003353
v 0.018645 -0.003186 0.003636
v 0.017911 0.006083 0.003589
v 0.008041 -0.011154 0.013772
v 0.008841 -0.005219 0.016118
v 0.008914 0.003185 0.016568
v 0.007749 0.010141 0.014102
v 0.005424 0.017808 0.003549
v 0.015697 -0.010528 0.003193
v 0.003797 -0.018473 0.002316
v 0.003314 -0.012526 0.014103
v 0.014352 -0.010176 0.007754
v 0.010563 -0.015659 0.002570
v 0.014060 0.011203 0.008057
v -0.002164 0.018490 -0.003811
v -0.009768 -0.015099 -0.006302
v -0.002431 0.015620 -0.010501
v -0.003574 -0.006081 -0.017628
v -0.003623 0.003186 -0.018344
v -0.003163 0.010524 -0.015481
v -0.006113 0.015067 -0.009678
v -0.003541 -0.017769 -0.005646
v -0.016438 0.005262 -0.008804
v -0.016907 -0.003191 -0.008877
v -0.014359 0.012526 -0.003353
v -0.018645 -0.003186 -0.003636
v -0.017911 0.006083 -0.003589
v -0.008046 -0.011154 -0.013764
v -0.008843 -0.005219 -0.016114
v -0.008917 0.003185 -0.016564
v -0.007751 0.010141 -0.014098
v -0.005426 0.017808 -0.003545
v -0.015697 -0.010528 -0.003193
v -0.003797 -0.018473 -0.002316
v -0.003317 -0.012526 -0.014099
v -0.014352 -0.010176 -0.007754
v -0.010563 -0.015659 -0.002570
v -0.014060 0.011203 -0.008057
v 0.002164 0.018490 -0.003811
v 0.009768 -0.015099 -0.006302
v 0.002431 0.015620 -0.010501
v 0.003574 -0.006081 -0.017628
v 0.003623 0.003186 -0.018344
v 0.003163 0.010524 -0.015481
v 0.006110 0.015067 -0.009678
v 0.003541 -0.017769 -0.005646
v 0.016438 0.005262 -0.008804
v 0.016907 -0.003191 -0.008877
v 0.014359 0.012526 -0.003353
v 0.018645 -0.003186 -0.003636
v 0.017911 0.006083 -0.003589
v 0.008041 -0.011154 -0.013764
v 0.008841 -0.005219 -0.016114
v 0.008914 0.003185 -0.016564
v 0.007749 0.010141 -0.014098
v 0.005424 0.017808 -0.003545
v 0.015697 -0.010528 -0.003193
v 0.003797 -0.018473 -0.002316
v 0.003314 -0.012526 -0.014099
v 0.014352 -0.010176 -0.007754
v 0.010563 -0.015659 -0.002570
v 0.014060 0.011203 -0.008057
vn -0.0000 1.0000 -0.0000
vn -0.1149 0.9742 0.1941
vn -0.0000 0.9808 0.1948
vn -0.1127 0.9936 -0.0000
vn -0.2140 0.9580 0.1909
vn -0.2263 0.8973 0.3789
vn -0.1204 0.9132 0.3892
vn -0.0000 0.9199 0.3921
vn -0.6714 -0.6987 0.2470
vn -0.5239 -0.8016 0.2881
vn -0.6467 -0.6908 0.3234
vn -0.3674 -0.9021 0.2265
vn -0.5406 -0.8082 0.2338
vn -0.3565 -0.8961 0.2644
vn -0.5383 -0.8098 0.2334
vn -0.6628 -0.6907 0.2892
vn -0.0000 0.8204 0.5717
vn -0.1274 0.8144 0.5661
vn -0.2389 0.8028 0.5463
vn -0.1356 0.6993 0.7019
vn -0.0000 0.7032 0.7110
vn -0.0000 -0.2826 0.9592
vn -0.1319 -0.4757 0.8696
vn -0.0000 -0.4912 0.8710
vn -0.0000 -0.0781 0.9969
vn -0.1512 -0.2733 0.9500
vn -0.1616 -0.0746 0.9840
vn -0.2993 -0.2491 0.9211
vn -0.2703 -0.4333 0.8597
vn -0.0000 0.1468 0.9892
vn -0.1549 0.3642 0.9184
vn -0.1615 0.1463 0.9760
vn -0.3002 0.3607 0.8830
vn -0.3127 0.1475 0.9383
vn -0.3130 -0.0644 0.9476
vn -0.0000 0.3662 0.9305
vn -0.1451 0.5550 0.8191
vn -0.0000 0.5575 0.8302
vn -0.2561 0.6919 0.6751
vn -0.2796 0.5500 0.7870
vn -0.2668 0.8898 0.3703
vn -0.1441 0.8071 0.5726
vn -0.2864 0.7977 0.5306
vn -0.2051 0.6803 0.7036
vn -0.3203 0.6871 0.6522
vn -0.1784 -0.9600 0.2157
vn -0.0000 -0.9781 0.2080
vn -0.1796 -0.9561 0.2317
vn -0.0000 -0.9777 0.2100
vn -0.1971 -0.9710 0.1353
vn -0.3717 -0.9087 0.1899
vn -0.8784 0.2043 0.4321
vn -0.9007 0.0507 0.4315
vn -0.8969 0.0337 0.4410
vn -0.8269 0.3569 0.4346
vn -0.8811 0.2229 0.4171
vn -0.8383 0.3815 0.3895
vn -0.9215 0.2527 0.2950
vn -0.9485 0.0661 0.3099
vn -0.8828 -0.1647 0.4399
vn -0.8349 -0.3679 0.4093
vn -0.8319 -0.3684 0.4151
vn -0.8897 -0.1556 0.4293
vn -0.9389 -0.1509 0.3092
vn -0.8818 -0.3680 0.2949
vn -0.7463 0.6279 0.2208
vn -0.8687 0.4783 0.1290
vn -0.8611 0.4349 0.2635
vn -0.6737 0.7152 0.1860
vn -0.7297 0.6754 0.1066
vn -0.6726 0.7343 0.0915
vn -0.7226 0.6913 -0.0000
vn -0.8691 0.4946 -0.0000
vn -0.9754 -0.1503 0.1610
vn -0.9152 -0.3728 0.1534
vn -0.9839 0.0765 0.1613
vn -0.9885 -0.1510 -0.0000
vn -0.9269 -0.3753 -0.0000
vn -0.9489 0.2774 0.1501
vn -0.9578 0.2873 -0.0000
vn -0.9968 0.0800 -0.0000
vn -0.2276 -0.6209 0.7501
vn -0.2646 -0.6329 0.7276
vn -0.1783 -0.6815 0.7097
vn -0.3340 -0.5460 0.7683
vn -0.3850 -0.3796 0.8412
vn -0.3520 -0.4902 0.7974
vn -0.3168 -0.5786 0.7516
vn -0.4111 -0.2198 0.8847
vn -0.4238 -0.0493 0.9044
vn -0.3707 -0.2000 0.9069
vn -0.3686 -0.3493 0.8615
vn -0.4213 0.1528 0.8939
vn -0.4029 0.3621 0.8406
vn -0.3701 0.1601 0.9151
vn -0.3774 -0.0339 0.9254
vn -0.3668 0.5455 0.7536
vn -0.2816 0.5349 0.7966
vn -0.3392 0.3576 0.8701
vn -0.2076 0.9782 -0.0000
vn -0.2459 0.9504 0.1902
vn -0.2330 0.9725 -0.0003
vn -0.0623 0.9755 0.2108
vn -0.1061 0.9099 0.4011
vn -0.8130 -0.5646 0.1424
vn -0.6950 -0.7064 0.1337
vn -0.7840 -0.5583 0.2715
vn -0.8232 -0.5677 -0.0000
vn -0.7039 -0.7103 -0.0000
vn -0.3837 -0.9235 -0.0000
vn -0.1816 -0.9746 0.1310
vn -0.3795 -0.9158 0.1315
vn -0.1839 -0.9829 -0.0000
vn -0.0000 -0.9916 0.1296
vn 0.0001 -0.6845 0.7291
vn -0.0901 -0.7063 0.7021
vn 0.0001 -0.7129 0.7013
vn -0.1107 -0.6689 0.7351
vn -0.7548 -0.5476 0.3610
vn -0.7456 -0.5537 0.3707
vn -0.5593 -0.8185 0.1311
vn -0.5664 -0.8241 -0.0000
vn -0.8417 0.0108 0.5398
vn -0.8217 -0.1821 0.5401
vn -0.6048 -0.6818 0.4115
vn -0.6928 -0.5441 0.4733
vn -0.7508 0.3591 0.5544
vn -0.8250 0.1894 0.5324
vn -0.7699 -0.3728 0.5180
vn -0.6911 0.6051 0.3952
vn -0.6286 0.5148 0.5830
vn -0.5332 0.6569 0.5331
vn -0.5470 0.7469 0.3779
vn -0.5833 0.7802 0.2260
vn -0.1195 -0.7876 0.6045
vn -0.0008 -0.7905 0.6125
vn -0.5430 -0.6608 0.5183
vn -0.3938 -0.7481 0.5342
vn 0.5534 -0.6629 0.5043
vn 0.2687 -0.6365 0.7230
vn 0.3972 -0.7510 0.5275
vn -0.2382 -0.7807 0.5778
vn -0.6733 0.7394 -0.0003
vn -0.6068 0.7870 0.1118
vn -0.6120 0.7908 -0.0019
vn -0.6790 0.6724 0.2947
vn 0.7523 -0.5476 0.3664
vn 0.5930 -0.6795 0.4320
vn 0.6609 -0.6902 0.2946
vn -0.7575 0.4941 0.4268
vn -0.7604 0.5534 0.3399
vn 0.1149 0.9742 0.1941
vn 0.1127 0.9936 -0.0000
vn 0.2265 0.8973 0.3789
vn 0.2142 0.9580 0.1909
vn 0.2078 0.9782 -0.0000
vn 0.6714 -0.6987 0.2470
vn 0.5240 -0.8015 0.2881
vn 0.5406 -0.8082 0.2338
vn 0.6466 -0.6909 0.3234
vn 0.5373 -0.8090 0.2383
vn 0.3564 -0.8961 0.2644
vn 0.3674 -0.9021 0.2265
vn 0.1204 0.9132 0.3892
vn 0.1274 0.8144 0.5661
vn 0.1356 0.6993 0.7019
vn 0.2391 0.8028 0.5463
vn 0.1320 -0.4757 0.8696
vn 0.2705 -0.4334 0.8597
vn 0.1512 -0.2733 0.9500
vn 0.2994 -0.2491 0.9210
vn 0.1616 -0.0746 0.9840
vn 0.3131 -0.0644 0.9475
vn 0.1615 0.1463 0.9760
vn 0.3004 0.3607 0.8830
vn 0.1549 0.3642 0.9183
vn 0.1451 0.5550 0.8191
vn 0.2798 0.5500 0.7869
vn 0.2563 0.6919 0.6750
vn 0.2686 0.8894 0.3699
vn 0.2882 0.7975 0.5301
vn 0.2094 0.6827 0.7000
vn 0.1480 0.8066 0.5722
vn 0.1082 0.9116 0.3967
vn 0.1784 -0.9600 0.2157
vn 0.3716 -0.9080 0.1936
vn 0.1796 -0.9561 0.2317
vn 0.1978 -0.9705 0.1377
vn 0.9007 0.0507 0.4315
vn 0.8756 0.2043 0.4377
vn 0.8942 0.0336 0.4464
vn 0.9485 0.0661 0.3099
vn 0.8811 0.2229 0.4171
vn 0.9215 0.2527 0.2950
vn 0.8383 0.3813 0.3897
vn 0.8238 0.3571 0.4403
vn 0.8349 -0.3679 0.4093
vn 0.8804 -0.1654 0.4445
vn 0.8293 -0.3689 0.4197
vn 0.8818 -0.3680 0.2949
vn 0.8897 -0.1556 0.4293
vn 0.9389 -0.1509 0.3093
vn 0.8687 0.4783 0.1290
vn 0.7463 0.6279 0.2208
vn 0.8611 0.4349 0.2635
vn 0.8691 0.4946 -0.0000
vn 0.7297 0.6754 0.1066
vn 0.7226 0.6913 -0.0000
vn 0.6701 0.7366 0.0921
vn 0.6708 0.7176 0.1872
vn 0.9754 -0.1503 0.1610
vn 0.9151 -0.3728 0.1534
vn 0.9885 -0.1510 -0.0000
vn 0.9839 0.0765 0.1613
vn 0.9968 0.0800 -0.0000
vn 0.9489 0.2774 0.1501
vn 0.9578 0.2873 -0.0000
vn 0.2280 -0.6215 0.7495
vn 0.1797 -0.6839 0.7071
vn 0.3252 -0.5820 0.7453
vn 0.3360 -0.5469 0.7668
vn 0.3609 -0.4921 0.7922
vn 0.3869 -0.3796 0.8404
vn 0.3770 -0.3499 0.8576
vn 0.4129 -0.2198 0.8839
vn 0.3784 -0.2002 0.9037
vn 0.4256 -0.0492 0.9036
vn 0.3128 0.1475 0.9383
vn 0.3852 -0.0338 0.9222
vn 0.4232 0.1528 0.8931
vn 0.3779 0.1602 0.9119
vn 0.4048 0.3621 0.8396
vn 0.3687 0.5455 0.7527
vn 0.2883 0.5352 0.7940
vn 0.3222 0.6869 0.6514
vn 0.2478 0.9500 0.1900
vn 0.2349 0.9720 -0.0003
vn 0.0648 0.9747 0.2139
vn 0.0382 0.9993 -0.0044
vn 0.8130 -0.5646 0.1424
vn 0.7840 -0.5583 0.2715
vn 0.6950 -0.7064 0.1337
vn 0.8232 -0.5677 -0.0000
vn 0.9269 -0.3753 -0.0000
vn 0.3837 -0.9235 -0.0000
vn 0.1816 -0.9746 0.1310
vn 0.1839 -0.9829 -0.0000
vn 0.3794 -0.9158 0.1315
vn -0.0000 -1.0000 -0.0000
vn 0.0905 -0.7074 0.7010
vn 0.1108 -0.6691 0.7349
vn 0.7456 -0.5537 0.3707
vn 0.7039 -0.7103 -0.0000
vn 0.5593 -0.8185 0.1311
vn 0.5664 -0.8241 -0.0000
vn 0.6787 -0.5436 0.4938
vn 0.7520 -0.3754 0.5418
vn 0.8060 -0.1814 0.5634
vn 0.8265 0.0109 0.5628
vn 0.8093 0.1897 0.5559
vn 0.7338 0.3597 0.5763
vn 0.6104 0.5153 0.6016
vn 0.6857 0.6073 0.4012
vn 0.5161 0.6589 0.5472
vn 0.6753 0.6750 0.2973
vn 0.5320 0.7526 0.3881
vn 0.2380 -0.7822 0.5758
vn 0.1186 -0.7882 0.6039
vn -0.5834 -0.6688 -0.4609
vn -0.2887 -0.6581 -0.6953
vn -0.4226 -0.7692 -0.4792
vn 0.5697 0.7883 0.2324
vn 0.5943 0.7959 0.1152
vn 0.6710 0.7415 -0.0002
vn 0.6002 0.7999 -0.0016
vn -0.7496 -0.5478 -0.3716
vn -0.5689 -0.6757 -0.4688
vn -0.6585 -0.6902 -0.3001
vn 0.7543 0.4940 0.4324
vn 0.7604 0.5534 0.3399
vn -0.1149 0.9742 -0.1941
vn -0.0000 0.9199 -0.3921
vn -0.0000 0.9808 -0.1948
vn -0.2267 0.8972 -0.3789
vn -0.2143 0.9579 -0.1909
vn -0.6714 -0.6987 -0.2470
vn -0.5240 -0.8015 -0.2881
vn -0.5406 -0.8082 -0.2338
vn -0.6466 -0.6909 -0.3234
vn -0.5350 -0.8087 -0.2444
vn -0.3564 -0.8961 -0.2644
vn -0.3674 -0.9021 -0.2265
vn -0.0000 0.8205 -0.5717
vn -0.1204 0.9132 -0.3892
vn -0.0000 0.7032 -0.7110
vn -0.1274 0.8144 -0.5661
vn -0.1357 0.6993 -0.7019
vn -0.2395 0.8027 -0.5462
vn -0.1320 -0.4762 -0.8694
vn -0.0000 -0.2826 -0.9592
vn -0.0000 -0.4916 -0.8708
vn -0.2710 -0.4337 -0.8593
vn -0.1512 -0.2733 -0.9500
vn -0.2999 -0.2491 -0.9209
vn -0.1616 -0.0746 -0.9840
vn -0.0000 -0.0780 -0.9970
vn -0.0000 0.1468 -0.9892
vn -0.3136 -0.0644 -0.9474
vn -0.1615 0.1463 -0.9760
vn -0.3009 0.3607 -0.8828
vn -0.1549 0.3642 -0.9183
vn -0.0000 0.3662 -0.9305
vn -0.1451 0.5550 -0.8191
vn -0.0000 0.5575 -0.8302
vn -0.2803 0.5499 -0.7868
vn -0.2568 0.6918 -0.6749
vn -0.2708 0.8887 -0.3699
vn -0.2919 0.7968 -0.5290
vn -0.2456 0.6836 -0.6873
vn -0.1821 0.8054 -0.5640
vn -0.1351 0.9090 -0.3944
vn -0.1784 -0.9600 -0.2158
vn -0.3695 -0.9072 -0.2012
vn -0.1796 -0.9561 -0.2317
vn -0.1961 -0.9697 -0.1460
vn -0.0000 -0.9777 -0.2100
vn -0.0000 -0.9781 -0.2079
vn -0.9007 0.0507 -0.4315
vn -0.8739 0.2043 -0.4410
vn -0.8925 0.0336 -0.4498
vn -0.9485 0.0661 -0.3099
vn -0.8811 0.2229 -0.4171
vn -0.9215 0.2527 -0.2950
vn -0.8383 0.3813 -0.3897
vn -0.8215 0.3573 -0.4443
vn -0.8349 -0.3679 -0.4093
vn -0.8784 -0.1655 -0.4483
vn -0.8269 -0.3692 -0.4242
vn -0.8818 -0.3680 -0.2949
vn -0.8897 -0.1556 -0.4293
vn -0.9389 -0.1509 -0.3093
vn -0.8687 0.4783 -0.1290
vn -0.7463 0.6279 -0.2208
vn -0.8611 0.4349 -0.2635
vn -0.7297 0.6754 -0.1066
vn -0.6711 0.7356 -0.0923
vn -0.6707 0.7176 -0.1878
vn -0.9754 -0.1503 -0.1610
vn -0.9152 -0.3728 -0.1534
vn -0.9839 0.0765 -0.1613
vn -0.9489 0.2774 -0.1501
vn -0.2292 -0.6246 -0.7465
vn -0.1896 -0.7052 -0.6832
vn -0.3649 -0.5986 -0.7131
vn -0.3411 -0.5495 -0.7627
vn -0.4000 -0.4983 -0.7692
vn -0.3915 -0.3798 -0.8382
vn -0.4126 -0.3524 -0.8400
vn -0.4174 -0.2196 -0.8818
vn -0.4121 -0.2009 -0.8887
vn -0.4300 -0.0492 -0.9015
vn -0.3133 0.1475 -0.9381
vn -0.4177 -0.0338 -0.9079
vn -0.4277 0.1527 -0.8909
vn -0.4107 0.1609 -0.8975
vn -0.4093 0.3621 -0.8375
vn -0.3731 0.5454 -0.7506
vn -0.3231 0.5376 -0.7788
vn -0.3264 0.6865 -0.6497
vn -0.2484 0.9497 -0.1906
vn -0.0830 0.9738 -0.2118
vn -0.0405 0.9992 -0.0042
vn -0.8130 -0.5646 -0.1424
vn -0.7840 -0.5583 -0.2715
vn -0.6950 -0.7064 -0.1337
vn -0.1816 -0.9746 -0.1310
vn -0.3794 -0.9158 -0.1315
vn -0.0000 -0.9916 -0.1294
vn -0.0951 -0.7282 -0.6787
vn -0.0000 -0.6877 -0.7260
vn -0.0001 -0.7340 -0.6791
vn -0.1111 -0.6723 -0.7319
vn -0.7456 -0.5537 -0.3707
vn -0.5593 -0.8185 -0.1311
vn -0.6539 -0.5432 -0.5266
vn -0.7303 -0.3784 -0.5687
vn -0.7865 -0.1816 -0.5902
vn -0.8102 0.0105 -0.5861
vn -0.7930 0.1894 -0.5791
vn -0.7110 0.3586 -0.6049
vn -0.5715 0.5136 -0.6400
vn -0.6806 0.6090 -0.4073
vn -0.4678 0.6622 -0.5853
vn -0.6732 0.6761 -0.2995
vn -0.5076 0.7595 -0.4068
vn -0.2565 -0.8094 -0.5283
vn -0.1293 -0.8185 -0.5598
vn -0.0021 -0.8212 -0.5707
vn 0.1905 -0.7064 -0.6817
vn 0.4198 -0.7689 -0.4822
vn 0.2527 -0.8079 -0.5324
vn -0.5642 0.7906 -0.2380
vn -0.5985 0.7925 -0.1171
vn 0.8252 -0.3691 -0.4277
vn 0.6463 -0.5420 -0.5371
vn 0.7200 -0.3773 -0.5825
vn -0.7515 0.4943 -0.4370
vn -0.7604 0.5534 -0.3399
vn 0.1148 0.9742 -0.1941
vn 0.2144 0.9579 -0.1909
vn 0.2269 0.8972 -0.3789
vn 0.1204 0.9132 -0.3892
vn 0.6714 -0.6987 -0.2470
vn 0.5239 -0.8016 -0.2881
vn 0.6467 -0.6908 -0.3234
vn 0.3674 -0.9021 -0.2265
vn 0.5406 -0.8082 -0.2338
vn 0.3565 -0.8961 -0.2644
vn 0.5351 -0.8083 -0.2458
vn 0.6579 -0.6898 -0.3023
vn 0.1274 0.8144 -0.5661
vn 0.2396 0.8027 -0.5462
vn 0.1357 0.6993 -0.7019
vn 0.1320 -0.4762 -0.8694
vn 0.1512 -0.2733 -0.9500
vn 0.1616 -0.0746 -0.9840
vn 0.3001 -0.2491 -0.9208
vn 0.2712 -0.4338 -0.8592
vn 0.1549 0.3642 -0.9183
vn 0.1615 0.1463 -0.9760
vn 0.3010 0.3607 -0.8828
vn 0.3135 0.1475 -0.9381
vn 0.3138 -0.0644 -0.9473
vn 0.1451 0.5550 -0.8191
vn 0.2569 0.6918 -0.6748
vn 0.2804 0.5499 -0.7867
vn 0.2728 0.8883 -0.3695
vn 0.1858 0.8050 -0.5634
vn 0.2936 0.7966 -0.5285
vn 0.2565 0.6795 -0.6873
vn 0.3283 0.6863 -0.6490
vn 0.1784 -0.9600 -0.2157
vn 0.1796 -0.9561 -0.2317
vn 0.1967 -0.9695 -0.1463
vn 0.3699 -0.9069 -0.2017
vn 0.8715 0.2043 -0.4458
vn 0.9007 0.0507 -0.4315
vn 0.8902 0.0336 -0.4543
vn 0.8187 0.3574 -0.4493
vn 0.8811 0.2229 -0.4171
vn 0.8383 0.3815 -0.3895
vn 0.9215 0.2527 -0.2950
vn 0.9485 0.0661 -0.3099
vn 0.8763 -0.1654 -0.4524
vn 0.8349 -0.3679 -0.4093
vn 0.8897 -0.1556 -0.4293
vn 0.9389 -0.1509 -0.3092
vn 0.8818 -0.3680 -0.2949
vn 0.7463 0.6279 -0.2208
vn 0.8687 0.4783 -0.1290
vn 0.8611 0.4349 -0.2635
vn 0.6682 0.7196 -0.1888
vn 0.7297 0.6754 -0.1066
vn 0.6689 0.7376 -0.0928
vn 0.9754 -0.1503 -0.1610
vn 0.9152 -0.3728 -0.1534
vn 0.9839 0.0765 -0.1613
vn 0.9489 0.2774 -0.1501
vn 0.2295 -0.6252 -0.7459
vn 0.2918 -0.6605 -0.6918
vn 0.3431 -0.5503 -0.7612
vn 0.3934 -0.3799 -0.8372
vn 0.4074 -0.4907 -0.7702
vn 0.3761 -0.5969 -0.7087
vn 0.4192 -0.2196 -0.8809
vn 0.4319 -0.0492 -0.9006
vn 0.4199 -0.2009 -0.8851
vn 0.4205 -0.3528 -0.8359
vn 0.4296 0.1527 -0.8900
vn 0.4113 0.3621 -0.8365
vn 0.4192 0.1610 -0.8935
vn 0.4258 -0.0337 -0.9042
vn 0.3750 0.5453 -0.7497
vn 0.3318 0.5419 -0.7722
vn 0.3889 0.3607 -0.8477
vn 0.2503 0.9493 -0.1904
vn 0.0828 0.9737 -0.2121
vn 0.1371 0.9086 -0.3944
vn 0.8130 -0.5646 -0.1424
vn 0.6950 -0.7064 -0.1338
vn 0.7840 -0.5583 -0.2715
vn 0.1816 -0.9746 -0.1310
vn 0.3795 -0.9158 -0.1315
vn 0.0954 -0.7286 -0.6782
vn 0.1112 -0.6725 -0.7317
vn 0.7483 -0.5476 -0.3743
vn 0.7456 -0.5537 -0.3707
vn 0.5593 -0.8185 -0.1311
vn 0.7962 0.0109 -0.6049
vn 0.7739 -0.1808 -0.6069
vn 0.5638 -0.6743 -0.4769
vn 0.6945 0.3584 -0.6238
vn 0.7777 0.1896 -0.5994
vn 0.6761 0.6106 -0.4123
vn 0.5553 0.5130 -0.6546
vn 0.4552 0.6624 -0.5950
vn 0.4959 0.7632 -0.4142
vn 0.5527 0.7972 -0.2430
vn 0.1261 -0.8173 -0.5622
vn 0.5890 -0.6676 -0.4554
vn 0.2404 0.9707 0.0014
vn 0.5267 0.8394 -0.1338
vn 0.2733 0.9438 -0.1861
vn 0.5870 0.8007 -0.1198
vn 0.6701 0.6782 -0.3016
vn -0.0023 -0.9211 -0.3894
vn 0.1237 -0.8261 -0.5498
vn 0.1599 -0.8979 -0.4101
vn 0.7487 0.4942 -0.4419
vn 0.7604 0.5534 -0.3399
vn 0.5001 0.8246 -0.2644
vn 0.3312 0.7983 -0.5030
vn 0.3005 0.8884 -0.3470
vn 0.5026 0.6644 -0.5532
vn 0.4690 0.5453 -0.6948
vn 0.3929 0.6772 -0.6220
vn 0.4872 0.7702 -0.4116
vn 0.5315 0.3741 -0.7600
vn 0.6680 0.1833 -0.7213
vn 0.5613 0.1790 -0.8080
vn 0.6133 0.3673 -0.6993
vn 0.5665 -0.0122 -0.8240
vn 0.6670 -0.1769 -0.7238
vn 0.5686 -0.1903 -0.8003
vn 0.6786 0.0028 -0.7345
vn 0.6002 -0.3614 -0.7136
vn 0.6097 -0.5253 -0.5936
vn 0.6356 -0.5184 -0.5721
vn 0.6543 -0.3630 -0.6634
vn -0.2989 0.8885 -0.3482
vn -0.5396 0.8316 -0.1316
vn -0.2728 0.9438 -0.1868
vn -0.2410 0.9705 0.0011
vn -0.3875 0.6804 -0.6220
vn -0.5004 0.7654 -0.4047
vn -0.3281 0.7984 -0.5048
vn -0.5133 0.8179 -0.2600
vn -0.5196 0.3735 -0.7685
vn -0.5628 0.5287 -0.6354
vn -0.4646 0.5409 -0.7011
vn -0.5156 0.6620 -0.5440
vn -0.6926 0.0013 -0.7213
vn -0.5517 0.1783 -0.8148
vn -0.5581 -0.0130 -0.8297
vn -0.6828 0.1820 -0.7076
vn -0.6687 -0.3632 -0.6488
vn -0.5619 -0.1910 -0.8048
vn -0.5944 -0.3619 -0.7181
vn -0.6810 -0.1781 -0.7103
vn -0.5288 -0.6579 -0.5362
vn -0.6243 -0.5276 -0.5761
vn -0.6281 -0.5287 -0.5709
vn 0.2626 0.8956 0.3590
vn 0.5282 0.8380 0.1367
vn 0.2510 0.9479 0.1962
vn 0.5380 0.8429 0.0034
vn 0.3348 0.6822 0.6500
vn 0.4989 0.7644 0.4084
vn 0.2791 0.8038 0.5254
vn 0.5078 0.8198 0.2646
vn 0.4715 0.3711 0.8000
vn 0.5700 0.5294 0.6283
vn 0.4151 0.5396 0.7325
vn 0.5188 0.6610 0.5422
vn 0.7023 0.0027 0.7118
vn 0.5032 0.1777 0.8457
vn 0.5086 -0.0126 0.8609
vn 0.6925 0.1841 0.6975
vn 0.6779 -0.3598 0.6411
vn 0.5104 -0.1901 0.8387
vn 0.5453 -0.3607 0.7567
vn 0.6917 -0.1795 0.6996
vn 0.5434 -0.6616 0.5166
vn 0.5840 -0.5261 0.6182
vn 0.6380 -0.5294 0.5592
vn -0.5507 0.8347 0.0028
vn -0.2477 0.9490 0.1948
vn -0.5204 0.8135 0.2597
vn -0.2759 0.8040 0.5268
vn -0.2599 0.8938 0.3654
vn -0.5408 0.8305 0.1337
vn -0.5314 0.6582 0.5332
vn -0.4071 0.5389 0.7375
vn -0.3322 0.6797 0.6540
vn -0.5113 0.7598 0.4017
vn -0.4623 0.3702 0.8058
vn -0.7068 0.1833 0.6833
vn -0.4939 0.1772 0.8513
vn -0.5831 0.5279 0.6175
vn -0.4997 -0.0128 0.8661
vn -0.7053 -0.1791 0.6859
vn -0.5018 -0.1900 0.8438
vn -0.7160 0.0022 0.6981
vn -0.5352 -0.3602 0.7641
vn -0.6528 -0.5281 0.5431
vn -0.5719 -0.5250 0.6303
vn -0.6922 -0.3585 0.6263
vn -0.5580 -0.6621 0.5003
vn 0.2481 -0.8108 -0.5301
vn 0.4482 -0.7787 -0.4391
vn 0.3012 -0.8520 -0.4282
vn -0.3033 -0.8519 -0.4270
vn -0.1321 -0.8279 -0.5451
vn -0.1629 -0.8998 -0.4048
vn 0.3886 -0.7577 -0.5243
vn -0.0058 -0.8303 -0.5573
vn -0.3992 -0.7590 -0.5144
vn -0.4512 -0.7795 -0.4345
vn -0.2573 -0.8120 -0.5239
vn 0.3218 -0.8708 0.3716
vn 0.1349 -0.8438 0.5194
vn 0.1735 -0.9234 0.3424
vn -0.0029 -0.8494 0.5277
vn -0.0000 -0.9464 0.3230
vn 0.4116 -0.7666 0.4929
vn 0.4727 -0.7903 0.3898
vn 0.2656 -0.8231 0.5020
vn -0.1754 -0.9261 0.3340
vn -0.2737 -0.8254 0.4938
vn -0.4809 -0.7941 0.3718
vn -0.3262 -0.8747 0.3584
vn -0.1410 -0.8451 0.5156
vn -0.4233 -0.7684 0.4800
vn 0.3468 0.3580 0.8669
vn -0.3805 0.3604 -0.8517
vn -0.0058 -0.8303 -0.5572
vn 0.5245 -0.6579 -0.5405
vn -0.3993 -0.7590 -0.5143
vn 0.2656 -0.8231 0.5019
vn -0.0029 -0.8495 0.5277
vn -0.1410 -0.8452 0.5156
vn -0.4233 -0.7684 0.4799
vn -0.2737 -0.8254 0.4937
vn 0.0005 -0.9951 0.0991
vn 0.0003 -0.9941 -0.1081
vn 0.5266 0.8395 -0.1338
vn 0.5379 0.8430 0.0034
vn 0.5462 0.5325 -0.6466
vn 0.5025 0.6644 -0.5532
vn 0.6132 0.3673 -0.6994
vn 0.6679 0.1833 -0.7213
vn 0.6669 -0.1769 -0.7239
vn 0.6543 -0.3630 -0.6635
vn -0.5132 0.8180 -0.2600
vn 0.5245 -0.6578 -0.5405
vn -0.5506 0.8348 0.0028
vn -0.5155 0.6620 -0.5440
vn -0.5003 0.7654 -0.4047
vn -0.5627 0.5287 -0.6355
vn -0.6261 0.3677 -0.6876
vn -0.6827 0.1820 -0.7077
vn -0.6809 -0.1781 -0.7104
vn -0.6280 -0.5287 -0.5710
vn 0.5077 0.8199 0.2646
vn 0.5282 0.8381 0.1367
vn 0.6375 0.3692 0.6762
vn 0.6924 0.1841 0.6976
vn 0.7023 0.0027 0.7119
vn 0.6916 -0.1795 0.6996
vn 0.5434 -0.6616 0.5167
vn -0.5203 0.8135 0.2597
vn -0.6522 0.3681 0.6627
vn -0.6922 -0.3585 0.6264
vn 0.5463 0.5325 -0.6466
vt 0.753732 0.496003
vt 0.733786 0.462007
vt 0.753871 0.462067
vt 0.733501 0.495925
vt 0.716178 0.462146
vt 0.715209 0.429234
vt 0.733461 0.428893
vt 0.754002 0.428949
vt 0.310400 0.630626
vt 0.320796 0.597238
vt 0.326645 0.628402
vt 0.302842 0.567113
vt 0.305908 0.599082
vt 0.316716 0.565964
vt 0.331792 0.594760
vt 0.338558 0.625459
vt 0.754125 0.397195
vt 0.731572 0.397114
vt 0.711651 0.397645
vt 0.728669 0.366030
vt 0.754241 0.366147
vt 0.754788 0.181741
vt 0.723667 0.143834
vt 0.754863 0.142666
vt 0.754690 0.224579
vt 0.722861 0.182316
vt 0.722257 0.224785
vt 0.694697 0.184392
vt 0.696414 0.147287
vt 0.754582 0.264856
vt 0.723327 0.301319
vt 0.722271 0.264843
vt 0.696145 0.301660
vt 0.693895 0.265370
vt 0.693631 0.225880
vt 0.754468 0.301440
vt 0.725652 0.334595
vt 0.754355 0.334738
vt 0.706337 0.366620
vt 0.700673 0.335045
vt 0.700897 0.430304
vt 0.684370 0.401626
vt 0.696261 0.399379
vt 0.676986 0.371394
vt 0.689564 0.368676
vt 0.301447 0.534150
vt 0.301086 0.500573
vt 0.314483 0.533600
vt 0.313754 0.500521
vt 0.323918 0.532840
vt 0.326976 0.564382
vt 0.359382 0.806538
vt 0.344483 0.770139
vt 0.360896 0.767403
vt 0.355500 0.841359
vt 0.343292 0.810572
vt 0.340667 0.846298
vt 0.322166 0.814097
vt 0.322993 0.772411
vt 0.359483 0.729121
vt 0.339988 0.694725
vt 0.354780 0.692675
vt 0.343565 0.731149
vt 0.322509 0.732769
vt 0.320124 0.696307
vt 0.319180 0.878142
vt 0.293440 0.854655
vt 0.320677 0.851280
vt 0.318310 0.897188
vt 0.292869 0.883244
vt 0.292479 0.904074
vt 0.261895 0.885266
vt 0.261950 0.855825
vt 0.294324 0.733471
vt 0.293110 0.696881
vt 0.294531 0.773590
vt 0.261958 0.733603
vt 0.261893 0.696942
vt 0.294106 0.816152
vt 0.261983 0.816765
vt 0.261987 0.773894
vt 0.698079 0.120353
vt 0.681237 0.110164
vt 0.698908 0.101821
vt 0.679365 0.126931
vt 0.675957 0.152459
vt 0.666409 0.132227
vt 0.671104 0.117617
vt 0.673048 0.188005
vt 0.671599 0.228099
vt 0.656626 0.192069
vt 0.660782 0.157575
vt 0.672314 0.266806
vt 0.675774 0.302987
vt 0.656084 0.268674
vt 0.654868 0.230772
vt 0.682083 0.336787
vt 0.668313 0.339146
vt 0.660629 0.304808
vt 0.715964 0.495866
vt 0.702794 0.462614
vt 0.702998 0.495810
vt 0.692464 0.463147
vt 0.689633 0.431645
vt 0.290732 0.663328
vt 0.287885 0.631410
vt 0.315642 0.662630
vt 0.261793 0.663390
vt 0.261672 0.631478
vt 0.261403 0.567420
vt 0.282965 0.534298
vt 0.283683 0.567427
vt 0.261252 0.534315
vt 0.282775 0.500645
vt 0.754895 0.113205
vt 0.724571 0.094998
vt 0.754832 0.092155
vt 0.724303 0.115215
vt 0.347014 0.658057
vt 0.333715 0.660654
vt 0.285387 0.599680
vt 0.261543 0.599709
vt 0.385780 0.763244
vt 0.383635 0.726115
vt 0.357192 0.620819
vt 0.367507 0.654031
vt 0.377919 0.836089
vt 0.383787 0.800570
vt 0.377331 0.689606
vt 0.345676 0.881734
vt 0.368506 0.867490
vt 0.355917 0.892807
vt 0.340104 0.910930
vt 0.319336 0.923856
vt 0.723930 0.068670
vt 0.754359 0.064885
vt 0.660513 0.108219
vt 0.676308 0.090638
vt 0.848237 0.108394
vt 0.828395 0.110379
vt 0.832441 0.090765
vt 0.697047 0.077989
vt 0.261822 0.906954
vt 0.292413 0.933355
vt 0.261958 0.937191
vt 0.335777 0.888938
vt 0.345829 0.342946
vt 0.356450 0.380307
vt 0.337604 0.375519
vt 0.350152 0.866861
vt 0.337525 0.871768
vt 0.773956 0.462168
vt 0.773963 0.496094
vt 0.792791 0.429528
vt 0.791562 0.462447
vt 0.791498 0.496181
vt 0.309420 0.370571
vt 0.320056 0.403819
vt 0.305156 0.402095
vt 0.325675 0.372674
vt 0.331072 0.406199
vt 0.316215 0.435082
vt 0.302330 0.434049
vt 0.774543 0.429048
vt 0.776677 0.397274
vt 0.779813 0.366201
vt 0.796592 0.397948
vt 0.786059 0.143955
vt 0.813306 0.147518
vt 0.786715 0.182457
vt 0.814875 0.184662
vt 0.787124 0.224947
vt 0.815748 0.226187
vt 0.786892 0.265020
vt 0.812787 0.302004
vt 0.785609 0.301502
vt 0.783057 0.334775
vt 0.808031 0.335382
vt 0.802139 0.366941
vt 0.807071 0.430709
vt 0.811944 0.399795
vt 0.831261 0.371925
vt 0.823657 0.402135
vt 0.818174 0.432142
vt 0.301188 0.467001
vt 0.326491 0.436569
vt 0.314230 0.467443
vt 0.323674 0.468118
vt 0.342631 0.231124
vt 0.357328 0.194724
vt 0.359041 0.233768
vt 0.321150 0.228970
vt 0.341235 0.190776
vt 0.320114 0.187362
vt 0.338441 0.155131
vt 0.353282 0.159993
vt 0.338572 0.306410
vt 0.357844 0.271975
vt 0.353367 0.308364
vt 0.318712 0.304952
vt 0.341929 0.270041
vt 0.320883 0.268543
vt 0.291222 0.147012
vt 0.316831 0.123441
vt 0.318448 0.150251
vt 0.259757 0.145995
vt 0.290522 0.118471
vt 0.259565 0.116597
vt 0.290045 0.097679
vt 0.315883 0.104431
vt 0.292718 0.268001
vt 0.291713 0.304541
vt 0.260378 0.268048
vt 0.292711 0.227944
vt 0.260196 0.227811
vt 0.292072 0.185450
vt 0.259978 0.184999
vt 0.811703 0.120551
vt 0.810749 0.101989
vt 0.838438 0.117860
vt 0.830383 0.127196
vt 0.843171 0.132530
vt 0.833727 0.152779
vt 0.848728 0.157960
vt 0.836492 0.188380
vt 0.852744 0.192527
vt 0.837751 0.228523
vt 0.815266 0.265703
vt 0.854316 0.231288
vt 0.836818 0.267262
vt 0.852881 0.269229
vt 0.833127 0.303454
vt 0.826584 0.337245
vt 0.840170 0.339701
vt 0.818871 0.369113
vt 0.804920 0.463022
vt 0.804442 0.496233
vt 0.815100 0.463642
vt 0.814093 0.496159
vt 0.289543 0.338055
vt 0.314444 0.338592
vt 0.286909 0.369944
vt 0.260621 0.338173
vt 0.260518 0.304663
vt 0.260886 0.434050
vt 0.282703 0.466997
vt 0.260988 0.467141
vt 0.283168 0.433882
vt 0.261108 0.500726
vt 0.785092 0.095091
vt 0.785485 0.115321
vt 0.332520 0.340445
vt 0.260707 0.370047
vt 0.284634 0.401649
vt 0.260793 0.401785
vt 0.366570 0.347065
vt 0.376193 0.311454
vt 0.382288 0.274918
vt 0.384227 0.237776
vt 0.382038 0.200459
vt 0.375976 0.164970
vt 0.366369 0.133618
vt 0.343280 0.119734
vt 0.353621 0.108366
vt 0.333365 0.112587
vt 0.337717 0.090317
vt 0.811686 0.078096
vt 0.784792 0.068733
vt 0.657144 0.882911
vt 0.678190 0.880283
vt 0.672805 0.900670
vt 0.316894 0.077491
vt 0.289918 0.068128
vt 0.259396 0.094943
vt 0.259416 0.064437
vt 0.176536 0.658475
vt 0.165936 0.621202
vt 0.184721 0.625918
vt 0.347818 0.134563
vt 0.335185 0.129720
vt 0.733496 0.529821
vt 0.753442 0.562979
vt 0.753586 0.529918
vt 0.714641 0.562406
vt 0.715883 0.529563
vt 0.212931 0.630898
vt 0.202262 0.597634
vt 0.217169 0.599371
vt 0.196663 0.628776
vt 0.191239 0.595243
vt 0.206076 0.566368
vt 0.219962 0.567410
vt 0.753306 0.594658
vt 0.732896 0.562874
vt 0.753170 0.625618
vt 0.730759 0.594560
vt 0.727620 0.625531
vt 0.710846 0.593886
vt 0.720813 0.846942
vt 0.752184 0.809434
vt 0.751930 0.848378
vt 0.693649 0.843262
vt 0.720330 0.808589
vt 0.692241 0.806281
vt 0.720078 0.766264
vt 0.752442 0.766741
vt 0.752667 0.726595
vt 0.691519 0.764938
vt 0.720419 0.726343
vt 0.694638 0.689446
vt 0.721770 0.689996
vt 0.752859 0.690128
vt 0.724360 0.656845
vt 0.753024 0.656933
vt 0.699418 0.656208
vt 0.705311 0.624777
vt 0.700334 0.561219
vt 0.695474 0.592029
vt 0.676051 0.619631
vt 0.683634 0.589518
vt 0.689103 0.559590
vt 0.221052 0.534448
vt 0.195800 0.564871
vt 0.208007 0.534000
vt 0.198562 0.533317
vt 0.208445 0.500910
vt 0.221120 0.500867
vt 0.179493 0.770214
vt 0.164609 0.806499
vt 0.163079 0.767511
vt 0.200982 0.772457
vt 0.180693 0.810521
vt 0.201811 0.814045
vt 0.183290 0.846134
vt 0.168476 0.841196
vt 0.183795 0.695006
vt 0.164436 0.729363
vt 0.169004 0.693024
vt 0.203660 0.696509
vt 0.180351 0.731339
vt 0.201406 0.732903
vt 0.230472 0.854570
vt 0.204679 0.877923
vt 0.203258 0.851135
vt 0.230943 0.883114
vt 0.231201 0.903903
vt 0.205450 0.896907
vt 0.229591 0.733540
vt 0.230675 0.696987
vt 0.229443 0.773611
vt 0.229864 0.816120
vt 0.695085 0.870134
vt 0.695735 0.888746
vt 0.668138 0.872818
vt 0.676471 0.863426
vt 0.663565 0.858141
vt 0.673271 0.837943
vt 0.658131 0.832800
vt 0.670658 0.802506
vt 0.654260 0.798366
vt 0.669544 0.762550
vt 0.692103 0.725593
vt 0.652830 0.759754
vt 0.670572 0.723990
vt 0.654359 0.721961
vt 0.674311 0.687962
vt 0.680868 0.654321
vt 0.667144 0.651748
vt 0.688570 0.622589
vt 0.702499 0.528982
vt 0.692185 0.528142
vt 0.693202 0.495654
vt 0.232853 0.663458
vt 0.207936 0.662876
vt 0.235456 0.631553
vt 0.239538 0.534458
vt 0.239124 0.567585
vt 0.239437 0.500803
vt 0.721276 0.895770
vt 0.751707 0.877760
vt 0.751453 0.898871
vt 0.721202 0.875487
vt 0.189850 0.660993
vt 0.237698 0.599833
vt 0.155931 0.654370
vt 0.146390 0.689906
vt 0.140240 0.726357
vt 0.138151 0.763409
vt 0.140166 0.800647
vt 0.146058 0.836105
vt 0.155517 0.867496
vt 0.178220 0.881466
vt 0.168144 0.892785
vt 0.188064 0.888643
vt 0.183954 0.910811
vt 0.693437 0.913498
vt 0.720261 0.923015
vt 0.750707 0.927048
vt 0.807356 0.889571
vt 0.829170 0.901932
vt 0.808271 0.914424
vt 0.204679 0.923667
vt 0.231537 0.933220
vt 0.167714 0.309080
vt 0.154772 0.347978
vt 0.144972 0.312450
vt 0.173788 0.866628
vt 0.186380 0.871527
vt 0.773676 0.529996
vt 0.791289 0.529890
vt 0.792245 0.562759
vt 0.773988 0.563061
vt 0.211993 0.370921
vt 0.201534 0.404227
vt 0.195746 0.373132
vt 0.219438 0.434337
vt 0.216429 0.402404
vt 0.205556 0.435464
vt 0.190525 0.406675
vt 0.183826 0.376050
vt 0.775853 0.594775
vt 0.795771 0.594290
vt 0.778721 0.625785
vt 0.783070 0.847362
vt 0.784048 0.808994
vt 0.784810 0.766650
vt 0.812170 0.807035
vt 0.810293 0.844041
vt 0.783944 0.690334
vt 0.784914 0.726709
vt 0.811078 0.690078
vt 0.813235 0.726278
vt 0.813383 0.765661
vt 0.781687 0.657143
vt 0.801036 0.625253
vt 0.806631 0.656765
vt 0.806537 0.561700
vt 0.822836 0.590165
vt 0.811136 0.592575
vt 0.830161 0.620380
vt 0.817774 0.623226
vt 0.220780 0.467288
vt 0.207735 0.467822
vt 0.198289 0.468564
vt 0.195285 0.437019
vt 0.162744 0.195725
vt 0.177798 0.231904
vt 0.161414 0.234684
vt 0.166434 0.161049
vt 0.178794 0.191634
vt 0.181213 0.156049
vt 0.199876 0.188013
vt 0.199256 0.229557
vt 0.162960 0.272793
vt 0.182486 0.307024
vt 0.178851 0.270739
vt 0.199881 0.269070
vt 0.202330 0.305417
vt 0.202432 0.124194
vt 0.228314 0.147398
vt 0.201140 0.150958
vt 0.203108 0.105227
vt 0.228648 0.118887
vt 0.228808 0.098124
vt 0.228038 0.268285
vt 0.229323 0.304792
vt 0.227684 0.228260
vt 0.227893 0.185803
vt 0.808460 0.870931
vt 0.825034 0.881362
vt 0.827161 0.864474
vt 0.830728 0.838977
vt 0.839996 0.859364
vt 0.835133 0.874035
vt 0.833783 0.803517
vt 0.835365 0.763523
vt 0.850079 0.799562
vt 0.845784 0.834017
vt 0.834759 0.724913
vt 0.831394 0.688811
vt 0.850835 0.723054
vt 0.851956 0.760909
vt 0.825175 0.655068
vt 0.838763 0.652625
vt 0.846370 0.686953
vt 0.804653 0.529425
vt 0.814820 0.528672
vt 0.817620 0.560164
vt 0.231699 0.338274
vt 0.234503 0.370134
vt 0.206801 0.338996
vt 0.239270 0.467152
vt 0.238603 0.434037
vt 0.781687 0.896218
vt 0.782251 0.875919
vt 0.175445 0.343561
vt 0.188738 0.340975
vt 0.236952 0.401816
vt 0.136305 0.238895
vt 0.138598 0.275986
vt 0.165031 0.381133
vt 0.143845 0.166087
vt 0.138119 0.201599
vt 0.175990 0.120802
vt 0.153199 0.134664
vt 0.165750 0.109326
vt 0.181474 0.091194
vt 0.202133 0.078207
vt 0.781239 0.923505
vt 0.845159 0.884378
vt 0.829340 0.495500
vt 0.842877 0.524962
vt 0.830655 0.526765
vt 0.228973 0.068533
vt 0.185784 0.113575
vt 0.184318 0.501194
vt 0.170284 0.471569
vt 0.182662 0.470010
vt 0.171626 0.135634
vt 0.184181 0.130674
vt 0.846878 0.555253
vt 0.840289 0.585477
vt 0.834466 0.556904
vt 0.860401 0.606780
vt 0.858579 0.647865
vt 0.848390 0.614992
vt 0.853639 0.581017
vt 0.868101 0.683184
vt 0.892259 0.716056
vt 0.874114 0.719498
vt 0.887266 0.679251
vt 0.876006 0.756527
vt 0.892793 0.790147
vt 0.873779 0.793824
vt 0.897252 0.752861
vt 0.867668 0.829107
vt 0.874087 0.864639
vt 0.857991 0.859845
vt 0.888334 0.827434
vt 0.671447 0.556219
vt 0.662503 0.524304
vt 0.675540 0.526121
vt 0.677142 0.494870
vt 0.657032 0.614129
vt 0.651334 0.580258
vt 0.665379 0.584721
vt 0.658317 0.554583
vt 0.636690 0.682013
vt 0.630677 0.642010
vt 0.646547 0.646853
vt 0.644350 0.605933
vt 0.606290 0.751241
vt 0.630318 0.718193
vt 0.628033 0.755119
vt 0.611647 0.714664
vt 0.614114 0.825557
vt 0.629824 0.792346
vt 0.635479 0.827583
vt 0.610202 0.788399
vt 0.641157 0.899972
vt 0.644711 0.858308
vt 0.627636 0.862764
vt 0.835040 0.434254
vt 0.842880 0.464459
vt 0.830964 0.464280
vt 0.838876 0.494671
vt 0.849326 0.376514
vt 0.853500 0.408864
vt 0.841056 0.405833
vt 0.846884 0.434246
vt 0.869459 0.308812
vt 0.873589 0.347756
vt 0.859714 0.343883
vt 0.860115 0.383481
vt 0.897252 0.239620
vt 0.875709 0.272714
vt 0.877857 0.235873
vt 0.892157 0.275826
vt 0.889077 0.166288
vt 0.875917 0.198744
vt 0.870124 0.163593
vt 0.893165 0.202954
vt 0.861823 0.092766
vt 0.860781 0.132925
vt 0.875450 0.129527
vt 0.666690 0.494025
vt 0.675773 0.463638
vt 0.659072 0.433413
vt 0.666085 0.405136
vt 0.671913 0.433585
vt 0.662881 0.463719
vt 0.646486 0.382441
vt 0.647874 0.343125
vt 0.658016 0.375786
vt 0.652779 0.407927
vt 0.638395 0.308048
vt 0.615188 0.274921
vt 0.632398 0.271986
vt 0.633269 0.346715
vt 0.630470 0.235215
vt 0.614544 0.202351
vt 0.632588 0.198179
vt 0.610323 0.238854
vt 0.638510 0.163149
vt 0.632385 0.129301
vt 0.647934 0.132629
vt 0.618764 0.165848
vt 0.646006 0.092754
vt 0.166296 0.440846
vt 0.172940 0.410997
vt 0.178633 0.439830
vt 0.179119 0.562519
vt 0.170425 0.532881
vt 0.182915 0.532364
vt 0.159978 0.414666
vt 0.174272 0.502293
vt 0.160637 0.589405
vt 0.173631 0.591338
vt 0.166578 0.563469
vt 0.343178 0.439149
vt 0.351614 0.470491
vt 0.339289 0.469382
vt 0.347420 0.501545
vt 0.337808 0.500607
vt 0.361870 0.412978
vt 0.348705 0.410249
vt 0.355809 0.439437
vt 0.339470 0.531812
vt 0.355677 0.563482
vt 0.349256 0.590892
vt 0.343542 0.562011
vt 0.351548 0.532513
vt 0.361719 0.589810
vt 0.848098 0.305375
vt 0.659194 0.685951
vt 0.781428 0.945331
vt 0.749756 0.954595
vt 0.836470 0.918955
vt 0.813099 0.936066
vt 0.687039 0.935038
vt 0.718398 0.944817
vt 0.859840 0.901844
vt 0.664098 0.917505
vt 0.816139 0.058671
vt 0.784934 0.049047
vt 0.753729 0.039422
vt 0.838981 0.075719
vt 0.722586 0.049012
vt 0.668725 0.075678
vt 0.691443 0.058603
vt 0.322767 0.500482
vt 0.199425 0.500941
vt 0.229955 0.048838
vt 0.260785 0.039423
vt 0.176766 0.075139
vt 0.199126 0.058253
vt 0.140114 0.128867
vt 0.154407 0.092025
vt 0.125822 0.165709
vt 0.121685 0.202764
vt 0.117547 0.239819
vt 0.122321 0.277404
vt 0.140377 0.351737
vt 0.127094 0.314988
vt 0.202077 0.942165
vt 0.232727 0.951372
vt 0.153660 0.388487
vt 0.263376 0.960578
vt 0.157432 0.908953
vt 0.179755 0.925559
vt 0.143313 0.872367
vt 0.129193 0.835781
vt 0.124899 0.799165
vt 0.120605 0.762550
vt 0.124979 0.725358
vt 0.129353 0.688166
vt 0.154695 0.615340
vt 0.142024 0.651753
vt 0.322256 0.058363
vt 0.291520 0.048893
vt 0.365811 0.092289
vt 0.344034 0.075326
vt 0.379894 0.128724
vt 0.393976 0.165159
vt 0.398589 0.201833
vt 0.403202 0.238507
vt 0.394434 0.313162
vt 0.398818 0.275835
vt 0.367930 0.386519
vt 0.381182 0.349841
vt 0.293863 0.950968
vt 0.345910 0.924438
vt 0.324350 0.941358
vt 0.380944 0.871142
vt 0.367469 0.907518
vt 0.394419 0.834765
vt 0.398810 0.798585
vt 0.403202 0.762405
vt 0.398678 0.725527
vt 0.380957 0.652394
vt 0.394153 0.688649
vt 0.367760 0.616138
vt 0.873833 0.643015
vt 0.617004 0.678087
vt 0.887062 0.312032
vt 0.620052 0.310988
s 1
usemtl Material.001
f 5/1/1 611/2/2 262/3/3
f 261/4/4 263/5/5 611/2/2
f 611/2/2 8/6/6 264/7/7
f 611/2/2 7/8/8 262/3/3
f 2/9/9 612/10/10 312/11/11
f 23/12/12 612/10/10 289/13/13
f 313/14/14 299/15/15 612/10/10
f 612/10/10 28/16/16 312/11/11
f 264/7/7 266/17/17 7/8/8
f 8/6/6 613/18/18 264/7/7
f 265/19/19 260/20/20 613/18/18
f 613/18/18 3/21/21 266/17/17
f 267/22/22 269/23/23 9/24/24
f 10/25/25 614/26/26 267/22/22
f 270/27/27 272/28/28 614/26/26
f 614/26/26 12/29/29 269/23/23
f 268/30/30 270/27/27 10/25/25
f 268/30/30 271/31/31 615/32/32
f 615/32/32 14/33/33 273/34/34
f 615/32/32 13/35/35 270/27/27
f 11/36/36 616/37/37 271/31/31
f 274/38/38 260/20/20 616/37/37
f 616/37/37 4/39/39 275/40/40
f 271/31/31 275/40/40 14/33/33
f 311/41/41 265/19/19 8/6/6
f 311/41/41 303/42/42 617/43/43
f 617/43/43 26/44/44 310/45/45
f 617/43/43 4/39/39 265/19/19
f 288/46/46 313/14/14 23/12/12
f 24/47/47 618/48/48 288/46/46
f 319/49/49 301/50/50 618/48/48
f 618/48/48 35/51/51 313/14/14
f 296/52/52 317/53/53 32/54/54
f 34/55/55 619/56/56 296/52/52
f 307/57/57 277/58/58 619/56/56
f 619/56/56 16/59/59 317/53/53
f 294/60/60 314/61/61 30/62/62
f 32/54/54 620/63/63 294/60/60
f 317/53/53 276/64/64 620/63/63
f 620/63/63 15/65/65 314/61/61
f 308/66/66 280/67/67 17/68/68
f 40/69/69 621/70/70 308/66/66
f 306/71/71 321/72/72 621/70/70
f 621/70/70 20/73/73 280/67/67
f 15/65/65 622/74/74 278/75/75
f 16/59/59 622/74/74 276/64/64
f 279/76/76 281/77/77 622/74/74
f 278/75/75 281/77/77 18/78/78
f 277/58/58 279/76/76 16/59/59
f 17/68/68 623/79/79 277/58/58
f 280/67/67 282/80/80 623/79/79
f 623/79/79 19/81/81 279/76/76
f 315/82/82 300/83/83 36/84/84
f 12/29/29 624/85/85 315/82/82
f 316/86/86 291/87/87 624/85/85
f 624/85/85 27/88/88 300/83/83
f 272/28/28 316/86/86 12/29/29
f 13/35/35 625/89/89 272/28/28
f 318/90/90 293/91/91 625/89/89
f 625/89/89 29/92/92 316/86/86
f 273/34/34 318/90/90 13/35/35
f 14/33/33 626/93/93 273/34/34
f 309/94/94 295/95/95 626/93/93
f 626/93/93 31/96/96 318/90/90
f 14/33/33 627/97/97 309/94/94
f 275/40/40 310/45/45 627/97/97
f 627/97/97 26/44/44 297/98/98
f 309/94/94 297/98/98 33/99/99
f 6/100/100 628/101/101 263/5/5
f 322/102/102 305/103/103 628/101/101
f 628/101/101 39/104/104 311/41/41
f 263/5/5 311/41/41 8/6/6
f 2/9/9 629/105/105 259/106/106
f 284/107/107 278/75/75 629/105/105
f 629/105/105 18/78/78 283/108/108
f 259/106/106 283/108/108 1/109/109
f 21/110/110 630/111/111 286/112/112
f 285/113/113 287/114/114 630/111/111
f 287/114/114 288/46/46 630/111/111
f 286/112/112 288/46/46 23/12/12
f 320/115/115 302/116/116 37/117/117
f 9/24/24 631/118/118 320/115/115
f 269/23/23 315/82/82 631/118/118
f 631/118/118 36/84/84 302/116/116
f 292/119/119 312/11/11 28/16/16
f 292/119/119 314/61/61 632/120/120
f 632/120/120 15/65/65 284/107/107
f 312/11/11 284/107/107 2/9/9
f 1/109/109 633/121/121 259/106/106
f 290/122/122 286/112/112 633/121/121
f 633/121/121 23/12/12 289/13/13
f 259/106/106 289/13/13 2/9/9
f 228/123/123 294/60/60 581/124/124
f 292/119/119 249/125/125 582/126/126
f 229/127/127 296/52/52 580/128/128
f 294/60/60 227/129/129 581/124/124
f 25/130/130 579/131/131 230/132/132
f 580/128/128 32/54/54 228/123/123
f 40/69/69 578/133/133 231/134/134
f 579/131/131 34/55/55 229/127/127
f 37/117/117 549/135/135 197/136/136
f 300/83/83 195/137/137 550/138/138
f 198/139/139 358/140/140 548/141/141
f 302/116/116 196/142/142 549/135/135
f 41/143/143 577/144/144 232/145/145
f 304/146/146 230/132/132 578/133/133
f 350/147/147 252/148/148 62/149/149
f 306/71/71 231/134/134 577/144/144
f 298/150/150 307/57/57 34/55/55
f 25/130/130 634/151/151 298/150/150
f 304/146/146 308/66/66 634/151/151
f 634/151/151 17/68/68 307/57/57
f 5/1/1 635/152/152 325/153/153
f 7/8/8 635/152/152 262/3/3
f 635/152/152 47/154/154 326/155/155
f 325/153/153 326/155/155 46/156/156
f 44/157/157 636/158/158 347/159/159
f 62/149/149 636/158/158 370/160/160
f 357/161/161 371/162/162 636/158/158
f 636/158/158 58/163/163 347/159/159
f 266/17/17 327/164/164 7/8/8
f 3/21/21 637/165/165 266/17/17
f 324/166/166 328/167/167 637/165/165
f 637/165/165 47/154/154 327/164/164
f 329/168/168 267/22/22 9/24/24
f 48/169/169 638/170/170 329/168/168
f 332/171/171 330/172/172 638/170/170
f 638/170/170 10/25/25 267/22/22
f 330/172/172 268/30/30 10/25/25
f 49/173/173 639/174/174 330/172/172
f 639/174/174 50/175/175 331/176/176
f 268/30/30 331/176/176 11/36/36
f 11/36/36 640/177/177 274/38/38
f 331/176/176 334/178/178 640/177/177
f 640/177/177 45/179/179 324/166/166
f 274/38/38 324/166/166 3/21/21
f 328/167/167 369/180/180 47/154/154
f 45/179/179 641/181/181 328/167/167
f 641/181/181 60/182/182 361/183/183
f 369/180/180 361/183/183 71/184/184
f 371/162/162 346/185/185 58/163/163
f 69/186/186 642/187/187 371/162/162
f 359/188/188 319/49/49 642/187/187
f 642/187/187 24/47/47 346/185/185
f 375/189/189 354/190/190 66/191/191
f 52/192/192 643/193/193 375/189/189
f 336/194/194 365/195/195 643/193/193
f 643/193/193 68/196/196 354/190/190
f 372/197/197 352/198/198 64/199/199
f 51/200/200 644/201/201 372/197/197
f 335/202/202 375/189/189 644/201/201
f 644/201/201 66/191/191 352/198/198
f 339/203/203 366/204/204 53/205/205
f 56/206/206 645/207/207 339/203/203
f 377/208/208 364/209/209 645/207/207
f 645/207/207 72/210/210 366/204/204
f 51/200/200 646/211/211 335/202/202
f 337/212/212 340/213/213 646/211/211
f 340/213/213 338/214/214 646/211/211
f 646/211/211 52/192/192 335/202/202
f 338/214/214 336/194/194 52/192/192
f 55/215/215 647/216/216 338/214/214
f 341/217/217 339/203/203 647/216/216
f 647/216/216 53/205/205 336/194/194
f 358/140/140 373/218/218 70/219/219
f 61/220/220 648/221/221 358/140/140
f 349/222/222 374/223/223 648/221/221
f 648/221/221 48/169/169 373/218/218
f 374/223/223 332/171/171 48/169/169
f 63/224/224 649/225/225 374/223/223
f 351/226/226 376/227/227 649/225/225
f 649/225/225 49/173/173 332/171/171
f 376/227/227 333/228/228 49/173/173
f 65/229/229 650/230/230 376/227/227
f 353/231/231 367/232/232 650/230/230
f 650/230/230 50/175/175 333/228/228
f 50/175/175 651/233/233 334/178/178
f 367/232/232 355/234/234 651/233/233
f 651/233/233 60/182/182 368/235/235
f 334/178/178 368/235/235 45/179/179
f 46/156/156 652/236/236 378/237/237
f 326/155/155 369/180/180 652/236/236
f 652/236/236 71/184/184 363/238/238
f 378/237/237 363/238/238 74/239/239
f 44/157/157 653/240/240 343/241/241
f 323/242/242 342/243/243 653/240/240
f 653/240/240 54/244/244 337/212/212
f 343/241/241 337/212/212 51/200/200
f 57/245/245 654/246/246 344/247/247
f 345/248/248 346/185/185 654/246/246
f 346/185/185 287/114/114 654/246/246
f 344/247/247 287/114/114 22/249/249
f 360/250/250 320/115/115 37/117/117
f 70/219/219 655/251/251 360/250/250
f 373/218/218 329/168/168 655/251/251
f 655/251/251 9/24/24 320/115/115
f 370/160/160 350/147/147 62/149/149
f 370/160/160 343/241/241 656/252/252
f 656/252/252 51/200/200 372/197/197
f 350/147/147 372/197/197 64/199/199
f 43/253/253 657/254/254 348/255/255
f 323/242/242 347/159/159 657/254/254
f 657/254/254 58/163/163 345/248/248
f 348/255/255 345/248/248 57/245/245
f 576/256/256 64/199/199 233/257/257
f 64/199/199 575/258/258 233/257/257
f 352/198/198 234/259/259 575/258/258
f 66/191/191 574/260/260 234/259/259
f 354/190/190 235/261/261 574/260/260
f 68/196/196 573/262/262 235/261/261
f 573/262/262 59/263/263 236/264/264
f 236/264/264 362/265/265 572/266/266
f 548/141/141 70/219/219 199/267/267
f 199/267/267 360/250/250 547/268/268
f 547/268/268 37/117/117 197/136/136
f 200/269/269 414/270/270 546/271/271
f 572/266/266 72/210/210 237/272/272
f 237/272/272 364/209/209 571/273/273
f 571/273/273 73/274/274 238/275/275
f 406/276/276 254/277/277 94/278/278
f 365/195/195 356/279/279 68/196/196
f 53/205/205 658/280/280 365/195/195
f 366/204/204 362/265/265 658/280/280
f 658/280/280 59/263/263 356/279/279
f 5/1/1 659/281/281 261/4/4
f 78/282/282 659/281/281 381/283/283
f 659/281/281 79/284/284 382/285/285
f 261/4/4 382/285/285 6/100/100
f 75/286/286 660/287/287 404/288/288
f 94/278/278 660/287/287 426/289/289
f 413/290/290 427/291/291 660/287/287
f 660/287/287 89/292/292 404/288/288
f 385/293/293 383/294/294 78/282/282
f 76/295/295 661/296/296 385/293/293
f 380/297/297 384/298/298 661/296/296
f 661/296/296 79/284/284 383/294/294
f 388/299/299 386/300/300 80/301/301
f 83/302/302 662/303/303 388/299/299
f 391/304/304 389/305/305 662/303/303
f 662/303/303 81/306/306 386/300/300
f 389/305/305 387/307/307 81/306/306
f 84/308/308 663/309/309 389/305/305
f 663/309/309 85/310/310 390/311/311
f 387/307/307 390/311/311 82/312/312
f 82/312/312 664/313/313 393/314/314
f 390/311/311 394/315/315 664/313/313
f 664/313/313 77/316/316 380/297/297
f 393/314/314 380/297/297 76/295/295
f 384/298/298 425/317/317 79/284/284
f 77/316/316 665/318/318 384/298/298
f 665/318/318 92/319/319 417/320/320
f 425/317/317 417/320/320 105/321/321
f 427/291/291 403/322/322 89/292/292
f 101/323/323 666/324/324 427/291/291
f 415/325/325 433/326/326 666/324/324
f 666/324/324 90/327/327 403/322/322
f 431/328/328 410/329/329 98/330/330
f 87/331/331 667/332/332 431/328/328
f 396/333/333 421/334/334 667/332/332
f 667/332/332 100/335/335 410/329/329
f 428/336/336 408/337/337 96/338/338
f 86/339/339 668/340/340 428/336/336
f 395/341/341 431/328/328 668/340/340
f 668/340/340 98/330/330 408/337/337
f 399/342/342 422/343/343 88/344/344
f 20/73/73 669/345/345 399/342/342
f 321/72/72 420/346/346 669/345/345
f 669/345/345 106/347/347 422/343/343
f 86/339/339 670/348/348 395/341/341
f 397/349/349 281/77/77 670/348/348
f 281/77/77 398/350/350 670/348/348
f 670/348/348 87/331/331 395/341/341
f 398/350/350 396/333/333 87/331/331
f 19/81/81 671/351/351 398/350/350
f 282/80/80 399/342/342 671/351/351
f 671/351/351 88/344/344 396/333/333
f 414/270/270 429/352/352 102/353/353
f 93/354/354 672/355/355 414/270/270
f 405/356/356 430/357/357 672/355/355
f 672/355/355 83/302/302 429/352/352
f 430/357/357 391/304/304 83/302/302
f 95/358/358 673/359/359 430/357/357
f 407/360/360 432/361/361 673/359/359
f 673/359/359 84/308/308 391/304/304
f 432/361/361 392/362/362 84/308/308
f 97/363/363 674/364/364 432/361/361
f 409/365/365 423/366/366 674/364/364
f 674/364/364 85/310/310 392/362/362
f 85/310/310 675/367/367 394/315/315
f 423/366/366 411/368/368 675/367/367
f 675/367/367 92/319/319 424/369/369
f 394/315/315 424/369/369 77/316/316
f 6/100/100 676/370/370 322/102/102
f 382/285/285 425/317/317 676/370/370
f 676/370/370 105/321/321 419/371/371
f 322/102/102 419/371/371 42/372/372
f 75/286/286 677/373/373 400/374/374
f 379/375/375 283/108/108 677/373/373
f 677/373/373 18/78/78 397/349/349
f 400/374/374 397/349/349 86/339/339
f 21/110/110 678/376/376 285/113/113
f 401/377/377 403/322/322 678/376/376
f 403/322/322 402/378/378 678/376/376
f 285/113/113 402/378/378 22/249/249
f 416/379/379 434/380/380 103/381/381
f 102/353/353 679/382/382 416/379/379
f 429/352/352 388/299/299 679/382/382
f 679/382/382 80/301/301 434/380/380
f 426/289/289 406/276/276 94/278/278
f 426/289/289 400/374/374 680/383/383
f 680/383/383 86/339/339 428/336/336
f 406/276/276 428/336/336 96/338/338
f 1/109/109 681/384/384 290/122/122
f 379/375/375 404/288/288 681/384/384
f 681/384/384 89/292/292 401/377/377
f 290/122/122 401/377/377 21/110/110
f 570/385/385 96/338/338 239/386/386
f 96/338/338 569/387/387 239/386/386
f 408/337/337 240/388/388 569/387/387
f 98/330/330 568/389/389 240/388/388
f 410/329/329 241/390/390 568/389/389
f 100/335/335 567/391/391 241/390/390
f 567/391/391 91/392/392 242/393/393
f 242/393/393 418/394/394 566/395/395
f 546/271/271 102/353/353 201/396/396
f 201/396/396 416/379/379 545/397/397
f 545/397/397 103/381/381 202/398/398
f 128/399/399 544/400/400 204/401/401
f 566/395/395 106/347/347 243/402/402
f 243/402/402 420/346/346 565/403/403
f 565/403/403 41/143/143 232/145/145
f 122/404/404 564/405/405 244/406/406
f 421/334/334 412/407/407 100/335/335
f 88/344/344 682/408/408 421/334/334
f 422/343/343 418/394/394 682/408/408
f 682/408/408 91/392/392 412/407/407
f 5/1/1 683/409/409 381/283/283
f 325/153/153 437/410/410 683/409/409
f 683/409/409 109/411/411 438/412/412
f 683/409/409 78/282/282 381/283/283
f 107/413/413 684/414/414 476/415/415
f 116/416/416 684/414/414 454/417/417
f 477/418/418 463/419/419 684/414/414
f 684/414/414 120/420/420 476/415/415
f 438/412/412 385/293/293 78/282/282
f 109/411/411 685/421/421 438/412/412
f 439/422/422 436/423/423 685/421/421
f 685/421/421 76/295/295 385/293/293
f 386/300/300 440/424/424 80/301/301
f 81/306/306 686/425/425 386/300/300
f 441/426/426 443/427/427 686/425/425
f 686/425/425 110/428/428 440/424/424
f 387/307/307 441/426/426 81/306/306
f 387/307/307 442/429/429 687/430/430
f 687/430/430 112/431/431 444/432/432
f 687/430/430 111/433/433 441/426/426
f 82/312/312 688/434/434 442/429/429
f 393/314/314 436/423/423 688/434/434
f 688/434/434 108/435/435 445/436/436
f 442/429/429 445/436/436 112/431/431
f 475/437/437 439/422/422 109/411/411
f 475/437/437 467/438/438 689/439/439
f 689/439/439 118/440/440 474/441/441
f 689/439/439 108/435/435 439/422/422
f 453/442/442 477/418/418 116/416/416
f 90/327/327 690/443/443 453/442/442
f 433/326/326 465/444/444 690/443/443
f 690/443/443 127/445/445 477/418/418
f 460/446/446 481/447/447 124/448/448
f 126/449/449 691/450/450 460/446/446
f 471/451/451 447/452/452 691/450/450
f 691/450/450 114/453/453 481/447/447
f 458/454/454 478/455/455 122/404/404
f 124/448/448 692/456/456 458/454/454
f 481/447/447 446/457/457 692/456/456
f 692/456/456 113/458/458 478/455/455
f 472/459/459 450/460/460 115/461/461
f 130/462/462 693/463/463 472/459/459
f 470/464/464 377/208/208 693/463/463
f 693/463/463 56/206/206 450/460/460
f 113/458/458 694/465/465 448/466/466
f 114/453/453 694/465/465 446/457/457
f 449/467/467 340/213/213 694/465/465
f 448/466/466 340/213/213 54/244/244
f 447/452/452 449/467/467 114/453/453
f 115/461/461 695/468/468 447/452/452
f 450/460/460 341/217/217 695/468/468
f 695/468/468 55/215/215 449/467/467
f 479/469/469 464/470/470 128/399/399
f 110/428/428 696/471/471 479/469/469
f 480/472/472 455/473/473 696/471/471
f 696/471/471 119/474/474 464/470/470
f 443/427/427 480/472/472 110/428/428
f 111/433/433 697/475/475 443/427/427
f 482/476/476 457/477/477 697/475/475
f 697/475/475 121/478/478 480/472/472
f 444/432/432 482/476/476 111/433/433
f 112/431/431 698/479/479 444/432/432
f 473/480/480 459/481/481 698/479/479
f 698/479/479 123/482/482 482/476/476
f 112/431/431 699/483/483 473/480/480
f 445/436/436 474/441/441 699/483/483
f 699/483/483 118/440/440 461/484/484
f 473/480/480 461/484/484 125/485/485
f 46/156/156 700/486/486 437/410/410
f 378/237/237 469/487/487 700/486/486
f 700/486/486 129/488/488 475/437/437
f 437/410/410 475/437/437 109/411/411
f 107/413/413 701/489/489 435/490/490
f 451/491/491 448/466/466 701/489/489
f 701/489/489 54/244/244 342/243/243
f 435/490/490 342/243/243 43/253/253
f 57/245/245 702/492/492 452/493/493
f 344/247/247 402/378/378 702/492/492
f 402/378/378 453/442/442 702/492/492
f 452/493/493 453/442/442 116/416/416
f 434/380/380 466/494/494 103/381/381
f 80/301/301 703/495/495 434/380/380
f 440/424/424 479/469/469 703/495/495
f 703/495/495 128/399/399 466/494/494
f 456/496/496 476/415/415 120/420/420
f 456/496/496 478/455/455 704/497/497
f 704/497/497 113/458/458 451/491/491
f 476/415/415 451/491/491 107/413/413
f 43/253/253 705/498/498 435/490/490
f 348/255/255 452/493/493 705/498/498
f 705/498/498 116/416/416 454/417/417
f 435/490/490 454/417/417 107/413/413
f 245/499/499 458/454/454 563/500/500
f 456/496/496 257/501/501 564/405/405
f 246/502/502 460/446/446 562/503/503
f 563/500/500 122/404/404 244/406/406
f 117/504/504 561/505/505 247/506/506
f 562/503/503 124/448/448 245/499/499
f 130/462/462 560/507/507 248/508/508
f 561/505/505 126/449/449 246/502/502
f 103/381/381 543/509/509 202/398/398
f 464/470/470 203/510/510 544/400/400
f 216/511/511 484/512/512 542/513/513
f 466/494/494 204/401/401 543/509/509
f 73/274/274 559/514/514 238/275/275
f 468/515/515 247/506/506 560/507/507
f 256/516/516 493/517/517 558/518/518
f 470/464/464 248/508/508 559/514/514
f 462/519/519 471/451/451 126/449/449
f 117/504/504 706/520/520 462/519/519
f 468/515/515 472/459/459 706/520/520
f 706/520/520 115/461/461 471/451/451
f 154/521/521 541/522/522 226/523/523
f 484/512/512 226/523/523 542/513/513
f 192/524/524 540/525/525 225/526/526
f 584/527/527 225/526/526 541/522/522
f 224/528/528 500/529/529 539/530/530
f 540/525/525 190/531/531 224/528/528
f 223/532/532 502/533/533 538/534/534
f 539/530/530 188/535/535 223/532/532
f 222/536/536 504/537/537 537/538/538
f 538/534/534 186/539/539 222/536/536
f 221/540/540 586/541/541 536/542/542
f 504/537/537 203/510/510 537/538/538
f 586/541/541 210/543/543 536/542/542
f 220/544/544 588/545/545 535/546/546
f 535/546/546 152/547/547 221/540/540
f 219/548/548 592/549/549 534/550/550
f 534/550/550 180/551/551 220/544/544
f 178/552/552 533/553/553 218/554/554
f 594/555/555 219/548/548 533/553/553
f 146/556/556 532/557/557 217/558/558
f 596/559/559 218/554/554 532/557/557
f 144/560/560 531/561/561 200/269/269
f 488/562/562 217/558/558 531/561/561
f 215/563/563 598/564/564 530/565/565
f 530/565/565 142/566/566 216/511/511
f 214/567/567 506/568/568 529/569/569
f 529/569/569 176/570/570 215/563/563
f 213/571/571 508/572/572 528/573/573
f 528/573/573 174/574/574 214/567/567
f 170/575/575 527/576/576 212/577/577
f 510/578/578 213/571/571 527/576/576
f 168/579/579 526/580/580 211/581/581
f 512/582/582 212/577/577 526/580/580
f 138/583/583 525/584/584 198/139/139
f 600/585/585 211/581/581 525/584/584
f 166/586/586 524/587/587 210/543/543
f 164/588/588 523/589/589 209/590/590
f 514/591/591 209/590/590 524/587/587
f 134/592/592 522/593/593 208/594/594
f 602/595/595 208/594/594 523/589/589
f 207/596/596 516/597/597 521/598/598
f 608/599/599 207/596/596 522/593/593
f 206/600/600 518/601/601 520/602/602
f 521/598/598 158/603/603 206/600/600
f 205/604/604 610/605/605 519/606/606
f 520/602/602 156/607/607 205/604/604
f 29/92/92 519/606/606 291/87/87
f 519/606/606 132/608/608 195/137/137
f 193/609/609 557/610/610 258/611/611
f 493/517/517 258/611/611 558/518/518
f 255/612/612 589/613/613 556/614/614
f 495/615/615 257/501/501 557/610/610
f 556/614/614 181/616/616 256/516/516
f 254/277/277 485/617/617 555/618/618
f 555/618/618 149/619/619 255/612/612
f 253/620/620 489/621/621 554/622/622
f 554/622/622 135/623/623 251/624/624
f 252/148/148 491/625/625 553/626/626
f 553/626/626 139/627/627 253/620/620
f 135/623/623 552/628/628 251/624/624
f 161/629/629 551/630/630 250/631/631
f 603/632/632 250/631/631 552/628/628
f 35/51/51 551/630/630 299/15/15
f 605/633/633 249/125/125 551/630/630
f 31/96/96 520/602/602 293/91/91
f 291/87/87 195/137/137 27/88/88
f 33/99/99 521/598/598 295/95/95
f 293/91/91 205/604/604 29/92/92
f 208/594/594 297/98/98 26/44/44
f 295/95/95 206/600/600 31/96/96
f 209/590/590 303/42/42 39/104/104
f 522/593/593 33/99/99 297/98/98
f 210/543/543 305/103/103 42/372/372
f 523/589/589 26/44/44 303/42/42
f 198/139/139 349/222/222 61/220/220
f 524/587/587 39/104/104 305/103/103
f 525/584/584 63/224/224 349/222/222
f 211/581/581 351/226/226 63/224/224
f 526/580/580 65/229/229 351/226/226
f 212/577/577 353/231/231 65/229/229
f 527/576/576 67/634/634 353/231/231
f 67/634/634 528/573/573 355/234/234
f 355/234/234 214/567/567 60/182/182
f 214/567/567 361/183/183 60/182/182
f 529/569/569 71/184/184 361/183/183
f 215/563/563 363/238/238 71/184/184
f 363/238/238 216/511/511 74/239/239
f 200/269/269 405/356/356 93/354/354
f 531/561/561 95/358/358 405/356/356
f 217/558/558 407/360/360 95/358/358
f 532/557/557 97/363/363 407/360/360
f 218/554/554 409/365/365 97/363/363
f 533/553/553 99/635/635 409/365/365
f 99/635/635 534/550/550 411/368/368
f 411/368/368 220/544/544 92/319/319
f 220/544/544 417/320/320 92/319/319
f 535/546/546 105/321/321 417/320/320
f 221/540/540 419/371/371 105/321/321
f 536/542/542 42/372/372 419/371/371
f 121/478/478 537/538/538 455/473/473
f 123/482/482 538/534/534 457/477/477
f 537/538/538 119/474/474 455/473/473
f 125/485/485 539/530/530 459/481/481
f 457/477/477 222/536/536 121/478/478
f 118/440/440 540/525/525 461/484/484
f 459/481/481 223/532/532 123/482/482
f 129/488/488 541/522/522 467/438/438
f 540/525/525 125/485/485 461/484/484
f 74/239/239 542/513/513 469/487/487
f 467/438/438 225/526/526 118/440/440
f 202/398/398 494/636/517 182/637/636
f 469/487/487 226/523/523 129/488/488
f 204/401/401 496/638/615 194/639/609
f 543/509/509 194/639/609 494/636/517
f 150/640/619 545/397/397 590/641/613
f 544/400/400 184/642/637 496/638/615
f 590/641/613 202/398/398 182/637/636
f 144/560/560 546/271/271 486/643/638
f 486/643/638 201/396/396 150/640/619
f 140/644/639 547/268/268 490/645/621
f 490/645/621 197/136/136 136/646/640
f 138/583/583 548/141/141 492/647/625
f 492/647/625 199/267/267 140/644/639
f 197/136/136 604/648/641 136/646/640
f 196/142/142 606/649/642 162/650/643
f 549/135/135 162/650/643 604/648/641
f 30/62/62 582/126/126 227/129/129
f 550/138/138 132/608/608 606/649/642
f 38/651/644 552/628/628 301/50/50
f 299/15/15 249/125/125 28/16/16
f 252/148/148 357/161/161 62/149/149
f 301/50/50 250/631/631 35/51/51
f 553/626/626 69/186/186 357/161/161
f 253/620/620 359/188/188 69/186/186
f 554/622/622 38/651/644 359/188/188
f 254/277/277 413/290/290 94/278/278
f 555/618/618 101/323/323 413/290/290
f 255/612/612 415/325/325 101/323/323
f 556/614/614 104/652/645 415/325/325
f 127/445/445 557/610/610 463/419/419
f 104/652/645 558/518/518 465/444/444
f 463/419/419 257/501/501 120/420/420
f 238/275/275 483/653/646 141/654/647
f 465/444/444 258/611/611 127/445/445
f 248/508/508 583/655/527 153/656/521
f 559/514/514 153/656/521 483/653/646
f 247/506/506 497/657/648 191/658/649
f 560/507/507 191/658/649 583/655/527
f 189/659/650 562/503/503 499/660/651
f 497/657/648 246/502/502 189/659/650
f 187/661/535 563/500/500 501/662/652
f 499/660/651 245/499/499 187/661/535
f 244/406/406 503/663/537 185/664/653
f 501/662/652 244/406/406 185/664/653
f 151/665/654 565/403/403 585/666/541
f 564/405/405 183/667/655 503/663/537
f 585/666/541 232/145/145 165/668/656
f 179/669/657 566/395/395 587/670/658
f 587/670/658 243/402/402 151/665/654
f 241/390/390 591/671/659 147/672/660
f 591/671/659 242/393/393 179/669/657
f 240/388/388 593/673/661 177/674/552
f 568/389/389 147/672/660 593/673/661
f 239/386/386 595/675/662 145/676/556
f 569/387/387 177/674/552 595/675/662
f 570/385/385 143/677/560 254/277/277
f 487/678/663 239/386/386 145/676/556
f 175/679/664 571/273/273 597/680/665
f 597/680/665 238/275/275 141/654/647
f 173/681/574 572/266/266 505/682/568
f 505/682/568 237/272/272 175/679/664
f 235/261/261 507/683/572 171/684/666
f 507/683/572 236/264/264 173/681/574
f 234/259/259 509/685/667 169/686/668
f 574/260/260 171/684/666 509/685/667
f 167/687/579 575/258/258 511/688/669
f 575/258/258 169/686/668 511/688/669
f 576/256/256 137/689/670 252/148/148
f 599/690/585 233/257/257 167/687/579
f 232/145/145 513/691/591 165/668/656
f 231/134/134 601/692/595 163/693/671
f 577/144/144 163/693/671 513/691/591
f 230/132/132 607/694/599 133/695/592
f 578/133/133 133/695/592 601/692/595
f 159/696/672 580/128/128 515/697/597
f 607/694/599 229/127/127 159/696/672
f 157/698/603 581/124/124 517/699/601
f 515/697/597 228/123/123 157/698/603
f 227/129/129 609/700/605 155/701/673
f 581/124/124 155/701/673 517/699/601
f 582/126/126 131/702/608 609/700/605
f 36/84/84 550/138/138 196/142/142
f 5/1/1 261/4/4 611/2/2
f 261/4/4 6/100/100 263/5/5
f 611/2/2 263/5/5 8/6/6
f 611/2/2 264/7/7 7/8/8
f 2/9/9 289/13/13 612/10/10
f 23/12/12 313/14/14 612/10/10
f 313/14/14 35/51/51 299/15/15
f 612/10/10 299/15/15 28/16/16
f 264/7/7 613/18/18 266/17/17
f 8/6/6 265/19/19 613/18/18
f 265/19/19 4/39/39 260/20/20
f 613/18/18 260/20/20 3/21/21
f 267/22/22 614/26/26 269/23/23
f 10/25/25 270/27/27 614/26/26
f 270/27/27 13/35/35 272/28/28
f 614/26/26 272/28/28 12/29/29
f 268/30/30 615/32/32 270/27/27
f 268/30/30 11/36/36 271/31/31
f 615/32/32 271/31/31 14/33/33
f 615/32/32 273/34/34 13/35/35
f 11/36/36 274/38/38 616/37/37
f 274/38/38 3/21/21 260/20/20
f 616/37/37 260/20/20 4/39/39
f 271/31/31 616/37/37 275/40/40
f 311/41/41 617/43/43 265/19/19
f 311/41/41 39/104/104 303/42/42
f 617/43/43 303/42/42 26/44/44
f 617/43/43 310/45/45 4/39/39
f 288/46/46 618/48/48 313/14/14
f 24/47/47 319/49/49 618/48/48
f 319/49/49 38/651/644 301/50/50
f 618/48/48 301/50/50 35/51/51
f 296/52/52 619/56/56 317/53/53
f 34/55/55 307/57/57 619/56/56
f 307/57/57 17/68/68 277/58/58
f 619/56/56 277/58/58 16/59/59
f 294/60/60 620/63/63 314/61/61
f 32/54/54 317/53/53 620/63/63
f 317/53/53 16/59/59 276/64/64
f 620/63/63 276/64/64 15/65/65
f 308/66/66 621/70/70 280/67/67
f 40/69/69 306/71/71 621/70/70
f 306/71/71 41/143/143 321/72/72
f 621/70/70 321/72/72 20/73/73
f 15/65/65 276/64/64 622/74/74
f 16/59/59 279/76/76 622/74/74
f 279/76/76 19/81/81 281/77/77
f 278/75/75 622/74/74 281/77/77
f 277/58/58 623/79/79 279/76/76
f 17/68/68 280/67/67 623/79/79
f 280/67/67 20/73/73 282/80/80
f 623/79/79 282/80/80 19/81/81
f 315/82/82 624/85/85 300/83/83
f 12/29/29 316/86/86 624/85/85
f 316/86/86 29/92/92 291/87/87
f 624/85/85 291/87/87 27/88/88
f 272/28/28 625/89/89 316/86/86
f 13/35/35 318/90/90 625/89/89
f 318/90/90 31/96/96 293/91/91
f 625/89/89 293/91/91 29/92/92
f 273/34/34 626/93/93 318/90/90
f 14/33/33 309/94/94 626/93/93
f 309/94/94 33/99/99 295/95/95
f 626/93/93 295/95/95 31/96/96
f 14/33/33 275/40/40 627/97/97
f 275/40/40 4/39/39 310/45/45
f 627/97/97 310/45/45 26/44/44
f 309/94/94 627/97/97 297/98/98
f 6/100/100 322/102/102 628/101/101
f 322/102/102 42/372/372 305/103/103
f 628/101/101 305/103/103 39/104/104
f 263/5/5 628/101/101 311/41/41
f 2/9/9 284/107/107 629/105/105
f 284/107/107 15/65/65 278/75/75
f 629/105/105 278/75/75 18/78/78
f 259/106/106 629/105/105 283/108/108
f 21/110/110 285/113/113 630/111/111
f 285/113/113 22/249/249 287/114/114
f 287/114/114 24/47/47 288/46/46
f 286/112/112 630/111/111 288/46/46
f 320/115/115 631/118/118 302/116/116
f 9/24/24 269/23/23 631/118/118
f 269/23/23 12/29/29 315/82/82
f 631/118/118 315/82/82 36/84/84
f 292/119/119 632/120/120 312/11/11
f 292/119/119 30/62/62 314/61/61
f 632/120/120 314/61/61 15/65/65
f 312/11/11 632/120/120 284/107/107
f 1/109/109 290/122/122 633/121/121
f 290/122/122 21/110/110 286/112/112
f 633/121/121 286/112/112 23/12/12
f 259/106/106 633/121/121 289/13/13
f 228/123/123 32/54/54 294/60/60
f 292/119/119 28/16/16 249/125/125
f 229/127/127 34/55/55 296/52/52
f 294/60/60 30/62/62 227/129/129
f 25/130/130 298/150/150 579/131/131
f 580/128/128 296/52/52 32/54/54
f 40/69/69 304/146/146 578/133/133
f 579/131/131 298/150/150 34/55/55
f 37/117/117 302/116/116 549/135/135
f 300/83/83 27/88/88 195/137/137
f 198/139/139 61/220/220 358/140/140
f 302/116/116 36/84/84 196/142/142
f 41/143/143 306/71/71 577/144/144
f 304/146/146 25/130/130 230/132/132
f 350/147/147 576/256/256 252/148/148
f 306/71/71 40/69/69 231/134/134
f 298/150/150 634/151/151 307/57/57
f 25/130/130 304/146/146 634/151/151
f 304/146/146 40/69/69 308/66/66
f 634/151/151 308/66/66 17/68/68
f 5/1/1 262/3/3 635/152/152
f 7/8/8 327/164/164 635/152/152
f 635/152/152 327/164/164 47/154/154
f 325/153/153 635/152/152 326/155/155
f 44/157/157 370/160/160 636/158/158
f 62/149/149 357/161/161 636/158/158
f 357/161/161 69/186/186 371/162/162
f 636/158/158 371/162/162 58/163/163
f 266/17/17 637/165/165 327/164/164
f 3/21/21 324/166/166 637/165/165
f 324/166/166 45/179/179 328/167/167
f 637/165/165 328/167/167 47/154/154
f 329/168/168 638/170/170 267/22/22
f 48/169/169 332/171/171 638/170/170
f 332/171/171 49/173/173 330/172/172
f 638/170/170 330/172/172 10/25/25
f 330/172/172 639/174/174 268/30/30
f 49/173/173 333/228/228 639/174/174
f 639/174/174 333/228/228 50/175/175
f 268/30/30 639/174/174 331/176/176
f 11/36/36 331/176/176 640/177/177
f 331/176/176 50/175/175 334/178/178
f 640/177/177 334/178/178 45/179/179
f 274/38/38 640/177/177 324/166/166
f 328/167/167 641/181/181 369/180/180
f 45/179/179 368/235/235 641/181/181
f 641/181/181 368/235/235 60/182/182
f 369/180/180 641/181/181 361/183/183
f 371/162/162 642/187/187 346/185/185
f 69/186/186 359/188/188 642/187/187
f 359/188/188 38/651/644 319/49/49
f 642/187/187 319/49/49 24/47/47
f 375/189/189 643/193/193 354/190/190
f 52/192/192 336/194/194 643/193/193
f 336/194/194 53/205/205 365/195/195
f 643/193/193 365/195/195 68/196/196
f 372/197/197 644/201/201 352/198/198
f 51/200/200 335/202/202 644/201/201
f 335/202/202 52/192/192 375/189/189
f 644/201/201 375/189/189 66/191/191
f 339/203/203 645/207/207 366/204/204
f 56/206/206 377/208/208 645/207/207
f 377/208/208 73/274/274 364/209/209
f 645/207/207 364/209/209 72/210/210
f 51/200/200 337/212/212 646/211/211
f 337/212/212 54/244/244 340/213/213
f 340/213/213 55/215/215 338/214/214
f 646/211/211 338/214/214 52/192/192
f 338/214/214 647/216/216 336/194/194
f 55/215/215 341/217/217 647/216/216
f 341/217/217 56/206/206 339/203/203
f 647/216/216 339/203/203 53/205/205
f 358/140/140 648/221/221 373/218/218
f 61/220/220 349/222/222 648/221/221
f 349/222/222 63/224/224 374/223/223
f 648/221/221 374/223/223 48/169/169
f 374/223/223 649/225/225 332/171/171
f 63/224/224 351/226/226 649/225/225
f 351/226/226 65/229/229 376/227/227
f 649/225/225 376/227/227 49/173/173
f 376/227/227 650/230/230 333/228/228
f 65/229/229 353/231/231 650/230/230
f 353/231/231 67/634/634 367/232/232
f 650/230/230 367/232/232 50/175/175
f 50/175/175 367/232/232 651/233/233
f 367/232/232 67/634/634 355/234/234
f 651/233/233 355/234/234 60/182/182
f 334/178/178 651/233/233 368/235/235
f 46/156/156 326/155/155 652/236/236
f 326/155/155 47/154/154 369/180/180
f 652/236/236 369/180/180 71/184/184
f 378/237/237 652/236/236 363/238/238
f 44/157/157 323/242/242 653/240/240
f 323/242/242 43/253/253 342/243/243
f 653/240/240 342/243/243 54/244/244
f 343/241/241 653/240/240 337/212/212
f 57/245/245 345/248/248 654/246/246
f 345/248/248 58/163/163 346/185/185
f 346/185/185 24/47/47 287/114/114
f 344/247/247 654/246/246 287/114/114
f 360/250/250 655/251/251 320/115/115
f 70/219/219 373/218/218 655/251/251
f 373/218/218 48/169/169 329/168/168
f 655/251/251 329/168/168 9/24/24
f 370/160/160 656/252/252 350/147/147
f 370/160/160 44/157/157 343/241/241
f 656/252/252 343/241/241 51/200/200
f 350/147/147 656/252/252 372/197/197
f 43/253/253 323/242/242 657/254/254
f 323/242/242 44/157/157 347/159/159
f 657/254/254 347/159/159 58/163/163
f 348/255/255 657/254/254 345/248/248
f 576/256/256 350/147/147 64/199/199
f 64/199/199 352/198/198 575/258/258
f 352/198/198 66/191/191 234/259/259
f 66/191/191 354/190/190 574/260/260
f 354/190/190 68/196/196 235/261/261
f 68/196/196 356/279/279 573/262/262
f 573/262/262 356/279/279 59/263/263
f 236/264/264 59/263/263 362/265/265
f 548/141/141 358/140/140 70/219/219
f 199/267/267 70/219/219 360/250/250
f 547/268/268 360/250/250 37/117/117
f 200/269/269 93/354/354 414/270/270
f 572/266/266 362/265/265 72/210/210
f 237/272/272 72/210/210 364/209/209
f 571/273/273 364/209/209 73/274/274
f 406/276/276 570/385/385 254/277/277
f 365/195/195 658/280/280 356/279/279
f 53/205/205 366/204/204 658/280/280
f 366/204/204 72/210/210 362/265/265
f 658/280/280 362/265/265 59/263/263
f 5/1/1 381/283/283 659/281/281
f 78/282/282 383/294/294 659/281/281
f 659/281/281 383/294/294 79/284/284
f 261/4/4 659/281/281 382/285/285
f 75/286/286 426/289/289 660/287/287
f 94/278/278 413/290/290 660/287/287
f 413/290/290 101/323/323 427/291/291
f 660/287/287 427/291/291 89/292/292
f 385/293/293 661/296/296 383/294/294
f 76/295/295 380/297/297 661/296/296
f 380/297/297 77/316/316 384/298/298
f 661/296/296 384/298/298 79/284/284
f 388/299/299 662/303/303 386/300/300
f 83/302/302 391/304/304 662/303/303
f 391/304/304 84/308/308 389/305/305
f 662/303/303 389/305/305 81/306/306
f 389/305/305 663/309/309 387/307/307
f 84/308/308 392/362/362 663/309/309
f 663/309/309 392/362/362 85/310/310
f 387/307/307 663/309/309 390/311/311
f 82/312/312 390/311/311 664/313/313
f 390/311/311 85/310/310 394/315/315
f 664/313/313 394/315/315 77/316/316
f 393/314/314 664/313/313 380/297/297
f 384/298/298 665/318/318 425/317/317
f 77/316/316 424/369/369 665/318/318
f 665/318/318 424/369/369 92/319/319
f 425/317/317 665/318/318 417/320/320
f 427/291/291 666/324/324 403/322/322
f 101/323/323 415/325/325 666/324/324
f 415/325/325 104/652/645 433/326/326
f 666/324/324 433/326/326 90/327/327
f 431/328/328 667/332/332 410/329/329
f 87/331/331 396/333/333 667/332/332
f 396/333/333 88/344/344 421/334/334
f 667/332/332 421/334/334 100/335/335
f 428/336/336 668/340/340 408/337/337
f 86/339/339 395/341/341 668/340/340
f 395/341/341 87/331/331 431/328/328
f 668/340/340 431/328/328 98/330/330
f 399/342/342 669/345/345 422/343/343
f 20/73/73 321/72/72 669/345/345
f 321/72/72 41/143/143 420/346/346
f 669/345/345 420/346/346 106/347/347
f 86/339/339 397/349/349 670/348/348
f 397/349/349 18/78/78 281/77/77
f 281/77/77 19/81/81 398/350/350
f 670/348/348 398/350/350 87/331/331
f 398/350/350 671/351/351 396/333/333
f 19/81/81 282/80/80 671/351/351
f 282/80/80 20/73/73 399/342/342
f 671/351/351 399/342/342 88/344/344
f 414/270/270 672/355/355 429/352/352
f 93/354/354 405/356/356 672/355/355
f 405/356/356 95/358/358 430/357/357
f 672/355/355 430/357/357 83/302/302
f 430/357/357 673/359/359 391/304/304
f 95/358/358 407/360/360 673/359/359
f 407/360/360 97/363/363 432/361/361
f 673/359/359 432/361/361 84/308/308
f 432/361/361 674/364/364 392/362/362
f 97/363/363 409/365/365 674/364/364
f 409/365/365 99/635/635 423/366/366
f 674/364/364 423/366/366 85/310/310
f 85/310/310 423/366/366 675/367/367
f 423/366/366 99/635/635 411/368/368
f 675/367/367 411/368/368 92/319/319
f 394/315/315 675/367/367 424/369/369
f 6/100/100 382/285/285 676/370/370
f 382/285/285 79/284/284 425/317/317
f 676/370/370 425/317/317 105/321/321
f 322/102/102 676/370/370 419/371/371
f 75/286/286 379/375/375 677/373/373
f 379/375/375 1/109/109 283/108/108
f 677/373/373 283/108/108 18/78/78
f 400/374/374 677/373/373 397/349/349
f 21/110/110 401/377/377 678/376/376
f 401/377/377 89/292/292 403/322/322
f 403/322/322 90/327/327 402/378/378
f 285/113/113 678/376/376 402/378/378
f 416/379/379 679/382/382 434/380/380
f 102/353/353 429/352/352 679/382/382
f 429/352/352 83/302/302 388/299/299
f 679/382/382 388/299/299 80/301/301
f 426/289/289 680/383/383 406/276/276
f 426/289/289 75/286/286 400/374/374
f 680/383/383 400/374/374 86/339/339
f 406/276/276 680/383/383 428/336/336
f 1/109/109 379/375/375 681/384/384
f 379/375/375 75/286/286 404/288/288
f 681/384/384 404/288/288 89/292/292
f 290/122/122 681/384/384 401/377/377
f 570/385/385 406/276/276 96/338/338
f 96/338/338 408/337/337 569/387/387
f 408/337/337 98/330/330 240/388/388
f 98/330/330 410/329/329 568/389/389
f 410/329/329 100/335/335 241/390/390
f 100/335/335 412/407/407 567/391/391
f 567/391/391 412/407/407 91/392/392
f 242/393/393 91/392/392 418/394/394
f 546/271/271 414/270/270 102/353/353
f 201/396/396 102/353/353 416/379/379
f 545/397/397 416/379/379 103/381/381
f 128/399/399 464/470/470 544/400/400
f 566/395/395 418/394/394 106/347/347
f 243/402/402 106/347/347 420/346/346
f 565/403/403 420/346/346 41/143/143
f 122/404/404 456/496/496 564/405/405
f 421/334/334 682/408/408 412/407/407
f 88/344/344 422/343/343 682/408/408
f 422/343/343 106/347/347 418/394/394
f 682/408/408 418/394/394 91/392/392
f 5/1/1 325/153/153 683/409/409
f 325/153/153 46/156/156 437/410/410
f 683/409/409 437/410/410 109/411/411
f 683/409/409 438/412/412 78/282/282
f 107/413/413 454/417/417 684/414/414
f 116/416/416 477/418/418 684/414/414
f 477/418/418 127/445/445 463/419/419
f 684/414/414 463/419/419 120/420/420
f 438/412/412 685/421/421 385/293/293
f 109/411/411 439/422/422 685/421/421
f 439/422/422 108/435/435 436/423/423
f 685/421/421 436/423/423 76/295/295
f 386/300/300 686/425/425 440/424/424
f 81/306/306 441/426/426 686/425/425
f 441/426/426 111/433/433 443/427/427
f 686/425/425 443/427/427 110/428/428
f 387/307/307 687/430/430 441/426/426
f 387/307/307 82/312/312 442/429/429
f 687/430/430 442/429/429 112/431/431
f 687/430/430 444/432/432 111/433/433
f 82/312/312 393/314/314 688/434/434
f 393/314/314 76/295/295 436/423/423
f 688/434/434 436/423/423 108/435/435
f 442/429/429 688/434/434 445/436/436
f 475/437/437 689/439/439 439/422/422
f 475/437/437 129/488/488 467/438/438
f 689/439/439 467/438/438 118/440/440
f 689/439/439 474/441/441 108/435/435
f 453/442/442 690/443/443 477/418/418
f 90/327/327 433/326/326 690/443/443
f 433/326/326 104/652/645 465/444/444
f 690/443/443 465/444/444 127/445/445
f 460/446/446 691/450/450 481/447/447
f 126/449/449 471/451/451 691/450/450
f 471/451/451 115/461/461 447/452/452
f 691/450/450 447/452/452 114/453/453
f 458/454/454 692/456/456 478/455/455
f 124/448/448 481/447/447 692/456/456
f 481/447/447 114/453/453 446/457/457
f 692/456/456 446/457/457 113/458/458
f 472/459/459 693/463/463 450/460/460
f 130/462/462 470/464/464 693/463/463
f 470/464/464 73/274/274 377/208/208
f 693/463/463 377/208/208 56/206/206
f 113/458/458 446/457/457 694/465/465
f 114/453/453 449/467/467 694/465/465
f 449/467/467 55/215/215 340/213/213
f 448/466/466 694/465/465 340/213/213
f 447/452/452 695/468/468 449/467/467
f 115/461/461 450/460/460 695/468/468
f 450/460/460 56/206/206 341/217/217
f 695/468/468 341/217/217 55/215/215
f 479/469/469 696/471/471 464/470/470
f 110/428/428 480/472/472 696/471/471
f 480/472/472 121/478/478 455/473/473
f 696/471/471 455/473/473 119/474/474
f 443/427/427 697/475/475 480/472/472
f 111/433/433 482/476/476 697/475/475
f 482/476/476 123/482/482 457/477/477
f 697/475/475 457/477/477 121/478/478
f 444/432/432 698/479/479 482/476/476
f 112/431/431 473/480/480 698/479/479
f 473/480/480 125/485/485 459/481/481
f 698/479/479 459/481/481 123/482/482
f 112/431/431 445/436/436 699/483/483
f 445/436/436 108/435/435 474/441/441
f 699/483/483 474/441/441 118/440/440
f 473/480/480 699/483/483 461/484/484
f 46/156/156 378/237/237 700/486/486
f 378/237/237 74/239/239 469/487/487
f 700/486/486 469/487/487 129/488/488
f 437/410/410 700/486/486 475/437/437
f 107/413/413 451/491/491 701/489/489
f 451/491/491 113/458/458 448/466/466
f 701/489/489 448/466/466 54/244/244
f 435/490/490 701/489/489 342/243/243
f 57/245/245 344/247/247 702/492/492
f 344/247/247 22/249/249 402/378/378
f 402/378/378 90/327/327 453/442/442
f 452/493/493 702/492/492 453/442/442
f 434/380/380 703/495/495 466/494/494
f 80/301/301 440/424/424 703/495/495
f 440/424/424 110/428/428 479/469/469
f 703/495/495 479/469/469 128/399/399
f 456/496/496 704/497/497 476/415/415
f 456/496/496 122/404/404 478/455/455
f 704/497/497 478/455/455 113/458/458
f 476/415/415 704/497/497 451/491/491
f 43/253/253 348/255/255 705/498/498
f 348/255/255 57/245/245 452/493/493
f 705/498/498 452/493/493 116/416/416
f 435/490/490 705/498/498 454/417/417
f 245/499/499 124/448/448 458/454/454
f 456/496/496 120/420/420 257/501/501
f 246/502/502 126/449/449 460/446/446
f 563/500/500 458/454/454 122/404/404
f 117/504/504 462/519/519 561/505/505
f 562/503/503 460/446/446 124/448/448
f 130/462/462 468/515/515 560/507/507
f 561/505/505 462/519/519 126/449/449
f 103/381/381 466/494/494 543/509/509
f 464/470/470 119/474/474 203/510/510
f 216/511/511 142/566/566 484/512/512
f 466/494/494 128/399/399 204/401/401
f 73/274/274 470/464/464 559/514/514
f 468/515/515 117/504/504 247/506/506
f 256/516/516 181/616/616 493/517/517
f 470/464/464 130/462/462 248/508/508
f 462/519/519 706/520/520 471/451/451
f 117/504/504 468/515/515 706/520/520
f 468/515/515 130/462/462 472/459/459
f 706/520/520 472/459/459 115/461/461
f 154/521/521 584/527/527 541/522/522
f 484/512/512 154/521/521 226/523/523
f 192/524/524 498/703/674 540/525/525
f 584/527/527 192/524/524 225/526/526
f 224/528/528 190/531/531 500/529/529
f 540/525/525 498/703/674 190/531/531
f 223/532/532 188/535/535 502/533/533
f 539/530/530 500/529/529 188/535/535
f 222/536/536 186/539/539 504/537/537
f 538/534/534 502/533/533 186/539/539
f 221/540/540 152/547/547 586/541/541
f 504/537/537 184/642/637 203/510/510
f 586/541/541 166/586/586 210/543/543
f 220/544/544 180/551/551 588/545/545
f 535/546/546 588/545/545 152/547/547
f 219/548/548 148/704/660 592/549/549
f 534/550/550 592/549/549 180/551/551
f 178/552/552 594/555/555 533/553/553
f 594/555/555 148/704/660 219/548/548
f 146/556/556 596/559/559 532/557/557
f 596/559/559 178/552/552 218/554/554
f 144/560/560 488/562/562 531/561/561
f 488/562/562 146/556/556 217/558/558
f 215/563/563 176/570/570 598/564/564
f 530/565/565 598/564/564 142/566/566
f 214/567/567 174/574/574 506/568/568
f 529/569/569 506/568/568 176/570/570
f 213/571/571 172/705/666 508/572/572
f 528/573/573 508/572/572 174/574/574
f 170/575/575 510/578/578 527/576/576
f 510/578/578 172/705/666 213/571/571
f 168/579/579 512/582/582 526/580/580
f 512/582/582 170/575/575 212/577/577
f 138/583/583 600/585/585 525/584/584
f 600/585/585 168/579/579 211/581/581
f 166/586/586 514/591/591 524/587/587
f 164/588/588 602/595/595 523/589/589
f 514/591/591 164/588/588 209/590/590
f 134/592/592 608/599/599 522/593/593
f 602/595/595 134/592/592 208/594/594
f 207/596/596 160/706/672 516/597/597
f 608/599/599 160/706/672 207/596/596
f 206/600/600 158/603/603 518/601/601
f 521/598/598 516/597/597 158/603/603
f 205/604/604 156/607/607 610/605/605
f 520/602/602 518/601/601 156/607/607
f 29/92/92 205/604/604 519/606/606
f 519/606/606 610/605/605 132/608/608
f 193/609/609 495/615/615 557/610/610
f 493/517/517 193/609/609 258/611/611
f 255/612/612 149/619/619 589/613/613
f 495/615/615 183/667/655 257/501/501
f 556/614/614 589/613/613 181/616/616
f 254/277/277 143/677/560 485/617/617
f 555/618/618 485/617/617 149/619/619
f 253/620/620 139/627/627 489/621/621
f 554/622/622 489/621/621 135/623/623
f 252/148/148 137/689/670 491/625/625
f 553/626/626 491/625/625 139/627/627
f 135/623/623 603/632/632 552/628/628
f 161/629/629 605/633/633 551/630/630
f 603/632/632 161/629/629 250/631/631
f 35/51/51 250/631/631 551/630/630
f 605/633/633 131/702/608 249/125/125
f 31/96/96 206/600/600 520/602/602
f 291/87/87 519/606/606 195/137/137
f 33/99/99 207/596/596 521/598/598
f 293/91/91 520/602/602 205/604/604
f 208/594/594 522/593/593 297/98/98
f 295/95/95 521/598/598 206/600/600
f 209/590/590 523/589/589 303/42/42
f 522/593/593 207/596/596 33/99/99
f 210/543/543 524/587/587 305/103/103
f 523/589/589 208/594/594 26/44/44
f 198/139/139 525/584/584 349/222/222
f 524/587/587 209/590/590 39/104/104
f 525/584/584 211/581/581 63/224/224
f 211/581/581 526/580/580 351/226/226
f 526/580/580 212/577/577 65/229/229
f 212/577/577 527/576/576 353/231/231
f 527/576/576 213/571/571 67/634/634
f 67/634/634 213/571/571 528/573/573
f 355/234/234 528/573/573 214/567/567
f 214/567/567 529/569/569 361/183/183
f 529/569/569 215/563/563 71/184/184
f 215/563/563 530/565/565 363/238/238
f 363/238/238 530/565/565 216/511/511
f 200/269/269 531/561/561 405/356/356
f 531/561/561 217/558/558 95/358/358
f 217/558/558 532/557/557 407/360/360
f 532/557/557 218/554/554 97/363/363
f 218/554/554 533/553/553 409/365/365
f 533/553/553 219/548/548 99/635/635
f 99/635/635 219/548/548 534/550/550
f 411/368/368 534/550/550 220/544/544
f 220/544/544 535/546/546 417/320/320
f 535/546/546 221/540/540 105/321/321
f 221/540/540 536/542/542 419/371/371
f 536/542/542 210/543/543 42/372/372
f 121/478/478 222/536/536 537/538/538
f 123/482/482 223/532/532 538/534/534
f 537/538/538 203/510/510 119/474/474
f 125/485/485 224/528/528 539/530/530
f 457/477/477 538/534/534 222/536/536
f 118/440/440 225/526/526 540/525/525
f 459/481/481 539/530/530 223/532/532
f 129/488/488 226/523/523 541/522/522
f 540/525/525 224/528/528 125/485/485
f 74/239/239 216/511/511 542/513/513
f 467/438/438 541/522/522 225/526/526
f 202/398/398 543/509/509 494/636/517
f 469/487/487 542/513/513 226/523/523
f 204/401/401 544/400/400 496/638/615
f 543/509/509 204/401/401 194/639/609
f 150/640/619 201/396/396 545/397/397
f 544/400/400 203/510/510 184/642/637
f 590/641/613 545/397/397 202/398/398
f 144/560/560 200/269/269 546/271/271
f 486/643/638 546/271/271 201/396/396
f 140/644/639 199/267/267 547/268/268
f 490/645/621 547/268/268 197/136/136
f 138/583/583 198/139/139 548/141/141
f 492/647/625 548/141/141 199/267/267
f 197/136/136 549/135/135 604/648/641
f 196/142/142 550/138/138 606/649/642
f 549/135/135 196/142/142 162/650/643
f 30/62/62 292/119/119 582/126/126
f 550/138/138 195/137/137 132/608/608
f 38/651/644 251/624/624 552/628/628
f 299/15/15 551/630/630 249/125/125
f 252/148/148 553/626/626 357/161/161
f 301/50/50 552/628/628 250/631/631
f 553/626/626 253/620/620 69/186/186
f 253/620/620 554/622/622 359/188/188
f 554/622/622 251/624/624 38/651/644
f 254/277/277 555/618/618 413/290/290
f 555/618/618 255/612/612 101/323/323
f 255/612/612 556/614/614 415/325/325
f 556/614/614 256/516/516 104/652/645
f 127/445/445 258/611/611 557/610/610
f 104/652/645 256/516/516 558/518/518
f 463/419/419 557/610/610 257/501/501
f 238/275/275 559/514/514 483/653/646
f 465/444/444 558/518/518 258/611/611
f 248/508/508 560/507/507 583/655/527
f 559/514/514 248/508/508 153/656/521
f 247/506/506 561/505/505 497/657/648
f 560/507/507 247/506/506 191/658/649
f 189/659/650 246/502/502 562/503/503
f 497/657/648 561/505/505 246/502/502
f 187/661/535 245/499/499 563/500/500
f 499/660/651 562/503/503 245/499/499
f 244/406/406 564/405/405 503/663/537
f 501/662/652 563/500/500 244/406/406
f 151/665/654 243/402/402 565/403/403
f 564/405/405 257/501/501 183/667/655
f 585/666/541 565/403/403 232/145/145
f 179/669/657 242/393/393 566/395/395
f 587/670/658 566/395/395 243/402/402
f 241/390/390 567/391/391 591/671/659
f 591/671/659 567/391/391 242/393/393
f 240/388/388 568/389/389 593/673/661
f 568/389/389 241/390/390 147/672/660
f 239/386/386 569/387/387 595/675/662
f 569/387/387 240/388/388 177/674/552
f 570/385/385 487/678/663 143/677/560
f 487/678/663 570/385/385 239/386/386
f 175/679/664 237/272/272 571/273/273
f 597/680/665 571/273/273 238/275/275
f 173/681/574 236/264/264 572/266/266
f 505/682/568 572/266/266 237/272/272
f 235/261/261 573/262/262 507/683/572
f 507/683/572 573/262/262 236/264/264
f 234/259/259 574/260/260 509/685/667
f 574/260/260 235/261/261 171/684/666
f 167/687/579 233/257/257 575/258/258
f 575/258/258 234/259/259 169/686/668
f 576/256/256 599/690/585 137/689/670
f 599/690/585 576/256/256 233/257/257
f 232/145/145 577/144/144 513/691/591
f 231/134/134 578/133/133 601/692/595
f 577/144/144 231/134/134 163/693/671
f 230/132/132 579/131/131 607/694/599
f 578/133/133 230/132/132 133/695/592
f 159/696/672 229/127/127 580/128/128
f 607/694/599 579/131/131 229/127/127
f 157/698/603 228/123/123 581/124/124
f 515/697/597 580/128/128 228/123/123
f 227/129/129 582/126/126 609/700/605
f 581/124/124 227/129/129 155/701/673
f 582/126/126 249/125/125 131/702/608
f 36/84/84 300/83/83 550/138/138
