# File generated by ImageToStl.com - Free Image and 3D model conversion tools

mtllib nerf_gun.mtl

o obj1
v 5.25761912 0.07344463 -13.89535093
v 6.94410902 1.41823072 -14.49526003
v 5.05618655 1.92254364 -13.89661312
v 9.50036839 -4.36395708 -11.71546119
v 6.3857538 0.54739632 -9.37037163
v 7.04719117 -0.21063613 -11.06448562
v 6.3857538 0.54739632 -9.37037163
v 6.50441089 2.08332941 -9.46487031
v 8.39233335 1.57901649 -10.06351722
v 10.54746866 2.53220059 2.90737877
v 8.55734935 1.5090428 3.59483964
v 9.11874608 0.32273805 3.45442365
v 13.27373073 -3.94502821 -0.16851295
v 9.50036839 -4.36395708 -11.71546119
v 12.86009447 -3.66769679 -4.16530632
v 11.94521186 -3.76926952 -6.9649585
v 11.68198722 -3.79849343 -7.77045797
v 10.54746866 2.53220059 2.90737877
v 11.391469 2.01589223 0.04216182
v 6.50441089 2.08332941 -9.46487031
v 10.47658639 1.9143195 -2.75749036
v 10.21336174 1.88509559 -3.56298983
v 9.49110397 -3.9639084 -15.13231365
v 9.02530535 -4.01562197 -16.55771967
v 6.96438749 0.3393671 -16.04224497
v 2.41379288 -0.53878674 -26.53722469
v 3.83166606 -4.44962121 -28.25319792
v 3.94675553 -4.69335235 -28.28277583
v 5.04686957 1.07276615 -19.7283927
v 6.79673485 -4.34086733 -22.71992507
v 4.86436111 1.05250357 -20.28689081
v -0.26467208 -0.71903434 -25.25997851
v -0.6668604 0.48494615 -24.63236539
v 1.32325957 1.50810401 -25.31982423
v 5.08452906 -4.37373316 -28.49879618
v 4.94174874 -4.18180763 -28.62648319
v 5.20027219 -4.44028701 -28.26278624
v 3.79268625 1.17225564 -23.21104401
v 2.48847871 1.63746979 -21.7541118
v 3.99439969 1.19465052 -22.59377616
v 4.10163064 1.20655494 -22.26563089
v 5.45519522 1.1060221 -18.58911485
v 5.4254919 1.11480194 -18.56976209
v 6.34351557 1.20464582 -15.87074644
v 5.24298403 1.09453942 -19.12825839
v 2.50311693 1.42150867 -21.75106017
v 8.03031213 -4.52716669 -16.21401232
v 5.92840453 -4.76052614 -22.64610553
v 7.17535945 -4.29883075 -21.56129322
v 5.61704424 -4.47183866 -26.32992684
v 5.81875793 -4.44944431 -25.71265905
v 4.10163064 1.20655494 -22.26563089
v 4.21017308 0.97618011 -22.31936016
v 3.99439969 1.19465052 -22.59377616
v 2.3609806 -1.41577171 -12.89474514
v 1.07594778 -0.12377197 -12.52169183
v 0.31081938 -1.99206847 -12.20387509
v 4.85706457 -6.75116689 -10.11149278
v 3.18840622 -2.19451003 -9.73151897
v 3.76562179 -0.79966269 -8.4652824
v 3.76562179 -0.79966269 -8.4652824
v 1.75904312 -1.83128276 -7.77213409
v 2.52417182 0.03701377 -8.08994993
v 6.56722996 0.48588499 4.28230028
v 8.63042773 -6.33223761 1.43545518
v 6.61293277 -6.8794801 -2.00730623
v 4.85706457 -6.75116689 -10.11149278
v 5.69805016 -6.98105284 -4.80695842
v 5.43482551 -7.01027675 -5.61245788
v 6.56722996 0.48588499 4.28230028
v 2.52417182 0.03701377 -8.08994993
v 5.14430737 -1.19589107 2.20016213
v 4.22942476 -1.29746381 -0.59949005
v 3.96620004 -1.32668773 -1.40498974
v 2.85781595 -7.37420675 -12.84092927
v 0.33109725 -3.07093216 -13.75086185
v 2.39201511 -7.42592122 -14.26633655
v -2.22951013 -2.92599613 -24.93325656
v -0.69654748 -7.08056175 -26.6788077
v -0.81163775 -6.83683103 -26.64922951
v -1.20029214 -2.13901716 -17.57039261
v -1.3828006 -2.15927975 -18.12889072
v 0.54957315 -7.55265064 -20.56192498
v -2.6569806 -0.53821207 -23.94490447
v -1.54876117 -7.78403242 -26.20741306
v -1.43301805 -7.85058627 -25.97140311
v -1.69154069 -7.59210647 -26.33510034
v -2.45447848 -2.03952899 -21.05304489
v -2.25276504 -2.01713411 -20.43577704
v -1.49176006 -0.40884582 -20.37919051
v -2.14553107 -2.00522838 -20.10763081
v -0.83804127 -2.12944889 -16.41520085
v 0.05028047 -2.03082469 -13.6968309
v -0.82166981 -2.09698138 -16.411762
v -1.33626835 -0.55239151 -20.42479487
v -1.00417767 -2.1172439 -16.9702583
v 3.38700913 -6.91437608 -14.61004419
v 0.92819472 -7.51061538 -19.40329411
v 1.28510212 -7.14773547 -21.04213559
v -0.63012049 -7.68362329 -24.17192772
v -0.4284068 -7.66122894 -23.55465994
v -2.14553107 -2.00522838 -20.10763081
v -2.25276504 -2.01713411 -20.43577704
v -2.04950965 -2.24204027 -20.15703687
v 8.47605883 -5.21935462 -8.48380028
v 8.72529339 -6.94590499 -8.50260616
v 9.04276037 -4.9280027 -8.6795599
v 10.35039196 -5.28073835 -9.09407609
v 9.7753752 -4.82790697 -8.92259852
v 13.28409208 -7.56927962 -9.96236553
v 12.39636902 -5.69337482 -9.74033021
v 12.7763568 -5.65118755 -8.57752132
v 9.45970983 -4.71364168 -8.8235896
v 9.7753752 -4.82790697 -8.92259852
v 9.46188419 -4.71339962 -8.81694131
v 9.84187065 -4.67121315 -7.65413095
v 15.56291073 -7.42090007 -3.12723166
v 18.92697938 -7.14283469 7.04105679
v 16.26701293 -11.22259447 2.45922903
v 17.33399553 -10.97073789 4.5973182
v 16.52144635 -5.9127724 7.78252022
v 17.95911391 -5.07578388 7.28234653
v 16.33108051 -5.27882356 7.82172883
v 15.02462835 -4.09580941 8.20573871
v 15.34029372 -4.2100747 8.10672979
v 16.74690664 -3.21035482 7.6108003
v 17.35524359 -3.73102436 7.4308934
v 17.1732042 -3.34634998 7.47642687
v 15.92409603 -4.56259877 7.92874003
v 15.89156931 -8.05824391 8.06619497
v 18.84684833 -6.95168284 7.06030729
v 16.31583915 -7.45877098 7.90580103
v 16.54164925 -6.74869743 7.80624599
v 13.04158232 -14.04224259 -10.16116232
v 12.91945752 -13.42735792 -10.22393036
v 12.93306709 -13.16319399 -9.16700035
v 13.28409208 -7.56927962 -9.96236553
v 9.04276037 -4.9280027 -8.6795599
v 9.45970983 -4.71364168 -8.8235896
v 7.88686635 -4.19401974 -19.50200737
v 12.34323211 -8.40733489 -10.63585395
v 12.97209268 -14.25309778 -10.67614577
v 11.71551003 -8.96646817 -11.08519279
v 12.34960209 -12.95293937 -11.14777408
v 13.28409208 -7.56927962 -9.96236553
v 13.18256914 -12.40612468 -7.31796309
v 12.95526301 -12.62092713 -8.29568188
v 12.95526301 -12.62092713 -8.29568188
v 12.34423523 -13.31973074 -11.28167057
v 12.25415699 -13.48141654 -11.60598237
v 6.69072094 -7.57112091 -29.05220936
v 9.09907422 -6.05944873 -19.83045933
v 7.10645433 -8.05948189 -28.57554392
v 9.12305155 -13.97370559 -21.40285703
v 9.19781028 -13.18249938 -20.75402741
v 9.2397849 -13.60361892 -20.76216934
v 9.36905519 -13.80172832 -20.4347452
v 9.2733846 -15.49785571 -23.23607216
v 9.39479423 -14.65025911 -21.62311464
v 10.97174045 -13.62379659 -15.5303372
v 11.35453022 -14.43268426 -15.62608109
v 8.94163388 -14.01950577 -20.30372382
v 9.10639198 -14.44239748 -20.47104393
v 9.48355457 -14.43233403 -19.34934415
v 10.76186192 -14.2904129 -15.43756801
v 10.54920077 -13.84103206 -15.38437741
v 5.59870056 -5.04469267 -28.47437966
v 2.16585123 -6.80958506 -27.28854688
v 5.44252092 -4.65714988 -28.34969009
v 8.50406252 -13.34163963 -21.0335046
v 8.67847784 -13.4520733 -20.59984772
v 8.25343805 -9.91997505 -18.49720311
v 9.28027422 -9.27887456 -18.59987957
v 13.28409208 -7.56927962 -9.96236553
v 12.34323211 -8.40733489 -10.63585395
v 9.24279885 -9.13999778 -18.81126088
v 9.22308477 -9.28811958 -18.73632951
v 9.21937555 -9.42336842 -18.83087355
v 9.24279885 -9.13999778 -18.81126088
v 9.22308477 -9.28811958 -18.73632951
v 7.56264344 -5.68895865 -8.16827291
v 6.99594189 -5.98031057 -7.97251329
v 6.46860274 -7.27643919 -7.75316291
v 6.47385546 -6.52528035 -7.78213182
v 6.42891537 -11.09365488 -7.59433463
v 5.92115738 -9.17557449 -6.20948258
v 5.5411696 -9.21776176 -7.37229147
v 6.57899122 -6.19467329 -7.82848313
v 6.58116426 -6.19443203 -7.82183337
v 6.47385546 -6.52528035 -7.78213182
v 6.96115204 -6.15224476 -6.65902449
v 7.30151554 -10.99677777 -4.92406079
v 7.36152239 -11.04494763 -4.83147691
v 14.01734441 -12.37919137 3.23634752
v 14.42246431 -12.46761084 5.60306848
v 12.08839388 -10.6586801 9.40335647
v 12.61607562 -7.92059694 9.13157932
v 12.24934294 -7.3773216 9.23171155
v 11.1039145 -8.60017082 9.65038527
v 12.14391056 -5.5768406 9.20084489
v 10.42163389 -6.46229649 9.79578282
v 12.03877398 -5.90744808 9.24719649
v 10.44774422 -7.2822997 9.81699848
v 11.95181478 -6.60482326 9.3009125
v 10.26570482 -6.89762531 9.86253195
v 14.63268133 -8.70546189 8.50106131
v 13.91810956 -8.69148886 8.73406527
v 11.99164891 -10.47606978 9.42834603
v 13.24012952 -8.44607081 8.94671269
v 11.24797938 -14.96436759 -9.54158571
v 11.13946415 -14.08531899 -8.54742373
v 10.95997217 -14.47384413 -9.53197301
v 6.42891537 -11.09365488 -7.59433463
v 4.72422714 -5.81999097 -18.40951516
v 7.56264344 -5.68895865 -8.16827291
v 8.47605883 -5.21935462 -8.48380028
v 6.99594189 -5.98031057 -7.97251329
v 1.56159117 -7.44596266 -17.317024
v 6.57899122 -6.19467329 -7.82848313
v 7.16293167 -11.08488534 -8.88657083
v 7.60531103 -11.07959877 -9.66537844
v 11.17848974 -15.17522278 -10.05656916
v 10.25409687 -14.03027789 -10.42391029
v 11.3889662 -13.32824968 -6.69838648
v 6.42891537 -11.09365488 -7.59433463
v 11.16166007 -13.54305213 -7.67610526
v 11.16166007 -13.54305213 -7.67610526
v 10.46220686 -14.28731692 -10.63154855
v 10.46055376 -14.40354157 -10.98640666
v -0.1644815 -11.09550916 -26.68417159
v 0.25125189 -11.58387015 -26.20750615
v 2.24387177 -9.58383699 -17.46242156
v 7.3294464 -14.89583149 -20.78328167
v 7.32232729 -14.58942018 -20.09980673
v 7.03214049 -14.29591095 -20.00592518
v 7.57545225 -14.72385332 -19.81516859
v 7.47978166 -16.41998071 -22.61649555
v 7.60119129 -15.57238411 -21.00353802
v 9.17813751 -14.54592159 -14.91076058
v 9.56092839 -15.35480881 -15.00650385
v 7.9931097 -14.50715988 -19.97606858
v 8.53503039 -14.91998814 -19.02168892
v 8.15043808 -14.93387136 -20.14082219
v 9.60067718 -14.32868611 -15.05672036
v 9.81333834 -14.77806695 -15.10991096
v -1.26699566 -8.57447621 -26.10271494
v -1.42316439 -8.18692829 -25.9780251
v 7.31989179 -13.95044407 -20.62444835
v 6.15624049 -10.99818352 -17.77275573
v 7.5407956 -14.03697714 -20.20685031
v 5.170075 -11.39200551 -17.18006313
v 7.60531103 -11.07959877 -9.66537844
v 7.16293167 -11.08488534 -8.88657083
v 4.9780185 -11.3326018 -17.33804642
v 5.1892415 -11.49533612 -17.43871659
v 5.13429101 -11.39024558 -17.32390731
v 4.9780185 -11.3326018 -17.33804642
v 5.13429101 -11.39024558 -17.32390731
v 13.04905542 -12.48669342 0.2732653
v 9.35045281 -10.89208284 1.14208432
v 12.23236951 -12.57736409 -2.22589303
v 12.73043428 -12.5220676 -0.70175418
v 8.46870728 -10.95985194 -1.50615292
v 7.36152239 -11.04494763 -4.83147691
v 11.3967391 -12.67013804 -4.78302384
v 11.91374841 -12.61273827 -3.20091239
v 14.48203803 -11.4207672 -3.00301152
v 15.0017052 -7.46331141 -4.81828446
v 14.98010284 -11.3654707 -1.47887255
v 13.64640762 -11.51354114 -5.56014233
v 14.11054735 -7.53065716 -7.50357007
v 14.16341693 -11.45614138 -3.97803088
v 15.29872394 -11.33009653 -0.50385318
v 15.39406802 -7.33502178 -3.50560432
v 14.8867579 -7.39134537 -5.05802956
v 14.06070706 -7.48305642 -7.58584018
v 14.11054735 -7.53065716 -7.50357007
v 9.10200525 -10.79688418 0.58567076
v 8.31867056 -10.88385145 -1.81143429
v 11.71551003 -8.96646817 -11.08519279
v 6.42891537 -11.09365488 -7.59433463
v 10.86035574 -16.73175192 -26.51459474
v 11.98332803 -18.95473333 -28.21585842
v 8.4750021 -14.3939923 -30.26824605
v 13.72698746 -22.05644212 -29.21762688
v 14.89292299 -24.34618402 -29.90497424
v 12.14467431 -24.02015808 -36.77208164
v 10.89389249 -16.84391006 -26.39843485
v 10.86035574 -16.73175192 -26.51459474
v 8.01141264 -14.51664054 -30.33776035
v 8.34828805 -14.35453446 -30.37072683
v 8.4750021 -14.3939923 -30.26824605
v 3.68942324 -3.47286515 -23.96649655
v 3.12616006 -4.16607525 -23.75728293
v 1.30280978 -2.40092674 -23.22548094
v 4.01906743 -2.67472583 -24.10317802
v 4.08282617 -1.84978515 -24.15394263
v 3.87445611 -1.07879499 -24.11382244
v 3.414358 -0.43722314 -23.98674408
v 2.74756427 0.01212668 -23.78515092
v 1.89868348 0.31120225 -23.51859852
v 1.08786213 0.14111494 -23.2474659
v 0.25874061 -0.19467198 -22.9643394
v -0.50150056 -0.67600654 -22.69843939
v -1.12446774 -1.24305641 -22.47429259
v -1.41344518 -2.12712693 -22.34778476
v -1.47720351 -2.95206717 -22.29701829
v -1.26883416 -3.72305715 -22.33714026
v -0.80873343 -4.36462764 -22.46421551
v -0.14194254 -4.81397837 -22.66581172
v 0.66627363 -5.02712162 -22.92218922
v 1.53679677 -4.98319545 -23.20825627
v 2.38441443 -4.68649888 -23.49601081
v 7.89047573 -3.63712775 -9.17789959
v 8.45373751 -2.94391812 -9.38711474
v 6.06712545 -1.87197923 -8.6460976
v 8.78338229 -2.14577874 -9.5237944
v 8.84714103 -1.32083806 -9.57455901
v 8.63877098 -0.54984791 -9.53443882
v 8.17867227 0.09172388 -9.40736227
v 7.51187914 0.54107377 -9.20576731
v 6.66299775 0.84014927 -8.93921671
v 5.85217699 0.67006203 -8.66808228
v 5.02305628 0.33427552 -8.38495606
v 4.26281372 -0.14705952 -8.11905758
v 3.63984793 -0.7141089 -7.89490925
v 3.35086968 -1.59817984 -7.76840114
v 3.28711157 -2.42311973 -7.71763677
v 3.4954807 -3.19411006 -7.75775665
v 3.95558003 -3.83568103 -7.88483343
v 4.62237233 -4.28503128 -8.08642811
v 5.43058709 -4.49817501 -8.34280713
v 6.30111104 -4.45424843 -8.62887446
v 7.14873011 -4.15755137 -8.91662747
v 9.65007965 -14.09146959 -24.46681329
v 8.24676322 -14.12282667 -30.31335191
v 8.09535832 -11.39843737 -27.63945815
v 11.76693476 -19.34205978 -27.88181772
v 8.09140602 -14.41552398 -30.3514308
v 10.70145586 -16.9625511 -26.21282719
v 8.31105951 -14.27868634 -30.41064256
v 8.09140602 -14.41552398 -30.3514308
v 8.93446032 -16.75398285 -33.27538554
v 12.2023672 -19.33079471 -26.73934639
v 12.04894885 -19.63446173 -27.17871086
v 11.99315342 -18.90217341 -27.20970157
v 12.49747541 -20.14006049 -27.22804047
v 12.37151123 -19.76098315 -27.62856487
v 12.04894885 -19.63446173 -27.17871086
v 11.94752845 -19.04779197 -27.84797891
v 12.37151123 -19.76098315 -27.62856487
v 11.9545134 -19.06009928 -27.85742855
v 8.93446032 -16.75398285 -33.27538554
v 8.9667055 -16.8851199 -33.42574269
v 8.90820932 -16.73404326 -33.32272897
v 13.73022679 -22.15973139 -28.91011188
v 13.75718714 -22.17511921 -28.85799331
v 13.81965962 -22.3193113 -28.9610142
v 14.99207035 -24.38015923 -29.63082333
v 14.93924313 -24.26231152 -29.59819951
v 14.96708802 -24.26582833 -29.52954163
v 15.37165812 -26.12081606 -31.12503491
v 15.13148424 -26.24582341 -31.02914852
v 15.00458043 -24.44059116 -29.6413846
v 11.74000519 -24.21040566 -36.96679675
v 13.54701253 -22.49600013 -28.87712818
v 14.73373078 -24.59862788 -29.54066836
v 10.00359333 -20.03280246 -36.11430573
v 10.01030652 -20.03663288 -36.10132612
v 10.01711299 -20.05945675 -36.12008576
v 15.37165812 -26.12081606 -31.12503491
v 15.37863782 -26.23214298 -30.15660148
v 15.13148424 -26.24582341 -31.02914852
v 14.26044939 -26.7178807 -30.52345324
v 15.09643761 -26.26406399 -31.01516278
v 10.84787622 -16.67444744 -26.17166925
v 11.20301993 -17.24133002 -26.14714769
v 10.91993581 -16.8264434 -26.27172936
v 13.81965962 -22.3193113 -28.9610142
v 13.54701253 -22.49600013 -28.87712818
v 13.73022679 -22.15973139 -28.91011188
v 11.96421469 -24.07958346 -37.05016802
v 11.90653946 -23.89212791 -37.02385822
v 11.74000519 -24.21040566 -36.96679675
v 13.20582238 -26.53753164 -36.26350877
v 13.30674405 -26.52280402 -35.98444042
v 11.90653946 -23.89212791 -37.02385822
v 11.96421469 -24.07958346 -37.05016802
v 11.51369666 -23.9412774 -37.5914668
v 11.2416156 -27.48400822 -36.12028852
v 11.34007878 -27.27430452 -37.49828753
v 11.35064382 -27.42805214 -36.15712818
v 8.09140602 -14.41552398 -30.3514308
v 8.31105951 -14.27868634 -30.41064256
v 10.91665099 -16.82303497 -26.27717243
v 13.43441564 -26.41903375 -36.35070046
v 13.20582238 -26.53753164 -36.26350877
v 13.10899596 -26.51416595 -36.84801741
v 11.94752845 -19.04779197 -27.84797891
v 11.76693476 -19.34205978 -27.88181772
v 11.94335099 -19.04471923 -27.84427575
v 11.94313338 -19.03690969 -27.8406089
v 2.77189396 -14.13533051 -25.8005372
v 3.393931 -16.61775922 -28.63700264
v 5.66476881 -16.14039284 -23.09013993
v 6.45822389 -19.14407646 -24.74705835
v 3.66163471 -16.69295272 -28.82122439
v 6.91854648 -21.83470738 -26.20700557
v 3.43253397 -16.78682806 -28.72541989
v 3.56391562 -19.51508088 -31.4202013
v 3.66163471 -16.69295272 -28.82122439
v 7.28666222 -21.85805108 -25.04128057
v 6.82647867 -21.55845806 -25.42494153
v 7.36128882 -22.04447591 -25.55942017
v 7.51258737 -22.70288517 -25.50607627
v 7.36128882 -22.04447591 -25.55942017
v 7.08700348 -22.47784796 -25.80310096
v 6.63631454 -21.77838693 -26.01328972
v 6.63763234 -21.79360782 -26.02078171
v 7.08700348 -22.47784796 -25.80310096
v 3.56391562 -19.51508088 -31.4202013
v 3.5371506 -19.49540556 -31.46736717
v 3.57192581 -19.65867759 -31.5621868
v 7.62445853 -25.29882167 -26.80095431
v 7.67779346 -25.47696019 -26.83938708
v 7.64990765 -25.31498645 -26.74831369
v 8.35257949 -27.79364634 -27.33729829
v 8.32931595 -27.67843178 -27.23661031
v 8.30482536 -27.67319022 -27.30642891
v 8.73095438 -29.53492674 -28.83109088
v 8.38664421 -27.84299663 -27.35530532
v 8.97871672 -29.4090769 -28.90375566
v 8.67502827 -27.71352078 -27.44776903
v 7.97243572 -25.36199491 -26.95146372
v 6.01212984 -27.15521409 -34.98817733
v 4.10675737 -23.06447672 -34.07732108
v 4.11765992 -23.09247652 -34.08219706
v 4.11309437 -23.06850055 -34.06421152
v 8.73095438 -29.53492674 -28.83109088
v 8.97871672 -29.4090769 -28.90375566
v 9.29413234 -29.36030167 -28.05478885
v 5.69448225 -21.50829238 -34.66435751
v 8.98100515 -28.64632794 -35.33856757
v 5.69458787 -21.50818699 -34.66432357
v 9.08955346 -28.59042383 -35.37688688
v 9.01486807 -29.39071302 -28.91436635
v 9.97003167 -28.92366513 -29.0413847
v 6.19945007 -19.06429074 -24.5659314
v 6.23034294 -19.23745128 -24.65177101
v 6.47476395 -19.67221534 -24.51383367
v 7.67779346 -25.47696019 -26.83938708
v 7.62445853 -25.29882167 -26.80095431
v 7.97243572 -25.36199491 -26.95146372
v 5.7734067 -27.26239426 -34.91163459
v 6.01212984 -27.15521409 -34.98817733
v 5.67292909 -27.09694374 -34.8705433
v 7.43970713 -29.50199992 -34.27167987
v 7.52314899 -29.496259 -33.98657335
v 5.67292909 -27.09694374 -34.8705433
v 5.60103807 -26.98108638 -35.54901643
v 5.7734067 -27.26239426 -34.91163459
v 9.08955346 -28.59042383 -35.37688688
v 8.98100515 -28.64632794 -35.33856757
v 8.20179576 -28.88775484 -36.41420881
v 6.22655546 -19.23430128 -24.65704043
v 3.43253397 -16.78682806 -28.72541989
v 3.66163471 -16.69295272 -28.82122439
v 7.20628227 -29.62103423 -34.19927347
v 7.17362011 -29.56565429 -34.79771966
v 7.43970713 -29.50199992 -34.27167987
v 6.63631454 -21.77838693 -26.01328972
v 6.63774262 -21.77243227 -26.01152291
v 6.91854648 -21.83470738 -26.20700557
v 6.63386528 -21.76650426 -26.00659186
v 11.23271676 -6.89344166 -13.0771388
v 10.85022771 -6.67385234 -13.85758258
v 11.29947618 -7.12243355 -13.2246835
v 11.32226285 -7.30751257 -13.43418107
v 11.29884044 -7.43056698 -13.68512344
v 11.23150685 -7.47954503 -13.95294774
v 11.12685122 -7.44966103 -14.21143693
v 10.99511414 -7.34383236 -14.43528774
v 10.84919927 -7.17242295 -14.60258986
v 10.7033811 -6.95221058 -14.69696486
v 10.5719388 -6.70474938 -14.709175
v 10.46773765 -6.45426514 -14.63802596
v 10.40097863 -6.2252741 -14.49048136
v 10.37819196 -6.04019508 -14.28098379
v 10.40161478 -5.91714154 -14.03004152
v 10.46894898 -5.8681605 -13.76221753
v 10.573604 -5.89804748 -13.50372803
v 10.70533824 -6.00387442 -13.27987635
v 10.85125676 -6.17528301 -13.11257546
v 10.99707301 -6.39549625 -13.0182008
v 11.1285147 -6.64295617 -13.00599051
v 11.97997281 -6.70724906 -13.53551338
v 11.57391082 -6.30179271 -14.10756944
v 11.91962982 -6.50027231 -13.40215282
v 12.00056709 -6.87453607 -13.72487106
v 11.97939765 -6.98575951 -13.95168966
v 11.91853619 -7.0300312 -14.19376679
v 11.82394084 -7.00301875 -14.42740644
v 11.70487064 -6.90736509 -14.6297382
v 11.57298093 -6.75243349 -14.78095673
v 11.44118254 -6.55339036 -14.86625909
v 11.32237617 -6.32971876 -14.87729611
v 11.22819263 -6.10331482 -14.81298627
v 11.16784985 -5.8963385 -14.67962575
v 11.14725516 -5.72905063 -14.49026798
v 11.16842481 -5.61782762 -14.26344943
v 11.22928606 -5.5735555 -14.02137224
v 11.32388162 -5.60056838 -13.78773265
v 11.44295161 -5.69622161 -13.58540084
v 11.57484294 -5.85115238 -13.43418286
v 11.70663971 -6.05019634 -13.34887994
v 11.8254471 -6.27386582 -13.33784333
v 8.82985344 -7.50847369 -12.24392912
v 8.96514715 -7.76318516 -12.23136026
v 8.67870454 -7.79498712 -13.10790676
v 8.21629179 -7.33326354 -13.75935168
v 8.19283843 -7.14276087 -13.54371525
v 11.18205368 -5.47690067 -14.01006252
v 11.48769398 -5.01394332 -12.43623616
v 11.2897769 -5.50766202 -13.74399875
v 11.42536952 -5.61659141 -13.51358843
v 11.57556252 -5.79302343 -13.34138335
v 11.72565121 -6.01968959 -13.24424449
v 11.96695681 -7.13550368 -14.20638171
v 12.03626405 -7.08508703 -13.93070937
v 12.69337971 -7.56171499 -12.73780107
v 11.86094522 -6.27440104 -13.23167472
v 11.96820177 -6.53222507 -13.30490918
v 12.06036943 -6.95842929 -13.67241397
v 12.03691698 -6.76792575 -13.45677686
v 11.11274441 -5.5273173 -14.2857342
v 11.08863702 -5.65397636 -14.5440309
v 10.78225987 -5.09226252 -14.59495046
v 10.2708236 -7.08376221 -19.03947827
v 11.85923156 -7.1047423 -14.47244482
v 11.72363693 -6.99581424 -14.70285644
v 11.57344431 -6.81938173 -14.87505966
v 11.42335524 -6.59271606 -14.97220038
v 10.06321483 -5.90167963 -17.88117071
v 11.28806162 -6.33800412 -14.98476829
v 4.52814466 4.40836876 -17.00398954
v 2.28616632 3.67451135 -16.24472128
v 2.6236846 2.96128681 -16.32914086
v 3.84781302 3.17184843 -16.73680622
v -2.61836864 0.94812306 -16.34254952
v -0.76636268 2.31428644 -16.95716526
v -0.44660543 1.59909068 -17.09594128
v 3.99747261 4.34945146 -18.62790512
v 2.08709308 2.90171297 -17.97117622
v 1.76733643 3.6169088 -17.83239839
v 3.29647106 3.11063631 -18.42397421
v 0.2242035 -0.30872053 -14.0371616
v -0.7665854 -2.72242758 -20.49773441
v 0.16302472 -0.29125074 -14.18826334
v -0.25030198 0.08989858 -14.81752641
v -1.81196728 -0.51338969 -20.23625083
v -1.18573734 -0.22276115 -17.99084037
v -1.8617799 -0.32744023 -20.10370128
v -1.8388197 -0.29526925 -19.9893536
v -2.87362642 -0.84764979 -19.75417016
v -2.19758386 -0.74297072 -17.64130924
v -2.85066623 -0.81547881 -19.63982248
v 5.9593943 2.40694827 -15.83943024
v 6.91422537 0.3892653 -16.07825163
v 5.828196 2.5723974 -15.97298732
v 5.35369296 2.97101777 -16.75335298
v 3.79202766 2.36772949 -22.17207739
v 4.4182576 2.65835803 -19.92666693
v 3.74221504 2.55367896 -22.03952784
v 3.76517523 2.58584994 -21.92518016
v 4.94154276 1.88365165 -15.48782677
v 4.81034668 2.04910168 -15.62138261
v 5.89637383 -0.13403132 -15.72664816
v 4.33584142 2.44772115 -16.40174951
v 3.40040503 2.13506065 -19.57506109
v 2.7741745 1.84443204 -21.82047336
v 2.74732207 2.06255249 -21.57357614
v 2.72436188 2.0303815 -21.68792382
v -0.247535 2.37188809 -15.3694894
v -2.08769821 1.00703952 -14.71863339
v 0.08998608 1.65866451 -15.45390592
v -0.73832957 0.81402628 -15.1525834
v -1.2896705 0.75281493 -16.83975377
v 8.44734661 -2.35770005 -9.4548
v 10.03256452 -4.26354622 -9.87289689
v 8.44263884 -3.03114462 -9.42883069
v 9.03279841 -4.77754477 -9.5275408
v 8.84698408 -4.71028285 -9.46925987
v 8.24018827 -3.66775556 -9.33957845
v 6.72800806 -4.78709902 -8.80481121
v 6.96125878 -5.31601629 -8.83105593
v 6.08736077 -4.77456398 -8.59591144
v 4.96399872 -4.14855444 -8.25152316
v 5.47952477 -4.55453622 -8.40526183
v 6.08736077 -4.77456398 -8.59591144
v 11.58134608 -3.91292378 10.33218179
v 12.66814455 -5.20930132 10.0240662
v 12.20131549 -4.13734315 10.1377275
v 14.6084049 -1.67223881 9.26169303
v 14.60360366 -2.35912539 9.28818258
v 16.14413032 -3.58502369 8.82923867
v 15.14436422 -4.09902225 9.17459476
v 14.39711312 -3.0084431 9.37921803
v 14.95854989 -4.03176033 9.23287569
v 8.25385361 -1.71334244 -9.41494611
v 7.88110087 -1.16114608 -9.31316727
v 7.60759661 0.8607427 -9.26634479
v 7.3655739 -0.75516449 -9.15942829
v 6.75773707 -0.53513711 -8.96877839
v 4.5912443 -3.59635865 -8.14974676
v 3.02145322 -1.49707986 -7.6821217
v 4.39775313 -2.9520008 -8.10989046
v 4.40246207 -2.27855656 -8.13586015
v 4.60491098 -1.64194573 -8.22511083
v 6.11709054 -0.52260155 -8.75987889
v 5.50634438 -0.71878547 -8.55317892
v 4.98528249 -1.10448547 -8.36890963
v 14.41105058 -1.01501924 9.3023411
v 13.71915591 1.5392645 9.43577084
v 14.03085562 -0.45180161 9.40614908
v 13.5050396 -0.0377158 9.56295432
v 12.8850694 0.1867031 9.75740889
v 12.23163548 0.19948901 9.97047702
v 11.05552943 -3.49883876 10.48898727
v 11.55798693 -5.94284626 10.41346177
v 10.67533528 -2.93562072 10.59279496
v 10.47798033 -2.27840195 10.63344327
v 9.13301251 -0.81855806 11.01999393
v 10.4827827 -1.59151564 10.60695336
v 10.68927208 -0.9421976 10.51591828
v 11.07723554 -0.39400971 10.36924934
v 11.60869809 -0.00061119 10.18130298
v 11.13786124 -7.94590226 -7.5893197
v 10.73880461 -8.50976502 -7.438457
v 9.23093162 -6.88323976 -7.00471874
v 11.35025543 -7.27801936 -7.68295591
v 11.35519672 -6.57149151 -7.71020382
v 11.15219609 -5.8954818 -7.66839234
v 10.76113353 -5.31615827 -7.56161734
v 10.22028013 -4.89023373 -7.40032763
v 9.58258413 -4.65939824 -7.20031535
v 8.91046619 -4.64624674 -6.98115483
v 8.26971729 -4.85206812 -6.76430078
v 7.72305894 -5.25671514 -6.57098056
v 7.3240022 -5.82057768 -6.42011784
v 7.11160861 -6.48846051 -6.32647981
v 7.10666894 -7.19498754 -6.29923246
v 7.30966612 -7.87099848 -6.34104277
v 7.70073193 -8.45032035 -6.4478189
v 8.2415833 -8.87624486 -6.60910795
v 8.87927892 -9.10708085 -6.80912209
v 9.55139655 -9.12023171 -7.02828253
v 10.19214535 -8.91441011 -7.24513656
v 16.02931409 -7.67244285 9.45450353
v 16.37276955 -7.18714555 9.32466082
v 14.73153734 -6.27254812 9.82780386
v 16.55556959 -6.61232119 9.24406971
v 16.55982104 -6.00423691 9.22061881
v 16.38510663 -5.422417 9.25660405
v 16.04853075 -4.92381365 9.34850223
v 15.58303761 -4.55723389 9.48731843
v 15.03419438 -4.3585611 9.6594639
v 14.45572378 -4.34724279 9.84808844
v 13.90425344 -4.52438638 10.0347272
v 13.43376376 -4.87265272 10.20111116
v 13.09030831 -5.35795002 10.33095387
v 12.90750826 -5.93277438 10.41154498
v 12.90325682 -6.54085866 10.43499588
v 13.07797001 -7.12267813 10.39901103
v 13.4145467 -7.62128107 10.30711257
v 13.88003963 -7.98786039 10.16829641
v 14.42888246 -8.18653233 9.99615105
v 15.00735204 -8.19785063 9.80752684
v 15.55882279 -8.02070789 9.62088798
v 10.68102028 1.78080033 7.09230259
v 11.53355252 1.83919274 10.00748106
v 9.91392446 1.38642195 7.35728578
v 10.17925692 1.14292391 10.47530471
v 9.14682784 0.99204315 7.62226925
v 9.77688815 1.6759976 7.39156116
v 9.05774849 2.22919752 7.60649443
v 9.0997013 2.35164828 7.58834233
v 10.04857211 2.68036811 10.46223125
v 10.04222061 1.43249956 10.5095801
v 10.71936841 1.78063397 10.27566827
v 9.79344877 2.60743487 7.35235642
v 9.67470008 2.64726596 7.38971654
v 11.39651621 2.12876839 10.04175644
v 10.44270844 2.88300101 10.32608202
v 10.35529034 2.94200088 10.35250835
v 10.05686324 2.7885739 10.45559608
v 10.54398397 2.07037598 7.12657797
v 9.00979153 1.2816188 7.65654463
v 7.49347513 -9.54191554 -14.70546681
v 7.7815493 -11.1142928 -15.53067999
v 8.43415727 -10.77877478 -15.75611486
v 7.36592912 -9.49574443 -14.66546187
v 7.97605737 -9.2938107 -14.87217053
v 8.27166074 -12.35248004 -15.95467618
v 8.92426871 -12.01696201 -16.18011105
v 8.86572564 -13.41789526 -15.82059669
v 9.51833523 -13.0823764 -16.04603211
v 9.85426847 -14.42200433 -15.13435021
v 10.33685079 -14.17389981 -15.30105093
v 7.57249358 -11.16150902 -16.88718253
v 7.60687204 -11.17132663 -16.80227257
v 7.78418509 -11.04546337 -16.10164751
v 7.65014492 -11.20608947 -16.72874057
v 7.69807637 -11.26239481 -16.67378464
v 7.82298217 -11.69082416 -16.94983448
v 8.27478206 -12.2835967 -16.52415792
v 7.84510071 -11.674735 -16.86185809
v 7.74597375 -11.33473121 -16.64278331
v 7.78915129 -11.41601808 -16.638773
v 7.82338089 -11.49829837 -16.66214446
v 7.84530878 -11.57351829 -16.71061018
v 7.85279332 -11.63431416 -16.77942671
v 8.27173331 -11.16791358 -16.80547463
v 8.22855739 -11.08662588 -16.8094855
v 8.26676792 -10.79735847 -16.26834942
v 8.18065839 -11.01429032 -16.84048627
v 8.08890689 -11.18821147 -17.36494574
v 6.76025527 -10.96461556 -20.87846156
v 8.0546795 -11.10593028 -17.34157302
v 8.03274858 -11.03071167 -17.29310828
v 8.13272694 -10.95798498 -16.8954422
v 8.02526545 -10.96991531 -17.22429022
v 8.08945406 -10.92322214 -16.9689742
v 8.03295746 -10.92949455 -17.14186065
v 8.0550756 -10.91340452 -17.05388416
v 8.50453989 -13.13104481 -17.12030501
v 8.84881556 -13.35123554 -16.45137969
v 8.52665844 -13.11495564 -17.03232862
v 8.25405131 -12.60172966 -17.05765306
v 8.28842976 -12.61154728 -16.9727431
v 8.53435104 -13.07453481 -16.94989724
v 8.33170265 -12.64631011 -16.89921111
v 8.52686651 -13.01373894 -16.88108072
v 8.3796341 -12.70261546 -16.84425517
v 8.42753148 -12.77495186 -16.81325385
v 8.47070902 -12.85623872 -16.80924353
v 8.50493862 -12.93851901 -16.832615
v 8.91011512 -12.52684653 -16.97995604
v 8.86221612 -12.45451097 -17.0109568
v 8.75736408 -12.03549221 -16.69085955
v 8.81428467 -12.39820562 -17.06591274
v 8.77046462 -12.62843211 -17.53541628
v 7.25522297 -12.20226397 -21.28759426
v 8.73623723 -12.54615092 -17.51204356
v 8.77101178 -12.36344279 -17.13944473
v 8.71430631 -12.47093231 -17.46357881
v 8.70682318 -12.41013596 -17.39476075
v 8.73663333 -12.35362517 -17.22435469
v 8.71451519 -12.36971519 -17.31233119
v 6.27767325 -11.21272006 -20.71175993
v 7.55037544 -11.17759904 -16.97515902
v 7.54268284 -11.21801987 -17.0575904
v 7.55016656 -11.27881616 -17.12640665
v 7.78860412 -11.6810074 -17.03474454
v 6.77264095 -12.45036846 -21.12089263
v 7.74533204 -11.64624415 -17.10827681
v 7.69739979 -11.58993922 -17.16323247
v 7.57209748 -11.35403477 -17.17487139
v 7.649503 -11.51760276 -17.19423198
v 7.60632487 -11.43631596 -17.19824411
v 8.30596291 -11.25019387 -16.82884609
v 8.32789242 -11.32541297 -16.87731237
v 8.33537696 -11.38620884 -16.9461289
v 8.32768273 -11.4266305 -17.02855972
v 8.13208502 -11.26949827 -17.36093361
v 8.30556419 -11.44271967 -17.11653611
v 8.17998181 -11.34183473 -17.3299341
v 8.27118614 -11.43290291 -17.20144617
v 8.22791465 -11.39813959 -17.27497663
v 8.47016185 -13.12122805 -17.20521507
v 8.42688977 -13.08646479 -17.27874735
v 7.16638639 -13.53802337 -21.5998178
v 8.23193317 -12.61781968 -17.14562956
v 8.22424057 -12.65824052 -17.22806093
v 8.37895752 -13.03015987 -17.33370301
v 8.23172429 -12.7190368 -17.29687718
v 8.33106073 -12.9578234 -17.36470252
v 8.25365521 -12.79425541 -17.34534193
v 8.28788259 -12.8765366 -17.36871465
v 8.95329104 -12.60813423 -16.97594516
v 9.33139758 -13.10313105 -16.61808132
v 8.98752064 -12.69041452 -16.99931663
v 9.00945015 -12.76563361 -17.04778291
v 9.01693469 -12.82642948 -17.11659943
v 8.81364275 -12.70971891 -17.53140415
v 8.86153954 -12.78205537 -17.50040464
v 7.64896841 -13.28991887 -21.76651943
v 9.00924046 -12.86685115 -17.19903025
v 8.90947238 -12.83836024 -17.44544717
v 8.98712191 -12.88294031 -17.28700664
v 8.95274387 -12.87312355 -17.3719167
v 6.06220243 -19.19857277 -24.8571356
v 3.51324805 -16.94492336 -28.55427318
v 6.36448012 -21.84348871 -26.2749011
v 7.39254857 -25.31309604 -27.02948005
v 5.78466691 -27.28995797 -34.57509645
v 8.23156454 -27.77091367 -27.60389532
v 6.18861401 -19.2629822 -24.77305811
v 3.7761925 -16.69404686 -28.87475909
v 6.06220243 -19.19857277 -24.8571356
v 3.48920006 -16.85268321 -28.69221659
v 3.51324805 -16.94492336 -28.55427318
v 5.28522556 -9.95115861 -11.02265696
v 5.35198719 -10.18014961 -11.17020041
v 4.90273651 -9.73156929 -11.80310075
v 5.37477194 -10.3652295 -11.37969833
v 5.35135145 -10.48828303 -11.63064036
v 5.28401564 -10.53726199 -11.8984659
v 5.17936002 -10.50737798 -12.15695509
v 5.04762486 -10.40154844 -12.38080556
v 4.90170807 -10.23013991 -12.54810802
v 4.75589211 -10.00992664 -12.64248178
v 4.62444981 -9.76246543 -12.65469191
v 4.52024866 -9.5119812 -12.58354287
v 4.45348743 -9.28299106 -12.43599953
v 4.43070268 -9.09791117 -12.22650161
v 4.45412357 -8.97485849 -11.97555968
v 4.52145778 -8.92587746 -11.7077357
v 4.62611441 -8.9557636 -11.44924676
v 4.75784895 -9.06159051 -11.22539417
v 4.90376555 -9.23299997 -11.05809363
v 5.04958211 -9.45321317 -10.96371806
v 5.18102298 -9.70067351 -10.95150749
v 4.58511365 -10.50908521 -10.98105626
v 4.52477067 -10.30210847 -10.84769569
v 4.17905247 -10.10362845 -11.5531126
v 4.60570793 -10.67637223 -11.17041394
v 4.58453849 -10.78759567 -11.39723254
v 4.52367784 -10.83186695 -11.63930995
v 4.42908249 -10.80485449 -11.8729496
v 4.31001229 -10.70920083 -12.07528136
v 4.17812178 -10.55426965 -12.22649961
v 4.04632338 -10.35522652 -12.31180197
v 3.92751782 -10.13155451 -12.32283927
v 3.83333347 -9.90515098 -12.25852915
v 3.77299069 -9.69817466 -12.12516863
v 3.75239681 -9.53088637 -11.93581114
v 3.77356646 -9.41966336 -11.70899259
v 3.83442771 -9.37539124 -11.4669154
v 3.92902327 -9.40240412 -11.23327581
v 4.04809326 -9.49805735 -11.03094399
v 4.17998157 -9.65298944 -10.87972699
v 4.31178137 -9.85203208 -10.7944231
v 4.43058573 -10.07570288 -10.78338746
v 7.22868672 -8.33166372 -11.69082607
v 7.07753783 -8.61817716 -12.55480371
v 7.36397933 -8.58637565 -11.67825784
v 6.61512508 -8.15645358 -13.20624863
v 6.59167172 -7.96595091 -12.9906122
v 3.78928729 -9.27766066 -11.45633034
v 3.89701051 -9.30842201 -11.19026656
v 4.09493003 -8.81470206 -9.88250482
v 4.57419042 -10.93626367 -11.65264952
v 5.30061494 -11.36247415 -10.18406944
v 4.64349766 -10.88584701 -11.37697718
v 4.03260535 -9.4173505 -10.95985499
v 4.66760607 -10.75918796 -11.11868081
v 4.18279776 -9.59378258 -10.78765172
v 4.64415302 -10.56868448 -10.90304552
v 4.33288784 -9.82044827 -10.69051133
v 4.46818045 -10.07516019 -10.6779431
v 4.57543538 -10.33298506 -10.751177
v 4.46646819 -10.90550098 -11.91871166
v 4.33087275 -10.79657333 -12.149123
v 3.10424122 -11.60632149 -16.90524049
v 2.67045065 -9.70243872 -15.32743727
v 4.03059187 -10.39347473 -12.41846723
v 2.77298949 -9.19185927 -14.27069614
v 3.89529825 -10.13876279 -12.43103513
v 3.78804333 -9.88093792 -12.35780123
v 3.04142923 -8.94185495 -13.12151204
v 3.71932649 -9.64523809 -12.20593299
v 3.69587284 -9.45473545 -11.99029746
v 3.38949591 -8.89302126 -12.04121911
v 3.71998104 -9.32807597 -11.73200104
v -2.48064253 -1.98165074 -24.50520053
v -0.75351646 -6.78159198 -26.64919303
v -0.60778131 -1.77372063 -18.77401715
v 3.88619219 -4.71303082 -28.2369564
v 3.76474131 -4.45867046 -28.20996794
v 2.03761745 0.34127169 -26.06597419
v 11.26033216 -3.33914257 -0.11242017
v 10.87952876 -3.87721317 0.0315419
v 9.44062947 -2.32508818 0.44543991
v 11.46301093 -2.70180957 -0.20177519
v 11.46772508 -2.02760019 -0.22777634
v 11.27401112 -1.38251219 -0.18787774
v 10.90083566 -0.82968866 -0.08598653
v 10.38472316 -0.42324644 0.06792507
v 9.77619645 -0.20296965 0.25879036
v 9.1348224 -0.19042037 0.46792611
v 8.52338316 -0.38682674 0.67486063
v 8.00172982 -0.77296457 0.85933808
v 7.62092708 -1.31103443 1.00329991
v 7.41824829 -1.94836731 1.09265505
v 7.41353471 -2.62257586 1.11865586
v 7.60724609 -3.26766478 1.07875814
v 7.98042406 -3.82048722 0.97686607
v 8.49653552 -4.22692931 0.82295493
v 9.10506218 -4.44720606 0.63208953
v 9.74643547 -4.45975587 0.42295405
v 10.35787531 -4.26334866 0.2160193
v 11.65013079 -3.31456609 3.73218166
v 11.92480528 -2.92645486 3.62834145
v 10.61224574 -2.19501218 4.03072835
v 12.07099917 -2.46674368 3.56388903
v 12.0743983 -1.98043299 3.54513466
v 11.93467231 -1.51512781 3.57391344
v 11.66549856 -1.11637418 3.6474085
v 11.29322423 -0.82320559 3.75842539
v 10.85429138 -0.66431893 3.89609732
v 10.39166574 -0.65526693 4.04694775
v 9.95063191 -0.79693561 4.19621054
v 9.57436094 -1.07545883 4.32927498
v 9.29968583 -1.46357088 4.43311542
v 9.15349288 -1.92328191 4.49756753
v 9.1500932 -2.40959142 4.51632204
v 9.28981906 -2.87489633 4.4875433
v 9.55899299 -3.27365017 4.41404844
v 9.93126623 -3.56681876 4.30303164
v 10.37019913 -3.72570552 4.16535971
v 10.83282473 -3.73475745 4.01450928
v 11.27385922 -3.59308802 3.86524625
v 8.06734904 -29.35138168 -34.43622919
v 4.94384846 -22.75100578 -33.65496668
v 9.06300431 -28.77446535 -35.32958179
v 7.07963764 -22.42841061 -27.84131987
v 10.22121694 -29.1122528 -27.84513667
v 11.37820155 -28.51742526 -28.24480183
v 9.63462021 -29.3018734 -27.89204208
v 11.06596928 -28.63616129 -27.79363985
v 10.22121694 -29.1122528 -27.84513667
v 11.06596928 -28.63616129 -27.79363985
v 11.37820155 -28.51742526 -28.24480183
v 10.22121694 -29.1122528 -27.84513667
v 14.46303045 -26.86128534 -29.90325852
v 11.66961473 -20.13878844 -28.83402427
v 13.69217078 -27.32777016 -29.04413215
v 9.57178691 -20.37169559 -35.25362733
v 12.69528749 -26.97207149 -36.03488984
v 11.37697353 -27.58481026 -36.12891211
v 14.47593327 -3.40210918 0.13432176
v 14.1353637 -1.26170312 2.33401016
v 16.98825373 -3.12318368 7.82232963
v 16.2655464 -3.60449894 8.99926426
v 13.14037042 -1.77324785 2.67771729
v 13.48093986 -3.91365347 0.47802917
v 8.49706668 -4.16045765 4.28168593
v 11.6222434 -5.99170833 10.60323239
v 8.83763686 -6.30086286 2.0819973
v 10.35496549 -6.53348238 10.11371609
v 7.50207347 -4.67200237 4.62539329
v 7.84264304 -6.81240843 2.42570488
v 14.5472877 2.0348969 8.4328616
v 12.13956451 2.46829698 9.81262058
v 13.82458017 1.55358207 9.60979628
v 7.91399956 -1.37540202 10.72424804
v 9.18127716 -0.83362733 11.21376441
v 9.35339494 1.03587481 10.77506632
v 9.90114949 1.38491756 7.31891553
v 11.5670658 1.84645369 10.08012177
v 10.67687819 1.78373427 7.05095023
v 10.19478044 1.14093598 10.55415975
v 9.12542079 0.98610085 7.58688084
v 7.30034897 0.80794 4.49249874
v 8.70421693 1.09018526 7.72074746
v 10.08651935 2.24036259 3.53005272
v 9.93016654 1.004893 10.64556715
v -0.86691061 -4.97969838 -28.28619449
v -3.06275308 -1.08575938 -28.84749868
v -1.02288018 -4.93050386 -28.66449152
v 1.63984987 -3.69092544 -29.15212404
v 1.48387927 -3.64173168 -29.5304187
v -0.55599201 0.20301363 -29.71342642
v 2.60026633 0.84767137 -14.63455975
v 4.59038572 1.87082917 -15.3220204
v 4.60502394 1.65486805 -15.31896877
v 2.6853313 0.66791797 -14.65583612
v 5.90403131 -0.39354466 -14.08964676
v 8.49611105 -4.47545309 -14.78860539
v 6.79435992 0.25195272 -15.98351117
v 5.75543375 0.16475168 -19.1208656
v 5.45519522 1.1060221 -18.58911485
v 6.34351557 1.20464582 -15.87074644
v 5.25761912 0.07344463 -13.89535093
v 5.48331502 0.85497142 -15.57695996
v 5.96939435 -0.17217779 -15.69853763
v 4.59038572 1.87082917 -15.3220204
v 2.60026633 0.84767137 -14.63455975
v 3.06606717 0.89938584 -13.20915248
v 5.05618655 1.92254364 -13.89661312
v 5.48331502 0.85497142 -15.57695996
v 5.56827601 1.12213837 -15.61441683
v 6.13942033 -0.0847643 -15.75727087
v 5.96939435 -0.17217779 -15.69853763
v 6.96438749 0.3393671 -16.04224497
v 6.79435992 0.25195272 -15.98351117
v 6.34351557 1.20464582 -15.87074644
v 6.47830813 1.36651636 -15.92066729
v 11.92647734 0.48919369 2.53086177
v 11.44039791 1.51634295 2.65243922
v 8.43444344 0.50257667 -11.54369474
v 10.93413417 -3.80369864 -10.71647103
v 10.49536189 -3.85241232 -12.05916764
v 7.4301867 0.39108073 -14.61683713
v 5.90403131 -0.39354466 -14.08964676
v 7.4301867 0.39108073 -14.61683713
v 6.47830813 1.36651636 -15.92066729
v 6.94410902 1.41823072 -14.49526003
v 6.94410902 1.41823072 -14.49526003
v 6.47830813 1.36651636 -15.92066729
v 7.4301867 0.39108073 -14.61683713
v 5.90403131 -0.39354466 -14.08964676
v 7.04719117 -0.21063613 -11.06448562
v 8.43444344 0.50257667 -11.54369474
v 8.39233335 1.57901649 -10.06351722
v 9.51115711 1.70323132 -6.63978029
v 8.55734935 1.5090428 3.59483964
v 4.5142915 1.06017161 -8.77740967
v 8.43444344 0.50257667 -11.54369474
v 7.04719117 -0.21063613 -11.06448562
v 9.77438176 1.73245523 -5.83428082
v 9.98462412 1.75579691 -5.19091359
v 11.40760133 -3.75113304 -9.26760388
v 11.19735882 -3.77447473 -9.91097156
v 11.00429485 -3.87373267 -9.84427913
v 10.74106991 -3.90295661 -10.64977951
v 9.27244458 1.78063243 -6.44231092
v 9.53566923 1.80985634 -5.63681145
v 10.24784876 1.78502082 -4.38541412
v 10.45207427 1.80769448 -3.7604592
v 11.87505148 -3.69923546 -7.83714949
v 11.67082598 -3.72190913 -8.46210441
v 11.47776171 -3.8211671 -8.39541289
v 11.21453707 -3.85039101 -9.20091236
v 9.74591159 1.83319801 -4.99344422
v 10.00913624 1.86242192 -4.18794475
v 10.71529892 1.83691839 -2.95495973
v 10.90652587 1.85814893 -2.36978196
v 12.32950309 -3.64878102 -6.44647225
v 12.13827613 -3.67001155 -7.03165002
v 11.44039791 1.51634295 2.65243922
v 12.4353912 2.02788768 2.30873209
v 11.94521186 -3.76926952 -6.9649585
v 11.68198722 -3.79849343 -7.77045797
v 10.21336174 1.88509559 -3.56298983
v 10.47658639 1.9143195 -2.75749036
v 11.16975052 1.88737284 -1.56428249
v 11.36695688 1.90926722 -0.96080702
v 12.78993389 -3.5976623 -5.03749725
v 12.59272753 -3.61955668 -5.64097273
v 6.3857538 0.54739632 -9.37037163
v 11.44039791 1.51634295 2.65243922
v 9.11874608 0.32273805 3.45442365
v 5.07568794 -0.12613317 -8.91782656
v 13.27373073 -3.94502821 -0.16851295
v 12.95846769 -1.6915371 2.27274113
v 12.39966347 -3.71881508 -5.57428126
v 12.13643882 -3.74803899 -6.37978073
v 10.66781335 1.93555003 -2.17231259
v 10.93103799 1.96477394 -1.36681312
v 12.86009447 -3.66769679 -4.16530632
v 12.59686983 -3.6969207 -4.97080578
v 11.12824435 1.98666832 -0.76333765
v 11.391469 2.01589223 0.04216182
v 13.05315854 -3.56843839 -4.23199778
v 11.63018153 1.93849113 -0.15530755
v 13.95346098 -1.17999238 1.929034
v 14.26872374 -3.43348306 -0.51222025
v 13.27373073 -3.94502821 -0.16851295
v 14.26872374 -3.43348306 -0.51222025
v 13.95346098 -1.17999238 1.929034
v 12.95846769 -1.6915371 2.27274113
v 12.4353912 2.02788768 2.30873209
v 12.9214706 1.00073831 2.1871544
v 11.92647734 0.48919369 2.53086177
v 12.9214706 1.00073831 2.1871544
v 10.74106991 -3.90295661 -10.64977951
v 10.93413417 -3.80369864 -10.71647103
v 9.51115711 1.70323132 -6.63978029
v 9.27244458 1.78063243 -6.44231092
v 11.00429485 -3.87373267 -9.84427913
v 9.53566923 1.80985634 -5.63681145
v 9.77438176 1.73245523 -5.83428082
v 11.19735882 -3.77447473 -9.91097156
v 11.21453707 -3.85039101 -9.20091236
v 11.40760133 -3.75113304 -9.26760388
v 9.98462412 1.75579691 -5.19091359
v 9.74591159 1.83319801 -4.99344422
v 11.47776171 -3.8211671 -8.39541289
v 10.00913624 1.86242192 -4.18794475
v 10.24784876 1.78502082 -4.38541412
v 11.67082598 -3.72190913 -8.46210441
v 11.87505148 -3.69923546 -7.83714949
v 10.45207427 1.80769448 -3.7604592
v 10.21336174 1.88509559 -3.56298983
v 11.94521186 -3.76926952 -6.9649585
v 10.71529892 1.83691839 -2.95495973
v 12.13827613 -3.67001155 -7.03165002
v 12.13643882 -3.74803899 -6.37978073
v 12.32950309 -3.64878102 -6.44647225
v 10.90652587 1.85814893 -2.36978196
v 10.66781335 1.93555003 -2.17231259
v 12.39966347 -3.71881508 -5.57428126
v 10.93103799 1.96477394 -1.36681312
v 11.16975052 1.88737284 -1.56428249
v 12.59272753 -3.61955668 -5.64097273
v 12.59686983 -3.6969207 -4.97080578
v 12.78993389 -3.5976623 -5.03749725
v 11.36695688 1.90926722 -0.96080702
v 11.12824435 1.98666832 -0.76333765
v 13.05315854 -3.56843839 -4.23199778
v 14.26872374 -3.43348306 -0.51222025
v 12.39966347 -3.71881508 -5.57428126
v 12.59272753 -3.61955668 -5.64097273
v 12.13827613 -3.67001155 -7.03165002
v 11.47776171 -3.8211671 -8.39541289
v 11.67082598 -3.72190913 -8.46210441
v 11.00429485 -3.87373267 -9.84427913
v 11.19735882 -3.77447473 -9.91097156
v 10.49536189 -3.85241232 -12.05916764
v 9.74591159 1.83319801 -4.99344422
v 9.98462412 1.75579691 -5.19091359
v 10.45207427 1.80769448 -3.7604592
v 10.66781335 1.93555003 -2.17231259
v 10.90652587 1.85814893 -2.36978196
v 11.12824435 1.98666832 -0.76333765
v 11.36695688 1.90926722 -0.96080702
v 12.4353912 2.02788768 2.30873209
v 11.63018153 1.93849113 -0.15530755
v 8.39233335 1.57901649 -10.06351722
v 9.27244458 1.78063243 -6.44231092
v 9.51115711 1.70323132 -6.63978029
v 5.75543375 0.16475168 -19.1208656
v 6.79435992 0.25195272 -15.98351117
v 6.96438749 0.3393671 -16.04224497
v 5.9254597 0.25216522 -19.17959884
v 8.03031213 -4.52716669 -16.21401232
v 5.25761912 0.07344463 -13.89535093
v 3.80930037 -0.67116316 -13.39504922
v 3.16166312 -0.33863348 -14.77497575
v 5.48331502 0.85497142 -15.57695996
v 8.49611105 -4.47545309 -14.78860539
v 9.49110397 -3.9639084 -15.13231365
v 0.58342429 0.43455858 -21.08792752
v 2.6853313 0.66791797 -14.65583612
v 4.60502394 1.65486805 -15.31896877
v 5.57292588 0.14448917 -19.6793619
v 5.37681136 0.122716 -20.27949619
v 5.07657225 1.06398635 -19.74774725
v 5.27268736 1.08575958 -19.14761115
v 5.56827601 1.12213837 -15.61441683
v 3.46637056 0.88877992 -22.04650878
v 4.02485945 -0.29138442 -22.1861973
v 6.13942033 -0.0847643 -15.75727087
v 5.37681136 0.122716 -20.27949619
v 5.57292588 0.14448917 -19.6793619
v 5.74295183 0.2319027 -19.73809514
v 5.54683893 0.21013038 -20.33822999
v 4.02485945 -0.29138442 -22.1861973
v 3.85483188 -0.37879879 -22.12746351
v 5.96939435 -0.17217779 -15.69853763
v 6.13942033 -0.0847643 -15.75727087
v 7.36842209 -4.19957361 -21.62798418
v 5.9254597 0.25216522 -19.17959884
v 6.40489928 -4.30654652 -24.57648132
v 6.19432844 -4.32992466 -25.22085371
v 4.75136801 0.12181561 -22.77246705
v 4.96193825 0.14519369 -22.12809647
v 9.02530535 -4.01562197 -16.55771967
v 5.1943035 0.10245349 -20.83799249
v 4.97441998 0.07804143 -21.51086282
v 4.67418087 1.01931178 -20.97911387
v 4.89406438 1.04372384 -20.30624355
v 4.97441998 0.07804143 -21.51086282
v 5.1943035 0.10245349 -20.83799249
v 5.36432885 0.18986696 -20.89672754
v 5.14444696 0.16545573 -21.56959842
v 4.10163064 1.20655494 -22.26563089
v 2.48847871 1.63746979 -21.7541118
v 2.50311693 1.42150867 -21.75106017
v 4.21017308 0.97618011 -22.31936016
v 3.07659815 -0.15888007 -14.75369939
v 0.97469028 -0.39223977 -21.1857905
v 3.46637056 0.88877992 -22.04650878
v 5.56827601 1.12213837 -15.61441683
v 2.05697983 0.47457056 -26.06196271
v 3.05197141 0.98611445 -26.40566951
v 7.17535945 -4.29883075 -21.56129322
v 6.99285158 -4.31909327 -22.11978952
v 5.24298403 1.09453942 -19.12825839
v 5.4254919 1.11480194 -18.56976209
v 4.57375599 0.02427319 -22.65848978
v 4.79191127 0.05777938 -22.06936086
v 4.96193825 0.14519369 -22.12809647
v 4.75136801 0.12181561 -22.77246705
v 3.85483188 -0.37879879 -22.12746351
v 5.92840453 -4.76052614 -22.64610553
v 1.32325957 1.50810401 -25.31982423
v -0.6668604 0.48494615 -24.63236539
v 0.49835932 0.61431198 -21.06665115
v 4.04245389 1.09608125 -23.37467787
v 4.24416733 1.11847613 -22.75741002
v 4.56885955 0.10155303 -23.33096517
v 4.36714606 0.07915825 -23.948233
v 4.02485945 -0.29138442 -22.1861973
v 3.46637056 0.88877992 -22.04650878
v 3.38140737 0.62161208 -22.00905316
v 3.85483188 -0.37879879 -22.12746351
v 7.18591423 -4.21983613 -22.18648048
v 6.98979912 -4.24160936 -22.78661658
v 5.54683893 0.21013038 -20.33822999
v 5.74295183 0.2319027 -19.73809514
v 6.80729066 -4.26187194 -23.3451147
v 6.58740774 -4.28628393 -24.0179832
v 5.14444696 0.16545573 -21.56959842
v 5.36432885 0.18986696 -20.89672754
v 4.79191127 0.05777938 -22.06936086
v 4.57375599 0.02427319 -22.65848978
v 4.49167241 0.9990492 -21.53761199
v 6.01181978 -4.35018681 -25.77935177
v 5.81010629 -4.37258159 -26.39661961
v 6.3943451 -4.38554107 -23.95129225
v 6.21183501 -4.40580449 -24.5097898
v 4.46197135 1.00782983 -21.51825799
v 4.64447981 1.02809241 -20.95975988
v 3.05197141 0.98611445 -26.40566951
v 3.85994543 1.07581867 -23.93317599
v 4.18463785 0.05889514 -24.50673118
v 3.4087855 -0.02724208 -26.88093386
v 0.97469028 -0.39223977 -21.1857905
v 1.05975524 -0.57199318 -21.20706686
v 2.05697983 0.47457056 -26.06196271
v 3.38140737 0.62161208 -22.00905316
v 5.45519522 1.1060221 -18.58911485
v 5.75543375 0.16475168 -19.1208656
v 7.17535945 -4.29883075 -21.56129322
v 5.4254919 1.11480194 -18.56976209
v 5.9254597 0.25216522 -19.17959884
v 7.36842209 -4.19957361 -21.62798418
v 6.99285158 -4.31909327 -22.11978952
v 5.57292588 0.14448917 -19.6793619
v 5.27268736 1.08575958 -19.14761115
v 5.24298403 1.09453942 -19.12825839
v 7.18591423 -4.21983613 -22.18648048
v 5.74295183 0.2319027 -19.73809514
v 3.4087855 -0.02724208 -26.88093386
v 2.41379288 -0.53878674 -26.53722469
v 5.61704424 -4.47183866 -26.32992684
v 5.43453416 -4.49210207 -26.88842439
v 3.99459146 -0.04002755 -24.43080426
v 4.17503279 -0.01999399 -23.87863759
v 3.38140737 0.62161208 -22.00905316
v 1.05975524 -0.57199318 -21.20706686
v -0.26467208 -0.71903434 -25.25997851
v 2.05697983 0.47457056 -26.06196271
v 5.62759842 -4.3928441 -26.95511591
v 4.82665927 -3.93807649 -28.59690528
v 6.73033569 -4.34823849 -22.92312012
v 6.61422861 -4.36112901 -23.27842193
v 5.07657225 1.06398635 -19.74774725
v 5.37681136 0.122716 -20.27949619
v 6.79673485 -4.34086733 -22.71992507
v 5.04686957 1.07276615 -19.7283927
v 5.54683893 0.21013038 -20.33822999
v 6.98979912 -4.24160936 -22.78661658
v 4.20527918 -4.95183216 -27.91907893
v 3.83166606 -4.44962121 -28.25319792
v 4.82665927 -3.93807649 -28.59690528
v 4.08953585 -4.88527789 -28.15508883
v 6.00126418 -4.42918263 -25.15416219
v 5.81875793 -4.44944431 -25.71265905
v 4.37715728 0.00244562 -23.26010023
v 4.94174874 -4.18180763 -28.62648319
v 3.94675553 -4.69335235 -28.28277583
v 4.08953585 -4.88527789 -28.15508883
v 5.08452906 -4.37373316 -28.49879618
v 5.20027219 -4.44028701 -28.26278624
v 4.20527918 -4.95183216 -27.91907893
v 5.08452906 -4.37373316 -28.49879618
v 4.08953585 -4.88527789 -28.15508883
v 5.81875793 -4.44944431 -25.71265905
v 6.01181978 -4.35018681 -25.77935177
v 4.56885955 0.10155303 -23.33096517
v 4.37715728 0.00244562 -23.26010023
v 6.61422861 -4.36112901 -23.27842193
v 5.1943035 0.10245349 -20.83799249
v 4.89406438 1.04372384 -20.30624355
v 4.86436111 1.05250357 -20.28689081
v 6.80729066 -4.26187194 -23.3451147
v 5.36432885 0.18986696 -20.89672754
v 4.67418087 1.01931178 -20.97911387
v 4.97441998 0.07804143 -21.51086282
v 6.3943451 -4.38554107 -23.95129225
v 4.64447981 1.02809241 -20.95975988
v 5.14444696 0.16545573 -21.56959842
v 6.58740774 -4.28628393 -24.0179832
v 4.17503279 -0.01999399 -23.87863759
v 4.36714606 0.07915825 -23.948233
v 5.81010629 -4.37258159 -26.39661961
v 5.61704424 -4.47183866 -26.32992684
v 6.21183501 -4.40580449 -24.5097898
v 4.79191127 0.05777938 -22.06936086
v 4.49167241 0.9990492 -21.53761199
v 4.46197135 1.00782983 -21.51825799
v 6.40489928 -4.30654652 -24.57648132
v 4.96193825 0.14519369 -22.12809647
v 5.43453416 -4.49210207 -26.88842439
v 5.62759842 -4.3928441 -26.95511591
v 4.18463785 0.05889514 -24.50673118
v 3.99459146 -0.04002755 -24.43080426
v 6.00126418 -4.42918263 -25.15416219
v 4.57375599 0.02427319 -22.65848978
v 4.75136801 0.12181561 -22.77246705
v 6.19432844 -4.32992466 -25.22085371
v 4.24416733 1.11847613 -22.75741002
v 4.04245389 1.09608125 -23.37467787
v 3.61017617 1.15199223 -23.76954156
v 3.85994543 1.07581867 -23.93317599
v 3.05197141 0.98611445 -26.40566951
v 4.64447981 1.02809241 -20.95975988
v 4.86436111 1.05250357 -20.28689081
v 4.89406438 1.04372384 -20.30624355
v 4.67418087 1.01931178 -20.97911387
v 5.04686957 1.07276615 -19.7283927
v 5.27268736 1.08575958 -19.14761115
v 5.07657225 1.06398635 -19.74774725
v 4.46197135 1.00782983 -21.51825799
v 4.49167241 0.9990492 -21.53761199
v 4.21017308 0.97618011 -22.31936016
v 7.36842209 -4.19957361 -21.62798418
v 6.99285158 -4.31909327 -22.11978952
v 6.79673485 -4.34086733 -22.71992507
v 6.98979912 -4.24160936 -22.78661658
v 7.18591423 -4.21983613 -22.18648048
v 6.61422861 -4.36112901 -23.27842193
v 6.73033569 -4.34823849 -22.92312012
v 6.3943451 -4.38554107 -23.95129225
v 6.58740774 -4.28628393 -24.0179832
v 6.80729066 -4.26187194 -23.3451147
v 6.21183501 -4.40580449 -24.5097898
v 6.00126418 -4.42918263 -25.15416219
v 6.19432844 -4.32992466 -25.22085371
v 6.40489928 -4.30654652 -24.57648132
v 5.81010629 -4.37258159 -26.39661961
v 6.01181978 -4.35018681 -25.77935177
v 5.43453416 -4.49210207 -26.88842439
v 5.62759842 -4.3928441 -26.95511591
v 3.06606717 0.89938584 -13.20915248
v 3.80930037 -0.67116316 -13.39504922
v 4.5142915 1.06017161 -8.77740967
v 5.07568794 -0.12613317 -8.91782656
v 3.07659815 -0.15888007 -14.75369939
v 3.16166312 -0.33863348 -14.77497575
v 0.49835932 0.61431198 -21.06665115
v 0.58342429 0.43455858 -21.08792752
v 12.86009447 -3.66769679 -4.16530632
v 13.05315854 -3.56843839 -4.23199778
v 4.24416733 1.11847613 -22.75741002
v 3.99439969 1.19465052 -22.59377616
v 3.79268625 1.17225564 -23.21104401
v 4.04245389 1.09608125 -23.37467787
v 3.61017617 1.15199223 -23.76954156
v 3.79268625 1.17225564 -23.21104401
v 3.85994543 1.07581867 -23.93317599
v 3.61017617 1.15199223 -23.76954156
v 0.76563866 -0.31903212 -13.99270347
v 0.61014695 -0.17548643 -13.94709911
v 3.85280886 -6.86266207 -13.18463754
v 2.32305473 -2.23459218 -12.85264435
v 0.50112401 -2.9835182 -13.80959536
v 0.05028047 -2.03082469 -13.6968309
v -0.83804127 -2.12944889 -16.41520085
v -0.53780297 -3.07071966 -16.94694951
v 2.3609806 -1.41577171 -12.89474514
v 1.32609054 -2.5593876 -14.09456922
v 0.84001202 -1.53223797 -13.97299183
v 0.61014695 -0.17548643 -13.94709911
v 1.07594778 -0.12377197 -12.52169183
v 0.84001202 -1.53223797 -13.97299183
v 1.32609054 -2.5593876 -14.09456922
v 1.15606402 -2.64680125 -14.0358378
v 0.58491948 -1.43989894 -13.89298167
v 0.33109725 -3.07093216 -13.75086185
v -0.15498129 -2.04378248 -13.62928445
v 0.05028047 -2.03082469 -13.6968309
v 0.50112401 -2.9835182 -13.80959536
v 7.28317352 -1.89801612 4.13483018
v 6.79709498 -0.87086644 4.25640758
v 1.8011538 -2.90772251 -9.25230981
v 3.86207166 -7.26271158 -9.76778451
v 4.30084394 -7.21399789 -8.4250879
v 0.79689809 -3.01921769 -12.32545457
v 2.32305473 -2.23459218 -12.85264435
v 0.79689809 -3.01921769 -12.32545457
v 0.31081938 -1.99206847 -12.20387509
v -0.15498129 -2.04378248 -13.62928445
v 0.31081938 -1.99206847 -12.20387509
v -0.15498129 -2.04378248 -13.62928445
v 0.79689809 -3.01921769 -12.32545457
v 1.8011538 -2.90772251 -9.25230981
v 3.18840622 -2.19451003 -9.73151897
v 2.32305473 -2.23459218 -12.85264435
v 1.75904312 -1.83128276 -7.77213409
v 2.87786688 -1.70706793 -4.34839716
v 3.18840622 -2.19451003 -9.73151897
v 1.8011538 -2.90772251 -9.25230981
v 3.14109152 -1.67784402 -3.5428977
v 4.56406858 -7.18477398 -7.61958843
v 4.77431139 -7.16143226 -6.97621985
v 3.35133374 -1.65450236 -2.89953092
v 4.75713285 -7.08551601 -7.68627995
v 3.28850738 -1.401927 -3.47881182
v 3.02528273 -1.43115091 -4.28431128
v 4.4939082 -7.11473992 -8.49177942
v 3.61455838 -1.62527845 -2.09403145
v 5.03753604 -7.13220835 -6.17072038
v 5.2417611 -7.10953473 -5.54576682
v 3.81878418 -1.60260475 -1.46907562
v 5.23060001 -7.03295041 -6.2374128
v 3.76197453 -1.34936139 -2.02994467
v 3.49874989 -1.3785853 -2.83544413
v 4.96737536 -7.06217432 -7.04291227
v 4.08200868 -1.57338086 -0.66357661
v 5.50498575 -7.08031082 -4.74026735
v 5.696213 -7.05908026 -4.15508867
v 4.27323564 -1.55215033 -0.07839884
v 6.79709498 -0.87086644 4.25640758
v 5.80210096 -1.38241158 4.60011521
v 5.69805016 -6.98105284 -4.80695842
v 4.22942476 -1.29746381 -0.59949005
v 3.96620004 -1.32668773 -1.40498974
v 5.43482551 -7.01027675 -5.61245788
v 4.53646028 -1.52292642 0.72710063
v 5.95943744 -7.02985592 -3.34958915
v 6.1566438 -7.00796154 -2.74611367
v 4.73366665 -1.50103203 1.33057611
v 3.76562179 -0.79966269 -8.4652824
v 6.79709498 -0.87086644 4.25640758
v 8.31516476 -4.07874649 3.87670949
v 8.63042773 -6.33223761 1.43545518
v 6.15250176 -6.93059839 -3.41628118
v 4.68387636 -1.24700937 0.79118719
v 4.42065172 -1.27623328 -0.01431228
v 5.88927712 -6.9598223 -4.22178064
v 6.61293277 -6.8794801 -2.00730623
v 5.14430737 -1.19589107 2.20016213
v 4.88108272 -1.22511498 1.39466267
v 6.34970812 -6.90870401 -2.8128057
v 6.41986845 -6.97873763 -1.94061421
v 7.6354335 -6.84378231 1.77916287
v 7.32017074 -4.59029163 4.22041712
v 4.99689129 -1.47180812 2.13607557
v 8.63042773 -6.33223761 1.43545518
v 8.31516476 -4.07874649 3.87670949
v 7.32017074 -4.59029163 4.22041712
v 7.6354335 -6.84378231 1.77916287
v 6.28818036 -2.40956095 4.47853752
v 5.80210096 -1.38241158 4.60011521
v 7.28317352 -1.89801612 4.13483018
v 6.28818036 -2.40956095 4.47853752
v 4.4939082 -7.11473992 -8.49177942
v 3.02528273 -1.43115091 -4.28431128
v 2.87786688 -1.70706793 -4.34839716
v 4.30084394 -7.21399789 -8.4250879
v 4.75713285 -7.08551601 -7.68627995
v 4.56406858 -7.18477398 -7.61958843
v 3.14109152 -1.67784402 -3.5428977
v 3.28850738 -1.401927 -3.47881182
v 4.96737536 -7.06217432 -7.04291227
v 3.49874989 -1.3785853 -2.83544413
v 3.35133374 -1.65450236 -2.89953092
v 4.77431139 -7.16143226 -6.97621985
v 5.23060001 -7.03295041 -6.2374128
v 5.03753604 -7.13220835 -6.17072038
v 3.61455838 -1.62527845 -2.09403145
v 3.76197453 -1.34936139 -2.02994467
v 3.96620004 -1.32668773 -1.40498974
v 3.81878418 -1.60260475 -1.46907562
v 5.2417611 -7.10953473 -5.54576682
v 5.69805016 -6.98105284 -4.80695842
v 5.50498575 -7.08031082 -4.74026735
v 4.08200868 -1.57338086 -0.66357661
v 5.88927712 -6.9598223 -4.22178064
v 4.42065172 -1.27623328 -0.01431228
v 4.27323564 -1.55215033 -0.07839884
v 5.696213 -7.05908026 -4.15508867
v 6.15250176 -6.93059839 -3.41628118
v 5.95943744 -7.02985592 -3.34958915
v 4.53646028 -1.52292642 0.72710063
v 4.68387636 -1.24700937 0.79118719
v 6.34970812 -6.90870401 -2.8128057
v 4.88108272 -1.22511498 1.39466267
v 4.73366665 -1.50103203 1.33057611
v 6.1566438 -7.00796154 -2.74611367
v 7.6354335 -6.84378231 1.77916287
v 6.41986845 -6.97873763 -1.94061421
v 6.15250176 -6.93059839 -3.41628118
v 5.95943744 -7.02985592 -3.34958915
v 5.50498575 -7.08031082 -4.74026735
v 5.03753604 -7.13220835 -6.17072038
v 5.23060001 -7.03295041 -6.2374128
v 4.56406858 -7.18477398 -7.61958843
v 4.75713285 -7.08551601 -7.68627995
v 3.86207166 -7.26271158 -9.76778451
v 3.35133374 -1.65450236 -2.89953092
v 3.49874989 -1.3785853 -2.83544413
v 3.81878418 -1.60260475 -1.46907562
v 4.27323564 -1.55215033 -0.07839884
v 4.42065172 -1.27623328 -0.01431228
v 4.73366665 -1.50103203 1.33057611
v 4.88108272 -1.22511498 1.39466267
v 4.99689129 -1.47180812 2.13607557
v 5.80210096 -1.38241158 4.60011521
v 1.75904312 -1.83128276 -7.77213409
v 2.87786688 -1.70706793 -4.34839716
v 3.02528273 -1.43115091 -4.28431128
v -0.53780297 -3.07071966 -16.94694951
v -0.70782892 -3.1581332 -16.88821627
v 0.33109725 -3.07093216 -13.75086185
v 0.50112401 -2.9835182 -13.80959536
v 3.38700913 -6.91437608 -14.61004419
v 2.3609806 -1.41577171 -12.89474514
v 0.84001202 -1.53223797 -13.97299183
v 2.85781595 -7.37420675 -12.84092927
v 3.85280886 -6.86266207 -13.18463754
v 0.76563866 -0.31903212 -13.99270347
v -0.72031084 -3.09098218 -17.50544581
v -1.02054914 -2.14971141 -16.97369715
v -1.21666284 -2.17148416 -17.57383172
v -0.91642373 -3.11275451 -18.10558066
v 0.58491948 -1.43989894 -13.89298167
v 1.15606402 -2.64680125 -14.0358378
v -0.95849626 -2.85342131 -20.46476242
v -1.51698817 -1.67325828 -20.32507487
v -0.91642373 -3.11275451 -18.10558066
v -1.0864513 -3.20016888 -18.04684687
v -0.89033679 -3.17839571 -17.44671257
v -0.72031084 -3.09098218 -17.50544581
v -0.95849626 -2.85342131 -20.46476242
v 1.15606402 -2.64680125 -14.0358378
v 1.32609054 -2.5593876 -14.09456922
v -0.78847031 -2.76600777 -20.52349566
v -0.70782892 -3.1581332 -16.88821627
v 0.73513105 -7.60987328 -19.33660078
v -0.22839096 -7.71684577 -22.28509819
v -1.67135058 -3.26510508 -19.83671181
v -1.88192223 -3.28848364 -20.48108393
v -0.43896179 -7.74022391 -22.92947059
v 2.39201511 -7.42592122 -14.26633655
v -1.09893381 -3.13301792 -18.66407821
v -1.39917211 -2.19174715 -18.13232955
v -1.61905563 -2.21615921 -18.80519987
v -1.31881651 -3.15742956 -19.33694881
v -1.31881651 -3.15742956 -19.33694881
v -1.48884187 -3.24484304 -19.27821377
v -1.26895917 -3.22043139 -18.60534317
v -1.09893381 -3.13301792 -18.66407821
v -2.14553107 -2.00522838 -20.10763081
v -2.04950965 -2.24204027 -20.15703687
v -1.33626835 -0.55239151 -20.42479487
v -1.49176006 -0.40884582 -20.37919051
v 0.58491948 -1.43989894 -13.89298167
v -1.51698817 -1.67325828 -20.32507487
v -2.58632399 -1.91263925 -24.4579943
v -3.58131661 -2.42418391 -24.11428513
v 0.92819472 -7.51061538 -19.40329411
v -0.82166981 -2.09698138 -16.411762
v -1.00417767 -2.1172439 -16.9702583
v 0.74568685 -7.5308779 -19.96179041
v -1.67340572 -3.18751012 -20.50048969
v -1.88192223 -3.28848364 -20.48108393
v -1.67135058 -3.26510508 -19.83671181
v -1.50132523 -3.17769161 -19.89544686
v 1.28510212 -7.14773547 -21.04213559
v -0.78847031 -2.76600777 -20.52349566
v -2.6569806 -0.53821207 -23.94490447
v -2.59083634 -2.314218 -21.08329475
v -2.26614278 -3.33114052 -21.65684835
v -2.06443069 -3.30874622 -21.03958204
v -2.3891229 -2.29182312 -20.4660269
v -0.95849626 -2.85342131 -20.46476242
v -0.78847031 -2.76600777 -20.52349566
v -1.26189504 -1.76559725 -20.40508322
v -1.51698817 -1.67325828 -20.32507487
v 0.55262318 -7.6301358 -19.89509708
v -0.89033679 -3.17839571 -17.44671257
v -1.0864513 -3.20016888 -18.04684687
v 0.35650888 -7.65190861 -20.49523346
v 0.17399961 -7.67217161 -21.05373129
v -1.26895917 -3.22043139 -18.60534317
v -1.48884187 -3.24484304 -19.27821377
v -0.04588331 -7.69658361 -21.7265998
v -1.50132523 -3.17769161 -19.89544686
v -1.80156268 -2.23642131 -19.36369645
v -1.67340572 -3.18751012 -20.50048969
v -0.62146905 -7.76048558 -23.48796712
v -0.82318254 -7.78288036 -24.10523495
v 0.14718037 -7.5973257 -21.79329313
v -1.60268492 -2.18369222 -18.80176076
v -1.78519338 -2.20395481 -19.36025887
v -0.03532669 -7.6175878 -22.35178971
v -3.58131661 -2.42418391 -24.11428513
v -3.22450334 -3.43754085 -24.5895492
v -2.44865098 -3.35140363 -22.21534652
v -2.7733434 -2.3344801 -21.64179133
v -2.58632399 -1.91263925 -24.4579943
v -1.26189504 -1.76559725 -20.40508322
v -0.83804127 -2.12944889 -16.41520085
v -0.82166981 -2.09698138 -16.411762
v 0.92819472 -7.51061538 -19.40329411
v -0.53780297 -3.07071966 -16.94694951
v 0.73513105 -7.60987328 -19.33660078
v -0.70782892 -3.1581332 -16.88821627
v 0.74568685 -7.5308779 -19.96179041
v -1.00417767 -2.1172439 -16.9702583
v -1.02054914 -2.14971141 -16.97369715
v -0.72031084 -3.09098218 -17.50544581
v -0.89033679 -3.17839571 -17.44671257
v 0.55262318 -7.6301358 -19.89509708
v -3.22450334 -3.43754085 -24.5895492
v -2.22951013 -2.92599613 -24.93325656
v -0.63012049 -7.68362329 -24.17192772
v -2.07213194 -3.23177862 -21.72063847
v -2.25257025 -3.25181087 -22.27280418
v -0.81262755 -7.70388539 -24.7304243
v -1.26189504 -1.76559725 -20.40508322
v -2.58632399 -1.91263925 -24.4579943
v -1.80663096 -7.34837575 -26.30552216
v -1.00569181 -7.80314336 -24.66373279
v 0.36706388 -7.57291364 -21.12042281
v 0.48317096 -7.56002312 -20.765121
v -1.21666284 -2.17148416 -17.57383172
v -1.20029214 -2.13901716 -17.57039261
v 0.54957315 -7.55265064 -20.56192498
v -0.91642373 -3.11275451 -18.10558066
v 0.35650888 -7.65190861 -20.49523346
v -1.0864513 -3.20016888 -18.04684687
v -0.43802464 -7.33904198 -26.31511052
v -0.81163775 -6.83683103 -26.64922951
v -1.80663096 -7.34837575 -26.30552216
v -0.55376796 -7.2724877 -26.55112042
v -0.24589753 -7.64096594 -22.99616211
v -1.87000361 -3.20933728 -21.10210042
v -0.4284068 -7.66122894 -23.55465994
v -0.69654748 -7.08056175 -26.6788077
v -1.69154069 -7.59210647 -26.33510034
v -0.55376796 -7.2724877 -26.55112042
v -0.43802464 -7.33904198 -26.31511052
v -1.43301805 -7.85058627 -25.97140311
v -1.54876117 -7.78403242 -26.20741306
v -0.55376796 -7.2724877 -26.55112042
v -1.54876117 -7.78403242 -26.20741306
v -0.4284068 -7.66122894 -23.55465994
v -1.87000361 -3.20933728 -21.10210042
v -2.06443069 -3.30874622 -21.03958204
v -0.62146905 -7.76048558 -23.48796712
v 0.36706388 -7.57291364 -21.12042281
v -1.3828006 -2.15927975 -18.12889072
v -1.39917211 -2.19174715 -18.13232955
v -1.09893381 -3.13301792 -18.66407821
v -1.26895917 -3.22043139 -18.60534317
v 0.17399961 -7.67217161 -21.05373129
v -1.61905563 -2.21615921 -18.80519987
v -1.60268492 -2.18369222 -18.80176076
v 0.14718037 -7.5973257 -21.79329313
v -1.31881651 -3.15742956 -19.33694881
v -0.04588331 -7.69658361 -21.7265998
v -1.48884187 -3.24484304 -19.27821377
v -2.07213194 -3.23177862 -21.72063847
v -0.63012049 -7.68362329 -24.17192772
v -0.82318254 -7.78288036 -24.10523495
v -2.26614278 -3.33114052 -21.65684835
v -0.03532669 -7.6175878 -22.35178971
v -1.78519338 -2.20395481 -19.36025887
v -1.80156268 -2.23642131 -19.36369645
v -1.50132523 -3.17769161 -19.89544686
v -1.67135058 -3.26510508 -19.83671181
v -0.22839096 -7.71684577 -22.28509819
v -0.81262755 -7.70388539 -24.7304243
v -2.25257025 -3.25181087 -22.27280418
v -2.44865098 -3.35140363 -22.21534652
v -1.00569181 -7.80314336 -24.66373279
v -0.24589753 -7.64096594 -22.99616211
v -0.43896179 -7.74022391 -22.92947059
v -1.88192223 -3.28848364 -20.48108393
v -1.67340572 -3.18751012 -20.50048969
v -2.59083634 -2.314218 -21.08329475
v -2.3891229 -2.29182312 -20.4660269
v -3.58131661 -2.42418391 -24.11428513
v -2.7733434 -2.3344801 -21.64179133
v -2.63698553 -2.05979109 -21.61154147
v -1.60268492 -2.18369222 -18.80176076
v -1.61905563 -2.21615921 -18.80519987
v -1.39917211 -2.19174715 -18.13232955
v -1.3828006 -2.15927975 -18.12889072
v -1.20029214 -2.13901716 -17.57039261
v -1.21666284 -2.17148416 -17.57383172
v -1.02054914 -2.14971141 -16.97369715
v -2.04950965 -2.24204027 -20.15703687
v -1.80156268 -2.23642131 -19.36369645
v -1.78519338 -2.20395481 -19.36025887
v 0.73513105 -7.60987328 -19.33660078
v 0.74568685 -7.5308779 -19.96179041
v 0.55262318 -7.6301358 -19.89509708
v 0.35650888 -7.65190861 -20.49523346
v 0.54957315 -7.55265064 -20.56192498
v 0.48317096 -7.56002312 -20.765121
v 0.36706388 -7.57291364 -21.12042281
v 0.17399961 -7.67217161 -21.05373129
v -0.04588331 -7.69658361 -21.7265998
v 0.14718037 -7.5973257 -21.79329313
v -0.03532669 -7.6175878 -22.35178971
v -0.22839096 -7.71684577 -22.28509819
v -0.43896179 -7.74022391 -22.92947059
v -0.24589753 -7.64096594 -22.99616211
v -0.62146905 -7.76048558 -23.48796712
v -0.82318254 -7.78288036 -24.10523495
v -0.81262755 -7.70388539 -24.7304243
v -1.00569181 -7.80314336 -24.66373279
v 6.61293277 -6.8794801 -2.00730623
v 6.41986845 -6.97873763 -1.94061421
v -2.25276504 -2.01713411 -20.43577704
v -2.3891229 -2.29182312 -20.4660269
v -2.59083634 -2.314218 -21.08329475
v -2.45447848 -2.03952899 -21.05304489
v -2.45447848 -2.03952899 -21.05304489
v -2.63698553 -2.05979109 -21.61154147
v -2.63698553 -2.05979109 -21.61154147
v -2.7733434 -2.3344801 -21.64179133
v 15.74355706 -4.01055889 12.79456618
v 16.30095949 -3.22295664 12.58384117
v 17.14112171 -3.2753179 14.42115361
v 16.53811402 -4.127356 14.64911948
v 16.59762929 -2.2900639 12.4530483
v 17.46206409 -2.26609665 14.27965961
v 16.59762929 -2.2900639 12.4530483
v 16.60452886 -1.30318934 12.41498934
v 17.46952794 -1.19848014 14.2384869
v 17.46206409 -2.26609665 14.27965961
v 16.32098001 -0.35894105 12.4733919
v 17.1627812 -0.17697642 14.3016663
v 15.77474449 0.45025359 12.62253417
v 16.57185337 0.69842366 14.46301236
v 15.01928581 1.04518237 12.84782198
v 15.7545862 1.3420275 14.70673227
v 15.01928581 1.04518237 12.84782198
v 14.12855698 1.36761408 13.1272003
v 14.79098082 1.69083794 15.00896947
v 15.7545862 1.3420275 14.70673227
v 13.18974515 1.3859819 13.43332297
v 13.77535884 1.71070927 15.34013696
v 12.29475055 1.09849155 13.73622354
v 12.80714023 1.39969785 15.66781934
v 11.53118099 0.53328288 14.00625221
v 11.98109757 0.78824581 15.95994098
v 10.97378195 -0.25431589 14.21697599
v 11.37809301 -0.06379254 16.18790583
v 10.67711182 -1.1872122 14.34776909
v 11.05715094 -1.07301443 16.32939975
v 10.67711182 -1.1872122 14.34776909
v 10.67021177 -2.17408361 14.38582809
v 11.04968713 -2.14062678 16.3705723
v 11.05715094 -1.07301443 16.32939975
v 10.95375691 -3.11833406 14.32742783
v 11.35643104 -3.16213303 16.30739392
v 11.49999609 -3.92752643 14.17828327
v 11.94736155 -4.03753027 16.14604688
v 12.2554538 -4.52245531 13.95299578
v 12.76462852 -4.68113368 15.90232702
v 12.2554538 -4.52245531 13.95299578
v 13.14618416 -4.84488597 13.67361693
v 13.72823451 -5.02994473 15.60009065
v 12.76462852 -4.68113368 15.90232702
v 14.0849935 -4.86325281 13.36749504
v 14.74385396 -5.04981564 15.26892297
v 14.97998562 -4.57576573 13.0645954
v 15.71206973 -4.73880674 14.9412416
v 14.50586704 -3.94441588 9.57987213
v 21.85421082 -3.66240012 30.56456671
v 22.48507978 -2.77099319 30.32606991
v 15.01798854 -3.22079529 9.3862655
v 22.82085134 -1.71513972 30.17803812
v 15.29055806 -2.36368344 9.2660976
v 15.29055806 -2.36368344 9.2660976
v 22.82085134 -1.71513972 30.17803812
v 22.82866152 -0.59819468 30.13496257
v 15.2968969 -1.45697899 9.23113049
v 22.50773988 0.470506 30.20105977
v 15.03638453 -0.58943761 9.28478704
v 21.88950786 1.38635431 30.36986094
v 14.53452046 0.15402216 9.42181531
v 21.03447931 2.05969809 30.6248437
v 13.84043136 0.70062399 9.62880183
v 13.84043136 0.70062399 9.62880183
v 21.03447931 2.05969809 30.6248437
v 20.02634982 2.4246249 30.94104498
v 13.022061 0.99686074 9.88548489
v 18.96380054 2.44541495 31.28751323
v 12.15951308 1.013737 10.16673982
v 17.95084479 2.12003313 31.63033839
v 11.33722322 0.74960186 10.44503428
v 17.08663403 1.4803281 31.9359578
v 10.63568285 0.23030722 10.69312699
v 16.45576779 0.588921 32.17445573
v 10.12356444 -0.49331139 10.88673254
v 16.11999578 -0.46693151 32.32248763
v 9.85099335 -1.35042205 11.00690091
v 9.85099335 -1.35042205 11.00690091
v 16.11999578 -0.46693151 32.32248763
v 16.11218884 -1.58387488 32.36556207
v 9.8446546 -2.25712668 11.04186799
v 16.43310507 -2.65257823 32.29946472
v 10.10516582 -3.12466989 10.98821188
v 17.05134006 -3.56842428 32.1306625
v 10.60703081 -3.86812735 10.85118322
v 17.90636684 -4.24176729 31.8756823
v 11.30111918 -4.41472765 10.64419689
v 11.30111918 -4.41472765 10.64419689
v 17.90636684 -4.24176729 31.8756823
v 18.91449613 -4.60669366 31.55948107
v 12.11949127 -4.71096591 10.38751332
v 19.97704289 -4.62748397 31.21301164
v 12.98203569 -4.72784117 10.1062595
v 20.99000136 -4.30210232 30.8701876
v 13.8043246 -4.46370613 9.82796536
v 15.91333348 -3.38565841 10.79481528
v 16.22994825 -2.39004979 10.65522935
v 16.22994825 -2.39004979 10.65522935
v 16.23731245 -1.33683056 10.61461154
v 15.9347034 -0.32910574 10.67693871
v 15.35174385 0.53448749 10.83610922
v 14.54549861 1.16941268 11.0765422
v 14.54549861 1.16941268 11.0765422
v 13.5948888 1.51351851 11.37470234
v 12.59296589 1.53312152 11.70140391
v 11.63780543 1.22630536 12.0246669
v 10.82290393 0.62309939 12.3128486
v 10.22803288 -0.21744716 12.53773863
v 9.91141816 -1.21305802 12.67732462
v 9.91141816 -1.21305802 12.67732462
v 9.90405474 -2.26627253 12.71794201
v 10.2066621 -3.27400015 12.65561549
v 10.7896219 -4.13759178 12.49644484
v 11.59586644 -4.77251547 12.25601203
v 11.59586644 -4.77251547 12.25601203
v 12.5464766 -5.11662205 11.95785181
v 13.54839803 -5.13622409 11.63115068
v 14.50355688 -4.82941089 11.30788833
v 15.31845999 -4.22620621 11.01970614
v 15.4839523 -3.4264038 9.51574091
v 15.7994112 -2.43442494 9.3766684
v 15.7994112 -2.43442494 9.3766684
v 15.80674963 -1.38504497 9.33619831
v 15.50524173 -0.38099325 9.3982989
v 14.92440937 0.47945118 9.55688852
v 14.12110441 1.11206114 9.79644466
v 14.12110441 1.11206114 9.79644466
v 13.17395808 1.45491193 10.0935145
v 12.17568831 1.47444438 10.41902485
v 11.22400967 1.16874612 10.74110947
v 10.41207831 0.56773932 11.0282408
v 9.81937709 -0.26974337 11.25231059
v 9.50391663 -1.26172271 11.39138764
v 9.50391663 -1.26172271 11.39138764
v 9.49657926 -2.31109851 11.43185724
v 9.79808422 -3.31515257 11.36975769
v 10.37891765 -4.17559498 11.21116765
v 11.18222345 -4.80820458 10.97161123
v 11.18222345 -4.80820458 10.97161123
v 12.12936826 -5.15105694 10.67453792
v 13.12763702 -5.17058725 10.34902782
v 14.07931333 -4.86489259 10.0269441
v 14.89124519 -4.26388685 9.73981264
v 15.01798854 -3.22079529 9.3862655
v 15.29055806 -2.36368344 9.2660976
v 15.7994112 -2.43442494 9.3766684
v 15.4839523 -3.4264038 9.51574091
v 15.2968969 -1.45697899 9.23113049
v 15.80674963 -1.38504497 9.33619831
v 15.03638453 -0.58943761 9.28478704
v 15.50524173 -0.38099325 9.3982989
v 14.53452046 0.15402216 9.42181531
v 14.92440937 0.47945118 9.55688852
v 13.84043136 0.70062399 9.62880183
v 14.12110441 1.11206114 9.79644466
v 13.022061 0.99686074 9.88548489
v 13.17395808 1.45491193 10.0935145
v 12.15951308 1.013737 10.16673982
v 12.17568831 1.47444438 10.41902485
v 11.33722322 0.74960186 10.44503428
v 11.22400967 1.16874612 10.74110947
v 10.63568285 0.23030722 10.69312699
v 10.41207831 0.56773932 11.0282408
v 10.12356444 -0.49331139 10.88673254
v 9.81937709 -0.26974337 11.25231059
v 9.85099335 -1.35042205 11.00690091
v 9.50391663 -1.26172271 11.39138764
v 9.8446546 -2.25712668 11.04186799
v 9.49657926 -2.31109851 11.43185724
v 10.10516582 -3.12466989 10.98821188
v 9.79808422 -3.31515257 11.36975769
v 10.60703081 -3.86812735 10.85118322
v 10.37891765 -4.17559498 11.21116765
v 11.30111918 -4.41472765 10.64419689
v 11.18222345 -4.80820458 10.97161123
v 12.11949127 -4.71096591 10.38751332
v 12.12936826 -5.15105694 10.67453792
v 12.98203569 -4.72784117 10.1062595
v 13.12763702 -5.17058725 10.34902782
v 13.8043246 -4.46370613 9.82796536
v 14.07931333 -4.86489259 10.0269441
v 14.50586704 -3.94441588 9.57987213
v 14.89124519 -4.26388685 9.73981264
v 22.89929804 -3.03631584 30.02531998
v 22.89938217 -3.01210396 30.14750023
v 22.17860708 -4.03054396 30.41998979
v 22.17094443 -4.06546338 30.30067055
v 22.89938217 -3.01210396 30.14750023
v 22.8171493 -2.95604392 30.2242685
v 22.11678858 -3.94564067 30.48903851
v 22.17860708 -4.03054396 30.41998979
v 22.48507978 -2.77099319 30.32606991
v 21.85421082 -3.66240012 30.56456671
v 22.82085134 -1.71513972 30.17803812
v 23.1899054 -1.7838874 30.05993121
v 22.82866152 -0.59819468 30.13496257
v 23.19857591 -0.54390847 30.01211279
v 22.50773988 0.470506 30.20105977
v 22.84230514 0.64251354 30.08549256
v 21.88950786 1.38635431 30.36986094
v 22.15597493 1.65924379 30.2728871
v 21.03447931 2.05969809 30.6248437
v 21.20676157 2.40675496 30.55595315
v 20.02634982 2.4246249 30.94104498
v 20.08758591 2.81188064 30.90698415
v 18.96380054 2.44541495 31.28751323
v 18.9079951 2.83495975 31.29161871
v 17.95084479 2.12003313 31.63033839
v 17.78346101 2.47373695 31.67220426
v 17.08663403 1.4803281 31.9359578
v 16.82405555 1.76356723 32.0114883
v 16.45576779 0.588921 32.17445573
v 16.12369908 0.77397001 32.27625694
v 16.11999578 -0.46693151 32.32248763
v 15.75094227 -0.398185 32.44059441
v 16.11218884 -1.58387488 32.36556207
v 15.74227315 -1.63816127 32.48841428
v 16.43310507 -2.65257823 32.29946472
v 16.0985406 -2.82458479 32.41503566
v 17.05134006 -3.56842428 32.1306625
v 16.78487389 -3.84131305 32.22764003
v 17.90636684 -4.24176729 31.8756823
v 17.73408494 -4.58882491 31.94457276
v 18.91449613 -4.60669366 31.55948107
v 18.85326461 -4.99395052 31.59354045
v 19.97704289 -4.62748397 31.21301164
v 20.03285004 -5.0170268 31.20890754
v 20.99000136 -4.30210232 30.8701876
v 21.1573822 -4.65580845 30.82832279
v 21.17319351 -4.8040148 30.653517
v 20.00371554 -5.17967301 31.04931323
v 18.77698458 -5.15566991 31.44931893
v 17.61307291 -4.73435431 31.81438159
v 17.61307291 -4.73435431 31.81438159
v 16.62592292 -3.95696717 32.10876283
v 15.91216135 -2.89960091 32.30364722
v 15.5416517 -1.66576022 32.37995966
v 15.55066829 -0.37622354 32.33022816
v 15.55066829 -0.37622354 32.33022816
v 15.93832499 0.84278067 32.15932193
v 16.66667466 1.87193095 31.88397054
v 17.66442383 2.6104831 31.53112664
v 18.83390434 2.98614449 31.13532947
v 20.06063935 2.96214134 30.73532244
v 21.22454738 2.54082493 30.37026101
v 21.22454738 2.54082493 30.37026101
v 22.21169794 1.76343658 30.07587963
v 22.92545965 0.70607003 29.8809952
v 23.29596939 -0.52777085 29.80468274
v 23.28695361 -1.81730927 29.85441404
v 23.28695361 -1.81730927 29.85441404
v 23.28300354 -1.80578228 29.97837482
v 23.28300354 -1.80578228 29.97837482
v 23.29192571 -0.52966132 29.92916091
v 23.28300354 -1.80578228 29.97837482
v 23.29192571 -0.52966132 29.92916091
v 22.92527118 0.69134131 30.00467731
v 22.92527118 0.69134131 30.00467731
v 22.21893612 1.73770606 30.19753598
v 22.21893612 1.73770606 30.19753598
v 21.24205665 2.50700552 30.48885441
v 21.24205665 2.50700552 30.48885441
v 20.09026011 2.92393845 30.85011502
v 21.24205665 2.50700552 30.48885441
v 20.09026011 2.92393845 30.85011502
v 18.8762883 2.94769059 31.24596034
v 18.8762883 2.94769059 31.24596034
v 17.71897691 2.57593897 31.63763898
v 17.71897691 2.57593897 31.63763898
v 16.73161049 1.84507139 31.98681116
v 16.73161049 1.84507139 31.98681116
v 16.01083765 0.82662958 32.25929805
v 16.01083765 0.82662958 32.25929805
v 15.62721453 -0.37969136 32.42842601
v 15.62721453 -0.37969136 32.42842601
v 15.6182945 -1.65580832 32.47763908
v 15.62721453 -0.37969136 32.42842601
v 15.6182945 -1.65580832 32.47763908
v 15.98494701 -2.87681226 32.40212137
v 15.98494701 -2.87681226 32.40212137
v 16.69128405 -3.92317562 32.20926401
v 16.69128405 -3.92317562 32.20926401
v 17.66816006 -4.69247627 31.91794677
v 17.66816006 -4.69247627 31.91794677
v 18.81996112 -5.1094073 31.5566826
v 17.66816006 -4.69247627 31.91794677
v 18.81996112 -5.1094073 31.5566826
v 20.03392887 -5.13315939 31.1608386
v 20.03392887 -5.13315939 31.1608386
v 21.19123733 -4.76141008 30.769161
v 21.19123733 -4.76141008 30.769161
v 23.4780351 -3.18329295 36.37454522
v 22.70488456 -3.75559115 36.647958
v 22.6706925 -3.48705212 36.9487115
v 23.37422483 -2.96630085 36.699915
v 23.887768 -2.24066389 36.50577064
v 24.04242358 -2.38582818 36.16117544
v 24.16111557 -1.38112352 36.38526037
v 24.34282186 -1.44116826 36.02874127
v 24.1674748 -0.47186778 36.35019404
v 24.34980919 -0.44195449 35.99020596
v 23.9062281 0.39811144 36.40400211
v 24.06269425 0.51415276 36.04934261
v 23.40296059 1.14365078 36.54141356
v 23.50962365 1.33347599 36.20035201
v 22.70689839 1.69180207 36.74898864
v 22.74467809 1.93587602 36.42846893
v 21.88621236 1.988868 37.00639834
v 21.8427346 2.26235331 36.71137728
v 21.02127957 2.00578883 37.28843099
v 20.89221573 2.28096423 37.02130075
v 20.19667603 1.74091096 37.56750847
v 19.98595926 1.98985636 37.32801679
v 19.49317922 1.22016983 37.816293
v 19.21280088 1.41754327 37.60143669
v 18.97960991 0.49451143 38.01044668
v 18.64842652 0.62010567 37.81479685
v 18.70626808 -0.36501552 38.13095458
v 18.34802339 -0.32449287 37.94723039
v 18.69991224 -1.27425287 38.16601914
v 18.34103201 -1.32376625 37.98576918
v 18.96115654 -2.14424405 38.11221228
v 18.62814583 -2.27987702 37.92663704
v 19.46443294 -2.88979364 37.9747983
v 19.18123425 -3.09922087 37.77562256
v 20.16046542 -3.43792474 37.7672322
v 19.94613796 -3.70160324 37.54751467
v 20.98115165 -3.73499962 37.50982276
v 20.84807391 -4.02808817 37.26462511
v 21.84610643 -3.75192433 37.22778306
v 21.79865164 -4.04668917 36.95466598
v 21.60870565 -3.39083029 30.65416397
v 23.4780351 -3.18329295 36.37454522
v 24.04242358 -2.38582818 36.16117544
v 22.17309895 -2.59335044 30.44079809
v 20.83555526 -3.96312913 30.92758274
v 22.70488456 -3.75559115 36.647958
v 19.92932826 -4.25422523 31.23428471
v 21.79865164 -4.04668917 36.95466598
v 18.97874384 -4.23562714 31.54424612
v 20.84807391 -4.02808817 37.26462511
v 18.07683776 -3.90915157 31.82713028
v 19.94613796 -3.70160324 37.54751467
v 17.31190286 -3.30675705 32.05524391
v 19.18123425 -3.09922087 37.77562256
v 19.94613796 -3.70160324 37.54751467
v 18.07683776 -3.90915157 31.82713028
v 16.75881024 -2.48741284 32.20625975
v 18.62814583 -2.27987702 37.92663704
v 16.47170968 -1.53131895 32.26539218
v 18.34103201 -1.32376625 37.98576918
v 16.47869643 -0.53206135 32.22685547
v 18.34802339 -0.32449287 37.94723039
v 16.77908738 0.41253474 32.09442199
v 18.64842652 0.62010567 37.81479685
v 18.34802339 -0.32449287 37.94723039
v 16.47869643 -0.53206135 32.22685547
v 17.34348064 1.21001761 31.88105401
v 19.21280088 1.41754327 37.60143669
v 18.11662878 1.78231824 31.60763791
v 19.98595926 1.98985636 37.32801679
v 19.02285193 2.07341397 31.30093722
v 20.89221573 2.28096423 37.02130075
v 19.97344127 2.05481401 30.99097426
v 21.8427346 2.26235331 36.71137728
v 20.87534692 1.72833935 30.70809021
v 22.74467809 1.93587602 36.42846893
v 21.6402845 1.12594475 30.47997772
v 23.50962365 1.33347599 36.20035201
v 22.74467809 1.93587602 36.42846893
v 20.87534692 1.72833935 30.70809021
v 22.19337291 0.30659827 30.32895932
v 24.06269425 0.51415276 36.04934261
v 22.48047951 -0.64949723 30.26982899
v 24.34980919 -0.44195449 35.99020596
v 22.4734924 -1.64875113 30.30836367
v 24.34282186 -1.44116826 36.02874127
v 24.34282186 -1.44116826 36.02874127
v 22.4734924 -1.64875113 30.30836367
v 24.24846565 -3.86777311 36.5653767
v 24.03912948 -3.43021142 37.2214622
v 23.17175442 -4.07225274 37.52820041
v 23.24066986 -4.61375736 36.92177332
v 24.98414634 -2.82826399 36.28725383
v 24.67230764 -2.53553852 36.98208627
v 25.37570393 -1.59698627 36.11462756
v 25.00930742 -1.4758195 36.83351689
v 25.38481324 -0.2944674 36.06439075
v 25.01714605 -0.35478525 36.79028368
v 25.01057283 0.95179223 36.14147579
v 24.69505197 0.71782991 36.85662401
v 24.28962678 2.01980486 36.33831769
v 24.07455642 1.63702994 37.02604325
v 23.29253638 2.80501931 36.63566734
v 23.21639464 2.31283976 37.28195843
v 22.11691235 3.23057656 37.00440352
v 22.20457541 2.67910252 37.59931297
v 20.877828 3.25482259 37.40843329
v 21.13813512 2.69996919 37.94705599
v 19.69657442 2.87537997 37.80821892
v 20.12147013 2.37339702 38.29113446
v 18.68878056 2.12939165 38.16461505
v 19.25409791 1.7313497 38.59787196
v 17.95309997 1.08988231 38.4427379
v 18.62092181 0.83667833 38.83724315
v 17.56154197 -0.14139455 38.61536427
v 18.28391916 -0.22304051 38.98581747
v 17.55243554 -1.4439136 38.66559613
v 18.27608084 -1.3440754 39.0290506
v 17.92667013 -2.69017536 38.58851709
v 18.59817441 -2.4166895 38.96271041
v 18.64762151 -3.75818484 38.39166932
v 19.21867046 -3.33589059 38.79329103
v 19.64470882 -4.54339863 38.09432467
v 20.07683082 -4.01169741 38.53737621
v 20.82033396 -4.96895823 37.72558821
v 21.0886516 -4.37795756 38.22001705
v 22.05941479 -4.99319946 37.3215554
v 22.15508963 -4.39882534 37.87227882
v 23.37422483 -2.96630085 36.699915
v 22.6706925 -3.48705212 36.9487115
v 23.887768 -2.24066389 36.50577064
v 24.16111557 -1.38112352 36.38526037
v 24.1674748 -0.47186778 36.35019404
v 23.9062281 0.39811144 36.40400211
v 23.40296059 1.14365078 36.54141356
v 22.70689839 1.69180207 36.74898864
v 21.88621236 1.988868 37.00639834
v 21.02127957 2.00578883 37.28843099
v 20.19667603 1.74091096 37.56750847
v 19.49317922 1.22016983 37.816293
v 18.97960991 0.49451143 38.01044668
v 18.70626808 -0.36501552 38.13095458
v 18.69991224 -1.27425287 38.16601914
v 18.96115654 -2.14424405 38.11221228
v 19.46443294 -2.88979364 37.9747983
v 20.16046542 -3.43792474 37.7672322
v 20.98115165 -3.73499962 37.50982276
v 21.84610643 -3.75192433 37.22778306
v 22.31541502 -4.08238626 30.6500119
v 23.05109836 -3.04287553 30.3718861
v 24.98414634 -2.82826399 36.28725383
v 24.24846565 -3.86777311 36.5653767
v 21.30762026 -4.82836974 31.00640615
v 23.24066986 -4.61375736 36.92177332
v 20.12636519 -5.20781185 31.40618823
v 22.05941479 -4.99319946 37.3215554
v 18.88728436 -5.18357062 31.81022104
v 20.82033396 -4.96895823 37.72558821
v 17.71165921 -4.75801101 32.1789575
v 19.64470882 -4.54339863 38.09432467
v 16.7145719 -3.97279722 32.47630214
v 17.71165921 -4.75801101 32.1789575
v 19.64470882 -4.54339863 38.09432467
v 18.64762151 -3.75818484 38.39166932
v 15.99362053 -2.90478774 32.67314991
v 17.92667013 -2.69017536 38.58851709
v 15.61938593 -1.65852598 32.75022896
v 17.55243554 -1.4439136 38.66559613
v 15.62849237 -0.35600693 32.6999971
v 17.56154197 -0.14139455 38.61536427
v 16.02005036 0.87526993 32.52737073
v 15.62849237 -0.35600693 32.6999971
v 17.56154197 -0.14139455 38.61536427
v 17.95309997 1.08988231 38.4427379
v 16.75573095 1.91477927 32.24924788
v 18.68878056 2.12939165 38.16461505
v 17.76352482 2.66076759 31.89285174
v 19.69657442 2.87537997 37.80821892
v 18.94477855 3.04020957 31.49307211
v 20.877828 3.25482259 37.40843329
v 20.18386436 3.01596501 31.08903578
v 22.11691235 3.23057656 37.00440352
v 21.3594878 2.5904077 30.7202978
v 23.29253638 2.80501931 36.63566734
v 22.35657733 1.80519184 30.42295651
v 21.3594878 2.5904077 30.7202978
v 23.29253638 2.80501931 36.63566734
v 24.28962678 2.01980486 36.33831769
v 23.07752485 0.73718069 30.22610806
v 25.01057283 0.95179223 36.14147579
v 23.45176379 -0.50908041 30.14902958
v 25.38481324 -0.2944674 36.06439075
v 23.44265536 -1.81159788 30.19925802
v 25.37570393 -1.59698627 36.11462756
v 23.44265536 -1.81159788 30.19925802
v 25.37570393 -1.59698627 36.11462756
v 22.12650071 -3.94937187 30.50522278
v 21.60870565 -3.39083029 30.65416397
v 22.17309895 -2.59335044 30.44079809
v 22.82792959 -2.95826342 30.24004686
v 21.165631 -4.66062234 30.84502453
v 20.83555526 -3.96312913 30.92758274
v 20.03937753 -5.02239528 31.2261919
v 19.92932826 -4.25422523 31.23428471
v 18.85798958 -4.99928448 31.61141259
v 18.97874384 -4.23562714 31.54424612
v 17.73710151 -4.59353939 31.9629807
v 18.07683776 -3.90915157 31.82713028
v 16.7864394 -3.84488679 32.24648078
v 17.31190286 -3.30675705 32.05524391
v 16.09905955 -2.82660308 32.43416197
v 16.75881024 -2.48741284 32.20625975
v 15.74224676 -1.63837115 32.50765319
v 16.47170968 -1.53131895 32.26539218
v 15.75093002 -0.39649918 32.45975992
v 16.47869643 -0.53206135 32.22685547
v 16.12425751 0.77744902 32.29517091
v 16.77908738 0.41253474 32.09442199
v 16.82568466 1.7685582 32.02999754
v 17.34348064 1.21001761 31.88105401
v 17.78655315 2.47981124 31.69019609
v 18.11662878 1.78231824 31.60763791
v 18.9128056 2.84158633 31.30902898
v 19.02285193 2.07341397 31.30093722
v 20.09419752 2.81847008 30.92380518
v 19.97344127 2.05481401 30.99097426
v 21.21508481 2.41272795 30.57223922
v 20.87534692 1.72833935 30.70809021
v 22.16574647 1.66407205 30.28873941
v 21.6402845 1.12594475 30.47997772
v 22.85312582 0.64578941 30.10105835
v 22.19337291 0.30659827 30.32895932
v 23.20993956 -0.54244456 30.02756689
v 22.48047951 -0.64949723 30.26982899
v 23.20125813 -1.78431612 30.07545955
v 22.4734924 -1.64875113 30.30836367
v 22.23544496 -4.04616202 30.53220658
v 22.9610949 -3.02082947 30.25787393
v 22.23544496 -4.04616202 30.53220658
v 22.9610949 -3.02082947 30.25787393
v 23.34731307 -1.80634289 30.08760169
v 23.34731307 -1.80634289 30.08760169
v 21.24139454 -4.78197362 30.88374236
v 21.24139454 -4.78197362 30.88374236
v 20.07625003 -5.15624101 31.27807202
v 20.07625003 -5.15624101 31.27807202
v 18.85406653 -5.13233023 31.67659503
v 18.85406653 -5.13233023 31.67659503
v 17.69447338 -4.71257432 32.04030304
v 17.69447338 -4.71257432 32.04030304
v 16.71098128 -3.93806879 32.33359349
v 17.69447338 -4.71257432 32.04030304
v 16.71098128 -3.93806879 32.33359349
v 15.99986529 -2.88462305 32.52775558
v 15.99986529 -2.88462305 32.52775558
v 15.63073127 -1.6553592 32.60378454
v 15.63073127 -1.6553592 32.60378454
v 15.63971564 -0.3706024 32.55423699
v 15.63971564 -0.3706024 32.55423699
v 16.02593412 0.84388354 32.38396467
v 15.63971564 -0.3706024 32.55423699
v 16.02593412 0.84388354 32.38396467
v 16.75158211 1.86921725 32.10963462
v 16.75158211 1.86921725 32.10963462
v 17.74563151 2.605031 31.75809909
v 17.74563151 2.605031 31.75809909
v 18.91077562 2.97929924 31.36376953
v 18.91077562 2.97929924 31.36376953
v 20.13296249 2.9553843 30.96524356
v 20.13296249 2.9553843 30.96524356
v 21.29255508 2.53562957 30.60153569
v 21.29255508 2.53562957 30.60153569
v 22.27604565 1.76112432 30.30824774
v 21.29255508 2.53562957 30.60153569
v 22.27604565 1.76112432 30.30824774
v 22.98716105 0.70767687 30.11408791
v 22.98716105 0.70767687 30.11408791
v 23.35629658 -0.52158723 30.03805646
v 23.35629658 -0.52158723 30.03805646
v 23.34731307 -1.80634289 30.08760169
v 10.76616258 -5.89665576 -9.20759766
v 10.98198221 -6.6153712 -9.25204881
v 8.54623343 -4.68845321 -19.69954197
v 8.36419344 -4.30377889 -19.65401031
v 11.66149228 -3.93770368 -9.56388055
v 11.84353227 -4.32237799 -9.60941221
v 9.45970983 -4.71364168 -8.8235896
v 15.02462835 -4.09580941 8.20573871
v 15.34029372 -4.2100747 8.10672979
v 11.77159104 -4.35936433 -9.58456106
v 12.15157882 -4.31717706 -8.42175217
v 11.18416115 -3.82794583 -9.41187825
v 9.46188419 -4.71339962 -8.81694131
v 9.84187065 -4.67121315 -7.65413095
v 11.56414894 -3.78575856 -8.24906936
v 17.95911391 -5.07578388 7.28234653
v 18.84684833 -6.95168284 7.06030729
v 12.04146348 -3.89551825 -8.4011224
v 12.22350347 -4.28019256 -8.44665406
v 11.58955105 -3.97469001 -9.5390294
v 11.96953883 -3.93250275 -8.37622051
v 17.35524359 -3.73102436 7.4308934
v 15.89156931 -8.05824391 8.06619497
v 10.32665078 -8.67607618 -8.96313334
v 9.06776281 -9.32329416 -8.528267
v 14.63268133 -8.70546189 8.50106131
v 16.74690664 -3.21035482 7.6108003
v 17.1732042 -3.34634998 7.47642687
v 10.75092062 -8.07660325 -9.12352728
v 16.31583915 -7.45877098 7.90580103
v 10.97673132 -7.36652963 -9.22308051
v 16.54164925 -6.74869743 7.80624599
v 10.98198221 -6.6153712 -9.25204881
v 10.97673132 -7.36652963 -9.22308051
v 16.54164925 -6.74869743 7.80624599
v 16.52144635 -5.9127724 7.78252022
v 10.35039196 -5.28073835 -9.09407609
v 15.92409603 -4.56259877 7.92874003
v 15.02462835 -4.09580941 8.20573871
v 17.22423776 -3.32011267 7.458798
v 17.40627716 -3.70478705 7.41326453
v 18.92697938 -7.14283469 7.04105679
v 15.56291073 -7.42090007 -3.12723166
v 13.32778652 -11.54891532 -6.53516169
v 13.40303914 -12.38164751 -6.64329806
v 13.18256914 -12.40612468 -7.31796309
v 13.28409208 -7.56927962 -9.96236553
v 13.78875497 -12.3388243 -5.46296063
v 13.64640762 -11.51354114 -5.56014233
v 14.16341693 -11.45614138 -3.97803088
v 14.23866955 -12.28887357 -4.08616725
v 14.62438538 -12.24605035 -2.90582982
v 14.48203803 -11.4207672 -3.00301152
v 14.98010284 -11.3654707 -1.47887255
v 15.05535546 -12.19820289 -1.58700892
v 15.29872394 -11.33009653 -0.50385318
v 16.26701293 -11.22259447 2.45922903
v 16.29831484 -12.06020619 2.21659814
v 15.44107129 -12.15537968 -0.40667149
v 17.41412018 -11.93632647 5.63109834
v 17.18936184 -11.96127975 4.94331045
v 16.33108051 -5.27882356 7.82172883
v 10.76616258 -5.89665576 -9.20759766
v 10.75092062 -8.07660325 -9.12352728
v 10.97673132 -7.36652963 -9.22308051
v 8.47430051 -4.7254358 -19.67469367
v 8.29225787 -4.34076309 -19.62915907
v 10.01845965 -7.72427185 -19.64669921
v 13.03540103 -14.19327268 -10.40383679
v 10.01845965 -7.72427185 -19.64669921
v 10.01845965 -7.72427185 -19.64669921
v 9.24279885 -9.13999778 -18.81126088
v 9.21937555 -9.42336842 -18.83087355
v 9.19781028 -13.18249938 -20.75402741
v 7.43403229 -8.21876512 -27.86429399
v 6.29822163 -6.88451953 -29.1665707
v 6.14179207 -6.38777548 -28.88009175
v 5.04359522 -4.50968868 -28.20275218
v 5.44252092 -4.65714988 -28.34969009
v 5.51446012 -4.62016352 -28.37454058
v 5.67063327 -5.00770964 -28.49922791
v 5.59870056 -5.04469267 -28.47437966
v 9.69343158 -13.76571518 -19.44211395
v 11.30184922 -13.49160882 -10.78584159
v 11.85158712 -13.20897811 -10.97574235
v 11.89958989 -13.54833127 -11.12807367
v 11.40322104 -13.80352383 -10.95660956
v 9.66040972 -10.02303175 -10.37528541
v 10.71382215 -9.48145249 -10.73917393
v 10.71382215 -9.48145249 -10.73917393
v 9.66040972 -10.02303175 -10.37528541
v 7.22517472 -10.33543986 -17.88997239
v 8.30216126 -9.78174189 -18.26200323
v 8.50406252 -13.34163963 -21.0335046
v 8.25343805 -9.91997505 -18.49720311
v 7.20430853 -10.45935227 -18.13479507
v 7.89967053 -13.65036759 -20.87103755
v 8.77336494 -14.04540201 -21.00183789
v 8.25058663 -14.34930411 -20.89541342
v 8.62920745 -14.70310028 -20.32590975
v 9.10639198 -14.44239748 -20.47104393
v 9.10639198 -14.44239748 -20.47104393
v 8.62920745 -14.70310028 -20.32590975
v 9.00929248 -14.67616109 -19.18551654
v 9.48355457 -14.43233403 -19.34934415
v 10.28760013 -14.53423992 -15.27373948
v 10.76186192 -14.2904129 -15.43756801
v 11.83161732 -13.69865201 -11.46002259
v 11.35735523 -13.94247907 -11.29619497
v 11.40322104 -13.80352383 -10.95660956
v 11.89958989 -13.54833127 -11.12807367
v 12.34960209 -12.95293937 -11.14777408
v 12.34423523 -13.31973074 -11.28167057
v 11.71551003 -8.96646817 -11.08519279
v 8.25343805 -9.91997505 -18.49720311
v 8.67847784 -13.4520733 -20.59984772
v 9.2397849 -13.60361892 -20.76216934
v 8.78376359 -13.8395991 -20.62089656
v 8.78376359 -13.8395991 -20.62089656
v 8.94163388 -14.01950577 -20.30372382
v 9.36905519 -13.80172832 -20.4347452
v 9.2397849 -13.60361892 -20.76216934
v 9.27089279 -13.98295055 -19.29615144
v 9.69343158 -13.76571518 -19.44211395
v 10.97174045 -13.62379659 -15.5303372
v 10.54920077 -13.84103206 -15.38437741
v 12.25415699 -13.48141654 -11.60598237
v 12.34423523 -13.31973074 -11.28167057
v 10.07493776 -14.08485652 -15.22054858
v 8.77336494 -14.04540201 -21.00183789
v 8.78376359 -13.8395991 -20.62089656
v 9.27089279 -13.98295055 -19.29615144
v 10.76186192 -14.2904129 -15.43756801
v 10.28760013 -14.53423992 -15.27373948
v 10.07493776 -14.08485652 -15.22054858
v 10.54920077 -13.84103206 -15.38437741
v 18.92697938 -7.14283469 7.04105679
v 12.08839388 -10.6586801 9.40335647
v 15.62051724 -12.85845147 6.25067495
v 17.41412018 -11.93632647 5.63109834
v 15.62051724 -12.85845147 6.25067495
v 15.3957589 -12.88340475 5.56288707
v 17.33399553 -10.97073789 4.5973182
v 17.18936184 -11.96127975 4.94331045
v 15.3957589 -12.88340475 5.56288707
v 14.42246431 -12.46761084 5.60306848
v 16.29831484 -12.06020619 2.21659814
v 16.26701293 -11.22259447 2.45922903
v 14.01734441 -12.37919137 3.23634752
v 14.5047119 -12.98233119 2.83617475
v 15.44107129 -12.15537968 -0.40667149
v 16.29831484 -12.06020619 2.21659814
v 14.5047119 -12.98233119 2.83617475
v 13.64746835 -13.07750468 0.21290512
v 15.29872394 -11.33009653 -0.50385318
v 15.44107129 -12.15537968 -0.40667149
v 13.64746835 -13.07750468 0.21290512
v 13.04905542 -12.48669342 0.2732653
v 15.05535546 -12.19820289 -1.58700892
v 14.98010284 -11.3654707 -1.47887255
v 12.73043428 -12.5220676 -0.70175418
v 13.26175255 -13.12032789 -0.96743219
v 14.62438538 -12.24605035 -2.90582982
v 15.05535546 -12.19820289 -1.58700892
v 13.26175255 -13.12032789 -0.96743219
v 12.83078244 -13.16817536 -2.28625321
v 14.48203803 -11.4207672 -3.00301152
v 14.62438538 -12.24605035 -2.90582982
v 12.83078244 -13.16817536 -2.28625321
v 12.23236951 -12.57736409 -2.22589303
v 14.23866955 -12.28887357 -4.08616725
v 14.16341693 -11.45614138 -3.97803088
v 11.91374841 -12.61273827 -3.20091239
v 12.44506661 -13.21099857 -3.46659064
v 13.78875497 -12.3388243 -5.46296063
v 14.23866955 -12.28887357 -4.08616725
v 12.44506661 -13.21099857 -3.46659064
v 11.99515203 -13.2609493 -4.84338402
v 13.64640762 -11.51354114 -5.56014233
v 13.78875497 -12.3388243 -5.46296063
v 11.99515203 -13.2609493 -4.84338402
v 11.3967391 -12.67013804 -4.78302384
v 13.32778652 -11.54891532 -6.53516169
v 11.078118 -12.70551221 -5.7580432
v 13.40303914 -12.38164751 -6.64329806
v 13.32778652 -11.54891532 -6.53516169
v 11.078118 -12.70551221 -5.7580432
v 11.6094362 -13.30377251 -6.02372145
v 13.40303914 -12.38164751 -6.64329806
v 11.6094362 -13.30377251 -6.02372145
v 12.93306709 -13.16319399 -9.16700035
v 11.13946415 -14.08531899 -8.54742373
v 13.04158232 -14.04224259 -10.16116232
v 11.24797938 -14.96436759 -9.54158571
v 13.03540103 -14.19327268 -10.40383679
v 11.27271724 -15.16476139 -9.76822153
v 12.97209268 -14.25309778 -10.67614577
v 11.17848974 -15.17522278 -10.05656916
v 11.35453022 -14.43268426 -15.62608109
v 9.56092839 -15.35480881 -15.00650385
v 9.39479423 -14.65025911 -21.62311464
v 7.60119129 -15.57238411 -21.00353802
v 9.2733846 -15.49785571 -23.23607216
v 7.47978166 -16.41998071 -22.61649555
v 10.01845965 -7.72427185 -19.64669921
v 9.2733846 -15.49785571 -23.23607216
v 7.47978166 -16.41998071 -22.61649555
v 3.16326856 -11.24865426 -17.27866536
v 7.43403229 -8.21876512 -27.86429399
v 10.01845965 -7.72427185 -19.64669921
v 3.16326856 -11.24865426 -17.27866536
v 0.57883368 -11.74315164 -25.49625553
v 7.10645433 -8.05948189 -28.57554392
v 0.25125189 -11.58387015 -26.20750615
v 6.69072094 -7.57112091 -29.05220936
v 7.10645433 -8.05948189 -28.57554392
v 0.25125189 -11.58387015 -26.20750615
v -0.1644815 -11.09550916 -26.68417159
v 6.29822163 -6.88451953 -29.1665707
v -0.55698081 -10.40890778 -26.79853293
v 6.14179207 -6.38777548 -28.88009175
v -0.71340654 -9.912162 -26.51205328
v 10.01845965 -7.72427185 -19.64669921
v 8.23796629 -9.79458776 -18.39603123
v 7.17868719 -10.33918283 -18.03011917
v 8.23796629 -9.79458776 -18.39603123
v 7.17868719 -10.33918283 -18.03011917
v 9.21937555 -9.42336842 -18.83087355
v 9.22308477 -9.28811958 -18.73632951
v 11.66149228 -3.93770368 -9.56388055
v 8.36419344 -4.30377889 -19.65401031
v 8.54623343 -4.68845321 -19.69954197
v 11.84353227 -4.32237799 -9.60941221
v 11.77159104 -4.35936433 -9.58456106
v 8.47430051 -4.7254358 -19.67469367
v 12.22350347 -4.28019256 -8.44665406
v 12.15157882 -4.31717706 -8.42175217
v 12.04146348 -3.89551825 -8.4011224
v 17.40627716 -3.70478705 7.41326453
v 17.35524359 -3.73102436 7.4308934
v 17.40627716 -3.70478705 7.41326453
v 17.22423776 -3.32011267 7.458798
v 17.22423776 -3.32011267 7.458798
v 5.67063327 -5.00770964 -28.49922791
v 5.59870056 -5.04469267 -28.47437966
v 5.51446012 -4.62016352 -28.37454058
v 5.51446012 -4.62016352 -28.37454058
v 5.67063327 -5.00770964 -28.49922791
v 6.68442501 -7.9951538 -7.79761495
v 7.10019381 -8.61107161 -7.91113591
v 1.53666994 -8.29220185 -17.27817817
v 4.83396575 -7.92612796 -7.18804938
v 4.65192576 -7.54145364 -7.14251772
v 1.35462995 -7.90752754 -17.23264651
v 6.57899122 -6.19467329 -7.82848313
v 12.14391056 -5.5768406 9.20084489
v 12.03877398 -5.90744808 9.24719649
v 5.28589314 -7.84695518 -6.05009109
v 4.90590536 -7.88914245 -7.21289997
v 4.8588881 -7.07988754 -7.22689663
v 5.23887618 -7.03770023 -6.06408684
v 6.96115204 -6.15224476 -6.65902449
v 6.58116426 -6.19443203 -7.82183337
v 5.03189697 -7.49926821 -5.97975957
v 5.21393696 -7.88394253 -6.02529123
v 4.72386537 -7.50446814 -7.16736831
v 5.10385315 -7.46228087 -6.00455943
v 11.1039145 -8.60017082 9.65038527
v 10.44774422 -7.2822997 9.81699848
v 10.42163389 -6.46229649 9.79578282
v 10.26570482 -6.89762531 9.86253195
v 8.35319103 -9.30932112 -8.29526303
v 13.91810956 -8.69148886 8.73406527
v 7.67521158 -9.06390301 -8.08261381
v 13.24012952 -8.44607081 8.94671269
v 7.10019381 -8.61107161 -7.91113591
v 12.61607562 -7.92059694 9.13157932
v 13.24012952 -8.44607081 8.94671269
v 7.67521158 -9.06390301 -8.08261381
v 11.95181478 -6.60482326 9.3009125
v 6.46860274 -7.27643919 -7.75316291
v 12.14391056 -5.5768406 9.20084489
v 10.21467206 -6.92386221 9.88016055
v 10.39671146 -7.30853659 9.83462708
v 11.3889662 -13.32824968 -6.69838648
v 11.6094362 -13.30377251 -6.02372145
v 11.078118 -12.70551221 -5.7580432
v 6.42891537 -11.09365488 -7.59433463
v 11.99515203 -13.2609493 -4.84338402
v 12.44506661 -13.21099857 -3.46659064
v 11.91374841 -12.61273827 -3.20091239
v 11.3967391 -12.67013804 -4.78302384
v 12.83078244 -13.16817536 -2.28625321
v 13.26175255 -13.12032789 -0.96743219
v 12.73043428 -12.5220676 -0.70175418
v 12.23236951 -12.57736409 -2.22589303
v 13.04905542 -12.48669342 0.2732653
v 13.64746835 -13.07750468 0.21290512
v 14.5047119 -12.98233119 2.83617475
v 14.01734441 -12.37919137 3.23634752
v 6.68442501 -7.9951538 -7.79761495
v 12.24934294 -7.3773216 9.23171155
v 7.67521158 -9.06390301 -8.08261381
v 8.35319103 -9.30932112 -8.29526303
v 1.60860488 -8.25521928 -17.30302713
v 1.42656813 -7.8705433 -17.25749659
v 3.16326856 -11.24865426 -17.27866536
v 11.27271724 -15.16476139 -9.76822153
v 3.16326856 -11.24865426 -17.27866536
v 3.16326856 -11.24865426 -17.27866536
v 7.03214049 -14.29591095 -20.00592518
v 5.1892415 -11.49533612 -17.43871659
v 4.9780185 -11.3326018 -17.33804642
v 0.57883368 -11.74315164 -25.49625553
v -0.71340654 -9.912162 -26.51205328
v -0.55698081 -10.40890778 -26.79853293
v -1.28167553 -7.7616298 -26.01776632
v -1.42316439 -8.18692829 -25.9780251
v -1.49510337 -8.22391217 -25.95317678
v -1.33893021 -8.61145829 -26.07786411
v -1.26699566 -8.57447621 -26.10271494
v 7.89982864 -14.68784018 -18.82253733
v 10.90685219 -14.05871639 -10.78514545
v 10.75211103 -13.77423957 -10.59594174
v 8.606997 -10.56461104 -10.0113978
v 8.606997 -10.56461104 -10.0113978
v 6.15803413 -10.88407714 -17.52134066
v 7.31989179 -13.95044407 -20.62444835
v 6.15624049 -10.99818352 -17.77275573
v 7.73873025 -14.57732692 -20.64443892
v 8.15043808 -14.93387136 -20.14082219
v 8.15043808 -14.93387136 -20.14082219
v 8.53503039 -14.91998814 -19.02168892
v 9.81333834 -14.77806695 -15.10991096
v 10.88309344 -14.18630609 -11.13236645
v 10.90685219 -14.05871639 -10.78514545
v 10.46220686 -14.28731692 -10.63154855
v 10.25409687 -14.03027789 -10.42391029
v 7.60531103 -11.07959877 -9.66537844
v 7.5407956 -14.03697714 -20.20685031
v 6.15624049 -10.99818352 -17.77275573
v 7.32232729 -14.58942018 -20.09980673
v 7.77137062 -14.3600896 -20.27117667
v 7.77137062 -14.3600896 -20.27117667
v 7.32232729 -14.58942018 -20.09980673
v 7.57545225 -14.72385332 -19.81516859
v 7.9931097 -14.50715988 -19.97606858
v 7.89982864 -14.68784018 -18.82253733
v 8.3223664 -14.47060557 -18.96849746
v 9.17813751 -14.54592159 -14.91076058
v 10.46055376 -14.40354157 -10.98640666
v 9.60067718 -14.32868611 -15.05672036
v 10.46220686 -14.28731692 -10.63154855
v 7.77137062 -14.3600896 -20.27117667
v 7.73873025 -14.57732692 -20.64443892
v 8.3223664 -14.47060557 -18.96849746
v 9.81333834 -14.77806695 -15.10991096
v 9.60067718 -14.32868611 -15.05672036
v 3.16326856 -11.24865426 -17.27866536
v 6.11574246 -10.8856627 -17.66293886
v 6.11574246 -10.8856627 -17.66293886
v 5.1892415 -11.49533612 -17.43871659
v 5.13429101 -11.39024558 -17.32390731
v 4.65192576 -7.54145364 -7.14251772
v 1.35462995 -7.90752754 -17.23264651
v 1.53666994 -8.29220185 -17.27817817
v 1.60860488 -8.25521928 -17.30302713
v 4.90590536 -7.88914245 -7.21289997
v 4.83396575 -7.92612796 -7.18804938
v 5.28589314 -7.84695518 -6.05009109
v 5.21393696 -7.88394253 -6.02529123
v 5.03189697 -7.49926821 -5.97975957
v 10.44774422 -7.2822997 9.81699848
v 10.39671146 -7.30853659 9.83462708
v 10.39671146 -7.30853659 9.83462708
v 10.21467206 -6.92386221 9.88016055
v 10.21467206 -6.92386221 9.88016055
v -1.33893021 -8.61145829 -26.07786411
v -1.26699566 -8.57447621 -26.10271494
v -1.49510337 -8.22391217 -25.95317678
v -1.49510337 -8.22391217 -25.95317678
v -1.33893021 -8.61145829 -26.07786411
v 6.42891537 -11.09365488 -7.59433463
v 13.28409208 -7.56927962 -9.96236553
v 15.0017052 -7.46331141 -4.81828446
v 11.99164891 -10.47606978 9.42834603
v 9.35045281 -10.89208284 1.14208432
v 12.08839388 -10.6586801 9.40335647
v 8.46870728 -10.95985194 -1.50615292
v 13.3535414 -26.53327782 -36.19620579
v 11.87980835 -24.10590484 -36.90547918
v 12.03326183 -24.04060884 -36.89478078
v 13.50378477 -26.46380046 -36.18249788
v 13.50378477 -26.46380046 -36.18249788
v 12.03326183 -24.04060884 -36.89478078
v 13.61165429 -26.42839869 -36.05031693
v 14.91598927 -24.42333855 -29.7564875
v 15.2497155 -26.21071237 -31.34031225
v 15.23771083 -26.192596 -31.5413643
v 14.91598927 -24.42333855 -29.7564875
v 14.8224147 -24.51556752 -29.65669279
v 15.14852704 -26.27334086 -31.21575666
v 15.2497155 -26.21071237 -31.34031225
v 10.27623198 -20.11518794 -35.95829424
v 10.15520796 -20.10878052 -36.07561845
v 9.09044386 -16.87886927 -33.38496486
v 9.21455258 -16.89776394 -33.27081381
v 10.15520796 -20.10878052 -36.07561845
v 10.00239002 -20.17093787 -36.0881322
v 8.93408601 -16.9388652 -33.40025522
v 9.09044386 -16.87886927 -33.38496486
v 11.90214745 -19.14078709 -27.98614466
v 13.64450415 -22.22452474 -28.97306283
v 13.7426907 -22.12828503 -29.06777401
v 12.00034704 -19.03978939 -28.07370425
v 12.00034704 -19.03978939 -28.07370425
v 13.7426907 -22.12828503 -29.06777401
v 11.69795862 -24.22249309 -36.83798071
v 13.16575596 -26.63079396 -36.12314281
v 14.63318857 -24.62628632 -29.58621173
v 14.96170979 -26.37035161 -31.14307458
v 8.74428608 -17.06186473 -33.34186051
v 9.8102918 -20.292512 -36.019987
v 13.45466376 -22.3501336 -28.91492766
v 11.70661746 -19.26259625 -27.93342781
v 8.19081912 -14.40394245 -30.38547806
v 8.01141264 -14.51664054 -30.33776035
v 10.83275753 -16.98635686 -26.33286583
v 10.66892273 -17.2036332 -26.28862703
v 13.3535414 -26.53327782 -36.19620579
v 13.50378477 -26.46380046 -36.18249788
v 14.96170979 -26.37035161 -31.14307458
v 13.16575596 -26.63079396 -36.12314281
v 13.61165429 -26.42839869 -36.05031693
v 15.14852704 -26.27334086 -31.21575666
v 15.23771083 -26.192596 -31.5413643
v 15.2497155 -26.21071237 -31.34031225
v 8.19081912 -14.40394245 -30.38547806
v 8.34828805 -14.35453446 -30.37072683
v 8.34828805 -14.35453446 -30.37072683
v 10.89389249 -16.84391006 -26.39843485
v 3.12616006 -4.16607525 -23.75728293
v 3.68942324 -3.47286515 -23.96649655
v 8.45373751 -2.94391812 -9.38711474
v 7.89047573 -3.63712775 -9.17789959
v 4.01906743 -2.67472583 -24.10317802
v 8.78338229 -2.14577874 -9.5237944
v 4.08282617 -1.84978515 -24.15394263
v 8.84714103 -1.32083806 -9.57455901
v 4.08282617 -1.84978515 -24.15394263
v 3.87445611 -1.07879499 -24.11382244
v 8.63877098 -0.54984791 -9.53443882
v 8.84714103 -1.32083806 -9.57455901
v 3.414358 -0.43722314 -23.98674408
v 8.17867227 0.09172388 -9.40736227
v 3.414358 -0.43722314 -23.98674408
v 2.74756427 0.01212668 -23.78515092
v 7.51187914 0.54107377 -9.20576731
v 8.17867227 0.09172388 -9.40736227
v 1.89868348 0.31120225 -23.51859852
v 6.66299775 0.84014927 -8.93921671
v 1.08786213 0.14111494 -23.2474659
v 5.85217699 0.67006203 -8.66808228
v 0.25874061 -0.19467198 -22.9643394
v 5.02305628 0.33427552 -8.38495606
v -0.50150056 -0.67600654 -22.69843939
v 4.26281372 -0.14705952 -8.11905758
v -1.12446774 -1.24305641 -22.47429259
v 3.63984793 -0.7141089 -7.89490925
v -1.41344518 -2.12712693 -22.34778476
v 3.35086968 -1.59817984 -7.76840114
v -1.47720351 -2.95206717 -22.29701829
v 3.28711157 -2.42311973 -7.71763677
v -1.47720351 -2.95206717 -22.29701829
v -1.26883416 -3.72305715 -22.33714026
v 3.4954807 -3.19411006 -7.75775665
v 3.28711157 -2.42311973 -7.71763677
v -0.80873343 -4.36462764 -22.46421551
v 3.95558003 -3.83568103 -7.88483343
v -0.80873343 -4.36462764 -22.46421551
v -0.14194254 -4.81397837 -22.66581172
v 4.62237233 -4.28503128 -8.08642811
v 3.95558003 -3.83568103 -7.88483343
v 0.66627363 -5.02712162 -22.92218922
v 5.43058709 -4.49817501 -8.34280713
v 1.53679677 -4.98319545 -23.20825627
v 6.30111104 -4.45424843 -8.62887446
v 2.38441443 -4.68649888 -23.49601081
v 7.14873011 -4.15755137 -8.91662747
v 10.06200516 -10.39442249 -21.19251499
v 10.10674542 -10.05596196 -22.04751989
v 9.5633639 -6.6967293 -19.13242584
v 9.52420128 -6.82819663 -18.17830414
v 9.34430787 -10.89183778 -20.599313
v 10.06200516 -10.39442249 -21.19251499
v 9.52420128 -6.82819663 -18.17830414
v 8.87726215 -7.20691584 -17.56521937
v 7.9022604 -9.06782604 -26.90675075
v 6.75339105 -7.09174967 -27.02964453
v 9.72485948 -14.73161337 -23.83174566
v 9.17004061 -15.29175134 -23.37316725
v 9.72485948 -14.73161337 -23.83174566
v 7.41580256 -9.28711398 -27.52049272
v 6.2526654 -7.25388668 -27.66177496
v 6.67194193 -9.65446246 -27.58782072
v 5.50764442 -7.58941893 -27.80570063
v 6.2526654 -7.25388668 -27.66177496
v 7.41580256 -9.28711398 -27.52049272
v 7.54288685 -11.08660592 -28.08372776
v 5.66320934 -10.13833006 -27.532875
v 4.78671695 -7.94711931 -27.66600617
v 7.54288685 -11.08660592 -28.08372776
v 6.73630822 -11.1220973 -28.30472625
v 4.26128969 -10.83636323 -27.24055101
v 3.15480513 -8.75693199 -27.34884817
v 5.98987879 -11.30932644 -28.37471383
v 10.30941257 -15.96840259 -23.71555004
v 10.18580385 -15.49831907 -24.36342699
v 9.87657085 -16.65765662 -23.18818358
v 10.30941257 -15.96840259 -23.71555004
v 4.56566061 -11.94058878 -28.00286748
v 10.71337343 -16.40713044 -25.27133774
v 8.31105951 -14.27868634 -30.41064256
v 10.81367265 -16.98285758 -24.87096075
v 7.73064085 -13.90306171 -30.84748354
v 10.32107441 -17.54486961 -24.48981315
v 10.81367265 -16.98285758 -24.87096075
v 7.73064085 -13.90306171 -30.84748354
v 7.03514218 -13.9975125 -31.17509963
v 6.28761144 -14.25728174 -31.36833795
v 10.93857423 -17.29222316 -25.51815193
v 10.93857423 -17.29222316 -25.51815193
v 11.36955815 -17.65348622 -25.722349
v 11.20301993 -17.24133002 -26.14714769
v 10.84787622 -16.67444744 -26.17166925
v 10.39200676 -17.84404946 -25.05048453
v 4.91585796 -14.77773287 -31.21165015
v 10.76723505 -18.38070491 -25.14886264
v 11.36955815 -17.65348622 -25.722349
v 11.66020953 -19.97900638 -26.22433923
v 12.2023672 -19.33079471 -26.73934639
v 8.73020858 -17.038383 -33.35297788
v 9.80261589 -20.34895495 -36.13661764
v 8.73020858 -17.038383 -33.35297788
v 8.9667055 -16.8851199 -33.42574269
v 11.94335099 -19.04471923 -27.84427575
v 11.94313338 -19.03690969 -27.8406089
v 8.37621136 -16.48493505 -33.79110587
v 11.66020953 -19.97900638 -26.22433923
v 11.51063636 -20.17797441 -26.7019477
v 12.04894885 -19.63446173 -27.17871086
v 12.2023672 -19.33079471 -26.73934639
v 8.37621136 -16.48493505 -33.79110587
v 7.6866138 -16.54708009 -34.08795486
v 11.94752845 -19.04779197 -27.84797891
v 11.94335099 -19.04471923 -27.84427575
v 11.51063636 -20.17797441 -26.7019477
v 12.04316321 -20.80071784 -26.60146914
v 6.74708296 -16.83807651 -34.32613232
v 12.49747541 -20.14006049 -27.22804047
v 13.71275408 -22.3633538 -27.71501479
v 13.62329858 -21.95072922 -28.25149183
v 13.34377921 -22.87124783 -27.28617497
v 13.71275408 -22.3633538 -27.71501479
v 5.20514637 -17.35235681 -34.20604457
v 13.88290305 -22.74368279 -28.16389569
v 12.01464769 -19.18774104 -27.94860042
v 13.35449304 -23.27722147 -27.67622603
v 13.88290305 -22.74368279 -28.16389569
v 15.10553707 -24.81649445 -28.82069033
v 10.01030652 -20.03663288 -36.10132612
v 9.80261589 -20.34895495 -36.13661764
v 10.03723572 -20.20046867 -36.21984745
v 10.01711299 -20.05945675 -36.12008576
v 14.58372736 -25.34338377 -28.32574922
v 15.10553707 -24.81649445 -28.82069033
v 9.51055998 -19.95071248 -36.70808137
v 9.51055998 -19.95071248 -36.70808137
v 8.83569976 -20.10500805 -37.02745279
v 9.19764237 -19.93891373 -35.09256455
v 12.6668549 -26.89458849 -35.40177532
v 14.26044939 -26.7178807 -30.52345324
v 10.62874654 -17.68790629 -27.59736378
v 7.80382609 -20.49045224 -37.23912703
v 15.37863782 -26.23214298 -30.15660148
v 15.37165812 -26.12081606 -31.12503491
v 15.00458043 -24.44059116 -29.6413846
v 15.09643761 -26.26406399 -31.01516278
v 14.73373078 -24.59862788 -29.54066836
v 14.80054488 -26.57908112 -29.53676551
v 15.37863782 -26.23214298 -30.15660148
v 6.17207442 -21.14770596 -37.05557358
v 14.33480362 -26.74402579 -30.00529085
v 12.13532237 -27.06688847 -36.07119924
v 8.65540897 -20.23187724 -35.65504099
v 11.51369666 -23.9412774 -37.5914668
v 10.86486776 -24.16591249 -37.94641598
v 11.35064382 -27.42805214 -36.15712818
v 12.13532237 -27.06688847 -36.07119924
v 8.65540897 -20.23187724 -35.65504099
v 7.84675843 -20.40176672 -35.40783309
v 7.84665001 -20.40177138 -35.40772521
v 11.2416156 -27.48400822 -36.12028852
v 9.72079274 -24.64586236 -38.23179392
v 10.16320974 -28.03748034 -35.75584933
v 6.75649593 -20.44775438 -34.32199218
v 12.6668549 -26.89458849 -35.40177532
v 13.30674405 -26.52280402 -35.98444042
v 7.99271096 -25.42668931 -38.15351467
v 13.10899596 -26.51416595 -36.84801741
v 12.45456852 -26.78064327 -37.21314758
v 11.34007878 -27.27430452 -37.49828753
v 9.61719283 -28.0980988 -37.42672487
v 10.91665099 -16.82303497 -26.27717243
v 12.01464769 -19.18774104 -27.94860042
v 14.27429604 -26.79496885 -29.81681348
v 10.64259481 -17.76499361 -26.89072459
v 10.7031024 -17.71405055 -27.07920196
v 14.33480362 -26.74402579 -30.00529085
v 14.33480362 -26.74402579 -30.00529085
v 10.7031024 -17.71405055 -27.07920196
v 14.93924313 -24.26231152 -29.59819951
v 14.99207035 -24.38015923 -29.63082333
v 14.80054488 -26.57908112 -29.53676551
v 14.27429604 -26.79496885 -29.81681348
v 15.09643761 -26.26406399 -31.01516278
v 10.03723572 -20.20046867 -36.21984745
v 13.20582238 -26.53753164 -36.26350877
v 13.43441564 -26.41903375 -36.35070046
v 13.43441564 -26.41903375 -36.35070046
v 13.10899596 -26.51416595 -36.84801741
v 12.13532237 -27.06688847 -36.07119924
v 12.45456852 -26.78064327 -37.21314758
v 9.61719283 -28.0980988 -37.42672487
v 10.16320974 -28.03748034 -35.75584933
v 10.91993581 -16.8264434 -26.27172936
v 10.70145586 -16.9625511 -26.21282719
v 11.9545134 -19.06009928 -27.85742855
v 6.60809343 -8.37353815 -16.7813648
v 7.34925247 -11.91734163 -19.91008998
v 8.24318913 -15.76773317 -23.0528411
v 8.99387974 -17.11260349 -22.88126859
v 9.11991473 -18.1606382 -24.07621743
v 9.11164485 -18.50191035 -24.60807818
v 9.39230251 -19.08962465 -24.67031047
v 9.96198715 -20.84962851 -25.64057884
v 9.96198715 -20.84962851 -25.64057884
v 9.87676044 -21.0177163 -26.13746794
v 9.87676044 -21.0177163 -26.13746794
v 10.28209697 -21.70656742 -25.98929264
v 11.23862659 -23.95180364 -26.56186781
v 11.29640159 -24.33521798 -26.96525708
v 12.24282821 -26.54688405 -27.51711631
v 12.45975275 -27.78252637 -28.72816956
v 12.45975275 -27.78252637 -28.72816956
v 12.32414022 -27.79758063 -29.14315773
v 12.32414022 -27.79758063 -29.14315773
v 8.74679697 -18.60188378 -25.81306281
v 4.36876512 -13.32142425 -19.22585988
v 3.46318003 -9.94428164 -16.08460383
v 2.87162901 -10.13707604 -16.82085378
v 3.67039808 -13.36500916 -19.82416811
v 5.35431251 -12.94316942 -19.22102143
v 4.33892552 -9.54016005 -15.9975105
v 3.46318003 -9.94428164 -16.08460383
v 4.36876512 -13.32142425 -19.22585988
v 0.47371334 -10.32025007 -24.86041221
v 1.49179874 -12.36356493 -24.69234083
v 6.4242721 -16.42850741 -22.69160104
v 6.4242721 -16.42850741 -22.69160104
v 7.31665448 -16.24461201 -22.73293931
v 1.56500431 -12.29511939 -25.49941119
v 0.50162364 -10.2106054 -25.675153
v 2.13573678 -11.98661084 -26.02084814
v 1.56500431 -12.29511939 -25.49941119
v 0.50162364 -10.2106054 -25.675153
v 1.01098124 -9.90123803 -26.25238731
v 2.56443132 -13.64612353 -26.36398558
v 1.66769576 -9.55066675 -26.58858121
v 2.97209958 -11.5218802 -26.60326642
v 2.56443132 -13.64612353 -26.36398558
v 2.83975684 -13.12538764 -26.95871367
v 3.27645066 -12.70435087 -27.43739567
v 6.52323213 -17.38131607 -23.09823962
v 7.1410004 -17.59734287 -22.6210636
v 7.1410004 -17.59734287 -22.6210636
v 8.1093449 -17.56622072 -22.57771855
v 6.51026068 -18.56802975 -23.81942756
v 3.43253397 -16.78682806 -28.72541989
v 7.09333812 -18.89555153 -23.58581998
v 3.19382542 -16.2355236 -29.28030216
v 7.92073582 -18.77892881 -23.66064767
v 7.09333812 -18.89555153 -23.58581998
v 3.19382542 -16.2355236 -29.28030216
v 3.41024608 -15.86113975 -29.92292681
v 3.8397973 -15.51574854 -30.52277669
v 6.94445053 -19.34567727 -24.13843427
v 6.94445053 -19.34567727 -24.13843427
v 6.19945007 -19.06429074 -24.5659314
v 6.47476395 -19.67221534 -24.51383367
v 6.91897484 -19.9416148 -24.18495336
v 7.83151718 -19.16044531 -24.16599698
v 8.01405739 -19.79616532 -24.19781352
v 6.91897484 -19.9416148 -24.18495336
v 7.28666222 -21.85805108 -25.04128057
v 8.26703109 -21.72350323 -25.05221023
v 3.82750481 -19.5589552 -31.65940316
v 4.42008828 -23.11621362 -34.27729406
v 3.57192581 -19.65867759 -31.5621868
v 3.82750481 -19.5589552 -31.65940316
v 6.63386528 -21.76650426 -26.00659186
v 6.63774262 -21.77243227 -26.01152291
v 3.35514435 -19.06636003 -32.05664412
v 8.26703109 -21.72350323 -25.05221023
v 7.28666222 -21.85805108 -25.04128057
v 7.36128882 -22.04447591 -25.55942017
v 8.24304333 -21.85790543 -25.57320054
v 3.35514435 -19.06636003 -32.05664412
v 3.56029057 -18.66850046 -32.66257061
v 6.63774262 -21.77243227 -26.01152291
v 6.63631454 -21.77838693 -26.01328972
v 8.24304333 -21.85790543 -25.57320054
v 8.51877922 -22.61266992 -25.38401691
v 4.07613659 -18.21126027 -33.40348892
v 7.51258737 -22.70288517 -25.50607627
v 7.84563174 -24.9211364 -26.25567259
v 8.38029038 -25.10487367 -25.87298513
v 8.38029038 -25.10487367 -25.87298513
v 9.13621381 -25.03443633 -25.83272668
v 8.36299846 -25.58156955 -26.25711704
v 6.66017532 -21.94057598 -26.09896816
v 9.23837718 -25.39339404 -26.25436778
v 8.36299846 -25.58156955 -26.25711704
v 9.03080438 -27.93962876 -26.72225359
v 4.11309437 -23.06850055 -34.06421152
v 4.42008828 -23.11621362 -34.27729406
v 4.11765992 -23.09247652 -34.08219706
v 4.16367482 -23.22017679 -34.19090286
v 9.03080438 -27.93962876 -26.72225359
v 9.90193069 -27.75038349 -26.70848396
v 3.96889806 -22.79978509 -34.79378693
v 3.96889806 -22.79978509 -34.79378693
v 4.22471575 -22.47560165 -35.43464883
v 4.90617229 -22.1452392 -33.61013249
v 6.33833045 -19.89368988 -26.11529581
v 9.97003167 -28.92366513 -29.0413847
v 8.37541401 -29.10089895 -33.91935334
v 4.86511767 -22.00129751 -36.22398874
v 8.38664421 -27.84299663 -27.35530532
v 8.73095438 -29.53492674 -28.83109088
v 9.29413234 -29.36030167 -28.05478885
v 8.67502827 -27.71352078 -27.44776903
v 9.01486807 -29.39071302 -28.91436635
v 10.11896224 -28.98597079 -27.91957418
v 9.29413234 -29.36030167 -28.05478885
v 10.21506532 -28.86206073 -28.58218128
v 8.40597435 -28.98421595 -34.78294891
v 5.08457379 -22.06771076 -34.4215428
v 5.87976525 -26.72884791 -36.22437366
v 5.60103807 -26.98108638 -35.54901643
v 5.08457379 -22.06771076 -34.4215428
v 8.40597435 -28.98421595 -34.78294891
v 6.60357628 -26.24848196 -37.15499238
v 7.52314899 -29.496259 -33.98657335
v 8.37541401 -29.10089895 -33.91935334
v 7.48085426 -29.3377233 -35.49504321
v 7.17362011 -29.56565429 -34.79771966
v 8.20179576 -28.88775484 -36.41420881
v 6.22655546 -19.23430128 -24.65704043
v 6.66017532 -21.94057598 -26.09896816
v 10.37398602 -28.80019158 -28.46950253
v 10.21506532 -28.86206073 -28.58218128
v 6.5833641 -19.83208548 -25.65609239
v 6.74228479 -19.77021634 -25.54341364
v 10.21506532 -28.86206073 -28.58218128
v 6.5833641 -19.83208548 -25.65609239
v 8.30482536 -27.67319022 -27.30642891
v 8.35257949 -27.79364634 -27.33729829
v 10.11896224 -28.98597079 -27.91957418
v 10.37398602 -28.80019158 -28.46950253
v 9.01486807 -29.39071302 -28.91436635
v 4.16367482 -23.22017679 -34.19090286
v 7.20628227 -29.62103423 -34.19927347
v 7.43970713 -29.50199992 -34.27167987
v 7.17362011 -29.56565429 -34.79771966
v 7.20628227 -29.62103423 -34.19927347
v 7.48085426 -29.3377233 -35.49504321
v 8.40597435 -28.98421595 -34.78294891
v 6.45822389 -19.14407646 -24.74705835
v 6.23034294 -19.23745128 -24.65177101
v 6.63763234 -21.79360782 -26.02078171
v 11.88403888 -6.55858471 -13.30212948
v 11.23271676 -6.89344166 -13.0771388
v 11.29947618 -7.12243355 -13.2246835
v 11.95079972 -6.78757534 -13.44967469
v 11.32226285 -7.30751257 -13.43418107
v 11.97358668 -6.97265433 -13.65917136
v 11.97358668 -6.97265433 -13.65917136
v 11.32226285 -7.30751257 -13.43418107
v 11.29884044 -7.43056698 -13.68512344
v 11.95016418 -7.09570919 -13.91011469
v 11.23150685 -7.47954503 -13.95294774
v 11.88282896 -7.14468808 -14.17793842
v 11.12685122 -7.44966103 -14.21143693
v 11.77817334 -7.11480408 -14.43642761
v 10.99511414 -7.34383236 -14.43528774
v 11.64643759 -7.00897461 -14.66027989
v 11.64643759 -7.00897461 -14.66027989
v 10.99511414 -7.34383236 -14.43528774
v 10.84919927 -7.17242295 -14.60258986
v 11.50052139 -6.837566 -14.82758054
v 10.7033811 -6.95221058 -14.69696486
v 11.35470484 -6.6173528 -14.92195611
v 10.5719388 -6.70474938 -14.709175
v 11.22326234 -6.36989117 -14.93416619
v 10.46773765 -6.45426514 -14.63802596
v 11.11906139 -6.11940736 -14.8630172
v 10.40097863 -6.2252741 -14.49048136
v 11.05230075 -5.89041715 -14.71547204
v 10.37819196 -6.04019508 -14.28098379
v 11.02951541 -5.70533733 -14.50597594
v 11.02951541 -5.70533733 -14.50597594
v 10.37819196 -6.04019508 -14.28098379
v 10.40161478 -5.91714154 -14.03004152
v 11.05293689 -5.58228459 -14.2550322
v 10.46894898 -5.8681605 -13.76221753
v 11.1202711 -5.53330355 -13.98720821
v 10.573604 -5.89804748 -13.50372803
v 11.22492774 -5.5631897 -13.72871928
v 10.70533824 -6.00387442 -13.27987635
v 11.35666168 -5.66901667 -13.5048685
v 11.35666168 -5.66901667 -13.5048685
v 10.70533824 -6.00387442 -13.27987635
v 10.85125676 -6.17528301 -13.11257546
v 11.50257888 -5.84042606 -13.33756614
v 10.99707301 -6.39549625 -13.0182008
v 11.64839705 -6.06063843 -13.24319114
v 11.1285147 -6.64295617 -13.00599051
v 11.77983691 -6.30809876 -13.23098024
v 11.98931628 -6.74863778 -13.48516948
v 11.92443536 -6.5260955 -13.34177931
v 11.92443536 -6.5260955 -13.34177931
v 11.98931628 -6.74863778 -13.48516948
v 12.01146022 -6.92850755 -13.68876818
v 12.01146022 -6.92850755 -13.68876818
v 11.9886998 -7.04809411 -13.93264592
v 12.01146022 -6.92850755 -13.68876818
v 11.9886998 -7.04809411 -13.93264592
v 11.92326194 -7.09569675 -14.19292872
v 11.92326194 -7.09569675 -14.19292872
v 11.82154989 -7.06665219 -14.44413947
v 11.82154989 -7.06665219 -14.44413947
v 11.69352638 -6.96380341 -14.66168794
v 11.69352638 -6.96380341 -14.66168794
v 11.55171637 -6.7972213 -14.82427848
v 11.69352638 -6.96380341 -14.66168794
v 11.55171637 -6.7972213 -14.82427848
v 11.41000566 -6.58320842 -14.91599616
v 11.41000566 -6.58320842 -14.91599616
v 11.28226616 -6.34271472 -14.92786348
v 11.28226616 -6.34271472 -14.92786348
v 11.18099777 -6.09928478 -14.85871693
v 11.18099777 -6.09928478 -14.85871693
v 11.11611664 -5.87674208 -14.71532672
v 11.11611664 -5.87674208 -14.71532672
v 11.09397331 -5.6968736 -14.51172817
v 11.09397331 -5.6968736 -14.51172817
v 11.11673485 -5.57728581 -14.26785184
v 11.09397331 -5.6968736 -14.51172817
v 11.11673485 -5.57728581 -14.26785184
v 11.18217463 -5.5296823 -14.0075687
v 11.18217463 -5.5296823 -14.0075687
v 11.28388476 -5.55872772 -13.75635829
v 11.28388476 -5.55872772 -13.75635829
v 11.41190978 -5.66157478 -13.53880938
v 11.41190978 -5.66157478 -13.53880938
v 11.55371787 -5.82815775 -13.37621918
v 11.41190978 -5.66157478 -13.53880938
v 11.55371787 -5.82815775 -13.37621918
v 11.69542859 -6.04217063 -13.28450151
v 11.69542859 -6.04217063 -13.28450151
v 11.82316748 -6.28266305 -13.27263403
v 11.82316748 -6.28266305 -13.27263403
v 11.45478623 -4.45821082 -10.68283561
v 10.93492681 -4.51592702 -12.27366874
v 9.47882028 -5.26453877 -11.77067584
v 9.9986797 -5.20682257 -10.1798427
v 10.93492681 -4.51592702 -12.27366874
v 11.45478623 -4.45821082 -10.68283561
v 12.00755341 -4.95622713 -10.84540303
v 18.94987673 -7.14928147 7.01012418
v 17.10543156 -8.09754542 7.64726358
v 11.19436943 -8.7537382 -10.44189164
v 13.03881622 -7.80547342 -11.0790316
v 18.68988493 -6.4131456 6.33151355
v 18.94987673 -7.14928147 7.01012418
v 13.03881622 -7.80547342 -11.0790316
v 12.9961271 -7.04521267 -11.09266409
v 17.72712395 -4.31088926 6.56985795
v 16.24163108 -4.37999929 7.79466573
v 17.39166107 -3.78874724 7.39740295
v 17.39166107 -3.78874724 7.39740295
v 18.94987673 -7.14928147 7.01012418
v 17.39166107 -3.78874724 7.39740295
v 16.24163108 -4.37999929 7.79466573
v 17.10543156 -8.09754542 7.64726358
v 10.21647135 -4.59569188 -14.47222994
v 10.4341926 -5.14109628 -15.6752452
v 9.83593456 -4.66238288 -15.67309741
v 10.21647135 -4.59569188 -14.47222994
v 8.76036482 -5.34430363 -13.96923704
v 9.83593456 -4.66238288 -15.67309741
v 8.29789342 -5.40704594 -15.40141887
v 12.73606843 -8.32197489 -12.72416848
v 10.16575426 -5.39110012 -16.82442776
v 9.5437253 -4.97100466 -16.978336
v 9.5437253 -4.97100466 -16.978336
v 8.08761877 -5.71961641 -16.4753431
v 9.43835009 -5.57164673 -18.17732965
v 8.67976445 -7.28180755 -12.34106889
v 8.52957094 -7.10537592 -12.51327278
v 8.28625317 -6.96568605 -13.00974722
v 8.39397721 -6.99644698 -12.74368373
v 8.67976445 -7.28180755 -12.34106889
v 8.52957094 -7.10537592 -12.51327278
v 11.42536952 -5.61659141 -13.51358843
v 11.57556252 -5.79302343 -13.34138335
v 8.52957094 -7.10537592 -12.51327278
v 8.39397721 -6.99644698 -12.74368373
v 11.2897769 -5.50766202 -13.74399875
v 11.42536952 -5.61659141 -13.51358843
v 8.82985344 -7.50847369 -12.24392912
v 11.72565121 -6.01968959 -13.24424449
v 9.07240126 -8.02101045 -12.30459388
v 9.1411181 -8.25671029 -12.45646212
v 8.21694634 -7.01610142 -13.28541974
v 8.28625317 -6.96568605 -13.00974722
v 11.18205368 -5.47690067 -14.01006252
v 8.96514715 -7.76318516 -12.23136026
v 11.86094522 -6.27440104 -13.23167472
v 9.16457166 -8.44721339 -12.6720986
v 9.14046355 -8.5738724 -12.93039407
v 10.89162134 -9.2702397 -12.08702943
v 12.73606843 -8.32197489 -12.72416848
v 8.39226274 -7.82678866 -13.98445355
v 8.28500892 -7.56896334 -13.91121902
v 9.07240126 -8.02101045 -12.30459388
v 11.96820177 -6.53222507 -13.30490918
v 8.21694634 -7.01610142 -13.28541974
v 11.11274441 -5.5273173 -14.2857342
v 9.07115631 -8.62428906 -13.20606641
v 8.96343349 -8.59352643 -13.47213036
v 8.67764624 -8.30816586 -13.8747452
v 8.52755746 -8.08150015 -13.97188502
v 8.82783834 -8.48459875 -13.70254079
v 9.1411181 -8.25671029 -12.45646212
v 12.03691698 -6.76792575 -13.45677686
v 8.19283843 -7.14276087 -13.54371525
v 11.08863702 -5.65397636 -14.5440309
v 9.65963565 -6.84089946 -19.4257811
v 9.16457166 -8.44721339 -12.6720986
v 12.06036943 -6.95842929 -13.67241397
v 8.19283843 -7.14276087 -13.54371525
v 8.21629179 -7.33326354 -13.75935168
v 11.11208986 -5.84447941 -14.75966614
v 11.08863702 -5.65397636 -14.5440309
v 8.28500892 -7.56896334 -13.91121902
v 11.18080669 -6.08017925 -14.91153438
v 9.14046355 -8.5738724 -12.93039407
v 9.16457166 -8.44721339 -12.6720986
v 12.06036943 -6.95842929 -13.67241397
v 12.03626405 -7.08508703 -13.93070937
v 10.49700598 -7.80556233 -19.45897211
v 10.12107364 -8.61229867 -20.72637095
v 8.39226274 -7.82678866 -13.98445355
v 11.28806162 -6.33800412 -14.98476829
v 9.07115631 -8.62428906 -13.20606641
v 11.96695681 -7.13550368 -14.20638171
v 8.52755746 -8.08150015 -13.97188502
v 11.42335524 -6.59271606 -14.97220038
v 8.96343349 -8.59352643 -13.47213036
v 11.85923156 -7.1047423 -14.47244482
v 8.67764624 -8.30816586 -13.8747452
v 11.57344431 -6.81938173 -14.87505966
v 8.82783834 -8.48459875 -13.70254079
v 11.72363693 -6.99581424 -14.70285644
v 8.82783834 -8.48459875 -13.70254079
v 11.72363693 -6.99581424 -14.70285644
v 7.98224356 -6.32025848 -17.67433674
v 9.43835009 -5.57164673 -18.17732965
v 9.65963565 -6.84089946 -19.4257811
v 7.81518945 -7.78916418 -18.78863933
v 10.12107364 -8.61229867 -20.72637095
v 8.27662685 -9.56056345 -20.089231
v 10.12107364 -8.61229867 -20.72637095
v 8.27662685 -9.56056345 -20.089231
v 11.11208986 -5.84447941 -14.75966614
v 11.18080669 -6.08017925 -14.91153438
v -0.76636268 2.31428644 -16.95716526
v -2.61836864 0.94812306 -16.34254952
v -2.08769821 1.00703952 -14.71863339
v -0.247535 2.37188809 -15.3694894
v -1.11508739 0.35721122 -16.92313214
v -1.18573734 -0.22276115 -17.99084037
v -2.19758386 -0.74297072 -17.64130924
v -2.12693392 -0.16299835 -16.57360101
v -1.26214991 -0.43031146 -14.46799682
v -0.25030198 0.08989858 -14.81752641
v -0.67938955 0.68947619 -15.16732534
v -1.69123689 0.1692662 -14.81779393
v 3.90675282 3.04729798 -16.75154607
v 4.92460538 3.57059537 -17.1031519
v 1.31023065 -2.49185353 -14.14242716
v 0.35508776 -0.47351164 -13.90352778
v -0.65676038 -0.99372204 -13.55399609
v 0.29838251 -3.01206393 -13.79289547
v 0.16302472 -0.29125074 -14.18826334
v -0.8488232 -0.81146079 -13.83873374
v 0.16302472 -0.29125074 -14.18826334
v -0.8488232 -0.81146079 -13.83873374
v -0.78764383 -0.82893051 -13.6876302
v 0.2242035 -0.30872053 -14.0371616
v -0.73832957 0.81402628 -15.1525834
v -1.2896705 0.75281493 -16.83975377
v -0.44660543 1.59909068 -17.09594128
v 0.08998608 1.65866451 -15.45390592
v -1.8388197 -0.29526925 -19.9893536
v -2.85066623 -0.81547881 -19.63982248
v 4.33584142 2.44772115 -16.40174951
v 5.35369296 2.97101777 -16.75335298
v 4.74916812 2.06657182 -15.77248643
v 4.81034668 2.04910168 -15.62138261
v 5.828196 2.5723974 -15.97298732
v 5.76701966 2.58986844 -16.1240899
v 4.74916812 2.06657182 -15.77248643
v 5.76701966 2.58986844 -16.1240899
v -1.81196728 -0.51338969 -20.23625083
v -0.7665854 -2.72242758 -20.49773441
v -1.77843193 -3.24263715 -20.14820328
v -2.8238138 -1.03359926 -19.8867197
v 4.94154276 1.88365165 -15.48782677
v 5.89637383 -0.13403132 -15.72664816
v 6.91422537 0.3892653 -16.07825163
v 5.9593943 2.40694827 -15.83943024
v 4.48890673 3.23832999 -18.85895842
v 3.47105681 2.7150342 -18.50735552
v 3.47105681 2.7150342 -18.50735552
v 4.48890673 3.23832999 -18.85895842
v 4.4182576 2.65835803 -19.92666693
v 3.40040503 2.13506065 -19.57506109
v 3.76517523 2.58584994 -21.92518016
v 2.74732207 2.06255249 -21.57357614
v 3.81955696 -0.36460578 -22.08195514
v 2.7741745 1.84443204 -21.82047336
v 3.79202766 2.36772949 -22.17207739
v 4.83740953 0.1586916 -22.43356097
v -1.8617799 -0.32744023 -20.10370128
v -2.87362642 -0.84764979 -19.75417016
v -2.87362642 -0.84764979 -19.75417016
v -1.8617799 -0.32744023 -20.10370128
v -1.85194997 -0.4072774 -20.19407086
v -2.8637987 -0.92748787 -19.84454098
v 3.74221504 2.55367896 -22.03952784
v 2.72436188 2.0303815 -21.68792382
v 2.72436188 2.0303815 -21.68792382
v 3.74221504 2.55367896 -22.03952784
v 3.75204416 2.47384137 -22.12989714
v 2.73419262 1.95054475 -21.77829367
v -1.2896705 0.75281493 -16.83975377
v -0.73832957 0.81402628 -15.1525834
v -0.67938955 0.68947619 -15.16732534
v -1.11508739 0.35721122 -16.92313214
v 0.35508776 -0.47351164 -13.90352778
v 1.31023065 -2.49185353 -14.14242716
v -1.85194997 -0.4072774 -20.19407086
v -2.8238138 -1.03359926 -19.8867197
v -1.77843193 -3.24263715 -20.14820328
v 0.29838251 -3.01206393 -13.79289547
v -0.65676038 -0.99372204 -13.55399609
v -0.78764383 -0.82893051 -13.6876302
v -0.8488232 -0.81146079 -13.83873374
v -1.26214991 -0.43031146 -14.46799682
v -1.69123689 0.1692662 -14.81779393
v -2.08769821 1.00703952 -14.71863339
v -2.61836864 0.94812306 -16.34254952
v -2.12693392 -0.16299835 -16.57360101
v -2.8637987 -0.92748787 -19.84454098
v 4.83740953 0.1586916 -22.43356097
v 5.76701966 2.58986844 -16.1240899
v 3.99747261 4.34945146 -18.62790512
v 4.52814466 4.40836876 -17.00398954
v 4.92460538 3.57059537 -17.1031519
v 4.48890673 3.23832999 -18.85895842
v 3.75204416 2.47384137 -22.12989714
v 3.81955696 -0.36460578 -22.08195514
v 4.74916812 2.06657182 -15.77248643
v 3.90675282 3.04729798 -16.75154607
v 3.84781302 3.17184843 -16.73680622
v 3.29647106 3.11063631 -18.42397421
v 3.47105681 2.7150342 -18.50735552
v 2.73419262 1.95054475 -21.77829367
v 0.2242035 -0.30872053 -14.0371616
v -0.78764383 -0.82893051 -13.6876302
v 5.828196 2.5723974 -15.97298732
v 4.81034668 2.04910168 -15.62138261
v 1.76733643 3.6169088 -17.83239839
v 0.50804653 3.08913689 -17.40173427
v 1.02687479 3.1467386 -15.8140566
v 2.28616632 3.67451135 -16.24472128
v 1.36439307 2.43351406 -15.89847617
v 1.02687479 3.1467386 -15.8140566
v 2.6236846 2.96128681 -16.32914086
v 1.36439307 2.43351406 -15.89847617
v 0.82780156 2.37394023 -17.54051154
v 2.08709308 2.90171297 -17.97117622
v 0.50804653 3.08913689 -17.40173427
v 0.82780156 2.37394023 -17.54051154
v 3.99747261 4.34945146 -18.62790512
v 4.52814466 4.40836876 -17.00398954
v 3.84781302 3.17184843 -16.73680622
v 3.29647106 3.11063631 -18.42397421
v -2.12693392 -0.16299835 -16.57360101
v -1.11508739 0.35721122 -16.92313214
v 9.03279841 -4.77754477 -9.5275408
v 10.03256452 -4.26354622 -9.87289689
v 16.14413032 -3.58502369 8.82923867
v 15.14436422 -4.09902225 9.17459476
v 14.95854989 -4.03176033 9.23287569
v 8.84698408 -4.71028285 -9.46925987
v 14.27696111 -4.0184243 9.45512444
v 8.16539589 -4.69694675 -9.24700931
v 13.6271849 -4.22714549 9.67503368
v 7.51561968 -4.90566794 -9.02710007
v 10.03256452 -4.26354622 -9.87289689
v 7.60759661 0.8607427 -9.26634479
v 13.71915591 1.5392645 9.43577084
v 16.14413032 -3.58502369 8.82923867
v 14.60360366 -2.35912539 9.28818258
v 8.44263884 -3.03114462 -9.42883069
v 8.24018827 -3.66775556 -9.33957845
v 14.39711312 -3.0084431 9.37921803
v 7.8598157 -4.20521637 -9.19578029
v 14.00914973 -3.55663115 9.52588694
v 14.6084049 -1.67223881 9.26169303
v 8.44734661 -2.35770005 -9.4548
v 8.44263884 -3.03114462 -9.42883069
v 14.60360366 -2.35912539 9.28818258
v 13.072824 -4.63749383 9.87107781
v 6.96125878 -5.31601629 -8.83105593
v 7.33875427 -4.5909152 -9.0115112
v 13.47768681 -3.95002887 9.7138334
v 14.41105058 -1.01501924 9.3023411
v 8.25385361 -1.71334244 -9.41494611
v 12.66814455 -5.20930132 10.0240662
v 6.55657874 -5.88782384 -8.67806936
v 12.60625705 -5.40391087 10.0513506
v 6.49469125 -6.0824334 -8.65078496
v 6.72800806 -4.78709902 -8.80481121
v 12.85474929 -4.1501288 9.92465939
v 14.03085562 -0.45180161 9.40614908
v 7.88110087 -1.16114608 -9.31316727
v 11.55798693 -5.94284626 10.41346177
v 5.44642112 -6.62136878 -8.28867379
v 6.08736077 -4.77456398 -8.59591144
v 12.20131549 -4.13734315 10.1377275
v 13.5050396 -0.0377158 9.56295432
v 7.3655739 -0.75516449 -9.15942829
v 5.47952477 -4.55453622 -8.40526183
v 11.58134608 -3.91292378 10.33218179
v 12.8850694 0.1867031 9.75740889
v 6.75773707 -0.53513711 -8.96877839
v 7.3655739 -0.75516449 -9.15942829
v 13.5050396 -0.0377158 9.56295432
v 11.58134608 -3.91292378 10.33218179
v 5.47952477 -4.55453622 -8.40526183
v 4.96399872 -4.14855444 -8.25152316
v 11.05552943 -3.49883876 10.48898727
v 12.23163548 0.19948901 9.97047702
v 6.11709054 -0.52260155 -8.75987889
v 4.5912443 -3.59635865 -8.14974676
v 10.67533528 -2.93562072 10.59279496
v 11.60869809 -0.00061119 10.18130298
v 5.50634438 -0.71878547 -8.55317892
v 4.39775313 -2.9520008 -8.10989046
v 10.47798033 -2.27840195 10.63344327
v 11.07723554 -0.39400971 10.36924934
v 4.98528249 -1.10448547 -8.36890963
v 4.40246207 -2.27855656 -8.13586015
v 10.4827827 -1.59151564 10.60695336
v 10.68927208 -0.9421976 10.51591828
v 4.60491098 -1.64194573 -8.22511083
v 3.02145322 -1.49707986 -7.6821217
v 5.44642112 -6.62136878 -8.28867379
v 11.55798693 -5.94284626 10.41346177
v 9.13301251 -0.81855806 11.01999393
v 10.4827827 -1.59151564 10.60695336
v 4.40246207 -2.27855656 -8.13586015
v 7.60759661 0.8607427 -9.26634479
v 3.02145322 -1.49707986 -7.6821217
v 9.13301251 -0.81855806 11.01999393
v 13.71915591 1.5392645 9.43577084
v 8.16539589 -4.69694675 -9.24700931
v 7.8598157 -4.20521637 -9.19578029
v 7.51561968 -4.90566794 -9.02710007
v 7.33875427 -4.5909152 -9.0115112
v 4.96399872 -4.14855444 -8.25152316
v 6.55657874 -5.88782384 -8.67806936
v 13.072824 -4.63749383 9.87107781
v 12.85474929 -4.1501288 9.92465939
v 14.27696111 -4.0184243 9.45512444
v 14.00914973 -3.55663115 9.52588694
v 13.6271849 -4.22714549 9.67503368
v 13.47768681 -3.95002887 9.7138334
v 6.49469125 -6.0824334 -8.65078496
v 5.44642112 -6.62136878 -8.28867379
v 12.60625705 -5.40391087 10.0513506
v 16.14286274 -7.90979191 9.09861892
v 15.59620348 -8.314437 9.29193936
v 16.54192019 -7.34592873 8.94775594
v 16.75431297 -6.67804632 8.85411819
v 16.75925426 -5.97151846 8.82687028
v 16.55625363 -5.29550876 8.86868176
v 16.16519107 -4.71618522 8.97545677
v 15.62433767 -4.29026069 9.13674648
v 14.98664226 -4.05942513 9.33676057
v 14.31452432 -4.04627363 9.55592109
v 13.67377542 -4.25209501 9.77277513
v 13.12711707 -4.65674203 9.96609535
v 12.72806034 -5.22060457 10.11695807
v 12.51566674 -5.8884874 10.2105961
v 12.51072707 -6.59501443 10.23784345
v 12.71372425 -7.27102537 10.19603314
v 13.10479006 -7.85034724 10.08925701
v 13.64564143 -8.27627175 9.92796797
v 14.28333705 -8.50710774 9.72795382
v 14.95545468 -8.52025859 9.50879338
v 10.73880461 -8.50976502 -7.438457
v 11.13786124 -7.94590226 -7.5893197
v 16.54192019 -7.34592873 8.94775594
v 16.14286274 -7.90979191 9.09861892
v 11.35025543 -7.27801936 -7.68295591
v 16.75431297 -6.67804632 8.85411819
v 11.35025543 -7.27801936 -7.68295591
v 11.35519672 -6.57149151 -7.71020382
v 16.75925426 -5.97151846 8.82687028
v 16.75431297 -6.67804632 8.85411819
v 11.15219609 -5.8954818 -7.66839234
v 16.55625363 -5.29550876 8.86868176
v 10.76113353 -5.31615827 -7.56161734
v 16.16519107 -4.71618522 8.97545677
v 10.22028013 -4.89023373 -7.40032763
v 15.62433767 -4.29026069 9.13674648
v 10.22028013 -4.89023373 -7.40032763
v 9.58258413 -4.65939824 -7.20031535
v 14.98664226 -4.05942513 9.33676057
v 15.62433767 -4.29026069 9.13674648
v 8.91046619 -4.64624674 -6.98115483
v 14.31452432 -4.04627363 9.55592109
v 8.26971729 -4.85206812 -6.76430078
v 13.67377542 -4.25209501 9.77277513
v 7.72305894 -5.25671514 -6.57098056
v 13.12711707 -4.65674203 9.96609535
v 7.3240022 -5.82057768 -6.42011784
v 12.72806034 -5.22060457 10.11695807
v 7.11160861 -6.48846051 -6.32647981
v 12.51566674 -5.8884874 10.2105961
v 7.11160861 -6.48846051 -6.32647981
v 7.10666894 -7.19498754 -6.29923246
v 12.51072707 -6.59501443 10.23784345
v 12.51566674 -5.8884874 10.2105961
v 7.30966612 -7.87099848 -6.34104277
v 12.71372425 -7.27102537 10.19603314
v 7.70073193 -8.45032035 -6.4478189
v 13.10479006 -7.85034724 10.08925701
v 8.2415833 -8.87624486 -6.60910795
v 13.64564143 -8.27627175 9.92796797
v 8.2415833 -8.87624486 -6.60910795
v 8.87927892 -9.10708085 -6.80912209
v 14.28333705 -8.50710774 9.72795382
v 13.64564143 -8.27627175 9.92796797
v 9.55139655 -9.12023171 -7.02828253
v 14.95545468 -8.52025859 9.50879338
v 10.19214535 -8.91441011 -7.24513656
v 15.59620348 -8.314437 9.29193936
v 9.05774849 2.22919752 7.60649443
v 9.00979153 1.2816188 7.65654463
v 10.04222061 1.43249956 10.5095801
v 10.04857211 2.68036811 10.46223125
v 9.43636443 2.39556879 7.47673261
v 10.25132344 2.76967424 10.39273521
v 10.29337922 2.89652959 10.37438966
v 9.56733885 2.58278011 7.4271401
v 9.79344877 2.60743487 7.35235642
v 10.44270844 2.88300101 10.32608202
v 11.39651621 2.12876839 10.04175644
v 10.54398397 2.07037598 7.12657797
v 10.85640472 1.49105832 10.24139288
v 9.21413413 2.40119092 7.54915004
v 10.12915907 2.81210092 10.43111736
v 9.79412455 1.27066669 10.59652539
v 8.72700584 1.10195134 7.75547301
v 8.85099352 0.83994916 7.72446133
v 9.91811223 1.00866451 10.56551372
v 10.17925692 1.14292391 10.47530471
v 10.85640472 1.49105832 10.24139288
v 11.53355252 1.83919274 10.00748106
v 10.97685379 1.9328939 6.99011078
v 10.85286611 2.19489608 7.02112245
v 11.67070953 2.23545432 9.94828372
v 11.79469721 1.97345214 9.91727205
v 10.68102028 1.78080033 7.09230259
v 9.91392446 1.38642195 7.35728578
v 9.14682784 0.99204315 7.62226925
v 9.91811223 1.00866451 10.56551372
v 8.85099352 0.83994916 7.72446133
v 8.74006989 1.14294983 7.74971643
v 9.8071886 1.31166518 10.59076882
v 10.04222061 1.43249956 10.5095801
v 9.00979153 1.2816188 7.65654463
v 10.54398397 2.07037598 7.12657797
v 11.39651621 2.12876839 10.04175644
v 11.63154903 2.24960318 9.96056744
v 10.8137056 2.20904495 7.03340617
v 11.79469721 1.97345214 9.91727205
v 10.97685379 1.9328939 6.99011078
v 9.0997013 2.35164828 7.58834233
v 10.05686324 2.7885739 10.45559608
v 9.05774849 2.22919752 7.60649443
v 10.04857211 2.68036811 10.46223125
v 10.44270844 2.88300101 10.32608202
v 9.79344877 2.60743487 7.35235642
v 9.67470008 2.64726596 7.38971654
v 10.35529034 2.94200088 10.35250835
v 9.21413413 2.40119092 7.54915004
v 9.43636443 2.39556879 7.47673261
v 10.12915907 2.81210092 10.43111736
v 10.25132344 2.76967424 10.39273521
v 9.56733885 2.58278011 7.4271401
v 10.29337922 2.89652959 10.37438966
v 9.79254621 1.29409679 10.59619112
v 8.7254275 1.12538144 7.75513873
v 9.79254621 1.29409679 10.59619112
v 8.7254275 1.12538144 7.75513873
v 11.65383474 2.25102023 9.9532334
v 10.83599051 2.21046158 7.02607241
v 11.65383474 2.25102023 9.9532334
v 10.83599051 2.21046158 7.02607241
v 7.61415914 -11.13287691 -16.04291427
v 7.19540988 -9.5146756 -15.18727425
v 7.32295509 -9.56084713 -15.22727891
v 7.78418509 -11.04546337 -16.10164751
v 8.60418484 -10.6913604 -15.81484865
v 8.01853812 -9.16022563 -14.8908991
v 8.43679328 -10.70994499 -16.32708446
v 8.26676792 -10.79735847 -16.26834942
v 7.80553711 -9.31274264 -15.39398054
v 7.84801785 -9.17915758 -15.41270912
v 9.81178762 -14.55558851 -15.11562063
v 9.62140218 -14.4478581 -15.84694666
v 9.57892265 -14.58144148 -15.82821855
v 8.67878961 -13.43864908 -16.39264645
v 8.84881556 -13.35123554 -16.45137969
v 10.46439721 -14.22006965 -15.34105605
v 9.68836058 -12.99496293 -16.10476716
v 10.10398582 -14.19975278 -16.01364885
v 9.33139758 -13.10313105 -16.61808132
v 9.50142515 -13.01571668 -16.67681511
v 10.23153062 -14.24592345 -16.05365341
v 8.01853812 -9.16022563 -14.8908991
v 7.84801785 -9.17915758 -15.41270912
v 7.19540988 -9.5146756 -15.18727425
v 7.36592912 -9.49574443 -14.66546187
v 7.19540988 -9.5146756 -15.18727425
v 7.61415914 -11.13287691 -16.04291427
v 7.7815493 -11.1142928 -15.53067999
v 7.36592912 -9.49574443 -14.66546187
v 8.60418484 -10.6913604 -15.81484865
v 8.43679328 -10.70994499 -16.32708446
v 7.84801785 -9.17915758 -15.41270912
v 8.01853812 -9.16022563 -14.8908991
v 8.10475611 -12.37101024 -16.46542468
v 8.27166074 -12.35248004 -15.95467618
v 6.27085987 -9.48312632 -20.09028252
v 5.78827785 -9.73123081 -19.92358089
v 7.32295509 -9.56084713 -15.22727891
v 7.80553711 -9.31274264 -15.39398054
v 8.27478206 -12.2835967 -16.52415792
v 8.10475611 -12.37101024 -16.46542468
v 9.09429628 -11.92954764 -16.23884484
v 7.65014492 -11.20608947 -16.72874057
v 8.13272694 -10.95798498 -16.8954422
v 8.18065839 -11.01429032 -16.84048627
v 7.69807637 -11.26239481 -16.67378464
v 8.22855739 -11.08662588 -16.8094855
v 7.74597375 -11.33473121 -16.64278331
v 7.60687204 -11.17132663 -16.80227257
v 8.08945406 -10.92322214 -16.9689742
v 8.13272694 -10.95798498 -16.8954422
v 7.65014492 -11.20608947 -16.72874057
v 7.57249358 -11.16150902 -16.88718253
v 8.0550756 -10.91340452 -17.05388416
v 8.27173331 -11.16791358 -16.80547463
v 7.78915129 -11.41601808 -16.638773
v 7.55037544 -11.17759904 -16.97515902
v 8.03295746 -10.92949455 -17.14186065
v 8.30596291 -11.25019387 -16.82884609
v 7.82338089 -11.49829837 -16.66214446
v 5.78827785 -9.73123081 -19.92358089
v 7.32295509 -9.56084713 -15.22727891
v 9.09429628 -11.92954764 -16.23884484
v 8.92739165 -11.94807784 -16.74959334
v 8.32789242 -11.32541297 -16.87731237
v 7.84530878 -11.57351829 -16.71061018
v 7.54268284 -11.21801987 -17.0575904
v 8.02526545 -10.96991531 -17.22429022
v 8.33537696 -11.38620884 -16.9461289
v 7.85279332 -11.63431416 -16.77942671
v 7.55016656 -11.27881616 -17.12640665
v 8.03274858 -11.03071167 -17.29310828
v 8.02526545 -10.96991531 -17.22429022
v 7.54268284 -11.21801987 -17.0575904
v 8.92739165 -11.94807784 -16.74959334
v 8.75736408 -12.03549221 -16.69085955
v 7.85279332 -11.63431416 -16.77942671
v 8.33537696 -11.38620884 -16.9461289
v 8.32768273 -11.4266305 -17.02855972
v 7.84510071 -11.674735 -16.86185809
v 7.57209748 -11.35403477 -17.17487139
v 8.0546795 -11.10593028 -17.34157302
v 8.67878961 -13.43864908 -16.39264645
v 8.86572564 -13.41789526 -15.82059669
v 8.30556419 -11.44271967 -17.11653611
v 7.82298217 -11.69082416 -16.94983448
v 7.60632487 -11.43631596 -17.19824411
v 8.08890689 -11.18821147 -17.36494574
v 8.27118614 -11.43290291 -17.20144617
v 7.78860412 -11.6810074 -17.03474454
v 7.649503 -11.51760276 -17.19423198
v 8.13208502 -11.26949827 -17.36093361
v 6.27085987 -9.48312632 -20.09028252
v 7.80553711 -9.31274264 -15.39398054
v 8.22791465 -11.39813959 -17.27497663
v 7.74533204 -11.64624415 -17.10827681
v 7.69739979 -11.58993922 -17.16323247
v 8.17998181 -11.34183473 -17.3299341
v 7.74533204 -11.64624415 -17.10827681
v 8.22791465 -11.39813959 -17.27497663
v 9.57892265 -14.58144148 -15.82821855
v 9.81178762 -14.55558851 -15.11562063
v 9.50142515 -13.01571668 -16.67681511
v 9.68836058 -12.99496293 -16.10476716
v 8.33170265 -12.64631011 -16.89921111
v 8.81428467 -12.39820562 -17.06591274
v 8.86221612 -12.45451097 -17.0109568
v 8.3796341 -12.70261546 -16.84425517
v 8.91011512 -12.52684653 -16.97995604
v 8.42753148 -12.77495186 -16.81325385
v 8.28842976 -12.61154728 -16.9727431
v 8.77101178 -12.36344279 -17.13944473
v 8.81428467 -12.39820562 -17.06591274
v 8.33170265 -12.64631011 -16.89921111
v 8.25405131 -12.60172966 -17.05765306
v 8.73663333 -12.35362517 -17.22435469
v 8.95329104 -12.60813423 -16.97594516
v 8.47070902 -12.85623872 -16.80924353
v 8.23193317 -12.61781968 -17.14562956
v 8.71451519 -12.36971519 -17.31233119
v 8.98752064 -12.69041452 -16.99931663
v 8.50493862 -12.93851901 -16.832615
v 9.00945015 -12.76563361 -17.04778291
v 8.52686651 -13.01373894 -16.88108072
v 8.22424057 -12.65824052 -17.22806093
v 8.70682318 -12.41013596 -17.39476075
v 9.01693469 -12.82642948 -17.11659943
v 8.53435104 -13.07453481 -16.94989724
v 8.23172429 -12.7190368 -17.29687718
v 8.71430631 -12.47093231 -17.46357881
v 8.70682318 -12.41013596 -17.39476075
v 8.22424057 -12.65824052 -17.22806093
v 9.81178762 -14.55558851 -15.11562063
v 9.57892265 -14.58144148 -15.82821855
v 10.23153062 -14.24592345 -16.05365341
v 10.46439721 -14.22006965 -15.34105605
v 8.53435104 -13.07453481 -16.94989724
v 9.01693469 -12.82642948 -17.11659943
v 9.00924046 -12.86685115 -17.19903025
v 8.52665844 -13.11495564 -17.03232862
v 8.25365521 -12.79425541 -17.34534193
v 8.73623723 -12.54615092 -17.51204356
v 10.23153062 -14.24592345 -16.05365341
v 10.46439721 -14.22006965 -15.34105605
v 8.98712191 -12.88294031 -17.28700664
v 8.50453989 -13.13104481 -17.12030501
v 8.28788259 -12.8765366 -17.36871465
v 8.77046462 -12.62843211 -17.53541628
v 8.95274387 -12.87312355 -17.3719167
v 8.47016185 -13.12122805 -17.20521507
v 8.33106073 -12.9578234 -17.36470252
v 8.81364275 -12.70971891 -17.53140415
v 8.90947238 -12.83836024 -17.44544717
v 8.42688977 -13.08646479 -17.27874735
v 8.37895752 -13.03015987 -17.33370301
v 8.86153954 -12.78205537 -17.50040464
v 8.42688977 -13.08646479 -17.27874735
v 8.90947238 -12.83836024 -17.44544717
v 6.27085987 -9.48312632 -20.09028252
v 6.76025527 -10.96461556 -20.87846156
v 6.27767325 -11.21272006 -20.71175993
v 5.78827785 -9.73123081 -19.92358089
v 7.52561009 -14.68053827 -22.26032842
v 9.62140218 -14.4478581 -15.84694666
v 7.25522297 -12.20226397 -21.28759426
v 6.77264095 -12.45036846 -21.12089263
v 8.00819211 -14.43243377 -22.42703006
v 10.10398582 -14.19975278 -16.01364885
v 7.52561009 -14.68053827 -22.26032842
v 8.00819211 -14.43243377 -22.42703006
v 10.10398582 -14.19975278 -16.01364885
v 9.62140218 -14.4478581 -15.84694666
v 7.64896841 -13.28991887 -21.76651943
v 7.16638639 -13.53802337 -21.5998178
v 8.00819211 -14.43243377 -22.42703006
v 7.52561009 -14.68053827 -22.26032842
v 7.4013031 -29.59343594 -34.1400791
v 7.28958866 -29.65863506 -34.03588936
v 5.78822754 -27.25129842 -34.73751558
v 5.89976658 -27.18035677 -34.83975217
v 7.28958866 -29.65863506 -34.03588936
v 7.28122721 -29.68298982 -33.86355795
v 5.78822754 -27.25129842 -34.73751558
v 8.63304094 -29.588181 -29.2598677
v 8.74154509 -29.55668541 -29.09214811
v 8.3527664 -27.79761509 -27.48930621
v 8.3527664 -27.79761509 -27.48930621
v 8.74154509 -29.55668541 -29.09214811
v 8.8953542 -29.48821484 -29.05567809
v 8.51281864 -27.75944952 -27.47712557
v 4.12138568 -23.27951016 -33.8321833
v 3.54522972 -19.81246944 -31.31242057
v 3.52947632 -19.73786727 -31.46400155
v 4.11195351 -23.21573128 -33.98805545
v 4.11195351 -23.21573128 -33.98805545
v 3.52947632 -19.73786727 -31.46400155
v 3.6360788 -19.66267081 -31.57012407
v 4.21997056 -23.14378845 -34.09067123
v 6.65360523 -21.83916159 -26.17310256
v 6.49108599 -21.8722041 -26.17060226
v 7.51376686 -25.33069192 -26.91607395
v 7.67631556 -25.29288273 -26.91143035
v 6.49108599 -21.8722041 -26.17060226
v 7.51376686 -25.33069192 -26.91607395
v 6.10111694 -27.09993465 -34.90462515
v 7.59390002 -29.49538988 -34.19841824
v 9.08695465 -29.3906737 -29.11371746
v 8.71458091 -27.66915358 -27.54170835
v 3.84118828 -19.58263951 -31.64814967
v 4.4299143 -23.05866525 -34.16140615
v 7.88325536 -25.21449943 -26.99035769
v 6.85754756 -21.75559404 -26.25838221
v 3.58869927 -16.76997857 -28.79573813
v 3.7761925 -16.69404686 -28.87475909
v 6.61097689 -19.28989924 -24.88686487
v 6.35444166 -19.28874327 -24.78589034
v 7.4013031 -29.59343594 -34.1400791
v 7.59390002 -29.49538988 -34.19841824
v 9.08695465 -29.3906737 -29.11371746
v 7.28958866 -29.65863506 -34.03588936
v 7.28122721 -29.68298982 -33.86355795
v 8.8953542 -29.48821484 -29.05567809
v 8.74154509 -29.55668541 -29.09214811
v 8.63304094 -29.588181 -29.2598677
v 3.58869927 -16.76997857 -28.79573813
v 3.48920006 -16.85268321 -28.69221659
v 3.48920006 -16.85268321 -28.69221659
v 6.18861401 -19.2629822 -24.77305811
v 4.63390292 -10.28601594 -10.79766509
v 4.70066295 -10.51500699 -10.94521002
v 5.35198719 -10.18014961 -11.17020041
v 5.28522556 -9.95115861 -11.02265696
v 4.7234477 -10.70008688 -11.15470794
v 5.37477194 -10.3652295 -11.37969833
v 4.7234477 -10.70008688 -11.15470794
v 4.70002742 -10.82314085 -11.40565002
v 5.35135145 -10.48828303 -11.63064036
v 5.37477194 -10.3652295 -11.37969833
v 4.63269301 -10.87211932 -11.67347403
v 5.28401564 -10.53726199 -11.8984659
v 4.52803739 -10.84223532 -11.93196322
v 5.17936002 -10.50737798 -12.15695509
v 4.39630163 -10.73640584 -12.15581551
v 5.04762486 -10.40154844 -12.38080556
v 4.39630163 -10.73640584 -12.15581551
v 4.25038543 -10.56499724 -12.32311615
v 4.90170807 -10.23013991 -12.54810802
v 5.04762486 -10.40154844 -12.38080556
v 4.10456807 -10.34478445 -12.41749144
v 4.75589211 -10.00992664 -12.64248178
v 3.97312558 -10.09732282 -12.42970153
v 4.62444981 -9.76246543 -12.65469191
v 3.86892462 -9.84683901 -12.35855253
v 4.52024866 -9.5119812 -12.58354287
v 3.80216479 -9.61784839 -12.21100766
v 4.45348743 -9.28299106 -12.43599953
v 3.77937945 -9.43276857 -12.00151155
v 4.43070268 -9.09791117 -12.22650161
v 3.77937945 -9.43276857 -12.00151155
v 3.80280094 -9.30971582 -11.75056781
v 4.45412357 -8.97485849 -11.97555968
v 4.43070268 -9.09791117 -12.22650161
v 3.87013514 -9.26073479 -11.48274383
v 4.52145778 -8.92587746 -11.7077357
v 3.97479097 -9.29062135 -11.22425461
v 4.62611441 -8.9557636 -11.44924676
v 4.10652573 -9.3964479 -11.00040411
v 4.75784895 -9.06159051 -11.22539417
v 4.10652573 -9.3964479 -11.00040411
v 4.25244292 -9.5678573 -10.83310176
v 4.90376555 -9.23299997 -11.05809363
v 4.75784895 -9.06159051 -11.22539417
v 4.39825807 -9.78807099 -10.73872772
v 5.04958211 -9.45321317 -10.96371806
v 4.52970096 -10.03552999 -10.72651585
v 5.18102298 -9.70067351 -10.95150749
v 4.57196583 -10.30613847 -10.80196413
v 4.63684675 -10.52868075 -10.94535429
v 4.57196583 -10.30613847 -10.80196413
v 4.63684675 -10.52868075 -10.94535429
v 4.65899069 -10.70855052 -11.14895299
v 4.65899069 -10.70855052 -11.14895299
v 4.65899069 -10.70855052 -11.14895299
v 4.63622754 -10.82813836 -11.3928308
v 4.63622754 -10.82813836 -11.3928308
v 4.5707902 -10.87574062 -11.65311478
v 4.5707902 -10.87574062 -11.65311478
v 4.46908036 -10.84669516 -11.90432428
v 4.46908036 -10.84669516 -11.90432428
v 4.34105464 -10.74384728 -12.121874
v 4.34105464 -10.74384728 -12.121874
v 4.34105464 -10.74384728 -12.121874
v 4.19924684 -10.57726427 -12.2844633
v 4.19924684 -10.57726427 -12.2844633
v 4.05753613 -10.36325139 -12.37618097
v 4.05753613 -10.36325139 -12.37618097
v 3.92979471 -10.12275856 -12.38804863
v 3.92979471 -10.12275856 -12.38804863
v 3.82852824 -9.87932776 -12.31890175
v 3.82852824 -9.87932776 -12.31890175
v 3.76364711 -9.65678505 -12.17551153
v 3.76364711 -9.65678505 -12.17551153
v 3.74150378 -9.47691657 -11.97191298
v 3.74150378 -9.47691657 -11.97191298
v 3.74150378 -9.47691657 -11.97191298
v 3.76426451 -9.3573292 -11.72803637
v 3.76426451 -9.3573292 -11.72803637
v 3.82970288 -9.30972617 -11.46775477
v 3.82970288 -9.30972617 -11.46775477
v 3.93141331 -9.33877156 -11.21654345
v 3.93141331 -9.33877156 -11.21654345
v 4.05943804 -9.44161865 -10.99899545
v 4.05943804 -9.44161865 -10.99899545
v 4.05943804 -9.44161865 -10.99899545
v 4.20124643 -9.60820159 -10.83640434
v 4.20124643 -9.60820159 -10.83640434
v 4.34295633 -9.82221489 -10.74468638
v 4.34295633 -9.82221489 -10.74468638
v 4.47069795 -10.06270602 -10.73281885
v 4.47069795 -10.06270602 -10.73281885
v 4.57210234 -7.99672805 -8.30530272
v 6.02820887 -7.2481163 -8.80829562
v 5.50834945 -7.30583249 -10.39912876
v 4.05224292 -8.05444424 -9.89613585
v 4.61478975 -8.75698583 -8.29167078
v 4.57210234 -7.99672805 -8.30530272
v 4.05224292 -8.05444424 -9.89613585
v 12.06753983 -10.6876203 9.38753721
v 6.15613233 -11.34399064 -8.7014987
v 8.00057831 -10.39572628 -9.33863838
v 13.91198581 -9.73935593 8.75039753
v 11.29746614 -10.21372712 8.88512768
v 5.60336344 -10.84597137 -8.53893184
v 6.15613233 -11.34399064 -8.7014987
v 12.06753983 -10.6876203 9.38753721
v 10.28307893 -8.13801279 9.14130568
v 11.60772631 -6.76237687 9.39538736
v 10.45769633 -7.35362892 9.79265014
v 10.45769633 -7.35362892 9.79265014
v 12.06753983 -10.6876203 9.38753721
v 13.91198581 -9.73935593 8.75039753
v 11.60772631 -6.76237687 9.39538736
v 10.45769633 -7.35362892 9.79265014
v 3.33378775 -8.13420907 -12.09469614
v 2.95325066 -8.20090011 -13.29556452
v 4.78989428 -7.38559732 -12.59768905
v 3.33378775 -8.13420907 -12.09469614
v 2.95325066 -8.20090011 -13.29556452
v 4.32742259 -7.44833966 -14.02987179
v 5.85338453 -11.86049211 -10.34663558
v 2.6610414 -8.50952188 -14.60080311
v 2.6610414 -8.50952188 -14.60080311
v 4.11714793 -7.76091013 -15.10379601
v 2.55566619 -9.11016395 -15.79979676
v 7.07859664 -8.10499804 -11.78796646
v 6.92840423 -7.92856596 -11.96016973
v 6.79280939 -7.81963747 -12.1905813
v 6.68508646 -7.78887608 -12.45664417
v 7.07859664 -8.10499804 -11.78796646
v 4.18279776 -9.59378258 -10.78765172
v 4.03260535 -9.4173505 -10.95985499
v 6.92840423 -7.92856596 -11.96016973
v 6.92840423 -7.92856596 -11.96016973
v 4.03260535 -9.4173505 -10.95985499
v 3.89701051 -9.30842201 -11.19026656
v 6.79280939 -7.81963747 -12.1905813
v 7.22868672 -8.33166372 -11.69082607
v 4.33288784 -9.82044827 -10.69051133
v 7.47123426 -8.84420052 -11.75149174
v 7.5399522 -9.07989991 -11.90335935
v 6.61577963 -7.83929146 -12.73231669
v 3.78928729 -9.27766066 -11.45633034
v 6.68508646 -7.78887608 -12.45664417
v 7.36397933 -8.58637565 -11.67825784
v 4.46818045 -10.07516019 -10.6779431
v 7.56340495 -9.27040342 -12.11899555
v 7.53929654 -9.39706247 -12.37729192
v 5.85338453 -11.86049211 -10.34663558
v 7.69783132 -10.91222733 -10.98377554
v 6.6838411 -8.39215383 -13.35811659
v 6.79109684 -8.64997828 -13.43135078
v 7.47123426 -8.84420052 -11.75149174
v 4.57543538 -10.33298506 -10.751177
v 3.71998104 -9.32807597 -11.73200104
v 6.61577963 -7.83929146 -12.73231669
v 7.4699896 -9.44747909 -12.65296336
v 7.36226678 -9.41671647 -12.91902731
v 6.92638965 -8.90469064 -13.41878259
v 7.07647953 -9.13135589 -13.32164215
v 7.22667163 -9.30778879 -13.14943774
v 7.5399522 -9.07989991 -11.90335935
v 4.64415302 -10.56868448 -10.90304552
v 3.69587284 -9.45473545 -11.99029746
v 6.59167172 -7.96595091 -12.9906122
v 2.77695175 -10.37941669 -17.04824821
v 2.87805942 -10.8845213 -16.48574483
v 7.56340495 -9.27040342 -12.11899555
v 4.66760607 -10.75918796 -11.11868081
v 6.59167172 -7.96595091 -12.9906122
v 3.69587284 -9.45473545 -11.99029746
v 3.71932649 -9.64523809 -12.20593299
v 6.61512508 -8.15645358 -13.20624863
v 3.78804333 -9.88093792 -12.35780123
v 6.6838411 -8.39215383 -13.35811659
v 7.53929654 -9.39706247 -12.37729192
v 4.64349766 -10.88584701 -11.37697718
v 4.66760607 -10.75918796 -11.11868081
v 7.56340495 -9.27040342 -12.11899555
v 3.23838974 -12.15081589 -18.34883806
v 3.89529825 -10.13876279 -12.43103513
v 6.79109684 -8.64997828 -13.43135078
v 7.4699896 -9.44747909 -12.65296336
v 4.57419042 -10.93626367 -11.65264952
v 4.03059187 -10.39347473 -12.41846723
v 6.92638965 -8.90469064 -13.41878259
v 7.36226678 -9.41671647 -12.91902731
v 4.46646819 -10.90550098 -11.91871166
v 4.18068095 -10.6201404 -12.3213265
v 7.07647953 -9.13135589 -13.32164215
v 7.22667163 -9.30778879 -13.14943774
v 4.33087275 -10.79657333 -12.149123
v 4.33087275 -10.79657333 -12.149123
v 7.22667163 -9.30778879 -13.14943774
v 4.01177191 -8.36155262 -16.30278938
v 2.55566619 -9.11016395 -15.79979676
v 2.77695175 -10.37941669 -17.04824821
v 4.62139773 -9.43115232 -17.68538788
v 3.23838974 -12.15081589 -18.34883806
v 5.08283653 -11.20255111 -18.98597802
v 5.08283653 -11.20255111 -18.98597802
v 3.23838974 -12.15081589 -18.34883806
v 4.18068095 -10.6201404 -12.3213265
v 2.03761745 0.34127169 -26.06597419
v -2.48064253 -1.98165074 -24.50520053
v -0.60778131 -1.77372063 -18.77401715
v 3.91047867 0.54920179 -20.33479081
v 1.8908411 -7.05363668 -19.39897008
v -0.36235547 -7.30379264 -26.29402595
v 4.1559023 -4.98087112 -27.85480086
v 6.40910108 -4.73071426 -20.95974374
v -0.60778131 -1.77372063 -18.77401715
v 1.8908411 -7.05363668 -19.39897008
v 6.40910108 -4.73071426 -20.95974374
v 3.91047867 0.54920179 -20.33479081
v 2.03761745 0.34127169 -26.06597419
v 3.76474131 -4.45867046 -28.20996794
v -0.75351646 -6.78159198 -26.64919303
v -2.48064253 -1.98165074 -24.50520053
v -0.48296782 -7.23500175 -26.54080557
v 4.03529135 -4.91207974 -28.10157895
v 4.03529135 -4.91207974 -28.10157895
v -0.48296782 -7.23500175 -26.54080557
v -0.63206779 -7.03595324 -26.67618274
v 3.88619219 -4.71303082 -28.2369564
v -0.36235547 -7.30379264 -26.29402595
v 1.8908411 -7.05363668 -19.39897008
v -0.48296782 -7.23500175 -26.54080557
v -0.63206779 -7.03595324 -26.67618274
v 3.91047867 0.54920179 -20.33479081
v 6.40910108 -4.73071426 -20.95974374
v 4.1559023 -4.98087112 -27.85480086
v 4.03529135 -4.91207974 -28.10157895
v 13.83842283 -3.07161601 10.42862176
v 14.11309732 -2.68350478 10.32478156
v 11.92480528 -2.92645486 3.62834145
v 11.65013079 -3.31456609 3.73218166
v 14.25929121 -2.22379359 10.26032913
v 12.07099917 -2.46674368 3.56388903
v 14.25929121 -2.22379359 10.26032913
v 14.26269034 -1.73748291 10.24157476
v 12.0743983 -1.98043299 3.54513466
v 12.07099917 -2.46674368 3.56388903
v 14.12296516 -1.27217731 10.27035326
v 11.93467231 -1.51512781 3.57391344
v 13.85379052 -0.87342411 10.34384838
v 11.66549856 -1.11637418 3.6474085
v 13.48151627 -0.5802555 10.4548655
v 11.29322423 -0.82320559 3.75842539
v 13.48151627 -0.5802555 10.4548655
v 13.04258342 -0.42136884 10.59253742
v 10.85429138 -0.66431893 3.89609732
v 11.29322423 -0.82320559 3.75842539
v 12.57995778 -0.41231684 10.74338786
v 10.39166574 -0.65526693 4.04694775
v 12.13892395 -0.55398553 10.89265064
v 9.95063191 -0.79693561 4.19621054
v 11.76265239 -0.83250881 11.02571327
v 9.57436094 -1.07545883 4.32927498
v 11.48797728 -1.22062086 11.12955371
v 9.29968583 -1.46357088 4.43311542
v 11.34178492 -1.68033183 11.19400764
v 9.15349288 -1.92328191 4.49756753
v 11.34178492 -1.68033183 11.19400764
v 11.33838524 -2.16664133 11.21276215
v 9.1500932 -2.40959142 4.51632204
v 9.15349288 -1.92328191 4.49756753
v 11.4781111 -2.63194625 11.1839834
v 9.28981906 -2.87489633 4.4875433
v 11.74728503 -3.03070008 11.11048854
v 9.55899299 -3.27365017 4.41404844
v 12.11955827 -3.32386867 10.99947175
v 9.93126623 -3.56681876 4.30303164
v 12.11955827 -3.32386867 10.99947175
v 12.55849058 -3.4827555 10.861798
v 10.37019913 -3.72570552 4.16535971
v 9.93126623 -3.56681876 4.30303164
v 13.02111618 -3.49180743 10.71094758
v 10.83282473 -3.73475745 4.01450928
v 13.46215126 -3.35013794 10.56168636
v 11.27385922 -3.59308802 3.86524625
v 14.14730504 -3.51441583 10.03133522
v 14.03895078 -3.2879232 10.37094009
v 13.58998057 -3.620258 10.52971382
v 13.62565159 -3.90055132 10.21581262
v 14.52810925 -2.97634481 9.88737287
v 14.3666951 -2.82482447 10.24703691
v 14.73078721 -2.33901223 9.79801813
v 14.54113396 -2.27629388 10.17013205
v 14.73550136 -1.66480285 9.77201698
v 14.54519032 -1.69602473 10.14775405
v 14.5417874 -1.01971485 9.81191558
v 14.37846783 -1.14081858 10.18209321
v 14.16861193 -0.46689132 9.91380679
v 14.05728752 -0.66502229 10.26978781
v 13.65249944 -0.0604491 10.06771839
v 13.61308769 -0.3152107 10.40225405
v 13.04397273 0.15982769 10.25858368
v 13.08934924 -0.12562555 10.56652537
v 12.40259868 0.17237697 10.46771943
v 12.53733972 -0.1148247 10.74652162
v 11.79115944 -0.0240294 10.67465395
v 12.01109462 -0.28386543 10.92462319
v 11.2695061 -0.41016723 10.8591314
v 11.56212588 -0.61620121 11.08339647
v 10.88870336 -0.94823709 11.00309323
v 11.23438077 -1.07930039 11.20729993
v 10.68602453 -1.58556997 11.09244826
v 11.05994203 -1.62783125 11.28420475
v 10.68131099 -2.25977852 11.11844918
v 11.05588546 -2.20809994 11.30658281
v 10.87502318 -2.90486703 11.07855118
v 11.22260681 -2.76330581 11.27224401
v 11.24820034 -3.45768989 10.97665939
v 11.54378795 -3.23910173 11.18454913
v 11.76431177 -3.86413198 10.82274814
v 11.98798766 -3.58891307 11.05208291
v 12.37283846 -4.08440873 10.63188285
v 12.51172577 -3.77849749 10.88781168
v 13.01421175 -4.09695853 10.42274737
v 13.06373525 -3.78929825 10.70781545
v 10.87952876 -3.87721317 0.0315419
v 11.26033216 -3.33914257 -0.11242017
v 14.52810925 -2.97634481 9.88737287
v 14.14730504 -3.51441583 10.03133522
v 11.46301093 -2.70180957 -0.20177519
v 14.73078721 -2.33901223 9.79801813
v 11.46301093 -2.70180957 -0.20177519
v 11.46772508 -2.02760019 -0.22777634
v 14.73550136 -1.66480285 9.77201698
v 14.73078721 -2.33901223 9.79801813
v 11.27401112 -1.38251219 -0.18787774
v 14.5417874 -1.01971485 9.81191558
v 10.90083566 -0.82968866 -0.08598653
v 14.16861193 -0.46689132 9.91380679
v 10.38472316 -0.42324644 0.06792507
v 13.65249944 -0.0604491 10.06771839
v 10.38472316 -0.42324644 0.06792507
v 9.77619645 -0.20296965 0.25879036
v 13.04397273 0.15982769 10.25858368
v 13.65249944 -0.0604491 10.06771839
v 9.1348224 -0.19042037 0.46792611
v 12.40259868 0.17237697 10.46771943
v 8.52338316 -0.38682674 0.67486063
v 11.79115944 -0.0240294 10.67465395
v 8.00172982 -0.77296457 0.85933808
v 11.2695061 -0.41016723 10.8591314
v 7.62092708 -1.31103443 1.00329991
v 10.88870336 -0.94823709 11.00309323
v 7.41824829 -1.94836731 1.09265505
v 10.68602453 -1.58556997 11.09244826
v 7.41824829 -1.94836731 1.09265505
v 7.41353471 -2.62257586 1.11865586
v 10.68131099 -2.25977852 11.11844918
v 10.68602453 -1.58556997 11.09244826
v 7.60724609 -3.26766478 1.07875814
v 10.87502318 -2.90486703 11.07855118
v 7.98042406 -3.82048722 0.97686607
v 11.24820034 -3.45768989 10.97665939
v 8.49653552 -4.22692931 0.82295493
v 11.76431177 -3.86413198 10.82274814
v 8.49653552 -4.22692931 0.82295493
v 9.10506218 -4.44720606 0.63208953
v 12.37283846 -4.08440873 10.63188285
v 11.76431177 -3.86413198 10.82274814
v 9.74643547 -4.45975587 0.42295405
v 13.01421175 -4.09695853 10.42274737
v 10.35787531 -4.26334866 0.2160193
v 13.62565159 -3.90055132 10.21581262
v 14.11309732 -2.68350478 10.32478156
v 13.83842283 -3.07161601 10.42862176
v 14.25929121 -2.22379359 10.26032913
v 14.26269034 -1.73748291 10.24157476
v 14.12296516 -1.27217731 10.27035326
v 13.85379052 -0.87342411 10.34384838
v 13.48151627 -0.5802555 10.4548655
v 13.04258342 -0.42136884 10.59253742
v 12.57995778 -0.41231684 10.74338786
v 12.13892395 -0.55398553 10.89265064
v 11.76265239 -0.83250881 11.02571327
v 11.48797728 -1.22062086 11.12955371
v 11.34178492 -1.68033183 11.19400764
v 11.33838524 -2.16664133 11.21276215
v 11.4781111 -2.63194625 11.1839834
v 11.74728503 -3.03070008 11.11048854
v 12.11955827 -3.32386867 10.99947175
v 12.55849058 -3.4827555 10.861798
v 13.02111618 -3.49180743 10.71094758
v 13.46215126 -3.35013794 10.56168636
v 7.07963764 -22.42841061 -27.84131987
v 4.94384846 -22.75100578 -33.65496668
v 8.06734904 -29.35138168 -34.43622919
v 10.22121694 -29.1122528 -27.84513667
v 9.57178691 -20.37169559 -35.25362733
v 11.66961473 -20.13878844 -28.83402427
v 14.46303045 -26.86128534 -29.90325852
v 12.69528749 -26.97207149 -36.03488984
v 9.41254 -21.32212695 -27.86058988
v 12.59208065 -27.91628113 -28.47036292
v 10.05866238 -28.19754806 -36.22293132
v 7.25781768 -21.56135069 -34.45429701
v 9.63462021 -29.3018734 -27.89204208
v 10.22121694 -29.1122528 -27.84513667
v 8.06734904 -29.35138168 -34.43622919
v 7.12507421 -29.69421374 -34.61074482
v 12.66226205 -27.83841111 -28.15130073
v 14.14476584 -27.05329408 -28.85716974
v 13.69217078 -27.32777016 -29.04413215
v 12.59208065 -27.91628113 -28.47036292
v 12.69528749 -26.97207149 -36.03488984
v 14.46303045 -26.86128534 -29.90325852
v 15.22795295 -26.42623585 -29.82418553
v 13.28266852 -26.52847919 -36.73780099
v 9.88121165 -28.14716967 -36.6616454
v 10.05866238 -28.19754806 -36.22293132
v 11.37697353 -27.58481026 -36.12891211
v 11.45558694 -27.35185283 -37.08637643
v 9.70534343 -30.29553573 -27.79352031
v 7.1550006 -30.70634246 -34.51933734
v 7.51254782 -30.88150827 -34.43554036
v 9.93250262 -30.49154826 -28.0549217
v 7.7945407 -30.89965541 -34.33871327
v 10.08758125 -30.53017132 -28.29251929
v 7.1550006 -30.70634246 -34.51933734
v 9.70534343 -30.29553573 -27.79352031
v 9.63462021 -29.3018734 -27.89204208
v 7.12507421 -29.69421374 -34.61074482
v 14.14476584 -27.05329408 -28.85716974
v 12.66226205 -27.83841111 -28.15130073
v 13.07568244 -28.65588661 -28.17115718
v 14.74681893 -27.77378997 -28.94218689
v 14.06712495 -27.15268887 -36.90704408
v 13.28266852 -26.52847919 -36.73780099
v 15.22795295 -26.42623585 -29.82418553
v 15.98406829 -27.06752544 -29.96242146
v 11.45558694 -27.35185283 -37.08637643
v 12.05141629 -28.07304019 -37.19045271
v 10.28840387 -28.96533845 -36.70056349
v 9.88121165 -28.14716967 -36.6616454
v 13.1462373 -28.93241191 -28.37846569
v 14.73117306 -28.09463268 -29.11971848
v 13.14426848 -29.05177601 -28.5618133
v 14.64276111 -28.25843882 -29.27320545
v 15.98406829 -27.06752544 -29.96242146
v 15.89802 -27.42456336 -30.11563346
v 14.07986721 -27.50512588 -36.70413472
v 14.06712495 -27.15268887 -36.90704408
v 15.73900515 -27.62466802 -30.24472956
v 14.01608428 -27.70104286 -36.48786391
v 12.17301911 -28.53263444 -36.830914
v 10.5826558 -29.33617103 -36.40066012
v 10.47355082 -29.22913896 -36.55720906
v 12.15035647 -28.38116075 -37.01732331
v 9.06224651 -30.13194113 -35.7563384
v 8.86669597 -30.06935236 -35.88302585
v 8.59534991 -29.84986843 -35.99660393
v 8.37679481 -28.93471824 -36.02284403
v 8.37679481 -28.93471824 -36.02284403
v 9.06300431 -28.77446535 -35.32958179
v 11.06596928 -28.63616129 -27.79363985
v 11.29075535 -29.55061725 -27.74833505
v 11.44751256 -29.78282429 -27.98542102
v 11.53198991 -29.85774503 -28.19862832
v 8.86669597 -30.06935236 -35.88302585
v 9.06224651 -30.13194113 -35.7563384
v 7.51254782 -30.88150827 -34.43554036
v 7.1550006 -30.70634246 -34.51933734
v 7.12507421 -29.69421374 -34.61074482
v 9.63462021 -29.3018734 -27.89204208
v 9.70534343 -30.29553573 -27.79352031
v 9.93250262 -30.49154826 -28.0549217
v 11.44751256 -29.78282429 -27.98542102
v 11.53198991 -29.85774503 -28.19862832
v 14.73117306 -28.09463268 -29.11971848
v 14.64276111 -28.25843882 -29.27320545
v 15.89802 -27.42456336 -30.11563346
v 15.98406829 -27.06752544 -29.96242146
v 15.22795295 -26.42623585 -29.82418553
v 13.28266852 -26.52847919 -36.73780099
v 14.06712495 -27.15268887 -36.90704408
v 14.07986721 -27.50512588 -36.70413472
v 12.17301911 -28.53263444 -36.830914
v 12.15035647 -28.38116075 -37.01732331
v 10.5826558 -29.33617103 -36.40066012
v 13.14426848 -29.05177601 -28.5618133
v 10.08651935 2.24036259 3.53005272
v 12.67374378 1.826891 2.69958907
v 11.6787505 1.31534627 3.0432962
v 7.03544757 -1.07186312 4.64726456
v 10.35496549 -6.53348238 10.11371609
v 7.84264304 -6.81240843 2.42570488
v 8.83763686 -6.30086286 2.0819973
v 11.6222434 -5.99170833 10.60323239
v 6.0404536 -1.58340836 4.99097218
v 7.30034897 0.80794 4.49249874
v 14.47593327 -3.40210918 0.13432176
v 13.48093986 -3.91365347 0.47802917
v 13.14037042 -1.77324785 2.67771729
v 14.1353637 -1.26170312 2.33401016
v 13.48093986 -3.91365347 0.47802917
v 14.47593327 -3.40210918 0.13432176
v 16.98825373 -3.12318368 7.82232963
v 16.2655464 -3.60449894 8.99926426
v 14.5472877 2.0348969 8.4328616
v 12.67374378 1.826891 2.69958907
v 7.50207347 -4.67200237 4.62539329
v 8.49706668 -4.16045765 4.28168593
v 8.83763686 -6.30086286 2.0819973
v 7.84264304 -6.81240843 2.42570488
v 13.82458017 1.55358207 9.60979628
v 11.6787505 1.31534627 3.0432962
v 16.98825373 -3.12318368 7.82232963
v 16.2655464 -3.60449894 8.99926426
v 14.5472877 2.0348969 8.4328616
v 12.67374378 1.826891 2.69958907
v 12.13956451 2.46829698 9.81262058
v 9.18127716 -0.83362733 11.21376441
v 7.03544757 -1.07186312 4.64726456
v 11.6787505 1.31534627 3.0432962
v 13.82458017 1.55358207 9.60979628
v 10.97604146 1.93753973 6.9476082
v 10.85400005 2.19542919 6.97813307
v 10.55483679 2.04162373 7.0814751
v 10.67687819 1.78373427 7.05095023
v 9.18127716 -0.83362733 11.21376441
v 7.03544757 -1.07186312 4.64726456
v 9.77910809 1.64280701 7.3494404
v 9.90114949 1.38491756 7.31891553
v 7.91399956 -1.37540202 10.72424804
v 6.0404536 -1.58340836 4.99097218
v 10.97604146 1.93753973 6.9476082
v 11.8316797 1.98249667 9.98871437
v 11.69473757 2.23960308 9.96628021
v 10.85400005 2.19542919 6.97813307
v 11.8316797 1.98249667 9.98871437
v 10.97604146 1.93753973 6.9476082
v 9.00337939 1.2439903 7.61740571
v 9.12542079 0.98610085 7.58688084
v 10.88092271 1.49369463 10.3171409
v 8.70421693 1.09018526 7.72074746
v 8.82625834 0.8322958 7.69022258
v 7.91399956 -1.37540202 10.72424804
v 9.35339494 1.03587481 10.77506632
v 6.0404536 -1.58340836 4.99097218
v 11.6222434 -5.99170833 10.60323239
v 10.35496549 -6.53348238 10.11371609
v 9.93016654 1.004893 10.64556715
v 8.82625834 0.8322958 7.69022258
v 8.82625834 0.8322958 7.69022258
v 8.70421693 1.09018526 7.72074746
v 9.78890148 1.25977691 10.6246263
v 9.93016654 1.004893 10.64556715
v 9.78890148 1.25977691 10.6246263
v 9.00337939 1.2439903 7.61740571
v 9.77910809 1.64280701 7.3494404
v 10.55483679 2.04162373 7.0814751
v 10.85400005 2.19542919 6.97813307
v 11.69473757 2.23960308 9.96628021
v 11.69473757 2.23960308 9.96628021
v 11.8316797 1.98249667 9.98871437
v 9.78890148 1.25977691 10.6246263
v 10.19478044 1.14093598 10.55415975
v 10.88092271 1.49369463 10.3171409
v 11.5670658 1.84645369 10.08012177
v 1.38467337 -0.52810734 -25.18355822
v -0.55599201 0.20301363 -29.71342642
v -3.06275308 -1.08575938 -28.84749868
v -1.12208549 -1.81687945 -24.31762923
v 0.1023484 -4.4005626 -24.61836791
v -0.86691061 -4.97969838 -28.28619449
v 1.63984987 -3.69092544 -29.15212404
v 2.60910727 -3.11179048 -25.4842969
v -1.12208549 -1.81687945 -24.31762923
v 0.1023484 -4.4005626 -24.61836791
v 2.60910727 -3.11179048 -25.4842969
v 1.38467337 -0.52810734 -25.18355822
v -0.13620708 -1.36827328 -30.83676698
v 1.27327939 -3.41496792 -29.80259175
v -1.23348168 -4.70374093 -28.93666401
v -2.64296815 -2.65704629 -29.97083924
v -3.01136119 -1.97074931 -30.01587522
v -0.50460173 -0.68197714 -30.8818024
v -3.17706089 -1.35052784 -29.57246548
v -0.67030025 -0.06175554 -30.43838903
v -0.67030025 -0.06175554 -30.43838903
v -3.17706089 -1.35052784 -29.57246548
v -1.02288018 -4.93050386 -28.66449152
v 1.48387927 -3.64173168 -29.5304187
v 1.48387927 -3.64173168 -29.5304187
v -1.02288018 -4.93050386 -28.66449152
v 0.1023484 -4.4005626 -24.61836791
v -1.12208549 -1.81687945 -24.31762923
v -1.23348168 -4.70374093 -28.93666401
v -3.17706089 -1.35052784 -29.57246548
v -2.64296815 -2.65704629 -29.97083924
v -3.01136119 -1.97074931 -30.01587522
v 1.38467337 -0.52810734 -25.18355822
v 2.60910727 -3.11179048 -25.4842969
v 1.27327939 -3.41496792 -29.80259175
v -0.67030025 -0.06175554 -30.43838903
v -0.13620708 -1.36827328 -30.83676698
v -0.50460173 -0.68197714 -30.8818024
v -1.28167553 -7.7616298 -26.01776632
v 5.04359522 -4.50968868 -28.20275218
v 9.06776281 -9.32329416 -8.528267
v 10.32665078 -8.67607618 -8.96313334
v 9.79412455 1.27066669 10.59652539
v 9.91811223 1.00866451 10.56551372
v 9.79254621 1.29409679 10.59619112
v 9.8071886 1.31166518 10.59076882
v 8.7254275 1.12538144 7.75513873
v 8.85099352 0.83994916 7.72446133
v 8.72700584 1.10195134 7.75547301
v 8.74006989 1.14294983 7.74971643
v 11.79469721 1.97345214 9.91727205
v 11.63154903 2.24960318 9.96056744
v 11.65383474 2.25102023 9.9532334
v 11.67070953 2.23545432 9.94828372
v 10.8137056 2.20904495 7.03340617
v 10.97685379 1.9328939 6.99011078
v 10.83599051 2.21046158 7.02607241
v 10.85286611 2.19489608 7.02112245
vn -0 0 1
vn -0 -0 1
vn 0 0 1
vn -0.98955 -0.13673 0.0457
vn -0.98241 -0.17652 0.06085
vn -0.99076 -0.10707 -0.08324
vn 0 0 -1
vn 0 0 -1
vn 0 0 -1
vn 0 0 1
vn 0 -1 0
vn 0 -1 0
vn 0 -1 0
vn 0 -1 0
vn 0.64583 0.76348 -0
vn 0.64583 0.76348 -0
vn 0.64583 0.76348 0
vn 0.64583 0.76348 0
vn 0.64584 0.76348 0
vn 1 0 0
vn 1 0 0
vn 1 0 -0
vn -1 0 -0
vn -1 -1E-05 0
vn -1 0 0
vn 1 0 0
vn 1 -0 0
vn 1 -0 0
vn 0 0.36217 -0.93211
vn 0 0.36217 -0.93211
vn 0 0.36217 -0.93211
vn 1 2E-05 0
vn 1 0 0
vn 1 0 0
vn 0.64583 0.76348 -0
vn 0.64583 0.76348 -0
vn 0.64583 0.76348 0
vn 0.64583 0.76348 0
vn 0.6402 0.76821 0
vn 0.64021 0.7682 0
vn 0.64021 0.7682 0
vn 0.64021 0.7682 -0
vn 0.64022 0.76819 -3E-05
vn 0 -1 -0
vn 0 -1 -0
vn 0 -1 -0
vn -0 -1 -0
vn 0.9996 0.02841 1E-05
vn 0.99979 0.00387 -0.02012
vn 0.99997 0.0006 -0.00756
vn 0 0 1
vn 0 0 1
vn 0 -0 1
vn 0.98955 -0.13673 0.0457
vn 0.99076 -0.10707 -0.08324
vn 0.98241 -0.17653 0.06085
vn 0 0 -1
vn -0 0 -1
vn -0 0 -1
vn -0 -1 0
vn -0 -1 0
vn 0 -1 -0
vn -0.64583 0.76348 -0
vn -0.64583 0.76348 0
vn -0.64583 0.76348 -0
vn -0.64583 0.76348 0
vn -0.64583 0.76348 0
vn -1 0 0
vn -1 -0 0
vn -1 0 0
vn 1 0 0
vn 1 -0 0
vn 1 1E-05 -1E-05
vn -1 0 0
vn -1 0 0
vn -0 0.36217 -0.93211
vn -1 0 0
vn -1 -0 -0
vn -1 -0 -0
vn -0.64583 0.76348 -0
vn -0.64583 0.76348 0
vn -0.64583 0.76348 0
vn -0.64583 0.76348 0
vn -0.6402 0.7682 0
vn -0.64021 0.7682 0
vn -0.64021 0.7682 0
vn -0.64022 0.76819 -3E-05
vn -0.64021 0.7682 -0
vn 0 -1 0
vn -0 -1 -0
vn -0 -1 -0
vn 0 -1 -0
vn -0.9996 0.02843 0
vn -0.99997 0.0006 -0.00756
vn -0.99979 0.00387 -0.02012
vn 0 0 1
vn 0 -0 1
vn 1 -1E-05 -0
vn -0.70708 -0.70713 0
vn -0.70711 -0.70711 0
vn 0.75096 -0.66032 -0.00579
vn 0.84766 -0.51196 -0.13917
vn 0 0 1
vn 0 0 1
vn -0 -1E-05 1
vn 0 -1E-05 1
vn 0 -0 1
vn 0.93331 -0.25378 0.25403
vn 0.85231 -0.48667 0.19163
vn 0 1 -0
vn 0 1 0
vn 0.73363 -0.33398 -0.59181
vn 0.968 -0.24584 0.05046
vn 0.88879 -0.27289 -0.36821
vn 0.82807 -0.54984 0.10944
vn 0.93548 -0.23421 -0.26461
vn 0.98762 -0.12049 -0.10044
vn 1 0 -0
vn 0.99999 -0.00417 0
vn 1 -0 0
vn 0.93493 -0.34549 0.0809
vn 0.95943 -0.27871 0.04254
vn 1 -0 0
vn 1 -0 -0
vn -0.99711 0.02603 -0.07144
vn -1 0 0
vn -1 0 0
vn -0 0.17489 -0.98459
vn 0 0.11792 -0.99302
vn -0.98878 0.1354 -0.06311
vn -0.98651 0.16317 -0.01341
vn -0 -0.99998 0.00562
vn 0.508 -0.86104 -0.02346
vn 0.39733 -0.91766 0.00516
vn 0.533 -0.521 0.66669
vn 0.77955 -0.49193 0.38769
vn 0 0 1
vn 0 -0 1
vn -1 -1E-05 0
vn 0.7071 -0.70712 -0
vn 0.70711 -0.70711 -0
vn -1 -1E-05 -0
vn -0.9989 -0.04694 -0
vn -0.94715 -0.3208 0
vn -0.84766 -0.51196 -0.13917
vn 0 1E-05 1
vn 0 0 1
vn 0 -1E-05 1
vn 0 0 1
vn -0 -1E-05 1
vn 0 -1E-05 1
vn 0 -0 1
vn -0.9972 -0.05285 0.0529
vn -0.85231 -0.48667 0.19163
vn -0 1 -0
vn -0 1 -0
vn 0 1 0
vn -0.73228 -0.35496 -0.58118
vn -0.93357 -0.20955 0.29075
vn -0.88879 -0.27289 -0.36821
vn -0.82807 -0.54984 0.10944
vn -0.93548 -0.23421 -0.26461
vn -0.98762 -0.12049 -0.10044
vn -1 0 0
vn -1 -0 0
vn -0.99999 -0.00417 0
vn -0.93493 -0.34549 0.0809
vn -0.95943 -0.27871 0.04254
vn -1 -0 0
vn -1 -0 -0
vn 0.99711 0.02603 -0.07144
vn 1 0 -0
vn 1 0 0
vn 0.98878 0.1354 -0.06311
vn 0.98655 0.16288 -0.01349
vn 0 -0.99998 0.00562
vn -0.39733 -0.91766 0.00516
vn -0.533 -0.521 0.66669
vn -0.77955 -0.49193 0.38769
vn -0.75365 -0.65728 0
vn -0.94715 -0.3208 0
vn -0.75684 -0.6536 0
vn -0.76042 -0.64936 -0.00918
vn -0.94715 -0.3208 0
vn 0.94715 -0.3208 -0
vn 0.75503 -0.65567 -0.00457
vn 0.94715 -0.3208 -0
vn 0.75762 -0.65267 -0.00526
vn 0.94715 -0.3208 -0
vn 1 -0 -0
vn 0.9989 -0.04694 -0
vn 0.9989 -0.04694 -0
vn -0.9989 -0.04694 -0
vn -0.9989 -0.04694 -0
vn -0.73228 -0.35496 -0.58118
vn 0.73363 -0.33398 -0.59181
vn -0.508 -0.86104 -0.02346
vn 0.98571 0.11854 0.11964
vn 0.99253 0.10297 0.06547
vn 0.99244 0.11237 0.04934
vn 0.99743 0.06808 0.02215
vn 0.99956 0.02902 -0.00544
vn 0.99925 0.03364 -0.01939
vn -0.40094 0.76185 0.50875
vn -0.32803 0.78815 0.52078
vn -0.12984 0.83467 0.53523
vn -0.11258 0.83702 0.53547
vn -0.11256 0.83703 0.53545
vn 0 -0 -1
vn 0 0 -1
vn -0 -0 -1
vn 0 -0 -1
vn 0 0 -1
vn 0 0 -1
vn 0 0 -1
vn -0 -0 -1
vn -0 0 -1
vn 0 -0 -1
vn 0 0 -1
vn 0 0 -1
vn 0 -0 -1
vn 0 0 -1
vn 0 0 -1
vn 0 -0 -1
vn 0 0 -1
vn 0 -0 -1
vn 0 -0 -1
vn -0 0 -1
vn -0 0 1
vn -0 0 1
vn 0 0 1
vn 0 0 1
vn 0 0 1
vn -0 0 1
vn 0 0 1
vn 0 0 1
vn -0 0 1
vn -0 0 1
vn 0 0 1
vn 0 0 1
vn 0 0 1
vn 0 0 1
vn 0 0 1
vn 0.97194 -0.22884 0.05453
vn 0.9982 0.05911 0.00976
vn 0.97151 -0.23208 -0.0481
vn 0.99712 0.07107 0.02643
vn 0.99738 0.06197 0.03724
vn 0.99282 0.08899 0.07998
vn 0.01398 -0.68217 0.73106
vn 0.01572 -0.68196 0.73122
vn 0.04411 -0.67835 0.73342
vn 0.92159 -0.38434 -0.05431
vn 0.92116 -0.37973 0.08524
vn 0.97824 0.00675 0.20735
vn 0.88585 0.0569 0.46047
vn 0.93174 0.08707 0.35253
vn 0.76695 0.24112 0.59469
vn 0.76562 0.22342 0.60325
vn 0.96133 0.08403 0.26226
vn 0.99697 0.0684 0.03714
vn 0.99707 0.07571 0.01083
vn 0.96014 0.21935 -0.17323
vn 0.99197 0.11935 0.04179
vn 0.92447 0.04864 0.37813
vn 0.99178 0.12725 -0.01309
vn 0.93209 -0.21623 0.29062
vn 0.99216 0.12421 -0.01357
vn 0.89705 0.04749 0.43936
vn -0.03419 0.59534 -0.80275
vn -0.03944 0.59582 -0.80215
vn -0.03296 0.34683 -0.93735
vn 0.99804 0.06263 0.00157
vn 0.99651 0.08305 0.00826
vn 0.99771 0.06478 -0.01951
vn 0.95818 0.2039 -0.20078
vn 0.99707 0.07574 0.01065
vn 0.96304 0.06683 -0.26093
vn -0 -1 -1E-05
vn -0 -1 -0
vn -0 -1 -0
vn 0 -1 -0
vn 0 -1 -0
vn 0.98918 0.07323 0.12712
vn 0.95915 0.08643 0.26937
vn 0.99091 0.09173 0.09836
vn 0.01756 0.14227 -0.98967
vn 0.0269 0.14018 -0.98976
vn 0.03398 0.1395 -0.98964
vn 0.01342 0.35095 0.9363
vn 0.0165 -0.07253 0.99723
vn 0.01519 0.14572 0.98921
vn 0.99939 -0.00516 -0.0346
vn 0.99957 0.0102 -0.02734
vn 0.96227 0.06365 -0.26456
vn 0.95356 -0.1034 -0.2829
vn 0.83013 -0.03132 -0.55669
vn 0 -1 -0
vn 0 -1 -0
vn 0 -1 -0
vn 0.1076 -0.84012 -0.53162
vn 0.1076 -0.84012 -0.53162
vn 0.10758 -0.84012 -0.53162
vn -0 -1 0
vn 0 -1 -0
vn 0 -1 0
vn 0.01826 0.43653 -0.8995
vn 0.02944 0.23648 -0.97119
vn 0.01821 0.43668 -0.89943
vn 0.01826 0.43653 -0.89951
vn -0.97151 -0.23208 -0.0481
vn -0.9982 0.05911 0.00976
vn -0.97194 -0.22884 0.05453
vn -0.99282 0.08899 0.07998
vn -0.99738 0.06197 0.03724
vn -0.99712 0.07107 0.02643
vn -0.01399 -0.68216 0.73107
vn -0.04411 -0.67835 0.73341
vn -0.01572 -0.68196 0.73122
vn -0.92159 -0.38434 -0.05431
vn -0.97824 0.00675 0.20735
vn -0.92116 -0.37973 0.08524
vn -0.88585 0.0569 0.46048
vn -0.76694 0.24112 0.59469
vn -0.93174 0.08707 0.35253
vn -0.76562 0.22342 0.60325
vn -0.96133 0.08403 0.26225
vn -0.99697 0.0684 0.03714
vn -0.96014 0.21935 -0.17323
vn -0.99707 0.07572 0.01078
vn -0.99197 0.11935 0.04181
vn -0.99178 0.12725 -0.0131
vn -0.92447 0.04864 0.37813
vn -0.93209 -0.21624 0.29062
vn -0.89705 0.04749 0.43936
vn -0.99216 0.12422 -0.01358
vn 0.03419 0.59534 -0.80274
vn 0.03296 0.34683 -0.93735
vn 0.03944 0.59582 -0.80215
vn -0.99771 0.06478 -0.01951
vn -0.99651 0.08305 0.00826
vn -0.99804 0.06263 0.00157
vn -0.95818 0.2039 -0.20078
vn -0.96304 0.0668 -0.26093
vn -0.99707 0.07575 0.01061
vn 0 -1 -1E-05
vn 0 -1 -0
vn 0 -1 -0
vn -0.4819 0.02266 0.87593
vn 0.00605 0.01685 0.99984
vn -0.2555 -0.02566 0.96647
vn -0.24416 -0.02379 0.96944
vn -0 -1 -0
vn -0 -1 -0
vn -0.98918 0.07323 0.12712
vn -0.99091 0.09173 0.09836
vn -0.95915 0.08643 0.26938
vn -0.01756 0.14227 -0.98967
vn -0.03398 0.1395 -0.98964
vn -0.0269 0.14018 -0.98976
vn -0.01342 0.35096 0.9363
vn -0.01519 0.14572 0.98921
vn -0.0165 -0.07253 0.99723
vn -0.99939 -0.00515 -0.0346
vn -0.99957 0.0102 -0.02734
vn -0.96227 0.06365 -0.26456
vn -0.83013 -0.03132 -0.55669
vn -0.95356 -0.1034 -0.2829
vn -0 -1 -0
vn -0 -1 -0
vn -0 -1 -0
vn -0.10758 -0.84012 -0.53162
vn -0.1076 -0.84012 -0.53161
vn -0.1076 -0.84012 -0.53161
vn 0 -1 0
vn -0 -1 0
vn -0 -1 0
vn -0.01827 0.43653 -0.8995
vn -0.01828 0.43669 -0.89943
vn -0.02944 0.23648 -0.97119
vn -0.01826 0.43653 -0.8995
vn -1 -0 0
vn -1 -0 0
vn -1 0 -0
vn -1 0 0
vn -1 0 -0
vn -1 0 -0
vn -1 0 0
vn -1 0 0
vn -1 0 0
vn -1 0 0
vn -1 0 0
vn -1 -0 0
vn -1 0 0
vn -1 0 0
vn -1 0 0
vn -1 0 -0
vn -1 -0 -0
vn -1 -0 0
vn -1 0 0
vn -1 0 0
vn -1 -0 0
vn 0.99788 -0.03822 0.05261
vn 1 -0 -0
vn 0.99788 -0.0201 0.06184
vn 0.99788 -0.0526 0.03822
vn 0.99788 -0.06184 0.02009
vn 0.99788 -0.06502 -0
vn 0.99788 -0.06184 -0.02009
vn 0.99788 -0.0526 -0.03822
vn 0.99788 -0.03822 -0.05261
vn 0.99788 -0.0201 -0.06184
vn 0.99788 0 -0.06502
vn 0.99788 0.0201 -0.06184
vn 0.99788 0.03822 -0.05261
vn 0.99788 0.0526 -0.03822
vn 0.99788 0.06184 -0.02009
vn 0.99788 0.06502 -0
vn 0.99788 0.06184 0.02009
vn 0.99788 0.0526 0.03822
vn 0.99788 0.03822 0.0526
vn 0.99788 0.0201 0.06184
vn 0.99788 -0 0.06502
vn 1 -0 -0
vn 1 0 -0
vn 1 0 0
vn 1 0 0
vn 1 0 0
vn 1 -1E-05 -0
vn 0.98821 0.15311 -0
vn 1 1E-05 0
vn 1 0 0
vn 1 0 0
vn 1 -0 0
vn 1 -0 -0
vn 1 -1E-05 0
vn 0.96928 -0.24549 0.01513
vn 1 -0 0
vn 1 0 1E-05
vn 1 -0 0
vn 1 -0 -0
vn 1 -1E-05 -0
vn 1 0 0
vn 0.956 0.29338 -0.00147
vn 0.99338 0.06522 -0.09453
vn 1 3E-05 0
vn 1 0 0
vn 1 0 0
vn 1 -0 0
vn 0.98991 0.10865 -0.09092
vn 1 -0 0
vn 0 0 1
vn -0 0 1
vn -0 0 1
vn 0 0 1
vn 0.00306 0.08513 -0.99637
vn -0.00114 0.07192 -0.99741
vn 2E-05 0.07438 -0.99723
vn -0.00299 0.08515 -0.99636
vn 1E-05 0.07437 -0.99723
vn 0.00118 0.07192 -0.99741
vn -0.0042 0.09052 -0.99589
vn 1 -0 -0
vn 1 0 -0
vn 1 0 -0
vn 1 0 -0
vn 1 0 0
vn 1 0 -0
vn 1 1E-05 0
vn -1 1E-05 0
vn -1 0 -0
vn -1 -3E-05 0
vn 1 0 -1E-05
vn 1 -0 0
vn 1 -0 0
vn 1 -0 -0
vn 1 -0 0
vn 1 0 -0
vn 1 2E-05 0
vn -1 0 0
vn -1 0 0
vn -1 -0 0
vn -1 0 0
vn -1 -0 0
vn -1 0 -0
vn -0 0 1
vn 0 0 1
vn -0 0 1
vn -0 -0 1
vn 0.00429 0.09063 -0.99588
vn 0.04751 -0.00136 -0.99887
vn 0.01523 -0.01267 -0.9998
vn 0.00913 -0.0131 -0.99987
vn 0.00419 -0.01676 -0.99985
vn -0.00721 -0.0311 -0.99949
vn 0.00382 -0.01935 -0.99981
vn -0.01067 -0.05679 -0.99833
vn -0.01015 -0.03437 -0.99936
vn -0.01286 -0.02439 -0.99962
vn -1E-05 -0 1
vn -1E-05 -0 1
vn -0 0 1
vn -0 0 1
vn 0 0 1
vn 0 0 1
vn 0 0 1
vn 0 0 1
vn 0 0 1
vn 0 0 1
vn 0.04972 -0.00072 -0.99876
vn 0.02688 0.00625 -0.99962
vn 0.02055 0.02303 -0.99952
vn 0.01576 0.01075 -0.99982
vn 0.01083 0.01611 -0.99981
vn -0.0479 -0.00069 -0.99885
vn -0.02231 0.01802 -0.99959
vn -0.02629 0.00614 -0.99964
vn -0.01556 0.01063 -0.99982
vn -0.01073 0.01599 -0.99981
vn 0.00169 0.0556 -0.99845
vn 0.0009 0.05829 -0.9983
vn -0.00652 0.02867 -0.99957
vn 0 0 1
vn 0 0 1
vn 0 0 1
vn -0 0 1
vn 0 0 1
vn 0 0 1
vn -0 0 1
vn -0 0 1
vn -0 0 1
vn -0 0 1
vn 0 0 1
vn 0 0 1
vn 0 0 1
vn -0 0 1
vn -0 0 1
vn 0 0 -1
vn 0 0 -1
vn 0 -0 -1
vn 0 0 -1
vn 0 -0 -1
vn 0 0 -1
vn 0 0 -1
vn 0 -0 -1
vn 0 -0 -1
vn 0 0 -1
vn -0 0 -1
vn 0 0 -1
vn -0 0 -1
vn 0 0 -1
vn 0 0 1
vn -0 0 1
vn 0 0 1
vn -0 0 1
vn -0 0 1
vn -0 -0 1
vn -0 -0 1
vn -0 -0 1
vn -0 -0 1
vn -0 -0 1
vn 0 -0 1
vn 0 -0 1
vn 0 -0 1
vn 0 -0 1
vn 0 -0 1
vn 0 -0 1
vn 0 0 1
vn 0 0 1
vn 0 0 1
vn 0 0 1
vn 0 0 1
vn 0 -1 -0
vn 0 -1 -0
vn 0 -1 -0
vn 0 -1 0
vn 0 -1 0
vn -0 0 -1
vn -0 0 1
vn -0 0 1
vn -0 0 1
vn 0 0 -1
vn 0 0 -1
vn 0 0 1
vn -1E-05 0 1
vn 0 0 1
vn 0 0 -1
vn -0 0 -1
vn -0.06285 -0.36445 0.9291
vn -0.00127 -0.32547 0.94555
vn 0.02158 -0.32067 0.94694
vn -0.35506 -0.35506 0.86479
vn 0.05398 -0.37416 0.92579
vn 0 -0.00712 0.99997
vn 0 -0.00712 0.99997
vn -0.04016 0.44397 0.89514
vn 0.00662 0.4303 0.90266
vn -0.0512 0.58844 0.80692
vn 0.08227 0.58397 0.80759
vn -1 2E-05 -0
vn -1 -0 -0
vn -1 0 -0
vn -1 0 0
vn -1 0 0
vn -1 -0 -0
vn -1 0 0
vn -1 0 0
vn -1 0 -1E-05
vn -1 0 2E-05
vn -1 0 -0
vn 1 -0 0
vn 1 -1E-05 0
vn 1 0 0
vn 1 0 -0
vn 1 1E-05 0
vn 1 0 0
vn 1 1E-05 0
vn 1 -1E-05 -0
vn 1 0 -0
vn 1 3E-05 0
vn 1 0 -0
vn 1 2E-05 0
vn 1 -3E-05 -0
vn -1 -0 0
vn -1 0 -0
vn -1 -0 -0
vn -1 0 0
vn -1 -0 -0
vn -1 -0 1E-05
vn -1 0 0
vn -1 0 0
vn -1 0 -2E-05
vn -1 0 -0
vn 1 0 0
vn 1 0 -1E-05
vn 1 0 0
vn 1 -0 -0
vn 1 0 0
vn 1 0 -0
vn 1 -0 -0
vn 1 0 0
vn 1 0 0
vn -1 -0 -0
vn -1 -3E-05 -0
vn -1 -1E-05 -0
vn -1 1E-05 0
vn -1 0 -0
vn -1 -0 0
vn -1 0 -0
vn -1 0 0
vn -1 -1E-05 -0
vn -1 -0 -0
vn -1 0 0
vn 1 0 0
vn 1 -0 0
vn 1 -0 -0
vn 1 -0 -0
vn 1 -1E-05 -0
vn 1 -0 0
vn 1 -0 0
vn 1 -0 1E-05
vn 1 0 -0.00012
vn -1 0 -0
vn -1 0 -0
vn -1 0 -0
vn -1 -1E-05 -0
vn -1 1E-05 -0
vn -1 0 0
vn -1 0 0
vn -1 0 0
vn -1 -0 0
vn -1 -0 0
vn 1 0 0
vn 1 0 -0
vn 1 0 1E-05
vn 1 0 0
vn 1 1E-05 -0
vn 1 0 -0
vn 1 0 -0
vn 1 0 -0
vn 1 -0 -0
vn 1 0 0
vn 1 -0 0
vn 1 0 0
vn -0.98571 0.11855 0.11964
vn -0.99244 0.11237 0.04934
vn -0.99253 0.10297 0.06547
vn -0.99743 0.06808 0.02215
vn -0.99925 0.03364 -0.01939
vn -0.99956 0.02902 -0.00544
vn 0.40095 0.76185 0.50875
vn 0.12983 0.83467 0.53523
vn 0.328 0.78817 0.52077
vn 0.11258 0.83702 0.53547
vn 0.11259 0.83701 0.53548
vn 1 1E-05 0
vn 1 0 0
vn 1 0 0
vn 1 -0 0
vn 1 -0 0
vn 1 -0 0
vn 1 0 0
vn 1 0 0
vn 1 -0 0
vn 1 -0 0
vn 1 0 0
vn -0.99788 -0.03822 0.05261
vn -0.99788 -0.02009 0.06184
vn -1 0 -0
vn -0.99788 -0.0526 0.03822
vn -0.99788 -0.06184 0.02009
vn -0.99788 -0.06502 -0
vn -0.99788 -0.06184 -0.02009
vn -0.99788 -0.05261 -0.03822
vn -0.99788 -0.03822 -0.0526
vn -0.99788 -0.02009 -0.06184
vn -0.99788 0 -0.06502
vn -0.99788 0.02009 -0.06184
vn -0.99788 0.03822 -0.05261
vn -0.99788 0.0526 -0.03822
vn -0.99788 0.06184 -0.02009
vn -0.99788 0.06502 0
vn -0.99788 0.06184 0.02009
vn -0.99788 0.05261 0.03822
vn -0.99788 0.03822 0.0526
vn -0.99788 0.02009 0.06184
vn -0.99788 -0 0.06502
vn -1 0 0
vn -1 -0 -0
vn -1 -0 -0
vn -1 -0 -0
vn -1 -0 -0
vn -1 0 -0
vn -1 0 0
vn -0.98821 0.15311 0
vn -1 0 -0
vn -0.96724 -0.2534 0.01562
vn -1 -0 0
vn -1 0 0
vn -1 1E-05 0
vn -1 0 0
vn -1 -0 -0
vn -1 0 0
vn -1 0 0
vn -1 -0 -0
vn -1 0 -0
vn -1 -0 0
vn -0.96133 -0.27106 -0.04864
vn -0.98985 0.10896 -0.09118
vn -1 0 0
vn -0.98175 0.1801 -0.06103
vn -1 -0 0
vn -1 -0 0
vn -0.97794 0.20771 -0.02216
vn -1 -0 -0
vn -1 -0 -0
vn -0.95642 0.292 -0.00147
vn -1 0 -0
vn -1 0 -0
vn -1 0 0
vn 1 0 0
vn 1 0 -2E-05
vn 1 0 -0
vn 0 0 -1
vn 0 0 -1
vn 0 0 -1
vn 0 0 -1
vn 0 0 -1
vn 0 0 -1
vn 0 0 -1
vn -0 0 -1
vn 0 0 -1
vn 0 -0 -1
vn -0 0 -1
vn 0 0 -1
vn 0 0 -1
vn 0 -0 -1
vn -0 -0 -1
vn -0 0 -1
vn 0 0 -1
vn -0 0 -1
vn 0 -0 1
vn 0 0 1
vn 0 0 1
vn 0 -0 1
vn -0 -0 1
vn -0 0 1
vn 0 0 1
vn 0 0 1
vn -0 0 1
vn 0 0 1
vn -0 0 1
vn -0 0 1
vn -0 0 1
vn -0.35674 0 -0.9342
vn -0.13686 0.08891 -0.98659
vn -0.17641 0.07354 -0.98157
vn -0.22498 0.04571 0.97329
vn 0 0.10043 0.99494
vn -0.18384 0.05613 0.98135
vn 0.34583 -0.22042 -0.91204
vn 0.34583 -0.22042 -0.91204
vn 0.34583 -0.22042 -0.91204
vn 0.01098 0.97691 -0.21339
vn 0.02138 0.9782 -0.20654
vn 0 0.97537 -0.22059
vn 0.44957 -0.06141 0.89113
vn 0.10243 0.01348 0.99465
vn 0.16145 0.00109 0.98688
vn 0.13686 0.08891 -0.98659
vn 0.35674 0 -0.9342
vn 0.17641 0.07354 -0.98157
vn 1 -0 -0
vn 1 -0 -0
vn 1 0 0
vn -1 0 0
vn -1 0 0
vn -1 0 0
vn 0.59938 0.03249 0.7998
vn 0.52032 0.49721 0.6943
vn 0.59768 0.08209 0.79752
vn -0.59938 0.03249 0.7998
vn -0.59767 0.08209 0.79753
vn -0.52031 0.49721 0.6943
vn 0 1 0
vn 0 1 0
vn 0 1 0
vn 0 1 -0
vn 0 1 0
vn 0 1 0
vn 0 1 0
vn -0 1 0
vn 0 0.18813 0.98214
vn 0 0.18813 0.98214
vn -1 -0 0
vn -1 -0 0
vn -1 -0 0
vn 1 -0 0
vn 1 -0 -0
vn 1 -0 0
vn -0 0 -1
vn -0 0 -1
vn -0.99126 -0.10406 -0.08107
vn -0.99416 -0.09643 -0.04843
vn 1 0 0
vn -0.84974 -0.18406 -0.49402
vn -0.84974 -0.18406 -0.49402
vn -0.99828 -0.01847 -0.05569
vn 0 1 0
vn -0 0 -1
vn -0 0 -1
vn -0.99089 -0.12443 0.05155
vn -0.98115 -0.17855 0.07397
vn 1 0 -0
vn 1 0 -0
vn 1 0 -0
vn 1 0 0
vn -0 -0 1
vn -0 -0 1
vn 1 0 0
vn 0.64583 0.76348 0
vn 0.64583 0.76348 0
vn -0 1 0
vn -0 1 0
vn -0 1 0
vn -0 1 0
vn 0 0.78121 -0.62427
vn 0 0.78121 -0.62427
vn 0 0.78121 -0.62427
vn 0 0.78121 -0.62427
vn 1 0 0
vn 0 0 1
vn 0 0 1
vn 0 -1 0
vn 0 -1 0
vn 1 -0 0
vn 1 -0 0
vn 1 -0 0
vn 0 -0.68886 0.72489
vn 0 -0.68886 0.72489
vn 0 -0.68886 0.72489
vn 0 -0.68886 0.72489
vn -0 0 1
vn -0 -0 1
vn -0 -0 1
vn -0 -0.51741 0.85574
vn -0 -0.51741 0.85574
vn -0 0.51741 -0.85574
vn -0 0.51741 -0.85574
vn -0 0.51741 -0.85574
vn -0 0.51741 -0.85574
vn 0 -0.51741 0.85574
vn 0 -0.51741 0.85574
vn 0 0.51741 -0.85574
vn 0 -0.51741 0.85574
vn 0 -0.51741 0.85574
vn 0 -0.51741 0.85574
vn -0 0.51741 -0.85574
vn -0 0.51741 -0.85574
vn -0 0.51741 -0.85574
vn -0 0.51741 -0.85574
vn -0 0.51741 -0.85574
vn 0 -0.51741 0.85574
vn 0 -0.51741 0.85574
vn 0 -0.51741 0.85574
vn 0 -0.51741 0.85574
vn 0 -1 0
vn 0 -1 0
vn 0 -1 0
vn 0 -1 0
vn 0 -1 0
vn 0 -1 0
vn 0 -1 0
vn 0.64583 0.76348 0
vn 0.64583 0.76348 0
vn 0.64583 0.76348 0
vn 0.64583 0.76348 0
vn 0.64583 0.76348 0
vn 0.64583 0.76348 0
vn 0.64583 0.76348 0
vn 0.64583 0.76348 0
vn 0.64583 0.76348 0
vn 0.64583 0.76348 0
vn 0.64583 0.76348 0
vn 0.64583 0.76348 0
vn 0.64583 0.76348 0
vn 0.64583 0.76348 -0
vn 0.64583 0.76348 -0
vn 0.64583 0.76348 0
vn 0.64583 0.76348 0
vn 0.64583 0.76348 0
vn 0 0.99996 0.009
vn 0 0.99996 0.009
vn 0 0.99996 0.009
vn -0.99922 -0.01166 -0.03765
vn 0 -0.96172 -0.27402
vn 0 -0.96172 -0.27402
vn 0 -0.96172 -0.27402
vn 0 -0.96172 -0.27402
vn -1 0 -0
vn -1 0 -0
vn -1 0 -0
vn 0 0.99999 0.00439
vn 0 0.99999 0.00439
vn 1 0 -0
vn 1 0 -0
vn 1 -0 0
vn 1 -0 0
vn -0.03252 -0.04965 0.99824
vn -0.01485 -0.02267 0.99963
vn -0.01392 -0.02125 0.99968
vn 0 -1 -0
vn 0 -1 -0
vn 0 -1 -0
vn 0 -1 -0
vn 0 0.35378 -0.93533
vn 0 0.34043 -0.94027
vn -1 0 -0
vn -1 0 -0
vn 0 1 0
vn 0 1 0
vn 1E-05 0 1
vn 0 -0 1
vn 0 -0 1
vn 1 -0 0
vn 1 -0 0
vn 1 -0 0
vn 1 0 0
vn 1 0 0
vn 0.99946 0.00703 -0.032
vn 0.99997 0.00119 -0.00739
vn 0.99946 0.00703 -0.032
vn 1 0 -0
vn 1 -0 -0
vn 1 -0 -0
vn 1 -0 -0
vn 1 -0 -0
vn 0 -0 1
vn -1 0 -0
vn -0.33878 0.36509 -0.86714
vn -0.05485 0.38456 -0.92147
vn -0.00012 0.38462 -0.92308
vn -0.33878 0.36509 -0.86714
vn 0 0.38462 -0.92308
vn 0 0.38462 -0.92308
vn 0.00012 -0.38462 0.92308
vn 0.05485 -0.38456 0.92147
vn 0.3388 -0.36508 0.86714
vn 0 -0.38462 0.92308
vn 0 -0.38462 0.92308
vn 0 0.29966 -0.95405
vn 0 0.29966 -0.95405
vn 1 0 -0
vn 1 0 -0
vn 1 0 -0
vn 1 -0 0
vn 1 -0 0
vn 1 -0 0
vn 1 -0 0
vn -0.33872 0.36507 -0.86718
vn -0.05484 0.38456 -0.92147
vn -0.00012 0.38462 -0.92307
vn -0.33872 0.36507 -0.86718
vn 0 0.38462 -0.92307
vn -1 0 -0
vn 0 0.27847 -0.96044
vn -1 0 0
vn 1 0 0
vn 1 0 0
vn 1 -5E-05 -0.00085
vn 0 0.00284 -1
vn 0 -0.95088 -0.30955
vn 0 -0.99699 -0.07751
vn 0 -0.9988 -0.04899
vn 0 -0.58641 -0.81002
vn 0.00893 -0.38496 0.92289
vn 0.00893 -0.38496 0.92289
vn 0.00827 -0.3866 0.92221
vn 0.00826 -0.38663 0.9222
vn 0.00012 -0.38462 0.92307
vn 0.05481 -0.38456 0.92147
vn 0.33855 -0.36511 0.86722
vn 0.33855 -0.36511 0.86722
vn 0 -0.38462 0.92307
vn 0 -0.38462 0.92307
vn -0.33866 0.36513 -0.86717
vn -0.05483 0.38456 -0.92147
vn -0.00012 0.38462 -0.92308
vn -0.33866 0.36513 -0.86717
vn -1E-05 0.38462 -0.92308
vn -1E-05 0.38462 -0.92308
vn -0.0055 0.38663 -0.92222
vn -0.00551 0.38661 -0.92222
vn -0.00621 0.38486 -0.92295
vn -0.00621 0.38486 -0.92295
vn 0.00012 -0.38462 0.92308
vn 0.05483 -0.38455 0.92147
vn 0.3387 -0.36505 0.86719
vn 0.3387 -0.36505 0.86719
vn 0 -0.38462 0.92308
vn 0 -0.38462 0.92308
vn 0.01975 -0.38533 0.92257
vn 0.01926 -0.38653 0.92207
vn 0.01924 -0.38658 0.92206
vn -0.10046 0.38666 -0.91674
vn -0.10046 0.38666 -0.91674
vn -0.10046 0.38666 -0.91674
vn 0.64583 0.76348 -0
vn 0.64583 0.76348 -0
vn 0.64583 0.76348 -0
vn 0.64583 0.76348 -0
vn 0.64583 0.76348 -0
vn 0.64021 0.7682 0
vn 0.64021 0.7682 0
vn 0.64026 0.76816 0
vn 0.64026 0.76816 0
vn 0.64021 0.7682 -0
vn 0.64023 0.76818 -0
vn 0.64023 0.76818 -0
vn 0.64021 0.7682 0
vn 0.64027 0.76815 -0.00018
vn 0.64034 0.76809 -0.0004
vn 0.64034 0.76809 -0.0004
vn 0 -1 -0
vn 0 -1 0
vn 0 -1 -0
vn 0 -1 0
vn 0 -1 -0
vn 0 -1 0
vn 0 -1 0
vn 0 -1 0
vn 0 -1 -0
vn 0 -1 0
vn 0 0 1
vn 0 0 -1
vn -0 0.51741 -0.85574
vn -0 0.51741 -0.85574
vn -0 0.51741 -0.85574
vn -0 0.51741 -0.85574
vn 0.00559 -0.39326 0.91941
vn 0.00559 -0.39326 0.91941
vn -0.00268 0.39369 -0.91924
vn -0.00268 0.39369 -0.91924
vn 1 0 -0
vn 0.01724 -0.39149 0.92002
vn 0.01724 -0.39149 0.92002
vn 0.99416 -0.09643 -0.04843
vn 0.99126 -0.10406 -0.08107
vn -1 0 0
vn -1 0 0
vn -1 0 0
vn 0.84974 -0.18406 -0.49402
vn 0.99828 -0.01847 -0.05569
vn 0.84974 -0.18406 -0.49402
vn 0 0 -1
vn 0 0 -1
vn 0 0 -1
vn 0.99089 -0.12443 0.05155
vn 0.98115 -0.17855 0.07397
vn -1 -0 -0
vn -0 -0 1
vn -0 -0 1
vn -1 -0 -0
vn -1 -0 -0
vn -0.64583 0.76348 -0
vn -0.64583 0.76348 -0
vn -0.64583 0.76348 -0
vn 0 1 0
vn 0 1 0
vn 0 1 0
vn -0 0.78121 -0.62427
vn -0 0.78121 -0.62427
vn -0 0.78121 -0.62427
vn -0 0.78121 -0.62427
vn -1 -0 0
vn -1 -0 0
vn -1 -0 0
vn -1 0 0
vn -1 0 0
vn -1 0 0
vn -1 0 0
vn -1 0 0
vn -1 -0 0
vn -1 0 0
vn -1 0 0
vn 0 -1 0
vn 0 -1 0
vn 1 0 -0
vn -1 -0 0
vn -1 -0 0
vn -1 -0 0
vn -1 -0 0
vn -0 -0.68886 0.72489
vn -0 -0.68886 0.72489
vn 0 0 1
vn 0 0 1
vn 0 0 1
vn 0 -0.51741 0.85574
vn 0 -0.51741 0.85574
vn 0 0.51741 -0.85574
vn 0 -0.51741 0.85574
vn 0 -0.51741 0.85574
vn 0 -0.51741 0.85574
vn 0 -0.51741 0.85574
vn 0 0.51741 -0.85574
vn 0 0.51741 -0.85574
vn 0 0.51741 -0.85574
vn -0 -0.51741 0.85574
vn -0 -0.51741 0.85574
vn 0 0.51741 -0.85574
vn 0 0.51741 -0.85574
vn 0 0.51741 -0.85574
vn 0 -0.51741 0.85574
vn 0 -0.51741 0.85574
vn 0 -0.51741 0.85574
vn 0 -0.51741 0.85574
vn -0 0.51741 -0.85574
vn -0 0.51741 -0.85574
vn -0 0.51741 -0.85574
vn -0 0.51741 -0.85574
vn -0 -0.51741 0.85574
vn -0 -0.51741 0.85574
vn -0 -0.51741 0.85574
vn -0 -1 0
vn -0 -1 0
vn -0 -1 0
vn -0 -1 0
vn -0.64583 0.76348 0
vn -0.64583 0.76348 0
vn -0.64583 0.76348 0
vn -0.64583 0.76348 0
vn -0.64583 0.76348 0
vn -0.64583 0.76348 0
vn -0.64583 0.76348 0
vn -0.64583 0.76348 0
vn -0.64583 0.76348 0
vn -0.64583 0.76348 0
vn -0.64583 0.76348 -0
vn -0.64583 0.76348 -0
vn -0.64583 0.76348 0
vn -0.64583 0.76348 0
vn -0.64583 0.76348 0
vn 0 0.99996 0.009
vn 0 0.99996 0.009
vn 0.99922 -0.01166 -0.03765
vn 0 -0.96172 -0.27402
vn 0 -0.96172 -0.27402
vn 0 -1 0
vn 0 -1 0
vn -1 0 -0
vn -1 0 -0
vn 1 0 0
vn 1 0 0
vn 1 0 0
vn 0 1 0
vn 0 1 0
vn -0 0.99999 0.00439
vn -0 0.99999 0.00439
vn -1 0 0
vn -1 0 0
vn -1 0 0
vn -1 0 0
vn 0 -1 0
vn -1 0 -0
vn -1 0 -0
vn 0 1 -0
vn 0 1 -0
vn 0.03252 -0.04965 0.99824
vn 0.03252 -0.04965 0.99824
vn 0.01392 -0.02126 0.99968
vn 0.01485 -0.02267 0.99963
vn 0 -1 -0
vn -0 0.35378 -0.93533
vn -0 0.34042 -0.94027
vn 0 1 0
vn 0 1 0
vn 0 1 0
vn 1 -0 0
vn 1 0 0
vn 0 1 0
vn -1 0 -0
vn -1 0 -0
vn -1 0 -0
vn -1 0 -0
vn -1E-05 0 1
vn -1E-05 0 1
vn -0 0 1
vn -0 0 1
vn -1 -0 -0
vn -1 -0 -0
vn -1 -0 -0
vn -1 0 -0
vn -1 0 -0
vn -1 0 -0
vn -1 0 -0
vn -0.99946 0.00703 -0.032
vn -0.99946 0.00703 -0.032
vn -0.99997 0.00119 -0.00738
vn -1 0 -0
vn -1 0 -0
vn -1 0 -0
vn -1 0 -0
vn -1 0 -0
vn -1 0 -0
vn -1 -0 0
vn -1 0 0
vn -1 0 0
vn -1 -0 0
vn 1 0 0
vn 1 0 0
vn 0.3387 0.3651 -0.86717
vn 0.00011 0.38462 -0.92308
vn 0.05483 0.38456 -0.92147
vn -1E-05 0.38462 -0.92308
vn -1E-05 0.38462 -0.92308
vn -0.0001 -0.38462 0.92308
vn -0.33859 -0.36512 0.86721
vn -0.33859 -0.36512 0.86721
vn -0.05481 -0.38456 0.92147
vn 1E-05 -0.38462 0.92308
vn 1E-05 -0.38462 0.92308
vn -0 0.29966 -0.95405
vn -0 0.29966 -0.95405
vn -1 0 -0
vn -1 0 -0
vn -1 0 -0
vn -1 0 -0
vn -1 0 0
vn -1 0 0
vn -1 0 0
vn 0.3387 0.3651 -0.86717
vn 0.3387 0.3651 -0.86717
vn 0.00012 0.38462 -0.92308
vn 0.05484 0.38456 -0.92147
vn 0 0.38462 -0.92308
vn 1 -0 0
vn 0 0.27847 -0.96044
vn 0 0.27847 -0.96044
vn 1 -0 0
vn -1 -0 0
vn -1 -5E-05 -0.00085
vn -1 -0 0
vn 0 0.00284 -1
vn 0 0.00284 -1
vn 0 -0.95088 -0.30955
vn -0 -0.9988 -0.04899
vn -0 -0.99699 -0.07751
vn 0 -0.58641 -0.81002
vn -0.00892 -0.38496 0.92289
vn -0.00825 -0.38663 0.9222
vn -0.00826 -0.3866 0.92221
vn -0.00892 -0.38496 0.92289
vn -0.00012 -0.38462 0.92307
vn -0.33853 -0.36513 0.86723
vn -0.33853 -0.36513 0.86723
vn -0.05481 -0.38456 0.92147
vn 0 -0.38462 0.92308
vn 0 -0.38462 0.92308
vn 0.3388 0.36507 -0.86714
vn 0.3388 0.36507 -0.86714
vn 0.0001 0.38462 -0.92308
vn 0.05484 0.38456 -0.92147
vn -2E-05 0.38462 -0.92308
vn -2E-05 0.38462 -0.92308
vn 0.00549 0.38663 -0.92222
vn 0.0062 0.38486 -0.92296
vn 0.0062 0.38486 -0.92296
vn 0.00549 0.38661 -0.92223
vn -0.00012 -0.38462 0.92308
vn -0.33873 -0.36512 0.86715
vn -0.33873 -0.36512 0.86715
vn -0.05484 -0.38456 0.92147
vn 0 -0.38462 0.92308
vn 0 -0.38462 0.92308
vn -0.01975 -0.38533 0.92257
vn -0.01924 -0.38658 0.92206
vn -0.01925 -0.38654 0.92207
vn -0.01975 -0.38533 0.92257
vn 0.10046 0.38666 -0.91674
vn 0.10046 0.38666 -0.91674
vn 0.10046 0.38666 -0.91674
vn -0.64583 0.76348 -0
vn -0.64583 0.76348 -0
vn -0.64583 0.76348 0
vn -0.64583 0.76348 0
vn -0.64583 0.76348 0
vn -0.64583 0.76348 0
vn -0.64021 0.7682 0
vn -0.6402 0.76821 0
vn -0.64021 0.7682 0
vn -0.64021 0.7682 -0
vn -0.64022 0.76819 -0
vn -0.64022 0.76819 -0
vn -0.64021 0.7682 0
vn -0.64034 0.76809 -0.0004
vn -0.64034 0.76809 -0.0004
vn -0.64027 0.76815 -0.00018
vn 0 -1 -0
vn 0 -1 -0
vn 0 -1 -0
vn -0 -1 0
vn -0 -1 0
vn -0 -1 -0
vn -0 -1 0
vn -0 0.51741 -0.85574
vn -0 0.51741 -0.85574
vn -0 0.51741 -0.85574
vn -0 0.51741 -0.85574
vn -0.00559 -0.39326 0.91941
vn -0.00559 -0.39326 0.91941
vn 0.00266 0.39369 -0.91924
vn 0.00266 0.39369 -0.91924
vn -1 0 -0
vn -1 0 -0
vn -0.01723 -0.39149 0.92002
vn -0.01723 -0.39149 0.92002
vn 0.30899 -0.95098 -0.01253
vn 0.58774 -0.80895 -0.01253
vn 0.58703 -0.80798 -0.05072
vn 0.30862 -0.94983 -0.05072
vn 0.80895 -0.58774 -0.01253
vn 0.80798 -0.58703 -0.05072
vn 0.95098 -0.30899 -0.01253
vn 0.94983 -0.30862 -0.05072
vn 0.99992 -0 -0.01253
vn 0.99871 0 -0.05072
vn 0.95098 0.30899 -0.01253
vn 0.94983 0.30862 -0.05072
vn 0.80895 0.58774 -0.01253
vn 0.80798 0.58703 -0.05072
vn 0.58774 0.80895 -0.01253
vn 0.58703 0.80798 -0.05072
vn 0.30899 0.95098 -0.01253
vn 0.30862 0.94983 -0.05072
vn -0 0.99992 -0.01253
vn 0 0.99871 -0.05072
vn -0.30899 0.95098 -0.01253
vn -0.30862 0.94983 -0.05072
vn -0.58774 0.80895 -0.01253
vn -0.58703 0.80798 -0.05072
vn -0.80895 0.58774 -0.01253
vn -0.80798 0.58703 -0.05072
vn -0.95098 0.30899 -0.01253
vn -0.94983 0.30862 -0.05072
vn -0.99992 -0 -0.01253
vn -0.99871 0 -0.05072
vn -0.95098 -0.30899 -0.01253
vn -0.94983 -0.30862 -0.05072
vn -0.80895 -0.58774 -0.01253
vn -0.80798 -0.58703 -0.05072
vn -0.58774 -0.80895 -0.01253
vn -0.58703 -0.80798 -0.05072
vn -0.30899 -0.95098 -0.01253
vn -0.30862 -0.94983 -0.05072
vn -0 -0.99992 -0.01253
vn -0 -0.99871 -0.05072
vn -0.30887 0.95062 0.03024
vn -0.30887 0.95062 0.03024
vn -0.58752 0.80865 0.03024
vn -0.58752 0.80865 0.03024
vn -0.80865 0.58752 0.03024
vn -0.80865 0.58752 0.03024
vn -0.95062 0.30888 0.03024
vn -0.95062 0.30888 0.03024
vn -0.99954 0 0.03024
vn -0.99954 0 0.03024
vn -0.95062 -0.30888 0.03024
vn -0.95062 -0.30888 0.03024
vn -0.80865 -0.58752 0.03024
vn -0.80865 -0.58752 0.03024
vn -0.58752 -0.80865 0.03024
vn -0.58752 -0.80865 0.03024
vn -0.30888 -0.95062 0.03024
vn -0.30888 -0.95062 0.03024
vn 0 -0.99954 0.03024
vn 0 -0.99954 0.03024
vn 0.30888 -0.95062 0.03024
vn 0.30888 -0.95062 0.03024
vn 0.58752 -0.80865 0.03024
vn 0.58752 -0.80865 0.03024
vn 0.80865 -0.58752 0.03024
vn 0.80865 -0.58752 0.03024
vn 0.95062 -0.30888 0.03024
vn 0.95062 -0.30888 0.03024
vn 0.99954 0 0.03024
vn 0.99954 0 0.03024
vn 0.95062 0.30888 0.03024
vn 0.95062 0.30888 0.03024
vn 0.80865 0.58752 0.03024
vn 0.80865 0.58752 0.03024
vn 0.58752 0.80865 0.03024
vn 0.58752 0.80865 0.03024
vn 0.30888 0.95062 0.03024
vn 0.30888 0.95062 0.03024
vn 0 0.99954 0.03024
vn 0 0.99954 0.03024
vn 0.58667 -0.80748 0.06159
vn 0.80748 -0.58667 0.06159
vn 0.94925 -0.30843 0.06159
vn 0.9981 0 0.06159
vn 0.94925 0.30843 0.06159
vn 0.80748 0.58667 0.06159
vn 0.58667 0.80748 0.06159
vn 0.30843 0.94925 0.06159
vn 0 0.9981 0.06159
vn -0.30843 0.94925 0.06159
vn -0.58667 0.80748 0.06159
vn -0.80748 0.58667 0.06159
vn -0.94925 0.30843 0.06159
vn -0.9981 -0 0.06159
vn -0.94925 -0.30843 0.06159
vn -0.80748 -0.58667 0.06159
vn -0.58667 -0.80748 0.06159
vn -0.30843 -0.94925 0.06159
vn -0 -0.9981 0.06159
vn 0.30843 -0.94925 0.06159
vn 0.58776 -0.80898 -0.0091
vn 0.80898 -0.58776 -0.0091
vn 0.95102 -0.309 -0.0091
vn 0.99996 0 -0.0091
vn 0.95102 0.309 -0.0091
vn 0.80898 0.58776 -0.0091
vn 0.58776 0.80898 -0.0091
vn 0.309 0.95102 -0.0091
vn -0 0.99996 -0.0091
vn -0.309 0.95102 -0.0091
vn -0.58776 0.80898 -0.0091
vn -0.80898 0.58776 -0.0091
vn -0.95102 0.309 -0.0091
vn -0.99996 -0 -0.0091
vn -0.95102 -0.30901 -0.0091
vn -0.80898 -0.58776 -0.0091
vn -0.58776 -0.80898 -0.0091
vn -0.309 -0.95102 -0.0091
vn -0 -0.99996 -0.0091
vn 0.309 -0.95102 -0.0091
vn 0.29144 -0.40113 -0.86842
vn 0.40114 -0.29144 -0.86842
vn 0.40114 -0.29144 -0.86842
vn 0.29144 -0.40113 -0.86842
vn 0.47157 -0.15322 -0.86842
vn 0.47157 -0.15322 -0.86842
vn 0.49584 -0 -0.86842
vn 0.49584 0 -0.86842
vn 0.47157 0.15322 -0.86842
vn 0.47157 0.15322 -0.86842
vn 0.40114 0.29144 -0.86842
vn 0.40114 0.29144 -0.86842
vn 0.29144 0.40113 -0.86842
vn 0.29144 0.40113 -0.86842
vn 0.15322 0.47156 -0.86842
vn 0.15322 0.47156 -0.86842
vn -0 0.49583 -0.86842
vn 0 0.49583 -0.86842
vn -0.15322 0.47156 -0.86842
vn -0.29144 0.40113 -0.86842
vn -0.29144 0.40113 -0.86842
vn -0.40113 0.29144 -0.86842
vn -0.40113 0.29144 -0.86842
vn -0.47156 0.15322 -0.86842
vn -0.47156 0.15322 -0.86842
vn -0.49583 0 -0.86842
vn -0.49583 -0 -0.86842
vn -0.47156 -0.15322 -0.86842
vn -0.47156 -0.15322 -0.86842
vn -0.40113 -0.29144 -0.86842
vn -0.40113 -0.29144 -0.86842
vn -0.29144 -0.40113 -0.86842
vn -0.29144 -0.40113 -0.86842
vn -0.15322 -0.47156 -0.86842
vn -0.15322 -0.47156 -0.86842
vn -0 -0.49583 -0.86842
vn -0 -0.49583 -0.86842
vn 0.15322 -0.47156 -0.86842
vn 0.15322 -0.47156 -0.86842
vn 0.58732 -0.80838 -0.03966
vn 0.55179 -0.75947 0.34457
vn 0.29009 -0.89281 0.34457
vn 0.30877 -0.95031 -0.03966
vn 0.23069 -0.31752 0.91976
vn 0.06865 -0.09449 0.99316
vn 0.03609 -0.11108 0.99316
vn 0.12128 -0.37327 0.91976
vn -0 0 1
vn -0 0 1
vn -0 0 1
vn 0.09449 -0.06865 0.99316
vn -1E-05 0 1
vn 0.11108 -0.03609 0.99316
vn -1E-05 0 1
vn 0.1168 0 0.99316
vn -0 -0 1
vn 0.11109 0.03609 0.99316
vn 0 -0 1
vn 0.0945 0.06865 0.99316
vn -0 -0 1
vn 0.06866 0.09449 0.99316
vn -0 -0 1
vn 0.0361 0.11108 0.99316
vn -0 -0 1
vn -0 0.1168 0.99316
vn -0 0 1
vn -0.0361 0.11109 0.99316
vn -0 0 1
vn -0.06865 0.0945 0.99316
vn 0 0 1
vn -0.09449 0.06866 0.99316
vn 1E-05 0 1
vn -0.11108 0.03609 0.99316
vn 1E-05 0 1
vn -0.1168 0 0.99315
vn 0 0 1
vn -0.11108 -0.03609 0.99316
vn -0.09449 -0.06866 0.99316
vn -0.06865 -0.0945 0.99316
vn -0.03609 -0.11109 0.99316
vn -0 0 1
vn -0 -0.1168 0.99316
vn -0 -0.99921 -0.03966
vn -0.30877 -0.95031 -0.03966
vn -0.58732 -0.80838 -0.03966
vn -0.80838 -0.58732 -0.03966
vn -0.95031 -0.30877 -0.03966
vn -0.99921 0 -0.03966
vn -0.95031 0.30877 -0.03966
vn -0.80838 0.58732 -0.03966
vn -0.58732 0.80838 -0.03966
vn -0.30877 0.95031 -0.03966
vn -0 0.99921 -0.03966
vn 0.30877 0.95031 -0.03966
vn 0.58732 0.80838 -0.03966
vn 0.80838 0.58732 -0.03966
vn 0.95031 0.30877 -0.03966
vn 0.99921 -0 -0.03966
vn 0.95031 -0.30877 -0.03966
vn 0.80838 -0.58732 -0.03966
vn 0.31751 -0.23069 0.91976
vn 0.75947 -0.55179 0.34458
vn 0.37327 -0.12128 0.91976
vn 0.89281 -0.2901 0.34458
vn 0.39249 0 0.91976
vn 0.93876 -0 0.34458
vn 0.37327 0.12128 0.91976
vn 0.89281 0.2901 0.34458
vn 0.31753 0.23069 0.91976
vn 0.75947 0.55179 0.34458
vn 0.23071 0.31752 0.91976
vn 0.55179 0.75947 0.34458
vn 0.12129 0.37327 0.91976
vn 0.29009 0.89281 0.34458
vn -0 0.39248 0.91976
vn -0 0.93876 0.34458
vn -0.12128 0.37328 0.91976
vn -0.2901 0.89281 0.34458
vn -0.23069 0.31753 0.91976
vn -0.55179 0.75947 0.34457
vn -0.31752 0.23069 0.91976
vn -0.75947 0.55179 0.34458
vn -0.37328 0.12128 0.91976
vn -0.89281 0.29009 0.34458
vn -0.3925 0 0.91975
vn -0.93875 0 0.34459
vn -0.37327 -0.12128 0.91976
vn -0.89281 -0.29009 0.34458
vn -0.31752 -0.2307 0.91976
vn -0.75947 -0.55179 0.34458
vn -0.23069 -0.31753 0.91976
vn -0.55179 -0.75947 0.34457
vn -0.12128 -0.37328 0.91976
vn -0.2901 -0.89281 0.34458
vn 0 -0.39248 0.91976
vn -0 -0.93876 0.34458
vn -0.21715 0.66832 -0.71147
vn -0 0.70272 -0.71147
vn 0 0.70272 -0.71147
vn -0.21715 0.66832 -0.71147
vn -0.41305 0.56851 -0.71147
vn -0.41305 0.56851 -0.71147
vn -0.5685 0.41305 -0.71147
vn -0.56851 0.41304 -0.71147
vn -0.66832 0.21715 -0.71148
vn -0.66832 0.21715 -0.71148
vn -0.70271 0 -0.71148
vn -0.70271 -0 -0.71148
vn -0.66831 -0.21715 -0.71148
vn -0.66831 -0.21715 -0.71148
vn -0.5685 -0.41305 -0.71148
vn -0.5685 -0.41304 -0.71148
vn -0.41304 -0.5685 -0.71148
vn -0.41304 -0.5685 -0.71148
vn -0.21714 -0.66832 -0.71148
vn -0.21715 -0.66832 -0.71148
vn -0 -0.70271 -0.71147
vn -0 -0.70271 -0.71147
vn 0.21714 -0.66832 -0.71148
vn 0.21715 -0.66831 -0.71148
vn 0.41304 -0.5685 -0.71148
vn 0.41304 -0.5685 -0.71148
vn 0.56851 -0.41304 -0.71148
vn 0.5685 -0.41305 -0.71148
vn 0.66832 -0.21715 -0.71147
vn 0.66832 -0.21715 -0.71147
vn 0.70271 -0 -0.71147
vn 0.70271 -0 -0.71147
vn 0.66832 0.21715 -0.71148
vn 0.66832 0.21715 -0.71148
vn 0.5685 0.41305 -0.71148
vn 0.5685 0.41304 -0.71148
vn 0.41304 0.5685 -0.71148
vn 0.41305 0.5685 -0.71148
vn 0.21715 0.66832 -0.71147
vn 0.21715 0.66832 -0.71147
vn -0.30901 0.95106 0
vn -0.30901 0.95106 0
vn -0.58779 0.80901 -0
vn -0.58779 0.80901 -0
vn 0 1 0
vn 0 1 0
vn 0.30902 0.95106 0
vn 0.30902 0.95106 0
vn 0.58779 0.80902 -0
vn 0.58779 0.80902 0
vn 0.80902 0.58779 0
vn 0.80902 0.58779 0
vn 0.95106 0.30901 0
vn 0.95106 0.30901 0
vn 1 -0 -0
vn 1 -0 -0
vn 0.95106 -0.30902 0
vn 0.95106 -0.30902 0
vn 0.80902 -0.58779 0
vn 0.80901 -0.58779 0
vn 0.58778 -0.80902 0
vn 0.58778 -0.80902 0
vn 0.30901 -0.95106 0
vn 0.30901 -0.95106 0
vn 0 -1 -0
vn 0 -1 -0
vn -0.30902 -0.95106 0
vn -0.30902 -0.95106 0
vn -0.58779 -0.80901 -0
vn -0.58779 -0.80901 -0
vn -0.80901 -0.58779 -0
vn -0.80901 -0.58779 -0
vn -0.95106 -0.30902 0
vn -0.95106 -0.30902 0
vn -1 0 0
vn -1 -0 0
vn -0.95106 0.30901 -0
vn -0.95106 0.30901 -0
vn -0.80902 0.58779 -0
vn -0.80902 0.58779 -0
vn 0.21715 -0.66832 0.71148
vn 0.21715 -0.66832 0.71148
vn -0 -0.70271 0.71148
vn -0 -0.70271 0.71148
vn 0.41304 -0.5685 0.71148
vn 0.41304 -0.5685 0.71148
vn 0.5685 -0.41304 0.71148
vn 0.5685 -0.41304 0.71148
vn 0.66832 -0.21715 0.71148
vn 0.66832 -0.21715 0.71148
vn 0.70271 -0 0.71148
vn 0.70271 -0 0.71148
vn 0.66832 0.21715 0.71147
vn 0.66832 0.21715 0.71147
vn 0.5685 0.41304 0.71148
vn 0.5685 0.41304 0.71148
vn 0.41304 0.5685 0.71148
vn 0.41304 0.5685 0.71148
vn 0.21715 0.66832 0.71148
vn 0.21715 0.66832 0.71148
vn 0 0.70271 0.71148
vn 0 0.70271 0.71148
vn -0.21715 0.66831 0.71148
vn -0.21715 0.66832 0.71148
vn -0.41304 0.5685 0.71148
vn -0.41304 0.5685 0.71148
vn -0.5685 0.41304 0.71148
vn -0.5685 0.41304 0.71148
vn -0.66831 0.21715 0.71148
vn -0.66831 0.21715 0.71148
vn -0.70271 -0 0.71148
vn -0.70271 -0 0.71148
vn -0.66832 -0.21715 0.71148
vn -0.66832 -0.21715 0.71148
vn -0.5685 -0.41304 0.71148
vn -0.41304 -0.5685 0.71148
vn -0.41304 -0.5685 0.71148
vn -0.21715 -0.66832 0.71148
vn -0.21715 -0.66832 0.71148
vn -0.21985 0.67665 0.70271
vn -0.21985 0.67666 0.70271
vn 0 0.71148 0.70271
vn 0 0.71148 0.70271
vn -0.4182 0.57559 0.70271
vn -0.41819 0.5756 0.70271
vn -0.57559 0.41819 0.70271
vn -0.57559 0.4182 0.70271
vn -0.67665 0.21986 0.70271
vn -0.67665 0.21986 0.70271
vn -0.71148 0 0.70271
vn -0.71148 -0 0.70271
vn -0.67665 -0.21986 0.70271
vn -0.67665 -0.21986 0.70271
vn -0.57559 -0.41819 0.70271
vn -0.57559 -0.4182 0.70271
vn -0.41819 -0.57559 0.70271
vn -0.41819 -0.5756 0.70271
vn -0.21986 -0.67665 0.70271
vn -0.21986 -0.67665 0.70271
vn -0 -0.71148 0.70271
vn -0 -0.71148 0.70271
vn 0.21986 -0.67665 0.70271
vn 0.21986 -0.67665 0.70271
vn 0.41819 -0.5756 0.70271
vn 0.41819 -0.5756 0.70271
vn 0.5756 -0.4182 0.70271
vn 0.5756 -0.4182 0.70271
vn 0.67665 -0.21986 0.70271
vn 0.67665 -0.21986 0.70271
vn 0.71147 -0 0.70271
vn 0.71147 -0 0.70271
vn 0.67665 0.21986 0.70271
vn 0.67665 0.21986 0.70271
vn 0.57559 0.4182 0.70271
vn 0.57559 0.4182 0.70271
vn 0.4182 0.5756 0.70271
vn 0.4182 0.5756 0.70271
vn 0.21986 0.67666 0.70271
vn 0.21986 0.67665 0.70271
vn 0.309 -0.95102 -0.00854
vn 0.58776 -0.80899 -0.00854
vn 0.58779 -0.80902 0
vn 0.30902 -0.95106 -0
vn -0 -0.99996 -0.00854
vn -0 -1 0
vn -0.309 -0.95102 -0.00854
vn -0.30902 -0.95106 0
vn -0.58776 -0.80899 -0.00854
vn -0.58778 -0.80902 0
vn -0.80899 -0.58776 -0.00854
vn -0.80902 -0.58779 0
vn -0.95102 -0.30901 -0.00854
vn -0.95106 -0.30902 0
vn -0.99996 0 -0.00854
vn -1 0 0
vn -0.95102 0.30901 -0.00854
vn -0.95106 0.30902 0
vn -0.80899 0.58776 -0.00854
vn -0.80902 0.58779 0
vn -0.58776 0.80899 -0.00854
vn -0.58779 0.80902 0
vn -0.30901 0.95102 -0.00854
vn -0.30902 0.95106 0
vn -0 0.99996 -0.00854
vn -0 1 -0
vn 0.30901 0.95102 -0.00854
vn 0.30902 0.95106 -0
vn 0.58776 0.80899 -0.00854
vn 0.58779 0.80902 0
vn 0.80899 0.58777 -0.00854
vn 0.80902 0.58779 0
vn 0.95102 0.30901 -0.00854
vn 0.95106 0.30902 -0
vn 0.99996 -0 -0.00854
vn 1 0 0
vn 0.95102 -0.30901 -0.00854
vn 0.95106 -0.30902 0
vn 0.80899 -0.58776 -0.00854
vn 0.80902 -0.58779 0
vn 0.02455 -0.07555 -0.99684
vn 0 -0 -1
vn 0 0 -1
vn 0.04669 -0.06426 -0.99684
vn 0 -0.07943 -0.99684
vn -0 -0 -1
vn -0.02455 -0.07555 -0.99684
vn -0 0 -1
vn -0.04669 -0.06426 -0.99684
vn -0.06426 -0.04669 -0.99684
vn 0 0 -1
vn -0.07554 -0.02455 -0.99684
vn 0 0 -1
vn -0.07943 0 -0.99684
vn -0.07555 0.02455 -0.99684
vn -0.06426 0.04669 -0.99684
vn 0 0 -1
vn -0.04669 0.06426 -0.99684
vn -0 0 -1
vn -0.02455 0.07555 -0.99684
vn 0 0.07943 -0.99684
vn 0.02455 0.07555 -0.99684
vn 0 -0 -1
vn 0.04669 0.06426 -0.99684
vn 0 -0 -1
vn 0.06426 0.04669 -0.99684
vn 0 -0 -1
vn 0.07555 0.02455 -0.99684
vn 0 0 -1
vn 0.07943 0 -0.99684
vn 0 0 -1
vn 0.07554 -0.02455 -0.99684
vn -0 -0 -1
vn 0.06426 -0.04669 -0.99684
vn -0 0 -1
vn 0.28497 -0.87706 -0.38673
vn 0.54205 -0.74607 -0.38673
vn 0.11701 -0.36011 -0.92554
vn 0.22256 -0.30633 -0.92554
vn 0.74607 -0.54205 -0.38673
vn 0.30633 -0.22256 -0.92554
vn 0 -0.37865 -0.92554
vn -0 -0.92219 -0.38673
vn -0.117 -0.36011 -0.92554
vn -0.28497 -0.87706 -0.38673
vn -0.22256 -0.30633 -0.92554
vn -0.54205 -0.74607 -0.38673
vn -0.30633 -0.22256 -0.92554
vn -0.74607 -0.54205 -0.38673
vn -0.36012 -0.11701 -0.92554
vn -0.87706 -0.28497 -0.38673
vn -0.37865 0 -0.92554
vn -0.92219 -0 -0.38673
vn -0.36013 0.11701 -0.92554
vn -0.87706 0.28497 -0.38673
vn -0.30634 0.22256 -0.92554
vn -0.74607 0.54205 -0.38673
vn -0.22256 0.30633 -0.92554
vn -0.54205 0.74607 -0.38674
vn -0.11701 0.36011 -0.92554
vn -0.28497 0.87705 -0.38674
vn 0 0.37864 -0.92554
vn 0 0.92219 -0.38674
vn 0.11701 0.36011 -0.92554
vn 0.28497 0.87706 -0.38673
vn 0.22256 0.30633 -0.92554
vn 0.54205 0.74607 -0.38673
vn 0.30633 0.22256 -0.92554
vn 0.74607 0.54205 -0.38673
vn 0.36012 0.11701 -0.92554
vn 0.87705 0.28497 -0.38674
vn 0.37865 0 -0.92554
vn 0.92219 -0 -0.38674
vn 0.36012 -0.11701 -0.92554
vn 0.87706 -0.28497 -0.38674
vn 1 0 -0
vn 0 0 1
vn 0.99999 -0.00416 -0
vn 0 1 0
vn 1 0 -0
vn 0.7071 0.70711 -0
vn 0.99992 -0.01246 -0.00074
vn 0.69356 0.7204 -0.00051
vn -0.45398 0.89101 0
vn -0.70711 0.70711 0
vn -0.89871 0.43855 -0.00072
vn -0.86247 -0.5061 0.00249
vn 0 1 -0
vn 1 -0 0
vn 0.9989 -0.04694 -0
vn 0.78185 -0.6231 0.02116
vn -0.98769 0.15643 0
vn 0.7071 0.70711 0
vn 1 -0 0
vn 0.96102 -0.25539 0.10586
vn 0.66502 -0.56141 0.49251
vn 0.7071 0.70711 -0
vn 0.99999 -0.00417 -0
vn -0 0.38268 -0.92388
vn -0 0 -1
vn -0 -0.99998 0.00562
vn -0.01757 -0.581 0.81371
vn -0.09111 0.10349 0.99045
vn -0.08274 0.82027 0.56595
vn -0.01455 0.99969 0.02016
vn 0 0.92388 -0.38269
vn -0 0.38268 -0.92388
vn -0 0 -1
vn -0.01072 -0.48151 0.87637
vn -0.03473 -0.00284 0.99939
vn -0.0176 0.86938 0.49384
vn -0 1 -0
vn -0 0.92388 -0.38269
vn 0 1 -0
vn -0 0 -1
vn 0 -0.45963 0.88811
vn -0 -0.30065 -0.95374
vn 0 -0.30064 0.95374
vn -0 -0.1352 -0.99082
vn 0 -0.1352 0.99082
vn 0 -0.1352 0.99082
vn 0 -0.98076 0.19521
vn 0 -0.83126 0.55588
vn 0 -0.70675 0.70746
vn 0.01369 -0.77078 0.63695
vn 0.01369 -0.99537 0.09513
vn 0 -0.87571 0.48284
vn -0 0.48483 -0.87461
vn 0 -0.99968 0.02543
vn -0 -0.96593 -0.25882
vn -0 -0.70711 -0.7071
vn -0 -0.25882 -0.96593
vn -0 0.40497 -0.91433
vn -0 -0.59244 0.80561
vn -0 -0.99995 -0.01015
vn -0 -0.59244 0.80562
vn 0 -0.99995 -0.01015
vn -0 1 0
vn 0 -1 -0
vn -0 1 0
vn -0 -1 0
vn 0 -0 1
vn -1E-05 1 0
vn 0 -1 -0
vn -0 1 0
vn -0 0.19109 -0.98157
vn -1 0 -0
vn 0 0 1
vn -0.99999 -0.00416 0
vn -0 1 0
vn -0.7071 0.70711 0
vn -0.99992 -0.01246 -0.00074
vn -0.69356 0.7204 -0.00051
vn 0.45398 0.89101 -0
vn 0.70711 0.70711 -0
vn 0.89871 0.43855 -0.00072
vn 0.86247 -0.5061 0.00249
vn -0 1 0
vn -1 -0 0
vn -0.78185 -0.6231 0.02116
vn 0.98769 0.15643 -0
vn 0 0 1
vn -0.7071 0.70711 0
vn -1 -0 0
vn -0.99874 -0.04638 0.01923
vn -0.66502 -0.56141 0.49251
vn -0.7071 0.70711 0
vn -1 0 -0
vn -0.99999 -0.00417 0
vn 0 0.38268 -0.92388
vn -0 0 -1
vn 0 -0.99998 0.00562
vn 0.01758 -0.58101 0.81371
vn 0.09111 0.10349 0.99045
vn 0.08274 0.82027 0.56595
vn 0.01455 0.99969 0.02016
vn -0 0.92388 -0.38269
vn -0 0.38268 -0.92388
vn -0 0 -1
vn 0.01071 -0.48151 0.87637
vn 0.03473 -0.00284 0.99939
vn 0.0176 0.86938 0.49384
vn 0 1 -0
vn -0 0.92388 -0.38269
vn 0 -0.59244 0.80561
vn -0 -0.99995 -0.01015
vn 0 -0.59244 0.80561
vn -0 -0.99995 -0.01015
vn 0 1 0
vn -0 -1 -0
vn 1E-05 1 -0
vn -0 -1 -0
vn 0 1 0
vn 0 0.19109 -0.98157
vn 0.14778 -0.35608 -0.9227
vn 0.14583 -0.08389 -0.98575
vn 0.36373 -0.1001 -0.92611
vn 0.33972 -0.33908 -0.87728
vn 0.90172 -0.16132 -0.4011
vn 0.9168 -0.01234 -0.39915
vn 0.9993 -0.01116 -0.03582
vn 0.93677 -0.10162 0.33485
vn 0.93537 -0.22438 0.27339
vn 0.99964 -0.01067 -0.02473
vn 0.41075 -0.32428 0.85213
vn 0.18548 -0.35629 0.91578
vn 0.21742 -0.59536 0.77348
vn 0.41487 -0.55676 0.71965
vn 0.99856 0.05308 -0.00772
vn 0.92119 0.16084 -0.35432
vn 0.91244 0.30073 -0.27752
vn 0.99651 0.08155 0.01765
vn 0.36946 0.3117 -0.87541
vn 0.13745 0.31867 -0.93785
vn 0.13042 0.61103 -0.78079
vn 0.35148 0.59963 -0.71896
vn 0.17221 -0.25434 0.95166
vn 0.14249 -0.12195 0.98225
vn 0.35892 -0.09389 0.92863
vn 0.38138 -0.20817 0.90067
vn 0.90932 0.00984 0.41598
vn 0.91304 0.03022 0.40675
vn -0.01297 -0.10788 -0.99408
vn -0.00748 -0.35965 -0.93306
vn 0.01939 -0.36728 0.92991
vn 0.0367 -0.60798 0.79311
vn -0.03447 0.60486 -0.79558
vn -0.02777 0.30889 -0.95069
vn -0.01854 -0.13795 0.99027
vn 0.01671 -0.28895 0.9572
vn 0.13857 0.68598 -0.7143
vn -0.03004 0.67909 -0.73344
vn 0.24774 -0.40817 0.87865
vn 0.07475 -0.45021 0.88979
vn 1E-05 -1 -0
vn 0 -1 -0
vn 0 -1 0
vn 1E-05 -1 -0
vn 0 -1 0
vn 0 -1 0
vn 0 -1 0
vn 0 -1 0
vn -0.40232 0.76131 0.50848
vn -0.40232 0.76131 0.50848
vn -0.11258 0.83702 0.53547
vn 0.34931 0.66572 -0.65939
vn 0.90835 0.34782 -0.23222
vn 0.91455 -0.03796 0.40268
vn 0.42025 -0.3503 0.83707
vn 0.2635 -0.96466 -0
vn 0.52125 -0.85341 0
vn 0.52125 -0.85341 0
vn 0.2635 -0.96466 -0
vn 0.7566 -0.65388 0
vn 0.7566 -0.65388 0
vn 0.93276 -0.36051 0
vn 1 -0 0
vn 0.93276 0.36051 0
vn 0.93275 0.36051 0
vn 0.77942 0.6265 0
vn 0.77942 0.6265 0
vn 0.50249 0.86459 0
vn 0.16735 0.9859 0
vn 0.16735 0.9859 0
vn 0 1 0
vn 0 1 0
vn -0.16735 0.9859 0
vn -0.16735 0.9859 0
vn -0.50249 0.86458 0
vn -0.50249 0.86459 0
vn -0.77942 0.6265 0
vn -0.77942 0.6265 0
vn -0.93275 0.36051 0
vn -0.93275 0.36051 0
vn -1 0 -0
vn -1 0 -0
vn -0.93275 -0.36051 -0
vn -0.93275 -0.36051 -0
vn -0.7566 -0.65388 -0
vn -0.7566 -0.65388 -0
vn -0.52125 -0.85341 -0
vn -0.52124 -0.85341 -0
vn -0.2635 -0.96466 -0
vn -0.2635 -0.96466 -0
vn -0 -1 -0
vn -0 -1 -0
vn 0.85718 -0.40177 0.32222
vn 0.98641 -0.16254 0.02407
vn 0.86479 -0.32985 0.37861
vn 0.86479 -0.32985 0.37861
vn 0.10697 -0.5953 0.79635
vn 0.30983 -0.59412 0.74231
vn 0.29912 -0.58558 0.75341
vn 0.08166 -0.60053 0.79542
vn 0.99063 -0.12389 -0.0575
vn 0.99829 -0.00896 -0.05775
vn 0.9998 -0.00492 -0.01933
vn 0.83869 -0.48309 0.25146
vn 0.09365 -0.58092 0.80856
vn 0.32061 -0.60262 0.73079
vn 0.91312 -0.08878 -0.3979
vn 0.91976 -0.0437 -0.39004
vn 0.36259 0.01048 -0.93189
vn 0.29034 -0.17689 -0.94043
vn 0.40983 -0.17107 -0.89598
vn 0.44902 -0.03966 -0.89264
vn 0.95489 0.02309 -0.29608
vn 0.14445 -0.16234 -0.97611
vn 0.14815 -0.16363 -0.97533
vn 0.62457 0.38794 -0.6778
vn 0.52429 0.47295 -0.70812
vn 0 -0.15454 -0.98799
vn 0 -0.15454 -0.98799
vn 0.23365 0.61025 -0.75697
vn 0.18317 0.46343 -0.86699
vn 0.87406 -0.00277 0.48581
vn 0.89015 -0.04903 0.45303
vn 0.90828 -0.03172 0.41715
vn 0.12955 0.20812 0.96949
vn 0.08955 0.21384 0.97276
vn 0.26514 0.1859 0.94612
vn 0 0.64314 -0.76575
vn -0 0.49308 -0.86999
vn 0.91738 -0.06556 0.39257
vn 0.99278 0.08865 0.08076
vn 0.90028 -0.11886 0.41878
vn 0.96478 0.18785 -0.18415
vn 0.19567 -0.6931 0.69377
vn 0.42561 -0.58862 0.6873
vn 0.4476 -0.51612 0.73025
vn 0.16877 -0.6569 0.73484
vn 0.67471 0.49726 -0.54544
vn 0.55967 0.56777 -0.60366
vn 0.27745 0.66952 -0.68903
vn 0.87871 -0.04357 0.47537
vn 0.93058 0.03791 0.36413
vn 0.16678 -0.79382 0.58484
vn 0.36969 -0.72464 0.58157
vn 0 0.70092 -0.71324
vn 0.29331 0.0397 0.95519
vn 0.10924 0.02077 0.9938
vn 0.13436 -0.28925 0.94778
vn 0.37221 -0.2218 0.90126
vn 0.94896 0.00098 0.31539
vn 0.1582 -0.35213 0.92248
vn 0.38796 -0.28678 0.87592
vn 0.99775 0.05879 0.03223
vn 0.99729 0.07135 0.01808
vn 0.04119 -0.58687 0.80863
vn 0.04129 -0.58928 0.80687
vn 0.90311 -0.36792 0.2214
vn 0.98492 -0.0803 0.15322
vn 0.958 0.22257 -0.18085
vn 0.12322 -0.94126 0.31441
vn 0.11654 -0.94208 0.31448
vn 0.35725 -0.88366 0.30252
vn 0.35725 -0.88366 0.30252
vn 0.68379 0.48249 -0.5474
vn 0.56422 0.52645 -0.63601
vn 0.76328 0.22448 0.60581
vn 0.0883 0.29126 0.95256
vn 0.1173 -0.02933 0.99266
vn 0.39612 0.05438 0.91659
vn 0.29219 0.26902 0.91774
vn 0.32348 0.58055 -0.74721
vn 0.89972 0.00219 0.43647
vn 0.93 0.04208 0.36514
vn 0.12514 -0.10355 0.98672
vn 0.43196 -0.03379 0.90126
vn -0 0.61048 -0.79203
vn 0.88868 0.02663 0.45776
vn 0.99193 0.11956 0.04221
vn 0.10753 -0.66652 0.73769
vn 0.4356 -0.57852 0.68962
vn 0.4356 -0.57852 0.68962
vn 0.12491 -0.66388 0.73734
vn 0.91338 -0.08393 0.39837
vn 0.03956 -0.54351 0.83847
vn 0.02634 -0.26561 0.96372
vn 0.01735 -0.08466 0.99626
vn 0.04979 -0.54207 0.83886
vn 0.0867 -0.11271 0.98984
vn 0.09315 -0.11181 0.98935
vn 0.34284 -0.07284 0.93656
vn 0.34284 -0.07284 0.93656
vn 0.83205 0.22946 -0.50501
vn 0.57411 0.28638 -0.76706
vn -0.99917 0.00213 0.04066
vn -0.99905 0.00228 0.04351
vn -0.99991 0.00258 -0.01316
vn -0.99967 0.00495 -0.0252
vn 0.33576 0.30619 -0.89079
vn 0.92266 -0.23213 0.30791
vn 0.92266 -0.23213 0.30791
vn 0.9231 -0.23141 0.30715
vn -0.04306 0.59614 -0.80173
vn -0.03399 0.36506 -0.93036
vn 0.10833 -0.63906 0.76149
vn 0.37113 -0.59012 0.71696
vn 0.37113 -0.59012 0.71696
vn 0.09405 -0.64036 0.7623
vn -0 0.32872 -0.94443
vn -0 -1 -0
vn -0.89602 0.02312 0.44342
vn 0.57515 -0.06545 -0.81543
vn -0.1964 0.0325 0.97999
vn -0.2106 0.03364 0.97699
vn -0.2106 0.03364 0.97699
vn -0.18969 0.03196 0.98132
vn 0.24821 -0.02446 0.9684
vn 0.24417 -0.02379 0.96944
vn 0.34117 -0.07218 -0.93723
vn -0 -0.02656 0.99965
vn 0 -0.02656 0.99965
vn 0 -1 -0
vn 0 -1 -0
vn -0 -0.06553 -0.99785
vn 0.84491 -0.18705 -0.50113
vn 0.57013 -0.28784 -0.76948
vn 0.34654 -0.32575 -0.87966
vn -0 -0.34603 -0.93823
vn 0.99145 0.09808 0.08605
vn 0.03388 0.14633 -0.98866
vn -0.76955 0.12337 -0.62656
vn -0.76955 0.12337 -0.62656
vn -0.93662 0.06768 -0.34374
vn -0.95119 0.05962 -0.3028
vn 0.01749 0.14241 -0.98965
vn -0.02048 0.1327 -0.99094
vn -0 -1 -0
vn -0 -1 -1E-05
vn 0.99957 0.01042 -0.02723
vn 0.96215 0.0675 -0.26402
vn 0.01302 0.36625 0.93042
vn 0.01302 0.36625 0.93042
vn 0.95355 -0.10341 -0.28293
vn 0 -1 -0
vn 0 -1 -0
vn 0 -1 -0
vn 0 -1 -0
vn 0.10758 -0.84012 -0.53162
vn 0.10758 -0.84012 -0.53162
vn 0.01826 0.43653 -0.89951
vn 0.01826 0.43653 -0.89951
vn 0.01827 0.43654 -0.8995
vn 0 -0.59858 0.80107
vn -0 -0.58358 0.81205
vn -0 -0.56252 0.82679
vn 0 0.2252 0.97431
vn 0 0.2252 0.97431
vn 0 -0.74828 0.66338
vn 0 -0.70925 0.70496
vn 0 -0.8229 0.56818
vn -0 0.0095 0.99995
vn 0 -0.30451 0.95251
vn 0 -0.3841 0.92329
vn -0 -0.94962 0.3134
vn -0 -0.94962 0.3134
vn -0 0.29689 0.95491
vn 0 -0.03451 0.9994
vn 0 -0.12811 0.99176
vn 0 -0.67825 0.73483
vn 0 -0.67825 0.73483
vn 0 -0.12425 0.99225
vn 0 -0.12425 0.99225
vn 0 -0.64558 0.76369
vn 0 -1 -1E-05
vn -0.0786 0.20997 -0.97454
vn -0 0.21063 -0.97757
vn -0 0.21063 -0.97757
vn -0.85718 -0.40177 0.32222
vn -0.86479 -0.32985 0.37861
vn -0.86479 -0.32985 0.37861
vn -0.98641 -0.16254 0.02407
vn -0.10697 -0.5953 0.79635
vn -0.08166 -0.60053 0.79542
vn -0.29912 -0.58558 0.75341
vn -0.30982 -0.59412 0.74231
vn -0.9998 -0.00492 -0.01933
vn -0.99829 -0.00896 -0.05775
vn -0.99063 -0.12389 -0.0575
vn -0.83869 -0.48309 0.25146
vn -0.32061 -0.60262 0.7308
vn -0.09365 -0.58092 0.80856
vn -0.91312 -0.08878 -0.3979
vn -0.91976 -0.0437 -0.39004
vn -0.36259 0.01048 -0.93189
vn -0.44902 -0.03966 -0.89264
vn -0.40983 -0.17107 -0.89598
vn -0.29034 -0.17689 -0.94043
vn -0.95489 0.02309 -0.29607
vn -0.14815 -0.16363 -0.97534
vn -0.14445 -0.16234 -0.97611
vn -0.62457 0.38794 -0.6778
vn -0.52429 0.47295 -0.70812
vn -0.18317 0.46343 -0.86699
vn -0.23365 0.61025 -0.75697
vn -0.87406 -0.00277 0.48581
vn -0.90828 -0.03172 0.41715
vn -0.89015 -0.04903 0.45303
vn -0.12955 0.20812 0.96949
vn -0.26514 0.1859 0.94612
vn -0.26514 0.1859 0.94612
vn -0.08955 0.21384 0.97276
vn -0.91738 -0.06556 0.39257
vn -0.99278 0.08865 0.08076
vn -0.90028 -0.11886 0.41878
vn -0.96478 0.18785 -0.18415
vn -0.19567 -0.6931 0.69378
vn -0.16877 -0.6569 0.73484
vn -0.4476 -0.51612 0.73025
vn -0.42561 -0.58862 0.6873
vn -0.67471 0.49726 -0.54544
vn -0.55967 0.56777 -0.60366
vn -0.27745 0.66952 -0.68903
vn -0.87871 -0.04357 0.47537
vn -0.93058 0.03791 0.36413
vn -0.36969 -0.72464 0.58157
vn -0.16677 -0.79382 0.58484
vn -0.29331 0.0397 0.95519
vn -0.37221 -0.2218 0.90126
vn -0.13436 -0.28925 0.94778
vn -0.10924 0.02077 0.9938
vn -0.94896 0.00098 0.31539
vn -0.38796 -0.28678 0.87593
vn -0.1582 -0.35213 0.92248
vn -0.99775 0.05879 0.03223
vn -0.99729 0.07135 0.01808
vn -0.04129 -0.58928 0.80687
vn -0.04119 -0.58687 0.80863
vn -0.98492 -0.0803 0.15322
vn -0.90312 -0.36792 0.2214
vn -0.958 0.22257 -0.18085
vn -0.12322 -0.94126 0.31441
vn -0.35725 -0.88366 0.30252
vn -0.35725 -0.88366 0.30252
vn -0.11654 -0.94208 0.31448
vn -0.68379 0.48248 -0.5474
vn -0.56422 0.52645 -0.63601
vn -0.76328 0.22448 0.60581
vn -0.0883 0.29126 0.95256
vn -0.29219 0.26903 0.91774
vn -0.39612 0.05438 0.91659
vn -0.1173 -0.02933 0.99266
vn -0.32348 0.58055 -0.74721
vn -0.93 0.04208 0.36514
vn -0.89972 0.0022 0.43647
vn -0.43196 -0.03379 0.90126
vn -0.12514 -0.10355 0.98672
vn -0.88868 0.02663 0.45776
vn -0.99193 0.11956 0.04224
vn -0.10753 -0.66652 0.73769
vn -0.12491 -0.66388 0.73734
vn -0.4356 -0.57852 0.68962
vn -0.4356 -0.57852 0.68962
vn -0.91338 -0.08393 0.39837
vn -0.03956 -0.54351 0.83847
vn -0.02633 -0.26561 0.96372
vn -0.0498 -0.54207 0.83886
vn -0.01735 -0.08466 0.99626
vn -0.0867 -0.11271 0.98984
vn -0.34284 -0.07284 0.93656
vn -0.34284 -0.07284 0.93656
vn -0.09315 -0.11181 0.98935
vn -0.83205 0.22946 -0.50501
vn -0.57411 0.28638 -0.76706
vn 0.99917 0.00213 0.04066
vn 0.99967 0.00495 -0.0252
vn 0.99991 0.00258 -0.01316
vn 0.99905 0.00228 0.04351
vn -0.33576 0.30619 -0.89079
vn -0.92309 -0.23142 0.30715
vn -0.92266 -0.23213 0.30791
vn -0.92266 -0.23213 0.30791
vn 0.03399 0.36506 -0.93036
vn 0.04306 0.59613 -0.80173
vn -0.10833 -0.63906 0.76149
vn -0.09405 -0.64036 0.7623
vn -0.37113 -0.59011 0.71696
vn -0.37113 -0.59011 0.71696
vn 0 -1 -0
vn 0.89602 0.02312 0.44342
vn -0.57515 -0.06545 -0.81543
vn 0.2106 0.03364 0.97699
vn 0.2106 0.03364 0.97699
vn 0.2106 0.03364 0.97699
vn 0.2106 0.03364 0.97699
vn -0.34117 -0.07218 -0.93723
vn -0 -1 -0
vn -0 -1 -0
vn -0.57013 -0.28784 -0.76948
vn -0.84491 -0.18705 -0.50113
vn -0.34654 -0.32575 -0.87966
vn -0.99145 0.09809 0.08605
vn -0.03388 0.14633 -0.98865
vn 0.76955 0.12337 -0.62656
vn 0.95119 0.05962 -0.3028
vn 0.93662 0.06768 -0.34374
vn 0.76955 0.12337 -0.62656
vn -0.01749 0.14241 -0.98965
vn 0.02048 0.1327 -0.99094
vn 0 -1 -0
vn 0 -1 -0
vn -0.99957 0.01042 -0.02723
vn -0.96215 0.0675 -0.26402
vn -0.01302 0.36625 0.93042
vn -0.01302 0.36625 0.93042
vn -0.95355 -0.10341 -0.28294
vn -0 -1 -0
vn -0 -1 -0
vn -0.10758 -0.84012 -0.53162
vn -0.01826 0.43653 -0.8995
vn -0.01826 0.43653 -0.8995
vn -0.01827 0.43654 -0.8995
vn 0.0786 0.20997 -0.97454
vn 0.02905 -0.30889 0.95066
vn 0 -0.30902 0.95106
vn 0 -0.58778 0.80902
vn 0.02905 -0.58754 0.80868
vn 0 -0.80902 0.58779
vn 0.02906 -0.80868 0.58754
vn 0 -0.95106 0.30901
vn 0.02905 -0.95066 0.30888
vn 0 -1 0
vn 0.02905 -0.99958 0
vn 0 -0.95106 -0.30902
vn 0.02905 -0.95066 -0.30889
vn -0 -0.80902 -0.58779
vn 0.02905 -0.80867 -0.58754
vn -0 -0.58779 -0.80902
vn 0.02905 -0.58754 -0.80867
vn 0 -0.30902 -0.95106
vn 0.02905 -0.30889 -0.95066
vn 0 -0 -1
vn 0.02905 -0 -0.99958
vn 0 0.30902 -0.95106
vn 0.02905 0.30889 -0.95065
vn -0 0.58778 -0.80902
vn 0.02905 0.58754 -0.80868
vn -0 0.80902 -0.58778
vn 0.02905 0.80868 -0.58754
vn 0 0.95106 -0.30902
vn 0.02905 0.95066 -0.30889
vn 0 1 0
vn 0.02905 0.99958 -0
vn 0 0.95106 0.30902
vn 0.02905 0.95065 0.30889
vn 0 0.80902 0.58778
vn 0.02905 0.80868 0.58754
vn 0 0.58779 0.80902
vn 0.02905 0.58754 0.80868
vn -0 0.30902 0.95106
vn 0.02905 0.30889 0.95065
vn -0 0 1
vn 0.02905 0 0.99958
vn 0.38676 -0.54205 0.74606
vn 0.38675 -0.28497 0.87705
vn 0.92553 -0.11702 0.36013
vn 0.92554 -0.22257 0.30634
vn 0.38676 -0.74607 0.54203
vn 0.92554 -0.30632 0.22257
vn 0.38675 -0.87705 0.28496
vn 0.92555 -0.3601 0.11701
vn 0.38674 -0.92219 0
vn 0.92555 -0.37862 -0
vn 0.38675 -0.87705 -0.28497
vn 0.92554 -0.36011 -0.11701
vn 0.38675 -0.74607 -0.54204
vn 0.92554 -0.30632 -0.22257
vn 0.38675 -0.54205 -0.74606
vn 0.92554 -0.22256 -0.30634
vn 0.38675 -0.28497 -0.87705
vn 0.92554 -0.11702 -0.36012
vn 0.38675 -0 -0.92219
vn 0.92554 0 -0.37865
vn 0.38674 0.28497 -0.87705
vn 0.92554 0.11702 -0.36012
vn 0.38675 0.54205 -0.74606
vn 0.92554 0.22257 -0.30634
vn 0.38675 0.74606 -0.54205
vn 0.92554 0.30633 -0.22257
vn 0.38675 0.87705 -0.28497
vn 0.92554 0.36011 -0.11701
vn 0.38673 0.92219 -0
vn 0.92555 0.37863 -0
vn 0.38673 0.87706 0.28497
vn 0.92555 0.3601 0.117
vn 0.38674 0.74607 0.54205
vn 0.92555 0.30632 0.22256
vn 0.38675 0.54205 0.74606
vn 0.92554 0.22256 0.30634
vn 0.38676 0.28498 0.87704
vn 0.92554 0.11701 0.36013
vn 0.38676 0 0.92218
vn 0.92553 -0 0.37867
vn 0.91915 0.39392 0
vn 0.9189 0.39449 -0.00136
vn 0.99547 0.09504 -0.00091
vn 0 -1 -0
vn 0 -1 -0
vn 0 -0.9997 0.02463
vn 0 -0.9997 0.02463
vn 0.99123 -0.13064 0.01989
vn 0.91915 -0.39392 1E-05
vn 0.91909 -0.39389 0.01142
vn 0.99484 -0.10141 0.00148
vn 0.99239 0.12158 0.01935
vn 0.91887 0.39455 -0.00148
vn 0.91911 -0.00923 0.3939
vn 0.91911 -0.00923 0.3939
vn 0.91871 0.39493 -0.00215
vn 0.97476 0.222 -0.02368
vn 0.91828 0.39305 -0.04768
vn 0.00187 0.99999 -0.00512
vn 0.01196 0.99372 -0.11124
vn 0.01337 0.99127 -0.13119
vn 0.91899 -0.39385 0.01821
vn 0.98301 0.17383 -0.05891
vn 0.91904 0.37042 -0.13475
vn 0.01018 0.93407 -0.35695
vn 0.92125 0.29558 -0.25286
vn 1 -0 -0
vn 1 -0 -0
vn 1 0 0
vn 1 0 -0
vn 0 -0.58779 -0.80902
vn 0 -0.80902 -0.58778
vn 0 -0.80902 -0.58778
vn 0 -0.58779 -0.80902
vn 0 -0.95106 -0.30902
vn 0 -0.95106 -0.30902
vn 0 -0.30902 -0.95106
vn 1 0 -0
vn 1 0 -0
vn 1 0 0
vn 0 -1 -0
vn 0 -1 -0
vn 0 -0 -1
vn 0 -0 -1
vn 1 0 -0
vn 1 0 0
vn 0 -0.99872 0.05048
vn 0 -0.99872 0.05048
vn 1 0 0
vn 1 0 0
vn 0 0.30902 -0.95106
vn 0 0.30902 -0.95106
vn -0 -0.95106 0.30902
vn -0 -0.95106 0.30902
vn 1 0 0
vn 1 -0 0
vn 1 -0 0
vn 1 0 0
vn 1 -0 0
vn 0 0.58779 -0.80902
vn 0 0.58779 -0.80902
vn -0 -0.80902 0.58778
vn -0 -0.80902 0.58779
vn 0.92549 0.21793 -0.30981
vn 0 0.80902 -0.58779
vn 0 0.80902 -0.58778
vn 0 -0.58779 0.80902
vn 0 -0.58779 0.80902
vn 0 -0.30902 0.95106
vn 0 -0.30902 0.95106
vn 0 0.95106 -0.30902
vn 0 0.95106 -0.30902
vn 0.96785 -0.24759 -0.04443
vn 0.93108 0.17694 -0.31903
vn 0 -0 1
vn 0 1 -0
vn 0 1 -0
vn 0 0.30902 0.95106
vn 0 0.30902 0.95106
vn -0 0.95106 0.30902
vn -0 0.95106 0.30902
vn 0 0.58778 0.80902
vn 0 0.58778 0.80902
vn -0 0.80902 0.58779
vn -0 0.80902 0.58779
vn 0 0.74694 -0.66489
vn 0 0.75587 -0.65472
vn 0.91915 -0.39392 0
vn 0 0.57116 -0.82084
vn 0 0.56556 -0.82471
vn 0 0.51361 -0.85802
vn 1 -0 0
vn 1 -0 0
vn -0.12293 0.99242 0
vn -0.15735 0.98754 0
vn -0.12271 0.99244 0
vn 0 0.8678 -0.49691
vn -0 0.98217 -0.18798
vn -0 0.98217 -0.18798
vn 0 0.8678 -0.49691
vn 0 0.71392 0.70023
vn 0 0.5451 0.83837
vn 0 0.5451 0.83837
vn 0 0 1
vn 0 0 1
vn 0 0 1
vn 0 0.87796 0.47874
vn 0 0.87796 0.47874
vn 0 0.98769 0.15643
vn 0 0.98769 0.15643
vn 0.30699 -0.95171 0
vn 0.30699 -0.95171 0
vn 0.17704 -0.9842 0
vn 0.17559 -0.98446 0
vn -0 0.9999 -0.0141
vn -0 0.9999 -0.0141
vn 0 0.5451 0.83837
vn 0 0.5451 0.83837
vn 0 0.71392 0.70023
vn 0 0.71392 0.70023
vn 0 0.87796 0.47874
vn 0 0.98769 0.15643
vn 0 0.98769 0.15643
vn 0 0.87796 0.47874
vn 0 0.01217 -0.99993
vn 0 1E-05 -1
vn 0 0.01217 -0.99993
vn -0.00073 0.08579 -0.99631
vn -0.00073 0.08579 -0.99631
vn 0 0.8678 -0.49691
vn -0 0.98217 -0.18798
vn -0 0.98217 -0.18798
vn -0 0.9999 -0.0141
vn 0 1E-05 -1
vn 0 0.01217 -0.99993
vn 0 0.01217 -0.99993
vn -0 0.96593 -0.25882
vn -0 0.96593 -0.25882
vn -0 0.70711 -0.70711
vn -0 0.70711 -0.70711
vn 0 0.25882 -0.96592
vn 0 0.96593 -0.25882
vn 0 0.7071 -0.70711
vn 0 0.25883 -0.96592
vn 1 -1E-05 0
vn 1 -1E-05 0
vn 1 -0 -0
vn 1 -0 -0
vn 1 -0 -0
vn 1 -0 -0
vn 1 1E-05 0
vn -1 -0 -0
vn -1 -0 -0
vn -1 -0 -0
vn -1 -0 -0
vn -1 1E-05 -0
vn -1 1E-05 -0
vn -1 0 -0
vn -1 0 -0
vn -1 0 -0
vn -1 1E-05 0
vn 1 -0 0
vn 1 -0 0
vn 1 -0 -0
vn 1 -0 -0
vn 1 -0 -0
vn 1 2E-05 0
vn -1 -0 0
vn -1 -0 0
vn -1 0 -0
vn -1 -0 0
vn -1 0 -0
vn -1 0 -0
vn 0 0.64945 0.76041
vn 0 0.64945 0.76041
vn 0 0.64945 0.76041
vn 0 0.648 0.76164
vn 0 0.648 0.76164
vn 0 0.648 0.76164
vn 0.1237 0.99232 -0
vn 0 1 -0
vn 0 1 -0
vn 0.12352 0.99234 -0
vn -0 0 1
vn -0 0 1
vn -0.17768 -0.98409 0
vn 0 -1 0
vn 0 -1 0
vn -0.17889 -0.98387 0
vn -1E-05 0.07192 -0.99741
vn 1E-05 0.07192 -0.99741
vn 0.15123 0.9885 -0
vn 0.15123 0.9885 -0
vn -0.28668 -0.95803 0
vn -0.28668 -0.95803 0
vn 0 0 1
vn 0 0 1
vn 0.00073 0.08579 -0.99631
vn 0.00073 0.08579 -0.99631
vn -0.51487 -0.85727 0
vn -0.51487 -0.85727 0
vn -0.70711 -0.70711 0
vn -0.30902 -0.95106 0
vn -0.30902 -0.95106 0
vn -0.80902 0.58778 0.00218
vn -0.80901 0.58778 0.00218
vn -0.58778 0.80902 0.00218
vn -0.58778 0.80901 0.00218
vn -0.30902 0.95105 0.00218
vn -0.30902 0.95105 0.00218
vn -0.95105 0.30902 0.00218
vn -0.95105 0.30902 0.00218
vn 0.30902 -0.95106 0
vn 0.30902 -0.95106 0
vn 0 1 0.00218
vn 0 1 0.00218
vn -1 0 0.00218
vn -1 0 0.00218
vn 0.51487 -0.85727 0
vn 0.51487 -0.85727 0
vn 0.70711 -0.7071 0
vn 0.30902 0.95105 0.00218
vn 0.30902 0.95105 0.00218
vn -0.95105 -0.30901 0.00218
vn -0.95105 -0.30901 0.00218
vn 0.58778 0.80902 0.00218
vn 0.58778 0.80901 0.00218
vn -0.80901 -0.58778 0.00218
vn -0.80902 -0.58778 0.00218
vn 0.80901 0.58778 0.00218
vn 0.80901 0.58778 0.00218
vn -0.58778 -0.80902 0.00218
vn -0.58778 -0.80902 0.00218
vn 0.95105 0.30902 0.00218
vn 0.95105 0.30902 0.00218
vn -0.30902 -0.95105 0.00218
vn -0.30902 -0.95105 0.00218
vn 1 0 0.00218
vn 1 0 0.00218
vn 0 -1 0.00218
vn -0 -1 0.00218
vn 0.95105 -0.30902 0.00218
vn 0.95105 -0.30902 0.00218
vn 0.30902 -0.95105 0.00218
vn 0.30902 -0.95105 0.00218
vn 0.80902 -0.58778 0.00218
vn 0.80902 -0.58778 0.00218
vn 0.58778 -0.80901 0.00218
vn 0.58778 -0.80901 0.00218
vn -0.00046 -0.04054 -0.99918
vn -0.00045 -0.04204 -0.99912
vn -1E-05 -0.06231 -0.99806
vn 1E-05 -0.06231 -0.99806
vn -0.03925 -0.00344 -0.99922
vn -0.00232 -0.0148 -0.99989
vn -0 0 1
vn -0 0 1
vn 0 0 1
vn 0 0 1
vn 0.00124 -0.01173 -0.99993
vn -0.00795 -0.0097 -0.99992
vn 0.21715 -0.66832 0.71147
vn 0.21715 -0.66832 0.71147
vn -0 -0.70271 0.71147
vn -0 -0.70271 0.71147
vn 0.41305 -0.56851 0.71147
vn 0.41305 -0.56851 0.71147
vn 0.56851 -0.41304 0.71147
vn 0.56851 -0.41304 0.71147
vn 0.66832 -0.21715 0.71147
vn 0.66832 -0.21715 0.71147
vn 0.70271 -0 0.71147
vn 0.70271 0 0.71147
vn 0.66832 0.21715 0.71147
vn 0.66832 0.21715 0.71147
vn 0.56851 0.41304 0.71147
vn 0.56851 0.41304 0.71147
vn 0.41305 0.56851 0.71147
vn 0.41305 0.56851 0.71147
vn 0.21715 0.66832 0.71147
vn 0.21715 0.66832 0.71147
vn -0 0.70271 0.71147
vn -0 0.70271 0.71147
vn -0.21715 0.66832 0.71147
vn -0.21715 0.66832 0.71147
vn -0.41305 0.56851 0.71147
vn -0.41305 0.56851 0.71147
vn -0.56851 0.41304 0.71147
vn -0.66832 0.21715 0.71147
vn -0.66832 0.21715 0.71147
vn -0.70271 -0 0.71147
vn -0.70271 -0 0.71147
vn -0.66832 -0.21715 0.71147
vn -0.66832 -0.21715 0.71147
vn -0.56851 -0.41304 0.71147
vn -0.56851 -0.41304 0.71147
vn -0.41304 -0.56851 0.71147
vn -0.41304 -0.56851 0.71147
vn -0.21715 -0.66832 0.71147
vn -0.21715 -0.66832 0.71147
vn 0.30902 -0.95106 0
vn 0.58779 -0.80902 0
vn 0.58779 -0.80902 0
vn 0.80902 -0.58779 -0
vn 0.80902 -0.58779 -0
vn 0.95106 -0.30902 0
vn 0.95106 0.30902 0
vn 0.80902 0.58779 0
vn 0.80902 0.58779 0
vn 0.58779 0.80902 0
vn 0.58779 0.80902 0
vn 0.30902 0.95106 0
vn -0.30902 0.95106 0
vn -0.58779 0.80902 0
vn -0.80902 0.58779 0
vn -0.95106 0.30902 0
vn -1 -0 0
vn -0.95106 -0.30902 0
vn -0.80902 -0.58779 0
vn -0.58779 -0.80902 0
vn -0.30902 -0.95106 0
vn -0 -1 0
vn -0.87416 0.48526 0.01916
vn -0.88217 0.47041 0.02226
vn -0.88217 0.47041 0.02226
vn -0.8717 0.4897 0.01823
vn -0.54973 0.83045 -0.09028
vn -0.54973 0.83045 -0.09028
vn -0.39361 0.91426 -0.09594
vn -0.39353 0.91429 -0.09594
vn 0.87416 0.48526 0.01916
vn 0.8717 0.4897 0.01823
vn 0.88217 0.47041 0.02226
vn 0.88217 0.47041 0.02226
vn 0.54973 0.83045 -0.09028
vn 0.39353 0.91429 -0.09594
vn 0.39361 0.91426 -0.09594
vn 0.54973 0.83045 -0.09028
vn -0.99842 0.029 0.04821
vn -0.99843 0.02837 0.04821
vn -0.99884 0 0.04823
vn -0 0 1
vn 0 0 1
vn 0.99884 0 0.04823
vn 0.99843 0.02836 0.04821
vn 0.99842 0.02899 0.04821
vn 0 0 -1
vn -0 0 -1
vn 0 -1 0
vn -0.02979 0.99956 0.00144
vn -0.02668 0.99964 0.00129
vn 0 1 0
vn 0.02668 0.99964 0.00129
vn 0.02979 0.99956 0.00144
vn 0.09707 0.99039 -0.09855
vn 0.09707 0.99039 -0.09855
vn -0.77215 0.63528 -0.01429
vn -0.77215 0.63528 -0.01429
vn 0.77216 0.63527 -0.01429
vn 0.77216 0.63527 -0.01429
vn -0.09707 0.99039 -0.09854
vn -0.09707 0.99039 -0.09854
vn -0 0 -1
vn 1E-05 0 1
vn -0 0 1
vn -0 0 -1
vn -1E-05 0 1
vn -0.92278 0.38273 0.04456
vn -0.92278 0.38273 0.04456
vn -0.38223 0.92388 0.01846
vn -0.38223 0.92388 0.01846
vn 0.38223 0.92388 0.01846
vn 0.38223 0.92388 0.01846
vn 0.9228 0.38269 0.04456
vn 0.06545 0.30338 -0.95062
vn 0.11118 0.33354 -0.93616
vn 0.10758 0.32272 -0.94036
vn 0.0666 0.30502 -0.95001
vn 0.06627 -0.30632 0.94962
vn 0.11254 -0.33762 0.93453
vn -0.06546 0.30338 -0.95062
vn -0.06661 0.30502 -0.95001
vn -0.10758 0.32272 -0.94036
vn -0.11119 0.33354 -0.93616
vn -0.06756 0.58616 0.80737
vn 0.16692 -0.50076 -0.84934
vn 0.16692 -0.50076 -0.84934
vn 0.08148 -0.3366 -0.93812
vn 0.08326 -0.34009 -0.9367
vn 0.1881 0.56429 0.80387
vn 0.09438 0.40004 0.91163
vn -0.16692 -0.50076 -0.84934
vn -0.08325 -0.34008 -0.9367
vn -0.08148 -0.3366 -0.93812
vn -0.16692 -0.50076 -0.84934
vn 0 -0 1
vn -0.99832 0.05793 -0
vn -0.99965 0.02639 -0
vn -0.99929 0.03769 -0
vn -0.99832 0.05793 -0
vn 0.99929 0.03769 -0
vn 0.99965 0.02639 -0
vn 0.99832 0.05793 -0
vn 0.99832 0.05793 -0
vn -1 0 -0
vn -1 0 -0
vn 0 1 -0
vn 0 1 -0
vn 0 0.03168 -0.9995
vn 0 -0.00712 0.99997
vn 0 -0.80902 -0.58778
vn 0 -0.58779 -0.80901
vn 0 -0.30902 -0.95106
vn 0 -0.95105 -0.30902
vn 0 -0 -1
vn 0 -0 -1
vn -0 -0.95105 0.30903
vn -0 -0.95105 0.30903
vn 0 0.30902 -0.95106
vn -1 -0 -0
vn -1 -0 -0
vn 1 0 -0
vn 1 0 -0
vn 0 0.58779 -0.80901
vn 0 0.58779 -0.80901
vn -0 -0.80902 0.58779
vn -0 -0.80902 0.58779
vn 0 0.80902 -0.58779
vn -0 -0.58778 0.80902
vn -0 -0.58778 0.80902
vn -0 0.03168 -0.9995
vn 0 0.95106 -0.30901
vn 0 -0.30902 0.95106
vn -0.99945 -0.03304 -0
vn -0.99872 -0.05058 -0
vn 0 0 1
vn 0 0 1
vn -0 0.95106 0.30902
vn -0 0.95106 0.30901
vn 0 0.30902 0.95106
vn 1 0 0
vn 1 0 0
vn -0 0.80902 0.58779
vn -0 0.80902 0.58779
vn -0 0.58779 0.80902
vn -0 0.58779 0.80902
vn -0.99727 -0.07388 -0
vn -0.99727 -0.07388 -0
vn 0.99945 -0.03304 0
vn 0.99872 -0.05058 0
vn 0 -0.58779 -0.80901
vn -0 0 1
vn -0 0 1
vn 0 -0.30902 -0.95106
vn 0 -0.95106 -0.30902
vn 0 -0 -1
vn 0 -0 -1
vn -0 -0.95106 0.30902
vn -0 -0.95106 0.30902
vn 0 0.30902 -0.95106
vn 0 0.30902 -0.95106
vn 0 0.58779 -0.80902
vn 0 0.58779 -0.80901
vn -0 -0.80902 0.58778
vn -0 -0.80902 0.58778
vn 0 0.80902 -0.58779
vn -0 -0.58779 0.80902
vn -0 -0.58779 0.80902
vn 0 0.95106 -0.30902
vn 0 -0.30902 0.95106
vn 0 -0.30902 0.95106
vn 0.99727 -0.07388 0
vn 0.99727 -0.07388 0
vn 0 -0 1
vn 0 -0 1
vn -0 0.95106 0.30902
vn -0 0.95106 0.30902
vn 0 0.30902 0.95106
vn 0 0.30902 0.95106
vn -0 0.80902 0.58778
vn -0 0.80902 0.58779
vn -0 0.58779 0.80902
vn -0 0.58779 0.80902
vn 0 0.37064 -0.92878
vn 0 0.29571 -0.95528
vn 0 0.29571 -0.95528
vn -1 0 -0
vn -1 0 -0
vn 0 0.24513 -0.96949
vn 0 0.24513 -0.96949
vn 1 0 -0
vn 1 0 -0
vn 0 -1 0
vn 0 -1 0
vn 0 0.35392 -0.93528
vn 0 0.40602 -0.91386
vn -0.14777 -0.35608 -0.9227
vn -0.33968 -0.33909 -0.87729
vn -0.36372 -0.1001 -0.92612
vn -0.14583 -0.08389 -0.98575
vn -0.90172 -0.16132 -0.4011
vn -0.9993 -0.01116 -0.03582
vn -0.9168 -0.01234 -0.39915
vn -0.99964 -0.01067 -0.02473
vn -0.93537 -0.22438 0.27338
vn -0.93678 -0.10162 0.33484
vn -0.41074 -0.32427 0.85214
vn -0.41487 -0.55675 0.71966
vn -0.21742 -0.59536 0.77348
vn -0.18548 -0.35628 0.91578
vn -0.99856 0.05309 -0.00772
vn -0.99651 0.08155 0.01765
vn -0.91244 0.30073 -0.27752
vn -0.92119 0.16084 -0.35432
vn -0.36945 0.3117 -0.87541
vn -0.35147 0.59963 -0.71897
vn -0.13042 0.61103 -0.78079
vn -0.13746 0.31867 -0.93784
vn -0.17221 -0.25434 0.95166
vn -0.38138 -0.20816 0.90067
vn -0.35892 -0.09389 0.92864
vn -0.14249 -0.12195 0.98225
vn -0.90932 0.00984 0.41598
vn -0.91304 0.03023 0.40675
vn 0.01295 -0.10788 -0.99408
vn 0.00745 -0.35965 -0.93306
vn -0.0367 -0.60798 0.7931
vn -0.01939 -0.36728 0.92991
vn 0.03446 0.60486 -0.79558
vn 0.02776 0.30889 -0.95069
vn 0.01854 -0.13794 0.99027
vn -0.0167 -0.28895 0.9572
vn -0.13857 0.68598 -0.7143
vn 0.03004 0.67909 -0.73344
vn -0.07474 -0.45021 0.88979
vn -0.24774 -0.40817 0.87865
vn -1E-05 -1 -0
vn -1E-05 -1 -0
vn -0 -1 0
vn -0 -1 -0
vn 0 -1 0
vn 0 -1 0
vn 0.40233 0.7613 0.50848
vn 0.40233 0.7613 0.50848
vn 0.11258 0.83702 0.53547
vn -0.3493 0.66572 -0.6594
vn -0.90835 0.34782 -0.23221
vn -0.91455 -0.03797 0.40269
vn -0.42025 -0.35029 0.83707
vn -0.02905 -0.30888 0.95066
vn -0.02905 -0.58754 0.80868
vn -0 -0.58778 0.80902
vn 0 -0.30902 0.95106
vn -0.02905 -0.80868 0.58754
vn -0 -0.80902 0.58779
vn -0.02905 -0.95066 0.30888
vn -0 -0.95106 0.30901
vn -0.02905 -0.99958 0
vn -0 -1 -0
vn -0.02905 -0.95066 -0.30889
vn -0 -0.95106 -0.30902
vn -0.02905 -0.80867 -0.58754
vn 0 -0.80902 -0.58779
vn -0.02905 -0.58754 -0.80868
vn 0 -0.58779 -0.80902
vn -0.02905 -0.30889 -0.95066
vn 0 -0.30902 -0.95106
vn -0.02905 0 -0.99958
vn 0 -0 -1
vn -0.02905 0.30889 -0.95066
vn 0 0.30902 -0.95106
vn -0.02905 0.58754 -0.80868
vn 0 0.58778 -0.80902
vn -0.02905 0.80868 -0.58754
vn 0 0.80902 -0.58778
vn -0.02905 0.95066 -0.30889
vn -0 0.95106 -0.30902
vn -0.02905 0.99958 -0
vn -0 1 -0
vn -0.02905 0.95066 0.30889
vn 0 0.95106 0.30902
vn -0.02905 0.80868 0.58754
vn 0 0.80902 0.58779
vn -0.02905 0.58754 0.80868
vn 0 0.58778 0.80902
vn -0.02905 0.30889 0.95065
vn 0 0.30902 0.95106
vn -0.02905 0 0.99958
vn 0 0 1
vn -0.38674 -0.28497 0.87706
vn -0.38675 -0.54204 0.74607
vn -0.92554 -0.11701 0.36012
vn -0.92554 -0.22256 0.30634
vn -0.38675 -0.74606 0.54205
vn -0.92554 -0.30633 0.22257
vn -0.38675 -0.87705 0.28497
vn -0.92555 -0.3601 0.11701
vn -0.38675 -0.92219 -0
vn -0.92554 -0.37864 -0
vn -0.38676 -0.87705 -0.28497
vn -0.92554 -0.36011 -0.11701
vn -0.38676 -0.74606 -0.54205
vn -0.92554 -0.30633 -0.22257
vn -0.38675 -0.54204 -0.74606
vn -0.92553 -0.22257 -0.30634
vn -0.38676 -0.28497 -0.87705
vn -0.92554 -0.11701 -0.36013
vn -0.38677 0 -0.92218
vn -0.92554 0 -0.37866
vn -0.38676 0.28497 -0.87704
vn -0.92553 0.11701 -0.36013
vn -0.38675 0.54205 -0.74606
vn -0.92554 0.22256 -0.30635
vn -0.38675 0.74607 -0.54204
vn -0.92554 0.30632 -0.22257
vn -0.38674 0.87706 -0.28497
vn -0.92555 0.3601 -0.11701
vn -0.38674 0.92219 -0
vn -0.92555 0.37864 0
vn -0.38674 0.87705 0.28497
vn -0.92554 0.36012 0.11701
vn -0.38675 0.74606 0.54205
vn -0.92554 0.30634 0.22257
vn -0.38675 0.54205 0.74606
vn -0.92554 0.22256 0.30633
vn -0.38674 0.28498 0.87705
vn -0.92554 0.117 0.36011
vn -0.38674 1E-05 0.92219
vn -0.92554 -0 0.37865
vn -0.99547 0.09504 -0.00091
vn -0.9189 0.39449 -0.00136
vn -0.91915 0.39392 0
vn 0 -0.9997 0.02463
vn 0 -0.9997 0.02463
vn -0.99123 -0.13064 0.01989
vn -0.99484 -0.10141 0.00148
vn -0.91909 -0.39389 0.01142
vn -0.91915 -0.39391 1E-05
vn -0.99239 0.12158 0.01935
vn -0.91888 0.39455 -0.00148
vn -0.91911 -0.00923 0.3939
vn -0.91871 0.39493 -0.00215
vn -0.91828 0.39305 -0.04768
vn -0.00187 0.99999 -0.00512
vn -0.01196 0.99372 -0.11124
vn -0.01337 0.99127 -0.13119
vn -0.91899 -0.39385 0.01821
vn -0.91904 0.37042 -0.13475
vn -0.01018 0.93407 -0.35695
vn -0.01018 0.93407 -0.35695
vn -0.92125 0.29558 -0.25286
vn -1 -0 0
vn -1 -0 0
vn -1 0 -0
vn 0 -0.58778 -0.80902
vn 0 -0.58778 -0.80902
vn 0 -0.80902 -0.58779
vn 0 -0.80902 -0.58779
vn 0 -0.95106 -0.30902
vn 0 -0.95106 -0.30902
vn 0 -0.30902 -0.95106
vn 0 -0.30902 -0.95106
vn -1 -1E-05 -0
vn -1 -0 0
vn -1 0 -0
vn 0 -1 -0
vn 0 -1 -0
vn 0 -0 -1
vn 0 0 -1
vn -1 0 0
vn -1 0 0
vn 0 -0.99872 0.05048
vn 0 -0.99872 0.05048
vn 0 0.30902 -0.95106
vn 0 0.30902 -0.95106
vn -0 -0.95106 0.30902
vn -0 -0.95106 0.30902
vn -1 0 -0
vn -1 0 -0
vn -1 0 0
vn -1 0 0
vn 0 0.58778 -0.80902
vn 0 0.58778 -0.80902
vn -0 -0.80902 0.58779
vn -0 -0.80902 0.58779
vn -0.92549 0.21793 -0.30981
vn -0.98928 0.08294 -0.1202
vn 0 0.80902 -0.58778
vn 0 0.80902 -0.58778
vn 0 -0.58779 0.80902
vn 0 -0.58779 0.80902
vn 0 -0.30902 0.95106
vn 0 0.95106 -0.30902
vn 0 0.95106 -0.30902
vn -0.93108 0.17694 -0.31904
vn 0 0 1
vn 0 0 1
vn 0 1 0
vn 0 1 -0
vn 0 0.30902 0.95106
vn 0 0.30902 0.95106
vn -0 0.95106 0.30902
vn 0 0.58779 0.80902
vn 0 0.58779 0.80902
vn -0 0.80902 0.58779
vn -0 0.80902 0.58779
vn 0 0.74694 -0.66489
vn 0 0.75587 -0.65472
vn -0.91915 -0.39392 0
vn 0 0.57116 -0.82084
vn 0 0.56556 -0.82471
vn 0 0.51361 -0.85802
vn 0 0.51361 -0.85802
vn -1 0 0
vn -0 -0.99993 -0.01154
vn -0 -0.99993 -0.01154
vn -0 0.30108 -0.9536
vn -0 0.28652 -0.95807
vn -0 0.28652 -0.95807
vn -0 0.30108 -0.9536
vn -0 -0.95177 -0.3068
vn -0 -0.95177 -0.3068
vn 0 -0.59341 -0.8049
vn 0 -0.59341 -0.8049
vn 0 -0.01164 -0.99993
vn -1 0 -0
vn -1 0 0
vn -1 0 -0
vn -1 0 -0
vn 1 0 -0
vn 1 0 0
vn 1 0 0
vn -0.30902 0.95106 0
vn -0.58778 0.80902 0
vn -0.80902 0.58779 0
vn -0.95106 0.30902 0
vn -1 0 0
vn -1 0 0
vn -0.95106 -0.30902 0
vn -0.95106 -0.30902 0
vn -0.80902 -0.58779 0
vn -0.58779 -0.80902 0
vn -0.30902 -0.95106 0
vn -0 -1 0
vn 0 -1 0
vn 0.30902 -0.95106 0
vn 0.30902 -0.95106 0
vn 0.58779 -0.80902 0
vn 0.58779 -0.80902 0
vn 0.80902 -0.58778 0
vn 0.80902 -0.58778 0
vn 0.95106 -0.30902 0
vn 1 -0 0
vn 0.95106 0.30902 0
vn 0.80902 0.58778 0
vn 0.80902 0.58779 0
vn 0.58779 0.80902 0
vn 0.58779 0.80902 0
vn 0.30902 0.95106 0
vn 0.30902 0.95106 0
vn 0 1 0
vn 0 1 0
vn 0.21715 -0.66832 0.71147
vn 0.21715 -0.66832 0.71147
vn -0 -0.70271 0.71147
vn -0 -0.70271 0.71147
vn 0.41304 -0.56851 0.71147
vn 0.41304 -0.56851 0.71147
vn 0.56851 -0.41304 0.71147
vn 0.56851 -0.41304 0.71147
vn 0.66832 -0.21715 0.71147
vn 0.66832 -0.21715 0.71147
vn 0.70271 0 0.71147
vn 0.70271 0 0.71147
vn 0.66832 0.21715 0.71147
vn 0.56851 0.41304 0.71147
vn 0.56851 0.41304 0.71147
vn 0.41304 0.56851 0.71147
vn 0.41304 0.56851 0.71147
vn 0.21715 0.66832 0.71147
vn 0.21715 0.66832 0.71147
vn -0 0.70271 0.71147
vn -0 0.70271 0.71147
vn -0.21715 0.66832 0.71147
vn -0.21715 0.66832 0.71147
vn -0.41304 0.56851 0.71147
vn -0.41304 0.56851 0.71147
vn -0.56851 0.41304 0.71147
vn -0.56851 0.41304 0.71147
vn -0.66832 0.21715 0.71147
vn -0.66832 0.21715 0.71147
vn -0.70271 0 0.71147
vn -0.70271 0 0.71147
vn -0.66832 -0.21715 0.71147
vn -0.66832 -0.21715 0.71147
vn -0.56851 -0.41304 0.71147
vn -0.56851 -0.41304 0.71147
vn -0.41304 -0.56851 0.71147
vn -0.41304 -0.56851 0.71147
vn -0.21715 -0.66832 0.71147
vn -0.21715 -0.66832 0.71147
vn 0.30902 -0.95106 -0
vn 0.58779 -0.80902 -0
vn 0.80902 -0.58779 -0
vn 0.95106 -0.30902 0
vn 1 0 0
vn 0.95106 0.30902 0
vn 0.80902 0.58779 0
vn 0.58778 0.80902 0
vn 0.30902 0.95106 0
vn -0.30902 0.95106 0
vn -0.58779 0.80902 0
vn -0.80902 0.58779 0
vn -0.80902 0.58779 0
vn -0.95106 0.30902 0
vn -0.95106 0.30902 0
vn -1 0 0
vn -0.95106 -0.30902 0
vn -0.95106 -0.30902 0
vn -0.80902 -0.58779 0
vn -0.58779 -0.80902 0
vn -0.58779 -0.80902 0
vn -0.30902 -0.95106 0
vn -0 -1 0
vn -0 0 1
vn -0 0 1
vn -0 0 1
vn -0 0 1
vn -0 0 1
vn -0 0 1
vn -0 0 1
vn -0 0 1
vn -0 0 1
vn -0 0 1
vn -0 0 1
vn 0 0 1
vn 0 0 1
vn -0 -0 1
vn -0 -0 1
vn -0 -0 1
vn 0 -0 1
vn 0 -0 1
vn 0 -0 1
vn 0 -0 1
vn 0 -0 1
vn 0 0 1
vn 0 0 1
vn 0 0 1
vn 0 0 1
vn 0 0 1
vn 0 0 1
vn 0 0 1
vn 0 0 1
vn 0 0 1
vn 0 0 1
vn -0 0 1
vn 0 0 1
vn -0 0 1
vn -0 0 1
vn -0.99966 0.01793 0.01898
vn -0.99966 0.01793 0.01898
vn -0.99966 0.01793 0.01898
vn -0.99966 0.01793 0.01898
vn 0.99967 -0.01747 0.01898
vn 0.99967 -0.01747 0.01898
vn 0.99967 -0.01747 0.01898
vn -0.07091 0.02985 0.99704
vn -0.07063 0.02982 0.99706
vn 0 0.09394 -0.99558
vn -0 0.09394 -0.99558
vn 0.10159 0.99482 -0.00239
vn 0.10159 0.99482 -0.00239
vn 0.08463 0.99626 0.01729
vn 0.08704 0.9961 0.0145
vn 0 0.97875 -0.20507
vn -0.047 0.98921 -0.13876
vn -0.03507 0.98432 -0.17284
vn 0 0.97875 -0.20507
vn -0.07452 0.99712 0.01427
vn -0.08169 0.99645 -0.02021
vn -0.0838 0.9964 -0.01264
vn -0.07608 0.99703 0.01188
vn 0 0.99473 0.10257
vn 0 0.99473 0.10257
vn -0.02797 0.99575 0.08773
vn -0.02944 0.99596 0.08484
vn -0.84005 -0.54077 0.04352
vn -0.84005 -0.54077 0.04352
vn -0.79015 -0.61154 0.04094
vn -0.78661 -0.61611 0.04076
vn -0.54421 -0.83847 0.02822
vn -0.54421 -0.83847 0.02822
vn -0.9049 0.4233 0.04436
vn -0.9049 0.4233 0.04436
vn -0.9049 0.4233 0.04436
vn -0.9049 0.4233 0.04436
vn 0.19074 0.13929 0.97171
vn 0 0.10017 0.99497
vn 0 0.10017 0.99497
vn 0.22254 0.15221 0.96297
vn 0.9049 0.4233 0.04436
vn 0.9049 0.4233 0.04436
vn 0.9049 0.4233 0.04436
vn 0.23136 0.0111 -0.9728
vn 0.2828 -0.14388 -0.94833
vn 0 -0.19673 -0.98046
vn -0 -0.05986 -0.99821
vn 0 -0.53279 0.84625
vn 0 -0.64863 0.76111
vn 0.14878 -0.67702 0.72077
vn 0.17753 -0.56695 0.80439
vn -0 -0.82499 0.56515
vn 0.10472 -0.84365 0.52658
vn 0.84005 -0.54076 0.04352
vn 0.78661 -0.61611 0.04076
vn 0.79016 -0.61154 0.04094
vn 0.84005 -0.54076 0.04352
vn 0.54421 -0.83847 0.02822
vn 0.54421 -0.83847 0.02822
vn 0.00531 -0.99976 -0.02125
vn 0 -0.82222 -0.56917
vn 0 -0.64715 -0.76237
vn 0.18271 -0.69155 -0.69883
vn -0.00531 -0.99976 -0.02125
vn -0.18271 -0.69155 -0.69883
vn -0.2828 -0.14388 -0.94833
vn -0.23136 0.0111 -0.9728
vn 0.02944 0.99596 0.08484
vn 0.02797 0.99575 0.08774
vn -0.19074 0.13929 0.97171
vn -0.22254 0.15221 0.96297
vn -0.17753 -0.56695 0.80439
vn -0.14878 -0.67702 0.72077
vn -0.10472 -0.84365 0.52658
vn -0.00901 -0.99979 -0.01828
vn -0.30399 -0.70302 -0.64293
vn -0.33551 -0.61035 -0.71757
vn -0.43229 0.0975 -0.89645
vn -0.43229 0.0975 -0.89645
vn -0.32998 0.19526 0.92357
vn -0.32998 0.19526 0.92357
vn -0.26367 -0.59259 0.76113
vn -0.24157 -0.68239 0.68992
vn -0.17207 -0.86504 0.47126
vn 0.17207 -0.86505 0.47126
vn 0.24157 -0.68239 0.68991
vn 0.26367 -0.59259 0.76113
vn 0.32998 0.19526 0.92357
vn 0.32998 0.19526 0.92357
vn 0.43229 0.0975 -0.89645
vn 0.43229 0.0975 -0.89645
vn 0.30399 -0.70302 -0.64292
vn 0.33551 -0.61036 -0.71756
vn 0.00901 -0.99979 -0.01828
vn -0 -1 -0
vn 0 -1 -0
vn 0 -1 -0
vn 0 -1 -0
vn 0 -1 -0
vn -0 -1 -0
vn 0 0 -1
vn 0 0 -1
vn 0 0 -1
vn 0 0 -1
vn -0 -1 0
vn -0 -1 0
vn -0 -1 0
vn 0 0 -1
vn 0 0.66634 -0.74565
vn 0 0.66634 -0.74565
vn 0 0.66634 -0.74565
vn 0 0.66634 -0.74565
vn 0 -1 0
vn 0 -1 0
vn 0 0 -1
vn -0 0.66634 -0.74565
vn -0 0.66634 -0.74565
vn 0.5997 0 0.80023
vn 0.5997 0 0.80023
vn 0.56771 0.82323 0
vn 0.56771 0.82323 0
vn 0.56771 0.82323 0
vn 0 0 -1
vn 0 0 -1
vn 1 -0 -0
vn -1 0 0
vn -0.99893 -0 -0.04622
vn -0.99893 -0 -0.04622
vn -0.99893 -0 -0.04622
vn -0.56771 0.82323 0
vn -0.56771 0.82323 0
vn -0.56771 0.82323 0
vn -0.56771 0.82323 0
vn -0.5997 0 0.80023
vn -0.5997 0 0.80023
vn 0 1 -0
vn 0.99893 0 -0.04622
vn 0.99893 0 -0.04622
vn 0.99893 0 -0.04622
vn 0 1 0
vn 0 1 0
vn 0 1 0
vn -0 1 0
vn -0 1 0
vn 0 0.18813 0.98214
vn 0 0.18813 0.98214
vn 0 0.18813 0.98214
vn 0 0.18813 0.98214
vn 0 0.18813 0.98214
vn 0 0.18813 0.98214
vn 0 0.18813 0.98214
vn 0 0.18813 0.98214
vn 0 0.97962 0.20085
vn 0 0.97962 0.20085
vn 0 0.97962 0.20085
vn 0 -0.99153 0.12988
vn 0 -0.99487 0.10114
vn 0 -0.99487 0.10114
vn 0 -0.99153 0.12988
vn 0 0.00187 1
vn 0 -0.4318 -0.90197
vn 0 -0.54039 -0.84142
vn 0 -0.54039 -0.84142
vn 0 -0.4318 -0.90197
vn 0 -0.17109 -0.98525
vn 0 -0.17109 -0.98525
vn 0 0.50135 -0.86524
vn 0 0.50135 -0.86524
vn 0 0.50135 -0.86524
vn 0 0.93987 -0.34153
vn 0 0.93987 -0.34153
vn 0 0.93987 -0.34153
vn 0 -0.98534 -0.1706
vn 0 -0.98534 -0.1706
vn 0 -0.76703 -0.64161
vn 0 -0.76703 -0.64161
vn -1 -0 0
vn -1 0 -0
vn -1 0 -0
vn -1 -0 -0
vn -1 -0 -0
vn 1 -0 0
vn 1 -0 0
vn 1 -0 0
vn 1 -0 0
vn 1 0 0
vn 1 0 0
vn -0 1 -0
vn -0 0 1
vn -0 0 1
vn -0 0 1
vn -0 0 -1
vn -0 0 -1
vn 0 0 1
vn 0 0 1
vn 0 0 1
vn 0 0 -1
vt 0.80195 0.52701
vt 0.82236 0.52304
vt 0.80787 0.51079
vt 0.13879 0.47291
vt 0.12428 0.52929
vt 0.13875 0.5181
vt 0.8043 0.04757
vt 0.79688 0.03531
vt 0.78239 0.04757
vt 0.69688 0.1818
vt 0.69688 0.16006
vt 0.68462 0.16006
vt 0.22207 0.80052
vt 0.24623 0.79531
vt 0.21997 0.79755
vt 0.21992 0.78842
vt 0.21794 0.78235
vt 0.41023 0.68593
vt 0.38722 0.66971
vt 0.28929 0.68593
vt 0.35985 0.66971
vt 0.35198 0.66971
vt 0.68497 0.5036
vt 0.67104 0.5036
vt 0.67104 0.5486
vt 0.28985 0.51513
vt 0.30113 0.4749
vt 0.30107 0.47238
vt 0.00195 0.05155
vt 0.06164 0.05155
vt 0.00406 0.04652
vt 0.85945 0.45004
vt 0.85945 0.46319
vt 0.88119 0.46319
vt 0.62885 0.98375
vt 0.62754 0.9816
vt 0.62865 0.98626
vt 0.84813 0.54926
vt 0.86435 0.54002
vt 0.84813 0.54323
vt 0.84813 0.54002
vt 0.72389 0.47506
vt 0.72356 0.47514
vt 0.72389 0.50163
vt 0.72356 0.46969
vt 0.70644 0.43876
vt 0.28106 0.79424
vt 0.32568 0.80623
vt 0.31781 0.79744
vt 0.34595 0.80932
vt 0.34274 0.80766
vt 0.34987 0.78254
vt 0.34757 0.7818
vt 0.3486 0.78548
vt 0.77032 0.52701
vt 0.7644 0.51079
vt 0.74991 0.52304
vt 0.37991 0.91385
vt 0.37987 0.86865
vt 0.3654 0.85746
vt 0.83292 0.04757
vt 0.85484 0.04757
vt 0.84035 0.03531
vt 0.69688 0.13832
vt 0.07838 0.67315
vt 0.07306 0.67401
vt 0.0989 0.68375
vt 0.07143 0.68254
vt 0.06879 0.6874
vt 0.41023 0.7294
vt 0.28929 0.7294
vt 0.38722 0.74561
vt 0.35985 0.74561
vt 0.35198 0.74561
vt 0.68694 0.61679
vt 0.673 0.5718
vt 0.673 0.61679
vt 0.53097 0.87162
vt 0.54219 0.91437
vt 0.54225 0.91185
vt 0.23471 0.02926
vt 0.23682 0.0343
vt 0.29439 0.02926
vt 0.83772 0.46319
vt 0.65838 0.83009
vt 0.65859 0.8326
vt 0.65969 0.82794
vt 0.92404 0.54926
vt 0.92404 0.54323
vt 0.90782 0.54002
vt 0.92404 0.54002
vt 0.64707 0.47506
vt 0.64707 0.50163
vt 0.64739 0.47514
vt 0.66451 0.43876
vt 0.64739 0.46969
vt 0.12968 0.69187
vt 0.16281 0.69788
vt 0.17183 0.69204
vt 0.19125 0.69304
vt 0.18789 0.69393
vt 0.14281 0.80003
vt 0.14408 0.80298
vt 0.14511 0.79929
vt 0.01926 0.75429
vt 0.02424 0.73888
vt 0.01307 0.75429
vt 0.00305 0.74577
vt 0.00621 0.75199
vt 0.23133 0.43127
vt 0.23144 0.41189
vt 0.22008 0.41183
vt 0.16841 0.14137
vt 0.16841 0.13812
vt 0.16834 0.14137
vt 0.15698 0.14137
vt 0.07875 0.64002
vt 0.17651 0.64638
vt 0.13162 0.60421
vt 0.15378 0.60836
vt 0.81275 0.37148
vt 0.81357 0.38759
vt 0.81883 0.37244
vt 0.83424 0.36588
vt 0.83195 0.36818
vt 0.83424 0.38469
vt 0.82732 0.38787
vt 0.83129 0.38787
vt 0.82652 0.37184
vt 0.79762 0.35702
vt 0.79418 0.38759
vt 0.80078 0.36324
vt 0.80572 0.36818
vt 0.55403 0.886
vt 0.55403 0.88014
vt 0.54386 0.87952
vt 0.53984 0.82733
vt 0.18575 0.94737
vt 0.18575 0.94281
vt 0.08719 0.924
vt 0.55177 0.83294
vt 0.55888 0.88736
vt 0.55975 0.83667
vt 0.56352 0.87402
vt 0.18194 0.59558
vt 0.1839 0.64674
vt 0.19298 0.64382
vt 0.53487 0.87638
vt 0.56515 0.87725
vt 0.56841 0.87841
vt 0.41877 0.42517
vt 0.33007 0.41245
vt 0.41349 0.43038
vt 0.66389 0.87427
vt 0.65773 0.86707
vt 0.65782 0.87111
vt 0.65467 0.87325
vt 0.68179 0.88736
vt 0.6659 0.88097
vt 0.60673 0.8761
vt 0.60723 0.88444
vt 0.94073 0.99279
vt 0.94331 0.99647
vt 0.95063 0.98827
vt 0.9753 0.95906
vt 0.97175 0.95606
vt 0.47484 0.088
vt 0.43734 0.088
vt 0.47484 0.09204
vt 0.93073 0.99424
vt 0.93439 0.9917
vt 0.92017 0.95606
vt 0.77213 0.71287
vt 0.684 0.69544
vt 0.69281 0.70534
vt 0.9246 0.99393
vt 0.92593 0.99472
vt 0.92724 0.99393
vt 0.77415 0.71162
vt 0.7735 0.71302
vt 0.02923 0.75429
vt 0.03542 0.75429
vt 0.04544 0.74577
vt 0.04227 0.75199
vt 0.19135 0.46688
vt 0.2026 0.44743
vt 0.19124 0.4475
vt 0.5355 0.12444
vt 0.53543 0.12444
vt 0.5355 0.12769
vt 0.52406 0.12444
vt 0.21745 0.46673
vt 0.21842 0.46727
vt 0.13212 0.57876
vt 0.15406 0.57501
vt 0.17773 0.53736
vt 0.81275 0.32882
vt 0.81883 0.32786
vt 0.81357 0.31271
vt 0.83424 0.33442
vt 0.83424 0.3156
vt 0.83195 0.33212
vt 0.82732 0.31243
vt 0.82652 0.32846
vt 0.83129 0.31243
vt 0.79762 0.34327
vt 0.80078 0.33705
vt 0.79418 0.31271
vt 0.80572 0.33212
vt 0.61591 0.59136
vt 0.62602 0.58453
vt 0.61612 0.58608
vt 0.62983 0.53222
vt 0.08719 0.95854
vt 0.18575 0.96353
vt 0.18575 0.95356
vt 0.18575 0.96972
vt 0.08719 0.99309
vt 0.18575 0.97428
vt 0.61751 0.53835
vt 0.61009 0.54203
vt 0.611 0.59267
vt 0.60635 0.57935
vt 0.18989 0.66539
vt 0.21809 0.70812
vt 0.19897 0.66247
vt 0.635 0.58133
vt 0.60472 0.58259
vt 0.60146 0.58375
vt 0.00391 0.46077
vt 0.00919 0.46599
vt 0.09261 0.44805
vt 0.50598 0.57992
vt 0.51205 0.57674
vt 0.51212 0.57271
vt 0.5152 0.57887
vt 0.48812 0.59306
vt 0.50399 0.58663
vt 0.56314 0.58157
vt 0.56267 0.58992
vt 0.94663 0.92034
vt 0.95653 0.92486
vt 0.94921 0.91666
vt 0.97766 0.95707
vt 0.9812 0.95407
vt 0.39985 0.088
vt 0.39984 0.09204
vt 0.93663 0.91889
vt 0.92607 0.95707
vt 0.94029 0.92143
vt 0.77154 0.75779
vt 0.69811 0.7568
vt 0.69243 0.76287
vt 0.92361 0.9967
vt 0.92589 0.99805
vt 0.92516 0.9967
vt 0.77354 0.75909
vt 0.77292 0.75767
vt 0.10254 0.5785
vt 0.09964 0.5409
vt 0.07791 0.57792
vt 0.09292 0.57835
vt 0.07425 0.53975
vt 0.04194 0.53841
vt 0.0528 0.57717
vt 0.06833 0.57765
vt 0.07728 0.60218
vt 0.06222 0.6397
vt 0.09235 0.60271
vt 0.05212 0.60126
vt 0.03592 0.63904
vt 0.06768 0.60183
vt 0.102 0.60309
vt 0.16822 0.43091
vt 0.1834 0.431
vt 0.20811 0.43114
vt 0.20725 0.43165
vt 0.2713 0.46642
vt 0.24787 0.46656
vt 0.6987 0.71194
vt 0.68299 0.77292
vt 0.68086 0.90132
vt 0.65348 0.90736
vt 0.6955 0.94569
vt 0.61927 0.90387
vt 0.59463 0.90146
vt 0.58496 0.96941
vt 0.38136 0.82948
vt 0.37994 0.82892
vt 0.33115 0.83148
vt 0.33183 0.82806
vt 0.33329 0.82751
vt 0.92695 0.81377
vt 0.93505 0.81644
vt 0.94175 0.79331
vt 0.92031 0.8091
vt 0.91577 0.80289
vt 0.91377 0.79574
vt 0.91451 0.78835
vt 0.91792 0.78145
vt 0.92358 0.77482
vt 0.9312 0.7721
vt 0.93979 0.7706
vt 0.9485 0.7706
vt 0.95648 0.77197
vt 0.9632 0.77752
vt 0.96774 0.78374
vt 0.96974 0.79089
vt 0.969 0.79828
vt 0.96559 0.80518
vt 0.95985 0.81092
vt 0.95234 0.81494
vt 0.94379 0.81684
vt 0.94332 0.35342
vt 0.95152 0.35113
vt 0.93768 0.33001
vt 0.95837 0.34677
vt 0.96319 0.34077
vt 0.96552 0.33372
vt 0.96512 0.3263
vt 0.96203 0.31925
vt 0.95668 0.31237
vt 0.94919 0.30931
vt 0.94069 0.30742
vt 0.93198 0.30702
vt 0.92395 0.30802
vt 0.91698 0.31325
vt 0.91216 0.31925
vt 0.90983 0.3263
vt 0.91023 0.33372
vt 0.91332 0.34077
vt 0.91879 0.34677
vt 0.92611 0.35113
vt 0.93456 0.35342
vt 0.16664 0.85014
vt 0.1394 0.89932
vt 0.17383 0.89138
vt 0.45678 0.74852
vt 0.41234 0.70599
vt 0.42868 0.75454
vt 0.00195 0.53041
vt 0.00206 0.53287
vt 0.03758 0.52997
vt 0.11013 0.83657
vt 0.10553 0.83885
vt 0.11117 0.8427
vt 0.83522 0.29668
vt 0.83923 0.30005
vt 0.8414 0.29522
vt 0.65384 0.90317
vt 0.6475 0.89833
vt 0.65368 0.9032
vt 0.10276 0.90708
vt 0.10093 0.9075
vt 0.10271 0.90761
vt 0.61928 0.89954
vt 0.61924 0.89898
vt 0.61753 0.89935
vt 0.59479 0.8969
vt 0.59602 0.89711
vt 0.59613 0.89643
vt 0.35526 0.00743
vt 0.35553 0.01008
vt 0.3763 0.00595
vt 0.52442 0.68075
vt 0.49147 0.75211
vt 0.5146 0.75454
vt 0.06139 0.90999
vt 0.06142 0.90985
vt 0.06113 0.90987
vt 0.82944 0.88595
vt 0.83809 0.88329
vt 0.82966 0.88329
vt 0.8319 0.87321
vt 0.8297 0.88291
vt 0.13569 0.84846
vt 0.13081 0.84461
vt 0.13388 0.84831
vt 0.39973 0.00635
vt 0.39969 0.00947
vt 0.40149 0.00638
vt 0.12184 0.53196
vt 0.12004 0.53157
vt 0.12174 0.53449
vt 0.54598 0.69591
vt 0.54534 0.69859
vt 0.02386 0.89386
vt 0.02216 0.89318
vt 0.02141 0.8998
vt 0.77415 0.85901
vt 0.76212 0.86388
vt 0.77411 0.8602
vt 0.51452 0.00985
vt 0.51452 0.00738
vt 0.46338 0.00801
vt 0.77781 0.88145
vt 0.77799 0.87893
vt 0.77253 0.87962
vt 0.43628 0.00744
vt 0.43456 0.01017
vt 0.43634 0.00747
vt 0.43641 0.00744
vt 0.10166 0.81211
vt 0.1361 0.82005
vt 0.10885 0.77087
vt 0.62856 0.50015
vt 0.64489 0.4516
vt 0.60045 0.49413
vt 0.51667 0.00802
vt 0.55227 0.00938
vt 0.51684 0.00556
vt 0.16536 0.7573
vt 0.16432 0.76343
vt 0.16997 0.75958
vt 0.83415 0.24068
vt 0.84039 0.2419
vt 0.83803 0.23716
vt 0.90048 0.53772
vt 0.90064 0.53775
vt 0.90682 0.53289
vt 0.17273 0.82781
vt 0.17278 0.82834
vt 0.17456 0.82823
vt 0.93504 0.53409
vt 0.93679 0.5339
vt 0.93508 0.53353
vt 0.95954 0.53145
vt 0.95819 0.53098
vt 0.9583 0.53166
vt 0.72973 0.01061
vt 0.75077 0.01209
vt 0.73 0.00796
vt 0.54264 0.50015
vt 0.56576 0.49772
vt 0.53282 0.42637
vt 0.2141 0.83072
vt 0.21436 0.8306
vt 0.21408 0.83058
vt 0.83259 0.81349
vt 0.83259 0.81615
vt 0.84098 0.81689
vt 0.91347 0.49049
vt 0.84023 0.49084
vt 0.91347 0.49049
vt 0.84026 0.49203
vt 0.83259 0.81654
vt 0.83394 0.82639
vt 0.1398 0.76919
vt 0.14161 0.76904
vt 0.14468 0.76534
vt 0.7742 0.01169
vt 0.77596 0.01166
vt 0.77416 0.00857
vt 0.63655 0.00957
vt 0.63652 0.00704
vt 0.63474 0.00991
vt 0.51125 0.44152
vt 0.5119 0.44421
vt 0.25163 0.81459
vt 0.25409 0.82053
vt 0.25334 0.81391
vt 0.77517 0.83553
vt 0.77523 0.83434
vt 0.76361 0.82963
vt 0.83785 0.01003
vt 0.889 0.01066
vt 0.88899 0.00819
vt 0.78077 0.81349
vt 0.77535 0.81485
vt 0.78073 0.81601
vt 0.81075 0.0106
vt 0.81081 0.01057
vt 0.80903 0.00787
vt 0.81088 0.0106
vt 0.65594 0.90084
vt 0.65972 0.89343
vt 0.65383 0.89931
vt 0.6523 0.8972
vt 0.65149 0.89473
vt 0.65149 0.89212
vt 0.6523 0.88965
vt 0.65383 0.88754
vt 0.65594 0.88601
vt 0.65841 0.8852
vt 0.66102 0.8852
vt 0.66349 0.88601
vt 0.6656 0.88754
vt 0.66713 0.88965
vt 0.66794 0.89212
vt 0.66794 0.89473
vt 0.66713 0.8972
vt 0.6656 0.89931
vt 0.66349 0.90084
vt 0.66102 0.90165
vt 0.65841 0.90165
vt 0.96972 0.8572
vt 0.97643 0.86062
vt 0.97111 0.8553
vt 0.969 0.85944
vt 0.969 0.86179
vt 0.96972 0.86403
vt 0.97111 0.86594
vt 0.97301 0.86732
vt 0.97525 0.86805
vt 0.9776 0.86805
vt 0.97984 0.86732
vt 0.98175 0.86593
vt 0.98313 0.86403
vt 0.98386 0.86179
vt 0.98386 0.85944
vt 0.98313 0.8572
vt 0.98174 0.8553
vt 0.97984 0.85391
vt 0.9776 0.85319
vt 0.97525 0.85319
vt 0.97301 0.85391
vt 0.00653 0.90097
vt 0.00436 0.90254
vt 0.01042 0.9086
vt 0.01888 0.90994
vt 0.01888 0.90726
vt 0.53951 0.37292
vt 0.52456 0.36873
vt 0.53685 0.37334
vt 0.53446 0.37456
vt 0.53256 0.37646
vt 0.53134 0.37885
vt 0.5395 0.39006
vt 0.53685 0.38964
vt 0.52459 0.39503
vt 0.53093 0.3815
vt 0.53135 0.38414
vt 0.53446 0.38842
vt 0.53256 0.38653
vt 0.54216 0.37334
vt 0.54455 0.37456
vt 0.54571 0.36871
vt 0.58695 0.38775
vt 0.54214 0.38964
vt 0.54453 0.38843
vt 0.54643 0.38653
vt 0.54765 0.38414
vt 0.57702 0.37593
vt 0.54807 0.3815
vt 0.40004 0.04722
vt 0.42279 0.0507
vt 0.42279 0.04333
vt 0.41116 0.03985
vt 0.48665 0.41963
vt 0.50849 0.42313
vt 0.50849 0.41574
vt 0.55891 0.41963
vt 0.53616 0.41574
vt 0.53616 0.42313
vt 0.54779 0.41224
vt 0.69175 0.33112
vt 0.75638 0.33394
vt 0.6931 0.33043
vt 0.69811 0.3244
vt 0.74934 0.31223
vt 0.72803 0.31685
vt 0.74773 0.31077
vt 0.74661 0.31083
vt 0.65889 0.05318
vt 0.63827 0.05347
vt 0.65781 0.05347
vt 0.13235 0.74015
vt 0.14243 0.75839
vt 0.13281 0.73787
vt 0.13778 0.73007
vt 0.18577 0.70838
vt 0.16572 0.71697
vt 0.18391 0.70726
vt 0.18282 0.70753
vt 0.75532 0.41685
vt 0.75683 0.41862
vt 0.75532 0.396
vt 0.76495 0.42305
vt 0.79574 0.421
vt 0.81744 0.41883
vt 0.81527 0.421
vt 0.81636 0.42071
vt 0.45046 0.0507
vt 0.4723 0.04722
vt 0.45046 0.04333
vt 0.46125 0.03985
vt 0.4977 0.41224
vt 0.93922 0.39957
vt 0.9618 0.4055
vt 0.9448 0.39673
vt 0.9618 0.39458
vt 0.96045 0.39322
vt 0.94922 0.39231
vt 0.95206 0.37437
vt 0.95743 0.37413
vt 0.94922 0.36879
vt 0.41874 0.94037
vt 0.42492 0.94135
vt 0.4311 0.94037
vt 0.94945 0.86026
vt 0.96487 0.8561
vt 0.95396 0.85575
vt 0.94376 0.82435
vt 0.94945 0.82725
vt 0.96622 0.81881
vt 0.96622 0.82973
vt 0.95396 0.83176
vt 0.96487 0.83109
vt 0.93304 0.40055
vt 0.92686 0.39957
vt 0.90886 0.4055
vt 0.92128 0.39673
vt 0.91686 0.39231
vt 0.93303 0.36055
vt 0.90885 0.3554
vt 0.92685 0.36153
vt 0.92128 0.36437
vt 0.91686 0.3688
vt 0.91402 0.38673
vt 0.91304 0.38055
vt 0.91402 0.37437
vt 0.93746 0.82335
vt 0.91328 0.81881
vt 0.93116 0.82435
vt 0.92547 0.82725
vt 0.92095 0.83176
vt 0.91806 0.83745
vt 0.94376 0.86316
vt 0.96622 0.8689
vt 0.93746 0.86416
vt 0.93116 0.86316
vt 0.91328 0.8689
vt 0.92547 0.86026
vt 0.92095 0.85575
vt 0.91806 0.85006
vt 0.91706 0.84376
vt 0.00398 0.70187
vt 0.00784 0.70718
vt 0.02268 0.69234
vt 0.00195 0.69562
vt 0.00195 0.68906
vt 0.00398 0.68281
vt 0.00784 0.6775
vt 0.01315 0.67364
vt 0.0194 0.67162
vt 0.02596 0.67162
vt 0.03221 0.67364
vt 0.03752 0.6775
vt 0.04138 0.68281
vt 0.04341 0.68906
vt 0.04341 0.69562
vt 0.04138 0.70187
vt 0.03752 0.70718
vt 0.03221 0.71104
vt 0.02596 0.71307
vt 0.0194 0.71307
vt 0.01315 0.71104
vt 0.81029 0.98527
vt 0.81564 0.98701
vt 0.81847 0.96925
vt 0.82126 0.98702
vt 0.82661 0.98528
vt 0.83117 0.98198
vt 0.83448 0.97743
vt 0.83622 0.97208
vt 0.83623 0.96646
vt 0.8345 0.96111
vt 0.8312 0.95655
vt 0.82665 0.95324
vt 0.8213 0.9515
vt 0.81567 0.95149
vt 0.81032 0.95322
vt 0.80577 0.95653
vt 0.80245 0.96107
vt 0.80071 0.96642
vt 0.8007 0.97205
vt 0.80244 0.9774
vt 0.80574 0.98195
vt 0.2588 0.75601
vt 0.28691 0.75367
vt 0.25839 0.74764
vt 0.28619 0.73889
vt 0.25799 0.73927
vt 0.9864 0.87362
vt 0.98238 0.88129
vt 0.98326 0.88213
vt 0.9862 0.97861
vt 0.99145 0.96827
vt 0.98405 0.96827
vt 0.99042 0.88129
vt 0.98954 0.88213
vt 0.97666 0.96827
vt 0.9819 0.97861
vt 0.98242 0.97947
vt 0.98568 0.97947
vt 0.99478 0.87362
vt 0.97802 0.87362
vt 0.58351 0.77325
vt 0.6001 0.77517
vt 0.60013 0.76802
vt 0.5826 0.77424
vt 0.58352 0.76799
vt 0.6131 0.77518
vt 0.6131 0.76804
vt 0.62453 0.77518
vt 0.62448 0.76802
vt 0.63892 0.77326
vt 0.63895 0.76802
vt 0.38325 0.06051
vt 0.3841 0.06064
vt 0.39083 0.0596
vt 0.38486 0.06103
vt 0.38547 0.06164
vt 0.38325 0.06598
vt 0.38812 0.07229
vt 0.3841 0.06584
vt 0.38585 0.0624
vt 0.38599 0.06324
vt 0.38585 0.06409
vt 0.38547 0.06485
vt 0.38486 0.06546
vt 0.90284 0.10868
vt 0.90297 0.10784
vt 0.89799 0.10504
vt 0.90336 0.10708
vt 0.9083 0.10868
vt 0.94305 0.10504
vt 0.90817 0.10784
vt 0.90778 0.10708
vt 0.90396 0.10647
vt 0.90718 0.10647
vt 0.90473 0.10608
vt 0.90641 0.10608
vt 0.90557 0.10595
vt 0.38325 0.08086
vt 0.39008 0.08339
vt 0.3841 0.08072
vt 0.38325 0.07539
vt 0.3841 0.07552
vt 0.38486 0.08033
vt 0.38486 0.07591
vt 0.38547 0.07973
vt 0.38547 0.07652
vt 0.38585 0.07728
vt 0.38599 0.07812
vt 0.38585 0.07897
vt 0.90297 0.12272
vt 0.90336 0.12196
vt 0.9007 0.11773
vt 0.90396 0.12135
vt 0.9083 0.12356
vt 0.94563 0.11773
vt 0.90817 0.12272
vt 0.90473 0.12096
vt 0.90778 0.12196
vt 0.90718 0.12135
vt 0.90557 0.12083
vt 0.90641 0.12096
vt 0.34577 0.0596
vt 0.38241 0.06064
vt 0.38165 0.06103
vt 0.38104 0.06164
vt 0.38241 0.06584
vt 0.34319 0.07229
vt 0.38165 0.06546
vt 0.38104 0.06485
vt 0.38065 0.0624
vt 0.38065 0.06409
vt 0.38052 0.06324
vt 0.90297 0.10953
vt 0.90336 0.11029
vt 0.90396 0.1109
vt 0.90473 0.11128
vt 0.90817 0.10953
vt 0.90557 0.11142
vt 0.90778 0.11029
vt 0.90641 0.11128
vt 0.90718 0.1109
vt 0.38241 0.08072
vt 0.38165 0.08033
vt 0.33975 0.08339
vt 0.38241 0.07552
vt 0.38165 0.07591
vt 0.38104 0.07973
vt 0.38104 0.07652
vt 0.38065 0.07897
vt 0.38065 0.07728
vt 0.38052 0.07812
vt 0.90284 0.12356
vt 0.89875 0.12883
vt 0.90297 0.12441
vt 0.90336 0.12517
vt 0.90396 0.12577
vt 0.90817 0.12441
vt 0.90778 0.12517
vt 0.94907 0.12883
vt 0.90473 0.12616
vt 0.90718 0.12577
vt 0.90557 0.1263
vt 0.90641 0.12616
vt 0.66659 0.76363
vt 0.68123 0.71925
vt 0.63921 0.75758
vt 0.605 0.76107
vt 0.57069 0.69553
vt 0.58036 0.76349
vt 0.58324 0.02314
vt 0.63345 0.02514
vt 0.58466 0.02257
vt 0.63277 0.02171
vt 0.63131 0.02116
vt 0.67332 0.98423
vt 0.6758 0.98343
vt 0.67202 0.97601
vt 0.6779 0.9819
vt 0.67943 0.97979
vt 0.68024 0.97731
vt 0.68024 0.97471
vt 0.67943 0.97223
vt 0.6779 0.97013
vt 0.6758 0.9686
vt 0.67332 0.96779
vt 0.67072 0.96779
vt 0.66824 0.9686
vt 0.66613 0.97013
vt 0.6646 0.97223
vt 0.6638 0.97471
vt 0.6638 0.97732
vt 0.6646 0.97979
vt 0.66613 0.9819
vt 0.66824 0.98343
vt 0.67072 0.98423
vt 0.97884 0.90714
vt 0.97956 0.90938
vt 0.98627 0.90597
vt 0.97884 0.90479
vt 0.97956 0.90255
vt 0.98095 0.90065
vt 0.98285 0.89926
vt 0.98509 0.89854
vt 0.98744 0.89854
vt 0.98968 0.89926
vt 0.99159 0.90065
vt 0.99297 0.90255
vt 0.9937 0.90479
vt 0.9937 0.90714
vt 0.99297 0.90938
vt 0.99159 0.91129
vt 0.98968 0.91267
vt 0.98744 0.9134
vt 0.98509 0.9134
vt 0.98285 0.91267
vt 0.98095 0.91129
vt 0.98732 0.93635
vt 0.98866 0.94482
vt 0.99 0.93635
vt 0.98261 0.95087
vt 0.98103 0.94871
vt 0.12185 0.36615
vt 0.1245 0.36658
vt 0.1368 0.362
vt 0.12182 0.38329
vt 0.13671 0.3883
vt 0.12446 0.38288
vt 0.12689 0.36781
vt 0.12686 0.38167
vt 0.12878 0.36971
vt 0.12876 0.37978
vt 0.13 0.3721
vt 0.13041 0.37475
vt 0.12998 0.37739
vt 0.11917 0.38287
vt 0.11679 0.38165
vt 0.07116 0.38818
vt 0.08433 0.36907
vt 0.11368 0.37736
vt 0.0941 0.36418
vt 0.11327 0.37471
vt 0.11369 0.37206
vt 0.10509 0.36203
vt 0.1149 0.36967
vt 0.1168 0.36778
vt 0.11565 0.36192
vt 0.1192 0.36656
vt 0.84256 0.17595
vt 0.89394 0.17595
vt 0.82569 0.12253
vt 0.49463 0.45629
vt 0.49466 0.45366
vt 0.47919 0.40466
vt 0.92726 0.62034
vt 0.93233 0.62402
vt 0.94142 0.60618
vt 0.92358 0.61527
vt 0.92164 0.60931
vt 0.92164 0.60305
vt 0.92358 0.59709
vt 0.92726 0.59202
vt 0.93233 0.58834
vt 0.93829 0.5864
vt 0.94455 0.5864
vt 0.95051 0.58834
vt 0.95558 0.59202
vt 0.95926 0.59709
vt 0.9612 0.60305
vt 0.9612 0.60931
vt 0.95926 0.61527
vt 0.95558 0.62034
vt 0.95051 0.62402
vt 0.94455 0.62596
vt 0.93829 0.62596
vt 0.89523 0.99074
vt 0.89888 0.98809
vt 0.88867 0.97787
vt 0.90154 0.98443
vt 0.90294 0.98013
vt 0.90294 0.97561
vt 0.90154 0.97132
vt 0.89888 0.96766
vt 0.89523 0.965
vt 0.89093 0.96361
vt 0.88641 0.96361
vt 0.88211 0.965
vt 0.87846 0.96766
vt 0.8758 0.97132
vt 0.8744 0.97561
vt 0.8744 0.98013
vt 0.8758 0.98443
vt 0.87846 0.98809
vt 0.88211 0.99074
vt 0.88641 0.99214
vt 0.89093 0.99214
vt 0.84865 0.26267
vt 0.91684 0.26267
vt 0.84865 0.24915
vt 0.71209 0.09473
vt 0.78067 0.09512
vt 0.78031 0.08249
vt 0.58113 0.97371
vt 0.5957 0.97552
vt 0.58687 0.97371
vt 0.80422 0.66282
vt 0.80758 0.6668
vt 0.80684 0.65419
vt 0.77985 0.04543
vt 0.71153 0.04543
vt 0.77993 0.05699
vt 0.91815 0.21215
vt 0.85005 0.20863
vt 0.84935 0.22214
vt 0.8439 0.72221
vt 0.863 0.7436
vt 0.91904 0.72221
vt 0.41923 0.54187
vt 0.48342 0.56325
vt 0.50252 0.54187
vt 0.84676 0.81867
vt 0.91095 0.79729
vt 0.82766 0.79729
vt 0.56636 0.81979
vt 0.6224 0.84117
vt 0.64151 0.81979
vt 0.01527 0.88082
vt 0.03863 0.89243
vt 0.02849 0.87768
vt 0.09241 0.88082
vt 0.0792 0.87768
vt 0.06906 0.89243
vt 0.0025 0.81213
vt 0.03212 0.806
vt 0.00289 0.80367
vt 0.03142 0.82098
vt 0.0021 0.8206
vt 0.75518 0.15837
vt 0.75175 0.12576
vt 0.72475 0.15837
vt 0.06428 0.88972
vt 0.84559 0.66198
vt 0.86358 0.69975
vt 0.84942 0.66186
vt 0.12815 0.68978
vt 0.13197 0.6899
vt 0.14613 0.65201
vt 0.29258 0.81049
vt 0.27085 0.81049
vt 0.27161 0.81235
vt 0.29258 0.81235
vt 0.16883 0.5183
vt 0.16883 0.47293
vt 0.57197 0.89675
vt 0.54127 0.89675
vt 0.54531 0.90635
vt 0.57188 0.90659
vt 0.16776 0.52584
vt 0.18496 0.52811
vt 0.1839 0.51755
vt 0.91602 0.15819
vt 0.93775 0.15819
vt 0.93775 0.14425
vt 0.91602 0.14425
vt 0.22918 0.6579
vt 0.22732 0.65605
vt 0.22732 0.66851
vt 0.22918 0.66851
vt 0.25636 0.83336
vt 0.25821 0.83336
vt 0.25821 0.82352
vt 0.25636 0.82275
vt 0.00334 0.51402
vt 0.00294 0.52463
vt 0.71501 0.5486
vt 0.72813 0.5036
vt 0.71501 0.5036
vt 0.68497 0.5486
vt 0.80569 0.53365
vt 0.82236 0.53365
vt 0.67104 0.55921
vt 0.68497 0.55921
vt 0.89704 0.14425
vt 0.89704 0.15819
vt 0.95644 0.71286
vt 0.9556 0.72951
vt 0.98567 0.72951
vt 0.98644 0.71438
vt 0.72829 0.55921
vt 0.76175 0.55921
vt 0.41023 0.70766
vt 0.28929 0.70766
vt 0.78239 0.06457
vt 0.79754 0.06457
vt 0.64097 0.68808
vt 0.63772 0.69346
vt 0.70269 0.69346
vt 0.70595 0.68808
vt 0.92424 0.21265
vt 0.92017 0.21938
vt 0.98723 0.21938
vt 0.9913 0.21265
vt 0.90365 0.46627
vt 0.90048 0.4715
vt 0.96546 0.4715
vt 0.96862 0.46627
vt 0.47842 0.03057
vt 0.47435 0.03731
vt 0.54141 0.03731
vt 0.54548 0.03057
vt 0.83603 0.02268
vt 0.83307 0.02758
vt 0.89805 0.02758
vt 0.90101 0.02268
vt 0.68462 0.18542
vt 0.68462 0.19628
vt 0.76629 0.02084
vt 0.76221 0.02758
vt 0.82927 0.02758
vt 0.83335 0.02084
vt 0.8376 0.18418
vt 0.83455 0.18922
vt 0.89952 0.18922
vt 0.90258 0.18418
vt 0.71054 0.18885
vt 0.82997 0.21086
vt 0.83228 0.1856
vt 0.71185 0.1746
vt 0.02597 0.46966
vt 0.00399 0.4915
vt 0.92375 0.22136
vt 0.91968 0.2281
vt 0.98674 0.2281
vt 0.99081 0.22136
vt 0.83764 0.1912
vt 0.83356 0.19794
vt 0.90063 0.19794
vt 0.9047 0.1912
vt 0.17074 0.08562
vt 0.23571 0.08562
vt 0.21981 0.04786
vt 0.18955 0.05451
vt 0.62049 0.18542
vt 0.62049 0.19628
vt 0.65148 0.19628
vt 0.65148 0.18542
vt 0.24818 0.06501
vt 0.23909 0.05952
vt 0.67401 0.18542
vt 0.67401 0.19628
vt 0.23839 0.74904
vt 0.23981 0.74966
vt 0.2677 0.71148
vt 0.26744 0.70923
vt 0.27013 0.64314
vt 0.33171 0.66971
vt 0.33063 0.66695
vt 0.27097 0.64121
vt 0.22007 0.75401
vt 0.23702 0.75068
vt 0.22733 0.7054
vt 0.22598 0.70366
vt 0.2843 0.64314
vt 0.34587 0.66971
vt 0.34479 0.66695
vt 0.28513 0.64121
vt 0.22699 0.77002
vt 0.18923 0.74284
vt 0.18705 0.74255
vt 0.29828 0.64314
vt 0.35878 0.66695
vt 0.29911 0.64121
vt 0.21996 0.79133
vt 0.2191 0.78913
vt 0.17234 0.7927
vt 0.17074 0.79434
vt 0.31187 0.64314
vt 0.37345 0.66971
vt 0.37237 0.66695
vt 0.31271 0.64121
vt 0.21976 0.79704
vt 0.2198 0.79575
vt 0.19269 0.81657
vt 0.19282 0.81845
vt 0.21797 0.79857
vt 0.22212 0.80097
vt 0.21984 0.79489
vt 0.21969 0.79536
vt 0.21934 0.78865
vt 0.22813 0.7695
vt 0.22705 0.76845
vt 0.23819 0.75054
vt 0.23763 0.74915
vt 0.25857 0.76238
vt 0.338 0.66971
vt 0.33692 0.66695
vt 0.3509 0.66695
vt 0.36557 0.66971
vt 0.3645 0.66695
vt 0.37935 0.66971
vt 0.37827 0.66695
vt 0.41023 0.66695
vt 0.38614 0.66695
vt 0.28929 0.66695
vt 0.32384 0.66971
vt 0.32276 0.66695
vt 0.27358 0.81631
vt 0.30428 0.81631
vt 0.30428 0.81445
vt 0.27358 0.81445
vt 0.18276 0.47258
vt 0.15321 0.78961
vt 0.16903 0.78961
vt 0.16903 0.77512
vt 0.14367 0.77512
vt 0.27047 0.79148
vt 0.27421 0.78364
vt 0.68548 0.43876
vt 0.68548 0.50163
vt 0.70644 0.50163
vt 0.93676 0.93985
vt 0.93444 0.94524
vt 0.94486 0.94524
vt 0.94718 0.93985
vt 0.98205 0.25891
vt 0.91918 0.25918
vt 0.91924 0.27137
vt 0.98211 0.27137
vt 0.66724 0.99805
vt 0.67311 0.99805
vt 0.67311 0.99619
vt 0.66724 0.99619
vt 0.48271 0.40432
vt 0.48271 0.40617
vt 0.54558 0.40617
vt 0.54558 0.40432
vt 0.62148 0.5036
vt 0.64034 0.54887
vt 0.57518 0.60704
vt 0.57276 0.61286
vt 0.6218 0.61286
vt 0.62423 0.60704
vt 0.28326 0.78654
vt 0.91195 0.99201
vt 0.90934 0.99805
vt 0.91976 0.99805
vt 0.92237 0.99201
vt 0.79075 0.95086
vt 0.79733 0.95086
vt 0.79733 0.949
vt 0.79075 0.949
vt 0.77408 0.88684
vt 0.78646 0.89731
vt 0.78723 0.89546
vt 0.77402 0.88443
vt 0.00195 0.08074
vt 0.06482 0.08074
vt 0.06482 0.05353
vt 0.00195 0.05353
vt 0.88481 0.45004
vt 0.89568 0.45004
vt 0.14037 0.00247
vt 0.13826 0.00751
vt 0.19794 0.00751
vt 0.20006 0.00247
vt 0.94277 0.97105
vt 0.94861 0.9708
vt 0.94861 0.96894
vt 0.94231 0.96894
vt 0.24676 0.51623
vt 0.24561 0.47098
vt 0.86435 0.57487
vt 0.88609 0.57487
vt 0.88609 0.54002
vt 0.29313 0.63372
vt 0.2908 0.63928
vt 0.30205 0.63917
vt 0.30439 0.63361
vt 0.92903 0.54288
vt 0.92903 0.55507
vt 0.93088 0.55321
vt 0.93088 0.54288
vt 0.57453 0.59965
vt 0.57227 0.60507
vt 0.62131 0.60507
vt 0.62357 0.59965
vt 0.19393 0.61936
vt 0.1914 0.62543
vt 0.24044 0.62543
vt 0.24297 0.61936
vt 0.34007 0.77466
vt 0.33775 0.78002
vt 0.35049 0.77466
vt 0.3511 0.63928
vt 0.35343 0.63372
vt 0.00406 0.37616
vt 0.00195 0.38119
vt 0.06164 0.38119
vt 0.06375 0.37616
vt 0.57276 0.97576
vt 0.56341 0.99805
vt 0.57466 0.99794
vt 0.58364 0.97654
vt 0.95624 0.55507
vt 0.95624 0.55321
vt 0.28663 0.52555
vt 0.24702 0.52656
vt 0.75555 0.39215
vt 0.76597 0.39217
vt 0.81501 0.3919
vt 0.75532 0.3919
vt 0.76597 0.39403
vt 0.81501 0.39401
vt 0.26964 0.39426
vt 0.31868 0.39453
vt 0.3291 0.39451
vt 0.32933 0.39426
vt 0.26964 0.39637
vt 0.31868 0.39639
vt 0.89568 0.43913
vt 0.88481 0.43913
vt 0.07443 0.00245
vt 0.07232 0.00749
vt 0.1214 0.00751
vt 0.12348 0.00253
vt 0.92115 0.66755
vt 0.94651 0.66755
vt 0.94651 0.62793
vt 0.92115 0.62793
vt 0.62371 0.99805
vt 0.62522 0.98063
vt 0.06241 0.04972
vt 0.06375 0.04652
vt 0.20787 0.39419
vt 0.21829 0.39422
vt 0.26733 0.39394
vt 0.20764 0.39394
vt 0.21829 0.39607
vt 0.26733 0.39605
vt 0.29713 0.46966
vt 0.88481 0.39735
vt 0.89568 0.39735
vt 0.29955 0.47038
vt 0.28853 0.77985
vt 0.28637 0.78486
vt 0.33543 0.78542
vt 0.89568 0.39483
vt 0.88481 0.39483
vt 0.35213 0.81835
vt 0.35166 0.81461
vt 0.34987 0.81466
vt 0.35027 0.81845
vt 0.89568 0.39231
vt 0.88481 0.39231
vt 0.47506 0.92044
vt 0.47506 0.91833
vt 0.42602 0.91833
vt 0.42601 0.92044
vt 0.20813 0.30842
vt 0.25718 0.30869
vt 0.26759 0.30867
vt 0.26782 0.30842
vt 0.20813 0.31053
vt 0.25717 0.31055
vt 0.35549 0.35737
vt 0.36591 0.35739
vt 0.41495 0.35712
vt 0.35526 0.35712
vt 0.36591 0.35925
vt 0.41495 0.35923
vt 0.85313 0.4787
vt 0.85315 0.48081
vt 0.90219 0.4808
vt 0.90219 0.4787
vt 0.00195 0.3084
vt 0.051 0.30867
vt 0.06141 0.30865
vt 0.06164 0.3084
vt 0.00195 0.31051
vt 0.05099 0.31053
vt 0.85029 0.93328
vt 0.85029 0.93539
vt 0.89933 0.93539
vt 0.89937 0.93328
vt 0.70072 0.81883
vt 0.65149 0.81883
vt 0.65168 0.82098
vt 0.70072 0.82094
vt 0.84537 0.54398
vt 0.84537 0.55001
vt 0.84813 0.55472
vt 0.84537 0.55547
vt 0.84537 0.57964
vt 0.72356 0.45178
vt 0.72356 0.45836
vt 0.72389 0.45827
vt 0.72389 0.4517
vt 0.72356 0.46382
vt 0.72389 0.4696
vt 0.72389 0.46373
vt 0.72356 0.44632
vt 0.72389 0.44624
vt 0.72365 0.43852
vt 0.3183 0.79597
vt 0.32175 0.79844
vt 0.32583 0.79995
vt 0.32652 0.79863
vt 0.3227 0.79717
vt 0.32954 0.80095
vt 0.32719 0.80028
vt 0.33332 0.80299
vt 0.33425 0.80181
vt 0.33063 0.7998
vt 0.3364 0.80441
vt 0.3398 0.8062
vt 0.34077 0.80506
vt 0.33747 0.80323
vt 0.34695 0.80823
vt 0.34381 0.80646
vt 0.34958 0.81199
vt 0.34964 0.81242
vt 0.78613 0.51079
vt 0.78613 0.52701
vt 0.81861 0.03531
vt 0.81861 0.04757
vt 0.25454 0.65605
vt 0.25454 0.6579
vt 0.8082 0.89731
vt 0.8082 0.89546
vt 0.32564 0.64314
vt 0.32648 0.64121
vt 0.41477 0.91833
vt 0.41284 0.92044
vt 0.83996 0.4787
vt 0.84189 0.4808
vt 0.13455 0.00749
vt 0.13666 0.00245
vt 0.91059 0.93539
vt 0.91252 0.93328
vt 0.31355 0.81235
vt 0.31432 0.81049
vt 0.40995 0.91382
vt 0.40995 0.86846
vt 0.45516 0.85797
vt 0.45524 0.86781
vt 0.48181 0.86758
vt 0.48585 0.85797
vt 0.40888 0.86091
vt 0.42502 0.8692
vt 0.42608 0.85864
vt 0.95949 0.15819
vt 0.95949 0.14425
vt 0.2799 0.6579
vt 0.2799 0.66851
vt 0.28175 0.66851
vt 0.28175 0.65605
vt 0.32881 0.83336
vt 0.32881 0.82275
vt 0.32695 0.82352
vt 0.32695 0.83336
vt 0.24446 0.87273
vt 0.24405 0.86212
vt 0.71698 0.5718
vt 0.71698 0.61679
vt 0.7301 0.61679
vt 0.68694 0.5718
vt 0.76658 0.53365
vt 0.74991 0.53365
vt 0.68694 0.56118
vt 0.673 0.56118
vt 0.97847 0.14425
vt 0.97847 0.15819
vt 0.98904 0.9814
vt 0.95904 0.98291
vt 0.95981 0.99805
vt 0.98988 0.99805
vt 0.73026 0.56118
vt 0.76372 0.56118
vt 0.83969 0.06457
vt 0.85484 0.06457
vt 0.4847 0.53451
vt 0.41973 0.53451
vt 0.42298 0.53989
vt 0.48796 0.53989
vt 0.90063 0.19991
vt 0.83356 0.19991
vt 0.83764 0.20665
vt 0.9047 0.20665
vt 0.11762 0.64481
vt 0.05264 0.64481
vt 0.0558 0.65003
vt 0.12078 0.65003
vt 0.98625 0.23879
vt 0.91918 0.23879
vt 0.92326 0.24553
vt 0.99032 0.24553
vt 0.06693 0.00261
vt 0.00195 0.00261
vt 0.00491 0.00751
vt 0.06989 0.00751
vt 0.68462 0.1347
vt 0.68462 0.12383
vt 0.34261 0.14511
vt 0.27555 0.14511
vt 0.27962 0.15185
vt 0.34668 0.15185
vt 0.95562 0.00471
vt 0.89064 0.00471
vt 0.8937 0.00976
vt 0.95867 0.00976
vt 0.71315 0.16035
vt 0.83458 0.16035
vt 0.24511 0.89525
vt 0.26709 0.91709
vt 0.9769 0.01174
vt 0.90983 0.01174
vt 0.91391 0.01848
vt 0.98097 0.01848
vt 0.98674 0.23007
vt 0.91968 0.23007
vt 0.92375 0.23681
vt 0.99081 0.23681
vt 0.20912 0.67049
vt 0.22793 0.7016
vt 0.2582 0.70825
vt 0.2741 0.67049
vt 0.62049 0.1347
vt 0.65148 0.1347
vt 0.65148 0.12383
vt 0.62049 0.12383
vt 0.27748 0.69659
vt 0.28656 0.6911
vt 0.67401 0.1347
vt 0.67401 0.12383
vt 0.08031 0.72225
vt 0.11113 0.75841
vt 0.11126 0.75639
vt 0.10149 0.71606
vt 0.27013 0.77218
vt 0.27097 0.77412
vt 0.33063 0.74838
vt 0.33171 0.74561
vt 0.06453 0.71226
vt 0.05863 0.75841
vt 0.06021 0.75717
vt 0.07995 0.71992
vt 0.2843 0.77218
vt 0.28513 0.77412
vt 0.34479 0.74838
vt 0.34587 0.74561
vt 0.03211 0.71509
vt 0.03412 0.71534
vt 0.07363 0.70009
vt 0.29828 0.77218
vt 0.29911 0.77412
vt 0.35878 0.74838
vt 0.07184 0.68001
vt 0.02951 0.66502
vt 0.03052 0.66686
vt 0.07058 0.68176
vt 0.31187 0.77218
vt 0.31271 0.77412
vt 0.37237 0.74838
vt 0.37345 0.74561
vt 0.07307 0.67456
vt 0.04365 0.64126
vt 0.04343 0.64314
vt 0.07227 0.67595
vt 0.07809 0.67266
vt 0.07346 0.67386
vt 0.07208 0.67678
vt 0.07207 0.67629
vt 0.07072 0.68219
vt 0.07345 0.70148
vt 0.07466 0.70081
vt 0.0802 0.72145
vt 0.08104 0.72037
vt 0.10323 0.71473
vt 0.33692 0.74838
vt 0.338 0.74561
vt 0.3509 0.74838
vt 0.3645 0.74838
vt 0.36557 0.74561
vt 0.37827 0.74838
vt 0.37935 0.74561
vt 0.38614 0.74838
vt 0.41023 0.74838
vt 0.28929 0.74838
vt 0.32276 0.74838
vt 0.32384 0.74561
vt 0.98876 0.81684
vt 0.98876 0.81498
vt 0.95806 0.81498
vt 0.95806 0.81684
vt 0.42388 0.91418
vt 0.18485 0.78961
vt 0.19439 0.77512
vt 0.12131 0.69946
vt 0.11951 0.6919
vt 0.66451 0.50163
vt 0.57334 0.9684
vt 0.56292 0.9684
vt 0.56524 0.97378
vt 0.57566 0.97378
vt 0.68993 0.29633
vt 0.68988 0.3088
vt 0.75275 0.3088
vt 0.7528 0.2966
vt 0.79859 0.94703
vt 0.79859 0.94517
vt 0.79272 0.94517
vt 0.79272 0.94703
vt 0.21109 0.24909
vt 0.27396 0.24909
vt 0.27396 0.24723
vt 0.21109 0.24723
vt 0.64231 0.57152
vt 0.62345 0.61679
vt 0.84176 0.61674
vt 0.79272 0.61674
vt 0.79514 0.62255
vt 0.84418 0.62255
vt 0.1298 0.69918
vt 0.84398 0.94559
vt 0.83356 0.94559
vt 0.83617 0.95163
vt 0.84659 0.95163
vt 0.94871 0.94338
vt 0.94871 0.94524
vt 0.95529 0.94524
vt 0.95529 0.94338
vt 0.84232 0.88684
vt 0.84238 0.88443
vt 0.82917 0.89546
vt 0.82994 0.89731
vt 0.00195 0.10796
vt 0.06482 0.10796
vt 0.8341 0.45004
vt 0.82323 0.45004
vt 0.29439 0.02225
vt 0.23471 0.02225
vt 0.23682 0.02729
vt 0.2965 0.02729
vt 0.64654 0.97668
vt 0.64608 0.97879
vt 0.65238 0.97879
vt 0.65238 0.97693
vt 0.48673 0.91578
vt 0.48788 0.87052
vt 0.90782 0.57487
vt 0.69063 0.06497
vt 0.67938 0.06486
vt 0.68171 0.07042
vt 0.69296 0.07053
vt 0.98346 0.54288
vt 0.9816 0.54288
vt 0.9816 0.55321
vt 0.98346 0.55507
vt 0.83832 0.30448
vt 0.78928 0.30448
vt 0.79153 0.30989
vt 0.84057 0.30989
vt 0.7399 0.35591
vt 0.69086 0.35591
vt 0.69339 0.36198
vt 0.74243 0.36198
vt 0.15261 0.79215
vt 0.14219 0.79215
vt 0.15493 0.79751
vt 0.63267 0.07053
vt 0.63033 0.06497
vt 0.81058 0.21091
vt 0.75089 0.21091
vt 0.753 0.21595
vt 0.81269 0.21595
vt 0.71448 0.82209
vt 0.7036 0.82287
vt 0.71257 0.84428
vt 0.72382 0.84438
vt 0.52774 0.8612
vt 0.48814 0.86019
vt 0.41915 0.43467
vt 0.41938 0.43442
vt 0.35969 0.43445
vt 0.40873 0.4347
vt 0.35969 0.43656
vt 0.40873 0.43656
vt 0.91426 0.28922
vt 0.97395 0.28922
vt 0.97372 0.28897
vt 0.96331 0.28895
vt 0.9633 0.28709
vt 0.91426 0.28711
vt 0.82323 0.43913
vt 0.8341 0.43913
vt 0.61432 0.50134
vt 0.56527 0.50142
vt 0.56736 0.5064
vt 0.61643 0.50638
vt 0.97187 0.66755
vt 0.97187 0.62793
vt 0.66202 0.82697
vt 0.66353 0.84438
vt 0.2965 0.0343
vt 0.29516 0.03109
vt 0.68291 0.43466
vt 0.68313 0.43441
vt 0.62345 0.43444
vt 0.67249 0.43469
vt 0.62345 0.43655
vt 0.67249 0.43655
vt 0.53825 0.91709
vt 0.8341 0.39735
vt 0.82323 0.39735
vt 0.54066 0.91637
vt 0.20415 0.79734
vt 0.15725 0.80291
vt 0.20631 0.80235
vt 0.8341 0.39483
vt 0.82323 0.39483
vt 0.19959 0.68564
vt 0.19795 0.68505
vt 0.19701 0.68913
vt 0.19856 0.68954
vt 0.8341 0.39231
vt 0.82323 0.39231
vt 0.56046 0.81781
vt 0.60952 0.81781
vt 0.6095 0.8157
vt 0.56046 0.8157
vt 0.57129 0.36198
vt 0.63097 0.36198
vt 0.63075 0.36173
vt 0.62033 0.36171
vt 0.62033 0.35985
vt 0.57129 0.35987
vt 0.3168 0.59939
vt 0.31703 0.59914
vt 0.25734 0.59916
vt 0.30638 0.59941
vt 0.25734 0.60127
vt 0.30638 0.60127
vt 0.13323 0.70528
vt 0.18228 0.70528
vt 0.18228 0.70317
vt 0.13324 0.70317
vt 0.41923 0.40269
vt 0.47892 0.40269
vt 0.47869 0.40244
vt 0.46828 0.40242
vt 0.46828 0.40056
vt 0.41923 0.40058
vt 0.41651 0.93972
vt 0.36743 0.93972
vt 0.36747 0.94183
vt 0.41651 0.94182
vt 0.92017 0.87184
vt 0.92017 0.87395
vt 0.96921 0.87399
vt 0.96939 0.87184
vt 0.9268 0.55001
vt 0.9268 0.54398
vt 0.9268 0.57964
vt 0.9268 0.55547
vt 0.92404 0.55472
vt 0.64739 0.45178
vt 0.64707 0.4517
vt 0.64707 0.45827
vt 0.64739 0.45836
vt 0.64739 0.46382
vt 0.64707 0.46373
vt 0.64707 0.4696
vt 0.6473 0.43852
vt 0.64707 0.44624
vt 0.64739 0.44632
vt 0.16289 0.69929
vt 0.16652 0.69793
vt 0.16707 0.69928
vt 0.17081 0.69887
vt 0.17051 0.69754
vt 0.17183 0.69756
vt 0.17414 0.69746
vt 0.17487 0.69869
vt 0.17862 0.69764
vt 0.17808 0.69637
vt 0.18127 0.69567
vt 0.18197 0.69692
vt 0.18541 0.69594
vt 0.18482 0.6947
vt 0.1886 0.6952
vt 0.19187 0.69425
vt 0.19502 0.69159
vt 0.19544 0.69116
vt 0.32564 0.77218
vt 0.32648 0.77412
vt 0.62269 0.81781
vt 0.62075 0.8157
vt 0.12199 0.70317
vt 0.12005 0.70528
vt 0.55209 0.50134
vt 0.55421 0.50638
vt 0.35428 0.93972
vt 0.35621 0.94183
vt 0.38361 0.80482
vt 0.38383 0.81426
vt 0.40263 0.81451
vt 0.40249 0.8046
vt 0.384 0.82354
vt 0.4026 0.82444
vt 0.03152 0.31421
vt 0.03174 0.32347
vt 0.05048 0.32255
vt 0.05003 0.31266
vt 0.03193 0.33284
vt 0.05077 0.33246
vt 0.03208 0.34221
vt 0.05092 0.34237
vt 0.03219 0.35147
vt 0.05089 0.3523
vt 0.33899 0.47321
vt 0.33936 0.48248
vt 0.35801 0.48106
vt 0.35734 0.47118
vt 0.33972 0.49192
vt 0.35853 0.49094
vt 0.34003 0.50143
vt 0.35892 0.50083
vt 0.3403 0.51094
vt 0.35919 0.51072
vt 0.34052 0.52038
vt 0.35933 0.52063
vt 0.3407 0.52966
vt 0.3593 0.53056
vt 0.23819 0.3142
vt 0.23841 0.32346
vt 0.25715 0.32255
vt 0.2567 0.31265
vt 0.2386 0.33284
vt 0.25744 0.33245
vt 0.23875 0.34221
vt 0.25759 0.34237
vt 0.23887 0.35146
vt 0.25756 0.3523
vt 0.38229 0.76709
vt 0.38267 0.77636
vt 0.40131 0.77494
vt 0.40064 0.76506
vt 0.38302 0.7858
vt 0.40183 0.78482
vt 0.38334 0.79531
vt 0.40222 0.79471
vt 0.36393 0.62093
vt 0.57026 0.61312
vt 0.56981 0.60275
vt 0.36358 0.61251
vt 0.56927 0.59238
vt 0.36314 0.6041
vt 0.56046 0.81085
vt 0.76678 0.81866
vt 0.76713 0.80829
vt 0.56074 0.80243
vt 0.76737 0.79791
vt 0.56094 0.79401
vt 0.76752 0.78754
vt 0.56106 0.78558
vt 0.76757 0.77716
vt 0.5611 0.77716
vt 0.35473 0.99805
vt 0.5612 0.99805
vt 0.56115 0.98767
vt 0.35469 0.98962
vt 0.561 0.97729
vt 0.35457 0.9812
vt 0.56076 0.96691
vt 0.35437 0.97277
vt 0.56041 0.95654
vt 0.35409 0.96435
vt 0.55997 0.94617
vt 0.35373 0.95593
vt 0.55943 0.9358
vt 0.3533 0.94752
vt 0.00259 0.24907
vt 0.20906 0.24907
vt 0.20901 0.23869
vt 0.00255 0.24064
vt 0.20886 0.22831
vt 0.00243 0.23222
vt 0.20862 0.21793
vt 0.00223 0.22379
vt 0.20827 0.20756
vt 0.00195 0.21537
vt 0.36457 0.65462
vt 0.57104 0.65462
vt 0.57099 0.64424
vt 0.36453 0.6462
vt 0.57085 0.63387
vt 0.36441 0.63777
vt 0.5706 0.62349
vt 0.36421 0.62935
vt 0.36686 0.81514
vt 0.3673 0.82484
vt 0.01451 0.31376
vt 0.0146 0.32352
vt 0.01479 0.33319
vt 0.01504 0.34286
vt 0.01537 0.35257
vt 0.32204 0.47294
vt 0.32225 0.48269
vt 0.32255 0.49235
vt 0.32288 0.50199
vt 0.3232 0.51162
vt 0.32355 0.52126
vt 0.32399 0.53096
vt 0.22118 0.31376
vt 0.22127 0.32351
vt 0.22146 0.33319
vt 0.22171 0.34285
vt 0.22204 0.35257
vt 0.36535 0.76682
vt 0.36556 0.77657
vt 0.36586 0.78623
vt 0.36618 0.79587
vt 0.36651 0.80549
vt 0.35435 0.81569
vt 0.35476 0.82542
vt 0.00195 0.31396
vt 0.00209 0.32371
vt 0.00227 0.33346
vt 0.00251 0.34321
vt 0.0028 0.35296
vt 0.3095 0.47326
vt 0.30974 0.48299
vt 0.31002 0.49271
vt 0.31033 0.50241
vt 0.31067 0.51211
vt 0.31104 0.52181
vt 0.31146 0.53155
vt 0.20863 0.31396
vt 0.20876 0.32371
vt 0.20894 0.33346
vt 0.20918 0.34321
vt 0.20947 0.35296
vt 0.3528 0.76713
vt 0.35305 0.77687
vt 0.35332 0.78659
vt 0.35364 0.79629
vt 0.35398 0.80598
vt 0.90465 0.28381
vt 0.90725 0.29181
vt 0.91208 0.29106
vt 0.909 0.2816
vt 0.90726 0.30023
vt 0.91208 0.301
vt 0.90466 0.30823
vt 0.909 0.31046
vt 0.89972 0.31504
vt 0.90316 0.3185
vt 0.89291 0.31999
vt 0.89512 0.32434
vt 0.88491 0.32259
vt 0.88566 0.32741
vt 0.8765 0.3226
vt 0.87572 0.32741
vt 0.86849 0.32
vt 0.86627 0.32434
vt 0.86168 0.31506
vt 0.85823 0.3185
vt 0.85673 0.30825
vt 0.85238 0.31046
vt 0.85413 0.30025
vt 0.84931 0.30101
vt 0.85413 0.29184
vt 0.84931 0.29106
vt 0.85672 0.28383
vt 0.85238 0.28161
vt 0.86167 0.27702
vt 0.85822 0.27357
vt 0.86847 0.27208
vt 0.86627 0.26772
vt 0.87647 0.26947
vt 0.87572 0.26465
vt 0.88489 0.26947
vt 0.88566 0.26465
vt 0.89289 0.27206
vt 0.89512 0.26772
vt 0.8997 0.27701
vt 0.90316 0.27356
vt 0.55712 0.81346
vt 0.55827 0.81342
vt 0.55803 0.80148
vt 0.55687 0.80151
vt 0.79157 0.93365
vt 0.7924 0.93448
vt 0.80172 0.9277
vt 0.80119 0.92666
vt 0.79498 0.93706
vt 0.80338 0.93096
vt 0.78888 0.94546
vt 0.78562 0.9438
vt 0.78567 0.95533
vt 0.78206 0.95476
vt 0.78567 0.96571
vt 0.78206 0.96628
vt 0.78888 0.97558
vt 0.78562 0.97724
vt 0.79498 0.98398
vt 0.7924 0.98656
vt 0.80338 0.99008
vt 0.80172 0.99333
vt 0.81325 0.99328
vt 0.81268 0.99689
vt 0.82363 0.99328
vt 0.8242 0.99689
vt 0.8335 0.99008
vt 0.83516 0.99333
vt 0.8419 0.98398
vt 0.84448 0.98656
vt 0.848 0.97558
vt 0.85125 0.97724
vt 0.8512 0.96571
vt 0.85481 0.96628
vt 0.8512 0.95533
vt 0.85481 0.95476
vt 0.848 0.94546
vt 0.85125 0.9438
vt 0.8419 0.93706
vt 0.84448 0.93448
vt 0.8335 0.93096
vt 0.83516 0.9277
vt 0.82363 0.92775
vt 0.8242 0.92414
vt 0.81325 0.92775
vt 0.81268 0.92414
vt 0.55653 0.78956
vt 0.55606 0.77761
vt 0.5555 0.76566
vt 0.55498 0.75369
vt 0.41231 0.35296
vt 0.41201 0.341
vt 0.41176 0.32904
vt 0.41147 0.31708
vt 0.41123 0.3051
vt 0.51411 0.53155
vt 0.51382 0.51958
vt 0.51357 0.50763
vt 0.51323 0.49568
vt 0.51276 0.48373
vt 0.5122 0.47178
vt 0.51168 0.45981
vt 0.20564 0.35296
vt 0.20533 0.341
vt 0.20509 0.32904
vt 0.2048 0.31708
vt 0.20456 0.3051
vt 0.55741 0.82542
vt 0.78458 0.94327
vt 0.55857 0.82531
vt 0.78091 0.95457
vt 0.20572 0.30516
vt 0.20595 0.31707
vt 0.78091 0.96646
vt 0.20624 0.32902
vt 0.78458 0.97777
vt 0.20649 0.34096
vt 0.79157 0.98739
vt 0.20679 0.35285
vt 0.80119 0.99437
vt 0.51284 0.45985
vt 0.51335 0.47175
vt 0.8125 0.99805
vt 0.51391 0.48369
vt 0.82438 0.99805
vt 0.51438 0.49564
vt 0.83569 0.99437
vt 0.51472 0.5076
vt 0.84531 0.98739
vt 0.51497 0.51954
vt 0.85229 0.97777
vt 0.51526 0.53143
vt 0.85597 0.96646
vt 0.41239 0.30516
vt 0.41262 0.31707
vt 0.85597 0.95457
vt 0.41291 0.32901
vt 0.85229 0.94327
vt 0.41316 0.34096
vt 0.84531 0.93365
vt 0.41346 0.35284
vt 0.83569 0.92666
vt 0.55614 0.75373
vt 0.55665 0.76563
vt 0.82438 0.92299
vt 0.55722 0.77756
vt 0.81249 0.92299
vt 0.55768 0.78952
vt 0.86114 0.98166
vt 0.86679 0.98943
vt 0.86946 0.98678
vt 0.8645 0.97996
vt 0.86188 0.97194
vt 0.85817 0.97252
vt 0.86188 0.96351
vt 0.85817 0.96291
vt 0.86448 0.95548
vt 0.86113 0.95377
vt 0.86943 0.94866
vt 0.86678 0.94599
vt 0.87625 0.94369
vt 0.87456 0.94034
vt 0.88427 0.94108
vt 0.8837 0.93737
vt 0.89271 0.94108
vt 0.89331 0.93737
vt 0.90073 0.94368
vt 0.90244 0.94033
vt 0.90756 0.94863
vt 0.91022 0.94598
vt 0.91252 0.95545
vt 0.91588 0.95375
vt 0.91513 0.96347
vt 0.91885 0.96289
vt 0.91514 0.9719
vt 0.91885 0.9725
vt 0.91254 0.97993
vt 0.91588 0.98165
vt 0.90758 0.98676
vt 0.91023 0.98942
vt 0.90076 0.99172
vt 0.90246 0.99507
vt 0.89274 0.99433
vt 0.89332 0.99804
vt 0.88431 0.99433
vt 0.88371 0.99805
vt 0.87629 0.99173
vt 0.87457 0.99508
vt 0.89802 0.42604
vt 0.95394 0.42605
vt 0.95394 0.41676
vt 0.89802 0.41676
vt 0.89802 0.43533
vt 0.95394 0.43533
vt 0.89802 0.44462
vt 0.95394 0.44462
vt 0.89802 0.4539
vt 0.95394 0.4539
vt 0.89802 0.46319
vt 0.95394 0.46319
vt 0.92115 0.74077
vt 0.97707 0.74077
vt 0.97707 0.73149
vt 0.92115 0.73149
vt 0.92115 0.75006
vt 0.97707 0.75006
vt 0.92115 0.75934
vt 0.97707 0.75934
vt 0.92115 0.76863
vt 0.97707 0.76863
vt 0.47779 0.04857
vt 0.5337 0.04857
vt 0.5337 0.03929
vt 0.47779 0.03929
vt 0.47779 0.05786
vt 0.5337 0.05786
vt 0.47779 0.06714
vt 0.5337 0.06714
vt 0.47779 0.07643
vt 0.5337 0.07643
vt 0.47779 0.08571
vt 0.5337 0.08571
vt 0.47779 0.095
vt 0.5337 0.095
vt 0.92017 0.88525
vt 0.97608 0.88525
vt 0.97608 0.87597
vt 0.92017 0.87597
vt 0.92017 0.89454
vt 0.97608 0.89454
vt 0.92017 0.90382
vt 0.97608 0.90382
vt 0.92017 0.91311
vt 0.97608 0.91311
vt 0.95394 0.40747
vt 0.89802 0.40747
vt 0.7407 0.68933
vt 0.74409 0.6826
vt 0.73521 0.67613
vt 0.7299 0.68148
vt 0.7534 0.69346
vt 0.75454 0.686
vt 0.76675 0.69346
vt 0.76554 0.68602
vt 0.77945 0.68933
vt 0.776 0.68263
vt 0.79025 0.68149
vt 0.78489 0.67618
vt 0.7981 0.67069
vt 0.79137 0.66729
vt 0.80223 0.65799
vt 0.79477 0.65684
vt 0.80223 0.64464
vt 0.79479 0.64585
vt 0.7981 0.63194
vt 0.7914 0.63539
vt 0.79026 0.62113
vt 0.78495 0.62649
vt 0.77945 0.61329
vt 0.77606 0.62002
vt 0.76675 0.60916
vt 0.76561 0.61662
vt 0.75341 0.60916
vt 0.75462 0.61661
vt 0.74071 0.61328
vt 0.74416 0.61999
vt 0.72991 0.62113
vt 0.73526 0.62644
vt 0.72205 0.63193
vt 0.72879 0.63533
vt 0.71793 0.64463
vt 0.72538 0.64578
vt 0.71792 0.65798
vt 0.72537 0.65677
vt 0.72205 0.67068
vt 0.72875 0.66723
vt 0.74803 0.67477
vt 0.74137 0.6699
vt 0.75587 0.67735
vt 0.76412 0.67737
vt 0.77198 0.67485
vt 0.77867 0.67002
vt 0.78354 0.66336
vt 0.78612 0.65552
vt 0.78614 0.64726
vt 0.78362 0.63941
vt 0.77879 0.63272
vt 0.77213 0.62785
vt 0.76429 0.62527
vt 0.75603 0.62525
vt 0.74818 0.62777
vt 0.74148 0.6326
vt 0.73661 0.63926
vt 0.73404 0.6471
vt 0.73401 0.65535
vt 0.73654 0.66321
vt 0.89484 0.63924
vt 0.90687 0.63937
vt 0.90728 0.58163
vt 0.8951 0.58151
vt 0.88283 0.6392
vt 0.88291 0.58145
vt 0.87082 0.63924
vt 0.87071 0.58145
vt 0.8588 0.63938
vt 0.85852 0.58152
vt 0.84676 0.63974
vt 0.84636 0.58162
vt 0.59373 0.05723
vt 0.59408 0.04513
vt 0.53612 0.04473
vt 0.53599 0.05684
vt 0.59362 0.06926
vt 0.5359 0.06901
vt 0.59366 0.0813
vt 0.53586 0.08118
vt 0.59393 0.09334
vt 0.53587 0.09334
vt 0.9054 0.92856
vt 0.91748 0.92893
vt 0.91792 0.87096
vt 0.90581 0.87081
vt 0.89337 0.92843
vt 0.89363 0.8707
vt 0.88136 0.92839
vt 0.88143 0.87064
vt 0.86934 0.92843
vt 0.86923 0.87064
vt 0.85733 0.92856
vt 0.85704 0.8707
vt 0.84528 0.92893
vt 0.84488 0.87081
vt 0.94064 0.05187
vt 0.94099 0.03978
vt 0.88303 0.03937
vt 0.88291 0.05148
vt 0.94054 0.06391
vt 0.88281 0.06365
vt 0.94057 0.07594
vt 0.88277 0.07583
vt 0.94084 0.08799
vt 0.88278 0.08799
vt 0.91896 0.63975
vt 0.9194 0.58177
vt 0.78042 0.76636
vt 0.78684 0.76308
vt 0.78397 0.75425
vt 0.77686 0.75538
vt 0.78721 0.77569
vt 0.7923 0.7706
vt 0.79654 0.78247
vt 0.79981 0.77605
vt 0.80752 0.78604
vt 0.80864 0.77892
vt 0.81906 0.78604
vt 0.81793 0.77892
vt 0.83003 0.78248
vt 0.82676 0.77605
vt 0.83937 0.77569
vt 0.83427 0.7706
vt 0.84615 0.76636
vt 0.83973 0.76308
vt 0.84972 0.75538
vt 0.8426 0.75425
vt 0.84972 0.74384
vt 0.8426 0.74497
vt 0.84615 0.73287
vt 0.83973 0.73614
vt 0.83937 0.72353
vt 0.83427 0.72863
vt 0.83003 0.71675
vt 0.82676 0.72317
vt 0.81906 0.71318
vt 0.81793 0.7203
vt 0.80752 0.71318
vt 0.80865 0.7203
vt 0.79654 0.71675
vt 0.79981 0.72317
vt 0.78721 0.72353
vt 0.7923 0.72862
vt 0.78042 0.73287
vt 0.78684 0.73614
vt 0.77686 0.74384
vt 0.78398 0.74497
vt 0.89483 0.6406
vt 0.90683 0.64073
vt 0.7792 0.76698
vt 0.7755 0.7556
vt 0.91881 0.64111
vt 0.7755 0.74363
vt 0.78623 0.77667
vt 0.88283 0.64056
vt 0.79592 0.7837
vt 0.87084 0.6406
vt 0.8073 0.7874
vt 0.85885 0.64074
vt 0.81927 0.7874
vt 0.84691 0.64111
vt 0.83066 0.7837
vt 0.59544 0.04528
vt 0.59509 0.05727
vt 0.84034 0.77667
vt 0.59499 0.06927
vt 0.84738 0.76698
vt 0.59502 0.08126
vt 0.85108 0.7556
vt 0.59529 0.0932
vt 0.85108 0.74363
vt 0.91733 0.93029
vt 0.90535 0.92992
vt 0.84738 0.73224
vt 0.89335 0.92979
vt 0.84034 0.72256
vt 0.88136 0.92975
vt 0.83066 0.71552
vt 0.86936 0.92979
vt 0.81927 0.71182
vt 0.85737 0.92992
vt 0.8073 0.71182
vt 0.84544 0.93029
vt 0.79592 0.71552
vt 0.94235 0.03993
vt 0.942 0.05191
vt 0.78623 0.72256
vt 0.9419 0.06391
vt 0.7792 0.73224
vt 0.94193 0.07591
vt 0.94221 0.08785
vt 0.00195 0.73888
vt 0.00305 0.73198
vt 0.64242 0.01642
vt 0.64242 0.01244
vt 0.54379 0.01244
vt 0.54379 0.01642
vt 0.00851 0.75429
vt 0.00196 0.14137
vt 0.00196 0.13812
vt 0.23152 0.39814
vt 0.22016 0.39807
vt 0.18582 0.924
vt 0.18582 0.94281
vt 0.19718 0.94281
vt 0.19718 0.924
vt 0.06506 0.41095
vt 0.06495 0.43033
vt 0.53243 0.01244
vt 0.53243 0.01642
vt 0.18582 0.91983
vt 0.19718 0.91983
vt 0.06514 0.39719
vt 0.58211 0.22597
vt 0.74856 0.22597
vt 0.74856 0.21222
vt 0.58211 0.21222
vt 0.3522 0.92399
vt 0.3522 0.91965
vt 0.74856 0.23295
vt 0.58211 0.23295
vt 0.74856 0.23993
vt 0.58211 0.23993
vt 0.16843 0.11718
vt 0.16844 0.1102
vt 0.00199 0.10993
vt 0.00198 0.1177
vt 0.16841 0.13114
vt 0.00195 0.13157
vt 0.3522 0.9428
vt 0.37741 0.01244
vt 0.37741 0.01642
vt 0.06494 0.43226
vt 0.16442 0.4319
vt 0.79075 0.79233
vt 0.78534 0.79798
vt 0.78948 0.80312
vt 0.83952 0.79233
vt 0.78799 0.99805
vt 0.78899 0.99028
vt 0.77353 0.99028
vt 0.77453 0.99805
vt 0.79726 0.86824
vt 0.79827 0.86047
vt 0.78337 0.86047
vt 0.78437 0.86824
vt 0.23414 0.8123
vt 0.20518 0.8123
vt 0.2075 0.82006
vt 0.23314 0.82006
vt 0.16601 0.60166
vt 0.16022 0.60067
vt 0.00197 0.12386
vt 0.16842 0.12416
vt 0.01115 0.72083
vt 0.00621 0.72576
vt 0.33015 0.3987
vt 0.08719 0.91983
vt 0.32623 0.42977
vt 0.55633 0.88715
vt 0.64578 0.81614
vt 0.84245 0.92668
vt 0.83615 0.91103
vt 0.83383 0.90974
vt 0.79492 0.90493
vt 0.40631 0.43226
vt 0.42073 0.41801
vt 0.41852 0.41295
vt 0.00215 0.924
vt 0.00195 0.91983
vt 0.72766 0.01244
vt 0.72843 0.01642
vt 0.41616 0.39918
vt 0.64498 0.87383
vt 0.81467 0.86651
vt 0.80867 0.86651
vt 0.80925 0.86994
vt 0.81467 0.86994
vt 0.81467 0.83067
vt 0.80317 0.83067
vt 0.69856 0.72288
vt 0.69841 0.73438
vt 0.7718 0.73533
vt 0.77196 0.72356
vt 0.03623 0.84836
vt 0.0723 0.86488
vt 0.07573 0.85394
vt 0.03805 0.84215
vt 0.02965 0.84546
vt 0.03132 0.84004
vt 0.0246 0.83794
vt 0.02311 0.843
vt 0.26391 0.82291
vt 0.26374 0.82814
vt 0.2749 0.82813
vt 0.2749 0.82295
vt 0.31314 0.82809
vt 0.31313 0.82291
vt 0.09207 0.02601
vt 0.09208 0.03119
vt 0.09551 0.03118
vt 0.0955 0.02576
vt 0.80323 0.86651
vt 0.8044 0.86994
vt 0.79223 0.83067
vt 0.83236 0.89929
vt 0.79399 0.89939
vt 0.79107 0.90417
vt 0.79026 0.89929
vt 0.00195 0.02585
vt 0.00563 0.0262
vt 0.00576 0.02159
vt 0.00207 0.0209
vt 0.01547 0.02618
vt 0.01546 0.02157
vt 0.0537 0.02148
vt 0.05371 0.0261
vt 0.09206 0.0214
vt 0.09549 0.0209
vt 0.05372 0.03128
vt 0.93661 0.99805
vt 0.93727 0.99408
vt 0.94708 0.98527
vt 0.91525 0.94798
vt 0.92043 0.94798
vt 0.92043 0.94334
vt 0.91525 0.94334
vt 0.79225 0.38749
vt 0.79225 0.3128
vt 0.75237 0.34035
vt 0.75237 0.35994
vt 0.16569 0.5818
vt 0.16005 0.58281
vt 0.78386 0.88577
vt 0.78997 0.89348
vt 0.80956 0.89348
vt 0.81566 0.88577
vt 0.9452 0.84146
vt 0.94769 0.83375
vt 0.92312 0.83375
vt 0.92561 0.84146
vt 0.93296 0.96681
vt 0.9586 0.96681
vt 0.9586 0.94722
vt 0.93296 0.94722
vt 0.66626 0.84637
vt 0.66875 0.85379
vt 0.68834 0.85379
vt 0.69083 0.84637
vt 0.66423 0.77518
vt 0.66672 0.76776
vt 0.64214 0.76776
vt 0.64464 0.77518
vt 0.64402 0.85636
vt 0.64402 0.84347
vt 0.62443 0.84347
vt 0.62443 0.85636
vt 0.32672 0.79041
vt 0.32921 0.79783
vt 0.3488 0.79783
vt 0.3513 0.79041
vt 0.24645 0.81032
vt 0.24894 0.8029
vt 0.22437 0.8029
vt 0.22686 0.81032
vt 0.64402 0.87179
vt 0.64402 0.85833
vt 0.62443 0.85833
vt 0.62443 0.87179
vt 0.00195 0.77831
vt 0.00444 0.78573
vt 0.02403 0.78573
vt 0.02652 0.77831
vt 0.04257 0.60086
vt 0.04323 0.57691
vt 0.21693 0.745
vt 0.21942 0.73758
vt 0.19485 0.73758
vt 0.19734 0.745
vt 0.17762 0.64876
vt 0.18362 0.66741
vt 0.20205 0.64091
vt 0.20804 0.65956
vt 0.21382 0.63713
vt 0.21982 0.65578
vt 0.21635 0.63631
vt 0.2225 0.65492
vt 0.21886 0.63546
vt 0.22517 0.65401
vt 0.26468 0.61989
vt 0.27098 0.63844
vt 0.32018 0.60104
vt 0.32648 0.61959
vt 0.33623 0.59558
vt 0.34253 0.61413
vt 0.54801 0.57862
vt 0.60867 0.52675
vt 0.60188 0.50838
vt 0.52208 0.50838
vt 0.74109 0.50754
vt 0.82121 0.50754
vt 0.82121 0.43266
vt 0.74109 0.43266
vt 0.73367 0.50754
vt 0.73367 0.43266
vt 0.47478 0.06109
vt 0.47478 0.05367
vt 0.39991 0.05367
vt 0.39991 0.06109
vt 0.47478 0.06851
vt 0.39991 0.06851
vt 0.47478 0.07403
vt 0.39991 0.07403
vt 0.77886 0.69544
vt 0.0737 0.86543
vt 0.07716 0.85439
vt 0.77333 0.72378
vt 0.77317 0.73535
vt 0.06915 0.87495
vt 0.07048 0.8757
vt 0.18582 0.91904
vt 0.08719 0.91904
vt 0.28824 0.00359
vt 0.38687 0.00359
vt 0.38687 0.0028
vt 0.28824 0.0028
vt 0.39823 0.00359
vt 0.39823 0.0028
vt 0.19718 0.91904
vt 0.55325 0.00359
vt 0.55325 0.00303
vt 0.82732 0.38843
vt 0.83129 0.38843
vt 0.3522 0.91909
vt 0.20223 0.00359
vt 0.20223 0.0028
vt 0.00195 0.91904
vt 0.47562 0.09204
vt 0.47562 0.088
vt 0.04654 0.73888
vt 0.04544 0.73198
vt 0.08797 0.01346
vt 0.18659 0.01346
vt 0.18659 0.00949
vt 0.08797 0.00949
vt 0.03998 0.75429
vt 0.36904 0.12445
vt 0.36904 0.1277
vt 0.20252 0.43368
vt 0.19116 0.43374
vt 0.18582 0.99309
vt 0.19718 0.99309
vt 0.19718 0.97428
vt 0.18582 0.97428
vt 0.19796 0.00949
vt 0.19796 0.01346
vt 0.18582 0.99726
vt 0.19718 0.99726
vt 0.35762 0.44655
vt 0.35754 0.4328
vt 0.3522 0.9931
vt 0.3522 0.99744
vt 0.74856 0.20524
vt 0.58211 0.20524
vt 0.74856 0.19826
vt 0.58211 0.19826
vt 0.53552 0.14863
vt 0.36907 0.14812
vt 0.36908 0.15589
vt 0.53553 0.15561
vt 0.36904 0.13425
vt 0.5355 0.13467
vt 0.3522 0.97429
vt 0.35298 0.00949
vt 0.35298 0.01346
vt 0.75976 0.92083
vt 0.7568 0.92672
vt 0.76328 0.9311
vt 0.81096 0.92083
vt 0.93347 0.98079
vt 0.94693 0.98079
vt 0.94793 0.97302
vt 0.93247 0.97302
vt 0.04331 0.83425
vt 0.0562 0.83425
vt 0.0572 0.82649
vt 0.0423 0.82649
vt 0.71989 0.82187
vt 0.7209 0.82963
vt 0.74654 0.82963
vt 0.74886 0.82187
vt 0.53551 0.14165
vt 0.36906 0.14196
vt 0.04227 0.72576
vt 0.03734 0.72083
vt 0.09254 0.4343
vt 0.08719 0.99726
vt 0.09645 0.46538
vt 0.61372 0.59306
vt 0.52391 0.52174
vt 0.20001 0.80506
vt 0.14774 0.80591
vt 0.18532 0.81712
vt 0.18795 0.81687
vt 0.01637 0.46787
vt 0.00416 0.44856
vt 0.00195 0.45361
vt 0.00215 0.99309
vt 0.00195 0.99726
vt 0.00273 0.00949
vt 0.00195 0.01346
vt 0.00652 0.43479
vt 0.52489 0.57942
vt 0.8201 0.86994
vt 0.82068 0.86651
vt 0.82618 0.83067
vt 0.69826 0.74588
vt 0.77165 0.74699
vt 0.0401 0.83601
vt 0.07914 0.84301
vt 0.03304 0.83464
vt 0.02627 0.83293
vt 0.26392 0.83336
vt 0.27491 0.83331
vt 0.31314 0.83327
vt 0.09209 0.03637
vt 0.09552 0.0366
vt 0.82495 0.86994
vt 0.82612 0.86651
vt 0.83712 0.83067
vt 0.14467 0.81061
vt 0.17977 0.82611
vt 0.14391 0.80506
vt 0.14121 0.80921
vt 0.00198 0.03694
vt 0.00212 0.04188
vt 0.00581 0.04118
vt 0.00565 0.03656
vt 0.01551 0.04116
vt 0.0155 0.03654
vt 0.05374 0.04107
vt 0.0921 0.04099
vt 0.05373 0.03646
vt 0.09554 0.04146
vt 0.94317 0.91905
vt 0.94251 0.91508
vt 0.95298 0.92786
vt 0.92561 0.94798
vt 0.92561 0.94334
vt 0.77782 0.77539
vt 0.08062 0.84331
vt 0.77303 0.74696
vt 0.0823 0.83293
vt 0.08382 0.83307
vt 0.18582 0.99805
vt 0.08719 0.99805
vt 0.82055 0.00274
vt 0.82055 0.00195
vt 0.72193 0.00195
vt 0.72193 0.00274
vt 0.71056 0.00195
vt 0.71056 0.00274
vt 0.19718 0.99805
vt 0.55554 0.00218
vt 0.55554 0.00274
vt 0.82732 0.31187
vt 0.83129 0.31187
vt 0.3522 0.998
vt 0.90656 0.00274
vt 0.90656 0.00195
vt 0.00195 0.99805
vt 0.39906 0.09204
vt 0.39906 0.088
vt 0.01482 0.53736
vt 0.01179 0.63837
vt 0.18097 0.4318
vt 0.35773 0.46593
vt 0.2769 0.46762
vt 0.35774 0.46787
vt 0.25098 0.46746
vt 0.90931 0.03576
vt 0.8823 0.03344
vt 0.88233 0.03499
vt 0.90937 0.0373
vt 0.56243 0.95566
vt 0.58473 0.97095
vt 0.56285 0.95409
vt 0.59439 0.89991
vt 0.57379 0.90875
vt 0.57339 0.9106
vt 0.46784 0.82924
vt 0.4678 0.83077
vt 0.48977 0.83129
vt 0.49026 0.82977
vt 0.62519 0.9762
vt 0.6253 0.97777
vt 0.66344 0.96495
vt 0.66316 0.96339
vt 0.84115 0.03328
vt 0.84123 0.03175
vt 0.80102 0.03178
vt 0.80086 0.03334
vt 0.40894 0.82905
vt 0.44313 0.8295
vt 0.44307 0.82795
vt 0.40888 0.82751
vt 0.65325 0.90583
vt 0.61916 0.90232
vt 0.88259 0.03136
vt 0.90952 0.0337
vt 0.46773 0.83291
vt 0.48971 0.83336
vt 0.80106 0.02961
vt 0.84134 0.02955
vt 0.44309 0.83168
vt 0.40893 0.83125
vt 0.76382 0.03157
vt 0.76385 0.02955
vt 0.38203 0.83088
vt 0.38266 0.83336
vt 0.41925 0.75945
vt 0.41862 0.75804
vt 0.37003 0.76153
vt 0.41924 0.76153
vt 0.41711 0.75746
vt 0.37003 0.75946
vt 0.37255 0.75746
vt 0.37077 0.75805
vt 0.3312 0.82946
vt 0.76369 0.0331
vt 0.69599 0.94717
vt 0.68027 0.89991
vt 0.61065 0.4058
vt 0.61065 0.41432
vt 0.75316 0.41432
vt 0.75316 0.4058
vt 0.61065 0.42244
vt 0.75316 0.42244
vt 0.61065 0.43014
vt 0.75316 0.43014
vt 0.35428 0.92242
vt 0.35428 0.92984
vt 0.49679 0.92984
vt 0.49679 0.92242
vt 0.35428 0.93727
vt 0.49679 0.93727
vt 0.57325 0.61876
vt 0.57325 0.62646
vt 0.71576 0.62646
vt 0.71576 0.61876
vt 0.57325 0.63518
vt 0.71576 0.63518
vt 0.57325 0.64327
vt 0.71576 0.64327
vt 0.57325 0.65198
vt 0.71576 0.65198
vt 0.57325 0.6607
vt 0.71576 0.6607
vt 0.57325 0.66879
vt 0.71576 0.66879
vt 0.57325 0.67751
vt 0.71576 0.67751
vt 0.57325 0.6852
vt 0.71576 0.6852
vt 0.55485 0.67206
vt 0.55485 0.66463
vt 0.41234 0.66463
vt 0.41234 0.67206
vt 0.55485 0.65721
vt 0.41234 0.65721
vt 0.61065 0.36396
vt 0.61065 0.37165
vt 0.75316 0.37165
vt 0.75316 0.36396
vt 0.61065 0.37977
vt 0.75316 0.37977
vt 0.61065 0.38829
vt 0.75316 0.38829
vt 0.61065 0.39705
vt 0.75316 0.39705
vt 0.21219 0.8404
vt 0.21067 0.84877
vt 0.25194 0.84359
vt 0.25583 0.83554
vt 0.6444 0.35051
vt 0.64356 0.36028
vt 0.68716 0.36093
vt 0.68895 0.35212
vt 0.19583 0.89636
vt 0.21185 0.91059
vt 0.16486 0.84189
vt 0.59687 0.3406
vt 0.59782 0.34913
vt 0.19141 0.90234
vt 0.2078 0.91707
vt 0.39509 0.5405
vt 0.41688 0.54361
vt 0.41742 0.53609
vt 0.39645 0.5328
vt 0.17457 0.89859
vt 0.39366 0.55107
vt 0.41586 0.55085
vt 0.38045 0.53566
vt 0.38031 0.54345
vt 0.39274 0.56639
vt 0.41458 0.56692
vt 0.3797 0.55072
vt 0.15489 0.83398
vt 0.15532 0.84152
vt 0.58287 0.33954
vt 0.58529 0.34768
vt 0.37956 0.56607
vt 0.14257 0.8431
vt 0.13759 0.89912
vt 0.14021 0.83697
vt 0.13928 0.90651
vt 0.56873 0.34418
vt 0.57022 0.35169
vt 0.34475 0.53732
vt 0.34265 0.54413
vt 0.34044 0.55132
vt 0.13427 0.84023
vt 0.56414 0.35424
vt 0.55904 0.35644
vt 0.56304 0.36051
vt 0.56924 0.36093
vt 0.56291 0.34568
vt 0.33927 0.56508
vt 0.55675 0.34648
vt 0.12976 0.839
vt 0.53749 0.35065
vt 0.53947 0.35966
vt 0.44507 0.68772
vt 0.48412 0.67403
vt 0.03955 0.53266
vt 0.03945 0.52996
vt 0.10693 0.84702
vt 0.10701 0.84703
vt 0.10333 0.91456
vt 0.17153 0.9103
vt 0.17084 0.91525
vt 0.17902 0.91707
vt 0.18053 0.91213
vt 0.30741 0.53335
vt 0.30604 0.54015
vt 0.84711 0.30128
vt 0.84715 0.30124
vt 0.83955 0.28684
vt 0.83203 0.28788
vt 0.30389 0.54919
vt 0.64557 0.89344
vt 0.6221 0.88857
vt 0.62365 0.89471
vt 0.8091 0.29194
vt 0.8108 0.2987
vt 0.30306 0.56419
vt 0.61689 0.89088
vt 0.65215 0.90349
vt 0.80392 0.29209
vt 0.80526 0.30042
vt 0.59379 0.88833
vt 0.07905 0.52996
vt 0.08092 0.53291
vt 0.08092 0.53022
vt 0.07933 0.52996
vt 0.78101 0.29492
vt 0.78193 0.30307
vt 0.06001 0.91707
vt 0.2618 0.52981
vt 0.26106 0.53677
vt 0.75038 0.84784
vt 0.68066 0.86671
vt 0.68987 0.91349
vt 0.78424 0.91349
vt 0.2599 0.54698
vt 0.57669 0.89478
vt 0.57424 0.90349
vt 0.59422 0.89677
vt 0.35557 0.01047
vt 0.37645 0.009
vt 0.7651 0.29608
vt 0.76352 0.30446
vt 0.25953 0.56313
vt 0.83672 0.87249
vt 0.67905 0.85877
vt 0.74798 0.84047
vt 0.21687 0.5264
vt 0.21706 0.53345
vt 0.84025 0.51671
vt 0.83999 0.52477
vt 0.91132 0.52465
vt 0.91349 0.51694
vt 0.91349 0.51694
vt 0.84028 0.51553
vt 0.21689 0.545
vt 0.84051 0.50378
vt 0.91889 0.50371
vt 0.78427 0.87114
vt 0.78074 0.87915
vt 0.21697 0.56209
vt 0.1874 0.52256
vt 0.18801 0.52994
vt 0.18806 0.54208
vt 0.18757 0.56137
vt 0.13389 0.84837
vt 0.43457 0.00739
vt 0.51199 0.35754
vt 0.41762 0.35754
vt 0.41791 0.35941
vt 0.51228 0.35941
vt 0.69079 0.91827
vt 0.78516 0.91827
vt 0.37809 0.00569
vt 0.37686 0.00578
vt 0.84211 0.87579
vt 0.83824 0.87135
vt 0.53385 0.74633
vt 0.05953 0.91002
vt 0.14801 0.53664
vt 0.14821 0.53413
vt 0.00455 0.87341
vt 0.00195 0.87836
vt 0.77692 0.86775
vt 0.76757 0.87415
vt 0.75827 0.84655
vt 0.77459 0.84726
vt 0.46331 0.00802
vt 0.4633 0.01047
vt 0.43613 0.00743
vt 0.68813 0.32739
vt 0.64367 0.32875
vt 0.59688 0.33018
vt 0.58263 0.33061
vt 0.56791 0.33106
vt 0.56215 0.33124
vt 0.55623 0.33142
vt 0.53683 0.33201
vt 0.153 0.91032
vt 0.153 0.91525
vt 0.83946 0.26859
vt 0.83192 0.26873
vt 0.80843 0.26918
vt 0.80326 0.26928
vt 0.78043 0.26971
vt 0.76399 0.27002
vt 0.84322 0.85025
vt 0.83917 0.85007
vt 0.51199 0.33624
vt 0.4153 0.33597
vt 0.0633 0.76113
vt 0.01967 0.75627
vt 0.02356 0.76432
vt 0.06483 0.7695
vt 0.64307 0.30698
vt 0.68744 0.30265
vt 0.68512 0.29397
vt 0.64163 0.29728
vt 0.06365 0.83132
vt 0.07966 0.81709
vt 0.11064 0.76262
vt 0.59666 0.3112
vt 0.59624 0.31977
vt 0.08408 0.82307
vt 0.06769 0.8378
vt 0.39382 0.59236
vt 0.3948 0.60012
vt 0.41591 0.59786
vt 0.41574 0.59032
vt 0.10093 0.81932
vt 0.41507 0.58304
vt 0.39291 0.58174
vt 0.37896 0.59648
vt 0.3792 0.58869
vt 0.37895 0.5814
vt 0.12017 0.76225
vt 0.12061 0.75471
vt 0.58424 0.31341
vt 0.58232 0.32168
vt 0.13293 0.76383
vt 0.13791 0.81985
vt 0.13529 0.7577
vt 0.13621 0.82724
vt 0.56793 0.31792
vt 0.56896 0.31033
vt 0.34338 0.59308
vt 0.34162 0.58618
vt 0.33976 0.57888
vt 0.14122 0.76096
vt 0.56274 0.30815
vt 0.56742 0.30117
vt 0.56125 0.30197
vt 0.5575 0.30627
vt 0.56203 0.31678
vt 0.55583 0.31636
vt 0.14574 0.75973
vt 0.53778 0.30425
vt 0.53635 0.31337
vt 0.61216 0.43333
vt 0.57311 0.41965
vt 0.55414 0.00945
vt 0.5543 0.00675
vt 0.16848 0.76776
vt 0.16856 0.76775
vt 0.17216 0.83529
vt 0.13447 0.9103
vt 0.12546 0.91213
vt 0.12698 0.91707
vt 0.13515 0.91525
vt 0.30589 0.59521
vt 0.30486 0.58836
vt 0.84591 0.23567
vt 0.84586 0.23563
vt 0.83886 0.25035
vt 0.83131 0.2496
vt 0.30315 0.57922
vt 0.90875 0.528
vt 0.93067 0.52926
vt 0.93222 0.52312
vt 0.80968 0.23958
vt 0.80823 0.24641
vt 0.93743 0.52543
vt 0.90217 0.53804
vt 0.80305 0.24646
vt 0.80408 0.23807
vt 0.96053 0.52288
vt 0.59372 0.01047
vt 0.59567 0.00757
vt 0.594 0.01047
vt 0.5956 0.01026
vt 0.78066 0.23632
vt 0.78005 0.2445
vt 0.21549 0.8378
vt 0.26017 0.59652
vt 0.25977 0.58954
vt 0.7099 0.92761
vt 0.67604 0.99327
vt 0.77041 0.99327
vt 0.77962 0.94649
vt 0.25911 0.57928
vt 0.9601 0.53132
vt 0.98008 0.53804
vt 0.97764 0.52933
vt 0.75092 0.00904
vt 0.73004 0.00757
vt 0.76411 0.24394
vt 0.76221 0.23563
vt 0.83867 0.82753
vt 0.78122 0.93855
vt 0.71229 0.92024
vt 0.21566 0.59069
vt 0.21513 0.59773
vt 0.91128 0.48278
vt 0.83996 0.48278
vt 0.21605 0.57915
vt 0.78349 0.81604
vt 0.78631 0.82432
vt 0.18647 0.59278
vt 0.1855 0.60012
vt 0.18711 0.58066
vt 0.14161 0.7691
vt 0.80904 0.01065
vt 0.51211 0.31494
vt 0.5124 0.31306
vt 0.41804 0.31255
vt 0.41774 0.31442
vt 0.76948 0.99805
vt 0.67511 0.99805
vt 0.75256 0.01235
vt 0.75133 0.01226
vt 0.84433 0.82471
vt 0.84009 0.82879
vt 0.52339 0.49194
vt 0.21596 0.83075
vt 0.66297 0.00809
vt 0.66284 0.00556
vt 0.27354 0.79909
vt 0.27094 0.79414
vt 0.76993 0.81987
vt 0.77869 0.82706
vt 0.83778 0.00757
vt 0.83778 0.01002
vt 0.8106 0.01061
vt 0.85681 0.99093
vt 0.85691 0.99802
vt 0.85954 0.99796
vt 0.85939 0.99087
vt 0.86215 0.99788
vt 0.86198 0.99074
vt 0.99407 0.96269
vt 0.99415 0.95552
vt 0.99152 0.95549
vt 0.99148 0.9626
vt 0.98889 0.95548
vt 0.98891 0.96258
vt 0.98626 0.95551
vt 0.98633 0.9626
vt 0.98365 0.95556
vt 0.98373 0.96269
vt 0.39746 0.86594
vt 0.39763 0.85876
vt 0.39501 0.85869
vt 0.39488 0.86582
vt 0.39237 0.85865
vt 0.39231 0.86576
vt 0.38972 0.85864
vt 0.38974 0.86574
vt 0.38708 0.85867
vt 0.38717 0.86576
vt 0.38445 0.85873
vt 0.3846 0.86582
vt 0.38184 0.85881
vt 0.38201 0.86594
vt 0.70423 0.93141
vt 0.70431 0.92424
vt 0.70169 0.92421
vt 0.70165 0.93132
vt 0.69905 0.9242
vt 0.69907 0.9313
vt 0.69642 0.92423
vt 0.6965 0.93132
vt 0.69381 0.92428
vt 0.6939 0.93141
vt 0.84653 0.99075
vt 0.84636 0.99792
vt 0.84898 0.99799
vt 0.84911 0.99087
vt 0.85162 0.99804
vt 0.85168 0.99093
vt 0.85426 0.99805
vt 0.85425 0.99094
vt 0.85936 0.99027
vt 0.8568 0.99032
vt 0.97067 0.85486
vt 0.96918 0.85692
vt 0.8619 0.99014
vt 0.96839 0.85934
vt 0.99146 0.96321
vt 0.994 0.9633
vt 0.96839 0.86189
vt 0.98891 0.96318
vt 0.96918 0.86431
vt 0.98635 0.9632
vt 0.97067 0.86637
vt 0.9838 0.9633
vt 0.97273 0.86786
vt 0.39485 0.86642
vt 0.39738 0.86655
vt 0.97515 0.86865
vt 0.3923 0.86636
vt 0.9777 0.86865
vt 0.38974 0.86635
vt 0.98012 0.86786
vt 0.38718 0.86636
vt 0.98218 0.86637
vt 0.38463 0.86642
vt 0.98367 0.86431
vt 0.38209 0.86655
vt 0.98446 0.86189
vt 0.70163 0.93193
vt 0.70416 0.93202
vt 0.98446 0.85934
vt 0.69907 0.9319
vt 0.98367 0.85692
vt 0.69652 0.93193
vt 0.98218 0.85486
vt 0.69397 0.93202
vt 0.98012 0.85337
vt 0.84914 0.99027
vt 0.8466 0.99014
vt 0.9777 0.85258
vt 0.85169 0.99032
vt 0.97515 0.85258
vt 0.85425 0.99034
vt 0.97273 0.85337
vt 0.50649 0.19595
vt 0.52204 0.19595
vt 0.52204 0.18005
vt 0.50649 0.18005
vt 0.52456 0.36165
vt 0.50902 0.36168
vt 0.50901 0.36877
vt 0.52912 0.85548
vt 0.52912 0.83533
vt 0.35231 0.83534
vt 0.35231 0.85548
vt 0.33849 0.38972
vt 0.33164 0.39671
vt 0.50896 0.3975
vt 0.50901 0.39041
vt 0.3387 0.36817
vt 0.32968 0.18372
vt 0.32968 0.19628
vt 0.33186 0.36113
vt 0.1184 0.88039
vt 0.08462 0.88778
vt 0.08741 0.90003
vt 0.12287 0.90003
vt 0.54613 0.36163
vt 0.55628 0.36883
vt 0.55793 0.36191
vt 0.54353 0.19594
vt 0.54352 0.18004
vt 0.55524 0.19594
vt 0.55751 0.18004
vt 0.52456 0.40211
vt 0.56726 0.37102
vt 0.57051 0.36468
vt 0.56799 0.196
vt 0.56808 0.1801
vt 0.5817 0.37058
vt 0.00908 0.90014
vt 0.01176 0.90014
vt 0.01647 0.90254
vt 0.01431 0.90097
vt 0.03358 0.64964
vt 0.03358 0.64696
vt 0.00195 0.64696
vt 0.00195 0.64964
vt 0.00195 0.78771
vt 0.00195 0.79039
vt 0.03358 0.79039
vt 0.03358 0.78771
vt 0.03358 0.65232
vt 0.00195 0.65232
vt 0.00278 0.90471
vt 0.00195 0.90726
vt 0.01805 0.90471
vt 0.00195 0.79307
vt 0.03358 0.79307
vt 0.03358 0.65501
vt 0.00195 0.65501
vt 0.00195 0.90994
vt 0.00278 0.91249
vt 0.33605 0.83534
vt 0.33605 0.85548
vt 0.01647 0.91466
vt 0.01805 0.91249
vt 0.03358 0.65769
vt 0.00195 0.65769
vt 0.00195 0.79575
vt 0.03358 0.79575
vt 0.00436 0.91466
vt 0.00653 0.91624
vt 0.01176 0.91707
vt 0.01431 0.91624
vt 0.00908 0.91707
vt 0.03358 0.66037
vt 0.00195 0.66037
vt 0.00195 0.79843
vt 0.03358 0.79843
vt 0.59265 0.38343
vt 0.03358 0.66305
vt 0.00195 0.66305
vt 0.98723 0.69303
vt 0.98723 0.69035
vt 0.9556 0.69035
vt 0.9556 0.69303
vt 0.98723 0.68767
vt 0.9556 0.68767
vt 0.21797 0.91439
vt 0.21797 0.91707
vt 0.2496 0.91707
vt 0.2496 0.91439
vt 0.59014 0.39507
vt 0.60274 0.40211
vt 0.98723 0.68499
vt 0.9556 0.68499
vt 0.21797 0.91171
vt 0.2496 0.91171
vt 0.98723 0.68231
vt 0.9556 0.68231
vt 0.21797 0.90903
vt 0.2496 0.90903
vt 0.98723 0.67963
vt 0.9556 0.67963
vt 0.21797 0.90635
vt 0.2496 0.90635
vt 0.98723 0.67695
vt 0.9556 0.67695
vt 0.58057 0.18017
vt 0.58048 0.19607
vt 0.59714 0.19617
vt 0.59725 0.17602
vt 0.25783 0.85548
vt 0.25783 0.83534
vt 0.61799 0.19628
vt 0.6181 0.17614
vt 0.54644 0.37646
vt 0.54765 0.37885
vt 0.80165 0.23344
vt 0.82377 0.23379
vt 0.82377 0.21792
vt 0.80165 0.21792
vt 0.96199 0.92703
vt 0.9733 0.92703
vt 0.9733 0.91598
vt 0.96199 0.91598
vt 0.4723 0.03099
vt 0.46125 0.03099
vt 0.46125 0.03857
vt 0.4723 0.03857
vt 0.41116 0.03857
vt 0.40004 0.03857
vt 0.96839 0.83751
vt 0.98924 0.83751
vt 0.98924 0.82646
vt 0.96839 0.82646
vt 0.46125 0.02315
vt 0.4723 0.02315
vt 0.87637 0.94854
vt 0.88742 0.94854
vt 0.88742 0.94702
vt 0.87637 0.94702
vt 0.84242 0.77882
vt 0.84242 0.79531
vt 0.85376 0.79487
vt 0.85376 0.77882
vt 0.99283 0.92703
vt 0.99283 0.91598
vt 0.41116 0.03099
vt 0.40004 0.03099
vt 0.94014 0.97105
vt 0.94014 0.96952
vt 0.92903 0.96952
vt 0.92903 0.97105
vt 0.41116 0.02315
vt 0.40004 0.02315
vt 0.03274 0.8757
vt 0.05556 0.8757
vt 0.05556 0.86465
vt 0.03274 0.86465
vt 0.96776 0.85061
vt 0.9886 0.85061
vt 0.9886 0.83949
vt 0.96776 0.83949
vt 0.55891 0.40815
vt 0.54779 0.40815
vt 0.9039 0.96163
vt 0.9039 0.95051
vt 0.8926 0.95051
vt 0.8926 0.96163
vt 0.87307 0.95051
vt 0.87307 0.96163
vt 0.80355 0.94547
vt 0.82637 0.94547
vt 0.82637 0.93435
vt 0.80355 0.93435
vt 0.99395 0.92703
vt 0.99395 0.91598
vt 0.03049 0.86465
vt 0.03049 0.8757
vt 0.03162 0.8757
vt 0.03162 0.86465
vt 0.87194 0.95051
vt 0.87194 0.96163
vt 0.82861 0.94547
vt 0.82861 0.93435
vt 0.82749 0.93435
vt 0.82749 0.94547
vt 0.71537 0.31077
vt 0.69968 0.31586
vt 0.70008 0.31708
vt 0.71697 0.31454
vt 0.69086 0.33326
vt 0.69729 0.35309
vt 0.74873 0.31128
vt 0.65998 0.0513
vt 0.65998 0.02848
vt 0.59786 0.02848
vt 0.59786 0.04933
vt 0.59936 0.05109
vt 0.60086 0.05133
vt 0.60748 0.05552
vt 0.61162 0.06188
vt 0.61162 0.07053
vt 0.62749 0.07053
vt 0.62847 0.05909
vt 0.65969 0.05239
vt 0.19681 0.72836
vt 0.13402 0.73694
vt 0.14804 0.70726
vt 0.13414 0.71493
vt 0.13833 0.72251
vt 0.15442 0.7168
vt 0.18499 0.70757
vt 0.81744 0.396
vt 0.75833 0.41886
vt 0.76908 0.4294
vt 0.76908 0.43069
vt 0.78557 0.43069
vt 0.78593 0.42661
vt 0.81715 0.41991
vt 0.99156 0.83751
vt 0.99156 0.82646
vt 0.96544 0.83949
vt 0.96544 0.85061
vt 0.7739 0.23344
vt 0.7872 0.23344
vt 0.7872 0.21792
vt 0.7739 0.21792
vt 0.43605 0.04433
vt 0.43605 0.0517
vt 0.8815 0.77882
vt 0.86821 0.77882
vt 0.86821 0.79487
vt 0.8815 0.79487
vt 0.52291 0.42412
vt 0.52291 0.41673
vt 0.75089 0.23379
vt 0.75089 0.21792
vt 0.89364 0.77882
vt 0.89364 0.79531
vt 0.48665 0.40815
vt 0.4977 0.40815
vt 0.57596 0.25729
vt 0.57596 0.24637
vt 0.39315 0.24637
vt 0.39315 0.25729
vt 0.39315 0.2592
vt 0.57596 0.2592
vt 0.39315 0.26586
vt 0.57596 0.26586
vt 0.39315 0.27252
vt 0.57596 0.27252
vt 0.20813 0.25106
vt 0.20813 0.304
vt 0.39094 0.304
vt 0.39094 0.25106
vt 0.21116 0.24513
vt 0.39424 0.24438
vt 0.39421 0.23812
vt 0.21114 0.23875
vt 0.39419 0.23187
vt 0.21112 0.23237
vt 0.17074 0.12222
vt 0.35381 0.12209
vt 0.35381 0.11584
vt 0.17074 0.11584
vt 0.39315 0.27918
vt 0.57596 0.27918
vt 0.39418 0.22561
vt 0.21111 0.22598
vt 0.17074 0.1286
vt 0.35382 0.12835
vt 0.39315 0.28583
vt 0.57596 0.28583
vt 0.39315 0.28775
vt 0.57596 0.28775
vt 0.39417 0.21935
vt 0.21109 0.2196
vt 0.17075 0.13498
vt 0.35383 0.13461
vt 0.39315 0.2992
vt 0.57596 0.2992
vt 0.39416 0.21309
vt 0.21109 0.21322
vt 0.17077 0.14137
vt 0.35384 0.14087
vt 0.39416 0.20683
vt 0.21109 0.20683
vt 0.39665 0.20802
vt 0.57973 0.20864
vt 0.57975 0.20238
vt 0.39668 0.20163
vt 0.35628 0.12251
vt 0.53936 0.12201
vt 0.53934 0.11575
vt 0.35627 0.11612
vt 0.39663 0.2144
vt 0.57971 0.2149
vt 0.53933 0.10949
vt 0.35626 0.10974
vt 0.39662 0.22078
vt 0.57969 0.22116
vt 0.53933 0.10323
vt 0.35625 0.10336
vt 0.39661 0.22716
vt 0.57968 0.22741
vt 0.53932 0.09698
vt 0.35625 0.09698
vt 0.3966 0.23355
vt 0.57968 0.23367
vt 0.18476 0.30398
vt 0.18476 0.25104
vt 0.00195 0.25104
vt 0.00195 0.30398
vt 0.3966 0.23993
vt 0.57967 0.23993
vt 0.76098 0.292
vt 0.76098 0.24191
vt 0.57817 0.24191
vt 0.57817 0.292
vt 0.95743 0.38729
vt 0.95206 0.38673
vt 0.95639 0.38071
vt 0.95304 0.38055
vt 0.93922 0.36153
vt 0.96045 0.36819
vt 0.96184 0.85017
vt 0.95686 0.85006
vt 0.96184 0.83702
vt 0.95686 0.83745
vt 0.9608 0.84359
vt 0.95786 0.84376
vt 0.9618 0.36684
vt 0.96179 0.35539
vt 0.96622 0.85746
vt 0.80844 0.98893
vt 0.80285 0.98487
vt 0.81501 0.99106
vt 0.82192 0.99106
vt 0.82849 0.98893
vt 0.83408 0.98487
vt 0.83814 0.97928
vt 0.84028 0.97271
vt 0.84028 0.9658
vt 0.83814 0.95923
vt 0.83408 0.95364
vt 0.82849 0.94958
vt 0.82192 0.94744
vt 0.81501 0.94744
vt 0.80844 0.94958
vt 0.80285 0.95364
vt 0.79879 0.95923
vt 0.79666 0.9658
vt 0.79666 0.97271
vt 0.79879 0.97928
vt 0.32746 0.1786
vt 0.32746 0.17203
vt 0.16581 0.17203
vt 0.16581 0.1786
vt 0.32746 0.16546
vt 0.16581 0.16546
vt 0.3496 0.9723
vt 0.3496 0.96573
vt 0.18796 0.96573
vt 0.18796 0.9723
vt 0.3496 0.95917
vt 0.18796 0.95917
vt 0.3496 0.9526
vt 0.18796 0.9526
vt 0.3496 0.94604
vt 0.18796 0.94604
vt 0.16359 0.20719
vt 0.16359 0.20063
vt 0.00195 0.20063
vt 0.00195 0.20719
vt 0.16359 0.19406
vt 0.00195 0.19406
vt 0.16359 0.18749
vt 0.00195 0.18749
vt 0.16359 0.18093
vt 0.00195 0.18093
vt 0.16359 0.17436
vt 0.00195 0.17436
vt 0.16359 0.1678
vt 0.00195 0.1678
vt 0.33238 0.11386
vt 0.33238 0.10729
vt 0.17074 0.10729
vt 0.17074 0.11386
vt 0.33238 0.10073
vt 0.17074 0.10073
vt 0.33238 0.09416
vt 0.17074 0.09416
vt 0.33238 0.0876
vt 0.17074 0.0876
vt 0.32746 0.20486
vt 0.32746 0.19829
vt 0.16581 0.19829
vt 0.16581 0.20486
vt 0.32746 0.19173
vt 0.16581 0.19173
vt 0.32746 0.18516
vt 0.16581 0.18516
vt 0.05365 0.89506
vt 0.05264 0.90383
vt 0.08071 0.90658
vt 0.08203 0.89506
vt 0.72504 0.83619
vt 0.75332 0.8346
vt 0.75334 0.83335
vt 0.72502 0.83402
vt 0.9515 0.84343
vt 0.92312 0.84343
vt 0.92444 0.85495
vt 0.95251 0.8522
vt 0.28655 0.74628
vt 0.72526 0.83835
vt 0.75348 0.83584
vt 0.54029 0.89455
vt 0.56851 0.89455
vt 0.56851 0.89184
vt 0.54029 0.89184
vt 0.99145 0.96527
vt 0.98405 0.96527
vt 0.97666 0.96527
vt 0.49255 0.83043
vt 0.49255 0.83314
vt 0.52078 0.83314
vt 0.52078 0.83043
vt 0.99478 0.87063
vt 0.9864 0.87063
vt 0.97802 0.87063
vt 0.28606 0.73605
vt 0.25783 0.73605
vt 0.50536 0.92368
vt 0.53358 0.92368
vt 0.5337 0.92111
vt 0.5055 0.92073
vt 0.1827 0.90516
vt 0.1545 0.90554
vt 0.15462 0.90811
vt 0.18284 0.90811
vt 0.28704 0.75652
vt 0.25895 0.75924
vt 0.72533 0.83957
vt 0.75353 0.83658
vt 0.72533 0.84078
vt 0.75353 0.83759
vt 0.75319 0.83161
vt 0.72481 0.83161
vt 0.72495 0.83281
vt 0.75331 0.83261
vt 0.98447 0.88205
vt 0.9864 0.88105
vt 0.98495 0.97936
vt 0.98405 0.97848
vt 0.98833 0.88205
vt 0.98316 0.97936
vt 0.54028 0.89477
vt 0.56851 0.89477
vt 0.53357 0.92389
vt 0.50535 0.92389
vt 0.15463 0.90832
vt 0.18285 0.90832
vt 0.52078 0.83336
vt 0.49256 0.83336
vt 0.86345 0.85522
vt 0.84596 0.85462
vt 0.84678 0.85568
vt 0.86341 0.85709
vt 0.60013 0.76616
vt 0.58261 0.767
vt 0.86257 0.86424
vt 0.86278 0.86239
vt 0.84635 0.8609
vt 0.84537 0.86181
vt 0.6398 0.77429
vt 0.9009 0.86249
vt 0.90196 0.86165
vt 0.88776 0.85825
vt 0.8873 0.86007
vt 0.63982 0.76698
vt 0.62449 0.76616
vt 0.89997 0.86762
vt 0.88659 0.86539
vt 0.88633 0.86724
vt 0.90067 0.86877
vt 0.67905 0.96222
vt 0.67905 0.96732
vt 0.68618 0.96732
vt 0.68618 0.96222
vt 0.76959 0.79977
vt 0.78419 0.8093
vt 0.78506 0.80437
vt 0.77048 0.79475
vt 0.53622 0.92585
vt 0.53709 0.93078
vt 0.55169 0.92124
vt 0.5508 0.91622
vt 0.79622 0.81417
vt 0.79708 0.80925
vt 0.62049 0.17817
vt 0.62049 0.18344
vt 0.6664 0.18344
vt 0.6664 0.17817
vt 0.87647 0.85644
vt 0.8767 0.85462
vt 0.6131 0.76619
vt 0.96101 0.95807
vt 0.96628 0.95807
vt 0.96628 0.95721
vt 0.96101 0.95721
vt 0.96628 0.95636
vt 0.96101 0.95636
vt 0.79075 0.99548
vt 0.79602 0.99548
vt 0.79602 0.99463
vt 0.79075 0.99463
vt 0.79075 0.99634
vt 0.79602 0.99634
vt 0.96628 0.9555
vt 0.96101 0.9555
vt 0.79075 0.99719
vt 0.79602 0.99719
vt 0.96628 0.95464
vt 0.96101 0.95464
vt 0.35178 0.04453
vt 0.39769 0.04453
vt 0.5242 0.93073
vt 0.52506 0.93564
vt 0.96628 0.95379
vt 0.96101 0.95379
vt 0.79075 0.99805
vt 0.79602 0.99805
vt 0.96628 0.95293
vt 0.96101 0.95293
vt 0.96544 0.97597
vt 0.97071 0.97597
vt 0.97071 0.97511
vt 0.96544 0.97511
vt 0.87526 0.86615
vt 0.87549 0.86431
vt 0.7878 0.96166
vt 0.79307 0.96166
vt 0.79307 0.9608
vt 0.7878 0.9608
vt 0.96544 0.97682
vt 0.97071 0.97682
vt 0.80749 0.81417
vt 0.80846 0.80866
vt 0.79307 0.95995
vt 0.7878 0.95995
vt 0.96544 0.97768
vt 0.97071 0.97768
vt 0.79307 0.95909
vt 0.7878 0.95909
vt 0.96544 0.97853
vt 0.97071 0.97853
vt 0.93704 0.08997
vt 0.89114 0.08997
vt 0.79307 0.95824
vt 0.7878 0.95824
vt 0.96544 0.97939
vt 0.97071 0.97939
vt 0.96544 0.98024
vt 0.97071 0.98024
vt 0.82112 0.80925
vt 0.82233 0.80239
vt 0.51379 0.93564
vt 0.51282 0.93014
vt 0.78928 0.96877
vt 0.79455 0.96877
vt 0.79455 0.96791
vt 0.78928 0.96791
vt 0.79455 0.96706
vt 0.78928 0.96706
vt 0.93591 0.98521
vt 0.94119 0.98521
vt 0.94119 0.98436
vt 0.93591 0.98436
vt 0.93591 0.98607
vt 0.94119 0.98607
vt 0.79455 0.9662
vt 0.78928 0.9662
vt 0.93591 0.98692
vt 0.94119 0.98692
vt 0.79455 0.96534
vt 0.78928 0.96534
vt 0.79455 0.96449
vt 0.78928 0.96449
vt 0.93591 0.98778
vt 0.94119 0.98778
vt 0.79455 0.96363
vt 0.78928 0.96363
vt 0.95068 0.99377
vt 0.95595 0.99377
vt 0.95595 0.99291
vt 0.95068 0.99291
vt 0.65445 0.97365
vt 0.65445 0.98062
vt 0.66157 0.98062
vt 0.66157 0.97365
vt 0.78928 0.95626
vt 0.79455 0.95626
vt 0.79455 0.9554
vt 0.78928 0.9554
vt 0.95068 0.99463
vt 0.95595 0.99463
vt 0.50016 0.93072
vt 0.49895 0.92386
vt 0.79455 0.95455
vt 0.78928 0.95455
vt 0.95068 0.99548
vt 0.95595 0.99548
vt 0.79455 0.95369
vt 0.78928 0.95369
vt 0.95068 0.99634
vt 0.95595 0.99634
vt 0.79455 0.95284
vt 0.78928 0.95284
vt 0.95068 0.99719
vt 0.95595 0.99719
vt 0.95068 0.99805
vt 0.95595 0.99805
vt 0.32968 0.20486
vt 0.34591 0.20486
vt 0.34591 0.19959
vt 0.32968 0.19959
vt 0.3346 0.095
vt 0.39728 0.095
vt 0.35885 0.20486
vt 0.35885 0.19959
vt 0.95423 0.14044
vt 0.89154 0.14044
vt 0.69942 0.06288
vt 0.69942 0.05761
vt 0.63673 0.05761
vt 0.63673 0.06288
vt 0.37048 0.20486
vt 0.37048 0.19959
vt 0.38318 0.20486
vt 0.38318 0.19959
vt 0.76237 0.01694
vt 0.76226 0.01848
vt 0.78935 0.01694
vt 0.78943 0.01539
vt 0.54816 0.70928
vt 0.54858 0.71085
vt 0.57046 0.694
vt 0.55912 0.75435
vt 0.55952 0.75619
vt 0.58012 0.76504
vt 0.49676 0.0229
vt 0.47435 0.02342
vt 0.47484 0.02494
vt 0.49681 0.02443
vt 0.61092 0.68875
vt 0.64889 0.70155
vt 0.64917 0.7
vt 0.61103 0.68718
vt 0.83056 0.01642
vt 0.87085 0.01764
vt 0.87072 0.01608
vt 0.83054 0.01489
vt 0.55566 0.0227
vt 0.55573 0.02116
vt 0.52154 0.02161
vt 0.52148 0.02316
vt 0.63898 0.75911
vt 0.60489 0.76262
vt 0.7892 0.01331
vt 0.76221 0.01486
vt 0.4749 0.02701
vt 0.49688 0.02656
vt 0.87074 0.01391
vt 0.83048 0.01269
vt 0.52151 0.02534
vt 0.55567 0.0249
vt 0.90792 0.01694
vt 0.90795 0.01492
vt 0.58194 0.02701
vt 0.58257 0.02453
vt 0.36117 0.91836
vt 0.36117 0.92044
vt 0.41039 0.92044
vt 0.36179 0.91695
vt 0.3633 0.91637
vt 0.41039 0.91837
vt 0.40965 0.91695
vt 0.40786 0.91637
vt 0.63341 0.02312
vt 0.908 0.01848
vt 0.68172 0.71777
vt 0.666 0.76504
vt 0.4474 0.86664
vt 0.44998 0.8667
vt 0.45013 0.85961
vt 0.4475 0.85955
vt 0.45257 0.86683
vt 0.45274 0.85969
vt 0.55365 0.93331
vt 0.55623 0.93322
vt 0.5562 0.92611
vt 0.55357 0.92614
vt 0.55881 0.9332
vt 0.55883 0.9261
vt 0.56139 0.93322
vt 0.56146 0.92613
vt 0.56398 0.93332
vt 0.56407 0.92618
vt 0.02771 0.86207
vt 0.03029 0.86195
vt 0.03017 0.85482
vt 0.02754 0.85489
vt 0.03286 0.86189
vt 0.0328 0.85478
vt 0.03543 0.86187
vt 0.03545 0.85477
vt 0.038 0.86189
vt 0.03809 0.8548
vt 0.04057 0.86195
vt 0.04073 0.85486
vt 0.04316 0.86207
vt 0.04334 0.85494
vt 0.22347 0.90376
vt 0.22605 0.90368
vt 0.22601 0.89656
vt 0.22339 0.89659
vt 0.22863 0.90365
vt 0.22865 0.89656
vt 0.2312 0.90368
vt 0.23128 0.89659
vt 0.2338 0.90377
vt 0.23389 0.89663
vt 0.43712 0.86682
vt 0.4397 0.8667
vt 0.43957 0.85958
vt 0.43695 0.85964
vt 0.44227 0.86664
vt 0.44221 0.85953
vt 0.44484 0.86663
vt 0.44486 0.85952
vt 0.4474 0.86725
vt 0.44995 0.8673
vt 0.97902 0.90966
vt 0.97823 0.90724
vt 0.45249 0.86743
vt 0.97823 0.90469
vt 0.55372 0.93392
vt 0.55625 0.93383
vt 0.97902 0.90227
vt 0.55881 0.9338
vt 0.98052 0.90021
vt 0.56137 0.93383
vt 0.98257 0.89872
vt 0.56391 0.93392
vt 0.98499 0.89793
vt 0.02779 0.86268
vt 0.03032 0.86255
vt 0.98754 0.89793
vt 0.03288 0.86249
vt 0.98996 0.89872
vt 0.03543 0.86248
vt 0.99202 0.90021
vt 0.03799 0.86249
vt 0.99351 0.90227
vt 0.04054 0.86255
vt 0.9943 0.90469
vt 0.04309 0.86268
vt 0.9943 0.90724
vt 0.22354 0.90437
vt 0.22607 0.90428
vt 0.99351 0.90966
vt 0.22863 0.90426
vt 0.99202 0.91172
vt 0.23118 0.90428
vt 0.98996 0.91321
vt 0.23373 0.90437
vt 0.98754 0.914
vt 0.4372 0.86743
vt 0.43973 0.8673
vt 0.98499 0.914
vt 0.44228 0.86725
vt 0.98257 0.91321
vt 0.44484 0.86723
vt 0.98052 0.91172
vt 0.44129 0.17375
vt 0.44129 0.15785
vt 0.42574 0.15784
vt 0.42574 0.17375
vt 0.15235 0.36207
vt 0.15236 0.35498
vt 0.13682 0.35492
vt 0.00195 0.16349
vt 0.17876 0.16349
vt 0.17876 0.14334
vt 0.00195 0.14334
vt 0.32282 0.38343
vt 0.15231 0.38371
vt 0.15234 0.3908
vt 0.32965 0.39044
vt 0.32266 0.36188
vt 0.6181 0.16152
vt 0.6181 0.17408
vt 0.32952 0.35485
vt 0.63333 0.9784
vt 0.62886 0.99805
vt 0.66432 0.99805
vt 0.66711 0.9858
vt 0.11525 0.35485
vt 0.10345 0.35509
vt 0.40425 0.15784
vt 0.40425 0.17374
vt 0.39253 0.17374
vt 0.39027 0.15783
vt 0.13672 0.39538
vt 0.09087 0.35784
vt 0.37979 0.17379
vt 0.3797 0.15789
vt 0.07966 0.36372
vt 0.98477 0.93718
vt 0.98261 0.93876
vt 0.98103 0.94093
vt 0.9802 0.94348
vt 0.744 0.65501
vt 0.77563 0.65501
vt 0.77563 0.65233
vt 0.744 0.65233
vt 0.5393 0.68785
vt 0.57093 0.68785
vt 0.57093 0.68517
vt 0.5393 0.68517
vt 0.744 0.65769
vt 0.77563 0.65769
vt 0.99255 0.93718
vt 0.99472 0.93876
vt 0.9802 0.94616
vt 0.57093 0.68249
vt 0.5393 0.68249
vt 0.744 0.66037
vt 0.77563 0.66037
vt 0.9963 0.94093
vt 0.99713 0.94348
vt 0.19502 0.16349
vt 0.19502 0.14334
vt 0.98477 0.95245
vt 0.98732 0.95328
vt 0.744 0.66305
vt 0.77563 0.66305
vt 0.57093 0.67981
vt 0.5393 0.67981
vt 0.99713 0.94616
vt 0.9963 0.94871
vt 0.99 0.95328
vt 0.99255 0.95245
vt 0.99472 0.95087
vt 0.744 0.66574
vt 0.77563 0.66574
vt 0.57093 0.67713
vt 0.5393 0.67713
vt 0.06868 0.37653
vt 0.07436 0.38087
vt 0.744 0.66842
vt 0.77563 0.66842
vt 0.96249 0.71109
vt 0.99412 0.71109
vt 0.99412 0.70841
vt 0.96249 0.70841
vt 0.99412 0.70573
vt 0.96249 0.70573
vt 0.15007 0.67876
vt 0.1817 0.67876
vt 0.1817 0.67608
vt 0.15007 0.67608
vt 0.05854 0.3952
vt 0.99412 0.70305
vt 0.96249 0.70305
vt 0.15007 0.68144
vt 0.1817 0.68144
vt 0.99412 0.70037
vt 0.96249 0.70037
vt 0.15007 0.68412
vt 0.1817 0.68412
vt 0.99412 0.69769
vt 0.96249 0.69769
vt 0.15007 0.68681
vt 0.1817 0.68681
vt 0.99412 0.69501
vt 0.96249 0.69501
vt 0.36721 0.15796
vt 0.3673 0.17387
vt 0.35064 0.17396
vt 0.35053 0.15382
vt 0.27324 0.16349
vt 0.27324 0.14334
vt 0.32968 0.15393
vt 0.32979 0.17408
vt 0.11489 0.37975
vt 0.96339 0.20951
vt 0.96339 0.16016
vt 0.90737 0.16016
vt 0.90737 0.20951
vt 0.62345 0.12186
vt 0.69084 0.12186
vt 0.69084 0.07251
vt 0.62345 0.07251
vt 0.00195 0.43252
vt 0.0565 0.43252
vt 0.0565 0.38317
vt 0.00195 0.38317
vt 0.25045 0.08562
vt 0.30183 0.08562
vt 0.30183 0.03627
vt 0.25045 0.03627
vt 0.69347 0.12186
vt 0.69347 0.07251
vt 0.30709 0.08562
vt 0.30709 0.03627
vt 0.30446 0.03627
vt 0.30446 0.08562
vt 0.898 0.17038
vt 0.87771 0.10611
vt 0.89798 0.17301
vt 0.89643 0.17513
vt 0.42317 0.40466
vt 0.42317 0.45921
vt 0.49057 0.45921
vt 0.49307 0.45841
vt 0.1668 0.03685
vt 0.1668 0.04137
vt 0.23225 0.04137
vt 0.23225 0.03685
vt 0.1668 0.04589
vt 0.23225 0.04589
vt 0.91672 0.47348
vt 0.91672 0.47799
vt 0.98218 0.47799
vt 0.98218 0.47348
vt 0.91672 0.48251
vt 0.98218 0.48251
vt 0.91672 0.48703
vt 0.98218 0.48703
vt 0.91672 0.49155
vt 0.98218 0.49155
vt 0.37495 0.04255
vt 0.37495 0.03803
vt 0.3095 0.03803
vt 0.3095 0.04255
vt 0.37495 0.03351
vt 0.3095 0.03351
vt 0.37495 0.02899
vt 0.3095 0.02899
vt 0.37495 0.02447
vt 0.3095 0.02447
vt 0.37495 0.01995
vt 0.3095 0.01995
vt 0.37495 0.01544
vt 0.3095 0.01544
vt 0.00195 0.35511
vt 0.00195 0.35962
vt 0.06741 0.35962
vt 0.06741 0.35511
vt 0.00195 0.36414
vt 0.06741 0.36414
vt 0.00195 0.36866
vt 0.06741 0.36866
vt 0.00195 0.37318
vt 0.06741 0.37318
vt 0.1668 0.01877
vt 0.1668 0.02329
vt 0.23225 0.02329
vt 0.23225 0.01877
vt 0.1668 0.02781
vt 0.23225 0.02781
vt 0.1668 0.03233
vt 0.23225 0.03233
vt 0.79427 0.76526
vt 0.79774 0.76347
vt 0.79609 0.75836
vt 0.79223 0.75899
vt 0.79814 0.77059
vt 0.8009 0.76781
vt 0.80347 0.77447
vt 0.80524 0.77097
vt 0.80974 0.77651
vt 0.81034 0.77264
vt 0.81634 0.77651
vt 0.81571 0.77264
vt 0.82261 0.77447
vt 0.82081 0.77099
vt 0.82794 0.77059
vt 0.82516 0.76784
vt 0.83182 0.76526
vt 0.82832 0.7635
vt 0.83385 0.75899
vt 0.82999 0.7584
vt 0.83385 0.7524
vt 0.82999 0.75303
vt 0.83182 0.74613
vt 0.82834 0.74792
vt 0.82794 0.74079
vt 0.82519 0.74357
vt 0.82261 0.73692
vt 0.82085 0.74041
vt 0.81634 0.73488
vt 0.81574 0.73875
vt 0.80974 0.73488
vt 0.81037 0.73874
vt 0.80347 0.73692
vt 0.80527 0.7404
vt 0.79814 0.74079
vt 0.80092 0.74355
vt 0.79427 0.74613
vt 0.79776 0.74789
vt 0.79223 0.7524
vt 0.7961 0.75299
vt 0.78288 0.0916
vt 0.78288 0.09787
vt 0.88062 0.09787
vt 0.88062 0.0916
vt 0.78288 0.10413
vt 0.88062 0.10413
vt 0.16465 0.0685
vt 0.16465 0.06223
vt 0.06691 0.06223
vt 0.06691 0.0685
vt 0.16465 0.05597
vt 0.06691 0.05597
vt 0.16465 0.0497
vt 0.06691 0.0497
vt 0.16465 0.04344
vt 0.06691 0.04344
vt 0.07084 0.07047
vt 0.07084 0.07674
vt 0.16859 0.07674
vt 0.16859 0.07047
vt 0.07084 0.083
vt 0.16859 0.083
vt 0.07084 0.08927
vt 0.16859 0.08927
vt 0.07084 0.09553
vt 0.16859 0.09553
vt 0.07084 0.1018
vt 0.16859 0.1018
vt 0.07084 0.10806
vt 0.16859 0.10806
vt 0.66232 0.01839
vt 0.66232 0.02466
vt 0.76006 0.02466
vt 0.76006 0.01839
vt 0.66232 0.03093
vt 0.76006 0.03093
vt 0.66232 0.03719
vt 0.76006 0.03719
vt 0.66232 0.04346
vt 0.76006 0.04346
vt 0.78288 0.06654
vt 0.78288 0.07281
vt 0.88062 0.07281
vt 0.88062 0.06654
vt 0.78288 0.07907
vt 0.88062 0.07907
vt 0.78288 0.08534
vt 0.88062 0.08534
vt 0.80286 0.76585
vt 0.80022 0.76221
vt 0.8065 0.7685
vt 0.81078 0.76989
vt 0.81528 0.7699
vt 0.81956 0.76851
vt 0.8232 0.76587
vt 0.82585 0.76224
vt 0.82724 0.75796
vt 0.82725 0.75346
vt 0.82586 0.74918
vt 0.82322 0.74554
vt 0.81958 0.74289
vt 0.8153 0.74149
vt 0.81081 0.74149
vt 0.80653 0.74287
vt 0.80288 0.74552
vt 0.80023 0.74915
vt 0.79884 0.75343
vt 0.79884 0.75793
vt 0.55242 0.09532
vt 0.54668 0.15262
vt 0.61453 0.15942
vt 0.621 0.09532
vt 0.83976 0.32767
vt 0.83651 0.39033
vt 0.90484 0.39033
vt 0.90786 0.33115
vt 0.71196 0.07076
vt 0.78016 0.06974
vt 0.84832 0.23562
vt 0.91717 0.2374
vt 0.80967 0.64775
vt 0.80767 0.65313
vt 0.87206 0.65108
vt 0.87616 0.64257
vt 0.80355 0.6797
vt 0.80618 0.6964
vt 0.80905 0.69205
vt 0.80666 0.67952
vt 0.87403 0.70167
vt 0.81477 0.70209
vt 0.81208 0.70984
vt 0.87878 0.70984
vt 0.887 0.67583
vt 0.88259 0.67601
vt 0.87832 0.68884
vt 0.88665 0.69268
vt 0.76848 0.53959
vt 0.76516 0.60613
vt 0.76857 0.60449
vt 0.77171 0.54137
vt 0.77078 0.60277
vt 0.77376 0.54312
vt 0.98608 0.2475
vt 0.91918 0.2475
vt 0.91974 0.25678
vt 0.98644 0.25694
vt 0.93824 0.30522
vt 0.95545 0.30564
vt 0.95545 0.2972
vt 0.93678 0.29659
vt 0.42699 0.30117
vt 0.42662 0.31061
vt 0.49331 0.31061
vt 0.49389 0.30133
vt 0.21096 0.60218
vt 0.20941 0.61076
vt 0.22805 0.61027
vt 0.22805 0.60181
vt 0.95545 0.29394
vt 0.93754 0.29327
vt 0.95545 0.29192
vt 0.9384 0.2912
vt 0.84087 0.53959
vt 0.83763 0.54137
vt 0.84078 0.60449
vt 0.84418 0.60613
vt 0.83558 0.54312
vt 0.83856 0.60277
vt 0.21106 0.61612
vt 0.22805 0.61558
vt 0.22805 0.61355
vt 0.21016 0.61406
vt 0.24505 0.61612
vt 0.24595 0.61406
vt 0.2467 0.61076
vt 0.24515 0.60218
vt 0.88535 0.65907
vt 0.87733 0.66354
vt 0.97266 0.30522
vt 0.97412 0.29659
vt 0.97336 0.29327
vt 0.9725 0.2912
vt 0.78649 0.61366
vt 0.78767 0.61173
vt 0.26571 0.61674
vt 0.26717 0.61322
vt 0.26422 0.60418
vt 0.98756 0.30436
vt 0.99024 0.29538
vt 0.98888 0.29191
vt 0.78653 0.53563
vt 0.78769 0.53758
vt 0.82282 0.53563
vt 0.82166 0.53758
vt 0.92202 0.29191
vt 0.92066 0.29538
vt 0.92334 0.30436
vt 0.19188 0.60418
vt 0.18894 0.61322
vt 0.1904 0.61674
vt 0.82167 0.61173
vt 0.82285 0.61366
vt 0.80467 0.61277
vt 0.80467 0.53588
vt 0.82323 0.5166
vt 0.83772 0.53761
vt 0.83772 0.52675
vt 0.83772 0.47603
vt 0.91503 0.28422
vt 0.99017 0.28422
vt 0.99017 0.27335
vt 0.90688 0.27335
vt 0.83772 0.46516
vt 0.82323 0.48617
vt 0.8983 0.53761
vt 0.8983 0.52675
vt 0.86963 0.52675
vt 0.86963 0.53761
vt 0.90688 0.02045
vt 0.90688 0.03132
vt 0.98203 0.03132
vt 0.99017 0.02045
vt 0.91904 0.7755
vt 0.863 0.7755
vt 0.86963 0.46516
vt 0.86963 0.47603
vt 0.8983 0.47603
vt 0.8983 0.46516
vt 0.41923 0.59516
vt 0.48342 0.59516
vt 0.00294 0.82898
vt 0.01615 0.82584
vt 0.69923 0.10233
vt 0.69923 0.15837
vt 0.72475 0.09697
vt 0.88917 0.72024
vt 0.95335 0.72024
vt 0.95335 0.66952
vt 0.88917 0.66952
vt 0.96839 0.93171
vt 0.96839 0.93438
vt 0.97166 0.93438
vt 0.97166 0.93171
vt 0.91095 0.85058
vt 0.84676 0.85058
vt 0.98013 0.93438
vt 0.98013 0.93171
vt 0.56636 0.87307
vt 0.6224 0.87307
vt 0.29849 0.81828
vt 0.26915 0.81828
vt 0.26966 0.82095
vt 0.29849 0.82095
vt 0.03225 0.80312
vt 0.00304 0.80041
vt 0.9886 0.93438
vt 0.9886 0.93171
vt 0.03177 0.81349
vt 0.99187 0.93438
vt 0.99187 0.93171
vt 0.7807 0.10233
vt 0.75518 0.09697
vt 0.7807 0.15837
vt 0.09154 0.82584
vt 0.10475 0.82898
vt 0.03129 0.82386
vt 0.00195 0.82386
vt 0.18894 0.8243
vt 0.18894 0.82697
vt 0.21777 0.82697
vt 0.21828 0.8243
vt 0.75042 0.09697
vt 0.74849 0.12576
vt 0.74001 0.12576
vt 0.73154 0.12576
vt 0.72827 0.12576
vt 0.72961 0.09697
vt 0.04349 0.89243
vt 0.04351 0.88972
vt 0.0643 0.89243
vt 0.06139 0.88972
vt 0.05389 0.88972
vt 0.0464 0.88972
vt 0.92903 0.58442
vt 0.97529 0.58442
vt 0.97529 0.55704
vt 0.92903 0.55704
vt 0.36018 0.46591
vt 0.39582 0.46591
vt 0.39582 0.43853
vt 0.36018 0.43853
vt 0.12922 0.87841
vt 0.12922 0.85171
vt 0.10184 0.85171
vt 0.10184 0.87841
vt 0.93564 0.52091
vt 0.96063 0.52091
vt 0.96063 0.49353
vt 0.93564 0.49353
vt 0.9284 0.49353
vt 0.9284 0.52091
vt 0.92115 0.49353
vt 0.92115 0.52091
vt 0.98253 0.58442
vt 0.98253 0.55704
vt 0.39965 0.46591
vt 0.39965 0.43853
vt 0.96446 0.52091
vt 0.96446 0.49353
vt 0.81191 0.67361
vt 0.81732 0.69975
vt 0.85279 0.66368
vt 0.86975 0.69596
vt 0.86941 0.68235
vt 0.87205 0.68909
vt 0.09987 0.65201
vt 0.09446 0.67815
vt 0.13534 0.68808
vt 0.15231 0.6558
vt 0.15196 0.66941
vt 0.15461 0.66267
vt 0.4028 0.095
vt 0.47189 0.095
vt 0.03112 0.71766
vt 0.01737 0.71766
vt 0.9943 0.96798
vt 0.9943 0.96527
vt 0.99422 0.96818
vt 0.99402 0.96827
vt 0.97487 0.87353
vt 0.97479 0.87063
vt 0.97479 0.87333
vt 0.97507 0.87362
vt 0.9738 0.96527
vt 0.97409 0.96827
vt 0.97389 0.96818
vt 0.9738 0.96798
vt 0.99772 0.87362
vt 0.99801 0.87063
vt 0.99792 0.87353
vt 0.99801 0.87333
usemtl mat0
f 1/1/1 2/2/2 3/3/3
f 4/4/4 5/5/5 6/6/6
f 7/7/7 8/8/8 9/9/9
f 10/10/10 11/11/10 12/12/10
f 13/13/11 14/14/12 15/15/13
f 16/16/14 14/14/12 17/17/14
f 18/18/15 19/19/16 20/20/17
f 21/21/18 22/22/19 20/20/17
f 23/23/20 24/24/21 25/25/22
f 26/26/23 27/27/24 28/28/25
f 29/29/26 30/30/27 31/31/28
f 32/32/29 33/33/30 34/34/31
f 35/35/32 36/36/33 37/37/34
f 38/38/35 39/39/36 40/40/37
f 40/40/37 39/39/36 41/41/38
f 42/42/39 43/43/40 44/44/41
f 43/43/40 45/45/42 46/46/43
f 47/47/14 48/48/44 49/49/45
f 50/50/46 51/51/47 48/48/44
f 52/52/48 53/53/49 54/54/50
f 55/55/51 56/56/52 57/57/53
f 58/58/54 59/59/55 60/60/56
f 61/61/57 62/62/58 63/63/59
f 64/64/10 12/12/10 11/11/10
f 65/65/60 66/66/61 67/67/62
f 68/68/14 69/69/14 67/67/62
f 70/70/63 71/71/64 72/72/65
f 73/73/66 71/71/64 74/74/67
f 75/75/68 76/76/69 77/77/70
f 78/78/71 79/79/72 80/80/73
f 81/81/68 82/82/74 83/83/75
f 32/32/29 84/84/76 33/33/30
f 85/85/77 86/86/78 87/87/79
f 88/88/80 89/89/81 90/90/82
f 89/89/81 91/91/83 90/90/82
f 92/92/84 93/93/85 94/94/86
f 94/94/86 95/95/87 96/96/88
f 97/97/89 98/98/14 99/99/90
f 100/100/91 99/99/90 101/101/92
f 102/102/93 103/103/94 104/104/95
f 105/105/96 106/106/97 107/107/96
f 108/108/97 109/109/96 106/106/97
f 110/110/98 111/111/98 112/112/98
f 113/113/99 114/114/100 115/115/99
f 115/115/99 114/114/100 116/116/100
f 117/117/101 118/118/101 119/119/101
f 120/120/102 119/119/101 118/118/101
f 121/121/103 122/122/103 123/123/103
f 124/124/96 125/125/96 126/126/96
f 127/127/104 128/128/105 129/129/104
f 130/130/106 131/131/107 132/132/106
f 132/132/106 131/131/107 133/133/107
f 134/134/108 135/135/108 136/136/108
f 137/137/109 136/136/108 135/135/108
f 138/138/110 139/139/111 140/140/110
f 141/141/112 137/137/112 135/135/112
f 135/135/108 142/142/113 143/143/113
f 143/143/113 142/142/113 144/144/114
f 145/145/109 146/146/109 147/147/115
f 136/136/108 137/137/109 148/148/115
f 142/142/113 149/149/116 144/144/114
f 142/142/113 150/150/117 149/149/116
f 151/151/118 152/152/119 153/153/120
f 154/154/121 155/155/121 156/156/121
f 154/154/121 156/156/121 157/157/122
f 158/158/123 154/154/121 159/159/124
f 160/160/124 142/142/113 161/161/124
f 160/160/124 150/150/117 142/142/113
f 162/162/125 163/163/125 164/164/126
f 164/164/126 165/165/127 166/166/126
f 167/167/128 168/168/128 169/169/129
f 170/170/130 171/171/130 172/172/131
f 173/173/132 174/174/133 175/175/134
f 176/176/135 177/177/136 178/178/135
f 179/179/135 173/173/132 180/180/136
f 181/181/96 182/182/96 106/106/97
f 183/183/137 106/106/97 184/184/138
f 185/185/139 186/186/139 187/187/139
f 188/188/140 189/189/140 190/190/141
f 189/189/140 191/191/141 190/190/141
f 192/192/142 186/186/139 185/185/139
f 193/193/143 192/192/142 185/185/139
f 194/194/144 195/195/145 196/196/145
f 197/197/96 198/198/96 199/199/96
f 200/200/146 201/201/146 202/202/146
f 203/203/147 204/204/147 205/205/148
f 206/206/149 207/207/150 208/208/151
f 207/207/150 209/209/152 208/208/151
f 105/105/96 181/181/96 106/106/97
f 210/210/153 211/211/153 212/212/153
f 213/213/154 212/212/153 211/211/153
f 214/214/110 215/215/155 216/216/110
f 217/217/156 218/218/156 219/219/157
f 212/212/158 220/220/158 221/221/158
f 222/222/159 212/212/153 221/221/159
f 222/222/160 221/221/160 223/223/160
f 224/224/154 225/225/154 226/226/161
f 227/227/161 213/213/154 211/211/153
f 222/222/160 223/223/160 228/228/162
f 222/222/160 228/228/162 229/229/163
f 230/230/164 231/231/165 232/232/166
f 233/233/167 234/234/167 235/235/167
f 233/233/167 236/236/168 234/234/167
f 237/237/169 238/238/170 233/233/167
f 239/239/170 240/240/170 222/222/160
f 239/239/170 222/222/160 229/229/163
f 241/241/171 242/242/172 243/243/171
f 242/242/172 244/244/172 245/245/173
f 246/246/128 247/247/129 168/168/128
f 248/248/174 249/249/175 250/250/174
f 251/251/176 252/252/176 253/253/177
f 254/254/178 255/255/178 256/256/179
f 257/257/178 258/258/179 251/251/176
f 259/259/144 194/194/144 260/260/180
f 261/261/181 262/262/181 263/263/182
f 264/264/183 265/265/184 266/266/184
f 194/194/144 196/196/145 260/260/180
f 267/267/185 268/268/186 269/269/185
f 270/270/187 271/271/188 272/272/187
f 273/273/189 117/117/101 119/119/101
f 112/112/98 274/274/190 275/275/191
f 112/112/98 275/275/191 276/276/192
f 276/276/192 277/277/192 110/110/98
f 112/112/98 276/276/192 110/110/98
f 278/278/193 186/186/139 279/279/194
f 279/279/194 186/186/139 192/192/142
f 212/212/158 213/213/195 220/220/158
f 135/135/112 143/143/196 141/141/112
f 173/173/132 175/175/134 280/280/132
f 251/251/176 253/253/177 281/281/197
f 282/282/198 283/283/199 284/284/200
f 285/285/201 286/286/202 287/287/203
f 288/288/204 289/289/205 290/290/206
f 291/291/207 289/289/205 292/292/208
f 293/293/209 294/294/210 295/295/211
f 296/296/212 293/293/209 295/295/211
f 297/297/213 296/296/212 295/295/211
f 298/298/214 297/297/213 295/295/211
f 299/299/215 298/298/214 295/295/211
f 300/300/216 299/299/215 295/295/211
f 301/301/217 300/300/216 295/295/211
f 302/302/218 301/301/217 295/295/211
f 303/303/213 302/302/218 295/295/211
f 304/304/219 303/303/213 295/295/211
f 305/305/220 304/304/219 295/295/211
f 306/306/221 305/305/220 295/295/211
f 307/307/222 306/306/221 295/295/211
f 308/308/223 307/307/222 295/295/211
f 309/309/224 308/308/223 295/295/211
f 310/310/225 309/309/224 295/295/211
f 311/311/226 310/310/225 295/295/211
f 312/312/227 311/311/226 295/295/211
f 313/313/228 312/312/227 295/295/211
f 294/294/210 313/313/228 295/295/211
f 314/314/229 315/315/230 316/316/231
f 315/315/230 317/317/10 316/316/231
f 317/317/10 318/318/10 316/316/231
f 318/318/10 319/319/10 316/316/231
f 319/319/10 320/320/232 316/316/231
f 320/320/232 321/321/233 316/316/231
f 321/321/233 322/322/234 316/316/231
f 322/322/234 323/323/10 316/316/231
f 323/323/10 324/324/10 316/316/231
f 324/324/10 325/325/10 316/316/231
f 325/325/10 326/326/235 316/316/231
f 326/326/235 327/327/236 316/316/231
f 327/327/236 328/328/237 316/316/231
f 328/328/237 329/329/238 316/316/231
f 329/329/238 330/330/239 316/316/231
f 330/330/239 331/331/240 316/316/231
f 331/331/240 332/332/241 316/316/231
f 332/332/241 333/333/242 316/316/231
f 333/333/242 334/334/243 316/316/231
f 334/334/243 314/314/229 316/316/231
f 335/335/244 336/336/245 337/337/246
f 338/338/247 339/339/248 340/340/249
f 341/341/250 342/342/251 343/343/252
f 344/344/253 345/345/254 346/346/255
f 347/347/256 348/348/257 349/349/258
f 350/350/259 351/351/257 352/352/260
f 353/353/261 354/354/262 355/355/263
f 356/356/264 357/357/265 358/358/266
f 359/359/267 360/360/268 361/361/269
f 362/362/270 363/363/271 364/364/272
f 365/365/273 366/366/274 367/367/275
f 368/368/276 369/369/277 370/370/278
f 371/371/279 372/372/280 373/373/281
f 373/373/281 374/374/282 375/375/283
f 376/376/284 377/377/285 378/378/286
f 379/379/287 380/380/288 381/381/289
f 382/382/290 383/383/291 384/384/292
f 385/385/293 365/365/273 386/386/294
f 387/387/295 388/388/296 389/389/297
f 390/390/298 391/391/299 392/392/300
f 393/393/301 394/394/302 395/395/303
f 396/396/304 397/397/305 398/398/306
f 399/399/307 400/400/308 401/401/309
f 400/400/308 402/402/310 401/401/309
f 403/403/311 404/404/312 405/405/313
f 406/406/314 407/407/315 408/408/316
f 409/409/317 410/410/318 411/411/319
f 412/412/320 413/413/321 414/414/322
f 415/415/323 416/416/324 417/417/325
f 418/418/326 419/419/327 420/420/325
f 421/421/328 422/422/329 423/423/330
f 424/424/331 425/425/332 426/426/333
f 427/427/334 428/428/335 429/429/336
f 430/430/337 431/431/338 432/432/339
f 433/433/340 434/434/341 435/435/342
f 436/436/343 437/437/344 438/438/345
f 439/439/346 440/440/347 441/441/348
f 442/442/349 443/443/350 444/444/351
f 444/444/351 443/443/350 445/445/352
f 440/440/347 446/446/353 447/447/354
f 448/448/355 449/449/356 450/450/357
f 451/451/358 452/452/359 453/453/360
f 454/454/361 455/455/362 456/456/363
f 457/457/364 458/458/365 435/435/342
f 459/459/366 460/460/367 461/461/368
f 462/462/369 463/463/370 464/464/371
f 465/465/372 466/466/373 467/467/374
f 468/468/375 469/469/376 470/470/377
f 471/471/378 472/472/379 473/473/380
f 473/473/380 472/472/379 474/474/381
f 475/475/382 476/476/383 477/477/384
f 477/477/384 476/476/383 478/478/385
f 478/478/385 476/476/383 479/479/386
f 479/479/386 476/476/383 480/480/387
f 480/480/387 476/476/383 481/481/388
f 481/481/388 476/476/383 482/482/389
f 482/482/389 476/476/383 483/483/390
f 483/483/390 476/476/383 484/484/391
f 484/484/391 476/476/383 485/485/392
f 485/485/392 476/476/383 486/486/393
f 486/486/393 476/476/383 487/487/394
f 487/487/394 476/476/383 488/488/395
f 488/488/395 476/476/383 489/489/396
f 489/489/396 476/476/383 490/490/397
f 490/490/397 476/476/383 491/491/398
f 491/491/398 476/476/383 492/492/399
f 492/492/399 476/476/383 493/493/400
f 493/493/400 476/476/383 494/494/401
f 494/494/401 476/476/383 495/495/402
f 495/495/402 476/476/383 475/475/382
f 496/496/403 497/497/404 498/498/405
f 499/499/406 497/497/404 496/496/403
f 500/500/407 497/497/404 499/499/406
f 501/501/408 497/497/404 500/500/407
f 502/502/409 497/497/404 501/501/408
f 503/503/410 497/497/404 502/502/409
f 504/504/411 497/497/404 503/503/410
f 505/505/412 497/497/404 504/504/411
f 506/506/413 497/497/404 505/505/412
f 507/507/414 497/497/404 506/506/413
f 508/508/415 497/497/404 507/507/414
f 509/509/416 497/497/404 508/508/415
f 510/510/417 497/497/404 509/509/416
f 511/511/418 497/497/404 510/510/417
f 512/512/419 497/497/404 511/511/418
f 513/513/420 497/497/404 512/512/419
f 514/514/421 497/497/404 513/513/420
f 515/515/422 497/497/404 514/514/421
f 516/516/423 497/497/404 515/515/422
f 498/498/405 497/497/404 516/516/423
f 517/517/424 518/518/425 519/519/426
f 520/520/427 521/521/428 519/519/426
f 522/522/429 523/523/430 524/524/431
f 524/524/431 523/523/430 525/525/432
f 525/525/432 523/523/430 526/526/433
f 526/526/433 523/523/430 527/527/434
f 528/528/435 529/529/436 530/530/437
f 531/531/438 530/530/437 532/532/439
f 529/529/436 533/533/440 530/530/437
f 532/532/439 530/530/437 534/534/441
f 534/534/441 530/530/437 533/533/440
f 535/535/442 536/536/443 537/537/444
f 528/528/435 538/538/445 539/539/446
f 539/539/446 538/538/445 540/540/447
f 540/540/447 538/538/445 541/541/448
f 542/542/449 543/543/450 544/544/451
f 545/545/452 546/546/453 547/547/454
f 547/547/454 548/548/455 545/545/452
f 549/549/456 550/550/457 551/551/458
f 552/552/459 553/553/460 554/554/461
f 553/553/460 552/552/459 555/555/462
f 556/556/463 557/557/464 558/558/465
f 559/559/466 560/560/467 561/561/468
f 562/562/469 563/563/26 561/561/468
f 564/564/470 565/565/471 566/566/472
f 567/567/473 568/568/474 569/569/475
f 570/570/476 571/571/477 572/572/478
f 572/572/478 573/573/479 574/574/26
f 575/575/68 576/576/480 577/577/481
f 578/578/482 579/579/483 580/580/484
f 579/579/483 581/581/68 582/582/485
f 583/583/486 584/584/487 585/585/488
f 585/585/488 584/584/487 586/586/489
f 551/551/458 587/587/490 549/549/456
f 588/588/491 589/589/492 590/590/493
f 591/591/494 592/592/495 593/593/496
f 594/594/497 595/595/498 596/596/499
f 597/597/500 598/598/501 599/599/500
f 600/600/502 601/601/503 602/602/504
f 603/603/505 604/604/10 605/605/506
f 606/606/507 607/607/508 608/608/509
f 609/609/510 610/610/511 611/611/512
f 610/610/511 612/612/513 611/611/512
f 612/612/513 613/613/514 611/611/512
f 614/614/515 615/615/516 616/616/517
f 616/616/517 615/615/516 617/617/518
f 617/617/518 615/615/516 618/618/519
f 613/613/514 619/619/520 611/611/512
f 620/620/521 621/621/522 615/615/516
f 615/615/516 621/621/522 618/618/519
f 622/622/523 623/623/524 624/624/525
f 624/624/525 623/623/524 625/625/526
f 625/625/526 623/623/524 626/626/527
f 626/626/527 623/623/524 627/627/528
f 600/600/502 628/628/529 629/629/530
f 630/630/531 631/631/532 632/632/533
f 631/631/532 633/633/534 632/632/533
f 633/633/534 634/634/535 632/632/533
f 634/634/535 635/635/536 632/632/533
f 635/635/536 636/636/537 632/632/533
f 627/627/528 623/623/524 636/636/537
f 636/636/537 623/623/524 632/632/533
f 637/637/538 638/638/539 639/639/540
f 640/640/541 637/637/538 639/639/540
f 641/641/542 640/640/541 639/639/540
f 642/642/543 641/641/542 639/639/540
f 643/643/544 642/642/543 639/639/540
f 644/644/545 643/643/544 639/639/540
f 645/645/546 644/644/545 639/639/540
f 646/646/547 645/645/546 639/639/540
f 647/647/213 646/646/547 639/639/540
f 648/648/548 647/647/213 639/639/540
f 649/649/543 648/648/548 639/639/540
f 650/650/549 649/649/543 639/639/540
f 651/651/213 650/650/549 639/639/540
f 652/652/213 651/651/213 639/639/540
f 653/653/213 652/652/213 639/639/540
f 654/654/213 653/653/213 639/639/540
f 655/655/213 654/654/213 639/639/540
f 656/656/550 655/655/213 639/639/540
f 657/657/551 656/656/550 639/639/540
f 638/638/539 657/657/551 639/639/540
f 658/658/552 659/659/553 660/660/554
f 659/659/553 661/661/555 660/660/554
f 661/661/555 662/662/556 660/660/554
f 662/662/556 663/663/557 660/660/554
f 663/663/557 664/664/558 660/660/554
f 664/664/558 665/665/559 660/660/554
f 665/665/559 666/666/560 660/660/554
f 666/666/560 667/667/561 660/660/554
f 667/667/561 668/668/562 660/660/554
f 668/668/562 669/669/563 660/660/554
f 669/669/563 670/670/564 660/660/554
f 670/670/564 671/671/565 660/660/554
f 671/671/565 672/672/566 660/660/554
f 672/672/566 673/673/567 660/660/554
f 673/673/567 674/674/568 660/660/554
f 674/674/568 675/675/569 660/660/554
f 675/675/569 676/676/570 660/660/554
f 676/676/570 677/677/571 660/660/554
f 677/677/571 678/678/572 660/660/554
f 678/678/572 658/658/552 660/660/554
f 679/679/573 680/680/574 681/681/575
f 681/681/575 682/682/576 683/683/577
f 684/684/578 685/685/213 686/686/213
f 687/687/579 688/688/580 689/689/581
f 690/690/582 684/684/578 691/691/583
f 689/689/581 692/692/584 693/693/10
f 689/689/581 693/693/10 694/694/585
f 687/687/579 689/689/581 695/695/586
f 690/690/582 696/696/587 684/684/578
f 684/684/578 697/697/588 685/685/213
f 698/698/589 699/699/590 700/700/591
f 699/699/590 698/698/589 701/701/592
f 698/698/589 700/700/591 702/702/593
f 699/699/590 703/703/594 704/704/595
f 699/699/590 704/704/595 700/700/591
f 703/703/594 705/705/596 706/706/597
f 703/703/594 706/706/597 704/704/595
f 706/706/597 707/707/598 708/708/599
f 709/709/600 710/710/68 711/711/601
f 710/710/68 712/712/68 711/711/601
f 712/712/68 713/713/602 711/711/601
f 714/714/603 715/715/604 716/716/605
f 713/713/602 717/717/606 711/711/601
f 718/718/607 719/719/608 715/715/604
f 719/719/608 720/720/609 715/715/604
f 720/720/609 721/721/610 715/715/604
f 721/721/610 716/716/605 715/715/604
f 722/722/611 723/723/612 724/724/613
f 723/723/612 725/725/614 724/724/613
f 726/726/615 727/727/616 728/728/617
f 728/728/617 727/727/616 729/729/618
f 725/725/614 730/730/619 724/724/613
f 729/729/618 727/727/616 731/731/620
f 730/730/619 732/732/621 724/724/613
f 731/731/620 727/727/616 733/733/622
f 732/732/621 734/734/623 724/724/613
f 724/724/613 734/734/623 727/727/616
f 734/734/623 733/733/622 727/727/616
f 735/735/624 736/736/625 737/737/626
f 738/738/627 739/739/68 715/715/604
f 737/737/626 736/736/625 740/740/628
f 739/739/68 741/741/68 715/715/604
f 740/740/628 736/736/625 742/742/629
f 741/741/68 743/743/630 715/715/604
f 744/744/631 745/745/632 736/736/625
f 745/745/632 746/746/633 736/736/625
f 746/746/633 742/742/629 736/736/625
f 747/747/634 748/748/635 749/749/636
f 748/748/635 750/750/26 749/749/636
f 751/751/637 752/752/638 753/753/639
f 750/750/26 754/754/26 749/749/636
f 753/753/639 752/752/638 755/755/640
f 755/755/640 752/752/638 756/756/641
f 754/754/26 757/757/26 749/749/636
f 757/757/26 758/758/642 749/749/636
f 711/711/601 759/759/643 709/709/600
f 709/709/600 759/759/643 760/760/644
f 760/760/644 759/759/643 761/761/645
f 761/761/645 759/759/643 762/762/646
f 714/714/603 763/763/647 764/764/648
f 763/763/647 765/765/649 764/764/648
f 765/765/649 766/766/650 764/764/648
f 762/762/646 759/759/643 767/767/651
f 766/766/650 768/768/652 764/764/648
f 767/767/651 759/759/643 769/769/653
f 770/770/654 749/749/636 771/771/655
f 771/771/655 749/749/636 772/772/656
f 772/772/656 749/749/636 773/773/657
f 726/726/615 774/774/658 727/727/616
f 773/773/657 749/749/636 775/775/659
f 774/774/658 776/776/660 727/727/616
f 775/775/659 749/749/636 777/777/661
f 776/776/660 778/778/662 749/749/636
f 778/778/662 777/777/661 749/749/636
f 779/779/663 780/780/664 781/781/665
f 738/738/627 764/764/648 782/782/666
f 782/782/666 764/764/648 783/783/667
f 780/780/664 784/784/668 781/781/665
f 783/783/667 764/764/648 785/785/669
f 784/784/668 786/786/670 781/781/665
f 785/785/669 764/764/648 787/787/671
f 787/787/671 764/764/648 788/788/672
f 789/789/673 790/790/674 791/791/675
f 791/791/675 790/790/674 792/792/676
f 792/792/676 790/790/674 793/793/677
f 794/794/678 795/795/679 796/796/680
f 793/793/677 790/790/674 797/797/681
f 795/795/679 798/798/682 796/796/680
f 797/797/681 790/790/674 799/799/683
f 798/798/682 800/800/684 796/796/680
f 801/801/685 802/802/686 803/803/687
f 804/804/688 805/805/689 806/806/690
f 807/807/691 808/808/692 809/809/693
f 810/810/694 811/811/695 809/809/693
f 812/812/696 813/813/697 814/814/698
f 813/813/697 815/815/26 814/814/698
f 815/815/26 816/816/26 814/814/698
f 816/816/26 817/817/26 814/814/698
f 817/817/26 818/818/699 814/814/698
f 818/818/699 819/819/700 814/814/698
f 819/819/700 820/820/701 814/814/698
f 820/820/701 821/821/702 814/814/698
f 821/821/702 822/822/703 814/814/698
f 822/822/703 823/823/704 814/814/698
f 823/823/704 824/824/26 814/814/698
f 824/824/26 825/825/26 814/814/698
f 825/825/26 826/826/26 814/814/698
f 826/826/26 827/827/26 814/814/698
f 827/827/26 828/828/26 814/814/698
f 828/828/26 829/829/26 814/814/698
f 829/829/26 830/830/26 814/814/698
f 830/830/26 831/831/705 814/814/698
f 831/831/705 832/832/706 814/814/698
f 832/832/706 812/812/696 814/814/698
f 833/833/707 834/834/708 835/835/709
f 836/836/710 833/833/707 835/835/709
f 837/837/711 836/836/710 835/835/709
f 838/838/712 837/837/711 835/835/709
f 839/839/713 838/838/712 835/835/709
f 840/840/714 839/839/713 835/835/709
f 841/841/715 840/840/714 835/835/709
f 842/842/716 841/841/715 835/835/709
f 843/843/717 842/842/716 835/835/709
f 844/844/718 843/843/717 835/835/709
f 845/845/719 844/844/718 835/835/709
f 846/846/720 845/845/719 835/835/709
f 847/847/721 846/846/720 835/835/709
f 848/848/722 847/847/721 835/835/709
f 849/849/723 848/848/722 835/835/709
f 850/850/724 849/849/723 835/835/709
f 851/851/725 850/850/724 835/835/709
f 852/852/726 851/851/725 835/835/709
f 853/853/727 852/852/726 835/835/709
f 834/834/708 853/853/727 835/835/709
f 854/854/728 855/855/729 856/856/730
f 857/857/731 855/855/729 858/858/732
f 859/859/733 860/860/734 861/861/735
f 862/862/736 863/863/737 864/864/738
f 860/860/734 865/865/739 861/861/735
f 864/864/738 863/863/737 866/866/740
f 865/865/739 867/867/741 861/861/735
f 866/866/740 863/863/737 868/868/742
f 867/867/741 869/869/743 861/861/735
f 870/870/744 871/871/745 863/863/737
f 871/871/745 868/868/742 863/863/737
f 872/872/746 873/873/747 874/874/748
f 875/875/749 876/876/750 877/877/751
f 878/878/752 879/879/753 880/880/754
f 881/881/755 882/882/756 883/883/757
f 882/882/756 884/884/758 883/883/757
f 885/885/68 886/886/759 887/887/760
f 888/888/761 889/889/762 890/890/763
f 891/891/764 892/892/765 893/893/766
f 894/894/767 891/891/764 893/893/766
f 895/895/768 894/894/767 893/893/766
f 896/896/213 895/895/768 893/893/766
f 897/897/769 896/896/213 893/893/766
f 898/898/770 897/897/769 893/893/766
f 899/899/771 898/898/770 893/893/766
f 900/900/213 899/899/771 893/893/766
f 901/901/213 900/900/213 893/893/766
f 902/902/772 901/901/213 893/893/766
f 903/903/773 902/902/772 893/893/766
f 904/904/774 903/903/773 893/893/766
f 905/905/775 904/904/774 893/893/766
f 906/906/776 905/905/775 893/893/766
f 907/907/777 906/906/776 893/893/766
f 908/908/778 907/907/777 893/893/766
f 909/909/779 908/908/778 893/893/766
f 910/910/780 909/909/779 893/893/766
f 911/911/781 910/910/780 893/893/766
f 892/892/765 911/911/781 893/893/766
f 912/912/10 913/913/10 914/914/782
f 913/913/10 915/915/783 914/914/782
f 915/915/783 916/916/784 914/914/782
f 916/916/784 917/917/785 914/914/782
f 917/917/785 918/918/786 914/914/782
f 918/918/786 919/919/787 914/914/782
f 919/919/787 920/920/788 914/914/782
f 920/920/788 921/921/789 914/914/782
f 921/921/789 922/922/10 914/914/782
f 922/922/10 923/923/10 914/914/782
f 923/923/10 924/924/10 914/914/782
f 924/924/10 925/925/10 914/914/782
f 925/925/10 926/926/10 914/914/782
f 926/926/10 927/927/790 914/914/782
f 927/927/790 928/928/791 914/914/782
f 928/928/791 929/929/792 914/914/782
f 929/929/792 930/930/793 914/914/782
f 930/930/793 931/931/794 914/914/782
f 931/931/794 932/932/10 914/914/782
f 932/932/10 912/912/10 914/914/782
f 933/933/795 934/934/796 935/935/797
f 936/936/798 937/937/799 938/938/800
f 939/939/801 940/940/802 941/941/803
f 942/942/804 943/943/805 944/944/806
f 945/945/807 946/946/808 947/947/809
f 948/948/810 949/949/811 950/950/812
f 951/951/26 952/952/26 953/953/26
f 954/954/68 955/955/68 956/956/68
f 957/957/813 958/958/814 959/959/815
f 960/960/816 961/961/817 962/962/818
f 963/963/819 964/964/820 965/965/821
f 966/966/822 967/967/823 968/968/824
f 969/969/825 970/970/826 971/971/827
f 972/972/828 969/969/825 973/973/829
f 974/974/830 975/975/831 976/976/832
f 967/967/833 965/965/834 977/977/833
f 978/978/835 979/979/836 980/980/837
f 981/981/838 982/982/839 983/983/840
f 984/984/213 985/985/841 986/986/842
f 984/984/213 986/986/842 987/987/213
f 6/6/6 988/988/843 989/989/844
f 6/6/6 989/989/844 4/4/4
f 990/990/845 991/991/845 992/992/845
f 990/990/845 992/992/845 993/993/845
f 994/994/846 995/995/847 996/996/848
f 994/994/846 996/996/848 988/988/843
f 997/997/849 998/998/849 999/999/849
f 997/997/849 999/999/849 1000/1000/849
f 1001/1001/213 1002/1002/213 1003/1003/213
f 1001/1001/213 1003/1003/213 1004/1004/213
f 1005/1005/213 1006/1006/213 1007/1007/850
f 1005/1005/213 1007/1007/850 1008/1008/851
f 1009/1009/852 1010/1010/853 5/5/5
f 1009/1009/852 5/5/5 4/4/4
f 1011/1011/854 1012/1012/855 1013/1013/856
f 1011/1011/854 1013/1013/856 23/23/20
f 23/23/20 25/25/22 1014/1014/857
f 23/23/20 1014/1014/857 1011/1011/854
f 1007/1007/850 986/986/842 985/985/841
f 1007/1007/850 985/985/841 1008/1008/851
f 1015/1015/858 1016/1016/859 2/2/2
f 1015/1015/858 2/2/2 1/1/1
f 1014/1014/857 25/25/22 1017/1017/860
f 1014/1014/857 1017/1017/860 1018/1018/860
f 1019/1019/861 1020/1020/862 997/997/862
f 1019/1019/861 997/997/862 1000/1000/862
f 1021/1021/863 1022/1022/864 1023/1023/865
f 1021/1021/863 1023/1023/865 1024/1024/866
f 1025/1025/26 1026/1026/26 1012/1012/855
f 1025/1025/26 1012/1012/855 1011/1011/854
f 1027/1027/849 18/18/849 20/20/849
f 1027/1027/849 20/20/849 1028/1028/849
f 9/9/867 1029/1029/868 1030/1030/869
f 9/9/867 1030/1030/869 7/7/870
f 1031/1031/26 1032/1032/26 1033/1033/26
f 1031/1031/26 1033/1033/26 1034/1034/26
f 1035/1035/871 1036/1036/871 1037/1037/871
f 1035/1035/871 1037/1037/871 1038/1038/871
f 1039/1039/26 1040/1040/26 1041/1041/26
f 1039/1039/26 1041/1041/26 1042/1042/26
f 1043/1043/26 1044/1044/26 1045/1045/26
f 1043/1043/26 1045/1045/26 1046/1046/26
f 1047/1047/26 1048/1048/26 1049/1049/26
f 1047/1047/26 1049/1049/26 1050/1050/26
f 1051/1051/872 1052/1052/873 10/10/10
f 1051/1051/872 10/10/10 12/12/10
f 1053/1053/26 1054/1054/26 1055/1055/26
f 1053/1053/26 1055/1055/26 1056/1056/26
f 1057/1057/26 1058/1058/26 1059/1059/26
f 1057/1057/26 1059/1059/26 1060/1060/26
f 1061/1061/14 1062/1062/14 1063/1063/874
f 1061/1061/14 1063/1063/874 1064/1064/875
f 4/4/4 1065/1065/68 1066/1066/68
f 4/4/4 1066/1066/68 1009/1009/852
f 1067/1067/26 1068/1068/26 1069/1069/26
f 1067/1067/26 1069/1069/26 1070/1070/26
f 1071/1071/26 1072/1072/26 1073/1073/26
f 1071/1071/26 1073/1073/26 1074/1074/26
f 1075/1075/876 1076/1076/877 1077/1077/878
f 1075/1075/876 1077/1077/878 1078/1078/876
f 1079/1079/879 1080/1080/880 1081/1081/881
f 1079/1079/879 1081/1081/881 1082/1082/882
f 1076/1076/877 1083/1083/26 1084/1084/26
f 1076/1076/877 1084/1084/26 1077/1077/878
f 1085/1085/883 1082/1082/884 1081/1081/884
f 1085/1085/883 1081/1081/884 1086/1086/885
f 1087/1087/886 1088/1088/886 1089/1089/887
f 1087/1087/886 1089/1089/887 1090/1090/886
f 1051/1051/872 1085/1085/883 1086/1086/885
f 1051/1051/872 1086/1086/885 1052/1052/873
f 1091/1091/888 1092/1092/889 1093/1093/890
f 1091/1091/888 1093/1093/890 1094/1094/891
f 1095/1095/892 1096/1096/892 1097/1097/893
f 1095/1095/892 1097/1097/893 1098/1098/892
f 1099/1099/894 1100/1100/894 1101/1101/894
f 1099/1099/894 1101/1101/894 1102/1102/894
f 17/17/895 1103/1103/895 1104/1104/896
f 17/17/895 1104/1104/896 1105/1105/897
f 1106/1106/898 21/21/899 1107/1107/899
f 1106/1106/898 1107/1107/899 1108/1108/898
f 1109/1109/892 1110/1110/892 1111/1111/893
f 1109/1109/892 1111/1111/893 1112/1112/892
f 1113/1113/900 1114/1114/901 1115/1115/902
f 1113/1113/900 1115/1115/902 1116/1116/900
f 1117/1117/903 1118/1118/904 1119/1119/905
f 1117/1117/903 1119/1119/905 1120/1120/906
f 13/13/11 15/15/13 1121/1121/907
f 13/13/11 1121/1121/907 1122/1122/907
f 14/14/12 1123/1123/908 1117/1117/909
f 14/14/12 1117/1117/909 15/15/13
f 1117/1117/909 1123/1123/908 1124/1124/910
f 1117/1117/909 1124/1124/910 1118/1118/910
f 14/14/12 16/16/14 1109/1109/14
f 14/14/12 1109/1109/14 1123/1123/908
f 1109/1109/14 16/16/14 1125/1125/14
f 1109/1109/14 1125/1125/14 1110/1110/14
f 17/17/14 1126/1126/14 1127/1127/14
f 17/17/14 1127/1127/14 1103/1103/14
f 14/14/12 1095/1095/14 1126/1126/14
f 14/14/12 1126/1126/14 17/17/14
f 1095/1095/14 1128/1128/14 1129/1129/14
f 1095/1095/14 1129/1129/14 1096/1096/14
f 14/14/12 1087/1087/911 1128/1128/14
f 14/14/12 1128/1128/14 1095/1095/14
f 1087/1087/911 14/14/12 1130/1130/912
f 1087/1087/911 1130/1130/912 1088/1088/913
f 1092/1092/914 1131/1131/915 1132/1132/916
f 1092/1092/914 1132/1132/916 1093/1093/917
f 1100/1100/918 22/22/19 1133/1133/919
f 1100/1100/918 1133/1133/919 1101/1101/920
f 21/21/18 1134/1134/921 1135/1135/922
f 21/21/18 1135/1135/922 1107/1107/922
f 1114/1114/923 1136/1136/924 1137/1137/925
f 1114/1114/923 1137/1137/925 1115/1115/926
f 19/19/16 18/18/15 1138/1138/927
f 19/19/16 1138/1138/927 1139/1139/928
f 1140/1140/929 20/20/17 1141/1141/930
f 1140/1140/929 1141/1141/930 1142/1142/931
f 1136/1136/924 1114/1114/923 20/20/17
f 1136/1136/924 20/20/17 19/19/16
f 1134/1134/921 21/21/18 20/20/17
f 1134/1134/921 20/20/17 1114/1114/923
f 1100/1100/918 1131/1131/915 20/20/17
f 1100/1100/918 20/20/17 22/22/19
f 1092/1092/914 1141/1141/930 20/20/17
f 1092/1092/914 20/20/17 1131/1131/915
f 1143/1143/932 1144/1144/932 1145/1145/933
f 1143/1143/932 1145/1145/933 1146/1146/934
f 996/996/848 1147/1147/935 989/989/844
f 996/996/848 989/989/844 988/988/843
f 1148/1148/936 1149/1149/937 1150/1150/938
f 1148/1148/936 1150/1150/938 1151/1151/939
f 14/14/12 1152/1152/14 1153/1153/14
f 14/14/12 1153/1153/14 1130/1130/912
f 1154/1154/849 1155/1155/849 1156/1156/849
f 1154/1154/849 1156/1156/849 46/46/849
f 1157/1157/26 1158/1158/26 1159/1159/26
f 1157/1157/26 1159/1159/26 1160/1160/26
f 1161/1161/940 1162/1162/941 1163/1163/941
f 1161/1161/940 1163/1163/941 1164/1164/942
f 1165/1165/849 1166/1166/849 1167/1167/849
f 1165/1165/849 1167/1167/849 1168/1168/849
f 1169/1169/943 1170/1170/944 1171/1171/943
f 1169/1169/943 1171/1171/943 1172/1172/943
f 24/24/21 1173/1173/945 1174/1174/946
f 24/24/21 1174/1174/946 25/25/22
f 1175/1175/947 1176/1176/947 1177/1177/948
f 1175/1175/947 1177/1177/948 1178/1178/947
f 1152/1152/14 47/47/14 1179/1179/14
f 1152/1152/14 1179/1179/14 1153/1153/14
f 1180/1180/26 1181/1181/26 1182/1182/26
f 1180/1180/26 1182/1182/26 1183/1183/26
f 1184/1184/849 1185/1185/849 1186/1186/849
f 1184/1184/849 1186/1186/849 1187/1187/849
f 1188/1188/949 1189/1189/950 1190/1190/951
f 1188/1188/949 1190/1190/951 1191/1191/949
f 1192/1192/952 1193/1193/953 1194/1194/954
f 1192/1192/952 1194/1194/954 1195/1195/955
f 1196/1196/956 32/32/29 34/34/31
f 1196/1196/956 34/34/31 1197/1197/957
f 1198/1198/26 1199/1199/26 1200/1200/26
f 1198/1198/26 1200/1200/26 1201/1201/26
f 1202/1202/849 1203/1203/849 1204/1204/849
f 1202/1202/849 1204/1204/849 1205/1205/849
f 996/996/848 1206/1206/958 1207/1207/959
f 996/996/848 1207/1207/959 1147/1147/935
f 39/39/849 1208/1208/849 1209/1209/960
f 39/39/849 1209/1209/960 1210/1210/961
f 1211/1211/26 1212/1212/26 1213/1213/26
f 1211/1211/26 1213/1213/26 1214/1214/26
f 1215/1215/962 1216/1216/963 1217/1217/964
f 1215/1215/962 1217/1217/964 1218/1218/962
f 1219/1219/965 1220/1220/966 1221/1221/967
f 1219/1219/965 1221/1221/967 1222/1222/966
f 1223/1223/968 1224/1224/969 1225/1225/969
f 1223/1223/968 1225/1225/969 1226/1226/969
f 1227/1227/970 1228/1228/971 53/53/49
f 1227/1227/970 53/53/49 1229/1229/972
f 1230/1230/26 1231/1231/26 1214/1214/26
f 1230/1230/26 1214/1214/26 1213/1213/26
f 1232/1232/973 1233/1233/973 1234/1234/973
f 1232/1232/973 1234/1234/973 1235/1235/973
f 1236/1236/974 1237/1237/975 1238/1238/976
f 1236/1236/974 1238/1238/976 1239/1239/977
f 1240/1240/978 1241/1241/978 1217/1217/964
f 1240/1240/978 1217/1217/964 1216/1216/963
f 1242/1242/979 26/26/23 1206/1206/958
f 1242/1242/979 1206/1206/958 1243/1243/979
f 1244/1244/980 1245/1245/981 1246/1246/982
f 1244/1244/980 1246/1246/982 1247/1247/983
f 1245/1245/981 1248/1248/984 1249/1249/985
f 1245/1245/981 1249/1249/985 1246/1246/982
f 1250/1250/986 1251/1251/987 1252/1252/988
f 1250/1250/986 1252/1252/988 1253/1253/988
f 1251/1251/987 1250/1250/986 1254/1254/989
f 1251/1251/987 1254/1254/989 1255/1255/990
f 1256/1256/991 1257/1257/992 1196/1196/956
f 1256/1256/991 1196/1196/956 1197/1197/957
f 1258/1258/993 1259/1259/993 1260/1260/994
f 1258/1258/993 1260/1260/994 1261/1261/995
f 1262/1262/14 1263/1263/14 1264/1264/14
f 1262/1262/14 1264/1264/14 1265/1265/14
f 1239/1239/977 1238/1238/976 1266/1266/996
f 1239/1239/977 1266/1266/996 1267/1267/997
f 31/31/28 30/30/27 1268/1268/998
f 31/31/28 1268/1268/998 1269/1269/999
f 1270/1270/1000 1271/1271/1001 1272/1272/1002
f 1270/1270/1000 1272/1272/1002 1273/1273/1003
f 1271/1271/1001 1274/1274/1004 1275/1275/1004
f 1271/1271/1001 1275/1275/1004 1272/1272/1002
f 26/26/23 1276/1276/1005 1207/1207/959
f 26/26/23 1207/1207/959 1206/1206/958
f 1277/1277/1006 1257/1257/992 1256/1256/991
f 1277/1277/1006 1256/1256/991 1278/1278/1006
f 37/37/34 36/36/33 1267/1267/997
f 37/37/34 1267/1267/997 1266/1266/996
f 26/26/23 28/28/25 1279/1279/1007
f 26/26/23 1279/1279/1007 1276/1276/1005
f 1280/1280/1008 1281/1281/1009 1282/1282/1010
f 1280/1280/1008 1282/1282/1010 1228/1228/971
f 1277/1277/1006 1278/1278/1006 1283/1283/1011
f 1277/1277/1006 1283/1283/1011 1284/1284/1011
f 1285/1285/1012 1286/1286/1012 1287/1287/1013
f 1285/1285/1012 1287/1287/1013 1288/1288/1014
f 1284/1284/1015 1283/1283/1015 1289/1289/1015
f 1284/1284/1015 1289/1289/1015 1290/1290/1015
f 1291/1291/1016 1292/1292/1017 1293/1293/1018
f 1291/1291/1016 1293/1293/1018 1294/1294/1019
f 1295/1295/1020 1296/1296/1021 1297/1297/1022
f 1295/1295/1020 1297/1297/1022 1298/1298/1023
f 1296/1296/1021 1295/1295/1020 1299/1299/1024
f 1296/1296/1021 1299/1299/1024 1300/1300/1025
f 1301/1301/1026 1302/1302/1027 1303/1303/1028
f 1301/1301/1026 1303/1303/1028 1304/1304/1029
f 1302/1302/1027 1305/1305/1030 1306/1306/1031
f 1302/1302/1027 1306/1306/1031 1303/1303/1028
f 1307/1307/1032 1308/1308/1033 1309/1309/1034
f 1307/1307/1032 1309/1309/1034 1310/1310/1035
f 1311/1311/1036 1312/1312/1037 1313/1313/1038
f 1311/1311/1036 1313/1313/1038 1314/1314/1039
f 1312/1312/1037 1311/1311/1036 1315/1315/1040
f 1312/1312/1037 1315/1315/1040 1316/1316/1041
f 1317/1317/1042 1318/1318/1042 1319/1319/1043
f 1317/1317/1042 1319/1319/1043 1320/1320/1044
f 1321/1321/1045 1322/1322/1046 1323/1323/1047
f 1321/1321/1045 1323/1323/1047 1324/1324/1045
f 38/38/35 40/40/37 1325/1325/1048
f 38/38/35 1325/1325/1048 1326/1326/1049
f 1208/1208/1050 1327/1327/1051 1328/1328/1052
f 1208/1208/1050 1328/1328/1052 1329/1329/1052
f 39/39/36 38/38/35 1327/1327/1051
f 39/39/36 1327/1327/1051 1208/1208/1050
f 1330/1330/1053 1331/1331/1054 1332/1332/1055
f 1330/1330/1053 1332/1332/1055 1333/1333/1056
f 1334/1334/1057 45/45/42 1335/1335/1058
f 1334/1334/1057 1335/1335/1058 1336/1336/1059
f 44/44/41 43/43/40 46/46/43
f 44/44/41 46/46/43 1156/1156/1060
f 46/46/43 1337/1337/1061 1338/1338/1062
f 46/46/43 1338/1338/1062 1339/1339/1063
f 1334/1334/1057 1331/1331/1054 46/46/43
f 1334/1334/1057 46/46/43 45/45/42
f 1330/1330/1053 1337/1337/1061 46/46/43
f 1330/1330/1053 46/46/43 1331/1331/1054
f 47/47/14 49/49/45 1340/1340/14
f 47/47/14 1340/1340/14 1179/1179/14
f 1341/1341/1064 1342/1342/1065 1343/1343/14
f 1341/1341/1064 1343/1343/14 1344/1344/14
f 48/48/44 1345/1345/1066 1346/1346/1067
f 48/48/44 1346/1346/1067 1342/1342/1065
f 1341/1341/1064 49/49/45 48/48/44
f 1341/1341/1064 48/48/44 1342/1342/1065
f 1345/1345/1066 1347/1347/1068 1348/1348/14
f 1345/1345/1066 1348/1348/14 1349/1349/14
f 1350/1350/1069 1351/1351/1070 1352/1352/14
f 1350/1350/1069 1352/1352/14 1353/1353/14
f 51/51/47 50/50/46 1354/1354/1071
f 51/51/47 1354/1354/1071 1355/1355/1071
f 1356/1356/1072 1288/1288/1014 1287/1287/1013
f 1356/1356/1072 1287/1287/1013 1357/1357/1073
f 1356/1356/1072 50/50/46 48/48/44
f 1356/1356/1072 48/48/44 1288/1288/1014
f 1351/1351/1070 1350/1350/1069 48/48/44
f 1351/1351/1070 48/48/44 51/51/47
f 1347/1347/1068 1345/1345/1066 48/48/44
f 1347/1347/1068 48/48/44 1350/1350/1069
f 1/1/1 3/3/3 1358/1358/1074
f 1/1/1 1358/1358/1074 1359/1359/1074
f 1360/1360/1075 8/8/8 7/7/7
f 1360/1360/1075 7/7/7 1361/1361/1075
f 1362/1362/213 1002/1002/213 1001/1001/213
f 1362/1362/213 1001/1001/213 1363/1363/213
f 1190/1190/951 1189/1189/950 1364/1364/10
f 1190/1190/951 1364/1364/10 1365/1365/10
f 1366/1366/1076 19/19/1077 1139/1139/1078
f 1366/1366/1076 1139/1139/1078 1367/1367/1079
f 1282/1282/1010 54/54/50 53/53/49
f 1282/1282/1010 53/53/49 1228/1228/971
f 1294/1294/1019 1293/1293/1018 1368/1368/1080
f 1294/1294/1019 1368/1368/1080 1369/1369/1081
f 1307/1307/1032 1370/1370/1082 1371/1371/1083
f 1307/1307/1032 1371/1371/1083 1308/1308/1033
f 1261/1261/995 1260/1260/994 1372/1372/1084
f 1261/1261/995 1372/1372/1084 1373/1373/1084
f 1320/1320/1044 1319/1319/1043 1374/1374/1085
f 1320/1320/1044 1374/1374/1085 1375/1375/1086
f 984/984/213 987/987/213 1376/1376/213
f 984/984/213 1376/1376/213 1377/1377/213
f 59/59/55 58/58/54 1378/1378/1087
f 59/59/55 1378/1378/1087 1379/1379/1088
f 1380/1380/1089 1381/1381/1089 1382/1382/1090
f 1380/1380/1089 1382/1382/1090 1383/1383/1091
f 1384/1384/1092 1379/1379/1088 1385/1385/1093
f 1384/1384/1092 1385/1385/1093 1386/1386/1094
f 1387/1387/849 1388/1388/849 999/999/849
f 1387/1387/849 999/999/849 998/998/849
f 1389/1389/1095 1390/1390/1096 1391/1391/1096
f 1389/1389/1095 1391/1391/1096 1392/1392/1097
f 1393/1393/213 1394/1394/213 1395/1395/213
f 1393/1393/213 1395/1395/213 1396/1396/213
f 1397/1397/1098 58/58/54 60/60/56
f 1397/1397/1098 60/60/56 1398/1398/1099
f 1399/1399/68 75/75/68 1400/1400/68
f 1399/1399/68 1400/1400/68 1401/1401/68
f 75/75/68 1399/1399/68 1402/1402/1100
f 75/75/68 1402/1402/1100 76/76/69
f 1395/1395/213 1394/1394/213 1377/1377/213
f 1395/1395/213 1377/1377/213 1376/1376/213
f 1403/1403/1101 55/55/51 57/57/53
f 1403/1403/1101 57/57/53 1404/1404/1102
f 1402/1402/1100 1405/1405/1103 1406/1406/1104
f 1402/1402/1100 1406/1406/1104 76/76/69
f 1407/1407/1105 1388/1388/1106 1387/1387/1107
f 1407/1407/1105 1387/1387/1107 1408/1408/1106
f 1409/1409/1108 1410/1410/1108 1411/1411/1109
f 1409/1409/1108 1411/1411/1109 1412/1412/1110
f 1413/1413/68 1399/1399/68 1401/1401/68
f 1413/1413/68 1401/1401/68 1414/1414/68
f 1027/1027/849 1028/1028/849 71/71/849
f 1027/1027/849 71/71/849 70/70/849
f 62/62/1111 61/61/1112 1415/1415/1113
f 62/62/1111 1415/1415/1113 1416/1416/1114
f 1417/1417/1115 1418/1418/1115 1419/1419/1116
f 1417/1417/1115 1419/1419/1116 1420/1420/1117
f 1421/1421/68 1422/1422/68 1423/1423/68
f 1421/1421/68 1423/1423/68 1424/1424/68
f 1425/1425/1118 1426/1426/1119 1427/1427/1118
f 1425/1425/1118 1427/1427/1118 1428/1428/1119
f 1429/1429/68 1430/1430/68 1431/1431/68
f 1429/1429/68 1431/1431/68 1432/1432/68
f 1433/1433/1120 1434/1434/1121 1435/1435/1120
f 1433/1433/1120 1435/1435/1120 1436/1436/1122
f 1437/1437/10 12/12/10 64/64/10
f 1437/1437/10 64/64/10 1438/1438/10
f 1439/1439/1123 1440/1440/1123 1441/1441/1123
f 1439/1439/1123 1441/1441/1123 1442/1442/1123
f 1443/1443/1124 1444/1444/1125 1445/1445/1124
f 1443/1443/1124 1445/1445/1124 1446/1446/1125
f 1447/1447/1126 1064/1064/875 1063/1063/874
f 1447/1447/1126 1063/1063/874 1448/1448/1127
f 58/58/54 1397/1397/1098 1449/1449/1128
f 58/58/54 1449/1449/1128 1450/1450/1128
f 1451/1451/68 1452/1452/68 1453/1453/68
f 1451/1451/68 1453/1453/68 1454/1454/68
f 1455/1455/68 1456/1456/68 1457/1457/68
f 1455/1455/68 1457/1457/68 1458/1458/68
f 1459/1459/1129 1460/1460/1130 1461/1461/1131
f 1459/1459/1129 1461/1461/1131 1462/1462/1132
f 1463/1463/1133 1464/1464/1134 1465/1465/1134
f 1463/1463/1133 1465/1465/1134 1466/1466/1134
f 1462/1462/1132 1461/1461/1131 1467/1467/68
f 1462/1462/1132 1467/1467/68 1468/1468/68
f 1469/1469/1135 1470/1470/1136 1465/1465/1137
f 1469/1469/1135 1465/1465/1137 1464/1464/1137
f 1471/1471/1138 1472/1472/1139 1473/1473/895
f 1471/1471/1138 1473/1473/895 1474/1474/1138
f 1437/1437/10 1438/1438/10 1470/1470/1136
f 1437/1437/10 1470/1470/1136 1469/1469/1135
f 1475/1475/894 1476/1476/894 1477/1477/894
f 1475/1475/894 1477/1477/894 1478/1478/1140
f 1479/1479/1141 1480/1480/1142 1481/1481/1143
f 1479/1479/1141 1481/1481/1143 1482/1482/1144
f 1483/1483/1145 1484/1484/1146 1485/1485/1146
f 1483/1483/1145 1485/1485/1146 1486/1486/1147
f 69/69/1148 1487/1487/1148 1488/1488/1149
f 69/69/1148 1488/1488/1149 1489/1489/1149
f 1490/1490/1150 1491/1491/1151 1492/1492/1152
f 1490/1490/1150 1492/1492/1152 73/73/1151
f 1493/1493/1153 1494/1494/1154 1495/1495/1155
f 1493/1493/1153 1495/1495/1155 1496/1496/1156
f 1497/1497/1157 1498/1498/1158 1499/1499/1159
f 1497/1497/1157 1499/1499/1159 1500/1500/1160
f 1501/1501/1161 1502/1502/1162 1503/1503/1162
f 1501/1501/1161 1503/1503/1162 1504/1504/1163
f 65/65/60 1505/1505/1164 1506/1506/1164
f 65/65/60 1506/1506/1164 66/66/61
f 67/67/62 66/66/61 1501/1501/1165
f 67/67/62 1501/1501/1165 1507/1507/1166
f 1501/1501/1165 1504/1504/1167 1508/1508/1167
f 1501/1501/1165 1508/1508/1167 1507/1507/1166
f 67/67/62 1507/1507/1166 1493/1493/14
f 67/67/62 1493/1493/14 68/68/14
f 1493/1493/14 1496/1496/14 1509/1509/14
f 1493/1493/14 1509/1509/14 68/68/14
f 69/69/14 1489/1489/14 1510/1510/14
f 69/69/14 1510/1510/14 1511/1511/14
f 67/67/62 69/69/14 1511/1511/14
f 67/67/62 1511/1511/14 1479/1479/14
f 1479/1479/14 1482/1482/14 1512/1512/14
f 1479/1479/14 1512/1512/14 1513/1513/14
f 67/67/62 1479/1479/14 1513/1513/14
f 67/67/62 1513/1513/14 1471/1471/14
f 1471/1471/14 1474/1474/14 1514/1514/14
f 1471/1471/14 1514/1514/14 67/67/62
f 1478/1478/1168 1477/1477/1169 1515/1515/1170
f 1478/1478/1168 1515/1515/1170 1516/1516/66
f 1486/1486/1171 1485/1485/1172 1517/1517/1173
f 1486/1486/1171 1517/1517/1173 74/74/67
f 73/73/66 1492/1492/66 1518/1518/66
f 73/73/66 1518/1518/66 1519/1519/1174
f 1500/1500/1175 1499/1499/1176 1520/1520/1176
f 1500/1500/1175 1520/1520/1176 1521/1521/1177
f 72/72/65 1522/1522/1178 1523/1523/1179
f 72/72/65 1523/1523/1179 70/70/63
f 1524/1524/1180 1525/1525/1181 1526/1526/1182
f 1524/1524/1180 1526/1526/1182 71/71/64
f 1521/1521/1177 72/72/65 71/71/64
f 1521/1521/1177 71/71/64 1500/1500/1175
f 1519/1519/1174 1500/1500/1175 71/71/64
f 1519/1519/1174 71/71/64 73/73/66
f 1486/1486/1171 74/74/67 71/71/64
f 1486/1486/1171 71/71/64 1516/1516/66
f 1478/1478/1168 1516/1516/66 71/71/64
f 1478/1478/1168 71/71/64 1526/1526/1182
f 1527/1527/1183 1528/1528/1184 1529/1529/1184
f 1527/1527/1183 1529/1529/1184 1530/1530/1183
f 1385/1385/1093 1379/1379/1088 1378/1378/1087
f 1385/1385/1093 1378/1378/1087 1531/1531/1185
f 1532/1532/1186 1533/1533/1187 1150/1150/938
f 1532/1532/1186 1150/1150/938 1149/1149/937
f 67/67/62 1514/1514/14 1534/1534/1188
f 67/67/62 1534/1534/1188 1535/1535/1189
f 1154/1154/849 95/95/849 1536/1536/849
f 1154/1154/849 1536/1536/849 1155/1155/849
f 1537/1537/1190 1538/1538/1191 1539/1539/1190
f 1537/1537/1190 1539/1539/1190 1540/1540/1191
f 1541/1541/1192 1542/1542/1192 1543/1543/1193
f 1541/1541/1192 1543/1543/1193 1544/1544/1194
f 1545/1545/1195 1546/1546/1196 1547/1547/1196
f 1545/1545/1195 1547/1547/1196 1548/1548/1195
f 1549/1549/1197 1550/1550/1198 1551/1551/1198
f 1549/1549/1197 1551/1551/1198 1552/1552/1197
f 77/77/70 76/76/69 1553/1553/1199
f 77/77/70 1553/1553/1199 1554/1554/1200
f 1555/1555/1201 1556/1556/1202 1557/1557/1201
f 1555/1555/1201 1557/1557/1201 1558/1558/1202
f 1535/1535/1189 1534/1534/1188 1559/1559/1203
f 1535/1535/1189 1559/1559/1203 97/97/89
f 1560/1560/1204 1561/1561/1205 1562/1562/1204
f 1560/1560/1204 1562/1562/1204 1563/1563/1205
f 1564/1564/1206 1565/1565/1207 1566/1566/1206
f 1564/1564/1206 1566/1566/1206 1567/1567/1207
f 1568/1568/1208 1569/1569/1209 1570/1570/1210
f 1568/1568/1208 1570/1570/1210 1571/1571/1211
f 1192/1192/952 1572/1572/1212 1573/1573/1212
f 1192/1192/952 1573/1573/1212 1193/1193/953
f 1574/1574/1213 1575/1575/1214 84/84/76
f 1574/1574/1213 84/84/76 32/32/29
f 1576/1576/68 1577/1577/68 1578/1578/68
f 1576/1576/68 1578/1578/68 1579/1579/68
f 1580/1580/1215 1581/1581/1216 1582/1582/1217
f 1580/1580/1215 1582/1582/1217 1583/1583/1216
f 1385/1385/1093 1531/1531/1185 1584/1584/1218
f 1385/1385/1093 1584/1584/1218 1585/1585/1219
f 90/90/1220 1210/1210/961 1209/1209/960
f 90/90/1220 1209/1209/960 1586/1586/1220
f 1587/1587/1221 1588/1588/1222 1589/1589/1223
f 1587/1587/1221 1589/1589/1223 1590/1590/1224
f 1591/1591/1225 1592/1592/1226 1593/1593/1227
f 1591/1591/1225 1593/1593/1227 1594/1594/1228
f 1595/1595/1229 1596/1596/1230 1597/1597/1231
f 1595/1595/1229 1597/1597/1231 1598/1598/1230
f 1599/1599/1232 1600/1600/1233 1601/1601/1234
f 1599/1599/1232 1601/1601/1234 1602/1602/1235
f 1603/1603/1236 1604/1604/1237 104/104/95
f 1603/1603/1236 104/104/95 1605/1605/1238
f 1606/1606/1239 1589/1589/1223 1588/1588/1222
f 1606/1606/1239 1588/1588/1222 1607/1607/1240
f 1608/1608/1241 1609/1609/1242 1610/1610/1243
f 1608/1608/1241 1610/1610/1243 1611/1611/1244
f 1612/1612/1245 1613/1613/1246 1614/1614/1247
f 1612/1612/1245 1614/1614/1247 1615/1615/1248
f 1240/1240/978 1594/1594/1228 1593/1593/1227
f 1240/1240/978 1593/1593/1227 1241/1241/978
f 1616/1616/1249 1617/1617/1250 1585/1585/1219
f 1616/1616/1249 1585/1585/1219 78/78/71
f 1618/1618/1251 1619/1619/1251 1620/1620/1252
f 1618/1618/1251 1620/1620/1252 1621/1621/1253
f 1621/1621/1253 1620/1620/1252 1622/1622/1254
f 1621/1621/1253 1622/1622/1254 1623/1623/1255
f 1624/1624/1256 1625/1625/1257 1626/1626/1258
f 1624/1624/1256 1626/1626/1258 1627/1627/1259
f 1627/1627/1259 1628/1628/1260 1629/1629/1261
f 1627/1627/1259 1629/1629/1261 1624/1624/1256
f 1630/1630/1262 1575/1575/1214 1574/1574/1213
f 1630/1630/1262 1574/1574/1213 1631/1631/1263
f 1632/1632/1264 1633/1633/1265 1634/1634/1266
f 1632/1632/1264 1634/1634/1266 1635/1635/1267
f 1636/1636/14 1637/1637/14 1264/1264/14
f 1636/1636/14 1264/1264/14 1263/1263/14
f 1613/1613/1246 1638/1638/1268 1639/1639/1269
f 1613/1613/1246 1639/1639/1269 1614/1614/1247
f 82/82/74 1640/1640/1270 1641/1641/1270
f 82/82/74 1641/1641/1270 83/83/75
f 1642/1642/1271 1643/1643/1272 1644/1644/1273
f 1642/1642/1271 1644/1644/1273 1645/1645/1274
f 1645/1645/1274 1644/1644/1273 1646/1646/1275
f 1645/1645/1274 1646/1646/1275 1647/1647/1275
f 78/78/71 1585/1585/1219 1584/1584/1218
f 78/78/71 1584/1584/1218 1648/1648/1276
f 1649/1649/1277 1650/1650/1278 1630/1630/1262
f 1649/1649/1277 1630/1630/1262 1631/1631/1263
f 86/86/78 1639/1639/1269 1638/1638/1268
f 86/86/78 1638/1638/1268 87/87/79
f 78/78/71 1648/1648/1276 1651/1651/1279
f 78/78/71 1651/1651/1279 79/79/72
f 1652/1652/1280 1605/1605/1238 1653/1653/1281
f 1652/1652/1280 1653/1653/1281 1654/1654/1282
f 1649/1649/1277 1655/1655/1283 1656/1656/1284
f 1649/1649/1277 1656/1656/1284 1650/1650/1278
f 1657/1657/1285 1658/1658/1286 1659/1659/1287
f 1657/1657/1285 1659/1659/1287 1660/1660/1285
f 1655/1655/1288 1661/1661/1288 1662/1662/1288
f 1655/1655/1288 1662/1662/1288 1656/1656/1288
f 1663/1663/1289 1664/1664/1290 1665/1665/1291
f 1663/1663/1289 1665/1665/1291 1666/1666/1292
f 1667/1667/1293 1668/1668/1294 1669/1669/1295
f 1667/1667/1293 1669/1669/1295 1670/1670/1296
f 1670/1670/1296 1671/1671/1297 1672/1672/1298
f 1670/1670/1296 1672/1672/1298 1667/1667/1293
f 1673/1673/1299 1674/1674/1300 1675/1675/1301
f 1673/1673/1299 1675/1675/1301 1676/1676/1302
f 1676/1676/1302 1675/1675/1301 1677/1677/1303
f 1676/1676/1302 1677/1677/1303 1678/1678/1304
f 1679/1679/1305 1680/1680/1306 1681/1681/1307
f 1679/1679/1305 1681/1681/1307 1682/1682/1308
f 1683/1683/1309 1684/1684/1310 1685/1685/1311
f 1683/1683/1309 1685/1685/1311 1686/1686/1312
f 1686/1686/1312 1687/1687/1313 1688/1688/1314
f 1686/1686/1312 1688/1688/1314 1683/1683/1309
f 1689/1689/1315 1690/1690/1316 1691/1691/1317
f 1689/1689/1315 1691/1691/1317 1692/1692/1318
f 1693/1693/1319 1694/1694/1319 1695/1695/1320
f 1693/1693/1319 1695/1695/1320 1696/1696/1321
f 88/88/80 1697/1697/1322 1698/1698/1323
f 88/88/80 1698/1698/1323 89/89/81
f 1586/1586/1324 1699/1699/1325 1700/1700/1326
f 1586/1586/1324 1700/1700/1326 1701/1701/1327
f 90/90/82 1586/1586/1324 1701/1701/1327
f 90/90/82 1701/1701/1327 88/88/80
f 1702/1702/1328 1703/1703/1329 1704/1704/1329
f 1702/1702/1328 1704/1704/1329 1705/1705/1330
f 1706/1706/1331 1707/1707/1332 1708/1708/1333
f 1706/1706/1331 1708/1708/1333 96/96/88
f 93/93/85 1536/1536/1334 95/95/87
f 93/93/85 95/95/87 94/94/86
f 95/95/87 1709/1709/1335 1710/1710/1336
f 95/95/87 1710/1710/1336 1711/1711/1337
f 1706/1706/1331 96/96/88 95/95/87
f 1706/1706/1331 95/95/87 1705/1705/1330
f 1702/1702/1328 1705/1705/1330 95/95/87
f 1702/1702/1328 95/95/87 1711/1711/1337
f 97/97/89 1559/1559/1203 1712/1712/14
f 97/97/89 1712/1712/14 98/98/14
f 1713/1713/1338 1714/1714/1339 1715/1715/1339
f 1713/1713/1338 1715/1715/1339 1716/1716/1340
f 99/99/90 1716/1716/1340 1717/1717/14
f 99/99/90 1717/1717/14 1718/1718/14
f 1713/1713/1338 1716/1716/1340 99/99/90
f 1713/1713/1338 99/99/90 98/98/14
f 1718/1718/14 1719/1719/14 1720/1720/14
f 1718/1718/14 1720/1720/14 1721/1721/14
f 1722/1722/14 1723/1723/14 1724/1724/14
f 1722/1722/14 1724/1724/14 1725/1725/14
f 101/101/92 1726/1726/1341 1727/1727/1342
f 101/101/92 1727/1727/1342 100/100/91
f 1728/1728/1343 1729/1729/1344 1659/1659/1287
f 1728/1728/1343 1659/1659/1287 1658/1658/1286
f 1728/1728/1343 1658/1658/1286 99/99/90
f 1728/1728/1343 99/99/90 100/100/91
f 1725/1725/14 101/101/92 99/99/90
f 1725/1725/14 99/99/90 1722/1722/14
f 1721/1721/14 1722/1722/14 99/99/90
f 1721/1721/14 99/99/90 1718/1718/14
f 55/55/51 1359/1359/1074 1358/1358/1074
f 55/55/51 1358/1358/1074 56/56/52
f 1360/1360/1075 1361/1361/1075 61/61/57
f 1360/1360/1075 61/61/57 63/63/59
f 1362/1362/213 1363/1363/213 1389/1389/1095
f 1362/1362/213 1389/1389/1095 1392/1392/1097
f 1570/1570/1210 1365/1365/10 1364/1364/10
f 1570/1570/1210 1364/1364/10 1571/1571/1211
f 1730/1730/1345 1731/1731/1346 1522/1522/1347
f 1730/1730/1345 1522/1522/1347 72/72/1348
f 1653/1653/1281 1605/1605/1238 104/104/95
f 1653/1653/1281 104/104/95 103/103/94
f 1664/1664/1290 1732/1732/1349 1733/1733/1350
f 1664/1664/1290 1733/1733/1350 1665/1665/1291
f 1679/1679/1305 1682/1682/1308 1734/1734/1351
f 1679/1679/1305 1734/1734/1351 1735/1735/1352
f 1633/1633/1265 1736/1736/1353 1737/1737/1354
f 1633/1633/1265 1737/1737/1354 1634/1634/1266
f 1690/1690/1316 1738/1738/1355 1739/1739/1356
f 1690/1690/1316 1739/1739/1356 1691/1691/1317
f 1740/1740/1357 1741/1741/1358 1742/1742/1359
f 1740/1740/1357 1742/1742/1359 1743/1743/1360
f 1741/1741/1358 1744/1744/1361 1745/1745/1362
f 1741/1741/1358 1745/1745/1362 1742/1742/1359
f 1746/1746/1361 1747/1747/1363 1748/1748/1364
f 1746/1746/1361 1748/1748/1364 1749/1749/1362
f 1747/1747/1363 1750/1750/1365 1751/1751/1366
f 1747/1747/1363 1751/1751/1366 1748/1748/1364
f 1750/1750/1365 1752/1752/1367 1753/1753/1368
f 1750/1750/1365 1753/1753/1368 1751/1751/1366
f 1752/1752/1367 1754/1754/1369 1755/1755/1370
f 1752/1752/1367 1755/1755/1370 1753/1753/1368
f 1756/1756/1369 1757/1757/1371 1758/1758/1372
f 1756/1756/1369 1758/1758/1372 1759/1759/1370
f 1757/1757/1371 1760/1760/1373 1761/1761/1374
f 1757/1757/1371 1761/1761/1374 1758/1758/1372
f 1760/1760/1373 1762/1762/1375 1763/1763/1376
f 1760/1760/1373 1763/1763/1376 1761/1761/1374
f 1762/1762/1375 1764/1764/1377 1765/1765/1378
f 1762/1762/1375 1765/1765/1378 1763/1763/1376
f 1764/1764/1377 1766/1766/1379 1767/1767/1380
f 1764/1764/1377 1767/1767/1380 1765/1765/1378
f 1766/1766/1379 1768/1768/1381 1769/1769/1382
f 1766/1766/1379 1769/1769/1382 1767/1767/1380
f 1770/1770/1381 1771/1771/1383 1772/1772/1384
f 1770/1770/1381 1772/1772/1384 1773/1773/1382
f 1771/1771/1383 1774/1774/1385 1775/1775/1386
f 1771/1771/1383 1775/1775/1386 1772/1772/1384
f 1774/1774/1385 1776/1776/1387 1777/1777/1388
f 1774/1774/1385 1777/1777/1388 1775/1775/1386
f 1776/1776/1387 1778/1778/1389 1779/1779/1390
f 1776/1776/1387 1779/1779/1390 1777/1777/1388
f 1780/1780/1389 1781/1781/1391 1782/1782/1392
f 1780/1780/1389 1782/1782/1392 1783/1783/1390
f 1781/1781/1391 1784/1784/1393 1785/1785/1394
f 1781/1781/1391 1785/1785/1394 1782/1782/1392
f 1784/1784/1393 1786/1786/1395 1787/1787/1396
f 1784/1784/1393 1787/1787/1396 1785/1785/1394
f 1786/1786/1395 1740/1740/1357 1743/1743/1360
f 1786/1786/1395 1743/1743/1360 1787/1787/1396
f 1788/1788/1397 1789/1789/1398 1790/1790/1399
f 1788/1788/1397 1790/1790/1399 1791/1791/1400
f 1791/1791/1400 1790/1790/1399 1792/1792/1401
f 1791/1791/1400 1792/1792/1401 1793/1793/1402
f 1794/1794/1402 1795/1795/1401 1796/1796/1403
f 1794/1794/1402 1796/1796/1403 1797/1797/1404
f 1797/1797/1404 1796/1796/1403 1798/1798/1405
f 1797/1797/1404 1798/1798/1405 1799/1799/1406
f 1799/1799/1406 1798/1798/1405 1800/1800/1407
f 1799/1799/1406 1800/1800/1407 1801/1801/1408
f 1801/1801/1408 1800/1800/1407 1802/1802/1409
f 1801/1801/1408 1802/1802/1409 1803/1803/1410
f 1804/1804/1410 1805/1805/1409 1806/1806/1411
f 1804/1804/1410 1806/1806/1411 1807/1807/1412
f 1807/1807/1412 1806/1806/1411 1808/1808/1413
f 1807/1807/1412 1808/1808/1413 1809/1809/1414
f 1809/1809/1414 1808/1808/1413 1810/1810/1415
f 1809/1809/1414 1810/1810/1415 1811/1811/1416
f 1811/1811/1416 1810/1810/1415 1812/1812/1417
f 1811/1811/1416 1812/1812/1417 1813/1813/1418
f 1813/1813/1418 1812/1812/1417 1814/1814/1419
f 1813/1813/1418 1814/1814/1419 1815/1815/1420
f 1815/1815/1420 1814/1814/1419 1816/1816/1421
f 1815/1815/1420 1816/1816/1421 1817/1817/1422
f 1818/1818/1422 1819/1819/1421 1820/1820/1423
f 1818/1818/1422 1820/1820/1423 1821/1821/1424
f 1821/1821/1424 1820/1820/1423 1822/1822/1425
f 1821/1821/1424 1822/1822/1425 1823/1823/1426
f 1823/1823/1426 1822/1822/1425 1824/1824/1427
f 1823/1823/1426 1824/1824/1427 1825/1825/1428
f 1825/1825/1428 1824/1824/1427 1826/1826/1429
f 1825/1825/1428 1826/1826/1429 1827/1827/1430
f 1828/1828/1430 1829/1829/1429 1830/1830/1431
f 1828/1828/1430 1830/1830/1431 1831/1831/1432
f 1831/1831/1432 1830/1830/1431 1832/1832/1433
f 1831/1831/1432 1832/1832/1433 1833/1833/1434
f 1833/1833/1434 1832/1832/1433 1834/1834/1435
f 1833/1833/1434 1834/1834/1435 1835/1835/1436
f 1835/1835/1436 1834/1834/1435 1789/1789/1398
f 1835/1835/1436 1789/1789/1398 1788/1788/1397
f 1836/1836/1437 1837/1837/1438 1744/1744/1361
f 1836/1836/1437 1744/1744/1361 1741/1741/1358
f 1838/1838/1438 1839/1839/1439 1747/1747/1363
f 1838/1838/1438 1747/1747/1363 1746/1746/1361
f 1839/1839/1439 1840/1840/1440 1750/1750/1365
f 1839/1839/1439 1750/1750/1365 1747/1747/1363
f 1840/1840/1440 1841/1841/1441 1752/1752/1367
f 1840/1840/1440 1752/1752/1367 1750/1750/1365
f 1841/1841/1441 1842/1842/1442 1754/1754/1369
f 1841/1841/1441 1754/1754/1369 1752/1752/1367
f 1843/1843/1442 1844/1844/1443 1757/1757/1371
f 1843/1843/1442 1757/1757/1371 1756/1756/1369
f 1844/1844/1443 1845/1845/1444 1760/1760/1373
f 1844/1844/1443 1760/1760/1373 1757/1757/1371
f 1845/1845/1444 1846/1846/1445 1762/1762/1375
f 1845/1845/1444 1762/1762/1375 1760/1760/1373
f 1846/1846/1445 1847/1847/1446 1764/1764/1377
f 1846/1846/1445 1764/1764/1377 1762/1762/1375
f 1847/1847/1446 1848/1848/1447 1766/1766/1379
f 1847/1847/1446 1766/1766/1379 1764/1764/1377
f 1848/1848/1447 1849/1849/1448 1768/1768/1381
f 1848/1848/1447 1768/1768/1381 1766/1766/1379
f 1850/1850/1448 1851/1851/1449 1771/1771/1383
f 1850/1850/1448 1771/1771/1383 1770/1770/1381
f 1851/1851/1449 1852/1852/1450 1774/1774/1385
f 1851/1851/1449 1774/1774/1385 1771/1771/1383
f 1852/1852/1450 1853/1853/1451 1776/1776/1387
f 1852/1852/1450 1776/1776/1387 1774/1774/1385
f 1853/1853/1451 1854/1854/1452 1778/1778/1389
f 1853/1853/1451 1778/1778/1389 1776/1776/1387
f 1855/1855/1452 1856/1856/1453 1781/1781/1391
f 1855/1855/1452 1781/1781/1391 1780/1780/1389
f 1856/1856/1453 1857/1857/1454 1784/1784/1393
f 1856/1856/1453 1784/1784/1393 1781/1781/1391
f 1857/1857/1454 1858/1858/1455 1786/1786/1395
f 1857/1857/1454 1786/1786/1395 1784/1784/1393
f 1858/1858/1455 1859/1859/1456 1740/1740/1357
f 1858/1858/1455 1740/1740/1357 1786/1786/1395
f 1859/1859/1456 1836/1836/1437 1741/1741/1358
f 1859/1859/1456 1741/1741/1358 1740/1740/1357
f 1860/1860/1457 1861/1861/1458 1837/1837/1438
f 1860/1860/1457 1837/1837/1438 1836/1836/1437
f 1862/1862/1458 1863/1863/1459 1839/1839/1439
f 1862/1862/1458 1839/1839/1439 1838/1838/1438
f 1863/1863/1459 1864/1864/1460 1840/1840/1440
f 1863/1863/1459 1840/1840/1440 1839/1839/1439
f 1864/1864/1460 1865/1865/1461 1841/1841/1441
f 1864/1864/1460 1841/1841/1441 1840/1840/1440
f 1865/1865/1461 1866/1866/1462 1842/1842/1442
f 1865/1865/1461 1842/1842/1442 1841/1841/1441
f 1867/1867/1462 1868/1868/1463 1844/1844/1443
f 1867/1867/1462 1844/1844/1443 1843/1843/1442
f 1868/1868/1463 1869/1869/1464 1845/1845/1444
f 1868/1868/1463 1845/1845/1444 1844/1844/1443
f 1869/1869/1464 1870/1870/1465 1846/1846/1445
f 1869/1869/1464 1846/1846/1445 1845/1845/1444
f 1870/1870/1465 1871/1871/1466 1847/1847/1446
f 1870/1870/1465 1847/1847/1446 1846/1846/1445
f 1871/1871/1466 1872/1872/1467 1848/1848/1447
f 1871/1871/1466 1848/1848/1447 1847/1847/1446
f 1872/1872/1467 1873/1873/1468 1849/1849/1448
f 1872/1872/1467 1849/1849/1448 1848/1848/1447
f 1874/1874/1468 1875/1875/1469 1851/1851/1449
f 1874/1874/1468 1851/1851/1449 1850/1850/1448
f 1875/1875/1469 1876/1876/1470 1852/1852/1450
f 1875/1875/1469 1852/1852/1450 1851/1851/1449
f 1876/1876/1470 1877/1877/1471 1853/1853/1451
f 1876/1876/1470 1853/1853/1451 1852/1852/1450
f 1877/1877/1471 1878/1878/1472 1854/1854/1452
f 1877/1877/1471 1854/1854/1452 1853/1853/1451
f 1879/1879/1472 1880/1880/1473 1856/1856/1453
f 1879/1879/1472 1856/1856/1453 1855/1855/1452
f 1880/1880/1473 1881/1881/1474 1857/1857/1454
f 1880/1880/1473 1857/1857/1454 1856/1856/1453
f 1881/1881/1474 1882/1882/1475 1858/1858/1455
f 1881/1881/1474 1858/1858/1455 1857/1857/1454
f 1882/1882/1475 1883/1883/1476 1859/1859/1456
f 1882/1882/1475 1859/1859/1456 1858/1858/1455
f 1883/1883/1476 1860/1860/1457 1836/1836/1437
f 1883/1883/1476 1836/1836/1437 1859/1859/1456
f 1884/1884/1477 1885/1885/1478 1886/1886/1479
f 1884/1884/1477 1886/1886/1479 1887/1887/1480
f 1885/1885/1478 1888/1888/1481 1889/1889/1482
f 1885/1885/1478 1889/1889/1482 1886/1886/1479
f 1888/1888/1481 1890/1890/1483 1891/1891/1484
f 1888/1888/1481 1891/1891/1484 1889/1889/1482
f 1890/1890/1483 1892/1892/1485 1893/1893/1486
f 1890/1890/1483 1893/1893/1486 1891/1891/1484
f 1892/1892/1485 1894/1894/1487 1895/1895/1488
f 1892/1892/1485 1895/1895/1488 1893/1893/1486
f 1894/1894/1487 1896/1896/1489 1897/1897/1490
f 1894/1894/1487 1897/1897/1490 1895/1895/1488
f 1896/1896/1489 1898/1898/1491 1899/1899/1492
f 1896/1896/1489 1899/1899/1492 1897/1897/1490
f 1898/1898/1491 1900/1900/1493 1901/1901/1494
f 1898/1898/1491 1901/1901/1494 1899/1899/1492
f 1900/1900/1493 1902/1902/1495 1903/1903/1495
f 1900/1900/1493 1903/1903/1495 1901/1901/1494
f 1902/1902/1495 1904/1904/1496 1905/1905/1497
f 1902/1902/1495 1905/1905/1497 1903/1903/1495
f 1904/1904/1496 1906/1906/1498 1907/1907/1499
f 1904/1904/1496 1907/1907/1499 1905/1905/1497
f 1906/1906/1498 1908/1908/1500 1909/1909/1501
f 1906/1906/1498 1909/1909/1501 1907/1907/1499
f 1908/1908/1500 1910/1910/1502 1911/1911/1503
f 1908/1908/1500 1911/1911/1503 1909/1909/1501
f 1910/1910/1502 1912/1912/1504 1913/1913/1505
f 1910/1910/1502 1913/1913/1505 1911/1911/1503
f 1912/1912/1504 1914/1914/1506 1915/1915/1507
f 1912/1912/1504 1915/1915/1507 1913/1913/1505
f 1914/1914/1506 1916/1916/1508 1917/1917/1509
f 1914/1914/1506 1917/1917/1509 1915/1915/1507
f 1916/1916/1508 1918/1918/1510 1919/1919/1511
f 1916/1916/1508 1919/1919/1511 1917/1917/1509
f 1918/1918/1510 1920/1920/1512 1921/1921/1513
f 1918/1918/1510 1921/1921/1513 1919/1919/1511
f 1920/1920/1512 1922/1922/1514 1923/1923/1515
f 1920/1920/1512 1923/1923/1515 1921/1921/1513
f 1922/1922/1514 1884/1884/1477 1887/1887/1480
f 1922/1922/1514 1887/1887/1480 1923/1923/1515
f 1924/1924/1516 1925/1925/1517 1926/1926/1518
f 1924/1924/1516 1926/1926/1518 1927/1927/1519
f 1928/1928/1520 1929/1929/1521 1930/1930/1522
f 1928/1928/1520 1930/1930/1522 1931/1931/1523
f 1932/1932/1524 1933/1933/1525 1930/1930/1522
f 1932/1932/1524 1930/1930/1522 1929/1929/1521
f 1934/1934/1526 1932/1932/1524 1929/1929/1521
f 1934/1934/1526 1929/1929/1521 1935/1935/1527
f 1936/1936/1528 1934/1934/1526 1935/1935/1527
f 1936/1936/1528 1935/1935/1527 1937/1937/1529
f 1938/1938/1530 1936/1936/1528 1937/1937/1529
f 1938/1938/1530 1937/1937/1529 1939/1939/1531
f 1940/1940/1532 1938/1938/1530 1939/1939/1531
f 1940/1940/1532 1939/1939/1531 1941/1941/1533
f 1942/1942/1534 1940/1940/1532 1941/1941/1533
f 1942/1942/1534 1941/1941/1533 1943/1943/1535
f 1944/1944/1536 1942/1942/1534 1943/1943/1535
f 1944/1944/1536 1943/1943/1535 1945/1945/1537
f 1946/1946/1538 1944/1944/1536 1945/1945/1537
f 1946/1946/1538 1945/1945/1537 1947/1947/1539
f 1948/1948/1540 1946/1946/1538 1947/1947/1539
f 1948/1948/1540 1947/1947/1539 1949/1949/1541
f 1950/1950/1542 1948/1948/1540 1949/1949/1541
f 1950/1950/1542 1949/1949/1541 1951/1951/1543
f 1952/1952/1544 1950/1950/1542 1951/1951/1543
f 1952/1952/1544 1951/1951/1543 1953/1953/1545
f 1954/1954/1546 1952/1952/1544 1953/1953/1545
f 1954/1954/1546 1953/1953/1545 1955/1955/1547
f 1956/1956/1548 1954/1954/1546 1955/1955/1547
f 1956/1956/1548 1955/1955/1547 1957/1957/1549
f 1958/1958/1550 1956/1956/1548 1957/1957/1549
f 1958/1958/1550 1957/1957/1549 1959/1959/1551
f 1960/1960/1552 1958/1958/1550 1959/1959/1551
f 1960/1960/1552 1959/1959/1551 1961/1961/1553
f 1962/1962/10 1960/1960/1552 1961/1961/1553
f 1962/1962/10 1961/1961/1553 1963/1963/1554
f 1964/1964/10 1962/1962/10 1963/1963/1554
f 1964/1964/10 1963/1963/1554 1965/1965/1555
f 1966/1966/10 1964/1964/10 1965/1965/1555
f 1966/1966/10 1965/1965/1555 1967/1967/1556
f 1968/1968/1557 1966/1966/10 1967/1967/1556
f 1968/1968/1557 1967/1967/1556 1969/1969/1558
f 1933/1933/1525 1968/1968/1557 1969/1969/1558
f 1933/1933/1525 1969/1969/1558 1930/1930/1522
f 1787/1787/1396 1743/1743/1360 1927/1927/1519
f 1787/1787/1396 1927/1927/1519 1970/1970/1559
f 1785/1785/1394 1787/1787/1396 1970/1970/1559
f 1785/1785/1394 1970/1970/1559 1971/1971/1560
f 1782/1782/1392 1785/1785/1394 1971/1971/1560
f 1782/1782/1392 1971/1971/1560 1972/1972/1561
f 1783/1783/1390 1782/1782/1392 1972/1972/1561
f 1783/1783/1390 1972/1972/1561 1973/1973/1562
f 1777/1777/1388 1779/1779/1390 1974/1974/1562
f 1777/1777/1388 1974/1974/1562 1975/1975/1563
f 1775/1775/1386 1777/1777/1388 1975/1975/1563
f 1775/1775/1386 1975/1975/1563 1976/1976/1564
f 1772/1772/1384 1775/1775/1386 1976/1976/1564
f 1772/1772/1384 1976/1976/1564 1977/1977/1565
f 1773/1773/1382 1772/1772/1384 1977/1977/1565
f 1773/1773/1382 1977/1977/1565 1978/1978/1566
f 1767/1767/1380 1769/1769/1382 1979/1979/1566
f 1767/1767/1380 1979/1979/1566 1980/1980/1567
f 1765/1765/1378 1767/1767/1380 1980/1980/1567
f 1765/1765/1378 1980/1980/1567 1981/1981/1568
f 1763/1763/1376 1765/1765/1378 1981/1981/1568
f 1763/1763/1376 1981/1981/1568 1982/1982/1569
f 1761/1761/1374 1763/1763/1376 1982/1982/1569
f 1761/1761/1374 1982/1982/1569 1983/1983/1570
f 1758/1758/1372 1761/1761/1374 1983/1983/1570
f 1758/1758/1372 1983/1983/1570 1984/1984/1571
f 1759/1759/1370 1758/1758/1372 1984/1984/1571
f 1759/1759/1370 1984/1984/1571 1985/1985/1572
f 1753/1753/1368 1755/1755/1370 1986/1986/1572
f 1753/1753/1368 1986/1986/1572 1987/1987/1573
f 1751/1751/1366 1753/1753/1368 1987/1987/1573
f 1751/1751/1366 1987/1987/1573 1988/1988/1574
f 1748/1748/1364 1751/1751/1366 1988/1988/1574
f 1748/1748/1364 1988/1988/1574 1989/1989/1575
f 1749/1749/1362 1748/1748/1364 1989/1989/1575
f 1749/1749/1362 1989/1989/1575 1990/1990/1576
f 1742/1742/1359 1745/1745/1362 1991/1991/1576
f 1742/1742/1359 1991/1991/1576 1924/1924/1516
f 1743/1743/1360 1742/1742/1359 1924/1924/1516
f 1743/1743/1360 1924/1924/1516 1927/1927/1519
f 1929/1929/1521 1928/1928/1520 1992/1992/1577
f 1929/1929/1521 1992/1992/1577 1935/1935/1527
f 1925/1925/1517 1924/1924/1516 1991/1991/1576
f 1925/1925/1517 1991/1991/1576 1993/1993/1578
f 1935/1935/1527 1992/1992/1577 1994/1994/1579
f 1935/1935/1527 1994/1994/1579 1937/1937/1529
f 1995/1995/1578 1990/1990/1576 1989/1989/1575
f 1995/1995/1578 1989/1989/1575 1996/1996/1580
f 1937/1937/1529 1994/1994/1579 1997/1997/1581
f 1937/1937/1529 1997/1997/1581 1939/1939/1531
f 1996/1996/1580 1989/1989/1575 1988/1988/1574
f 1996/1996/1580 1988/1988/1574 1998/1998/1582
f 1939/1939/1531 1997/1997/1581 1999/1999/1583
f 1939/1939/1531 1999/1999/1583 1941/1941/1533
f 1998/1998/1582 1988/1988/1574 1987/1987/1573
f 1998/1998/1582 1987/1987/1573 2000/2000/1584
f 1941/1941/1533 1999/1999/1583 2001/2001/1585
f 1941/1941/1533 2001/2001/1585 1943/1943/1535
f 2000/2000/1584 1987/1987/1573 1986/1986/1572
f 2000/2000/1584 1986/1986/1572 2002/2002/1586
f 1943/1943/1535 2001/2001/1585 2003/2003/1587
f 1943/1943/1535 2003/2003/1587 1945/1945/1537
f 2004/2004/1586 1985/1985/1572 1984/1984/1571
f 2004/2004/1586 1984/1984/1571 2005/2005/1588
f 1945/1945/1537 2003/2003/1587 2006/2006/1589
f 1945/1945/1537 2006/2006/1589 1947/1947/1539
f 2005/2005/1588 1984/1984/1571 1983/1983/1570
f 2005/2005/1588 1983/1983/1570 2007/2007/1590
f 1947/1947/1539 2006/2006/1589 2008/2008/1591
f 1947/1947/1539 2008/2008/1591 1949/1949/1541
f 2007/2007/1590 1983/1983/1570 1982/1982/1569
f 2007/2007/1590 1982/1982/1569 2009/2009/1592
f 1949/1949/1541 2008/2008/1591 2010/2010/1593
f 1949/1949/1541 2010/2010/1593 1951/1951/1543
f 2009/2009/1592 1982/1982/1569 1981/1981/1568
f 2009/2009/1592 1981/1981/1568 2011/2011/1594
f 1951/1951/1543 2010/2010/1593 2012/2012/1595
f 1951/1951/1543 2012/2012/1595 1953/1953/1545
f 2011/2011/1594 1981/1981/1568 1980/1980/1567
f 2011/2011/1594 1980/1980/1567 2013/2013/1596
f 1953/1953/1545 2012/2012/1595 2014/2014/1597
f 1953/1953/1545 2014/2014/1597 1955/1955/1547
f 2013/2013/1596 1980/1980/1567 1979/1979/1566
f 2013/2013/1596 1979/1979/1566 2015/2015/1598
f 1955/1955/1547 2014/2014/1597 2016/2016/1599
f 1955/1955/1547 2016/2016/1599 1957/1957/1549
f 2017/2017/1598 1978/1978/1566 1977/1977/1565
f 2017/2017/1598 1977/1977/1565 2018/2018/1600
f 1957/1957/1549 2016/2016/1599 2019/2019/1601
f 1957/1957/1549 2019/2019/1601 1959/1959/1551
f 2018/2018/1600 1977/1977/1565 1976/1976/1564
f 2018/2018/1600 1976/1976/1564 2020/2020/1602
f 1959/1959/1551 2019/2019/1601 2021/2021/1603
f 1959/1959/1551 2021/2021/1603 1961/1961/1553
f 2020/2020/1602 1976/1976/1564 1975/1975/1563
f 2020/2020/1602 1975/1975/1563 2022/2022/1604
f 1961/1961/1553 2021/2021/1603 2023/2023/1605
f 1961/1961/1553 2023/2023/1605 1963/1963/1554
f 2022/2022/1604 1975/1975/1563 1974/1974/1562
f 2022/2022/1604 1974/1974/1562 2024/2024/1606
f 1963/1963/1554 2023/2023/1605 2025/2025/1607
f 1963/1963/1554 2025/2025/1607 1965/1965/1555
f 2026/2026/1606 1973/1973/1562 1972/1972/1561
f 2026/2026/1606 1972/1972/1561 2027/2027/1608
f 1965/1965/1555 2025/2025/1607 2028/2028/1609
f 1965/1965/1555 2028/2028/1609 1967/1967/1556
f 2027/2027/1608 1972/1972/1561 1971/1971/1560
f 2027/2027/1608 1971/1971/1560 2029/2029/1610
f 1967/1967/1556 2028/2028/1609 2030/2030/1611
f 1967/1967/1556 2030/2030/1611 1969/1969/1558
f 2029/2029/1610 1971/1971/1560 1970/1970/1559
f 2029/2029/1610 1970/1970/1559 2031/2031/1612
f 1927/1927/1519 1926/1926/1518 2031/2031/1612
f 1927/1927/1519 2031/2031/1612 1970/1970/1559
f 1931/1931/1523 1930/1930/1522 1969/1969/1558
f 1931/1931/1523 1969/1969/1558 2030/2030/1611
f 2032/2032/1613 2033/2033/1614 2034/2034/1615
f 2032/2032/1613 2034/2034/1615 2035/2035/1616
f 2035/2035/1616 2036/2036/1617 2037/2037/1618
f 2035/2035/1616 2037/2037/1618 2032/2032/1613
f 2036/2036/1617 2038/2038/1619 2039/2039/1620
f 2036/2036/1617 2039/2039/1620 2037/2037/1618
f 2038/2038/1619 2040/2040/1621 2041/2041/1622
f 2038/2038/1619 2041/2041/1622 2039/2039/1620
f 2040/2040/1621 2042/2042/1623 2043/2043/1624
f 2040/2040/1621 2043/2043/1624 2041/2041/1622
f 2042/2042/1623 2044/2044/1625 2045/2045/1626
f 2042/2042/1623 2045/2045/1626 2043/2043/1624
f 2044/2044/1625 2046/2046/1627 2047/2047/1628
f 2044/2044/1625 2047/2047/1628 2045/2045/1626
f 2046/2046/1627 2048/2048/1629 2049/2049/1630
f 2046/2046/1627 2049/2049/1630 2047/2047/1628
f 2048/2048/1629 2050/2050/1631 2051/2051/1632
f 2048/2048/1629 2051/2051/1632 2049/2049/1630
f 2050/2050/1631 2052/2052/1633 2053/2053/1634
f 2050/2050/1631 2053/2053/1634 2051/2051/1632
f 2052/2052/1633 2054/2054/1635 2055/2055/1636
f 2052/2052/1633 2055/2055/1636 2053/2053/1634
f 2054/2054/1635 2056/2056/1637 2057/2057/1638
f 2054/2054/1635 2057/2057/1638 2055/2055/1636
f 2056/2056/1637 2058/2058/1639 2059/2059/1640
f 2056/2056/1637 2059/2059/1640 2057/2057/1638
f 2058/2058/1639 2060/2060/1641 2061/2061/1642
f 2058/2058/1639 2061/2061/1642 2059/2059/1640
f 2060/2060/1641 2062/2062/1643 2063/2063/1644
f 2060/2060/1641 2063/2063/1644 2061/2061/1642
f 2062/2062/1643 2064/2064/1645 2065/2065/1646
f 2062/2062/1643 2065/2065/1646 2063/2063/1644
f 2064/2064/1645 2066/2066/1647 2067/2067/1648
f 2064/2064/1645 2067/2067/1648 2065/2065/1646
f 2066/2066/1647 2068/2068/1649 2069/2069/1650
f 2066/2066/1647 2069/2069/1650 2067/2067/1648
f 2068/2068/1649 2070/2070/1651 2071/2071/1652
f 2068/2068/1649 2071/2071/1652 2069/2069/1650
f 2070/2070/1651 2034/2034/1615 2033/2033/1614
f 2070/2070/1651 2033/2033/1614 2071/2071/1652
f 2072/2072/1653 2073/2073/1654 2074/2074/1655
f 2072/2072/1653 2074/2074/1655 2075/2075/1656
f 2076/2076/1657 2077/2077/1658 2073/2073/1654
f 2076/2076/1657 2073/2073/1654 2072/2072/1653
f 2078/2078/1659 2079/2079/1660 2077/2077/1658
f 2078/2078/1659 2077/2077/1658 2076/2076/1657
f 2080/2080/1661 2081/2081/1662 2079/2079/1660
f 2080/2080/1661 2079/2079/1660 2078/2078/1659
f 2082/2082/1663 2083/2083/1664 2081/2081/1662
f 2082/2082/1663 2081/2081/1662 2080/2080/1661
f 2084/2084/1665 2085/2085/1666 2086/2086/1664
f 2084/2084/1665 2086/2086/1664 2087/2087/1663
f 2088/2088/1667 2089/2089/1668 2085/2085/1666
f 2088/2088/1667 2085/2085/1666 2084/2084/1665
f 2090/2090/1669 2091/2091/1670 2089/2089/1668
f 2090/2090/1669 2089/2089/1668 2088/2088/1667
f 2092/2092/1671 2093/2093/1672 2091/2091/1670
f 2092/2092/1671 2091/2091/1670 2090/2090/1669
f 2094/2094/1673 2095/2095/1674 2096/2096/1672
f 2094/2094/1673 2096/2096/1672 2097/2097/1671
f 2098/2098/1675 2099/2099/1676 2095/2095/1674
f 2098/2098/1675 2095/2095/1674 2094/2094/1673
f 2100/2100/1677 2101/2101/1678 2099/2099/1676
f 2100/2100/1677 2099/2099/1676 2098/2098/1675
f 2102/2102/1679 2103/2103/1680 2101/2101/1678
f 2102/2102/1679 2101/2101/1678 2100/2100/1677
f 2104/2104/1681 2105/2105/1682 2103/2103/1680
f 2104/2104/1681 2103/2103/1680 2102/2102/1679
f 2106/2106/1683 2107/2107/1684 2105/2105/1682
f 2106/2106/1683 2105/2105/1682 2104/2104/1681
f 2108/2108/1685 2109/2109/1686 2110/2110/1684
f 2108/2108/1685 2110/2110/1684 2111/2111/1683
f 2112/2112/1687 2113/2113/1688 2109/2109/1686
f 2112/2112/1687 2109/2109/1686 2108/2108/1685
f 2114/2114/1689 2115/2115/1690 2113/2113/1688
f 2114/2114/1689 2113/2113/1688 2112/2112/1687
f 2116/2116/1691 2117/2117/1692 2115/2115/1690
f 2116/2116/1691 2115/2115/1690 2114/2114/1689
f 2075/2075/1656 2074/2074/1655 2118/2118/1692
f 2075/2075/1656 2118/2118/1692 2119/2119/1691
f 2120/2120/1693 2121/2121/1694 2122/2122/1695
f 2120/2120/1693 2122/2122/1695 2123/2123/1696
f 2121/2121/1694 2120/2120/1693 2124/2124/1697
f 2121/2121/1694 2124/2124/1697 2125/2125/1698
f 2125/2125/1698 2124/2124/1697 2126/2126/1699
f 2125/2125/1698 2126/2126/1699 2127/2127/1700
f 2127/2127/1700 2126/2126/1699 2128/2128/1701
f 2127/2127/1700 2128/2128/1701 2129/2129/1702
f 2129/2129/1702 2128/2128/1701 2130/2130/1703
f 2129/2129/1702 2130/2130/1703 2131/2131/1704
f 2131/2131/1704 2130/2130/1703 2132/2132/1705
f 2131/2131/1704 2132/2132/1705 2133/2133/1706
f 2133/2133/1706 2132/2132/1705 2134/2134/1707
f 2133/2133/1706 2134/2134/1707 2135/2135/1708
f 2135/2135/1708 2134/2134/1707 2136/2136/1709
f 2135/2135/1708 2136/2136/1709 2137/2137/1710
f 2137/2137/1710 2136/2136/1709 2138/2138/1711
f 2137/2137/1710 2138/2138/1711 2139/2139/1712
f 2139/2139/1712 2138/2138/1711 2140/2140/1713
f 2139/2139/1712 2140/2140/1713 2141/2141/1714
f 2141/2141/1714 2140/2140/1713 2142/2142/1715
f 2141/2141/1714 2142/2142/1715 2143/2143/1716
f 2143/2143/1716 2142/2142/1715 2144/2144/1717
f 2143/2143/1716 2144/2144/1717 2145/2145/1718
f 2145/2145/1718 2144/2144/1717 2146/2146/1719
f 2145/2145/1718 2146/2146/1719 2147/2147/1720
f 2147/2147/1720 2146/2146/1719 2148/2148/1721
f 2147/2147/1720 2148/2148/1721 2149/2149/1722
f 2149/2149/1722 2148/2148/1721 2150/2150/1723
f 2149/2149/1722 2150/2150/1723 2151/2151/1724
f 2151/2151/1724 2150/2150/1723 2152/2152/1725
f 2151/2151/1724 2152/2152/1725 2153/2153/1726
f 2153/2153/1726 2152/2152/1725 2154/2154/1727
f 2153/2153/1726 2154/2154/1727 2155/2155/1727
f 2155/2155/1727 2154/2154/1727 2156/2156/1728
f 2155/2155/1727 2156/2156/1728 2157/2157/1729
f 2157/2157/1729 2156/2156/1728 2158/2158/1730
f 2157/2157/1729 2158/2158/1730 2159/2159/1731
f 2159/2159/1731 2158/2158/1730 2123/2123/1696
f 2159/2159/1731 2123/2123/1696 2122/2122/1695
f 2121/2121/1732 2160/2160/1733 2161/2161/1734
f 2121/2121/1732 2161/2161/1734 2122/2122/1735
f 2125/2125/1736 2162/2162/1737 2160/2160/1733
f 2125/2125/1736 2160/2160/1733 2121/2121/1732
f 2127/2127/1738 2163/2163/1739 2162/2162/1737
f 2127/2127/1738 2162/2162/1737 2125/2125/1736
f 2129/2129/1740 2164/2164/1741 2163/2163/1739
f 2129/2129/1740 2163/2163/1739 2127/2127/1738
f 2131/2131/1742 2165/2165/1743 2164/2164/1741
f 2131/2131/1742 2164/2164/1741 2129/2129/1740
f 2133/2133/1744 2166/2166/1745 2165/2165/1743
f 2133/2133/1744 2165/2165/1743 2131/2131/1742
f 2135/2135/1746 2167/2167/1747 2166/2166/1745
f 2135/2135/1746 2166/2166/1745 2133/2133/1744
f 2137/2137/1748 2168/2168/1749 2167/2167/1747
f 2137/2137/1748 2167/2167/1747 2135/2135/1746
f 2139/2139/1750 2169/2169/1751 2168/2168/1749
f 2139/2139/1750 2168/2168/1749 2137/2137/1748
f 2141/2141/1752 2170/2170/1753 2169/2169/1751
f 2141/2141/1752 2169/2169/1751 2139/2139/1750
f 2143/2143/1754 2171/2171/1755 2170/2170/1753
f 2143/2143/1754 2170/2170/1753 2141/2141/1752
f 2145/2145/1756 2172/2172/1757 2171/2171/1755
f 2145/2145/1756 2171/2171/1755 2143/2143/1754
f 2147/2147/1758 2173/2173/1759 2172/2172/1757
f 2147/2147/1758 2172/2172/1757 2145/2145/1756
f 2149/2149/1760 2174/2174/1761 2173/2173/1759
f 2149/2149/1760 2173/2173/1759 2147/2147/1758
f 2151/2151/1762 2175/2175/1763 2174/2174/1761
f 2151/2151/1762 2174/2174/1761 2149/2149/1760
f 2153/2153/1764 2176/2176/1765 2175/2175/1763
f 2153/2153/1764 2175/2175/1763 2151/2151/1762
f 2155/2155/1766 2177/2177/1767 2176/2176/1765
f 2155/2155/1766 2176/2176/1765 2153/2153/1764
f 2157/2157/1768 2178/2178/1769 2177/2177/1767
f 2157/2157/1768 2177/2177/1767 2155/2155/1766
f 2159/2159/1770 2179/2179/1771 2178/2178/1769
f 2159/2159/1770 2178/2178/1769 2157/2157/1768
f 2122/2122/1735 2161/2161/1734 2179/2179/1771
f 2122/2122/1735 2179/2179/1771 2159/2159/1770
f 2180/2180/1772 2181/2181/1773 2182/2182/1774
f 2180/2180/1772 2182/2182/1774 2183/2183/1775
f 2184/2184/1776 2180/2180/1772 2183/2183/1775
f 2184/2184/1776 2183/2183/1775 2185/2185/1777
f 2186/2186/1778 2184/2184/1776 2185/2185/1777
f 2186/2186/1778 2185/2185/1777 2187/2187/1779
f 2188/2188/1780 2186/2186/1778 2187/2187/1779
f 2188/2188/1780 2187/2187/1779 2189/2189/1781
f 2190/2190/1782 2188/2188/1780 2189/2189/1781
f 2190/2190/1782 2189/2189/1781 2191/2191/1783
f 2192/2192/1784 2193/2193/1782 2194/2194/1783
f 2192/2192/1784 2194/2194/1783 2195/2195/1785
f 2196/2196/1786 2192/2192/1784 2195/2195/1785
f 2196/2196/1786 2195/2195/1785 2197/2197/1787
f 2198/2198/1788 2196/2196/1786 2197/2197/1787
f 2198/2198/1788 2197/2197/1787 2199/2199/1789
f 2200/2200/1790 2198/2198/1788 2199/2199/1789
f 2200/2200/1790 2199/2199/1789 2201/2201/1791
f 2202/2202/1792 2203/2203/1790 2204/2204/1791
f 2202/2202/1792 2204/2204/1791 2205/2205/1793
f 2206/2206/1794 2202/2202/1792 2205/2205/1793
f 2206/2206/1794 2205/2205/1793 2207/2207/1795
f 2208/2208/1796 2206/2206/1794 2207/2207/1795
f 2208/2208/1796 2207/2207/1795 2209/2209/1797
f 2210/2210/1798 2208/2208/1796 2209/2209/1797
f 2210/2210/1798 2209/2209/1797 2211/2211/1799
f 2212/2212/1800 2210/2210/1798 2211/2211/1799
f 2212/2212/1800 2211/2211/1799 2213/2213/1801
f 2214/2214/1802 2212/2212/1800 2213/2213/1801
f 2214/2214/1802 2213/2213/1801 2215/2215/1803
f 2216/2216/1804 2217/2217/1802 2218/2218/1803
f 2216/2216/1804 2218/2218/1803 2219/2219/1805
f 2220/2220/1806 2216/2216/1804 2219/2219/1805
f 2220/2220/1806 2219/2219/1805 2221/2221/1807
f 2222/2222/1808 2220/2220/1806 2221/2221/1807
f 2222/2222/1808 2221/2221/1807 2223/2223/1809
f 2224/2224/1810 2222/2222/1808 2223/2223/1809
f 2224/2224/1810 2223/2223/1809 2225/2225/1811
f 2181/2181/1773 2226/2226/1810 2227/2227/1811
f 2181/2181/1773 2227/2227/1811 2182/2182/1774
f 2228/2228/1812 2229/2229/1813 2230/2230/1814
f 2228/2228/1812 2230/2230/1814 2231/2231/1815
f 2232/2232/1816 2233/2233/1817 2229/2229/1813
f 2232/2232/1816 2229/2229/1813 2228/2228/1812
f 2234/2234/1818 2235/2235/1819 2233/2233/1817
f 2234/2234/1818 2233/2233/1817 2232/2232/1816
f 2236/2236/1820 2237/2237/213 2235/2235/1819
f 2236/2236/1820 2235/2235/1819 2234/2234/1818
f 2238/2238/1821 2239/2239/1822 2237/2237/213
f 2238/2238/1821 2237/2237/213 2236/2236/1820
f 2240/2240/1823 2241/2241/1824 2239/2239/1822
f 2240/2240/1823 2239/2239/1822 2238/2238/1821
f 2242/2242/1825 2243/2243/213 2241/2241/1824
f 2242/2242/1825 2241/2241/1824 2240/2240/1823
f 2244/2244/1826 2245/2245/1824 2243/2243/213
f 2244/2244/1826 2243/2243/213 2242/2242/1825
f 2246/2246/1827 2247/2247/1828 2245/2245/1824
f 2246/2246/1827 2245/2245/1824 2244/2244/1826
f 2248/2248/1829 2249/2249/1830 2247/2247/1828
f 2248/2248/1829 2247/2247/1828 2246/2246/1827
f 2250/2250/1831 2251/2251/213 2249/2249/1830
f 2250/2250/1831 2249/2249/1830 2248/2248/1829
f 2252/2252/1832 2253/2253/213 2251/2251/213
f 2252/2252/1832 2251/2251/213 2250/2250/1831
f 2254/2254/1833 2255/2255/1834 2253/2253/213
f 2254/2254/1833 2253/2253/213 2252/2252/1832
f 2256/2256/1835 2257/2257/1836 2255/2255/1834
f 2256/2256/1835 2255/2255/1834 2254/2254/1833
f 2258/2258/1837 2259/2259/1838 2257/2257/1836
f 2258/2258/1837 2257/2257/1836 2256/2256/1835
f 2260/2260/1839 2261/2261/1840 2259/2259/1838
f 2260/2260/1839 2259/2259/1838 2258/2258/1837
f 2262/2262/1841 2263/2263/1842 2261/2261/1840
f 2262/2262/1841 2261/2261/1840 2260/2260/1839
f 2264/2264/1843 2265/2265/1844 2263/2263/1842
f 2264/2264/1843 2263/2263/1842 2262/2262/1841
f 2266/2266/1845 2267/2267/1846 2265/2265/1844
f 2266/2266/1845 2265/2265/1844 2264/2264/1843
f 2231/2231/1815 2230/2230/1814 2267/2267/1846
f 2231/2231/1815 2267/2267/1846 2266/2266/1845
f 2180/2180/1772 2268/2268/1847 2269/2269/1848
f 2180/2180/1772 2269/2269/1848 2181/2181/1773
f 2270/2270/1849 2228/2228/1812 2231/2231/1815
f 2270/2270/1849 2231/2231/1815 2271/2271/1850
f 2181/2181/1773 2269/2269/1848 2272/2272/1851
f 2181/2181/1773 2272/2272/1851 2226/2226/1810
f 2271/2271/1850 2231/2231/1815 2266/2266/1845
f 2271/2271/1850 2266/2266/1845 2273/2273/1852
f 2228/2228/1812 2270/2270/1849 2274/2274/1853
f 2228/2228/1812 2274/2274/1853 2232/2232/1816
f 2268/2268/1847 2180/2180/1772 2184/2184/1776
f 2268/2268/1847 2184/2184/1776 2275/2275/1854
f 2232/2232/1816 2274/2274/1853 2276/2276/1855
f 2232/2232/1816 2276/2276/1855 2234/2234/1818
f 2275/2275/1854 2184/2184/1776 2186/2186/1778
f 2275/2275/1854 2186/2186/1778 2277/2277/1856
f 2234/2234/1818 2276/2276/1855 2278/2278/1857
f 2234/2234/1818 2278/2278/1857 2236/2236/1820
f 2277/2277/1856 2186/2186/1778 2188/2188/1780
f 2277/2277/1856 2188/2188/1780 2279/2279/1858
f 2236/2236/1820 2278/2278/1857 2280/2280/1859
f 2236/2236/1820 2280/2280/1859 2238/2238/1821
f 2279/2279/1858 2188/2188/1780 2190/2190/1782
f 2279/2279/1858 2190/2190/1782 2281/2281/1860
f 2238/2238/1821 2280/2280/1859 2282/2282/1861
f 2238/2238/1821 2282/2282/1861 2240/2240/1823
f 2283/2283/1860 2193/2193/1782 2192/2192/1784
f 2283/2283/1860 2192/2192/1784 2284/2284/1862
f 2240/2240/1823 2282/2282/1861 2285/2285/1863
f 2240/2240/1823 2285/2285/1863 2242/2242/1825
f 2284/2284/1862 2192/2192/1784 2196/2196/1786
f 2284/2284/1862 2196/2196/1786 2286/2286/1864
f 2242/2242/1825 2285/2285/1863 2287/2287/1865
f 2242/2242/1825 2287/2287/1865 2244/2244/1826
f 2286/2286/1864 2196/2196/1786 2198/2198/1788
f 2286/2286/1864 2198/2198/1788 2288/2288/1866
f 2244/2244/1826 2287/2287/1865 2289/2289/1867
f 2244/2244/1826 2289/2289/1867 2246/2246/1827
f 2288/2288/1866 2198/2198/1788 2200/2200/1790
f 2288/2288/1866 2200/2200/1790 2290/2290/1868
f 2246/2246/1827 2289/2289/1867 2291/2291/1869
f 2246/2246/1827 2291/2291/1869 2248/2248/1829
f 2292/2292/1868 2203/2203/1790 2202/2202/1792
f 2292/2292/1868 2202/2202/1792 2293/2293/1870
f 2248/2248/1829 2291/2291/1869 2294/2294/1871
f 2248/2248/1829 2294/2294/1871 2250/2250/1831
f 2293/2293/1870 2202/2202/1792 2206/2206/1794
f 2293/2293/1870 2206/2206/1794 2295/2295/1872
f 2250/2250/1831 2294/2294/1871 2296/2296/1873
f 2250/2250/1831 2296/2296/1873 2252/2252/1832
f 2295/2295/1872 2206/2206/1794 2208/2208/1796
f 2295/2295/1872 2208/2208/1796 2297/2297/1874
f 2252/2252/1832 2296/2296/1873 2298/2298/1875
f 2252/2252/1832 2298/2298/1875 2254/2254/1833
f 2297/2297/1874 2208/2208/1796 2210/2210/1798
f 2297/2297/1874 2210/2210/1798 2299/2299/1876
f 2254/2254/1833 2298/2298/1875 2300/2300/1877
f 2254/2254/1833 2300/2300/1877 2256/2256/1835
f 2299/2299/1876 2210/2210/1798 2212/2212/1800
f 2299/2299/1876 2212/2212/1800 2301/2301/1878
f 2256/2256/1835 2300/2300/1877 2302/2302/1879
f 2256/2256/1835 2302/2302/1879 2258/2258/1837
f 2301/2301/1878 2212/2212/1800 2214/2214/1802
f 2301/2301/1878 2214/2214/1802 2303/2303/1880
f 2258/2258/1837 2302/2302/1879 2304/2304/1881
f 2258/2258/1837 2304/2304/1881 2260/2260/1839
f 2305/2305/1880 2217/2217/1802 2216/2216/1804
f 2305/2305/1880 2216/2216/1804 2306/2306/1882
f 2260/2260/1839 2304/2304/1881 2307/2307/1883
f 2260/2260/1839 2307/2307/1883 2262/2262/1841
f 2306/2306/1882 2216/2216/1804 2220/2220/1806
f 2306/2306/1882 2220/2220/1806 2308/2308/1884
f 2262/2262/1841 2307/2307/1883 2309/2309/1885
f 2262/2262/1841 2309/2309/1885 2264/2264/1843
f 2308/2308/1884 2220/2220/1806 2222/2222/1808
f 2308/2308/1884 2222/2222/1808 2310/2310/1886
f 2264/2264/1843 2309/2309/1885 2273/2273/1852
f 2264/2264/1843 2273/2273/1852 2266/2266/1845
f 2310/2310/1886 2222/2222/1808 2224/2224/1810
f 2310/2310/1886 2224/2224/1810 2311/2311/1851
f 2312/2312/97 108/108/97 106/106/97
f 2312/2312/97 106/106/97 2313/2313/97
f 2314/2314/1887 2315/2315/1887 2316/2316/1887
f 2314/2314/1887 2316/2316/1887 2317/2317/1887
f 2318/2318/1888 107/107/96 106/106/97
f 2318/2318/1888 106/106/97 109/109/96
f 2319/2319/100 116/116/100 114/114/100
f 2319/2319/100 114/114/100 2320/2320/100
f 112/112/98 111/111/98 2321/2321/1889
f 112/112/98 2321/2321/1889 2322/2322/1889
f 2323/2323/1890 2324/2324/1890 2325/2325/1890
f 2323/2323/1890 2325/2325/1890 2326/2326/1890
f 2327/2327/190 2328/2328/190 274/274/190
f 2327/2327/190 274/274/190 112/112/98
f 2329/2329/1891 2330/2330/1891 2317/2317/1887
f 2329/2329/1891 2317/2317/1887 2316/2316/1887
f 2331/2331/1892 2323/2323/1892 2326/2326/1892
f 2331/2331/1892 2326/2326/1892 2332/2332/1892
f 2327/2327/190 112/112/98 2322/2322/1889
f 2327/2327/190 2322/2322/1889 2333/2333/1893
f 2334/2334/849 2335/2335/849 2336/2336/849
f 2334/2334/849 2336/2336/849 2337/2337/849
f 2338/2338/1894 2339/2339/1894 2332/2332/1892
f 2338/2338/1894 2332/2332/1892 2326/2326/1892
f 2340/2340/1895 2335/2335/849 2334/2334/849
f 2340/2340/1895 2334/2334/849 2341/2341/1895
f 2342/2342/1896 2340/2340/1895 2341/2341/1895
f 2342/2342/1896 2341/2341/1895 2343/2343/1896
f 2344/2344/1897 2345/2345/1896 2346/2346/1896
f 2344/2344/1897 2346/2346/1896 2347/2347/1897
f 114/114/100 2348/2348/1898 2349/2349/1898
f 114/114/100 2349/2349/1898 2320/2320/100
f 2350/2350/1899 2338/2338/1899 2326/2326/1890
f 2350/2350/1899 2326/2326/1890 2325/2325/1890
f 2351/2351/1900 2352/2352/1900 2330/2330/1891
f 2351/2351/1900 2330/2330/1891 2329/2329/1891
f 2328/2328/190 2353/2353/1901 2354/2354/1901
f 2328/2328/190 2354/2354/1901 274/274/190
f 2355/2355/109 2356/2356/109 2357/2357/109
f 2355/2355/109 2357/2357/109 2358/2358/109
f 2359/2359/187 2360/2360/187 2361/2361/187
f 2359/2359/187 2361/2361/187 2362/2362/187
f 2363/2363/185 2364/2364/185 2365/2365/185
f 2363/2363/185 2365/2365/185 2366/2366/185
f 2367/2367/189 2368/2368/101 2369/2369/189
f 2367/2367/189 2369/2369/189 2370/2370/189
f 2371/2371/1902 2372/2372/1902 120/120/102
f 2371/2371/1902 120/120/102 118/118/101
f 2344/2344/1897 2347/2347/1897 2373/2373/1903
f 2344/2344/1897 2373/2373/1903 2374/2374/1903
f 2374/2374/1903 2373/2373/1903 2349/2349/1898
f 2374/2374/1903 2349/2349/1898 2348/2348/1898
f 127/127/104 129/129/104 123/123/103
f 127/127/104 123/123/103 122/122/103
f 129/129/104 128/128/105 126/126/96
f 129/129/104 126/126/96 125/125/96
f 121/121/103 133/133/107 131/131/107
f 121/121/103 131/131/107 122/122/103
f 106/106/97 2375/2375/96 2376/2376/96
f 106/106/97 2376/2376/96 2313/2313/97
f 2377/2377/119 2321/2321/1889 111/111/98
f 2377/2377/119 111/111/98 152/152/119
f 2323/2323/1892 2331/2331/1892 2378/2378/1904
f 2323/2323/1892 2378/2378/1904 140/140/1904
f 2379/2379/1905 152/152/119 111/111/98
f 2379/2379/1905 111/111/98 110/110/98
f 216/216/110 138/138/110 140/140/110
f 216/216/110 140/140/110 214/214/110
f 140/140/110 139/139/111 2324/2324/1890
f 140/140/110 2324/2324/1890 2323/2323/1890
f 2380/2380/1906 142/142/113 135/135/108
f 2380/2380/1906 135/135/108 134/134/108
f 2381/2381/1907 155/155/1907 154/154/1907
f 2381/2381/1907 154/154/1907 158/158/1907
f 2382/2382/1907 2383/2383/135 2384/2384/135
f 2382/2382/1907 2384/2384/135 2385/2385/1907
f 2386/2386/120 153/153/120 152/152/119
f 2386/2386/120 152/152/119 2379/2379/1905
f 152/152/119 151/151/118 2387/2387/118
f 152/152/119 2387/2387/118 2388/2388/118
f 2389/2389/1908 140/140/1904 2378/2378/1904
f 2389/2389/1908 2378/2378/1904 2390/2390/1908
f 2391/2391/1891 2315/2315/1887 2314/2314/1887
f 2391/2391/1891 2314/2314/1887 2392/2392/1891
f 152/152/119 2388/2388/118 2393/2393/1909
f 152/152/119 2393/2393/1909 2377/2377/119
f 2394/2394/124 160/160/124 161/161/124
f 2394/2394/124 161/161/124 159/159/124
f 159/159/124 154/154/121 157/157/122
f 159/159/124 157/157/122 2394/2394/124
f 2395/2395/1910 2396/2396/1910 2397/2397/1910
f 2395/2395/1910 2397/2397/1910 2398/2398/1910
f 2399/2399/1911 2400/2400/1911 2396/2396/1910
f 2399/2399/1911 2396/2396/1910 2395/2395/1910
f 2401/2401/1912 2402/2402/1912 2403/2403/1912
f 2401/2401/1912 2403/2403/1912 2404/2404/1912
f 2405/2405/1913 2406/2406/1913 2407/2407/1913
f 2405/2405/1913 2407/2407/1913 2408/2408/1913
f 2409/2409/1914 2405/2405/1914 2408/2408/1914
f 2409/2409/1914 2408/2408/1914 2410/2410/1914
f 2409/2409/1915 2410/2410/1915 2411/2411/1915
f 2409/2409/1915 2411/2411/1915 2412/2412/1915
f 2413/2413/1916 2414/2414/1916 2415/2415/1916
f 2413/2413/1916 2415/2415/1916 2416/2416/1916
f 2415/2415/1916 2417/2417/849 2418/2418/849
f 2415/2415/1916 2418/2418/849 2416/2416/1916
f 2419/2419/1917 2420/2420/1917 2421/2421/1917
f 2419/2419/1917 2421/2421/1917 2422/2422/1917
f 2396/2396/1910 2423/2423/1918 2424/2424/1918
f 2396/2396/1910 2424/2424/1918 2397/2397/1910
f 2396/2396/1910 2400/2400/1911 2425/2425/1919
f 2396/2396/1910 2425/2425/1919 2423/2423/1918
f 280/280/132 2401/2401/1912 2404/2404/1912
f 280/280/132 2404/2404/1912 173/173/132
f 2385/2385/1920 2384/2384/1920 2426/2426/1913
f 2385/2385/1920 2426/2426/1913 2427/2427/1920
f 2428/2428/1921 2385/2385/1920 2427/2427/1920
f 2428/2428/1921 2427/2427/1920 2429/2429/1921
f 2430/2430/1922 2431/2431/1922 2432/2432/1922
f 2430/2430/1922 2432/2432/1922 2433/2433/1922
f 2432/2432/1922 2431/2431/1922 2434/2434/849
f 2432/2432/1922 2434/2434/849 2435/2435/849
f 2436/2436/1923 2437/2437/1923 2419/2419/1917
f 2436/2436/1923 2419/2419/1917 2438/2438/1923
f 2438/2438/1923 2419/2419/1917 2422/2422/1917
f 2438/2438/1923 2422/2422/1917 2439/2439/1924
f 2420/2420/1917 2419/2419/1917 2437/2437/1923
f 2420/2420/1917 2437/2437/1923 2440/2440/1925
f 2435/2435/849 2434/2434/849 2437/2437/1923
f 2435/2435/849 2437/2437/1923 2436/2436/1923
f 170/170/130 2441/2441/130 2442/2442/130
f 170/170/130 2442/2442/130 171/171/130
f 2442/2442/130 2441/2441/130 163/163/125
f 2442/2442/130 163/163/125 162/162/125
f 164/164/126 166/166/126 2443/2443/126
f 164/164/126 2443/2443/126 162/162/125
f 2444/2444/1926 2445/2445/1926 2446/2446/1926
f 2444/2444/1926 2446/2446/1926 2447/2447/1926
f 2448/2448/151 131/131/107 208/208/151
f 2448/2448/151 208/208/151 2449/2449/151
f 2449/2449/151 2450/2450/1927 2451/2451/1927
f 2449/2449/151 2451/2451/1927 2448/2448/151
f 2372/2372/14 2371/2371/14 2452/2452/14
f 2372/2372/14 2452/2452/14 2453/2453/14
f 2454/2454/1928 2455/2455/1928 2456/2456/1928
f 2454/2454/1928 2456/2456/1928 2457/2457/1928
f 119/119/14 120/120/14 195/195/14
f 119/119/14 195/195/14 194/194/14
f 2458/2458/1929 2459/2459/1929 2460/2460/1929
f 2458/2458/1929 2460/2460/1929 2461/2461/1929
f 2462/2462/14 2463/2463/14 2464/2464/14
f 2462/2462/14 2464/2464/14 2465/2465/14
f 2466/2466/1930 2467/2467/1930 2468/2468/1930
f 2466/2466/1930 2468/2468/1930 2469/2469/1930
f 269/269/14 273/273/14 259/259/14
f 269/269/14 259/259/14 262/262/14
f 2470/2470/1931 2471/2471/1931 2472/2472/1931
f 2470/2470/1931 2472/2472/1931 2473/2473/1931
f 2474/2474/14 2475/2475/14 2476/2476/14
f 2474/2474/14 2476/2476/14 2477/2477/14
f 2478/2478/1930 2479/2479/1930 2480/2480/1930
f 2478/2478/1930 2480/2480/1930 2481/2481/1930
f 272/272/14 267/267/14 261/261/14
f 272/272/14 261/261/14 266/266/14
f 2482/2482/1931 2483/2483/1931 2484/2484/1931
f 2482/2482/1931 2484/2484/1931 2485/2485/1931
f 2486/2486/14 2487/2487/14 2488/2488/14
f 2486/2486/14 2488/2488/14 2489/2489/14
f 2490/2490/1930 2491/2491/1930 2492/2492/1930
f 2490/2490/1930 2492/2492/1930 2493/2493/1930
f 2494/2494/14 270/270/14 265/265/14
f 2494/2494/14 265/265/14 2495/2495/14
f 2496/2496/1932 2497/2497/1932 2498/2498/1932
f 2496/2496/1932 2498/2498/1932 2499/2499/1932
f 146/146/14 2500/2500/14 2501/2501/14
f 146/146/14 2501/2501/14 224/224/14
f 147/147/1933 146/146/14 224/224/14
f 147/147/1933 224/224/14 226/226/1933
f 2502/2502/1934 147/147/1933 226/226/1933
f 2502/2502/1934 226/226/1933 2503/2503/1934
f 2504/2504/1935 2502/2502/1934 2503/2503/1934
f 2504/2504/1935 2503/2503/1934 2505/2505/1935
f 2506/2506/1936 2504/2504/1935 2505/2505/1935
f 2506/2506/1936 2505/2505/1935 2507/2507/1936
f 2508/2508/1937 2506/2506/1937 2507/2507/1937
f 2508/2508/1937 2507/2507/1937 2509/2509/1937
f 2510/2510/14 2508/2508/1937 2509/2509/1937
f 2510/2510/14 2509/2509/1937 2511/2511/14
f 2512/2512/14 2510/2510/14 2511/2511/14
f 2512/2512/14 2511/2511/14 2513/2513/14
f 2514/2514/1938 2512/2512/14 2513/2513/14
f 2514/2514/1938 2513/2513/14 2515/2515/1938
f 2516/2516/1939 2517/2517/1939 2518/2518/1939
f 2516/2516/1939 2518/2518/1939 2519/2519/1939
f 2520/2520/1940 2521/2521/1940 2522/2522/1940
f 2520/2520/1940 2522/2522/1940 2523/2523/1940
f 2524/2524/1941 2520/2520/1940 2523/2523/1940
f 2524/2524/1941 2523/2523/1940 2525/2525/1941
f 2526/2526/1942 2527/2527/1942 2528/2528/1942
f 2526/2526/1942 2528/2528/1942 2529/2529/1942
f 2530/2530/1943 2526/2526/1943 2529/2529/1943
f 2530/2530/1943 2529/2529/1943 2531/2531/1943
f 2532/2532/1944 2530/2530/1944 2531/2531/1944
f 2532/2532/1944 2531/2531/1944 2533/2533/1944
f 174/174/133 173/173/132 179/179/135
f 174/174/133 179/179/135 2534/2534/133
f 2406/2406/1913 2535/2535/1945 2536/2536/1945
f 2406/2406/1913 2536/2536/1945 2407/2407/1913
f 2537/2537/1946 2404/2404/1912 2403/2403/1912
f 2537/2537/1946 2403/2403/1912 2538/2538/1946
f 2539/2539/1920 2540/2540/1947 2535/2535/1945
f 2539/2539/1920 2535/2535/1945 2406/2406/1913
f 2537/2537/1946 180/180/1948 173/173/132
f 2537/2537/1946 173/173/132 2404/2404/1912
f 2541/2541/1949 2542/2542/1949 2378/2378/1949
f 2541/2541/1949 2378/2378/1949 2331/2331/1949
f 2543/2543/1950 2544/2544/1950 2545/2545/1950
f 2543/2543/1950 2545/2545/1950 2546/2546/1950
f 2544/2544/1950 2547/2547/14 2548/2548/14
f 2544/2544/1950 2548/2548/14 2545/2545/1950
f 2549/2549/1951 2541/2541/1949 2331/2331/1949
f 2549/2549/1951 2331/2331/1949 2332/2332/1951
f 2547/2547/14 2550/2550/1952 2551/2551/1952
f 2547/2547/14 2551/2551/1952 2548/2548/14
f 2552/2552/1953 2553/2553/1953 128/128/105
f 2552/2552/1953 128/128/105 127/127/104
f 2554/2554/1954 2549/2549/1951 2332/2332/1951
f 2554/2554/1954 2332/2332/1951 2339/2339/1954
f 2555/2555/1955 2543/2543/1950 2546/2546/1950
f 2555/2555/1955 2546/2546/1950 2556/2556/1955
f 2542/2542/1949 2557/2557/1956 2390/2390/1956
f 2542/2542/1949 2390/2390/1956 2378/2378/1949
f 2558/2558/1957 2559/2559/1957 167/167/128
f 2558/2558/1957 167/167/128 169/169/129
f 2560/2560/137 2561/2561/137 106/106/97
f 2560/2560/137 106/106/97 183/183/137
f 2562/2562/1958 2563/2563/1958 2564/2564/1958
f 2562/2562/1958 2564/2564/1958 2565/2565/1958
f 2566/2566/1959 184/184/138 106/106/97
f 2566/2566/1959 106/106/97 182/182/96
f 2567/2567/141 2568/2568/141 190/190/141
f 2567/2567/141 190/190/141 191/191/141
f 186/186/139 2569/2569/1960 2570/2570/1960
f 186/186/139 2570/2570/1960 187/187/139
f 2571/2571/1961 2572/2572/1961 2573/2573/1961
f 2571/2571/1961 2573/2573/1961 2574/2574/1961
f 2575/2575/164 2564/2564/1958 2563/2563/1958
f 2575/2575/164 2563/2563/1958 2576/2576/164
f 2577/2577/1962 2578/2578/1962 2572/2572/1962
f 2577/2577/1962 2572/2572/1962 2571/2571/1962
f 2579/2579/1963 2580/2580/1963 2569/2569/1960
f 2579/2579/1963 2569/2569/1960 186/186/139
f 2581/2581/1964 2572/2572/1962 2578/2578/1962
f 2581/2581/1964 2578/2578/1962 2582/2582/1964
f 2583/2583/1965 2584/2584/1965 2337/2337/849
f 2583/2583/1965 2337/2337/849 2336/2336/849
f 2585/2585/1966 2586/2586/1966 2584/2584/1965
f 2585/2585/1966 2584/2584/1965 2583/2583/1965
f 2587/2587/1967 2588/2588/1967 2589/2589/1966
f 2587/2587/1967 2589/2589/1966 2590/2590/1966
f 190/190/141 2568/2568/141 2591/2591/1968
f 190/190/141 2591/2591/1968 2592/2592/1968
f 2593/2593/1969 2573/2573/1961 2572/2572/1961
f 2593/2593/1969 2572/2572/1961 2581/2581/1969
f 2594/2594/1970 2575/2575/164 2576/2576/164
f 2594/2594/1970 2576/2576/164 2595/2595/1970
f 2596/2596/154 2597/2597/154 2598/2598/154
f 2596/2596/154 2598/2598/154 2599/2599/154
f 2600/2600/184 2601/2601/184 2602/2602/184
f 2600/2600/184 2602/2602/184 2603/2603/184
f 2604/2604/181 2605/2605/181 2606/2606/181
f 2604/2604/181 2606/2606/181 2607/2607/181
f 2608/2608/144 2609/2609/144 2610/2610/144
f 2608/2608/144 2610/2610/144 2611/2611/144
f 196/196/145 195/195/145 2453/2453/1971
f 196/196/145 2453/2453/1971 2452/2452/1971
f 2587/2587/1967 2612/2612/1972 2613/2613/1972
f 2587/2587/1967 2613/2613/1972 2588/2588/1967
f 2612/2612/1972 2592/2592/1968 2591/2591/1968
f 2612/2612/1972 2591/2591/1968 2613/2613/1972
f 203/203/147 199/199/96 198/198/96
f 203/203/147 198/198/96 204/204/147
f 204/204/147 202/202/146 201/201/146
f 204/204/147 201/201/146 205/205/148
f 197/197/96 199/199/96 208/208/151
f 197/197/96 208/208/151 209/209/152
f 130/130/106 206/206/149 208/208/151
f 130/130/106 208/208/151 131/131/107
f 106/106/97 2561/2561/137 2614/2614/1973
f 106/106/97 2614/2614/1973 2615/2615/1973
f 2616/2616/166 232/232/166 187/187/139
f 2616/2616/166 187/187/139 2570/2570/1960
f 2571/2571/1962 218/218/1974 2617/2617/1974
f 2571/2571/1962 2617/2617/1974 2577/2577/1962
f 2618/2618/1975 185/185/139 187/187/139
f 2618/2618/1975 187/187/139 232/232/166
f 215/215/155 214/214/110 218/218/156
f 215/215/155 218/218/156 217/217/156
f 218/218/156 2571/2571/1961 2574/2574/1961
f 218/218/156 2574/2574/1961 219/219/157
f 2619/2619/1976 210/210/153 212/212/153
f 2619/2619/1976 212/212/153 222/222/159
f 2620/2620/1977 237/237/1977 233/233/1977
f 2620/2620/1977 233/233/1977 235/235/1977
f 2621/2621/1977 2622/2622/1977 2623/2623/178
f 2621/2621/1977 2623/2623/178 2624/2624/178
f 2625/2625/165 2618/2618/1975 232/232/166
f 2625/2625/165 232/232/166 231/231/165
f 232/232/166 2626/2626/164 2627/2627/164
f 232/232/166 2627/2627/164 230/230/164
f 2628/2628/1978 2629/2629/1978 2617/2617/1974
f 2628/2628/1978 2617/2617/1974 218/218/1974
f 2630/2630/1979 2631/2631/1979 2562/2562/1958
f 2630/2630/1979 2562/2562/1958 2565/2565/1958
f 232/232/166 2616/2616/166 2632/2632/1980
f 232/232/166 2632/2632/1980 2626/2626/164
f 2633/2633/170 238/238/170 240/240/170
f 2633/2633/170 240/240/170 239/239/170
f 238/238/170 2633/2633/170 236/236/168
f 238/238/170 236/236/168 233/233/167
f 2395/2395/1910 2398/2398/1910 2634/2634/1981
f 2395/2395/1910 2634/2634/1981 2635/2635/1981
f 2636/2636/1982 2399/2399/1911 2395/2395/1910
f 2636/2636/1982 2395/2395/1910 2635/2635/1981
f 2637/2637/1983 2638/2638/1983 2403/2403/1912
f 2637/2637/1983 2403/2403/1912 2402/2402/1912
f 2639/2639/1984 2408/2408/1913 2407/2407/1913
f 2639/2639/1984 2407/2407/1913 2640/2640/1984
f 2641/2641/1985 2410/2410/1914 2408/2408/1914
f 2641/2641/1985 2408/2408/1914 2639/2639/1985
f 2641/2641/1986 2642/2642/1986 2411/2411/1915
f 2641/2641/1986 2411/2411/1915 2410/2410/1915
f 2643/2643/1987 2644/2644/1987 2415/2415/1916
f 2643/2643/1987 2415/2415/1916 2414/2414/1916
f 2415/2415/1916 2644/2644/1987 2645/2645/849
f 2415/2415/1916 2645/2645/849 2417/2417/849
f 2646/2646/1988 2647/2647/1988 2421/2421/1917
f 2646/2646/1988 2421/2421/1917 2420/2420/1917
f 2635/2635/1981 2634/2634/1981 2648/2648/1989
f 2635/2635/1981 2648/2648/1989 2649/2649/1989
f 2649/2649/1989 2650/2650/1990 2636/2636/1982
f 2649/2649/1989 2636/2636/1982 2635/2635/1981
f 252/252/176 251/251/176 2638/2638/1983
f 252/252/176 2638/2638/1983 2637/2637/1983
f 2622/2622/1991 2651/2651/1991 2652/2652/1984
f 2622/2622/1991 2652/2652/1984 2623/2623/1991
f 2653/2653/1992 2654/2654/1992 2651/2651/1991
f 2653/2653/1992 2651/2651/1991 2622/2622/1991
f 2655/2655/1993 2656/2656/1993 2657/2657/1993
f 2655/2655/1993 2657/2657/1993 2658/2658/1993
f 2657/2657/1993 2659/2659/1994 2660/2660/1994
f 2657/2657/1993 2660/2660/1994 2658/2658/1993
f 2661/2661/1923 2662/2662/1923 2646/2646/1988
f 2661/2661/1923 2646/2646/1988 2663/2663/1923
f 2662/2662/1923 2664/2664/1995 2647/2647/1988
f 2662/2662/1923 2647/2647/1988 2646/2646/1988
f 2420/2420/1917 2440/2440/1925 2663/2663/1923
f 2420/2420/1917 2663/2663/1923 2646/2646/1988
f 2659/2659/1994 2661/2661/1923 2663/2663/1923
f 2659/2659/1994 2663/2663/1923 2660/2660/1994
f 248/248/174 250/250/174 2665/2665/174
f 248/248/174 2665/2665/174 2666/2666/174
f 2665/2665/174 241/241/171 243/243/171
f 2665/2665/174 243/243/171 2666/2666/174
f 242/242/172 241/241/171 2667/2667/172
f 242/242/172 2667/2667/172 244/244/172
f 2668/2668/1926 2669/2669/1926 2446/2446/1926
f 2668/2668/1926 2446/2446/1926 2445/2445/1926
f 281/281/197 2670/2670/197 257/257/178
f 281/281/197 257/257/178 251/251/176
f 2640/2640/1984 2407/2407/1913 2536/2536/1945
f 2640/2640/1984 2536/2536/1945 2671/2671/1996
f 2672/2672/1997 2538/2538/1946 2403/2403/1912
f 2672/2672/1997 2403/2403/1912 2638/2638/1983
f 2673/2673/1991 2640/2640/1984 2671/2671/1996
f 2673/2673/1991 2671/2671/1996 2674/2674/1998
f 2672/2672/1997 2638/2638/1983 251/251/176
f 2672/2672/1997 251/251/176 258/258/1999
f 2675/2675/2000 2577/2577/2000 2617/2617/2000
f 2675/2675/2000 2617/2617/2000 2676/2676/2000
f 2677/2677/2001 2678/2678/2001 2679/2679/2001
f 2677/2677/2001 2679/2679/2001 2680/2680/2001
f 2680/2680/2001 2679/2679/2001 2681/2681/14
f 2680/2680/2001 2681/2681/14 2682/2682/14
f 2683/2683/849 2578/2578/849 2577/2577/2000
f 2683/2683/849 2577/2577/2000 2675/2675/2000
f 2682/2682/14 2681/2681/14 2684/2684/14
f 2682/2682/14 2684/2684/14 2685/2685/14
f 2686/2686/1953 203/203/147 205/205/148
f 2686/2686/1953 205/205/148 2687/2687/1953
f 2688/2688/2002 2582/2582/2002 2578/2578/849
f 2688/2688/2002 2578/2578/849 2683/2683/849
f 2689/2689/2003 2690/2690/2003 2678/2678/2001
f 2689/2689/2003 2678/2678/2001 2677/2677/2001
f 2676/2676/2000 2617/2617/2000 2629/2629/2004
f 2676/2676/2000 2629/2629/2004 2691/2691/2004
f 2692/2692/2005 247/247/129 246/246/128
f 2692/2692/2005 246/246/128 2693/2693/2005
f 2694/2694/154 2495/2495/154 265/265/184
f 2694/2694/154 265/265/184 264/264/183
f 266/266/184 261/261/181 263/263/182
f 266/266/184 263/263/182 264/264/183
f 263/263/182 262/262/181 259/259/144
f 263/263/182 259/259/144 260/260/180
f 268/268/186 117/117/101 273/273/189
f 268/268/186 273/273/189 269/269/185
f 271/271/188 268/268/186 267/267/185
f 271/271/188 267/267/185 272/272/187
f 2494/2494/109 2695/2695/109 271/271/188
f 2494/2494/109 271/271/188 270/270/187
f 274/274/190 2354/2354/1901 2696/2696/191
f 274/274/190 2696/2696/191 275/275/191
f 275/275/191 2696/2696/191 277/277/192
f 275/275/191 277/277/192 276/276/192
f 2697/2697/193 278/278/193 2698/2698/193
f 2697/2697/193 2698/2698/193 2699/2699/193
f 2579/2579/1963 186/186/139 278/278/193
f 2579/2579/1963 278/278/193 2697/2697/193
f 2698/2698/193 278/278/193 279/279/194
f 2698/2698/193 279/279/194 2700/2700/194
f 2700/2700/194 279/279/194 192/192/142
f 2700/2700/194 192/192/142 193/193/143
f 2701/2701/2006 2702/2702/2007 2703/2703/2008
f 2701/2701/2006 2703/2703/2008 2704/2704/2009
f 2705/2705/2010 2706/2706/2011 287/287/203
f 2705/2705/2010 287/287/203 2707/2707/2012
f 286/286/202 2708/2708/2013 2709/2709/2014
f 286/286/202 2709/2709/2014 2710/2710/2015
f 2711/2711/2016 2712/2712/2017 2713/2713/2018
f 2711/2711/2016 2713/2713/2018 2714/2714/2019
f 2715/2715/2020 2716/2716/2021 2717/2717/2022
f 2715/2715/2020 2717/2717/2022 2718/2718/2023
f 2719/2719/2024 2720/2720/2025 2721/2721/2026
f 2719/2719/2024 2721/2721/2026 2722/2722/2027
f 2723/2723/2028 2724/2724/2029 2725/2725/2030
f 2723/2723/2028 2725/2725/2030 2726/2726/2031
f 2727/2727/2032 2728/2728/2033 285/285/201
f 2727/2727/2032 285/285/201 283/283/199
f 287/287/203 286/286/202 2710/2710/2015
f 287/287/203 2710/2710/2015 2707/2707/2012
f 2718/2718/2023 284/284/200 283/283/199
f 2718/2718/2023 283/283/199 285/285/201
f 285/285/201 287/287/203 2715/2715/2020
f 285/285/201 2715/2715/2020 2718/2718/2023
f 2729/2729/2034 2702/2702/2007 2701/2701/2006
f 2729/2729/2034 2701/2701/2006 2730/2730/2035
f 2713/2713/2018 2712/2712/2017 2731/2731/2036
f 2713/2713/2018 2731/2731/2036 2732/2732/2037
f 2733/2733/2038 2721/2721/2026 2720/2720/2025
f 2733/2733/2038 2720/2720/2025 2734/2734/2039
f 2735/2735/2040 2724/2724/2029 2723/2723/2028
f 2735/2735/2040 2723/2723/2028 2736/2736/2041
f 2737/2737/2042 2721/2721/2026 2733/2733/2038
f 2737/2737/2042 2733/2733/2038 2738/2738/2043
f 2723/2723/2028 2739/2739/2044 2740/2740/2045
f 2723/2723/2028 2740/2740/2045 2736/2736/2041
f 2734/2734/2039 2720/2720/2025 2702/2702/2007
f 2734/2734/2039 2702/2702/2007 2729/2729/2034
f 2731/2731/2036 2712/2712/2017 2724/2724/2029
f 2731/2731/2036 2724/2724/2029 2735/2735/2040
f 2741/2741/2046 2742/2742/2047 2743/2743/2048
f 2741/2741/2046 2743/2743/2048 2744/2744/2049
f 2745/2745/2050 2746/2746/2051 2743/2743/2048
f 2745/2745/2050 2743/2743/2048 2742/2742/2047
f 2745/2745/2050 2747/2747/2052 2748/2748/2053
f 2745/2745/2050 2748/2748/2053 2746/2746/2051
f 2739/2739/2054 288/288/204 290/290/206
f 2739/2739/2054 290/290/206 2740/2740/2055
f 289/289/205 291/291/207 2749/2749/2056
f 289/289/205 2749/2749/2056 290/290/206
f 2737/2737/2042 2750/2750/2057 2722/2722/2027
f 2737/2737/2042 2722/2722/2027 2721/2721/2026
f 2751/2751/2058 284/284/200 2718/2718/2023
f 2751/2751/2058 2718/2718/2023 2717/2717/2022
f 2702/2702/2007 2720/2720/2025 2719/2719/2024
f 2702/2702/2007 2719/2719/2024 2703/2703/2008
f 2706/2706/2011 2716/2716/2021 2715/2715/2020
f 2706/2706/2011 2715/2715/2020 287/287/203
f 283/283/199 282/282/198 2752/2752/2059
f 283/283/199 2752/2752/2059 2727/2727/2032
f 2726/2726/2031 288/288/2060 2739/2739/2044
f 2726/2726/2031 2739/2739/2044 2723/2723/2028
f 286/286/202 285/285/201 2728/2728/2033
f 286/286/202 2728/2728/2033 2708/2708/2013
f 2711/2711/2016 2725/2725/2030 2724/2724/2029
f 2711/2711/2016 2724/2724/2029 2712/2712/2017
f 2753/2753/2061 2754/2754/2062 2755/2755/2063
f 2753/2753/2061 2755/2755/2063 2756/2756/2064
f 2754/2754/2062 2757/2757/2065 2758/2758/2066
f 2754/2754/2062 2758/2758/2066 2755/2755/2063
f 2757/2757/2065 2759/2759/2067 2760/2760/2067
f 2757/2757/2065 2760/2760/2067 2758/2758/2066
f 2761/2761/2067 2762/2762/2068 2763/2763/26
f 2761/2761/2067 2763/2763/26 2764/2764/2067
f 2762/2762/2068 2765/2765/2069 2766/2766/2070
f 2762/2762/2068 2766/2766/2070 2763/2763/26
f 2767/2767/2069 2768/2768/2071 2769/2769/2072
f 2767/2767/2069 2769/2769/2072 2770/2770/2070
f 2768/2768/2071 2771/2771/2073 2772/2772/2073
f 2768/2768/2071 2772/2772/2073 2769/2769/2072
f 2771/2771/2073 2773/2773/2074 2774/2774/2075
f 2771/2771/2073 2774/2774/2075 2772/2772/2073
f 2773/2773/2074 2775/2775/2076 2776/2776/2077
f 2773/2773/2074 2776/2776/2077 2774/2774/2075
f 2775/2775/2076 2777/2777/2078 2778/2778/2079
f 2775/2775/2076 2778/2778/2079 2776/2776/2077
f 2777/2777/2078 2779/2779/2080 2780/2780/2081
f 2777/2777/2078 2780/2780/2081 2778/2778/2079
f 2779/2779/2080 2781/2781/2082 2782/2782/2083
f 2779/2779/2080 2782/2782/2083 2780/2780/2081
f 2781/2781/2082 2783/2783/2084 2784/2784/2085
f 2781/2781/2082 2784/2784/2085 2782/2782/2083
f 2785/2785/2084 2786/2786/2086 2787/2787/2087
f 2785/2785/2084 2787/2787/2087 2788/2788/2085
f 2786/2786/2086 2789/2789/2088 2790/2790/2089
f 2786/2786/2086 2790/2790/2089 2787/2787/2087
f 2791/2791/2088 2792/2792/2090 2793/2793/2091
f 2791/2791/2088 2793/2793/2091 2794/2794/2089
f 2792/2792/2090 2795/2795/2092 2796/2796/2093
f 2792/2792/2090 2796/2796/2093 2793/2793/2091
f 2795/2795/2092 2797/2797/2094 2798/2798/2095
f 2795/2795/2092 2798/2798/2095 2796/2796/2093
f 2797/2797/2094 2799/2799/2096 2800/2800/2097
f 2797/2797/2094 2800/2800/2097 2798/2798/2095
f 2799/2799/2096 2753/2753/2061 2756/2756/2064
f 2799/2799/2096 2756/2756/2064 2800/2800/2097
f 2801/2801/2098 2802/2802/2099 2803/2803/2100
f 2801/2801/2098 2803/2803/2100 2804/2804/2101
f 2805/2805/2102 2806/2806/2103 2807/2807/2104
f 2805/2805/2102 2807/2807/2104 2808/2808/2105
f 2802/2802/2099 2809/2809/2106 2810/2810/2107
f 2802/2802/2099 2810/2810/2107 2803/2803/2108
f 2801/2801/2098 2811/2811/2109 335/335/244
f 2801/2801/2098 335/335/244 2802/2802/2099
f 2805/2805/2102 2812/2812/2110 2813/2813/2111
f 2805/2805/2102 2813/2813/2111 2806/2806/2103
f 335/335/244 337/337/246 2809/2809/2106
f 335/335/244 2809/2809/2106 2802/2802/2099
f 2814/2814/2112 2815/2815/2113 2810/2810/2107
f 2814/2814/2112 2810/2810/2107 2809/2809/2106
f 2816/2816/2114 2817/2817/2115 2818/2818/2116
f 2816/2816/2114 2818/2818/2116 2819/2819/2117
f 337/337/246 2820/2820/2118 2814/2814/2112
f 337/337/246 2814/2814/2112 2809/2809/2106
f 2816/2816/2114 2821/2821/2119 2822/2822/2120
f 2816/2816/2114 2822/2822/2120 2817/2817/2115
f 2823/2823/2121 2824/2824/2122 2816/2816/2114
f 2823/2823/2121 2816/2816/2114 2819/2819/2117
f 2821/2821/2119 2825/2825/2123 2826/2826/2124
f 2821/2821/2119 2826/2826/2124 2822/2822/2120
f 2824/2824/2122 2827/2827/2125 2821/2821/2126
f 2824/2824/2122 2821/2821/2126 2816/2816/2114
f 2811/2811/2127 2828/2828/2128 2829/2829/2129
f 2811/2811/2127 2829/2829/2129 335/335/244
f 2812/2812/2130 2830/2830/2131 2831/2831/2132
f 2812/2812/2130 2831/2831/2132 2813/2813/2132
f 2827/2827/2125 2832/2832/2133 2825/2825/2134
f 2827/2827/2125 2825/2825/2134 2821/2821/2126
f 2829/2829/2129 2833/2833/2135 376/376/284
f 2829/2829/2129 376/376/284 335/335/244
f 336/336/245 335/335/244 376/376/284
f 336/336/245 376/376/284 2834/2834/2136
f 2828/2828/2128 2835/2835/2137 2833/2833/2135
f 2828/2828/2128 2833/2833/2135 2829/2829/2129
f 336/336/245 2836/2836/2138 2820/2820/2118
f 336/336/245 2820/2820/2118 337/337/246
f 2837/2837/2139 2838/2838/2140 2831/2831/2141
f 2837/2837/2139 2831/2831/2141 2830/2830/2142
f 2839/2839/2143 2840/2840/2144 2824/2824/2122
f 2839/2839/2143 2824/2824/2122 2823/2823/2121
f 2840/2840/2144 2841/2841/2145 2827/2827/2125
f 2840/2840/2144 2827/2827/2125 2824/2824/2122
f 2842/2842/2146 376/376/284 2833/2833/2135
f 2842/2842/2146 2833/2833/2135 2835/2835/2137
f 2843/2843/2146 2844/2844/2147 2845/2845/285
f 2843/2843/2146 2845/2845/285 2846/2846/284
f 2838/2838/2140 2837/2837/2139 2847/2847/2148
f 2838/2838/2140 2847/2847/2148 2843/2843/2149
f 2841/2841/2145 2848/2848/2150 2832/2832/2133
f 2841/2841/2145 2832/2832/2133 2827/2827/2125
f 2843/2843/2151 2847/2847/2152 2849/2849/2153
f 2843/2843/2151 2849/2849/2153 2844/2844/2154
f 2850/2850/2147 344/344/2155 346/346/255
f 2850/2850/2147 346/346/255 377/377/285
f 2849/2849/2153 2851/2851/2156 2852/2852/2157
f 2849/2849/2153 2852/2852/2157 2844/2844/2154
f 2853/2853/2158 339/339/248 338/338/247
f 2853/2853/2158 338/338/247 2854/2854/2159
f 342/342/251 2855/2855/2160 2856/2856/2161
f 342/342/251 2856/2856/2161 343/343/252
f 345/345/254 2857/2857/2162 2858/2858/2163
f 345/345/254 2858/2858/2163 346/346/255
f 355/355/263 2859/2859/2164 2836/2836/2138
f 355/355/263 2836/2836/2138 336/336/245
f 2860/2860/2165 2861/2861/2166 2862/2862/2167
f 2860/2860/2165 2862/2862/2167 2863/2863/2168
f 2864/2864/2169 2865/2865/2170 2840/2840/2144
f 2864/2864/2169 2840/2840/2144 2839/2839/2143
f 2866/2866/259 2867/2867/2171 349/349/258
f 2866/2866/259 349/349/258 348/348/257
f 2868/2868/2172 2869/2869/2173 347/347/2174
f 2868/2868/2172 347/347/2174 349/349/2175
f 2865/2865/2170 2870/2870/2176 2841/2841/2145
f 2865/2865/2170 2841/2841/2145 2840/2840/2144
f 2871/2871/256 2872/2872/2177 2873/2873/2178
f 2871/2871/256 2873/2873/2178 351/351/257
f 2869/2869/2173 2874/2874/2179 2875/2875/2180
f 2869/2869/2173 2875/2875/2180 347/347/2174
f 357/357/265 352/352/260 351/351/257
f 357/357/265 351/351/257 2873/2873/2178
f 2870/2870/2176 2876/2876/2181 2848/2848/2150
f 2870/2870/2176 2848/2848/2150 2841/2841/2145
f 2854/2854/2159 338/338/247 366/366/274
f 2854/2854/2159 366/366/274 365/365/273
f 368/368/276 355/355/263 354/354/262
f 368/368/276 354/354/262 369/369/277
f 2877/2877/2182 357/357/265 2873/2873/2178
f 2877/2877/2182 2873/2873/2178 2872/2872/2177
f 357/357/265 356/356/264 2878/2878/2183
f 357/357/265 2878/2878/2183 352/352/260
f 357/357/265 361/361/269 360/360/268
f 357/357/265 360/360/268 358/358/266
f 2879/2879/2184 2880/2880/2185 2875/2875/2186
f 2879/2879/2184 2875/2875/2186 2874/2874/2187
f 2877/2877/2182 2881/2881/2188 361/361/269
f 2877/2877/2182 361/361/269 357/357/265
f 2882/2882/2189 2856/2856/2161 2855/2855/2160
f 2882/2882/2189 2855/2855/2160 2883/2883/2190
f 2883/2883/2190 2884/2884/2191 2885/2885/2192
f 2883/2883/2190 2885/2885/2192 2882/2882/2189
f 2879/2879/2193 2886/2886/2194 2887/2887/2195
f 2879/2879/2193 2887/2887/2195 2880/2880/2196
f 368/368/276 2888/2888/2197 2859/2859/2164
f 368/368/276 2859/2859/2164 355/355/263
f 2889/2889/2197 2890/2890/2198 2865/2865/2170
f 2889/2889/2197 2865/2865/2170 2864/2864/2169
f 2891/2891/2199 2892/2892/2200 2893/2893/2201
f 2891/2891/2199 2893/2893/2201 2894/2894/2202
f 2890/2890/2198 2895/2895/2203 2870/2870/2176
f 2890/2890/2198 2870/2870/2176 2865/2865/2170
f 2896/2896/2204 2897/2897/2205 2898/2898/2206
f 2896/2896/2204 2898/2898/2206 2881/2881/2188
f 359/359/267 361/361/269 2881/2881/2188
f 359/359/267 2881/2881/2188 2898/2898/2206
f 2899/2899/2207 2900/2900/2208 364/364/272
f 2899/2899/2207 364/364/272 363/363/271
f 2901/2901/2209 2902/2902/2210 2887/2887/2211
f 2901/2901/2209 2887/2887/2211 2886/2886/2212
f 2895/2895/2203 2903/2903/2213 2876/2876/2181
f 2895/2895/2203 2876/2876/2181 2870/2870/2176
f 373/373/281 372/372/280 2904/2904/2214
f 373/373/281 2904/2904/2214 374/374/282
f 2905/2905/2215 2892/2892/2200 2891/2891/2199
f 2905/2905/2215 2891/2891/2199 2906/2906/2215
f 2889/2889/2197 2907/2907/297 2908/2908/2216
f 2889/2889/2197 2908/2908/2216 2890/2890/2198
f 2909/2909/2217 2910/2910/2218 2911/2911/2219
f 2909/2909/2217 2911/2911/2219 2912/2912/2220
f 2909/2909/2217 2912/2912/2220 2913/2913/2221
f 2909/2909/2217 2913/2913/2221 2914/2914/2222
f 2890/2890/2198 2908/2908/2216 2915/2915/2223
f 2890/2890/2198 2915/2915/2223 2895/2895/2203
f 2916/2916/2224 2914/2914/2222 2913/2913/2221
f 2916/2916/2224 2913/2913/2221 2917/2917/2225
f 2918/2918/2226 2919/2919/2227 375/375/283
f 2918/2918/2226 375/375/283 374/374/282
f 2895/2895/2203 2915/2915/2223 2920/2920/2228
f 2895/2895/2203 2920/2920/2228 2903/2903/2213
f 2907/2907/297 2921/2921/2229 2922/2922/2230
f 2907/2907/297 2922/2922/2230 2908/2908/2216
f 2908/2908/2216 2922/2922/2230 2923/2923/2231
f 2908/2908/2216 2923/2923/2231 2915/2915/2223
f 2924/2924/2232 2920/2920/2228 2915/2915/2223
f 2924/2924/2232 2915/2915/2223 2923/2923/2231
f 353/353/261 355/355/263 336/336/245
f 353/353/261 336/336/245 2834/2834/2136
f 2925/2925/2233 2834/2834/2136 376/376/284
f 2925/2925/2233 376/376/284 378/378/286
f 346/346/255 2858/2858/2163 378/378/286
f 346/346/255 378/378/286 377/377/285
f 381/381/289 380/380/288 400/400/308
f 381/381/289 400/400/308 2926/2926/2234
f 2927/2927/2235 2928/2928/2236 2929/2929/2237
f 2927/2927/2235 2929/2929/2237 2930/2930/2238
f 2931/2931/2238 2932/2932/2237 2894/2894/2202
f 2931/2931/2238 2894/2894/2202 2893/2893/2201
f 380/380/288 379/379/287 2933/2933/2239
f 380/380/288 2933/2933/2239 2934/2934/2240
f 364/364/272 2900/2900/2208 380/380/288
f 364/364/272 380/380/288 2934/2934/2240
f 2935/2935/2241 2936/2936/2242 2904/2904/2214
f 2935/2935/2241 2904/2904/2214 372/372/280
f 2883/2883/2190 384/384/292 383/383/291
f 2883/2883/2190 383/383/291 2884/2884/2191
f 365/365/273 367/367/275 2937/2937/2243
f 365/365/273 2937/2937/2243 386/386/294
f 2888/2888/2197 368/368/276 370/370/278
f 2888/2888/2197 370/370/278 2938/2938/2244
f 389/389/297 2888/2888/2197 2938/2938/2244
f 389/389/297 2938/2938/2244 387/387/295
f 384/384/292 2939/2939/2245 2940/2940/2246
f 384/384/292 2940/2940/2246 382/382/290
f 2941/2941/2247 2942/2942/2229 389/389/297
f 2941/2941/2247 389/389/297 388/388/296
f 2943/2943/2248 2944/2944/2249 398/398/306
f 2943/2943/2248 398/398/306 397/397/305
f 2944/2944/2249 2943/2943/2248 392/392/300
f 2944/2944/2249 392/392/300 391/391/299
f 2945/2945/2250 391/391/299 390/390/298
f 2945/2945/2250 390/390/298 2946/2946/2251
f 2947/2947/2252 2948/2948/2253 393/393/301
f 2947/2947/2252 393/393/301 395/395/303
f 2919/2919/2227 2918/2918/2226 2943/2943/2248
f 2919/2919/2227 2943/2943/2248 397/397/305
f 2948/2948/2254 2947/2947/2255 402/402/310
f 2948/2948/2254 402/402/310 400/400/308
f 2949/2949/2256 2926/2926/2234 400/400/308
f 2949/2949/2256 400/400/308 399/399/307
f 2950/2950/2257 2951/2951/2258 2805/2805/2102
f 2950/2950/2257 2805/2805/2102 2808/2808/2105
f 2951/2951/2258 2952/2952/2259 2812/2812/2110
f 2951/2951/2258 2812/2812/2110 2805/2805/2102
f 2830/2830/2131 2812/2812/2130 2952/2952/2260
f 2830/2830/2131 2952/2952/2260 2953/2953/2261
f 2954/2954/2262 2837/2837/2139 2830/2830/2142
f 2954/2954/2262 2830/2830/2142 2953/2953/2263
f 2837/2837/2139 2954/2954/2262 2955/2955/2264
f 2837/2837/2139 2955/2955/2264 2847/2847/2148
f 2847/2847/2152 2955/2955/2265 2956/2956/2266
f 2847/2847/2152 2956/2956/2266 2849/2849/2153
f 2957/2957/2267 2851/2851/2156 2849/2849/2153
f 2957/2957/2267 2849/2849/2153 2956/2956/2266
f 2861/2861/2166 2860/2860/2165 2958/2958/2268
f 2861/2861/2166 2958/2958/2268 2959/2959/2269
f 2868/2868/2172 2960/2960/2270 2961/2961/2271
f 2868/2868/2172 2961/2961/2271 2869/2869/2173
f 2962/2962/2272 2874/2874/2179 2869/2869/2173
f 2962/2962/2272 2869/2869/2173 2961/2961/2271
f 2879/2879/2184 2874/2874/2187 2962/2962/2273
f 2879/2879/2184 2962/2962/2273 2963/2963/2274
f 2879/2879/2193 2963/2963/2275 2964/2964/2276
f 2879/2879/2193 2964/2964/2276 2886/2886/2194
f 2901/2901/2209 2886/2886/2212 2964/2964/2277
f 2901/2901/2209 2964/2964/2277 2965/2965/2277
f 2966/2966/2278 2967/2967/2278 2936/2936/2242
f 2966/2966/2278 2936/2936/2242 2935/2935/2241
f 2928/2928/2279 2927/2927/2279 2968/2968/2280
f 2928/2928/2279 2968/2968/2280 2969/2969/2281
f 2970/2970/2282 2971/2971/2283 2972/2972/2284
f 2970/2970/2282 2972/2972/2284 2973/2973/2285
f 2974/2974/2286 2975/2975/2287 2976/2976/2288
f 2974/2974/2286 2976/2976/2288 2977/2977/2289
f 2973/2973/2285 2972/2972/2290 2978/2978/2291
f 2973/2973/2285 2978/2978/2291 2979/2979/2292
f 405/405/313 2980/2980/2293 2970/2970/2282
f 405/405/313 2970/2970/2282 2973/2973/2285
f 2974/2974/2286 2977/2977/2289 2981/2981/2294
f 2974/2974/2286 2981/2981/2294 2982/2982/2295
f 405/405/313 2973/2973/2285 2979/2979/2292
f 405/405/313 2979/2979/2292 403/403/311
f 2983/2983/2296 2979/2979/2292 2978/2978/2291
f 2983/2983/2296 2978/2978/2291 2984/2984/2297
f 2985/2985/2298 2986/2986/2299 2987/2987/2300
f 2985/2985/2298 2987/2987/2300 2988/2988/2301
f 403/403/311 2979/2979/2292 2983/2983/2296
f 403/403/311 2983/2983/2296 2989/2989/2302
f 2985/2985/2298 2988/2988/2301 2990/2990/2303
f 2985/2985/2298 2990/2990/2303 2991/2991/2304
f 2992/2992/2305 2986/2986/2299 2985/2985/2298
f 2992/2992/2305 2985/2985/2298 2993/2993/2306
f 2991/2991/2304 2990/2990/2303 2826/2826/2124
f 2991/2991/2304 2826/2826/2124 2825/2825/2123
f 2993/2993/2306 2985/2985/2298 2991/2991/2307
f 2993/2993/2306 2991/2991/2307 2994/2994/2308
f 2980/2980/2309 405/405/313 2995/2995/2310
f 2980/2980/2309 2995/2995/2310 2996/2996/2311
f 2982/2982/2312 2981/2981/2313 2997/2997/2314
f 2982/2982/2312 2997/2997/2314 2998/2998/2315
f 2994/2994/2308 2991/2991/2307 2825/2825/2134
f 2994/2994/2308 2825/2825/2134 2832/2832/2133
f 2995/2995/2310 405/405/313 448/448/355
f 2995/2995/2310 448/448/355 2999/2999/2316
f 448/448/355 405/405/313 404/404/312
f 448/448/355 404/404/312 3000/3000/2317
f 2996/2996/2311 2995/2995/2310 2999/2999/2316
f 2996/2996/2311 2999/2999/2316 3001/3001/2318
f 404/404/312 403/403/311 2989/2989/2302
f 404/404/312 2989/2989/2302 3002/3002/2319
f 3003/3003/2320 2998/2998/2321 2997/2997/2322
f 3003/3003/2320 2997/2997/2322 3004/3004/2323
f 3005/3005/2324 2992/2992/2305 2993/2993/2306
f 3005/3005/2324 2993/2993/2306 3006/3006/2325
f 3006/3006/2325 2993/2993/2306 2994/2994/2308
f 3006/3006/2325 2994/2994/2308 3007/3007/2326
f 3008/3008/2327 3001/3001/2318 2999/2999/2316
f 3008/3008/2327 2999/2999/2316 448/448/355
f 3009/3009/2327 3010/3010/355 3011/3011/357
f 3009/3009/2327 3011/3011/357 3012/3012/2328
f 3004/3004/2323 3009/3009/2329 3013/3013/2330
f 3004/3004/2323 3013/3013/2330 3003/3003/2320
f 3007/3007/2326 2994/2994/2308 2832/2832/2133
f 3007/3007/2326 2832/2832/2133 2848/2848/2150
f 3009/3009/2331 3012/3012/2332 3014/3014/2333
f 3009/3009/2331 3014/3014/2333 3013/3013/2334
f 3015/3015/2328 450/450/357 413/413/321
f 3015/3015/2328 413/413/321 412/412/2335
f 3014/3014/2333 3012/3012/2332 3016/3016/2336
f 3014/3014/2333 3016/3016/2336 3017/3017/2337
f 408/408/316 407/407/315 3018/3018/2338
f 408/408/316 3018/3018/2338 3019/3019/2339
f 3020/3020/2340 3021/3021/2341 411/411/319
f 3020/3020/2340 411/411/319 410/410/318
f 3022/3022/2342 3023/3023/2343 414/414/322
f 3022/3022/2342 414/414/322 413/413/321
f 422/422/329 404/404/312 3002/3002/2319
f 422/422/329 3002/3002/2319 3024/3024/2344
f 3025/3025/2345 3026/3026/2346 3027/3027/2347
f 3025/3025/2345 3027/3027/2347 3028/3028/2348
f 3029/3029/2349 3005/3005/2324 3006/3006/2325
f 3029/3029/2349 3006/3006/2325 3030/3030/2350
f 416/416/324 3031/3031/2351 3032/3032/326
f 416/416/324 3032/3032/326 417/417/325
f 3033/3033/2352 416/416/2353 415/415/2354
f 3033/3033/2352 415/415/2354 3034/3034/2355
f 3030/3030/2350 3006/3006/2325 3007/3007/2326
f 3030/3030/2350 3007/3007/2326 3035/3035/2356
f 3036/3036/323 420/420/325 3037/3037/2357
f 3036/3036/323 3037/3037/2357 3038/3038/2358
f 3034/3034/2355 415/415/2354 3039/3039/2359
f 3034/3034/2355 3039/3039/2359 3040/3040/2360
f 420/420/325 419/419/327 426/426/333
f 420/420/325 426/426/333 3037/3037/2357
f 3035/3035/2356 3007/3007/2326 2848/2848/2150
f 3035/3035/2356 2848/2848/2150 2876/2876/2181
f 434/434/341 408/408/316 3019/3019/2339
f 434/434/341 3019/3019/2339 435/435/342
f 423/423/330 422/422/329 436/436/343
f 423/423/330 436/436/343 438/438/345
f 3041/3041/2361 3038/3038/2358 3037/3037/2357
f 3041/3041/2361 3037/3037/2357 426/426/333
f 3042/3042/2362 424/424/331 426/426/333
f 3042/3042/2362 426/426/333 419/419/327
f 429/429/336 428/428/335 426/426/333
f 429/429/336 426/426/333 425/425/332
f 3043/3043/2363 3040/3040/2364 3039/3039/2365
f 3043/3043/2363 3039/3039/2365 3044/3044/2366
f 3041/3041/2361 426/426/333 428/428/335
f 3041/3041/2361 428/428/335 3045/3045/2367
f 3021/3021/2341 3020/3020/2340 3046/3046/2368
f 3021/3021/2341 3046/3046/2368 3047/3047/2369
f 3048/3048/2370 3049/3049/2371 3047/3047/2369
f 3048/3048/2370 3047/3047/2369 3046/3046/2368
f 3043/3043/2372 3044/3044/2373 3050/3050/2374
f 3043/3043/2372 3050/3050/2374 3051/3051/2375
f 436/436/343 422/422/329 3024/3024/2344
f 436/436/343 3024/3024/2344 3052/3052/2376
f 3053/3053/2376 3029/3029/2349 3030/3030/2350
f 3053/3053/2376 3030/3030/2350 3054/3054/2377
f 3055/3055/2378 3056/3056/2379 3057/3057/2380
f 3055/3055/2378 3057/3057/2380 3058/3058/2381
f 3054/3054/2377 3030/3030/2350 3035/3035/2356
f 3054/3054/2377 3035/3035/2356 3059/3059/2382
f 3060/3060/2383 3061/3061/2384 3062/3062/2385
f 3060/3060/2383 3062/3062/2385 3045/3045/2367
f 3045/3045/2367 428/428/335 427/427/334
f 3045/3045/2367 427/427/334 3060/3060/2383
f 431/431/338 3063/3063/2386 3064/3064/2387
f 431/431/338 3064/3064/2387 432/432/339
f 3065/3065/2388 3051/3051/2389 3050/3050/2390
f 3065/3065/2388 3050/3050/2390 3066/3066/2391
f 3059/3059/2382 3035/3035/2356 2876/2876/2181
f 3059/3059/2382 2876/2876/2181 2903/2903/2213
f 3067/3067/2392 441/441/348 440/440/347
f 3067/3067/2392 440/440/347 447/447/354
f 3068/3068/2393 3069/3069/2393 3055/3055/2378
f 3068/3068/2393 3055/3055/2378 3058/3058/2381
f 3053/3053/2376 3054/3054/2377 3070/3070/2394
f 3053/3053/2376 3070/3070/2394 3071/3071/367
f 443/443/2395 442/442/2396 3072/3072/2397
f 443/443/2395 3072/3072/2397 3073/3073/2398
f 3054/3054/2377 3059/3059/2382 3074/3074/2399
f 3054/3054/2377 3074/3074/2399 3070/3070/2394
f 2916/2916/2224 2917/2917/2225 444/444/351
f 2916/2916/2224 444/444/351 445/445/352
f 446/446/353 3075/3075/2400 3076/3076/2401
f 446/446/353 3076/3076/2401 447/447/354
f 3059/3059/2382 2903/2903/2213 2920/2920/2228
f 3059/3059/2382 2920/2920/2228 3074/3074/2399
f 3071/3071/367 3070/3070/2394 3077/3077/2402
f 3071/3071/367 3077/3077/2402 3078/3078/2403
f 3070/3070/2394 3074/3074/2399 3079/3079/2404
f 3070/3070/2394 3079/3079/2404 3077/3077/2402
f 2924/2924/2232 3079/3079/2404 3074/3074/2399
f 2924/2924/2232 3074/3074/2399 2920/2920/2228
f 404/404/312 422/422/329 421/421/328
f 404/404/312 421/421/328 3000/3000/2317
f 448/448/355 3000/3000/2317 3080/3080/2405
f 448/448/355 3080/3080/2405 449/449/356
f 449/449/356 3022/3022/2342 413/413/321
f 449/449/356 413/413/321 450/450/357
f 3081/3081/2406 473/473/380 453/453/360
f 3081/3081/2406 453/453/360 452/452/359
f 3082/3082/2407 3083/3083/2408 3084/3084/2409
f 3082/3082/2407 3084/3084/2409 3085/3085/2410
f 3086/3086/2408 3057/3057/2380 3056/3056/2379
f 3086/3086/2408 3056/3056/2379 3087/3087/2409
f 3088/3088/2411 451/451/358 453/453/360
f 3088/3088/2411 453/453/360 3089/3089/2412
f 453/453/360 3063/3063/2386 431/431/338
f 453/453/360 431/431/338 3089/3089/2412
f 3090/3090/2413 441/441/348 3067/3067/2392
f 3090/3090/2413 3067/3067/2392 3091/3091/2414
f 456/456/363 455/455/362 3047/3047/2369
f 456/456/363 3047/3047/2369 3049/3049/2371
f 3092/3092/2415 433/433/340 435/435/342
f 3092/3092/2415 435/435/342 458/458/365
f 437/437/344 436/436/343 3052/3052/2376
f 437/437/344 3052/3052/2376 3093/3093/2416
f 3093/3093/2416 3052/3052/2376 460/460/367
f 3093/3093/2416 460/460/367 459/459/366
f 455/455/362 454/454/361 3094/3094/2417
f 455/455/362 3094/3094/2417 3095/3095/2418
f 460/460/367 3096/3096/2403 3097/3097/2419
f 460/460/367 3097/3097/2419 461/461/368
f 469/469/376 3098/3098/2420 3099/3099/2421
f 469/469/376 3099/3099/2421 470/470/377
f 463/463/370 3099/3099/2421 3098/3098/2420
f 463/463/370 3098/3098/2420 464/464/371
f 462/462/369 464/464/371 2945/2945/2250
f 462/462/369 2945/2945/2250 2946/2946/2251
f 467/467/374 3100/3100/2422 3101/3101/2422
f 467/467/374 3101/3101/2422 465/465/372
f 3099/3099/2421 3076/3076/2401 3075/3075/2400
f 3099/3099/2421 3075/3075/2400 470/470/377
f 474/474/381 3101/3101/2423 3100/3100/2424
f 474/474/381 3100/3100/2424 473/473/380
f 473/473/380 3081/3081/2406 3102/3102/2425
f 473/473/380 3102/3102/2425 471/471/378
f 2974/2974/2286 2951/2951/2258 2950/2950/2257
f 2974/2974/2286 2950/2950/2257 2975/2975/2287
f 2982/2982/2295 2952/2952/2259 2951/2951/2258
f 2982/2982/2295 2951/2951/2258 2974/2974/2286
f 2952/2952/2260 2982/2982/2312 2998/2998/2315
f 2952/2952/2260 2998/2998/2315 2953/2953/2261
f 2954/2954/2262 2953/2953/2263 2998/2998/2321
f 2954/2954/2262 2998/2998/2321 3003/3003/2320
f 3003/3003/2320 3013/3013/2330 2955/2955/2264
f 3003/3003/2320 2955/2955/2264 2954/2954/2262
f 3013/3013/2334 3014/3014/2333 2956/2956/2266
f 3013/3013/2334 2956/2956/2266 2955/2955/2265
f 2957/2957/2267 2956/2956/2266 3014/3014/2333
f 2957/2957/2267 3014/3014/2333 3017/3017/2337
f 2958/2958/2268 3025/3025/2345 3028/3028/2348
f 2958/2958/2268 3028/3028/2348 2959/2959/2269
f 3033/3033/2352 3034/3034/2355 2961/2961/2271
f 3033/3033/2352 2961/2961/2271 2960/2960/2270
f 2962/2962/2272 2961/2961/2271 3034/3034/2355
f 2962/2962/2272 3034/3034/2355 3040/3040/2360
f 2962/2962/2273 3040/3040/2364 3043/3043/2363
f 2962/2962/2273 3043/3043/2363 2963/2963/2274
f 3043/3043/2372 3051/3051/2375 2964/2964/2276
f 3043/3043/2372 2964/2964/2276 2963/2963/2275
f 2964/2964/2277 3051/3051/2389 3065/3065/2388
f 2964/2964/2277 3065/3065/2388 2965/2965/2277
f 3091/3091/2414 2967/2967/2278 2966/2966/2278
f 3091/3091/2414 2966/2966/2278 3090/3090/2413
f 3085/3085/2426 2969/2969/2281 2968/2968/2280
f 3085/3085/2426 2968/2968/2280 3082/3082/2426
f 3103/3103/2427 3104/3104/2428 3105/3105/2429
f 3103/3103/2427 3105/3105/2429 3106/3106/2430
f 3106/3106/2430 3105/3105/2429 3107/3107/2431
f 3106/3106/2430 3107/3107/2431 3108/3108/2432
f 3109/3109/2432 3110/3110/2431 3111/3111/2433
f 3109/3109/2432 3111/3111/2433 3112/3112/2434
f 3112/3112/2434 3111/3111/2433 3113/3113/2435
f 3112/3112/2434 3113/3113/2435 3114/3114/2436
f 3114/3114/2436 3113/3113/2435 3115/3115/2437
f 3114/3114/2436 3115/3115/2437 3116/3116/2438
f 3116/3116/2438 3115/3115/2437 3117/3117/2439
f 3116/3116/2438 3117/3117/2439 3118/3118/2440
f 3119/3119/2440 3120/3120/2439 3121/3121/2441
f 3119/3119/2440 3121/3121/2441 3122/3122/2442
f 3122/3122/2442 3121/3121/2441 3123/3123/2443
f 3122/3122/2442 3123/3123/2443 3124/3124/2444
f 3124/3124/2444 3123/3123/2443 3125/3125/2445
f 3124/3124/2444 3125/3125/2445 3126/3126/2446
f 3126/3126/2446 3125/3125/2445 3127/3127/2447
f 3126/3126/2446 3127/3127/2447 3128/3128/2448
f 3128/3128/2448 3127/3127/2447 3129/3129/2449
f 3128/3128/2448 3129/3129/2449 3130/3130/2450
f 3130/3130/2450 3129/3129/2449 3131/3131/2451
f 3130/3130/2450 3131/3131/2451 3132/3132/2452
f 3133/3133/2452 3134/3134/2451 3135/3135/2453
f 3133/3133/2452 3135/3135/2453 3136/3136/2454
f 3136/3136/2454 3135/3135/2453 3137/3137/2455
f 3136/3136/2454 3137/3137/2455 3138/3138/2456
f 3138/3138/2456 3137/3137/2455 3139/3139/2457
f 3138/3138/2456 3139/3139/2457 3140/3140/2458
f 3140/3140/2458 3139/3139/2457 3141/3141/2459
f 3140/3140/2458 3141/3141/2459 3142/3142/2460
f 3143/3143/2460 3144/3144/2459 3145/3145/2461
f 3143/3143/2460 3145/3145/2461 3146/3146/2462
f 3146/3146/2462 3145/3145/2461 3147/3147/2463
f 3146/3146/2462 3147/3147/2463 3148/3148/2464
f 3148/3148/2464 3147/3147/2463 3149/3149/2465
f 3148/3148/2464 3149/3149/2465 3150/3150/2466
f 3150/3150/2466 3149/3149/2465 3104/3104/2428
f 3150/3150/2466 3104/3104/2428 3103/3103/2427
f 3103/3103/2427 3106/3106/2430 3151/3151/2467
f 3103/3103/2427 3151/3151/2467 3152/3152/2468
f 3153/3153/2469 3154/3154/2470 496/496/403
f 3153/3153/2469 496/496/403 498/498/405
f 3106/3106/2430 3108/3108/2432 3155/3155/2471
f 3106/3106/2430 3155/3155/2471 3151/3151/2467
f 3154/3154/2470 3156/3156/2472 499/499/406
f 3154/3154/2470 499/499/406 496/496/403
f 3109/3109/2432 3112/3112/2434 3157/3157/2473
f 3109/3109/2432 3157/3157/2473 3158/3158/2471
f 3156/3156/2472 3159/3159/2474 500/500/407
f 3156/3156/2472 500/500/407 499/499/406
f 3112/3112/2434 3114/3114/2436 3160/3160/2475
f 3112/3112/2434 3160/3160/2475 3157/3157/2473
f 3159/3159/2474 3161/3161/2476 501/501/408
f 3159/3159/2474 501/501/408 500/500/407
f 3114/3114/2436 3116/3116/2438 3162/3162/2477
f 3114/3114/2436 3162/3162/2477 3160/3160/2475
f 3161/3161/2476 3163/3163/2478 502/502/409
f 3161/3161/2476 502/502/409 501/501/408
f 3116/3116/2438 3118/3118/2440 3164/3164/2479
f 3116/3116/2438 3164/3164/2479 3162/3162/2477
f 3163/3163/2478 3165/3165/2480 503/503/410
f 3163/3163/2478 503/503/410 502/502/409
f 3119/3119/2440 3122/3122/2442 3166/3166/2481
f 3119/3119/2440 3166/3166/2481 3167/3167/2479
f 3165/3165/2480 3168/3168/2482 504/504/411
f 3165/3165/2480 504/504/411 503/503/410
f 3122/3122/2442 3124/3124/2444 3169/3169/2483
f 3122/3122/2442 3169/3169/2483 3166/3166/2481
f 3168/3168/2482 3170/3170/2484 505/505/412
f 3168/3168/2482 505/505/412 504/504/411
f 3124/3124/2444 3126/3126/2446 3171/3171/2485
f 3124/3124/2444 3171/3171/2485 3169/3169/2483
f 3170/3170/2484 3172/3172/2486 506/506/413
f 3170/3170/2484 506/506/413 505/505/412
f 3126/3126/2446 3128/3128/2448 3173/3173/2487
f 3126/3126/2446 3173/3173/2487 3171/3171/2485
f 3172/3172/2486 3174/3174/2488 507/507/414
f 3172/3172/2486 507/507/414 506/506/413
f 3128/3128/2448 3130/3130/2450 3175/3175/2489
f 3128/3128/2448 3175/3175/2489 3173/3173/2487
f 3174/3174/2488 3176/3176/2490 508/508/415
f 3174/3174/2488 508/508/415 507/507/414
f 3130/3130/2450 3132/3132/2452 3177/3177/2491
f 3130/3130/2450 3177/3177/2491 3175/3175/2489
f 3176/3176/2490 3178/3178/2492 509/509/416
f 3176/3176/2490 509/509/416 508/508/415
f 3133/3133/2452 3136/3136/2454 3179/3179/2493
f 3133/3133/2452 3179/3179/2493 3180/3180/2491
f 3178/3178/2492 3181/3181/2494 510/510/417
f 3178/3178/2492 510/510/417 509/509/416
f 3136/3136/2454 3138/3138/2456 3182/3182/2495
f 3136/3136/2454 3182/3182/2495 3179/3179/2493
f 3181/3181/2494 3183/3183/2496 511/511/418
f 3181/3181/2494 511/511/418 510/510/417
f 3138/3138/2456 3140/3140/2458 3184/3184/2497
f 3138/3138/2456 3184/3184/2497 3182/3182/2495
f 3183/3183/2496 3185/3185/2498 512/512/419
f 3183/3183/2496 512/512/419 511/511/418
f 3140/3140/2458 3142/3142/2460 3186/3186/2499
f 3140/3140/2458 3186/3186/2499 3184/3184/2497
f 3185/3185/2498 3187/3187/2500 513/513/420
f 3185/3185/2498 513/513/420 512/512/419
f 3143/3143/2460 3146/3146/2462 3188/3188/2501
f 3143/3143/2460 3188/3188/2501 3189/3189/2499
f 3187/3187/2500 3190/3190/2502 514/514/421
f 3187/3187/2500 514/514/421 513/513/420
f 3146/3146/2462 3148/3148/2464 3191/3191/2503
f 3146/3146/2462 3191/3191/2503 3188/3188/2501
f 3190/3190/2502 3192/3192/2504 515/515/422
f 3190/3190/2502 515/515/422 514/514/421
f 3148/3148/2464 3150/3150/2466 3193/3193/2505
f 3148/3148/2464 3193/3193/2505 3191/3191/2503
f 3192/3192/2504 3194/3194/2506 516/516/423
f 3192/3192/2504 516/516/423 515/515/422
f 498/498/405 516/516/423 3194/3194/2506
f 498/498/405 3194/3194/2506 3153/3153/2469
f 3152/3152/2468 3193/3193/2505 3150/3150/2466
f 3152/3152/2468 3150/3150/2466 3103/3103/2427
f 3195/3195/849 3196/3196/849 3197/3197/849
f 3195/3195/849 3197/3197/849 3198/3198/849
f 523/523/430 3199/3199/2507 3200/3200/2508
f 523/523/430 3200/3200/2508 3201/3201/2509
f 3202/3202/2510 3203/3203/2511 3204/3204/2512
f 3202/3202/2510 3204/3204/2512 3205/3205/2513
f 3206/3206/2514 3207/3207/2515 3208/3208/2516
f 3206/3206/2514 3208/3208/2516 3209/3209/2517
f 3206/3206/2514 3209/3209/2517 3201/3201/2509
f 3206/3206/2514 3201/3201/2509 3210/3210/2518
f 3211/3211/849 3212/3212/849 3195/3195/849
f 3211/3211/849 3195/3195/849 3198/3198/849
f 3210/3210/2518 3201/3201/2509 3200/3200/2508
f 3210/3210/2518 3200/3200/2508 3213/3213/2519
f 3214/3214/10 3215/3215/10 3216/3216/10
f 3214/3214/10 3216/3216/10 3217/3217/10
f 3206/3206/2514 3210/3210/2518 3213/3213/2520
f 3206/3206/2514 3213/3213/2520 3207/3207/2521
f 523/523/430 3201/3201/2509 3209/3209/2517
f 523/523/430 3209/3209/2517 530/530/437
f 537/537/444 3218/3218/2522 3199/3199/2507
f 537/537/444 3199/3199/2507 523/523/430
f 3219/3219/2523 3220/3220/2524 3218/3218/2522
f 3219/3219/2523 3218/3218/2522 537/537/444
f 3196/3196/849 3221/3221/2525 3222/3222/2525
f 3196/3196/849 3222/3222/2525 3197/3197/849
f 3223/3223/2526 3224/3224/2527 3222/3222/2525
f 3223/3223/2526 3222/3222/2525 3221/3221/2525
f 530/530/437 3209/3209/2517 3208/3208/2516
f 530/530/437 3208/3208/2516 3225/3225/2528
f 3226/3226/2529 3227/3227/2530 3220/3220/2524
f 3226/3226/2529 3220/3220/2524 3219/3219/2523
f 3228/3228/2531 3229/3229/2531 3224/3224/2527
f 3228/3228/2531 3224/3224/2527 3223/3223/2526
f 543/543/450 3230/3230/2532 3227/3227/2530
f 543/543/450 3227/3227/2530 3226/3226/2529
f 3231/3231/2533 517/517/424 519/519/426
f 3231/3231/2533 519/519/426 3232/3232/2534
f 519/519/426 3233/3233/2535 3234/3234/2536
f 519/519/426 3234/3234/2536 3232/3232/2534
f 3235/3235/2537 3236/3236/2538 3237/3237/2539
f 3235/3235/2537 3237/3237/2539 3238/3238/2540
f 3239/3239/2538 3240/3240/2541 3241/3241/2542
f 3239/3239/2538 3241/3241/2542 3242/3242/2539
f 3243/3243/2543 3235/3235/2537 3238/3238/2540
f 3243/3243/2543 3238/3238/2540 3244/3244/2543
f 3245/3245/2544 3246/3246/2545 519/519/426
f 3245/3245/2544 519/519/426 518/518/425
f 519/519/426 521/521/428 3247/3247/2546
f 519/519/426 3247/3247/2546 3233/3233/2535
f 3240/3240/2541 3248/3248/2547 3249/3249/2548
f 3240/3240/2541 3249/3249/2548 3241/3241/2542
f 3250/3250/2549 3243/3243/2543 3244/3244/2543
f 3250/3250/2549 3244/3244/2543 3251/3251/2550
f 3252/3252/2551 3253/3253/2552 519/519/426
f 3252/3252/2551 519/519/426 3246/3246/2545
f 3205/3205/2513 3204/3204/2512 3254/3254/2553
f 3205/3205/2513 3254/3254/2553 3255/3255/2554
f 519/519/426 3256/3256/2555 3257/3257/2556
f 519/519/426 3257/3257/2556 520/520/427
f 3258/3258/2557 3250/3250/2549 3251/3251/2550
f 3258/3258/2557 3251/3251/2550 3259/3259/2558
f 3248/3248/2547 3260/3260/2559 3261/3261/2560
f 3248/3248/2547 3261/3261/2560 3249/3249/2548
f 3262/3262/2561 3263/3263/2562 519/519/426
f 3262/3262/2561 519/519/426 3253/3253/2552
f 519/519/426 3264/3264/2563 3265/3265/2564
f 519/519/426 3265/3265/2564 3256/3256/2555
f 3266/3266/2565 3264/3264/2563 519/519/426
f 3266/3266/2565 519/519/426 3263/3263/2562
f 3267/3267/2566 3258/3258/2557 3259/3259/2558
f 3267/3267/2566 3259/3259/2558 3268/3268/2567
f 3260/3260/2559 3269/3269/2568 3270/3270/2569
f 3260/3260/2559 3270/3270/2569 3261/3261/2560
f 543/543/450 538/538/445 3271/3271/2570
f 543/543/450 3271/3271/2570 3230/3230/2532
f 3272/3272/2571 3267/3267/2566 3268/3268/2567
f 3272/3272/2571 3268/3268/2567 3273/3273/2572
f 3274/3274/2568 3275/3275/2573 3276/3276/2574
f 3274/3274/2568 3276/3276/2574 3277/3277/2569
f 3275/3275/2573 3278/3278/2575 3279/3279/2576
f 3275/3275/2573 3279/3279/2576 3276/3276/2574
f 3280/3280/2577 3281/3281/2571 3282/3282/2572
f 3280/3280/2577 3282/3282/2572 3283/3283/2578
f 3284/3284/2579 3285/3285/2580 3271/3271/2570
f 3284/3284/2579 3271/3271/2570 538/538/445
f 3278/3278/2575 3286/3286/10 3287/3287/2581
f 3278/3278/2575 3287/3287/2581 3279/3279/2576
f 3288/3288/2582 3280/3280/2577 3283/3283/2578
f 3288/3288/2582 3283/3283/2578 3289/3289/2583
f 3286/3286/10 3290/3290/2584 3291/3291/2585
f 3286/3286/10 3291/3291/2585 3287/3287/2581
f 3292/3292/2586 3288/3288/2582 3289/3289/2583
f 3292/3292/2586 3289/3289/2583 3293/3293/2587
f 3290/3290/2584 3294/3294/2588 3295/3295/2589
f 3290/3290/2584 3295/3295/2589 3291/3291/2585
f 3296/3296/2590 3292/3292/2586 3293/3293/2587
f 3296/3296/2590 3293/3293/2587 3297/3297/2591
f 3294/3294/2588 3298/3298/2590 3299/3299/2591
f 3294/3294/2588 3299/3299/2591 3295/3295/2589
f 3300/3300/2592 3229/3229/2531 3228/3228/2531
f 3300/3300/2592 3228/3228/2531 3301/3301/2593
f 3284/3284/2579 530/530/437 3225/3225/2528
f 3284/3284/2579 3225/3225/2528 3285/3285/2594
f 3302/3302/2595 3303/3303/2596 3300/3300/2592
f 3302/3302/2595 3300/3300/2592 3301/3301/2593
f 3304/3304/14 3255/3255/2554 3254/3254/2553
f 3304/3304/14 3254/3254/2553 3305/3305/14
f 3302/3302/2595 3306/3306/2597 3307/3307/2597
f 3302/3302/2595 3307/3307/2597 3303/3303/2596
f 535/535/442 537/537/444 523/523/430
f 535/535/442 523/523/430 522/522/429
f 530/530/437 531/531/438 527/527/434
f 530/530/437 527/527/434 523/523/430
f 536/536/443 3308/3308/2598 3219/3219/2523
f 536/536/443 3219/3219/2523 537/537/444
f 3309/3309/2599 3226/3226/2529 3219/3219/2523
f 3309/3309/2599 3219/3219/2523 3308/3308/2598
f 544/544/451 543/543/450 3226/3226/2529
f 544/544/451 3226/3226/2529 3309/3309/2599
f 3284/3284/2579 538/538/445 528/528/435
f 3284/3284/2579 528/528/435 530/530/437
f 543/543/450 542/542/449 541/541/448
f 543/543/450 541/541/448 538/538/445
f 3310/3310/2600 3311/3311/2601 3312/3312/2601
f 3310/3310/2600 3312/3312/2601 3313/3313/2602
f 3314/3314/2603 3315/3315/2604 3316/3316/2605
f 3314/3314/2603 3316/3316/2605 3317/3317/2606
f 3318/3318/2607 3319/3319/2607 3320/3320/2608
f 3318/3318/2607 3320/3320/2608 3321/3321/2609
f 3322/3322/2610 3323/3323/2611 545/545/452
f 3322/3322/2610 545/545/452 548/548/455
f 3324/3324/2612 3325/3325/2612 3326/3326/2612
f 3324/3324/2612 3326/3326/2612 3327/3327/2612
f 3328/3328/2613 3319/3319/2607 3318/3318/2607
f 3328/3328/2613 3318/3318/2607 3329/3329/2614
f 3330/3330/2613 3331/3331/2614 3332/3332/2615
f 3330/3330/2613 3332/3332/2615 3333/3333/2616
f 3334/3334/2617 3335/3335/2618 3336/3336/2619
f 3334/3334/2617 3336/3336/2619 3337/3337/2620
f 3315/3315/2604 3338/3338/2621 3339/3339/2622
f 3315/3315/2604 3339/3339/2622 3316/3316/2605
f 3323/3323/2623 3322/3322/2624 3340/3340/2625
f 3323/3323/2623 3340/3340/2625 3341/3341/2626
f 3342/3342/2627 3343/3343/2628 3344/3344/2629
f 3342/3342/2627 3344/3344/2629 3345/3345/2630
f 3346/3346/2627 3347/3347/2630 3341/3341/2626
f 3346/3346/2627 3341/3341/2626 3340/3340/2625
f 3348/3348/2631 3349/3349/2632 3350/3350/2632
f 3348/3348/2631 3350/3350/2632 3351/3351/2633
f 3352/3352/10 3353/3353/10 3354/3354/10
f 3352/3352/10 3354/3354/10 3355/3355/10
f 555/555/462 552/552/459 3356/3356/2634
f 555/555/462 3356/3356/2634 3357/3357/2635
f 3358/3358/2636 3359/3359/2636 3360/3360/2637
f 3358/3358/2636 3360/3360/2637 3361/3361/2638
f 3361/3361/2638 3360/3360/2637 3362/3362/2639
f 3361/3361/2638 3362/3362/2639 3363/3363/2639
f 3364/3364/2640 3365/3365/2641 3366/3366/2642
f 3364/3364/2640 3366/3366/2642 3367/3367/2640
f 3339/3339/2622 3338/3338/2621 3368/3368/2643
f 3339/3339/2622 3368/3368/2643 3369/3369/2644
f 3370/3370/2645 3371/3371/2646 3372/3372/2646
f 3370/3370/2645 3372/3372/2646 3373/3373/2646
f 3373/3373/2647 3372/3372/2647 3348/3348/2631
f 3373/3373/2647 3348/3348/2631 3351/3351/2633
f 3363/3363/2639 3362/3362/2639 3374/3374/2648
f 3363/3363/2639 3374/3374/2648 3375/3375/2648
f 3376/3376/2649 3377/3377/2649 3378/3378/2649
f 3376/3376/2649 3378/3378/2649 3379/3379/2649
f 3379/3379/2650 3378/3378/2650 3366/3366/2642
f 3379/3379/2650 3366/3366/2642 3365/3365/2641
f 3380/3380/2651 3381/3381/2652 3382/3382/2653
f 3380/3380/2651 3382/3382/2653 3383/3383/2654
f 3384/3384/2655 3385/3385/2656 557/557/464
f 3384/3384/2655 557/557/464 556/556/463
f 559/559/466 558/558/465 557/557/464
f 559/559/466 557/557/464 560/560/467
f 3383/3383/2654 3382/3382/2653 559/559/466
f 3383/3383/2654 559/559/466 561/561/468
f 561/561/468 560/560/467 3386/3386/2657
f 561/561/468 3386/3386/2657 562/562/469
f 3387/3387/2658 3388/3388/2659 3389/3389/2660
f 3387/3387/2658 3389/3389/2660 3390/3390/2661
f 3387/3387/2658 3390/3390/2661 3391/3391/2662
f 3387/3387/2658 3391/3391/2662 3392/3392/2663
f 3387/3387/2658 3392/3392/2663 3393/3393/2664
f 3387/3387/2658 3393/3393/2664 565/565/471
f 3394/3394/2665 3395/3395/68 3396/3396/68
f 3394/3394/2665 3396/3396/68 3397/3397/2666
f 3393/3393/2664 3394/3394/2665 3397/3397/2666
f 3393/3393/2664 3397/3397/2666 565/565/471
f 3398/3398/2667 3387/3387/2658 565/565/471
f 3398/3398/2667 565/565/471 564/564/470
f 569/569/475 568/568/474 3399/3399/2668
f 569/569/475 3399/3399/2668 3400/3400/2669
f 570/570/476 3400/3400/2669 3399/3399/2668
f 570/570/476 3399/3399/2668 571/571/477
f 3401/3401/2670 3402/3402/2670 3403/3403/2671
f 3401/3401/2670 3403/3403/2671 3404/3404/2672
f 3404/3404/2672 3403/3403/2671 570/570/476
f 3404/3404/2672 570/570/476 572/572/478
f 572/572/478 571/571/477 3405/3405/2673
f 572/572/478 3405/3405/2673 573/573/479
f 3406/3406/2674 577/577/481 576/576/480
f 3406/3406/2674 576/576/480 3407/3407/2675
f 3406/3406/2674 3407/3407/2675 578/578/482
f 3406/3406/2674 578/578/482 580/580/484
f 3408/3408/2676 3409/3409/2677 3410/3410/2677
f 3408/3408/2676 3410/3410/2677 3411/3411/2678
f 578/578/482 3408/3408/2676 3411/3411/2678
f 578/578/482 3411/3411/2678 579/579/483
f 3412/3412/2679 580/580/484 579/579/483
f 3412/3412/2679 579/579/483 582/582/485
f 3413/3413/2680 3414/3414/2681 3326/3326/2682
f 3413/3413/2680 3326/3326/2682 3325/3325/2681
f 3415/3415/2683 3416/3416/2684 3352/3352/2685
f 3415/3415/2683 3352/3352/2685 3355/3355/2684
f 3417/3417/2686 3418/3418/2687 3419/3419/2688
f 3417/3417/2686 3419/3419/2688 3420/3420/2689
f 3421/3421/2690 3422/3422/2691 583/583/486
f 3421/3421/2690 583/583/486 585/585/488
f 3423/3423/2692 3424/3424/2693 3425/3425/2694
f 3423/3423/2692 3425/3425/2694 3426/3426/2695
f 550/550/457 3427/3427/2696 3428/3428/2697
f 550/550/457 3428/3428/2697 551/551/458
f 3421/3421/2690 547/547/454 546/546/453
f 3421/3421/2690 546/546/453 3422/3422/2691
f 554/554/461 553/553/460 3428/3428/2697
f 554/554/461 3428/3428/2697 3427/3427/2696
f 3429/3429/2698 3417/3417/2686 3420/3420/2689
f 3429/3429/2698 3420/3420/2689 3430/3430/2699
f 3431/3431/2700 3423/3423/2692 3426/3426/2695
f 3431/3431/2700 3426/3426/2695 3432/3432/2701
f 3418/3418/2687 3310/3310/2600 3313/3313/2602
f 3418/3418/2687 3313/3313/2602 3419/3419/2688
f 3424/3424/2693 3337/3337/2620 3336/3336/2619
f 3424/3424/2693 3336/3336/2619 3425/3425/2694
f 584/584/487 3321/3321/2702 3320/3320/2703
f 584/584/487 3320/3320/2703 586/586/489
f 3433/3433/2704 549/549/456 587/587/490
f 3433/3433/2704 587/587/490 3434/3434/2705
f 3435/3435/14 3436/3436/14 3437/3437/14
f 3435/3435/14 3437/3437/14 3438/3438/14
f 3439/3439/2706 3440/3440/2707 3435/3435/2708
f 3439/3439/2706 3435/3435/2708 3438/3438/2708
f 3441/3441/2709 3442/3442/2710 3440/3440/2707
f 3441/3441/2709 3440/3440/2707 3439/3439/2706
f 3443/3443/14 3444/3444/14 3442/3442/2710
f 3443/3443/14 3442/3442/2710 3441/3441/2709
f 3445/3445/26 3446/3446/26 3447/3447/26
f 3445/3445/26 3447/3447/26 3448/3448/26
f 3449/3449/2711 3450/3450/2712 3451/3451/2713
f 3449/3449/2711 3451/3451/2713 3452/3452/2714
f 3452/3452/2714 3451/3451/2713 3453/3453/2715
f 3452/3452/2714 3453/3453/2715 3454/3454/2716
f 3455/3455/2717 3456/3456/2718 3457/3457/2712
f 3455/3455/2717 3457/3457/2712 3458/3458/2711
f 3459/3459/2719 3460/3460/2720 3444/3444/14
f 3459/3459/2719 3444/3444/14 3443/3443/14
f 3454/3454/2716 3453/3453/2715 3461/3461/2721
f 3454/3454/2716 3461/3461/2721 3462/3462/2722
f 3463/3463/2723 3464/3464/2724 3456/3456/2718
f 3463/3463/2723 3456/3456/2718 3455/3455/2717
f 3465/3465/2725 3466/3466/2726 3460/3460/2720
f 3465/3465/2725 3460/3460/2720 3459/3459/2719
f 3466/3466/2726 3465/3465/2725 3467/3467/2727
f 3466/3466/2726 3467/3467/2727 3468/3468/2727
f 3462/3462/2722 3461/3461/2721 3469/3469/2728
f 3462/3462/2722 3469/3469/2728 3470/3470/2729
f 3471/3471/2730 3472/3472/2731 3464/3464/2724
f 3471/3471/2730 3464/3464/2724 3463/3463/2723
f 3468/3468/14 3467/3467/14 3473/3473/14
f 3468/3468/14 3473/3473/14 3474/3474/14
f 3470/3470/2729 3469/3469/2728 3475/3475/2732
f 3470/3470/2729 3475/3475/2732 3476/3476/2733
f 3477/3477/2734 3478/3478/2735 3472/3472/2731
f 3477/3477/2734 3472/3472/2731 3471/3471/2730
f 3476/3476/2733 3475/3475/2732 3479/3479/2736
f 3476/3476/2733 3479/3479/2736 3480/3480/2737
f 3481/3481/2738 3482/3482/2739 3483/3483/2735
f 3481/3481/2738 3483/3483/2735 3484/3484/2734
f 3485/3485/2737 3486/3486/2736 3487/3487/2740
f 3485/3485/2737 3487/3487/2740 3488/3488/2741
f 3489/3489/2742 3490/3490/2743 3482/3482/2739
f 3489/3489/2742 3482/3482/2739 3481/3481/2738
f 3488/3488/2741 3487/3487/2740 3491/3491/2744
f 3488/3488/2741 3491/3491/2744 3492/3492/2745
f 3493/3493/2746 3494/3494/2747 3490/3490/2743
f 3493/3493/2746 3490/3490/2743 3489/3489/2742
f 3492/3492/2745 3491/3491/2744 3495/3495/2748
f 3492/3492/2745 3495/3495/2748 3496/3496/2749
f 3497/3497/2750 3498/3498/2751 3494/3494/2747
f 3497/3497/2750 3494/3494/2747 3493/3493/2746
f 3496/3496/2749 3495/3495/2748 3499/3499/2752
f 3496/3496/2749 3499/3499/2752 3500/3500/2753
f 3501/3501/2754 3502/3502/2755 3498/3498/2751
f 3501/3501/2754 3498/3498/2751 3497/3497/2750
f 3503/3503/68 3504/3504/68 3505/3505/68
f 3503/3503/68 3505/3505/68 3506/3506/68
f 3507/3507/2753 3508/3508/2752 3502/3502/2755
f 3507/3507/2753 3502/3502/2755 3501/3501/2754
f 3509/3509/849 3510/3510/849 3511/3511/849
f 3509/3509/849 3511/3511/849 3512/3512/849
f 609/609/510 611/611/512 589/589/492
f 609/609/510 589/589/492 588/588/491
f 590/590/493 589/589/492 591/591/494
f 590/590/493 591/591/494 593/593/496
f 593/593/496 592/592/495 3513/3513/2756
f 593/593/496 3513/3513/2756 3514/3514/2757
f 3514/3514/2757 3513/3513/2756 3515/3515/2758
f 3514/3514/2757 3515/3515/2758 3516/3516/2759
f 3516/3516/2759 3515/3515/2758 595/595/498
f 3516/3516/2759 595/595/498 594/594/497
f 3517/3517/2760 596/596/499 595/595/498
f 3517/3517/2760 595/595/498 3518/3518/2761
f 605/605/506 623/623/524 622/622/523
f 605/605/506 622/622/523 603/603/505
f 602/602/504 601/601/503 3519/3519/2762
f 602/602/504 3519/3519/2762 3520/3520/2763
f 606/606/507 605/605/506 604/604/10
f 606/606/507 604/604/10 607/607/508
f 3521/3521/10 608/608/509 607/607/508
f 3521/3521/10 607/607/508 3522/3522/10
f 3523/3523/2764 3521/3521/10 3522/3522/10
f 3523/3523/2764 3522/3522/10 3524/3524/2765
f 3520/3520/2763 3519/3519/2762 3523/3523/2764
f 3520/3520/2763 3523/3523/2764 3524/3524/2765
f 3517/3517/2760 3518/3518/2761 3525/3525/2766
f 3517/3517/2760 3525/3525/2766 3526/3526/2767
f 3517/3517/2760 3526/3526/2767 615/615/516
f 3517/3517/2760 615/615/516 614/614/515
f 615/615/516 611/611/512 619/619/520
f 615/615/516 619/619/520 620/620/521
f 3527/3527/10 601/601/503 600/600/502
f 3527/3527/10 600/600/502 629/629/530
f 632/632/533 629/629/530 628/628/529
f 632/632/533 628/628/529 630/630/531
f 3528/3528/2768 658/658/2769 678/678/2770
f 3528/3528/2768 678/678/2770 3529/3529/2771
f 658/658/2769 3528/3528/2768 3530/3530/2772
f 658/658/2769 3530/3530/2772 659/659/2773
f 659/659/2773 3530/3530/2772 3531/3531/2774
f 659/659/2773 3531/3531/2774 661/661/2775
f 661/661/2775 3531/3531/2774 3532/3532/2776
f 661/661/2775 3532/3532/2776 662/662/2777
f 662/662/2777 3532/3532/2776 3533/3533/2778
f 662/662/2777 3533/3533/2778 663/663/2779
f 663/663/2779 3533/3533/2778 3534/3534/2780
f 663/663/2779 3534/3534/2780 664/664/2781
f 664/664/2781 3534/3534/2780 3535/3535/2782
f 664/664/2781 3535/3535/2782 665/665/2783
f 665/665/2783 3535/3535/2782 3536/3536/2784
f 665/665/2783 3536/3536/2784 666/666/2785
f 666/666/2785 3536/3536/2784 3537/3537/2786
f 666/666/2785 3537/3537/2786 667/667/2787
f 667/667/2787 3537/3537/2786 3538/3538/2788
f 667/667/2787 3538/3538/2788 668/668/2789
f 668/668/2789 3538/3538/2788 3539/3539/2790
f 668/668/2789 3539/3539/2790 669/669/2791
f 669/669/2791 3539/3539/2790 3540/3540/2792
f 669/669/2791 3540/3540/2792 670/670/2793
f 670/670/2793 3540/3540/2792 3541/3541/2794
f 670/670/2793 3541/3541/2794 671/671/2794
f 671/671/2794 3541/3541/2794 3542/3542/2795
f 671/671/2794 3542/3542/2795 672/672/2796
f 672/672/2796 3542/3542/2795 3543/3543/2797
f 672/672/2796 3543/3543/2797 673/673/2798
f 673/673/2798 3543/3543/2797 3544/3544/2799
f 673/673/2798 3544/3544/2799 674/674/2800
f 674/674/2800 3544/3544/2799 3545/3545/2801
f 674/674/2800 3545/3545/2801 675/675/2802
f 675/675/2802 3545/3545/2801 3546/3546/2803
f 675/675/2802 3546/3546/2803 676/676/2804
f 676/676/2804 3546/3546/2803 3547/3547/2805
f 676/676/2804 3547/3547/2805 677/677/2806
f 677/677/2806 3547/3547/2805 3529/3529/2771
f 677/677/2806 3529/3529/2771 678/678/2770
f 3548/3548/2807 3549/3549/2808 3550/3550/2809
f 3548/3548/2807 3550/3550/2809 3551/3551/2807
f 3549/3549/2808 3552/3552/2810 3553/3553/2811
f 3549/3549/2808 3553/3553/2811 3550/3550/2809
f 3554/3554/2810 3555/3555/2812 3556/3556/2812
f 3554/3554/2810 3556/3556/2812 3557/3557/2811
f 3555/3555/2812 3558/3558/26 3559/3559/26
f 3555/3555/2812 3559/3559/26 3556/3556/2812
f 3558/3558/26 3560/3560/2813 3561/3561/2813
f 3558/3558/26 3561/3561/2813 3559/3559/26
f 3560/3560/2813 3562/3562/2814 3563/3563/2815
f 3560/3560/2813 3563/3563/2815 3561/3561/2813
f 3564/3564/2814 3565/3565/2816 3566/3566/2817
f 3564/3564/2814 3566/3566/2817 3567/3567/2815
f 3565/3565/2816 3568/3568/2818 3569/3569/2818
f 3565/3565/2816 3569/3569/2818 3566/3566/2817
f 3568/3568/2818 3570/3570/849 3571/3571/849
f 3568/3568/2818 3571/3571/849 3569/3569/2818
f 3570/3570/849 3572/3572/2819 3573/3573/2819
f 3570/3570/849 3573/3573/2819 3571/3571/849
f 3572/3572/2819 3574/3574/2820 3575/3575/2820
f 3572/3572/2819 3575/3575/2820 3573/3573/2819
f 3574/3574/2820 3576/3576/2821 3577/3577/2821
f 3574/3574/2820 3577/3577/2821 3575/3575/2820
f 3578/3578/2821 3579/3579/2822 3580/3580/2822
f 3578/3578/2821 3580/3580/2822 3581/3581/2821
f 3579/3579/2822 3582/3582/2823 3583/3583/2823
f 3579/3579/2822 3583/3583/2823 3580/3580/2822
f 3582/3582/2823 3584/3584/2824 3585/3585/2824
f 3582/3582/2823 3585/3585/2824 3583/3583/2823
f 3584/3584/2824 3586/3586/2825 3587/3587/2825
f 3584/3584/2824 3587/3587/2825 3585/3585/2824
f 3588/3588/2825 3589/3589/2826 3590/3590/2826
f 3588/3588/2825 3590/3590/2826 3591/3591/2825
f 3589/3589/2826 3592/3592/2827 3593/3593/2827
f 3589/3589/2826 3593/3593/2827 3590/3590/2826
f 3592/3592/2827 3594/3594/2828 3595/3595/2828
f 3592/3592/2827 3595/3595/2828 3593/3593/2827
f 3594/3594/2828 3548/3548/2807 3551/3551/2807
f 3594/3594/2828 3551/3551/2807 3595/3595/2828
f 3596/3596/2829 3597/3597/2830 3598/3598/2831
f 3596/3596/2829 3598/3598/2831 3599/3599/2832
f 3600/3600/2833 3601/3601/2834 3602/3602/2835
f 3600/3600/2833 3602/3602/2835 3603/3603/2836
f 3604/3604/2837 3605/3605/2838 3606/3606/2839
f 3604/3604/2837 3606/3606/2839 3607/3607/2840
f 681/681/575 680/680/574 3608/3608/14
f 681/681/575 3608/3608/14 682/682/576
f 3600/3600/2841 3609/3609/2842 3610/3610/2843
f 3600/3600/2841 3610/3610/2843 3601/3601/2844
f 3611/3611/2845 3612/3612/2846 3613/3613/2847
f 3611/3611/2845 3613/3613/2847 3614/3614/2847
f 688/688/580 3615/3615/2848 3616/3616/10
f 688/688/580 3616/3616/10 689/689/581
f 3617/3617/2849 692/692/584 689/689/581
f 3617/3617/2849 689/689/581 3616/3616/10
f 3618/3618/2850 3619/3619/2851 3620/3620/2852
f 3618/3618/2850 3620/3620/2852 3621/3621/2850
f 696/696/587 3622/3622/2853 3623/3623/213
f 696/696/587 3623/3623/213 684/684/578
f 3624/3624/2854 697/697/588 684/684/578
f 3624/3624/2854 684/684/578 3623/3623/213
f 683/683/577 682/682/576 3625/3625/2855
f 683/683/577 3625/3625/2855 3626/3626/2855
f 3627/3627/2856 3628/3628/2857 3629/3629/2858
f 3627/3627/2856 3629/3629/2858 3630/3630/2858
f 3631/3631/849 3632/3632/849 3633/3633/2859
f 3631/3631/849 3633/3633/2859 3634/3634/2860
f 3635/3635/14 680/680/574 679/679/573
f 3635/3635/14 679/679/573 3636/3636/14
f 3609/3609/2842 3637/3637/2861 3638/3638/2862
f 3609/3609/2842 3638/3638/2862 3610/3610/2843
f 3637/3637/2863 3639/3639/2829 3640/3640/2832
f 3637/3637/2863 3640/3640/2832 3638/3638/2864
f 3641/3641/2838 3642/3642/2837 3643/3643/2865
f 3641/3641/2838 3643/3643/2865 3644/3644/2866
f 3644/3644/2867 3643/3643/2868 3603/3603/2836
f 3644/3644/2867 3603/3603/2836 3602/3602/2835
f 684/684/578 686/686/213 3645/3645/213
f 684/684/578 3645/3645/213 3646/3646/2869
f 3647/3647/2870 695/695/586 689/689/581
f 3647/3647/2870 689/689/581 3648/3648/2871
f 3649/3649/2872 691/691/583 684/684/578
f 3649/3649/2872 684/684/578 3646/3646/2869
f 689/689/581 694/694/585 3650/3650/2873
f 689/689/581 3650/3650/2873 3648/3648/2871
f 3611/3611/2845 3651/3651/2874 3652/3652/2875
f 3611/3611/2845 3652/3652/2875 3612/3612/2846
f 3653/3653/2876 3628/3628/2857 3627/3627/2856
f 3653/3653/2876 3627/3627/2856 3654/3654/2877
f 3633/3633/2859 3655/3655/2878 3656/3656/2879
f 3633/3633/2859 3656/3656/2879 3634/3634/2860
f 3657/3657/2880 3620/3620/2852 3619/3619/2851
f 3657/3657/2880 3619/3619/2851 3658/3658/2880
f 3659/3659/2881 3660/3660/2882 3661/3661/2883
f 3659/3659/2881 3661/3661/2883 3662/3662/2884
f 3663/3663/2885 3664/3664/2886 702/702/593
f 3663/3663/2885 702/702/593 700/700/591
f 3665/3665/2887 3666/3666/2888 3667/3667/2889
f 3665/3665/2887 3667/3667/2889 3668/3668/2890
f 707/707/598 706/706/597 705/705/596
f 707/707/598 705/705/596 3669/3669/2891
f 3670/3670/2892 3671/3671/2893 3672/3672/2894
f 3670/3670/2892 3672/3672/2894 3673/3673/2895
f 708/708/599 3674/3674/2896 3675/3675/2897
f 708/708/599 3675/3675/2897 706/706/597
f 3676/3676/2898 3677/3677/2899 3678/3678/2900
f 3676/3676/2898 3678/3678/2900 3679/3679/2901
f 701/701/2902 698/698/589 702/702/593
f 701/701/2902 702/702/593 3664/3664/2886
f 3680/3680/849 3681/3681/849 3682/3682/849
f 3680/3680/849 3682/3682/849 3683/3683/849
f 3668/3668/2890 3667/3667/2889 3661/3661/2883
f 3668/3668/2890 3661/3661/2883 3660/3660/2882
f 3684/3684/2903 3685/3685/2904 3686/3686/2905
f 3684/3684/2903 3686/3686/2905 3687/3687/2906
f 3688/3688/2907 3689/3689/2908 3690/3690/2909
f 3688/3688/2907 3690/3690/2909 3691/3691/2910
f 3685/3685/2904 3692/3692/2911 3693/3693/2912
f 3685/3685/2904 3693/3693/2912 3686/3686/2905
f 3694/3694/2913 3695/3695/2914 3696/3696/2913
f 3694/3694/2913 3696/3696/2913 3697/3697/2914
f 3659/3659/2881 3662/3662/2884 3698/3698/2915
f 3659/3659/2881 3698/3698/2915 3699/3699/2915
f 3663/3663/2885 700/700/591 704/704/595
f 3663/3663/2885 704/704/595 3700/3700/2916
f 3701/3701/2917 3702/3702/2917 3703/3703/2918
f 3701/3701/2917 3703/3703/2918 3704/3704/2918
f 3704/3704/2918 3703/3703/2918 3705/3705/2919
f 3704/3704/2918 3705/3705/2919 3706/3706/2919
f 3707/3707/2920 3708/3708/2920 3709/3709/2917
f 3707/3707/2920 3709/3709/2917 3710/3710/2917
f 3711/3711/14 3712/3712/14 3708/3708/2920
f 3711/3711/14 3708/3708/2920 3707/3707/2920
f 3706/3706/2919 3705/3705/2919 3713/3713/2921
f 3706/3706/2919 3713/3713/2921 3714/3714/2922
f 3715/3715/2923 3716/3716/2924 3712/3712/14
f 3715/3715/2923 3712/3712/14 3711/3711/14
f 3714/3714/2922 3713/3713/2921 3717/3717/2925
f 3714/3714/2922 3717/3717/2925 3718/3718/2925
f 3719/3719/2926 759/759/643 711/711/601
f 3719/3719/2926 711/711/601 3720/3720/2927
f 3721/3721/2928 3722/3722/2929 3689/3689/2908
f 3721/3721/2928 3689/3689/2908 3688/3688/2907
f 3718/3718/2925 3717/3717/2925 3723/3723/2930
f 3718/3718/2925 3723/3723/2930 3724/3724/2931
f 3725/3725/2932 3726/3726/2933 3716/3716/2924
f 3725/3725/2932 3716/3716/2924 3715/3715/2923
f 3724/3724/2931 3723/3723/2930 3727/3727/2934
f 3724/3724/2931 3727/3727/2934 3728/3728/2934
f 3729/3729/2935 3730/3730/2936 3731/3731/2933
f 3729/3729/2935 3731/3731/2933 3732/3732/2932
f 3733/3733/2937 3734/3734/2937 3666/3666/2888
f 3733/3733/2937 3666/3666/2888 3665/3665/2887
f 3735/3735/2934 3736/3736/2934 3737/3737/2938
f 3735/3735/2934 3737/3737/2938 3738/3738/2938
f 3739/3739/2939 3740/3740/2939 3730/3730/2936
f 3739/3739/2939 3730/3730/2936 3729/3729/2935
f 3693/3693/2912 3692/3692/2911 3741/3741/2940
f 3693/3693/2912 3741/3741/2940 3742/3742/2941
f 3738/3738/2938 3737/3737/2938 3743/3743/849
f 3738/3738/2938 3743/3743/849 3744/3744/849
f 3745/3745/2942 3746/3746/2943 3740/3740/2939
f 3745/3745/2942 3740/3740/2939 3739/3739/2939
f 3744/3744/849 3743/3743/849 3747/3747/2944
f 3744/3744/849 3747/3747/2944 3748/3748/2945
f 3749/3749/2946 3750/3750/2946 3746/3746/2943
f 3749/3749/2946 3746/3746/2943 3745/3745/2942
f 3751/3751/2947 3752/3752/2948 724/724/613
f 3751/3751/2947 724/724/613 727/727/616
f 3748/3748/2945 3747/3747/2944 3753/3753/2949
f 3748/3748/2945 3753/3753/2949 3754/3754/2950
f 3755/3755/2951 3756/3756/2952 3750/3750/2946
f 3755/3755/2951 3750/3750/2946 3749/3749/2946
f 3757/3757/2950 3758/3758/2949 3756/3756/2952
f 3757/3757/2950 3756/3756/2952 3755/3755/2951
f 3699/3699/2915 3698/3698/2915 3673/3673/2895
f 3699/3699/2915 3673/3673/2895 3672/3672/2894
f 3700/3700/2916 704/704/595 706/706/597
f 3700/3700/2916 706/706/597 3675/3675/2897
f 3742/3742/2941 3741/3741/2940 3759/3759/2953
f 3742/3742/2941 3759/3759/2953 3760/3760/2954
f 3761/3761/2955 3722/3722/2929 3721/3721/2928
f 3761/3761/2955 3721/3721/2928 3762/3762/2956
f 3763/3763/2917 3764/3764/2917 3765/3765/2957
f 3763/3763/2917 3765/3765/2957 3766/3766/2957
f 3674/3674/2958 708/708/2959 707/707/2959
f 3674/3674/2958 707/707/2959 3669/3669/2958
f 3766/3766/2957 3765/3765/2957 3767/3767/2960
f 3766/3766/2957 3767/3767/2960 3768/3768/2960
f 3769/3769/2961 3770/3770/2961 3771/3771/2917
f 3769/3769/2961 3771/3771/2917 3772/3772/2917
f 3773/3773/14 3774/3774/14 3770/3770/2961
f 3773/3773/14 3770/3770/2961 3769/3769/2961
f 3768/3768/2960 3767/3767/2960 3775/3775/2962
f 3768/3768/2960 3775/3775/2962 3776/3776/2963
f 3678/3678/2900 3677/3677/2899 3734/3734/2937
f 3678/3678/2900 3734/3734/2937 3733/3733/2937
f 3777/3777/2964 3778/3778/2965 3774/3774/14
f 3777/3777/2964 3774/3774/14 3773/3773/14
f 3776/3776/2963 3775/3775/2962 3779/3779/2966
f 3776/3776/2963 3779/3779/2966 3780/3780/2967
f 3780/3780/2967 3779/3779/2966 3781/3781/2968
f 3780/3780/2967 3781/3781/2968 3782/3782/2969
f 3783/3783/2970 3784/3784/2971 3778/3778/2965
f 3783/3783/2970 3778/3778/2965 3777/3777/2964
f 3782/3782/2969 3781/3781/2968 3785/3785/2972
f 3782/3782/2969 3785/3785/2972 3786/3786/2972
f 3787/3787/2973 3788/3788/2974 3789/3789/2971
f 3787/3787/2973 3789/3789/2971 3790/3790/2970
f 3791/3791/14 3792/3792/14 3793/3793/14
f 3791/3791/14 3793/3793/14 3794/3794/14
f 3795/3795/2972 3796/3796/2972 3797/3797/2975
f 3795/3795/2972 3797/3797/2975 3798/3798/2975
f 3799/3799/2976 3800/3800/2977 3788/3788/2974
f 3799/3799/2976 3788/3788/2974 3787/3787/2973
f 3801/3801/2978 3761/3761/2955 3762/3762/2956
f 3801/3801/2978 3762/3762/2956 3802/3802/2979
f 3798/3798/2975 3797/3797/2975 3803/3803/849
f 3798/3798/2975 3803/3803/849 3804/3804/849
f 3805/3805/2980 3806/3806/2981 3800/3800/2977
f 3805/3805/2980 3800/3800/2977 3799/3799/2976
f 3804/3804/849 3803/3803/849 3807/3807/2982
f 3804/3804/849 3807/3807/2982 3808/3808/2983
f 3809/3809/2984 3810/3810/2985 3806/3806/2981
f 3809/3809/2984 3806/3806/2981 3805/3805/2980
f 3671/3671/213 3670/3670/213 3676/3676/213
f 3671/3671/213 3676/3676/213 3679/3679/213
f 3808/3808/2983 3807/3807/2982 3811/3811/2986
f 3808/3808/2983 3811/3811/2986 3812/3812/2987
f 3813/3813/2988 3814/3814/2989 3810/3810/2985
f 3813/3813/2988 3810/3810/2985 3809/3809/2984
f 3815/3815/2987 3816/3816/2986 3814/3814/2989
f 3815/3815/2987 3814/3814/2989 3813/3813/2988
f 3817/3817/2990 3818/3818/2991 3819/3819/2992
f 3817/3817/2990 3819/3819/2992 3820/3820/2990
f 3821/3821/2993 3822/3822/2994 736/736/625
f 3821/3821/2993 736/736/625 781/781/665
f 3818/3818/2991 3823/3823/2995 3824/3824/2996
f 3818/3818/2991 3824/3824/2996 3819/3819/2992
f 3825/3825/2997 796/796/680 790/790/674
f 3825/3825/2997 790/790/674 3826/3826/2998
f 3827/3827/2999 3828/3828/2999 3829/3829/3000
f 3827/3827/2999 3829/3829/3000 3830/3830/3000
f 3823/3823/2995 3831/3831/3001 3832/3832/3001
f 3823/3823/2995 3832/3832/3001 3824/3824/2996
f 3831/3831/3001 3833/3833/3002 3834/3834/3002
f 3831/3831/3001 3834/3834/3002 3832/3832/3001
f 715/715/604 711/711/601 717/717/606
f 715/715/604 717/717/606 718/718/607
f 736/736/625 715/715/604 743/743/630
f 736/736/625 743/743/630 744/744/631
f 789/789/673 747/747/634 749/749/636
f 789/789/673 749/749/636 790/790/674
f 756/756/641 752/752/638 749/749/636
f 756/756/641 749/749/636 758/758/642
f 715/715/604 714/714/603 764/764/648
f 715/715/604 764/764/648 738/738/627
f 764/764/648 768/768/652 769/769/653
f 764/764/648 769/769/653 759/759/643
f 722/722/611 724/724/613 749/749/636
f 722/722/611 749/749/636 770/770/654
f 749/749/636 752/752/638 727/727/616
f 749/749/636 727/727/616 776/776/660
f 781/781/665 736/736/625 735/735/624
f 781/781/665 735/735/624 779/779/663
f 781/781/665 786/786/670 788/788/672
f 781/781/665 788/788/672 764/764/648
f 796/796/680 752/752/638 751/751/637
f 796/796/680 751/751/637 794/794/678
f 790/790/674 796/796/680 800/800/684
f 790/790/674 800/800/684 799/799/683
f 3835/3835/3003 3836/3836/3004 3837/3837/3005
f 3835/3835/3003 3837/3837/3005 3838/3838/3006
f 3839/3839/3007 3840/3840/3008 805/805/689
f 3839/3839/3007 805/805/689 3841/3841/3009
f 806/806/690 3842/3842/3010 3843/3843/3011
f 806/806/690 3843/3843/3011 3844/3844/3012
f 3845/3845/3013 3846/3846/3014 3847/3847/3015
f 3845/3845/3013 3847/3847/3015 3848/3848/3016
f 3849/3849/3017 3850/3850/3018 3851/3851/3019
f 3849/3849/3017 3851/3851/3019 3852/3852/3020
f 3853/3853/3021 3854/3854/3022 3855/3855/3023
f 3853/3853/3021 3855/3855/3023 3856/3856/3024
f 3857/3857/3025 3858/3858/3026 3859/3859/3027
f 3857/3857/3025 3859/3859/3027 3860/3860/3028
f 3861/3861/3029 803/803/687 804/804/688
f 3861/3861/3029 804/804/688 3862/3862/3030
f 805/805/689 3840/3840/3008 3842/3842/3010
f 805/805/689 3842/3842/3010 806/806/690
f 3850/3850/3018 804/804/688 803/803/687
f 3850/3850/3018 803/803/687 802/802/686
f 804/804/688 3850/3850/3018 3849/3849/3017
f 804/804/688 3849/3849/3017 805/805/689
f 3863/3863/3031 3864/3864/3032 3835/3835/3003
f 3863/3863/3031 3835/3835/3003 3838/3838/3006
f 3847/3847/3015 3865/3865/3033 3866/3866/3034
f 3847/3847/3015 3866/3866/3034 3848/3848/3016
f 3867/3867/3035 3868/3868/3036 3856/3856/3024
f 3867/3867/3035 3856/3856/3024 3855/3855/3023
f 3869/3869/3037 3870/3870/3038 3857/3857/3025
f 3869/3869/3037 3857/3857/3025 3860/3860/3028
f 3871/3871/3039 3872/3872/3040 3867/3867/3035
f 3871/3871/3039 3867/3867/3035 3855/3855/3023
f 3857/3857/3025 3870/3870/3038 3873/3873/3041
f 3857/3857/3025 3873/3873/3041 3874/3874/3042
f 3868/3868/3036 3863/3863/3031 3838/3838/3006
f 3868/3868/3036 3838/3838/3006 3856/3856/3024
f 3866/3866/3034 3869/3869/3037 3860/3860/3028
f 3866/3866/3034 3860/3860/3028 3848/3848/3016
f 3875/3875/3043 3876/3876/3044 3877/3877/3045
f 3875/3875/3043 3877/3877/3045 3878/3878/3046
f 3879/3879/3047 3878/3878/3046 3877/3877/3045
f 3879/3879/3047 3877/3877/3045 3880/3880/3048
f 3879/3879/3047 3880/3880/3048 3881/3881/14
f 3879/3879/3047 3881/3881/14 3882/3882/14
f 3874/3874/3049 3873/3873/3050 808/808/692
f 3874/3874/3049 808/808/692 807/807/691
f 809/809/693 808/808/692 3883/3883/3051
f 809/809/693 3883/3883/3051 810/810/694
f 3871/3871/3039 3855/3855/3023 3854/3854/3022
f 3871/3871/3039 3854/3854/3022 3884/3884/3052
f 3885/3885/3053 3851/3851/3019 3850/3850/3018
f 3885/3885/3053 3850/3850/3018 802/802/686
f 3838/3838/3006 3837/3837/3005 3853/3853/3021
f 3838/3838/3006 3853/3853/3021 3856/3856/3024
f 3841/3841/3009 805/805/689 3849/3849/3017
f 3841/3841/3009 3849/3849/3017 3852/3852/3020
f 803/803/687 3861/3861/3029 3886/3886/3054
f 803/803/687 3886/3886/3054 801/801/685
f 3858/3858/3026 3857/3857/3025 3874/3874/3042
f 3858/3858/3026 3874/3874/3042 807/807/3055
f 806/806/690 3844/3844/3012 3862/3862/3030
f 806/806/690 3862/3862/3030 804/804/688
f 3845/3845/3013 3848/3848/3016 3860/3860/3028
f 3845/3845/3013 3860/3860/3028 3859/3859/3027
f 3887/3887/3056 3888/3888/3057 3889/3889/3058
f 3887/3887/3056 3889/3889/3058 3890/3890/3059
f 3888/3888/3057 3891/3891/3060 3892/3892/3061
f 3888/3888/3057 3892/3892/3061 3889/3889/3058
f 3893/3893/3060 3894/3894/3062 3895/3895/3063
f 3893/3893/3060 3895/3895/3063 3896/3896/3061
f 3894/3894/3062 3897/3897/3064 3898/3898/3065
f 3894/3894/3062 3898/3898/3065 3895/3895/3063
f 3897/3897/3064 3899/3899/3066 3900/3900/3067
f 3897/3897/3064 3900/3900/3067 3898/3898/3065
f 3899/3899/3066 3901/3901/3068 3902/3902/3069
f 3899/3899/3066 3902/3902/3069 3900/3900/3067
f 3903/3903/3068 3904/3904/3070 3905/3905/3071
f 3903/3903/3068 3905/3905/3071 3906/3906/3069
f 3904/3904/3070 3907/3907/3072 3908/3908/3073
f 3904/3904/3070 3908/3908/3073 3905/3905/3071
f 3907/3907/3072 3909/3909/3074 3910/3910/3075
f 3907/3907/3072 3910/3910/3075 3908/3908/3073
f 3909/3909/3074 3911/3911/3076 3912/3912/3077
f 3909/3909/3074 3912/3912/3077 3910/3910/3075
f 3911/3911/3076 3913/3913/3078 3914/3914/3079
f 3911/3911/3076 3914/3914/3079 3912/3912/3077
f 3913/3913/3078 3915/3915/3080 3916/3916/3081
f 3913/3913/3078 3916/3916/3081 3914/3914/3079
f 3917/3917/3080 3918/3918/3082 3919/3919/3083
f 3917/3917/3080 3919/3919/3083 3920/3920/3081
f 3918/3918/3082 3921/3921/3084 3922/3922/3085
f 3918/3918/3082 3922/3922/3085 3919/3919/3083
f 3921/3921/3084 3923/3923/3086 3924/3924/3087
f 3921/3921/3084 3924/3924/3087 3922/3922/3085
f 3923/3923/3086 3925/3925/3088 3926/3926/3089
f 3923/3923/3086 3926/3926/3089 3924/3924/3087
f 3927/3927/3088 3928/3928/3090 3929/3929/3091
f 3927/3927/3088 3929/3929/3091 3930/3930/3089
f 3928/3928/3090 3931/3931/3092 3932/3932/3093
f 3928/3928/3090 3932/3932/3093 3929/3929/3091
f 3931/3931/3092 3933/3933/3094 3934/3934/3095
f 3931/3931/3092 3934/3934/3095 3932/3932/3093
f 3933/3933/3094 3887/3887/3056 3890/3890/3059
f 3933/3933/3094 3890/3890/3059 3934/3934/3095
f 3887/3887/3056 3935/3935/3096 3936/3936/3097
f 3887/3887/3056 3936/3936/3097 3888/3888/3057
f 3937/3937/3098 834/834/708 833/833/707
f 3937/3937/3098 833/833/707 3938/3938/3099
f 3888/3888/3057 3936/3936/3097 3939/3939/3100
f 3888/3888/3057 3939/3939/3100 3891/3891/3060
f 3938/3938/3099 833/833/707 836/836/710
f 3938/3938/3099 836/836/710 3940/3940/3101
f 3893/3893/3060 3941/3941/3100 3942/3942/3102
f 3893/3893/3060 3942/3942/3102 3894/3894/3062
f 3940/3940/3101 836/836/710 837/837/711
f 3940/3940/3101 837/837/711 3943/3943/3103
f 3894/3894/3062 3942/3942/3102 3944/3944/3104
f 3894/3894/3062 3944/3944/3104 3897/3897/3064
f 3943/3943/3103 837/837/711 838/838/712
f 3943/3943/3103 838/838/712 3945/3945/3105
f 3897/3897/3064 3944/3944/3104 3946/3946/3106
f 3897/3897/3064 3946/3946/3106 3899/3899/3066
f 3945/3945/3105 838/838/712 839/839/713
f 3945/3945/3105 839/839/713 3947/3947/3107
f 3899/3899/3066 3946/3946/3106 3948/3948/3108
f 3899/3899/3066 3948/3948/3108 3901/3901/3068
f 3947/3947/3107 839/839/713 840/840/714
f 3947/3947/3107 840/840/714 3949/3949/3109
f 3903/3903/3068 3950/3950/3108 3951/3951/3110
f 3903/3903/3068 3951/3951/3110 3904/3904/3070
f 3949/3949/3109 840/840/714 841/841/715
f 3949/3949/3109 841/841/715 3952/3952/3111
f 3904/3904/3070 3951/3951/3110 3953/3953/3112
f 3904/3904/3070 3953/3953/3112 3907/3907/3072
f 3952/3952/3111 841/841/715 842/842/716
f 3952/3952/3111 842/842/716 3954/3954/3113
f 3907/3907/3072 3953/3953/3112 3955/3955/3114
f 3907/3907/3072 3955/3955/3114 3909/3909/3074
f 3954/3954/3113 842/842/716 843/843/717
f 3954/3954/3113 843/843/717 3956/3956/3115
f 3909/3909/3074 3955/3955/3114 3957/3957/3116
f 3909/3909/3074 3957/3957/3116 3911/3911/3076
f 3956/3956/3115 843/843/717 844/844/718
f 3956/3956/3115 844/844/718 3958/3958/3117
f 3911/3911/3076 3957/3957/3116 3959/3959/3118
f 3911/3911/3076 3959/3959/3118 3913/3913/3078
f 3958/3958/3117 844/844/718 845/845/719
f 3958/3958/3117 845/845/719 3960/3960/3119
f 3913/3913/3078 3959/3959/3118 3961/3961/3120
f 3913/3913/3078 3961/3961/3120 3915/3915/3080
f 3960/3960/3119 845/845/719 846/846/720
f 3960/3960/3119 846/846/720 3962/3962/3121
f 3917/3917/3080 3963/3963/3120 3964/3964/3122
f 3917/3917/3080 3964/3964/3122 3918/3918/3082
f 3962/3962/3121 846/846/720 847/847/721
f 3962/3962/3121 847/847/721 3965/3965/3123
f 3918/3918/3082 3964/3964/3122 3966/3966/3124
f 3918/3918/3082 3966/3966/3124 3921/3921/3084
f 3965/3965/3123 847/847/721 848/848/722
f 3965/3965/3123 848/848/722 3967/3967/3125
f 3921/3921/3084 3966/3966/3124 3968/3968/3126
f 3921/3921/3084 3968/3968/3126 3923/3923/3086
f 3967/3967/3125 848/848/722 849/849/723
f 3967/3967/3125 849/849/723 3969/3969/3127
f 3923/3923/3086 3968/3968/3126 3970/3970/3128
f 3923/3923/3086 3970/3970/3128 3925/3925/3088
f 3969/3969/3127 849/849/723 850/850/724
f 3969/3969/3127 850/850/724 3971/3971/3129
f 3927/3927/3088 3972/3972/3128 3973/3973/3130
f 3927/3927/3088 3973/3973/3130 3928/3928/3090
f 3971/3971/3129 850/850/724 851/851/725
f 3971/3971/3129 851/851/725 3974/3974/3131
f 3928/3928/3090 3973/3973/3130 3975/3975/3132
f 3928/3928/3090 3975/3975/3132 3931/3931/3092
f 3974/3974/3131 851/851/725 852/852/726
f 3974/3974/3131 852/852/726 3976/3976/3133
f 3931/3931/3092 3975/3975/3132 3977/3977/3134
f 3931/3931/3092 3977/3977/3134 3933/3933/3094
f 3976/3976/3133 852/852/726 853/853/727
f 3976/3976/3133 853/853/727 3978/3978/3135
f 834/834/708 3937/3937/3098 3978/3978/3135
f 834/834/708 3978/3978/3135 853/853/727
f 3935/3935/3096 3887/3887/3056 3933/3933/3094
f 3935/3935/3096 3933/3933/3094 3977/3977/3134
f 3979/3979/849 3980/3980/849 3981/3981/849
f 3979/3979/849 3981/3981/849 3982/3982/849
f 861/861/735 3983/3983/3136 3984/3984/3137
f 861/861/735 3984/3984/3137 3985/3985/3138
f 3986/3986/14 3987/3987/3139 3988/3988/3140
f 3986/3986/14 3988/3988/3140 3989/3989/14
f 3990/3990/3141 3991/3991/3142 3992/3992/3143
f 3990/3990/3141 3992/3992/3143 3993/3993/3144
f 3990/3990/3141 3994/3994/3145 3983/3983/3136
f 3990/3990/3141 3983/3983/3136 3991/3991/3142
f 3995/3995/849 3980/3980/849 3979/3979/849
f 3995/3995/849 3979/3979/849 3996/3996/849
f 3994/3994/3145 3997/3997/3146 3984/3984/3137
f 3994/3994/3145 3984/3984/3137 3983/3983/3136
f 3998/3998/10 3999/3999/10 4000/4000/10
f 3998/3998/10 4000/4000/10 4001/4001/10
f 3990/3990/3141 3993/3993/3147 3997/3997/3147
f 3990/3990/3141 3997/3997/3147 3994/3994/3145
f 861/861/735 863/863/737 3991/3991/3142
f 861/861/735 3991/3991/3142 3983/3983/3136
f 883/883/757 861/861/735 3985/3985/3138
f 883/883/757 3985/3985/3138 4002/4002/3148
f 880/880/754 883/883/757 4002/4002/3148
f 880/880/754 4002/4002/3148 4003/4003/3149
f 3982/3982/849 3981/3981/849 4004/4004/3150
f 3982/3982/849 4004/4004/3150 4005/4005/3150
f 4006/4006/3151 4005/4005/3150 4004/4004/3150
f 4006/4006/3151 4004/4004/3150 4007/4007/3152
f 863/863/737 4008/4008/3153 3992/3992/3143
f 863/863/737 3992/3992/3143 3991/3991/3142
f 877/877/751 880/880/754 4003/4003/3149
f 877/877/751 4003/4003/3149 4009/4009/3154
f 4010/4010/3155 4006/4006/3151 4007/4007/3152
f 4010/4010/3155 4007/4007/3152 4011/4011/3156
f 875/875/749 877/877/751 4009/4009/3154
f 875/875/749 4009/4009/3154 4012/4012/3157
f 4013/4013/3158 4014/4014/3159 855/855/729
f 4013/4013/3158 855/855/729 854/854/728
f 855/855/729 4014/4014/3159 4015/4015/68
f 855/855/729 4015/4015/68 4016/4016/3160
f 4017/4017/3161 4018/4018/3162 4019/4019/3163
f 4017/4017/3161 4019/4019/3163 4020/4020/3164
f 4021/4021/3164 4022/4022/3163 4023/4023/3165
f 4021/4021/3164 4023/4023/3165 4024/4024/3166
f 4025/4025/3167 4026/4026/3168 4018/4018/3162
f 4025/4025/3167 4018/4018/3162 4017/4017/3161
f 4027/4027/3169 856/856/730 855/855/729
f 4027/4027/3169 855/855/729 4028/4028/3170
f 855/855/729 4016/4016/3160 4029/4029/3171
f 855/855/729 4029/4029/3171 858/858/732
f 4024/4024/3166 4023/4023/3165 4030/4030/3172
f 4024/4024/3166 4030/4030/3172 4031/4031/3173
f 4032/4032/3174 4033/4033/3175 4026/4026/3168
f 4032/4032/3174 4026/4026/3168 4025/4025/3167
f 4034/4034/3176 4028/4028/3170 855/855/729
f 4034/4034/3176 855/855/729 4035/4035/3177
f 3987/3987/3139 4036/4036/3178 4037/4037/3179
f 3987/3987/3139 4037/4037/3179 3988/3988/3140
f 855/855/729 857/857/731 4038/4038/68
f 855/855/729 4038/4038/68 4039/4039/68
f 4040/4040/3180 4041/4041/3181 4033/4033/3175
f 4040/4040/3180 4033/4033/3175 4032/4032/3174
f 4031/4031/3173 4030/4030/3172 4042/4042/3182
f 4031/4031/3173 4042/4042/3182 4043/4043/3183
f 4044/4044/3184 4035/4035/3177 855/855/729
f 4044/4044/3184 855/855/729 4045/4045/3185
f 855/855/729 4039/4039/68 4046/4046/68
f 855/855/729 4046/4046/68 4047/4047/3186
f 4048/4048/3187 4045/4045/3185 855/855/729
f 4048/4048/3187 855/855/729 4047/4047/3186
f 4049/4049/3188 4050/4050/3189 4041/4041/3181
f 4049/4049/3188 4041/4041/3181 4040/4040/3180
f 4043/4043/3183 4042/4042/3182 4051/4051/3190
f 4043/4043/3183 4051/4051/3190 4052/4052/3191
f 875/875/749 4012/4012/3157 4053/4053/3192
f 875/875/749 4053/4053/3192 4054/4054/3193
f 4055/4055/3194 4056/4056/3195 4050/4050/3189
f 4055/4055/3194 4050/4050/3189 4049/4049/3188
f 4057/4057/3191 4058/4058/3190 4059/4059/3196
f 4057/4057/3191 4059/4059/3196 4060/4060/3197
f 4060/4060/3197 4059/4059/3196 4061/4061/3198
f 4060/4060/3197 4061/4061/3198 4062/4062/3198
f 4063/4063/3199 4064/4064/3200 4065/4065/3195
f 4063/4063/3199 4065/4065/3195 4066/4066/3194
f 874/874/748 4054/4054/3193 4053/4053/3192
f 874/874/748 4053/4053/3192 4067/4067/3201
f 4062/4062/3198 4061/4061/3198 4068/4068/3202
f 4062/4062/3198 4068/4068/3202 4069/4069/3203
f 4070/4070/3204 4071/4071/3205 4064/4064/3200
f 4070/4070/3204 4064/4064/3200 4063/4063/3199
f 4069/4069/3203 4068/4068/3202 4072/4072/3206
f 4069/4069/3203 4072/4072/3206 4073/4073/3207
f 4074/4074/3208 4075/4075/3208 4071/4071/3205
f 4074/4074/3208 4071/4071/3205 4070/4070/3204
f 4073/4073/3207 4072/4072/3206 4076/4076/3209
f 4073/4073/3207 4076/4076/3209 4077/4077/3210
f 4078/4078/3211 4079/4079/3212 4075/4075/3208
f 4078/4078/3211 4075/4075/3208 4074/4074/3208
f 4077/4077/3210 4076/4076/3209 4080/4080/3212
f 4077/4077/3210 4080/4080/3212 4081/4081/3211
f 4082/4082/3213 4083/4083/3214 4010/4010/3155
f 4082/4082/3213 4010/4010/3155 4011/4011/3156
f 874/874/748 4067/4067/3215 4008/4008/3153
f 874/874/748 4008/4008/3153 863/863/737
f 4084/4084/3216 4083/4083/3214 4082/4082/3213
f 4084/4084/3216 4082/4082/3213 4085/4085/3217
f 4086/4086/14 4087/4087/14 4037/4037/3179
f 4086/4086/14 4037/4037/3179 4036/4036/3178
f 4084/4084/3216 4085/4085/3217 4088/4088/3218
f 4084/4084/3216 4088/4088/3218 4089/4089/3219
f 884/884/758 859/859/733 861/861/735
f 884/884/758 861/861/735 883/883/757
f 863/863/737 861/861/735 869/869/743
f 863/863/737 869/869/743 870/870/744
f 874/874/748 863/863/737 862/862/736
f 874/874/748 862/862/736 872/872/746
f 874/874/748 873/873/747 4090/4090/3220
f 874/874/748 4090/4090/3220 4054/4054/3193
f 875/875/749 4054/4054/3193 4090/4090/3220
f 875/875/749 4090/4090/3220 876/876/750
f 880/880/754 877/877/751 876/876/750
f 880/880/754 876/876/750 878/878/752
f 883/883/757 880/880/754 879/879/753
f 883/883/757 879/879/753 881/881/755
f 4091/4091/849 4092/4092/849 4093/4093/849
f 4091/4091/849 4093/4093/849 4094/4094/849
f 4095/4095/14 4096/4096/3221 4097/4097/3222
f 4095/4095/14 4097/4097/3222 4098/4098/14
f 4099/4099/10 4100/4100/10 4101/4101/10
f 4099/4099/10 4101/4101/10 4102/4102/10
f 4103/4103/3223 4104/4104/3224 4105/4105/3225
f 4103/4103/3223 4105/4105/3225 4106/4106/3226
f 4097/4097/3222 4096/4096/3221 4107/4107/3227
f 4097/4097/3222 4107/4107/3227 4108/4108/3228
f 4109/4109/3229 4110/4110/3229 4111/4111/3230
f 4109/4109/3229 4111/4111/3230 4112/4112/3229
f 4112/4112/3231 4111/4111/3231 4105/4105/3225
f 4112/4112/3231 4105/4105/3225 4104/4104/3224
f 4113/4113/3232 4114/4114/3233 887/887/760
f 4113/4113/3232 887/887/760 886/886/759
f 4115/4115/3234 4113/4113/3232 886/886/759
f 4115/4115/3234 886/886/759 4116/4116/3235
f 890/890/763 4117/4117/3236 4118/4118/3236
f 890/890/763 4118/4118/3236 4119/4119/3237
f 890/890/763 4119/4119/3237 4120/4120/3238
f 890/890/763 4120/4120/3238 888/888/761
f 4121/4121/3239 4122/4122/3240 4123/4123/3240
f 4121/4121/3239 4123/4123/3240 4124/4124/3239
f 4122/4122/3240 4125/4125/3241 4126/4126/3241
f 4122/4122/3240 4126/4126/3241 4123/4123/3240
f 4127/4127/3241 4128/4128/3242 4129/4129/3242
f 4127/4127/3241 4129/4129/3242 4130/4130/3241
f 4128/4128/3242 4131/4131/3243 4132/4132/3244
f 4128/4128/3242 4132/4132/3244 4129/4129/3242
f 4131/4131/3243 4133/4133/3245 4134/4134/3246
f 4131/4131/3243 4134/4134/3246 4132/4132/3244
f 4133/4133/3245 4135/4135/3247 4136/4136/3247
f 4133/4133/3245 4136/4136/3247 4134/4134/3246
f 4137/4137/3247 4138/4138/3248 4139/4139/3248
f 4137/4137/3247 4139/4139/3248 4140/4140/3247
f 4138/4138/3248 4141/4141/3249 4142/4142/3249
f 4138/4138/3248 4142/4142/3249 4139/4139/3248
f 4141/4141/3249 4143/4143/3250 4144/4144/3251
f 4141/4141/3249 4144/4144/3251 4142/4142/3249
f 4143/4143/3250 4145/4145/3252 4146/4146/3253
f 4143/4143/3250 4146/4146/3253 4144/4144/3251
f 4145/4145/3252 4147/4147/3254 4148/4148/3255
f 4145/4145/3252 4148/4148/3255 4146/4146/3253
f 4147/4147/3254 4149/4149/3256 4150/4150/3257
f 4147/4147/3254 4150/4150/3257 4148/4148/3255
f 4151/4151/3256 4152/4152/3258 4153/4153/3258
f 4151/4151/3256 4153/4153/3258 4154/4154/3257
f 4152/4152/3258 4155/4155/3259 4156/4156/3259
f 4152/4152/3258 4156/4156/3259 4153/4153/3258
f 4155/4155/3259 4157/4157/3260 4158/4158/3260
f 4155/4155/3259 4158/4158/3260 4156/4156/3259
f 4157/4157/3260 4159/4159/3261 4160/4160/3262
f 4157/4157/3260 4160/4160/3262 4158/4158/3260
f 4161/4161/3261 4162/4162/3263 4163/4163/3264
f 4161/4161/3261 4163/4163/3264 4164/4164/3262
f 4162/4162/3263 4165/4165/3265 4166/4166/3266
f 4162/4162/3263 4166/4166/3266 4163/4163/3264
f 4165/4165/3265 4167/4167/3267 4168/4168/3268
f 4165/4165/3265 4168/4168/3268 4166/4166/3266
f 4167/4167/3267 4121/4121/3239 4124/4124/3239
f 4167/4167/3267 4124/4124/3239 4168/4168/3268
f 4169/4169/3269 4170/4170/3270 4171/4171/3271
f 4169/4169/3269 4171/4171/3271 4172/4172/3272
f 4170/4170/3270 4169/4169/3269 4173/4173/3273
f 4170/4170/3270 4173/4173/3273 4174/4174/3274
f 4174/4174/3274 4173/4173/3273 4175/4175/3275
f 4174/4174/3274 4175/4175/3275 4176/4176/3276
f 4176/4176/3276 4175/4175/3275 4177/4177/3277
f 4176/4176/3276 4177/4177/3277 4178/4178/3278
f 4178/4178/3278 4177/4177/3277 4179/4179/3279
f 4178/4178/3278 4179/4179/3279 4180/4180/3280
f 4180/4180/3280 4179/4179/3279 4181/4181/3281
f 4180/4180/3280 4181/4181/3281 4182/4182/3281
f 4182/4182/3281 4181/4181/3281 4183/4183/3282
f 4182/4182/3281 4183/4183/3282 4184/4184/3283
f 4184/4184/3283 4183/4183/3282 4185/4185/3284
f 4184/4184/3283 4185/4185/3284 4186/4186/3285
f 4186/4186/3285 4185/4185/3284 4187/4187/3286
f 4186/4186/3285 4187/4187/3286 4188/4188/3287
f 4188/4188/3287 4187/4187/3286 4189/4189/3288
f 4188/4188/3287 4189/4189/3288 4190/4190/3289
f 4190/4190/3289 4189/4189/3288 4191/4191/3290
f 4190/4190/3289 4191/4191/3290 4192/4192/3291
f 4192/4192/3291 4191/4191/3290 4193/4193/3292
f 4192/4192/3291 4193/4193/3292 4194/4194/3293
f 4194/4194/3293 4193/4193/3292 4195/4195/3294
f 4194/4194/3293 4195/4195/3294 4196/4196/3295
f 4196/4196/3295 4195/4195/3294 4197/4197/3296
f 4196/4196/3295 4197/4197/3296 4198/4198/3297
f 4198/4198/3297 4197/4197/3296 4199/4199/3298
f 4198/4198/3297 4199/4199/3298 4200/4200/3299
f 4200/4200/3299 4199/4199/3298 4201/4201/3300
f 4200/4200/3299 4201/4201/3300 4202/4202/3301
f 4202/4202/3301 4201/4201/3300 4203/4203/3302
f 4202/4202/3301 4203/4203/3302 4204/4204/3303
f 4204/4204/3303 4203/4203/3302 4205/4205/3304
f 4204/4204/3303 4205/4205/3304 4206/4206/3305
f 4206/4206/3305 4205/4205/3304 4207/4207/3306
f 4206/4206/3305 4207/4207/3306 4208/4208/3307
f 4208/4208/3307 4207/4207/3306 4172/4172/3272
f 4208/4208/3307 4172/4172/3272 4171/4171/3271
f 4209/4209/3308 4210/4210/3309 4211/4211/3309
f 4209/4209/3308 4211/4211/3309 4212/4212/3308
f 4210/4210/3309 4213/4213/3310 4214/4214/3310
f 4210/4210/3309 4214/4214/3310 4211/4211/3309
f 4215/4215/3310 4216/4216/3311 4217/4217/3311
f 4215/4215/3310 4217/4217/3311 4218/4218/3310
f 4216/4216/3311 4219/4219/3312 4220/4220/3312
f 4216/4216/3311 4220/4220/3312 4217/4217/3311
f 4219/4219/3312 4221/4221/3313 4222/4222/3313
f 4219/4219/3312 4222/4222/3313 4220/4220/3312
f 4221/4221/3313 4223/4223/3314 4224/4224/3314
f 4221/4221/3313 4224/4224/3314 4222/4222/3313
f 4225/4225/3314 4226/4226/3315 4227/4227/3315
f 4225/4225/3314 4227/4227/3315 4228/4228/3314
f 4226/4226/3315 4229/4229/3316 4230/4230/3316
f 4226/4226/3315 4230/4230/3316 4227/4227/3315
f 4229/4229/3316 4231/4231/849 4232/4232/849
f 4229/4229/3316 4232/4232/849 4230/4230/3316
f 4231/4231/849 4233/4233/3317 4234/4234/3317
f 4231/4231/849 4234/4234/3317 4232/4232/849
f 4233/4233/3317 4235/4235/3318 4236/4236/3318
f 4233/4233/3317 4236/4236/3318 4234/4234/3317
f 4235/4235/3318 4237/4237/3319 4238/4238/3320
f 4235/4235/3318 4238/4238/3320 4236/4236/3318
f 4239/4239/3319 4240/4240/3321 4241/4241/3322
f 4239/4239/3319 4241/4241/3322 4242/4242/3320
f 4240/4240/3321 4243/4243/3323 4244/4244/3323
f 4240/4240/3321 4244/4244/3323 4241/4241/3322
f 4243/4243/3323 4245/4245/3324 4246/4246/3325
f 4243/4243/3323 4246/4246/3325 4244/4244/3323
f 4245/4245/3324 4247/4247/3326 4248/4248/3326
f 4245/4245/3324 4248/4248/3326 4246/4246/3325
f 4249/4249/3326 4250/4250/3327 4251/4251/3328
f 4249/4249/3326 4251/4251/3328 4252/4252/3326
f 4250/4250/3327 4253/4253/3329 4254/4254/3329
f 4250/4250/3327 4254/4254/3329 4251/4251/3328
f 4253/4253/3329 4255/4255/3330 4256/4256/3330
f 4253/4253/3329 4256/4256/3330 4254/4254/3329
f 4255/4255/3330 4209/4209/3308 4212/4212/3308
f 4255/4255/3330 4212/4212/3308 4256/4256/3330
f 4170/4170/10 4174/4174/3331 4257/4257/3332
f 4170/4170/10 4257/4257/3332 4258/4258/10
f 4174/4174/3331 4176/4176/3333 4259/4259/3334
f 4174/4174/3331 4259/4259/3334 4257/4257/3332
f 4176/4176/3333 4178/4178/3335 4260/4260/3336
f 4176/4176/3333 4260/4260/3336 4259/4259/3334
f 4178/4178/3335 4180/4180/3337 4261/4261/3337
f 4178/4178/3335 4261/4261/3337 4260/4260/3336
f 4180/4180/3337 4182/4182/10 4262/4262/10
f 4180/4180/3337 4262/4262/10 4261/4261/3337
f 4182/4182/10 4184/4184/3338 4263/4263/3339
f 4182/4182/10 4263/4263/3339 4262/4262/10
f 4184/4184/3338 4186/4186/3340 4264/4264/3341
f 4184/4184/3338 4264/4264/3341 4263/4263/3339
f 4186/4186/3340 4188/4188/3342 4265/4265/3343
f 4186/4186/3340 4265/4265/3343 4264/4264/3341
f 4188/4188/3342 4190/4190/3344 4266/4266/3345
f 4188/4188/3342 4266/4266/3345 4265/4265/3343
f 4190/4190/3344 4192/4192/3346 4267/4267/3347
f 4190/4190/3344 4267/4267/3347 4266/4266/3345
f 4192/4192/3346 4194/4194/3348 4268/4268/3349
f 4192/4192/3346 4268/4268/3349 4267/4267/3347
f 4194/4194/3348 4196/4196/3350 4269/4269/3351
f 4194/4194/3348 4269/4269/3351 4268/4268/3349
f 4196/4196/3350 4198/4198/3352 4270/4270/3353
f 4196/4196/3350 4270/4270/3353 4269/4269/3351
f 4198/4198/3352 4200/4200/3354 4271/4271/3355
f 4198/4198/3352 4271/4271/3355 4270/4270/3353
f 4200/4200/3354 4202/4202/3356 4272/4272/3357
f 4200/4200/3354 4272/4272/3357 4271/4271/3355
f 4202/4202/3356 4204/4204/3358 4273/4273/3359
f 4202/4202/3356 4273/4273/3359 4272/4272/3357
f 4204/4204/3358 4206/4206/3360 4274/4274/3361
f 4204/4204/3358 4274/4274/3361 4273/4273/3359
f 4206/4206/3360 4208/4208/3362 4275/4275/3363
f 4206/4206/3360 4275/4275/3363 4274/4274/3361
f 4208/4208/3362 4171/4171/3364 4276/4276/3365
f 4208/4208/3362 4276/4276/3365 4275/4275/3363
f 4171/4171/3364 4170/4170/10 4258/4258/10
f 4171/4171/3364 4258/4258/10 4276/4276/3365
f 4277/4277/3366 4278/4278/3367 4279/4279/3368
f 4277/4277/3366 4279/4279/3368 4280/4280/3369
f 4281/4281/3370 4282/4282/3371 4283/4283/3370
f 4281/4281/3370 4283/4283/3370 4284/4284/3372
f 947/947/809 946/946/808 4285/4285/3373
f 947/947/809 4285/4285/3373 4286/4286/3374
f 4287/4287/3375 4288/4288/3376 948/948/810
f 4287/4287/3375 948/948/810 950/950/812
f 4289/4289/3377 4290/4290/3378 4291/4291/3379
f 4289/4289/3377 4291/4291/3379 4292/4292/3380
f 4293/4293/3381 4294/4294/3382 4295/4295/3383
f 4293/4293/3381 4295/4295/3383 4296/4296/3384
f 4297/4297/3385 4298/4298/3386 4299/4299/3387
f 4297/4297/3385 4299/4299/3387 4300/4300/3388
f 4301/4301/3389 4302/4302/3390 4303/4303/3391
f 4301/4301/3389 4303/4303/3391 4304/4304/3392
f 4305/4305/3393 4306/4306/3394 4307/4307/3395
f 4305/4305/3393 4307/4307/3395 4308/4308/3396
f 4308/4308/3396 4307/4307/3395 4309/4309/3397
f 4308/4308/3396 4309/4309/3397 4310/4310/3398
f 4311/4311/3399 4312/4312/3400 4313/4313/3401
f 4311/4311/3399 4313/4313/3401 4314/4314/3402
f 4315/4315/3403 4316/4316/3404 4317/4317/3405
f 4315/4315/3403 4317/4317/3405 4318/4318/3406
f 4319/4319/3407 4320/4320/3408 4321/4321/3408
f 4319/4319/3407 4321/4321/3408 4322/4322/3409
f 4323/4323/3410 4324/4324/3411 4325/4325/3412
f 4323/4323/3410 4325/4325/3412 4326/4326/3413
f 4317/4317/3414 4327/4327/3415 4328/4328/3416
f 4317/4317/3414 4328/4328/3416 4318/4318/3417
f 4327/4327/3415 4329/4329/3418 4330/4330/3419
f 4327/4327/3415 4330/4330/3419 4328/4328/3416
f 4331/4331/3420 4332/4332/3421 4333/4333/3422
f 4331/4331/3420 4333/4333/3422 4334/4334/3423
f 4332/4332/3421 4335/4335/3424 4336/4336/3425
f 4332/4332/3421 4336/4336/3425 4333/4333/3422
f 4337/4337/3426 4338/4338/3427 4339/4339/3428
f 4337/4337/3426 4339/4339/3428 4340/4340/3429
f 4340/4340/3429 4339/4339/3428 4325/4325/3412
f 4340/4340/3429 4325/4325/3412 4324/4324/3411
f 4341/4341/3430 4342/4342/3431 4339/4339/3428
f 4341/4341/3430 4339/4339/3428 4338/4338/3427
f 4342/4342/3431 4343/4343/3432 4325/4325/3412
f 4342/4342/3431 4325/4325/3412 4339/4339/3428
f 4344/4344/3433 4326/4326/3413 4325/4325/3412
f 4344/4344/3433 4325/4325/3412 4343/4343/3432
f 4301/4301/3389 4345/4345/3434 4346/4346/3435
f 4301/4301/3389 4346/4346/3435 4302/4302/3390
f 935/935/797 934/934/796 4288/4288/3376
f 935/935/797 4288/4288/3376 4287/4287/3375
f 4286/4286/3374 4285/4285/3373 936/936/798
f 4286/4286/3374 936/936/798 938/938/800
f 4293/4293/3381 4296/4296/3384 943/943/805
f 4293/4293/3381 943/943/805 942/942/804
f 4347/4347/3436 4348/4348/3437 4317/4317/3405
f 4347/4347/3436 4317/4317/3405 4316/4316/3404
f 4317/4317/3414 4348/4348/3438 4349/4349/3439
f 4317/4317/3414 4349/4349/3439 4327/4327/3415
f 4327/4327/3415 4349/4349/3439 4350/4350/3440
f 4327/4327/3415 4350/4350/3440 4329/4329/3418
f 4309/4309/3441 4307/4307/3442 4351/4351/3431
f 4309/4309/3441 4351/4351/3431 4352/4352/3430
f 4353/4353/3442 4354/4354/3443 4343/4343/3432
f 4353/4353/3442 4343/4343/3432 4342/4342/3431
f 4355/4355/3444 4344/4344/3433 4343/4343/3432
f 4355/4355/3444 4343/4343/3432 4354/4354/3445
f 4291/4291/3379 4346/4346/3435 4345/4345/3434
f 4291/4291/3379 4345/4345/3434 4292/4292/3380
f 4356/4356/3446 4357/4357/3447 4348/4348/3437
f 4356/4356/3446 4348/4348/3437 4347/4347/3436
f 4348/4348/3438 4357/4357/3448 4358/4358/3449
f 4348/4348/3438 4358/4358/3449 4349/4349/3439
f 4359/4359/3439 4308/4308/3449 4310/4310/3450
f 4359/4359/3439 4310/4310/3450 4360/4360/3440
f 4361/4361/3416 4362/4362/3419 4335/4335/3451
f 4361/4361/3416 4335/4335/3451 4332/4332/3452
f 4318/4318/3417 4328/4328/3416 4363/4363/3452
f 4318/4318/3417 4363/4363/3452 4364/4364/3453
f 4365/4365/3454 4315/4315/3403 4318/4318/3406
f 4365/4365/3454 4318/4318/3406 4364/4364/3455
f 4298/4298/3386 4295/4295/3383 4294/4294/3382
f 4298/4298/3386 4294/4294/3382 4299/4299/3387
f 4304/4304/3392 4303/4303/3391 4297/4297/3385
f 4304/4304/3392 4297/4297/3385 4300/4300/3388
f 4366/4366/3456 4367/4367/3457 4324/4324/3411
f 4366/4366/3456 4324/4324/3411 4323/4323/3410
f 4368/4368/3458 4340/4340/3429 4324/4324/3411
f 4368/4368/3458 4324/4324/3411 4367/4367/3459
f 4336/4336/3460 4369/4369/3426 4370/4370/3429
f 4336/4336/3460 4370/4370/3429 4333/4333/3458
f 4360/4360/3461 4352/4352/3430 4371/4371/3462
f 4360/4360/3461 4371/4371/3462 4372/4372/3463
f 4362/4362/3464 4372/4372/3463 4371/4371/3462
f 4362/4362/3464 4371/4371/3462 4369/4369/3426
f 4362/4362/3464 4369/4369/3426 4336/4336/3460
f 4362/4362/3464 4336/4336/3460 4335/4335/3465
f 4360/4360/3461 4310/4310/3466 4309/4309/3441
f 4360/4360/3461 4309/4309/3441 4352/4352/3430
f 4373/4373/3467 4374/4374/3468 4375/4375/3469
f 4373/4373/3467 4375/4375/3469 4376/4376/3470
f 4377/4377/3471 4378/4378/3472 4379/4379/3473
f 4377/4377/3471 4379/4379/3473 4380/4380/3473
f 4376/4376/3470 4381/4381/3474 4382/4382/213
f 4376/4376/3470 4382/4382/213 4373/4373/3467
f 4383/4383/3475 4384/4384/3476 4385/4385/3477
f 4383/4383/3475 4385/4385/3477 4386/4386/3478
f 4387/4387/3479 4388/4388/3479 4389/4389/3479
f 4387/4387/3479 4389/4389/3479 4390/4390/3480
f 4386/4386/3481 4385/4385/3481 4375/4375/3469
f 4386/4386/3481 4375/4375/3469 4374/4374/3468
f 4391/4391/26 953/953/26 952/952/26
f 4391/4391/26 952/952/26 4392/4392/26
f 4393/4393/3482 4394/4394/3482 4395/4395/3482
f 4393/4393/3482 4395/4395/3482 4396/4396/3483
f 955/955/68 954/954/68 4397/4397/68
f 955/955/68 4397/4397/68 4398/4398/68
f 4399/4399/3484 963/963/819 965/965/821
f 4399/4399/3484 965/965/821 4400/4400/3485
f 4401/4401/3486 4402/4402/3487 976/976/3488
f 4401/4401/3486 976/976/3488 4403/4403/3486
f 4381/4381/3474 4376/4376/3470 4394/4394/3489
f 4381/4381/3474 4394/4394/3489 4393/4393/3490
f 4404/4404/14 4405/4405/14 4406/4406/14
f 4404/4404/14 4406/4406/14 4407/4407/14
f 4408/4408/10 4409/4409/10 4410/4410/10
f 4408/4408/10 4410/4410/10 4411/4411/10
f 4412/4412/3491 958/958/814 957/957/813
f 4412/4412/3491 957/957/813 4413/4413/3491
f 4411/4411/10 4410/4410/10 4414/4414/10
f 4411/4411/10 4414/4414/10 4415/4415/10
f 4416/4416/3492 4417/4417/3492 961/961/817
f 4416/4416/3492 961/961/817 960/960/816
f 4418/4418/3493 4419/4419/3494 4420/4420/3495
f 4418/4418/3493 4420/4420/3495 4421/4421/3493
f 971/971/827 970/970/826 4422/4422/849
f 971/971/827 4422/4422/849 4423/4423/849
f 4415/4415/10 4414/4414/10 4424/4424/10
f 4415/4415/10 4424/4424/10 4425/4425/10
f 4426/4426/849 970/970/826 969/969/825
f 4426/4426/849 969/969/825 972/972/828
f 4425/4425/10 4424/4424/10 4427/4427/10
f 4425/4425/10 4427/4427/10 4428/4428/10
f 4429/4429/3496 4430/4430/3497 974/974/3498
f 4429/4429/3496 974/974/3498 4431/4431/3499
f 4432/4432/3500 967/967/823 966/966/822
f 4432/4432/3500 966/966/822 4433/4433/3501
f 4434/4434/3502 972/972/828 973/973/829
f 4434/4434/3502 973/973/829 4435/4435/3502
f 4436/4436/3503 4437/4437/3503 4438/4438/3504
f 4436/4436/3503 4438/4438/3504 4439/4439/3505
f 4430/4430/3506 4440/4440/3506 975/975/831
f 4430/4430/3506 975/975/831 974/974/830
f 976/976/832 975/975/831 4441/4441/849
f 976/976/832 4441/4441/849 4442/4442/3507
f 976/976/832 4442/4442/3507 4443/4443/3508
f 976/976/832 4443/4443/3508 4444/4444/3509
f 4403/4403/3510 976/976/832 4444/4444/3509
f 4403/4403/3510 4444/4444/3509 4445/4445/3510
f 964/964/3511 4446/4446/3512 4447/4447/3513
f 964/964/3511 4447/4447/3513 965/965/834
f 977/977/833 4448/4448/3514 968/968/3515
f 977/977/833 968/968/3515 967/967/833
f 4449/4449/3516 977/977/833 965/965/834
f 4449/4449/3516 965/965/834 4450/4450/3517
f 4451/4451/3518 4450/4450/3517 965/965/834
f 4451/4451/3518 965/965/834 4447/4447/3513
f 4452/4452/3519 4453/4453/3520 4454/4454/3520
f 4452/4452/3519 4454/4454/3520 4455/4455/3521
f 4456/4456/3522 4457/4457/3523 4458/4458/3524
f 4456/4456/3522 4458/4458/3524 4459/4459/3525
f 4460/4460/3526 4461/4461/3526 4462/4462/3526
f 4460/4460/3526 4462/4462/3526 4463/4463/3526
f 4464/4464/3527 4465/4465/3528 4466/4466/3529
f 4464/4464/3527 4466/4466/3529 4467/4467/3530
f 4464/4464/3527 4467/4467/3530 4468/4468/3531
f 4464/4464/3527 4468/4468/3531 4469/4469/3532
f 4469/4469/3533 4468/4468/3534 4470/4470/3533
f 4469/4469/3533 4470/4470/3533 4471/4471/3535
f 4472/4472/3536 4473/4473/3537 4454/4454/3538
f 4472/4472/3536 4454/4454/3538 4453/4453/3538
f 4458/4458/3524 4457/4457/3523 4474/4474/3539
f 4458/4458/3524 4474/4474/3539 4475/4475/3540
f 4476/4476/3541 4477/4477/3542 4466/4466/3529
f 4476/4476/3541 4466/4466/3529 4465/4465/3528
f 978/978/835 4478/4478/3543 4479/4479/3543
f 978/978/835 4479/4479/3543 979/979/836
f 4480/4480/3544 980/980/837 979/979/836
f 4480/4480/3544 979/979/836 4481/4481/3545
f 4482/4482/3546 4480/4480/3544 4481/4481/3545
f 4482/4482/3546 4481/4481/3545 4483/4483/3547
f 4484/4484/3548 4485/4485/3549 981/981/838
f 4484/4484/3548 981/981/838 983/983/840
f 983/983/840 982/982/839 4486/4486/3550
f 983/983/840 4486/4486/3550 4487/4487/3551
f 4487/4487/3551 4486/4486/3550 4488/4488/3552
f 4487/4487/3551 4488/4488/3552 4489/4489/3553
f 168/168/128 2533/2533/1944 246/246/128
f 2533/2533/1944 168/168/128 2532/2532/1944
f 2532/2532/1944 168/168/128 167/167/128
f 4490/4490/129 168/168/128 247/247/129
f 168/168/128 4490/4490/129 4491/4491/129
f 168/168/128 4491/4491/129 169/169/129
f 4492/4492/96 106/106/97 2615/2615/1973
f 106/106/97 4492/4492/96 4493/4493/96
f 106/106/97 4493/4493/96 2375/2375/96
f 2628/2628/3554 140/140/110 2389/2389/3554
f 140/140/110 2628/2628/3554 218/218/156
f 140/140/110 218/218/156 214/214/110
f 3615/3615/2848 4494/4494/3555 4495/4495/3555
f 4494/4494/3555 3615/3615/2848 4496/4496/3556
f 4496/4496/3556 3615/3615/2848 4497/4497/3557
f 4497/4497/3557 3615/3615/2848 688/688/580
f 4498/4498/3558 4499/4499/3558 4500/4500/3558
f 4499/4499/3558 4498/4498/3558 3624/3624/2854
f 3624/3624/2854 4498/4498/3558 4501/4501/3559
f 3624/3624/2854 4501/4501/3559 697/697/588
f 4502/4502/3560 692/692/584 3617/3617/2849
f 692/692/584 4502/4502/3560 4503/4503/3561
f 4503/4503/3561 4502/4502/3560 4504/4504/3560
f 4504/4504/3560 4502/4502/3560 4505/4505/3562
f 4506/4506/3563 3622/3622/2853 696/696/587
f 3622/3622/2853 4506/4506/3563 4507/4507/3563
f 4507/4507/3563 4506/4506/3563 4508/4508/3563
f 4507/4507/3563 4508/4508/3563 4509/4509/3563
# Vertices: 4509, normals: 3563, texture coordinates: 4509, faces: 4324

