# WaveFront *.obj file (generated by Cinema 4D)

v -0.040631 0.006412 0.509839
v -0.046374 0.018571 0.524148
v -0.040631 0.007862 0.513927
v -0.040631 0.020479 0.491959
v -0.048753 0.021285 0.519545
v -0.033127 0.026460 0.519512
v -0.048135 0.023499 0.524355
v -0.043739 0.007004 0.509697
v -0.037412 0.019839 0.491959
v -0.048135 0.026460 0.519512
v -0.043739 0.024650 0.514116
v -0.048135 0.019808 0.521986
v -0.043739 0.008458 0.513796
v -0.034683 0.018015 0.491959
v -0.048135 0.022731 0.517214
v -0.034613 0.036102 0.521893
v -0.034673 0.032194 0.519911
v -0.037524 0.005096 0.498712
v -0.032860 0.015286 0.491959
v -0.034624 0.031765 0.532201
v -0.037523 0.021402 0.528002
v -0.037523 0.017762 0.525637
v -0.046374 0.008689 0.509287
v -0.032219 0.012067 0.491959
v -0.034673 0.028010 0.529882
v -0.032838 0.035117 0.524195
v -0.032913 0.031259 0.522064
v -0.046374 0.010151 0.513411
v -0.032860 0.008848 0.491959
v -0.040631 0.010550 0.518741
v -0.040631 0.021112 0.528528
v -0.040631 0.017482 0.526167
v -0.048134 0.011200 0.508653
v -0.034683 0.006120 0.491959
v -0.040631 0.013226 0.522167
v -0.043739 0.021402 0.528002
v -0.032845 0.032764 0.529764
v -0.034890 0.006841 0.498636
v -0.037412 0.004296 0.491960
v -0.032509 0.014117 0.507870
v -0.043739 0.017762 0.525637
v -0.032913 0.028978 0.527458
v -0.048135 0.012661 0.512802
v -0.040631 0.003656 0.491960
v -0.032509 0.015546 0.512034
v -0.032218 0.033943 0.526948
v -0.048753 0.024999 0.521892
v -0.048752 0.014117 0.507870
v -0.043850 0.004296 0.491960
v -0.043739 0.011032 0.518411
v -0.032295 0.030123 0.524702
v -0.046374 0.022235 0.526520
v -0.048753 0.015546 0.512034
v -0.046579 0.006120 0.491959
v -0.043739 0.013713 0.521841
v -0.033127 0.022731 0.517214
v -0.040417 0.036953 0.519822
v -0.033130 0.009451 0.498518
v -0.048402 0.008848 0.491959
v -0.046374 0.012406 0.517472
v -0.040417 0.032979 0.518020
v -0.034888 0.027624 0.517535
v -0.048134 0.016943 0.507055
v -0.049042 0.012067 0.491959
v -0.046374 0.015103 0.520915
v -0.034888 0.023892 0.515315
v -0.037523 0.028360 0.516227
v -0.048135 0.018299 0.511227
v -0.048402 0.015286 0.491959
v -0.033128 0.011200 0.508653
v -0.037523 0.024650 0.514116
v -0.037275 0.036739 0.520361
v -0.046374 0.019243 0.506352
v -0.046579 0.018015 0.491959
v -0.033127 0.012661 0.512802
v -0.037308 0.032783 0.518507
v -0.040631 0.028613 0.515769
v -0.032512 0.012521 0.498373
v -0.043850 0.019839 0.491959
v -0.048135 0.014459 0.516077
v -0.040631 0.024960 0.513753
v -0.043739 0.028360 0.516227
v -0.034966 0.020338 0.452014
v 0.031770 0.004712 0.452521
v -0.034933 0.019720 0.457189
v -0.041058 0.009108 0.448492
v 0.037397 0.004445 0.468952
v 0.028283 0.004712 0.449865
v -0.046374 0.020497 0.510535
v -0.032635 0.019720 0.453461
v -0.036709 0.004637 0.463367
v 0.034668 0.018164 0.474559
v 0.013428 0.009109 0.450565
v -0.043739 0.020733 0.505891
v -0.045309 0.006423 0.462200
v -0.035649 0.004712 0.459089
v 0.034668 0.018164 0.479221
v 0.025508 0.009108 0.452617
v -0.034640 0.040656 0.535521
v -0.044042 0.006473 0.457973
v -0.043950 0.012216 0.451841
v 0.034668 0.018164 0.484237
v 0.021312 0.009108 0.451462
v -0.043739 0.021887 0.510087
v -0.034162 0.012216 0.441280
v -0.041588 0.012216 0.448211
v 0.033328 0.006473 0.459434
v 0.033355 0.004094 0.450270
v -0.037282 0.031095 0.533845
v -0.037588 0.012216 0.443955
v -0.043424 0.015324 0.452132
v 0.044042 0.017959 0.457973
v 0.013514 0.006475 0.448863
v -0.037308 0.027367 0.531534
v -0.023291 0.004094 0.444846
v -0.041058 0.015324 0.448492
v 0.037397 0.019987 0.474559
v 0.029878 0.004094 0.447572
v -0.032869 0.041392 0.532982
v -0.027455 0.004094 0.446275
v -0.039672 0.004017 0.462944
v 0.037397 0.019987 0.479221
v 0.034959 0.004712 0.447897
v -0.040417 0.030860 0.534423
v -0.033832 0.015324 0.441761
v -0.038491 0.004094 0.458673
v 0.037397 0.019987 0.484237
v 0.031499 0.004712 0.445189
v -0.040417 0.027141 0.532117
v -0.037263 0.015324 0.444443
v -0.041941 0.017959 0.452964
v 0.034231 0.006412 0.463721
v 0.013644 0.004715 0.446299
v -0.043551 0.031095 0.533845
v -0.032894 0.017959 0.443135
v -0.039569 0.017959 0.449301
v 0.045309 0.018009 0.462200
v 0.025358 0.012216 0.453089
v -0.032246 0.042261 0.529996
v -0.036336 0.017959 0.445832
v -0.039776 0.019720 0.454229
v 0.040616 0.020627 0.474559
v 0.021155 0.012216 0.451978
v -0.043525 0.027367 0.531534
v -0.024074 0.004713 0.441930
v -0.037407 0.019720 0.450537
v 0.040616 0.020627 0.479221
v 0.036336 0.006473 0.445832
v -0.046209 0.031765 0.532201
v -0.028223 0.004712 0.443390
v -0.042697 0.004645 0.462535
v 0.040616 0.020627 0.484237
v 0.032845 0.015435 0.468952
v -0.046160 0.028010 0.529882
v -0.031499 0.019720 0.445189
v -0.041450 0.004712 0.458281
v 0.029537 0.015324 0.455380
v 0.032894 0.006473 0.443135
v -0.032867 0.043128 0.527021
v -0.034959 0.019720 0.447897
v -0.037313 0.020338 0.455729
v 0.045804 0.015324 0.457779
v -0.047988 0.032764 0.529764
v -0.047920 0.028978 0.527458
v -0.034638 0.043862 0.524504
v -0.048615 0.033943 0.526948
v -0.048539 0.030123 0.524702
v -0.047995 0.035117 0.524195
v -0.037289 0.044349 0.522823
v -0.047920 0.031259 0.522064
v -0.046220 0.036102 0.521893
v -0.046160 0.032194 0.519911
v -0.040417 0.044519 0.522232
v -0.037523 0.011032 0.518411
v -0.037523 0.013713 0.521841
v -0.034888 0.012406 0.517472
v -0.043544 0.044349 0.522823
v -0.034888 0.015103 0.520915
v -0.040631 0.021249 0.505734
v -0.040631 0.022359 0.509937
v -0.033130 0.015570 0.498223
v -0.033127 0.014459 0.516077
v -0.033127 0.017168 0.519538
v -0.032509 0.016843 0.514457
v -0.034890 0.018134 0.498093
v -0.032509 0.019541 0.517934
v -0.037523 0.020733 0.505891
v -0.037523 0.021887 0.510087
v -0.037524 0.019836 0.498006
v -0.033127 0.019135 0.512861
v -0.033127 0.021791 0.516349
v -0.034888 0.020976 0.511527
v -0.040631 0.020432 0.497977
v -0.034888 0.023570 0.515020
v -0.046195 0.043862 0.524504
v -0.034888 0.019243 0.506352
v -0.047966 0.043128 0.527021
v -0.034888 0.020497 0.510535
v -0.048587 0.042261 0.529996
v -0.037523 0.022141 0.510649
v -0.047965 0.041392 0.532982
v -0.037523 0.024650 0.514116
v -0.046193 0.040656 0.535521
v -0.040631 0.022538 0.510346
v -0.043543 0.040164 0.537220
v -0.040631 0.024960 0.513753
v -0.040417 0.039991 0.537817
v -0.033128 0.016943 0.507055
v -0.037290 0.040164 0.537220
v -0.033127 0.018299 0.511227
v -0.043738 0.019836 0.498006
v -0.034888 0.022235 0.526520
v -0.046372 0.018134 0.498093
v -0.034888 0.018571 0.524148
v -0.048132 0.015570 0.498223
v -0.033127 0.023499 0.524355
v -0.048750 0.012521 0.498373
v -0.033127 0.019808 0.521986
v -0.048132 0.009451 0.498518
v -0.043558 0.036739 0.520361
v -0.046372 0.006841 0.498636
v -0.043525 0.032783 0.518507
v -0.043738 0.005096 0.498712
v -0.032509 0.024999 0.521892
v -0.040631 0.004482 0.498738
v -0.032509 0.021285 0.519545
v -0.046374 0.023892 0.515315
v -0.046374 0.027624 0.517535
v -0.043739 0.024650 0.514116
v -0.043739 0.022141 0.510649
v -0.037523 0.008458 0.513796
v -0.037523 0.007004 0.509697
v -0.046374 0.023570 0.515020
v -0.046374 0.020976 0.511527
v -0.048135 0.021791 0.516349
v -0.048135 0.019135 0.512861
v -0.034888 0.010151 0.513411
v -0.034888 0.008689 0.509287
v -0.048753 0.019541 0.517934
v -0.048753 0.016843 0.514457
v -0.048135 0.017168 0.519538
v -0.025260 0.012216 0.437142
v -0.029878 0.020338 0.447572
v -0.029348 0.012216 0.438592
v -0.007060 0.012216 0.451208
v -0.002493 0.012216 0.451208
v -0.014133 0.015323 0.435825
v -0.033355 0.020338 0.450270
v -0.025119 0.015324 0.437734
v -0.007060 0.008997 0.450568
v -0.002493 0.008997 0.450568
v -0.031819 0.015324 0.459640
v -0.024709 0.006473 0.439419
v -0.029217 0.015324 0.439188
v -0.007060 0.006268 0.448745
v -0.002493 0.006268 0.448745
v -0.014057 0.017957 0.437571
v -0.028833 0.006473 0.440881
v -0.014133 0.009109 0.435825
v -0.007060 0.004445 0.446016
v -0.002493 0.004445 0.446016
v -0.032586 0.015358 0.463940
v -0.028283 0.019720 0.449865
v -0.024709 0.017959 0.439419
v -0.007060 0.003804 0.442797
v -0.002493 0.003804 0.442797
v -0.013939 0.019717 0.440181
v -0.031770 0.019720 0.452521
v -0.028833 0.017959 0.440881
v -0.007060 0.004445 0.439578
v -0.002493 0.004445 0.439578
v -0.037407 0.004712 0.450537
v -0.026949 0.017959 0.451705
v -0.024074 0.019719 0.441930
v -0.007060 0.006268 0.436849
v -0.002493 0.006268 0.436849
v -0.013794 0.020335 0.443250
v -0.030442 0.017959 0.454299
v -0.014057 0.006475 0.437571
v -0.007060 0.008997 0.435026
v -0.002493 0.008997 0.435026
v -0.039776 0.004712 0.454229
v -0.025119 0.009108 0.437734
v -0.028223 0.019720 0.443390
v -0.007060 0.012216 0.434385
v -0.002493 0.012216 0.434385
v -0.013644 0.019717 0.446299
v -0.029217 0.009108 0.439188
v -0.023291 0.020337 0.444846
v -0.007060 0.015435 0.435026
v -0.002493 0.015435 0.435026
v -0.039569 0.006473 0.449301
v -0.026071 0.015324 0.452871
v -0.027455 0.020338 0.446275
v -0.007060 0.018164 0.436849
v -0.002493 0.018164 0.436849
v -0.013514 0.017957 0.448863
v -0.029537 0.015324 0.455380
v -0.013939 0.004715 0.440181
v -0.007060 0.019987 0.439578
v -0.002493 0.019987 0.439578
v -0.041941 0.006473 0.452964
v -0.032957 0.017959 0.458354
v -0.022476 0.019719 0.447672
v -0.007060 0.020627 0.442797
v -0.002493 0.020627 0.442797
v -0.013428 0.015323 0.450565
v -0.030737 0.017959 0.454621
v -0.026649 0.019720 0.449028
v -0.007060 0.019987 0.446016
v -0.002493 0.019987 0.446016
v -0.026649 0.004712 0.449028
v -0.034966 0.004094 0.452014
v -0.021773 0.017958 0.449973
v -0.007060 0.018164 0.448745
v -0.002493 0.018164 0.448745
v -0.048387 0.008997 0.468951
v -0.014160 0.012216 0.435212
v -0.013794 0.004097 0.443250
v -0.007060 0.015435 0.450568
v -0.002493 0.015435 0.450568
v -0.022476 0.004713 0.447672
v -0.037313 0.004094 0.455729
v -0.034933 0.004712 0.457189
v -0.032845 0.015435 0.474559
v -0.032635 0.004712 0.453461
v -0.032205 0.012216 0.484237
v -0.032205 0.012216 0.479221
v -0.032205 0.012216 0.474559
v -0.025956 0.017959 0.451227
v -0.032010 0.012216 0.464008
v -0.032845 0.008997 0.484237
v -0.032845 0.008997 0.479221
v -0.032845 0.008997 0.474559
v -0.021312 0.015324 0.451462
v -0.031298 0.012216 0.459702
v -0.034668 0.006268 0.484237
v -0.034668 0.006268 0.479221
v -0.034668 0.006268 0.474559
v -0.046564 0.006268 0.468951
v -0.032957 0.006473 0.458354
v -0.037397 0.004445 0.484237
v -0.037397 0.004445 0.479221
v -0.037397 0.004445 0.474559
v -0.025508 0.015324 0.452617
v -0.030737 0.006473 0.454621
v -0.040616 0.003804 0.484237
v -0.040616 0.003804 0.479221
v -0.040616 0.003804 0.474559
v -0.047071 0.009081 0.461979
v -0.031649 0.009108 0.459090
v -0.043835 0.004445 0.484237
v -0.043835 0.004445 0.479221
v -0.043835 0.004445 0.474559
v -0.045804 0.009108 0.457779
v -0.029537 0.009108 0.455380
v -0.046564 0.006268 0.484237
v -0.046564 0.006268 0.479221
v -0.046564 0.006268 0.474559
v -0.043835 0.004445 0.468951
v -0.032586 0.009074 0.463940
v -0.048388 0.008997 0.484237
v -0.048388 0.008997 0.479221
v -0.048388 0.008997 0.474559
v -0.047691 0.012216 0.461901
v -0.031819 0.009108 0.459640
v -0.049028 0.012216 0.484237
v -0.049028 0.012216 0.479221
v -0.049028 0.012216 0.474559
v -0.046426 0.012216 0.457713
v -0.031191 0.012216 0.459342
v -0.048388 0.015435 0.484237
v -0.048388 0.015435 0.479221
v -0.048388 0.015435 0.474559
v -0.047071 0.015350 0.461979
v -0.029174 0.012216 0.455690
v -0.046564 0.018164 0.484237
v -0.046564 0.018164 0.479221
v -0.046564 0.018164 0.474559
v -0.040616 0.003804 0.468951
v -0.031649 0.015324 0.459090
v -0.043835 0.019987 0.484237
v -0.043835 0.019987 0.479221
v -0.043835 0.019987 0.474559
v -0.045804 0.015324 0.457779
v -0.029537 0.015324 0.455380
v -0.040616 0.020627 0.484237
v -0.040616 0.020627 0.479221
v -0.040616 0.020627 0.474559
v -0.045309 0.018009 0.462200
v -0.034231 0.006412 0.463721
v -0.037397 0.019987 0.484237
v -0.037397 0.019987 0.479221
v -0.037397 0.019987 0.474559
v -0.044042 0.017959 0.457973
v -0.033328 0.006473 0.459434
v -0.034668 0.018164 0.484237
v -0.034668 0.018164 0.479221
v -0.034668 0.018164 0.474559
v -0.037397 0.004445 0.468952
v -0.043424 0.009108 0.452132
v -0.032845 0.015435 0.484237
v -0.032845 0.015435 0.479221
v -0.042697 0.019787 0.462535
v -0.041450 0.019720 0.458281
v -0.034668 0.006268 0.468952
v -0.039672 0.020415 0.462944
v -0.038491 0.020338 0.458673
v -0.036709 0.019795 0.463367
v -0.032845 0.008997 0.468952
v -0.035649 0.019720 0.459089
v -0.034231 0.018019 0.463721
v -0.033328 0.017959 0.459434
v -0.032205 0.012216 0.468952
v -0.033832 0.009108 0.441761
v -0.037263 0.009108 0.444443
v -0.032894 0.006473 0.443135
v -0.032845 0.015435 0.468952
v -0.036336 0.006473 0.445832
v -0.021155 0.012216 0.451978
v -0.025358 0.012216 0.453089
v -0.013644 0.004715 0.446299
v -0.031499 0.004712 0.445189
v -0.034959 0.004712 0.447897
v -0.029878 0.004094 0.447572
v -0.013514 0.006475 0.448863
v -0.033355 0.004094 0.450270
v -0.021312 0.009108 0.451462
v -0.025508 0.009108 0.452617
v -0.013428 0.009109 0.450565
v -0.028283 0.004712 0.449865
v -0.031770 0.004712 0.452521
v -0.026949 0.006473 0.451705
v -0.013398 0.012216 0.451161
v -0.030442 0.006473 0.454299
v -0.034668 0.018164 0.468952
v -0.021773 0.006473 0.449973
v -0.037397 0.019987 0.468952
v -0.025956 0.006473 0.451227
v -0.040616 0.020627 0.468951
v -0.026071 0.009108 0.452871
v -0.043835 0.019987 0.468951
v -0.029537 0.009108 0.455380
v -0.046564 0.018164 0.468951
v -0.025767 0.012216 0.453267
v -0.048387 0.015435 0.468951
v -0.029174 0.012216 0.455690
v -0.049028 0.012216 0.468951
v 0.040631 0.006412 0.509839
v 0.046374 0.018571 0.524148
v 0.040631 0.007862 0.513927
v 0.040631 0.020479 0.491959
v 0.048753 0.021285 0.519545
v 0.033127 0.026460 0.519512
v 0.048135 0.023499 0.524355
v 0.043739 0.007004 0.509697
v 0.037412 0.019839 0.491959
v 0.048135 0.026460 0.519512
v 0.043739 0.024650 0.514116
v 0.048135 0.019808 0.521986
v 0.043739 0.008458 0.513796
v 0.034683 0.018015 0.491959
v 0.048135 0.022731 0.517214
v 0.034613 0.036102 0.521893
v 0.034673 0.032194 0.519911
v 0.037524 0.005096 0.498712
v 0.032860 0.015286 0.491959
v 0.034624 0.031765 0.532201
v 0.037523 0.021402 0.528002
v 0.037523 0.017762 0.525637
v 0.046374 0.008689 0.509287
v 0.032219 0.012067 0.491959
v 0.034673 0.028010 0.529882
v 0.032838 0.035117 0.524195
v 0.032913 0.031259 0.522064
v 0.046374 0.010151 0.513411
v 0.032860 0.008848 0.491959
v 0.040631 0.010550 0.518741
v 0.040631 0.021112 0.528528
v 0.040631 0.017482 0.526167
v 0.048134 0.011200 0.508653
v 0.034683 0.006120 0.491959
v 0.040631 0.013226 0.522167
v 0.043739 0.021402 0.528002
v 0.032845 0.032764 0.529764
v 0.034890 0.006841 0.498636
v 0.037412 0.004296 0.491960
v 0.032509 0.014117 0.507870
v 0.043739 0.017762 0.525637
v 0.032913 0.028978 0.527458
v 0.048135 0.012661 0.512802
v 0.040631 0.003656 0.491960
v 0.032509 0.015546 0.512034
v 0.032218 0.033943 0.526948
v 0.048753 0.024999 0.521892
v 0.048752 0.014117 0.507870
v 0.043850 0.004296 0.491960
v 0.043739 0.011032 0.518411
v 0.032295 0.030123 0.524702
v 0.046374 0.022235 0.526520
v 0.048753 0.015546 0.512034
v 0.046579 0.006120 0.491959
v 0.043739 0.013713 0.521841
v 0.033127 0.022731 0.517214
v 0.040417 0.036953 0.519822
v 0.033130 0.009451 0.498518
v 0.048402 0.008848 0.491959
v 0.046374 0.012406 0.517472
v 0.040417 0.032979 0.518020
v 0.034888 0.027624 0.517535
v 0.048134 0.016943 0.507055
v 0.049042 0.012067 0.491959
v 0.046374 0.015103 0.520915
v 0.034888 0.023892 0.515315
v 0.037523 0.028360 0.516227
v 0.048135 0.018299 0.511227
v 0.048402 0.015286 0.491959
v 0.033128 0.011200 0.508653
v 0.037523 0.024650 0.514116
v 0.037275 0.036739 0.520361
v 0.046374 0.019243 0.506352
v 0.046579 0.018015 0.491959
v 0.033127 0.012661 0.512802
v 0.037308 0.032783 0.518507
v 0.040631 0.028613 0.515769
v 0.032512 0.012521 0.498373
v 0.043850 0.019839 0.491959
v 0.048135 0.014459 0.516077
v 0.040631 0.024960 0.513753
v 0.043739 0.028360 0.516227
v 0.034966 0.020338 0.452014
v 0.037263 0.009108 0.444443
v 0.034933 0.019720 0.457189
v 0.041058 0.009108 0.448492
v 0.043835 0.019987 0.474559
v 0.033832 0.009108 0.441761
v 0.046374 0.020497 0.510535
v 0.032635 0.019720 0.453461
v 0.036709 0.004637 0.463367
v 0.043835 0.019987 0.479221
v 0.032205 0.012216 0.468952
v 0.043739 0.020733 0.505891
v 0.045309 0.006423 0.462200
v 0.035649 0.004712 0.459089
v 0.043835 0.019987 0.484237
v 0.033328 0.017959 0.459434
v 0.034640 0.040656 0.535521
v 0.044042 0.006473 0.457973
v 0.043950 0.012216 0.451841
v 0.031649 0.015324 0.459090
v 0.034231 0.018019 0.463721
v 0.043739 0.021887 0.510087
v 0.034162 0.012216 0.441280
v 0.041588 0.012216 0.448211
v 0.040616 0.003804 0.468951
v 0.035649 0.019720 0.459089
v 0.037282 0.031095 0.533845
v 0.037588 0.012216 0.443955
v 0.043424 0.015324 0.452132
v 0.046564 0.018164 0.474559
v 0.032845 0.008997 0.468952
v 0.037308 0.027367 0.531534
v 0.023291 0.004094 0.444846
v 0.041058 0.015324 0.448492
v 0.046564 0.018164 0.479221
v 0.036709 0.019795 0.463367
v 0.032869 0.041392 0.532982
v 0.027455 0.004094 0.446275
v 0.039672 0.004017 0.462944
v 0.046564 0.018164 0.484237
v 0.038491 0.020338 0.458673
v 0.040417 0.030860 0.534423
v 0.033832 0.015324 0.441761
v 0.038491 0.004094 0.458673
v 0.029174 0.012216 0.455690
v 0.039672 0.020415 0.462944
v 0.040417 0.027141 0.532117
v 0.037263 0.015324 0.444443
v 0.041941 0.017959 0.452964
v 0.047071 0.015350 0.461979
v 0.034668 0.006268 0.468952
v 0.043551 0.031095 0.533845
v 0.032894 0.017959 0.443135
v 0.039569 0.017959 0.449301
v 0.048388 0.015435 0.474559
v 0.041450 0.019720 0.458281
v 0.032246 0.042261 0.529996
v 0.036336 0.017959 0.445832
v 0.039776 0.019720 0.454229
v 0.048388 0.015435 0.479221
v 0.042697 0.019787 0.462535
v 0.043525 0.027367 0.531534
v 0.024074 0.004713 0.441930
v 0.037407 0.019720 0.450537
v 0.048388 0.015435 0.484237
v 0.032845 0.015435 0.479221
v 0.046209 0.031765 0.532201
v 0.028223 0.004712 0.443390
v 0.042697 0.004645 0.462535
v 0.031191 0.012216 0.459342
v 0.032845 0.015435 0.484237
v 0.046160 0.028010 0.529882
v 0.031499 0.019720 0.445189
v 0.041450 0.004712 0.458281
v 0.046426 0.012216 0.457713
v 0.043424 0.009108 0.452132
v 0.032867 0.043128 0.527021
v 0.034959 0.019720 0.447897
v 0.037313 0.020338 0.455729
v 0.049028 0.012216 0.474559
v 0.047988 0.032764 0.529764
v 0.047920 0.028978 0.527458
v 0.034638 0.043862 0.524504
v 0.048615 0.033943 0.526948
v 0.048539 0.030123 0.524702
v 0.047995 0.035117 0.524195
v 0.037289 0.044349 0.522823
v 0.047920 0.031259 0.522064
v 0.046220 0.036102 0.521893
v 0.046160 0.032194 0.519911
v 0.040417 0.044519 0.522232
v 0.037523 0.011032 0.518411
v 0.037523 0.013713 0.521841
v 0.034888 0.012406 0.517472
v 0.043544 0.044349 0.522823
v 0.034888 0.015103 0.520915
v 0.040631 0.021249 0.505734
v 0.040631 0.022359 0.509937
v 0.033130 0.015570 0.498223
v 0.033127 0.014459 0.516077
v 0.033127 0.017168 0.519538
v 0.032509 0.016843 0.514457
v 0.034890 0.018134 0.498093
v 0.032509 0.019541 0.517934
v 0.037523 0.020733 0.505891
v 0.037523 0.021887 0.510087
v 0.037524 0.019836 0.498006
v 0.033127 0.019135 0.512861
v 0.033127 0.021791 0.516349
v 0.034888 0.020976 0.511527
v 0.040631 0.020432 0.497977
v 0.034888 0.023570 0.515020
v 0.046195 0.043862 0.524504
v 0.034888 0.019243 0.506352
v 0.047966 0.043128 0.527021
v 0.034888 0.020497 0.510535
v 0.048587 0.042261 0.529996
v 0.037523 0.022141 0.510649
v 0.047965 0.041392 0.532982
v 0.037523 0.024650 0.514116
v 0.046193 0.040656 0.535521
v 0.040631 0.022538 0.510346
v 0.043543 0.040164 0.537220
v 0.040631 0.024960 0.513753
v 0.040417 0.039991 0.537817
v 0.033128 0.016943 0.507055
v 0.037290 0.040164 0.537220
v 0.033127 0.018299 0.511227
v 0.043738 0.019836 0.498006
v 0.034888 0.022235 0.526520
v 0.046372 0.018134 0.498093
v 0.034888 0.018571 0.524148
v 0.048132 0.015570 0.498223
v 0.033127 0.023499 0.524355
v 0.048750 0.012521 0.498373
v 0.033127 0.019808 0.521986
v 0.048132 0.009451 0.498518
v 0.043558 0.036739 0.520361
v 0.046372 0.006841 0.498636
v 0.043525 0.032783 0.518507
v 0.043738 0.005096 0.498712
v 0.032509 0.024999 0.521892
v 0.040631 0.004482 0.498738
v 0.032509 0.021285 0.519545
v 0.046374 0.023892 0.515315
v 0.046374 0.027624 0.517535
v 0.043739 0.024650 0.514116
v 0.043739 0.022141 0.510649
v 0.037523 0.008458 0.513796
v 0.037523 0.007004 0.509697
v 0.046374 0.023570 0.515020
v 0.046374 0.020976 0.511527
v 0.048135 0.021791 0.516349
v 0.048135 0.019135 0.512861
v 0.034888 0.010151 0.513411
v 0.034888 0.008689 0.509287
v 0.048753 0.019541 0.517934
v 0.048753 0.016843 0.514457
v 0.048135 0.017168 0.519538
v 0.025260 0.012216 0.437142
v 0.029878 0.020338 0.447572
v 0.029348 0.012216 0.438592
v 0.001681 0.012216 0.451208
v 0.049028 0.012216 0.468951
v 0.014133 0.015323 0.435825
v 0.033355 0.020338 0.450270
v 0.025119 0.015324 0.437734
v 0.001681 0.008997 0.450568
v 0.029174 0.012216 0.455690
v 0.031819 0.015324 0.459640
v 0.024709 0.006473 0.439419
v 0.029217 0.015324 0.439188
v 0.001681 0.006268 0.448745
v 0.048387 0.015435 0.468951
v 0.014057 0.017957 0.437571
v 0.028833 0.006473 0.440881
v 0.014133 0.009109 0.435825
v 0.001681 0.004445 0.446016
v 0.025767 0.012216 0.453267
v 0.032586 0.015358 0.463940
v 0.028283 0.019720 0.449865
v 0.024709 0.017959 0.439419
v 0.001681 0.003804 0.442797
v 0.046564 0.018164 0.468951
v 0.013939 0.019717 0.440181
v 0.031770 0.019720 0.452521
v 0.028833 0.017959 0.440881
v 0.001681 0.004445 0.439578
v 0.029537 0.009108 0.455380
v 0.037407 0.004712 0.450537
v 0.026949 0.017959 0.451705
v 0.024074 0.019719 0.441930
v 0.001681 0.006268 0.436849
v 0.043835 0.019987 0.468951
v 0.013794 0.020335 0.443250
v 0.030442 0.017959 0.454299
v 0.014057 0.006475 0.437571
v 0.001681 0.008997 0.435026
v 0.026071 0.009108 0.452871
v 0.039776 0.004712 0.454229
v 0.025119 0.009108 0.437734
v 0.028223 0.019720 0.443390
v 0.001681 0.012216 0.434385
v 0.040616 0.020627 0.468951
v 0.013644 0.019717 0.446299
v 0.029217 0.009108 0.439188
v 0.023291 0.020337 0.444846
v 0.001681 0.015435 0.435026
v 0.025956 0.006473 0.451227
v 0.039569 0.006473 0.449301
v 0.026071 0.015324 0.452871
v 0.027455 0.020338 0.446275
v 0.001681 0.018164 0.436849
v 0.037397 0.019987 0.468952
v 0.013514 0.017957 0.448863
v 0.029537 0.015324 0.455380
v 0.013939 0.004715 0.440181
v 0.001681 0.019987 0.439578
v 0.021773 0.006473 0.449973
v 0.041941 0.006473 0.452964
v 0.032957 0.017959 0.458354
v 0.022476 0.019719 0.447672
v 0.001681 0.020627 0.442797
v 0.034668 0.018164 0.468952
v 0.013428 0.015323 0.450565
v 0.030737 0.017959 0.454621
v 0.026649 0.019720 0.449028
v 0.001681 0.019987 0.446016
v 0.030442 0.006473 0.454299
v 0.026649 0.004712 0.449028
v 0.034966 0.004094 0.452014
v 0.021773 0.017958 0.449973
v 0.001681 0.018164 0.448745
v 0.013398 0.012216 0.451161
v 0.048387 0.008997 0.468951
v 0.014160 0.012216 0.435212
v 0.013794 0.004097 0.443250
v 0.001681 0.015435 0.450568
v 0.026949 0.006473 0.451705
v 0.022476 0.004713 0.447672
v 0.037313 0.004094 0.455729
v 0.034933 0.004712 0.457189
v 0.032845 0.015435 0.474559
v 0.032635 0.004712 0.453461
v 0.032205 0.012216 0.484237
v 0.032205 0.012216 0.479221
v 0.032205 0.012216 0.474559
v 0.025956 0.017959 0.451227
v 0.032010 0.012216 0.464008
v 0.032845 0.008997 0.484237
v 0.032845 0.008997 0.479221
v 0.032845 0.008997 0.474559
v 0.021312 0.015324 0.451462
v 0.031298 0.012216 0.459702
v 0.034668 0.006268 0.484237
v 0.034668 0.006268 0.479221
v 0.034668 0.006268 0.474559
v 0.046564 0.006268 0.468951
v 0.032957 0.006473 0.458354
v 0.037397 0.004445 0.484237
v 0.037397 0.004445 0.479221
v 0.037397 0.004445 0.474559
v 0.025508 0.015324 0.452617
v 0.030737 0.006473 0.454621
v 0.040616 0.003804 0.484237
v 0.040616 0.003804 0.479221
v 0.040616 0.003804 0.474559
v 0.047071 0.009081 0.461979
v 0.031649 0.009108 0.459090
v 0.043835 0.004445 0.484237
v 0.043835 0.004445 0.479221
v 0.043835 0.004445 0.474559
v 0.045804 0.009108 0.457779
v 0.029537 0.009108 0.455380
v 0.046564 0.006268 0.484237
v 0.046564 0.006268 0.479221
v 0.046564 0.006268 0.474559
v 0.043835 0.004445 0.468951
v 0.032586 0.009074 0.463940
v 0.048388 0.008997 0.484237
v 0.048388 0.008997 0.479221
v 0.048388 0.008997 0.474559
v 0.047691 0.012216 0.461901
v 0.031819 0.009108 0.459640
v 0.049028 0.012216 0.484237
v 0.049028 0.012216 0.479221
v 0.004311 -0.053118 0.459692
v 0.004311 0.030215 0.459692
v 0.012723 -0.053118 0.459692
v 0.012723 -0.032285 0.459692
v 0.012723 -0.011451 0.459692
v 0.012723 0.009382 0.459692
v 0.012723 0.030215 0.459692
v 0.012083 -0.053118 0.456473
v 0.012083 -0.032285 0.456473
v 0.012083 -0.011451 0.456473
v 0.012083 0.009382 0.456473
v 0.012083 0.030215 0.456473
v 0.010259 -0.053118 0.453744
v 0.010259 -0.032285 0.453744
v 0.010259 -0.011451 0.453744
v 0.010259 0.009382 0.453744
v 0.010259 0.030215 0.453744
v 0.007530 -0.053118 0.451920
v 0.007530 -0.032285 0.451920
v 0.007530 -0.011451 0.451920
v 0.007530 0.009382 0.451920
v 0.007530 0.030215 0.451920
v 0.004311 -0.053118 0.451280
v 0.004311 -0.032285 0.451280
v 0.004311 -0.011451 0.451280
v 0.004311 0.009382 0.451280
v 0.004311 0.030215 0.451280
v 0.001092 -0.053118 0.451920
v 0.001092 -0.032285 0.451920
v 0.001092 -0.011451 0.451920
v 0.001092 0.009382 0.451920
v 0.001092 0.030215 0.451920
v -0.001637 -0.053118 0.453744
v -0.001637 -0.032285 0.453744
v -0.001637 -0.011451 0.453744
v -0.001637 0.009382 0.453744
v -0.001637 0.030215 0.453744
v -0.003460 -0.053118 0.456473
v -0.003460 -0.032285 0.456473
v -0.003460 -0.011451 0.456473
v -0.003460 0.009382 0.456473
v -0.003460 0.030215 0.456473
v -0.004101 -0.053118 0.459692
v -0.004101 -0.032285 0.459692
v -0.004101 -0.011451 0.459692
v -0.004101 0.009382 0.459692
v -0.004101 0.030215 0.459692
v -0.003460 -0.053118 0.462911
v -0.003460 -0.032285 0.462911
v -0.003460 -0.011451 0.462911
v -0.003460 0.009382 0.462911
v -0.003460 0.030215 0.462911
v -0.001637 -0.053118 0.465640
v -0.001637 -0.032285 0.465640
v -0.001637 -0.011451 0.465640
v -0.001637 0.009382 0.465640
v -0.001637 0.030215 0.465640
v 0.001092 -0.053118 0.467463
v 0.001092 -0.032285 0.467463
v 0.001092 -0.011451 0.467463
v 0.001092 0.009382 0.467463
v 0.001092 0.030215 0.467463
v 0.004311 -0.053118 0.468104
v 0.004311 -0.032285 0.468104
v 0.004311 -0.011451 0.468104
v 0.004311 0.009382 0.468104
v 0.004311 0.030215 0.468104
v 0.007530 -0.053118 0.467463
v 0.007530 -0.032285 0.467463
v 0.007530 -0.011451 0.467463
v 0.007530 0.009382 0.467463
v 0.007530 0.030215 0.467463
v 0.010259 -0.053118 0.465640
v 0.010259 -0.032285 0.465640
v 0.010259 -0.011451 0.465640
v 0.010259 0.009382 0.465640
v 0.010259 0.030215 0.465640
v 0.012083 -0.053118 0.462911
v 0.012083 -0.032285 0.462911
v 0.012083 -0.011451 0.462911
v 0.012083 0.009382 0.462911
v 0.012083 0.030215 0.462911
# 898 vertices

vn 0.000410 0.960130 0.279553
vn 0.000008 0.960201 0.279311
vn -0.000024 0.960264 0.279094
vn 0.000000 0.960256 0.279119
vn 0.000000 0.960286 0.279018
vn 0.000024 0.960264 0.279094
vn -0.000008 0.960201 0.279311
vn -0.000410 0.960130 0.279553
vn -0.000756 0.960100 0.279655
vn 0.000756 0.960100 0.279655
vn -0.395597 -0.917235 0.046722
vn -0.399016 -0.909856 0.113789
vn -0.720778 -0.665265 0.194682
vn -0.721705 -0.686189 0.091035
vn 0.180310 -0.701944 -0.689031
vn 0.295850 -0.695020 -0.655302
vn 0.382624 -0.372013 -0.845698
vn 0.234763 -0.378262 -0.895435
vn 0.382097 -0.922820 0.049045
vn 0.382672 -0.923845 -0.008508
vn 0.000001 -0.999954 -0.009599
vn 0.000001 -0.998699 0.050990
vn 0.000000 0.998665 -0.051657
vn -0.000001 0.999921 0.012596
vn 0.380105 0.924861 0.012369
vn 0.367822 0.928495 -0.051037
vn -0.648292 0.651485 -0.394063
vn -0.322452 0.817641 -0.476957
vn -0.372475 0.714733 -0.591963
vn -0.642752 0.569169 -0.512754
vn -0.347278 0.920186 -0.180711
vn 0.000000 0.982682 -0.185299
vn 0.000000 0.942377 -0.334553
vn -0.329845 0.886725 -0.323916
vn -0.673730 0.722486 -0.155247
vn -0.656406 0.703243 -0.273094
vn 0.331456 0.444117 -0.832404
vn 0.000020 0.473697 -0.880688
vn 0.000000 0.489044 -0.872259
vn 0.376666 0.515735 -0.769506
vn 0.492583 -0.684969 -0.536824
vn 0.274923 -0.913832 -0.298879
vn 0.319710 -0.914343 -0.248522
vn 0.572311 -0.687474 -0.447035
vn 0.704573 0.709520 0.012582
vn 0.693210 0.719446 -0.043108
vn -0.331231 0.456746 -0.825632
vn -0.654569 0.379206 -0.654020
vn -0.645155 0.455892 -0.613138
vn -0.376666 0.515735 -0.769506
vn -0.916734 0.156213 -0.367692
vn -0.999964 -0.007115 -0.004536
vn -0.999964 0.008277 0.001773
vn -0.910470 0.204001 -0.359760
vn -0.360610 0.343618 -0.867114
vn -0.685131 0.278100 -0.673243
vn -0.667065 0.347998 -0.658728
vn -0.343384 0.421559 -0.839271
vn -0.913957 0.395152 -0.092398
vn -0.908279 0.386962 -0.159029
vn 0.637450 0.693219 -0.336310
vn 0.674097 0.696583 -0.245695
vn 0.372526 0.917578 -0.138832
vn 0.354676 0.916403 -0.185501
vn 0.922900 0.384699 0.016195
vn 0.919872 0.391803 -0.018074
vn -0.905744 0.225022 -0.359156
vn -0.902745 0.259334 -0.343216
vn 0.000000 0.362670 -0.931918
vn 0.000020 0.438233 -0.898862
vn 0.915728 -0.335341 0.221332
vn 0.688586 -0.604424 0.400652
vn 0.684969 -0.536824 0.492583
vn 0.913832 -0.298879 0.274923
vn -0.999997 0.002551 0.000195
vn -0.999994 0.003521 -0.000120
vn -0.221332 -0.915728 -0.335341
vn -0.400652 -0.688586 -0.604424
vn -0.492583 -0.684969 -0.536824
vn -0.274923 -0.913832 -0.298879
vn 0.999712 0.000726 0.023979
vn 0.999729 0.001607 0.023207
vn -0.904963 0.360792 -0.225548
vn -0.902333 0.318850 -0.290051
vn 0.694347 -0.386197 0.607235
vn 0.916572 -0.220492 0.333585
vn 0.914343 -0.248522 0.319710
vn 0.687474 -0.447035 0.572311
vn 0.374019 -0.493544 0.785190
vn 0.367223 -0.573712 0.732122
vn -0.921337 -0.376263 0.097795
vn -0.918447 -0.360914 0.161850
vn 0.706344 -0.706567 0.042899
vn 0.707096 -0.707091 -0.006121
vn 0.923357 -0.382449 0.033831
vn 0.921363 -0.382435 0.069533
vn -0.999993 0.003496 -0.000971
vn -0.999993 0.002890 -0.002312
vn 0.366394 -0.775215 0.514585
vn 0.363959 -0.687284 0.628630
vn 0.999806 -0.015523 -0.012112
vn 0.999993 0.001810 -0.003336
vn -0.701944 -0.689031 0.180310
vn -0.695020 -0.655302 0.295850
vn 0.394063 0.648291 0.651485
vn 0.476957 0.322452 0.817641
vn 0.591963 0.372475 0.714733
vn 0.512754 0.642752 0.569169
vn 0.702521 -0.703144 0.109784
vn -0.999843 0.017092 0.004650
vn -0.999993 0.001810 -0.003336
vn 0.999993 0.003496 -0.000971
vn 0.999993 0.002890 -0.002312
vn 0.904963 0.360792 -0.225548
vn 0.902333 0.318850 -0.290051
vn -0.378262 -0.895435 0.234763
vn -0.372013 -0.845698 0.382624
vn 0.864309 0.330710 0.378947
vn 0.686527 0.653893 0.317970
vn 0.613138 0.645155 0.455892
vn 0.769506 0.376666 0.515735
vn 0.378919 -0.915279 0.136691
vn -0.917496 -0.192522 0.348047
vn -0.914343 -0.248522 0.319710
vn 0.906332 0.193561 -0.375629
vn 0.902745 0.259334 -0.343216
vn 0.655142 0.355223 -0.666787
vn 0.645155 0.455892 -0.613138
vn 0.732122 -0.367223 -0.573712
vn 0.628630 -0.363959 -0.687284
vn 0.000000 -0.989267 0.146116
vn -0.915728 -0.335341 0.221332
vn -0.913832 -0.298879 0.274923
vn 0.648291 0.651485 -0.394063
vn 0.642752 0.569169 -0.512754
vn 0.322452 0.817641 -0.476957
vn 0.372475 0.714733 -0.591963
vn 0.000000 0.867527 -0.497391
vn 0.000000 0.812502 -0.582958
vn 0.819897 0.372849 -0.434457
vn 0.871412 0.375786 -0.315320
vn -0.382110 -0.922852 0.048325
vn -0.378919 -0.915279 0.136691
vn -0.688586 -0.604424 0.400652
vn -0.684969 -0.536824 0.492583
vn 0.000000 -0.967292 0.253667
vn 0.000000 -0.911040 0.412317
vn -0.637450 -0.693219 -0.336310
vn -0.354676 -0.916403 -0.185501
vn -0.319710 -0.914343 -0.248522
vn -0.572311 -0.687474 -0.447035
vn -0.706384 -0.706607 0.041569
vn -0.702521 -0.703144 0.109784
vn -0.695499 -0.366365 0.618109
vn -0.687474 -0.447035 0.572311
vn 0.378262 -0.895435 0.234763
vn 0.372013 -0.845698 0.382624
vn 0.701944 -0.689031 0.180310
vn 0.695020 -0.655302 0.295850
vn 0.921337 -0.376263 0.097795
vn 0.918447 -0.360914 0.161850
vn 0.923877 -0.382680 -0.002802
vn -0.923410 -0.382470 0.032091
vn -0.921362 -0.382435 0.069533
vn -0.374564 -0.483411 0.791212
vn -0.367223 -0.573712 0.732122
vn 0.999997 0.002551 0.000195
vn 0.999994 0.003521 -0.000120
vn 0.913957 0.395152 -0.092398
vn 0.908279 0.386962 -0.159029
vn 0.673730 0.722486 -0.155247
vn 0.656406 0.703243 -0.273094
vn 0.381509 0.905603 0.185294
vn 0.343216 0.902745 0.259334
vn -0.999756 0.000728 0.022095
vn -0.999729 0.001607 0.023207
vn -0.366394 -0.775215 0.514585
vn -0.363959 -0.687284 0.628630
vn 0.347278 0.920186 -0.180711
vn 0.329845 0.886725 -0.323916
vn -0.921671 -0.174771 0.346377
vn -0.704815 -0.314797 0.635719
vn -0.699789 -0.360820 0.616526
vn -0.919196 -0.192267 0.343674
vn -0.003336 -0.999993 0.001810
vn -0.002312 -0.999993 0.002890
vn -0.922924 0.384710 0.014454
vn -0.919872 0.391803 -0.018074
vn -0.000057 -0.527922 0.849293
vn -0.000000 -0.617224 0.786788
vn -0.382212 -0.407600 0.829323
vn -0.378267 -0.475237 0.794395
vn -0.000000 -0.440169 0.897915
vn -0.000057 -0.518976 0.854789
vn 0.382212 -0.407600 0.829323
vn 0.377761 -0.485425 0.788454
vn -0.290051 -0.902333 0.318850
vn -0.343216 -0.902745 0.259334
vn -0.704585 0.709531 0.011250
vn -0.693210 0.719446 -0.043108
vn 0.000000 -0.833099 0.553124
vn 0.000000 -0.738372 0.674394
vn 0.704815 -0.314797 0.635719
vn 0.698704 -0.380691 0.605712
vn 0.921671 -0.174771 0.346377
vn 0.918222 -0.220214 0.329201
vn 0.883389 0.000000 -0.468640
vn 0.940607 0.000000 -0.339497
vn -0.380109 0.924868 0.011649
vn -0.367822 0.928495 -0.051037
vn 0.999964 -0.007115 -0.004536
vn 0.999592 -0.024307 -0.014973
vn 0.916734 0.156213 -0.367692
vn 0.910447 0.172440 -0.375967
vn 0.685131 0.278100 -0.673243
vn 0.667100 0.323731 -0.670951
vn -0.819897 -0.372849 -0.434457
vn -0.732122 -0.367223 -0.573712
vn 0.360610 0.343618 -0.867114
vn 0.343427 0.408685 -0.845597
vn 0.225548 0.904963 0.360792
vn 0.290051 0.902333 0.318850
vn -0.382669 -0.923840 -0.009229
vn -0.514584 -0.366394 -0.775215
vn -0.628630 -0.363959 -0.687284
vn 0.819897 -0.372849 -0.434457
vn 0.871412 -0.375786 -0.315320
vn -0.613138 -0.645155 0.455892
vn -0.512754 -0.642752 0.569169
vn 0.637450 -0.693219 -0.336310
vn 0.674097 -0.696583 -0.245695
vn 0.000971 0.999993 0.003496
vn 0.002312 0.999993 0.002890
vn -0.707089 -0.707085 -0.007453
vn 0.003755 -0.999993 0.000483
vn 0.003336 -0.999993 0.001810
vn 0.354676 -0.916403 -0.185501
vn 0.372526 -0.917578 -0.138832
vn -0.591963 -0.372475 0.714733
vn -0.769506 -0.376666 0.515735
vn 0.000971 -0.999993 0.003496
vn 0.002312 -0.999993 0.002890
vn 0.003755 0.999993 0.000483
vn 0.003336 0.999993 0.001810
vn -0.923871 -0.382677 -0.004542
vn 0.225548 -0.904963 0.360792
vn 0.290051 -0.902333 0.318850
vn -0.004333 0.999948 -0.009260
vn -0.003755 0.999993 0.000483
vn 0.000000 0.000000 0.000000
vn -1.000000 0.000001 -0.000938
vn -0.354676 0.916403 -0.185501
vn -0.319710 0.914343 -0.248522
vn -0.923876 0.382681 0.002810
vn 0.381509 -0.905603 0.185294
vn 0.343216 -0.902745 0.259334
vn -0.003755 -0.999993 0.000483
vn -0.004333 -0.999948 -0.009260
vn -0.221332 0.915728 -0.335341
vn -0.274923 0.913832 -0.298879
vn -0.400652 0.688586 -0.604424
vn -0.492583 0.684969 -0.536824
vn -0.707095 0.707092 0.006132
vn 0.686527 -0.653893 0.317970
vn 0.613138 -0.645155 0.455892
vn -0.381509 -0.905603 0.185294
vn -0.591963 0.372475 0.714733
vn -0.512754 0.642752 0.569169
vn -0.613138 0.645155 0.455892
vn -0.769506 0.376666 0.515735
vn -0.343216 0.902745 0.259334
vn -0.290051 0.902333 0.318850
vn -0.637450 0.693219 -0.336310
vn -0.572311 0.687474 -0.447035
vn -0.382672 0.923845 0.008520
vn 0.394063 -0.648291 0.651485
vn 0.512754 -0.642752 0.569169
vn -0.686527 -0.653893 0.317970
vn -0.002312 0.999993 0.002890
vn -0.003336 0.999993 0.001810
vn -0.864309 -0.330710 0.378947
vn -0.912264 -0.341793 0.225724
vn -0.819897 0.372849 -0.434457
vn -0.732122 0.367223 -0.573712
vn -0.000001 0.999954 0.009612
vn 0.476957 -0.322452 0.817641
vn 0.591963 -0.372475 0.714733
vn -0.919682 -0.000000 0.392665
vn -0.973029 0.000000 0.230683
vn 0.319710 0.914343 -0.248522
vn 0.274923 0.913832 -0.298879
vn 0.864309 -0.330710 0.378947
vn 0.769506 -0.376666 0.515735
vn -0.514585 0.366394 -0.775215
vn -0.628630 0.363959 -0.687284
vn 0.382668 0.923840 0.009241
vn 0.497391 -0.000000 0.867527
vn 0.582958 0.000000 0.812502
vn -0.381509 0.905603 0.185294
vn -0.399016 0.909856 0.113789
vn -0.720778 0.665265 0.194682
vn -0.686527 0.653893 0.317970
vn 0.492583 0.684969 -0.536824
vn 0.572311 0.687474 -0.447035
vn 1.000000 -0.000001 0.000946
vn -0.883389 0.000000 -0.468640
vn -0.786788 0.000000 -0.617224
vn 0.923871 0.382677 0.004550
vn 0.919682 -0.000000 0.392665
vn 0.872259 -0.000000 0.489044
vn 0.628630 0.363959 -0.687284
vn 0.732122 0.367223 -0.573712
vn -0.553124 0.000000 -0.833099
vn -0.674394 0.000000 -0.738372
vn 0.707089 0.707085 0.007463
vn -0.912264 0.341793 0.225724
vn -0.864309 0.330710 0.378947
vn 0.674394 0.000000 -0.738372
vn 0.786788 0.000000 -0.617224
vn 0.000000 0.305852 -0.952079
vn -0.369926 0.288021 -0.883289
vn -0.694173 0.231147 -0.681686
vn -0.919601 0.132190 -0.369945
vn -0.999997 0.002220 0.000334
vn 0.369926 0.288021 -0.883289
vn 0.694173 0.231147 -0.681686
vn 0.919601 0.132190 -0.369945
vn 0.999997 0.002220 0.000334
vn 0.922349 -0.132625 0.362880
vn -0.922349 -0.132625 0.362880
vn 0.705338 -0.246543 0.664616
vn 0.382074 -0.322073 0.866192
vn 0.000000 -0.348503 0.937308
vn -0.382074 -0.322073 0.866192
vn -0.705338 -0.246543 0.664616
vn 0.180711 0.347278 0.920186
vn 0.185299 0.000000 0.982682
vn 0.334553 -0.000000 0.942377
vn 0.323916 0.329845 0.886725
vn 0.051807 -0.000000 0.998657
vn -0.002837 -0.000000 0.999996
vn -0.002974 -0.380132 0.924927
vn 0.051194 -0.367820 0.928487
vn 0.000000 0.000000 1.000000
vn 0.000000 -0.382682 0.923880
vn 0.051194 0.367820 0.928487
vn -0.689712 0.701656 -0.178821
vn -0.376723 0.919803 -0.109733
vn -0.381463 0.923148 -0.047796
vn -0.703992 0.706460 -0.072868
vn 0.923880 0.382682 0.000006
vn 0.925800 0.377336 0.022604
vn 0.999756 0.000000 0.022074
vn 1.000000 0.000000 0.000006
vn -0.004867 -0.704622 0.709566
vn 0.043361 -0.693206 0.719434
vn 0.000000 -0.707106 0.707108
vn 0.273094 0.656406 0.703243
vn 0.155247 0.673730 0.722486
vn 0.043361 0.693206 0.719434
vn -0.897745 0.379691 -0.223360
vn -0.919656 0.382583 -0.088677
vn 0.923880 0.382683 0.000000
vn 1.000000 0.000000 0.000000
vn -0.011083 -0.922969 0.384715
vn 0.018638 -0.919868 0.391785
vn 0.000000 -0.923879 0.382684
vn 0.159029 0.908279 0.386962
vn 0.092398 0.913957 0.395152
vn 0.018638 0.919868 0.391785
vn -0.971106 -0.000000 -0.238649
vn -0.995572 -0.000000 -0.094000
vn -0.021948 -0.999759 0.000697
vn -0.022114 -0.999754 0.001578
vn 0.000001 -1.000000 0.000000
vn 0.000120 0.999994 0.003521
vn -0.000195 0.999997 0.002551
vn -0.022114 0.999754 0.001578
vn -0.897745 -0.379691 -0.223360
vn -0.919656 -0.382583 -0.088677
vn -0.034942 -0.923305 -0.382475
vn -0.067836 -0.921454 -0.382518
vn 0.000001 -0.923879 -0.382684
vn -0.161850 0.918447 -0.360914
vn -0.097795 0.921337 -0.376263
vn -0.067836 0.921454 -0.382518
vn -0.689712 -0.701656 -0.178821
vn -0.703992 -0.706460 -0.072868
vn -0.674097 0.696583 -0.245695
vn -0.372526 0.917578 -0.138832
vn -0.046795 -0.706189 -0.706475
vn -0.107561 -0.702664 -0.703345
vn 0.000001 -0.707106 -0.707107
vn -0.295850 0.695020 -0.655302
vn -0.180310 0.701944 -0.689031
vn -0.107561 0.702664 -0.703345
vn -0.376723 -0.919803 -0.109733
vn -0.381463 -0.923148 -0.047796
vn -0.871412 0.375786 -0.315320
vn -0.054966 -0.381953 -0.922546
vn -0.134120 -0.379029 -0.915614
vn 0.000002 -0.382683 -0.923880
vn -0.382624 0.372013 -0.845698
vn -0.234763 0.378262 -0.895435
vn -0.134120 0.379029 -0.915614
vn 0.003861 0.999619 -0.027325
vn 0.001445 0.999834 -0.018149
vn 0.707108 0.707105 0.000006
vn 0.712157 0.701733 0.020076
vn -0.057875 0.000000 -0.998324
vn -0.143424 0.000000 -0.989661
vn 0.000002 0.000000 -1.000000
vn -0.412317 0.000000 -0.911040
vn -0.253667 0.000000 -0.967292
vn 0.003861 -0.999619 -0.027325
vn 0.001445 -0.999834 -0.018149
vn 0.707107 0.707107 0.000000
vn -0.054966 0.381953 -0.922546
vn 0.000002 0.382683 -0.923880
vn -0.382624 -0.372013 -0.845698
vn -0.234763 -0.378262 -0.895435
vn 0.395597 -0.917235 0.046722
vn 0.387033 -0.922039 0.006967
vn -0.046795 0.706189 -0.706475
vn 0.000001 0.707106 -0.707107
vn -0.295850 -0.695020 -0.655302
vn -0.180310 -0.701944 -0.689031
vn 0.721705 -0.686189 0.091035
vn 0.712157 -0.701733 0.020076
vn -0.034942 0.923305 -0.382475
vn 0.000001 0.923879 -0.382684
vn -0.161850 -0.918447 -0.360914
vn -0.097795 -0.921337 -0.376263
vn 0.926372 -0.361594 0.105285
vn 0.925800 -0.377336 0.022604
vn -0.940607 0.000000 -0.339497
vn -0.021948 0.999759 0.000697
vn 0.000001 1.000000 0.000000
vn 0.000120 -0.999994 0.003521
vn -0.000195 -0.999997 0.002551
vn 0.994294 0.000000 0.106676
vn 0.000000 1.000000 -0.000006
vn 0.387033 0.922039 0.006967
vn 0.382685 0.923879 0.000002
vn -0.011083 0.922969 0.384715
vn 0.000000 0.923879 0.382684
vn 0.159029 -0.908279 0.386962
vn 0.092398 -0.913957 0.395152
vn 0.395597 0.917235 0.046722
vn 0.721705 0.686189 0.091035
vn -0.004867 0.704622 0.709566
vn 0.000000 0.707106 0.707108
vn 0.273094 -0.656406 0.703243
vn 0.155247 -0.673730 0.722486
vn 0.382683 0.923880 0.000000
vn -0.002974 0.380132 0.924927
vn 0.000000 0.382682 0.923880
vn 0.323916 -0.329845 0.886725
vn 0.180711 -0.347278 0.920186
vn 0.926372 0.361594 0.105285
vn -0.871412 -0.375786 -0.315320
vn 0.923880 -0.382683 0.000000
vn 0.923880 -0.382682 0.000006
vn 0.000000 1.000000 0.000000
vn -0.674097 -0.696583 -0.245695
vn 0.707107 -0.707107 0.000000
vn 0.707108 -0.707105 0.000006
vn -0.372526 -0.917578 -0.138832
vn 0.382683 -0.923880 0.000000
vn 0.382685 -0.923879 0.000002
vn 0.004333 0.999948 -0.009260
vn 0.000000 -1.000000 0.000000
vn 0.000000 -1.000000 -0.000006
vn 0.004333 -0.999948 -0.009260
vn 0.399016 -0.909856 0.113789
vn -0.382683 -0.923880 0.000000
vn -0.382684 -0.923879 -0.000016
vn -0.382684 0.923879 -0.000016
vn 0.720778 -0.665265 0.194682
vn -0.707107 -0.707107 0.000000
vn -0.707107 -0.707107 -0.000025
vn -0.382683 0.923880 0.000000
vn 0.912264 -0.341793 0.225724
vn -0.923880 -0.382683 0.000000
vn -0.923880 -0.382683 -0.000032
vn 0.973029 0.000000 0.230683
vn -1.000000 -0.000000 0.000000
vn -1.000000 -0.000000 -0.000034
vn 0.399016 0.909856 0.113789
vn 0.720778 0.665265 0.194682
vn -0.923880 0.382683 0.000000
vn -0.923880 0.382683 -0.000032
vn 0.912264 0.341793 0.225724
vn -0.707107 0.707107 0.000000
vn -0.707107 0.707107 -0.000025
vn -0.382097 -0.922820 0.049045
vn -0.000001 -0.998699 0.050990
vn -0.000001 -0.999954 -0.009599
vn -0.382672 -0.923845 -0.008508
vn -0.367822 0.928495 -0.051037
vn -0.380105 0.924861 0.012369
vn 0.000001 0.999921 0.012596
vn 0.648292 0.651485 -0.394063
vn 0.642752 0.569169 -0.512754
vn -0.000000 0.942377 -0.334553
vn -0.331456 0.444117 -0.832404
vn -0.000000 0.489044 -0.872259
vn -0.000020 0.473697 -0.880688
vn -0.092398 -0.913957 0.395152
vn -0.159029 -0.908279 0.386962
vn -0.000120 -0.999994 0.003521
vn 0.000195 -0.999997 0.002551
vn -0.704573 0.709520 0.012582
vn 0.331231 0.456746 -0.825632
vn 0.645155 0.455892 -0.613138
vn 0.654569 0.379206 -0.654020
vn 0.916734 0.156213 -0.367692
vn 0.910470 0.204001 -0.359760
vn 0.999964 0.008277 0.001773
vn 0.999964 -0.007115 -0.004536
vn 0.360610 0.343618 -0.867114
vn 0.343384 0.421559 -0.839271
vn 0.667065 0.347998 -0.658728
vn 0.685131 0.278100 -0.673243
vn 0.913957 0.395152 -0.092398
vn 0.908279 0.386962 -0.159029
vn 0.382684 0.923879 -0.000016
vn 0.707107 0.707107 -0.000025
vn -0.922900 0.384699 0.016195
vn 0.902745 0.259334 -0.343216
vn 0.905744 0.225022 -0.359156
vn -0.000000 0.362670 -0.931918
vn -0.000020 0.438233 -0.898862
vn -0.913832 -0.298879 0.274923
vn -0.688586 -0.604424 0.400652
vn 0.999997 0.002551 0.000195
vn 0.999994 0.003521 -0.000120
vn 0.221332 -0.915728 -0.335341
vn 0.400652 -0.688586 -0.604424
vn -0.999729 0.001607 0.023207
vn -0.999712 0.000726 0.023979
vn 0.904963 0.360792 -0.225548
vn 0.902333 0.318850 -0.290051
vn -0.694347 -0.386197 0.607235
vn -0.914343 -0.248522 0.319710
vn -0.916572 -0.220492 0.333585
vn -0.374019 -0.493544 0.785190
vn 0.921337 -0.376263 0.097795
vn 0.918447 -0.360914 0.161850
vn -0.707096 -0.707091 -0.006121
vn -0.706344 -0.706567 0.042899
vn -0.921363 -0.382435 0.069533
vn -0.923357 -0.382449 0.033831
vn 0.999993 0.003496 -0.000971
vn -0.363959 -0.687284 0.628630
vn -0.366394 -0.775215 0.514585
vn -0.999993 0.001810 -0.003336
vn -0.999806 -0.015523 -0.012112
vn 0.701944 -0.689031 0.180310
vn 0.695020 -0.655302 0.295850
vn -0.394063 0.648291 0.651485
vn -0.476957 0.322452 0.817641
vn -0.702521 -0.703144 0.109784
vn 0.999993 0.001810 -0.003336
vn 0.999843 0.017092 0.004650
vn -0.999993 0.003496 -0.000971
vn -0.904963 0.360792 -0.225548
vn -0.902333 0.318850 -0.290051
vn 0.378262 -0.895435 0.234763
vn 0.372013 -0.845698 0.382624
vn -0.378919 -0.915279 0.136691
vn 0.914343 -0.248522 0.319710
vn 0.917496 -0.192522 0.348047
vn -0.902745 0.259334 -0.343216
vn -0.906332 0.193561 -0.375629
vn -0.645155 0.455892 -0.613138
vn -0.655142 0.355223 -0.666787
vn 0.923880 -0.382683 -0.000032
vn 1.000000 -0.000000 -0.000034
vn 0.995572 -0.000000 -0.094000
vn 0.919656 -0.382583 -0.088677
vn 0.913832 -0.298879 0.274923
vn -0.648291 0.651485 -0.394063
vn -0.642752 0.569169 -0.512754
vn -0.000000 0.867527 -0.497391
vn 0.707095 0.707092 0.006132
vn 0.382672 0.923845 0.008520
vn 0.378919 -0.915279 0.136691
vn 0.382110 -0.922852 0.048325
vn 0.688586 -0.604424 0.400652
vn -0.000000 -0.967292 0.253667
vn -0.000000 -0.911040 0.412317
vn 0.702521 -0.703144 0.109784
vn 0.706384 -0.706607 0.041569
vn 0.695499 -0.366365 0.618109
vn -0.378262 -0.895435 0.234763
vn -0.372013 -0.845698 0.382624
vn -0.701944 -0.689031 0.180310
vn -0.695020 -0.655302 0.295850
vn -0.921337 -0.376263 0.097795
vn -0.918447 -0.360914 0.161850
vn -0.923877 -0.382680 -0.002802
vn 0.921362 -0.382435 0.069533
vn 0.923410 -0.382470 0.032091
vn 0.374564 -0.483411 0.791212
vn -0.999997 0.002551 0.000195
vn -0.999994 0.003521 -0.000120
vn -0.913957 0.395152 -0.092398
vn -0.908279 0.386962 -0.159029
vn 0.999729 0.001607 0.023207
vn 0.999756 0.000728 0.022095
vn 0.366394 -0.775215 0.514585
vn 0.363959 -0.687284 0.628630
vn 0.919196 -0.192267 0.343674
vn 0.699789 -0.360820 0.616526
vn 1.000000 -0.000000 0.000000
vn 0.922924 0.384710 0.014454
vn 0.000000 -0.617224 0.786788
vn 0.000057 -0.527922 0.849293
vn 0.378267 -0.475237 0.794395
vn 0.382212 -0.407600 0.829323
vn 0.000057 -0.518976 0.854789
vn 0.000000 -0.440169 0.897915
vn -0.377761 -0.485425 0.788454
vn -0.382212 -0.407600 0.829323
vn 0.923871 -0.382677 -0.004542
vn 1.000000 0.000001 -0.000938
vn 0.704585 0.709531 0.011250
vn -0.698704 -0.380691 0.605712
vn -0.918222 -0.220214 0.329201
vn -0.185299 0.000000 0.982682
vn -0.334553 -0.000000 0.942377
vn -0.323916 -0.329845 0.886725
vn -0.180711 -0.347278 0.920186
vn 0.367822 0.928495 -0.051037
vn 0.380109 0.924868 0.011649
vn -0.999592 -0.024307 -0.014973
vn -0.999964 -0.007115 -0.004536
vn -0.910447 0.172440 -0.375967
vn -0.916734 0.156213 -0.367692
vn -0.667100 0.323731 -0.670951
vn -0.685131 0.278100 -0.673243
vn -0.343427 0.408685 -0.845597
vn -0.360610 0.343618 -0.867114
vn -0.225548 0.904963 0.360792
vn 0.382669 -0.923839 -0.009229
vn 0.514584 -0.366394 -0.775215
vn -0.994294 0.000000 0.106676
vn -0.926372 0.361594 0.105285
vn 0.161850 -0.918447 -0.360914
vn 0.097795 -0.921337 -0.376263
vn 0.381463 0.923148 -0.047796
vn 0.703992 0.706460 -0.072868
vn -0.000971 0.999993 0.003496
vn 0.707089 -0.707085 -0.007453
vn 0.923880 0.382683 -0.000032
vn 0.919656 0.382583 -0.088677
vn -0.926372 -0.361594 0.105285
vn -0.000971 -0.999993 0.003496
vn -0.225548 -0.904963 0.360792
vn 0.000001 0.999954 0.009612
vn 0.923877 0.382681 0.002810
vn 0.707107 -0.707107 -0.000025
vn 0.703992 -0.706460 -0.072868
vn 0.221332 0.915728 -0.335341
vn 0.400652 0.688586 -0.604424
vn -0.273094 -0.656406 0.703243
vn -0.155247 -0.673730 0.722486
vn -0.394063 -0.648291 0.651485
vn -0.721705 0.686189 0.091035
vn -0.395597 0.917235 0.046722
vn -0.003861 0.999619 -0.027325
vn -0.476957 -0.322452 0.817641
vn 0.514585 0.366394 -0.775215
vn -0.382668 0.923840 0.009241
vn -0.497391 -0.000000 0.867527
vn -0.582958 0.000000 0.812502
vn -0.000000 1.000000 -0.000006
vn -1.000000 -0.000001 0.000946
vn -0.923871 0.382677 0.004550
vn -0.872259 -0.000000 0.489044
vn 0.382684 -0.923879 -0.000016
vn 0.381463 -0.923148 -0.047796
vn 0.553124 0.000000 -0.833099
vn -0.707089 0.707085 0.007463
vn 0.369926 0.288021 -0.883289
vn -0.000000 0.305852 -0.952079
vn 0.694173 0.231147 -0.681686
vn -0.369926 0.288021 -0.883289
vn -0.694173 0.231147 -0.681686
vn -0.180711 0.347278 0.920186
vn -0.323916 0.329845 0.886725
vn -0.053104 0.000000 0.998589
vn -0.052551 -0.367806 0.928416
vn 0.001615 -0.380145 0.924926
vn 0.001537 0.000000 0.999999
vn -0.052551 0.367806 0.928416
vn 0.689712 0.701656 -0.178821
vn 0.376723 0.919803 -0.109733
vn -0.923880 0.382682 0.000006
vn -1.000000 0.000000 0.000006
vn -0.999756 0.000000 0.022074
vn -0.925800 0.377336 0.022604
vn -0.045565 -0.693168 0.719335
vn 0.002662 -0.704657 0.709543
vn -0.273094 0.656406 0.703243
vn -0.045565 0.693168 0.719335
vn -0.155247 0.673730 0.722486
vn 0.897745 0.379691 -0.223360
vn -1.000000 0.000000 0.000000
vn -0.023606 -0.919820 0.391631
vn 0.006120 -0.923055 0.384618
vn -0.159029 0.908279 0.386962
vn -0.023606 0.919820 0.391631
vn -0.092398 0.913957 0.395152
vn 0.971106 -0.000000 -0.238649
vn 0.012397 -0.999922 0.001322
vn 0.012238 -0.999925 0.000442
vn -0.000120 0.999994 0.003521
vn 0.012397 0.999922 0.001322
vn 0.000195 0.999997 0.002551
vn 0.897745 -0.379691 -0.223360
vn 0.052573 -0.922166 -0.383205
vn 0.019660 -0.923552 -0.382969
vn 0.161850 0.918447 -0.360914
vn 0.052573 0.922166 -0.383205
vn 0.097795 0.921337 -0.376263
vn 0.689712 -0.701656 -0.178821
vn 0.087376 -0.703808 -0.704996
vn 0.026526 -0.706461 -0.707254
vn 0.295850 0.695020 -0.655302
vn 0.087376 0.703808 -0.704996
vn 0.180310 0.701944 -0.689031
vn 0.376723 -0.919803 -0.109733
vn 0.110627 -0.379932 -0.918376
vn 0.031309 -0.382138 -0.923575
vn 0.382624 0.372013 -0.845698
vn 0.110627 0.379932 -0.918375
vn 0.234763 0.378262 -0.895435
vn -0.001445 0.999834 -0.018149
vn -0.707108 0.707105 0.000006
vn -0.712157 0.701733 0.020076
vn 0.118771 0.000000 -0.992922
vn 0.033022 0.000000 -0.999455
vn 0.412317 0.000000 -0.911040
vn 0.253667 0.000000 -0.967292
vn -0.003861 -0.999619 -0.027325
vn -0.001445 -0.999834 -0.018149
vn 0.031309 0.382138 -0.923575
vn -0.387033 -0.922039 0.006967
vn 0.026526 0.706461 -0.707254
vn -0.712157 -0.701733 0.020076
vn 0.019660 0.923552 -0.382969
vn -0.925800 -0.377336 0.022604
vn 0.012238 0.999925 0.000442
vn -0.382685 0.923879 0.000002
vn -0.387033 0.922039 0.006967
vn 0.006120 0.923055 0.384618
vn 0.002662 0.704657 0.709543
vn 0.001615 0.380145 0.924926
vn -0.923880 -0.382682 0.000006
vn -0.707108 -0.707105 0.000006
vn -0.382685 -0.923879 0.000002
vn -0.000000 -1.000000 0.000000
vn -0.000000 -1.000000 -0.000006
vn 0.000000 -1.000000 0.000000
vn 1.000000 0.000000 0.000000
vn 0.923880 0.000000 -0.382683
vn 0.923880 0.000000 -0.382683
vn 0.000000 1.000000 0.000000
vn 0.707107 0.000000 -0.707107
vn 0.382683 0.000000 -0.923880
vn 0.382683 0.000000 -0.923880
vn 0.000000 0.000000 -1.000000
vn -0.382683 0.000000 -0.923880
vn -0.382683 0.000000 -0.923880
vn -0.707107 0.000000 -0.707107
vn -0.923880 0.000000 -0.382683
vn -0.923880 0.000000 -0.382683
vn -1.000000 0.000000 0.000000
vn -0.923880 0.000000 0.382683
vn -0.923880 0.000000 0.382683
vn -0.707107 0.000000 0.707107
vn -0.382683 0.000000 0.923880
vn -0.382683 0.000000 0.923880
vn 0.000000 0.000000 1.000000
vn 0.382683 0.000000 0.923880
vn 0.382683 0.000000 0.923880
vn 0.707107 0.000000 0.707107
vn 0.923880 0.000000 0.382683
vn 0.923880 0.000000 0.382683
# 791 normals

vt 0.312500 0.948116 0.000000
vt 0.375000 0.948116 0.000000
vt 0.062500 0.948116 0.000000
vt 0.125000 0.948116 0.000000
vt 0.437500 0.948116 0.000000
vt 1.000000 0.948116 0.000000
vt 0.500000 0.948116 0.000000
vt 0.562500 0.948116 0.000000
vt 0.625000 0.948116 0.000000
vt 0.937500 0.948116 0.000000
vt 0.687500 0.948116 0.000000
vt 0.875000 0.948116 0.000000
vt 0.750000 0.948116 0.000000
vt 0.812500 0.948116 0.000000
vt 0.250000 0.948116 0.000000
vt 0.187500 0.948116 0.000000
vt 0.174148 0.974779 0.000000
vt 0.194033 0.991023 0.000000
vt 0.129886 0.986463 0.000000
vt 0.113030 0.974291 0.000000
vt 0.364116 0.017121 0.000000
vt 0.351696 0.002591 0.000000
vt 0.426156 0.003867 0.000000
vt 0.430680 0.018198 0.000000
vt 0.000000 1.000000 0.000000
vt 1.000000 1.000000 0.000000
vt 1.000000 0.000000 0.000000
vt 0.000000 0.000000 0.000000
vt 0.000000 0.049664 0.000000
vt 0.000000 0.250000 0.000000
vt 0.062500 0.250000 0.000000
vt 0.062500 0.049664 0.000000
vt 0.575358 -0.054911 0.000000
vt 0.410147 1.726899 0.000000
vt 0.530716 1.000000 0.000000
vt 0.572852 0.000000 0.000000
vt 0.926555 0.029623 0.000000
vt 0.810443 0.018382 0.000000
vt 0.681014 0.005221 0.000000
vt 0.918793 0.024264 0.000000
vt 0.894779 0.030290 0.000000
vt 0.909916 0.025821 0.000000
vt 0.530251 1.037994 0.000000
vt 0.532137 -0.658171 0.000000
vt 0.497573 0.000000 0.000000
vt 0.359456 1.000000 0.000000
vt 0.424300 0.000000 0.000000
vt 0.696029 0.000000 0.000000
vt 0.723676 1.000000 0.000000
vt 0.125000 0.250000 0.000000
vt 0.125000 0.049664 0.000000
vt 0.534627 0.905983 0.000000
vt 0.786515 -0.709194 0.000000
vt 0.596279 0.000000 0.000000
vt 0.826178 0.982256 0.000000
vt 0.760714 0.983525 0.000000
vt 0.771182 1.002226 0.000000
vt 0.840129 1.001168 0.000000
vt 0.941815 0.972645 0.000000
vt 0.890890 0.980056 0.000000
vt 0.900603 0.990311 0.000000
vt 0.946480 0.983450 0.000000
vt 0.835575 0.031032 0.000000
vt 0.854390 0.027771 0.000000
vt 0.648404 1.011276 0.000000
vt 0.636659 0.999867 0.000000
vt 0.705459 1.000808 0.000000
vt 0.716138 1.011242 0.000000
vt 0.187500 0.250000 0.000000
vt 0.187500 0.049664 0.000000
vt 0.399700 0.120780 0.000000
vt 0.111487 1.511634 0.000000
vt 0.355443 1.000000 0.000000
vt 0.403721 0.000000 0.000000
vt 1.015043 0.976203 0.000000
vt 1.031507 0.991127 0.000000
vt 0.095725 -0.189627 0.000000
vt 0.029112 0.838744 0.000000
vt 0.777895 0.013975 0.000000
vt 0.801964 -0.003307 0.000000
vt 0.250000 0.250000 0.000000
vt 0.250000 0.049664 0.000000
vt 0.433152 1.122247 0.000000
vt 0.591733 -0.767015 0.000000
vt 0.427148 0.000000 0.000000
vt 0.432544 1.000000 0.000000
vt 1.058181 0.792034 0.000000
vt 1.029056 -0.242594 0.000000
vt -0.090926 0.121676 0.000000
vt -0.092458 1.142930 0.000000
vt 0.276324 1.000000 0.000000
vt 0.290265 0.034274 0.000000
vt 0.705020 0.015272 0.000000
vt 0.721134 -0.001127 0.000000
vt 0.312500 0.250000 0.000000
vt 0.312500 0.049664 0.000000
vt 0.495702 -0.168293 0.000000
vt 0.333060 1.522680 0.000000
vt 0.567456 1.000000 0.000000
vt 0.505767 0.000000 0.000000
vt 0.988744 1.130402 0.000000
vt 1.164568 0.234154 0.000000
vt 1.000000 0.322297 0.000000
vt 0.640544 1.000000 0.000000
vt -0.016122 0.262932 0.000000
vt 0.016287 1.285764 0.000000
vt 0.329491 1.000000 0.000000
vt 0.303971 0.000000 0.000000
vt 0.633592 0.016722 0.000000
vt 0.641981 0.001398 0.000000
vt 0.375000 0.250000 0.000000
vt 0.375000 0.049664 0.000000
vt 0.644848 0.886403 0.000000
vt 0.966820 -0.014111 0.000000
vt 0.670509 0.000000 0.000000
vt 0.644557 1.000000 0.000000
vt 0.796929 1.246892 0.000000
vt 0.886097 0.228876 0.000000
vt 0.575700 0.000000 0.000000
vt 0.494233 1.000000 0.000000
vt 0.560383 0.155950 0.000000
vt 0.209240 1.013079 0.000000
vt 0.505767 1.000000 0.000000
vt 0.567456 0.000000 0.000000
vt 0.564928 0.017784 0.000000
vt 0.567399 0.003318 0.000000
vt 0.437500 0.250000 0.000000
vt 0.437500 0.049664 0.000000
vt 0.015451 -0.273101 0.000000
vt -0.016846 0.748515 0.000000
vt 0.303971 1.000000 0.000000
vt 0.329491 0.000000 0.000000
vt 0.672133 1.130429 0.000000
vt 0.889579 -0.564937 0.000000
vt 0.644557 0.000000 0.000000
vt 0.670509 1.000000 0.000000
vt 0.349914 -0.140695 0.000000
vt 0.285838 1.785345 0.000000
vt 0.403721 1.000000 0.000000
vt 0.355443 0.000000 0.000000
vt 0.506309 0.035768 0.000000
vt 0.358376 1.696453 0.000000
vt 0.469284 1.000000 0.000000
vt 0.502427 0.000000 0.000000
vt 0.500000 0.250000 0.000000
vt 0.500000 0.049664 0.000000
vt 0.884975 0.760518 0.000000
vt 0.795674 -0.258451 0.000000
vt 0.494233 0.000000 0.000000
vt 0.575700 1.000000 0.000000
vt 0.426131 0.891710 0.000000
vt 0.659570 -0.476858 0.000000
vt 0.432544 0.000000 0.000000
vt 0.427148 1.000000 0.000000
vt 0.534953 0.047458 0.000000
vt 0.450270 1.694483 0.000000
vt 0.572852 1.000000 0.000000
vt 0.530716 0.000000 0.000000
vt 0.466942 1.012501 0.000000
vt 0.665588 0.004341 0.000000
vt 0.576771 1.011734 0.000000
vt 0.567777 0.999225 0.000000
vt 0.645148 1.011956 0.000000
vt 0.562500 0.250000 0.000000
vt 0.562500 0.049664 0.000000
vt 0.041082 0.197436 0.000000
vt 0.073593 1.192202 0.000000
vt 0.424300 1.000000 0.000000
vt 0.401756 0.042300 0.000000
vt 0.603128 1.107078 0.000000
vt 0.565985 -0.710229 0.000000
vt 0.596279 1.000000 0.000000
vt 0.334412 0.004341 0.000000
vt 0.463764 1.697529 0.000000
vt 0.497760 0.018282 0.000000
vt 0.498199 0.004203 0.000000
vt 0.625000 0.250000 0.000000
vt 0.625000 0.049664 0.000000
vt 1.028062 1.210259 0.000000
vt 1.153952 0.273854 0.000000
vt 1.000000 0.276324 0.000000
vt 0.696029 1.000000 0.000000
vt 0.292973 0.015858 0.000000
vt 0.274261 0.000250 0.000000
vt 0.687500 0.250000 0.000000
vt 0.687500 0.049664 0.000000
vt 1.135072 -0.061361 0.000000
vt 0.092812 -0.080200 0.000000
vt 0.000000 0.255992 0.000000
vt 0.221166 0.014355 0.000000
vt 0.207248 0.014275 0.000000
vt 0.146682 0.019946 0.000000
vt 0.136576 0.019809 0.000000
vt 0.091353 0.025966 0.000000
vt 0.087416 0.023641 0.000000
vt 0.750000 0.250000 0.000000
vt 0.750000 0.049664 0.000000
vt 0.117377 1.010763 0.000000
vt 1.154135 0.973972 0.000000
vt 1.000000 0.640544 0.000000
vt 0.000000 0.677703 0.000000
vt 0.039735 0.027612 0.000000
vt 0.023589 0.020827 0.000000
vt 0.189557 0.018382 0.000000
vt 0.318986 0.005221 0.000000
vt 0.696810 0.983492 0.000000
vt 0.631181 0.983541 0.000000
vt 0.812500 0.250000 0.000000
vt 0.812500 0.049664 0.000000
vt 1.046300 -0.078026 0.000000
vt -0.000973 -0.084121 0.000000
vt 0.000000 0.248782 0.000000
vt 1.000000 0.255992 0.000000
vt 0.565340 0.983540 0.000000
vt 0.499749 0.983515 0.000000
vt 0.499535 0.998962 0.000000
vt 0.434224 0.983499 0.000000
vt 0.432859 0.999255 0.000000
vt 0.875000 0.250000 0.000000
vt 0.875000 0.049664 0.000000
vt 0.039538 1.021985 0.000000
vt 1.079811 1.010396 0.000000
vt 1.000000 0.677703 0.000000
vt 0.000000 0.689468 0.000000
vt 0.368567 0.983493 0.000000
vt 0.362866 0.999776 0.000000
vt 0.304329 0.983777 0.000000
vt 0.295623 1.001078 0.000000
vt 0.504536 1.012175 0.000000
vt 0.572087 1.012264 0.000000
vt 0.937500 0.250000 0.000000
vt 0.937500 0.049664 0.000000
vt 1.039512 -0.011289 0.000000
vt -0.000182 -0.022312 0.000000
vt 0.000000 0.310532 0.000000
vt 0.239719 0.983651 0.000000
vt 0.237863 1.003724 0.000000
vt 1.000000 0.250000 0.000000
vt 1.000000 0.049664 0.000000
vt 0.046107 1.083989 0.000000
vt 1.093262 1.077125 0.000000
vt 1.000000 0.744008 0.000000
vt 0.000000 0.751218 0.000000
vt 0.053109 0.973527 0.000000
vt 0.070566 0.986478 0.000000
vt -0.004202 0.972629 0.000000
vt -0.008802 0.983641 0.000000
vt 0.431890 1.012526 0.000000
vt 0.499141 1.012278 0.000000
vt 0.358817 1.012596 0.000000
vt 0.426442 1.012125 0.000000
vt 0.287365 1.012118 0.000000
vt 0.354031 1.011798 0.000000
vt 0.717293 1.010913 0.000000
vt 0.780429 1.010504 0.000000
vt 0.220802 1.010863 0.000000
vt 0.284088 1.011294 0.000000
vt 0.152916 0.986855 0.000000
vt 0.240469 1.013861 0.000000
vt 0.096507 0.986606 0.000000
vt 0.216766 0.996305 0.000000
vt 0.041379 0.985450 0.000000
vt 0.141154 0.987085 0.000000
vt -0.009269 0.983661 0.000000
vt 0.076205 0.986953 0.000000
vt 0.846118 0.989923 0.000000
vt 0.912824 1.000329 0.000000
vt 0.787540 0.990124 0.000000
vt 0.847928 1.006221 0.000000
vt 0.902178 0.988701 0.000000
vt 0.966342 0.992772 0.000000
vt 0.947205 0.983465 0.000000
vt 1.033178 0.991544 0.000000
vt 0.044450 0.023777 0.000000
vt 0.089909 0.025621 0.000000
vt 0.020834 0.020642 0.000000
vt 0.136581 0.025760 0.000000
vt 0.057215 0.017447 0.000000
vt 0.198336 0.024072 0.000000
vt 0.094320 0.003580 0.000000
vt 0.250187 -0.013605 0.000000
vt 0.173993 -0.013406 0.000000
vt 0.330503 -0.013826 0.000000
vt 0.252182 -0.014274 0.000000
vt 0.410382 -0.014570 0.000000
vt 0.336019 -0.015069 0.000000
vt 0.490752 -0.015519 0.000000
vt 0.418566 -0.015538 0.000000
vt 0.572155 -0.016214 0.000000
vt 0.500392 -0.015719 0.000000
vt 0.655771 -0.016498 0.000000
vt 0.581827 -0.015495 0.000000
vt 0.741616 -0.016084 0.000000
vt 0.664044 -0.015036 0.000000
vt 0.823532 -0.014406 0.000000
vt 0.747177 -0.014461 0.000000
vt 0.865177 0.028887 0.000000
vt 0.767770 -0.023736 0.000000
vt 0.914847 0.026158 0.000000
vt 0.750671 0.016232 0.000000
vt 0.947198 0.024112 0.000000
vt 0.859540 0.026880 0.000000
vt 0.917468 0.024323 0.000000
vt 0.000000 0.948116 0.000000
vt 0.000000 0.500000 0.000000
vt 0.062500 0.500000 0.000000
vt 0.937500 0.750000 0.000000
vt 1.000000 0.750000 0.000000
vt 0.125000 0.500000 0.000000
vt 0.937500 0.500000 0.000000
vt 1.000000 0.500000 0.000000
vt 0.187500 0.500000 0.000000
vt 0.250000 0.500000 0.000000
vt 0.312500 0.500000 0.000000
vt 0.375000 0.500000 0.000000
vt 0.437500 0.500000 0.000000
vt 0.875000 0.750000 0.000000
vt 0.500000 0.500000 0.000000
vt 0.875000 0.500000 0.000000
vt 0.562500 0.500000 0.000000
vt 0.625000 0.500000 0.000000
vt 0.687500 0.500000 0.000000
vt 0.750000 0.500000 0.000000
vt 0.750000 0.750000 0.000000
vt 0.812500 0.750000 0.000000
vt 0.812500 0.500000 0.000000
vt 0.000000 0.750000 0.000000
vt 0.062500 0.750000 0.000000
vt 0.125000 0.750000 0.000000
vt 0.187500 0.750000 0.000000
vt 0.250000 0.750000 0.000000
vt 0.312500 0.750000 0.000000
vt 0.687500 0.750000 0.000000
vt 0.375000 0.750000 0.000000
vt 0.437500 0.750000 0.000000
vt 0.500000 0.750000 0.000000
vt 0.562500 0.750000 0.000000
vt 0.625000 0.750000 0.000000
vt 0.000000 1.000000 0.000000
vt 0.038060 0.691342 0.000000
vt 0.062500 0.000000 0.000000
vt 0.062500 1.000000 0.000000
vt 0.961940 0.691342 0.000000
vt 0.146447 0.853553 0.000000
vt 0.125000 0.000000 0.000000
vt 0.125000 1.000000 0.000000
vt 0.853553 0.853553 0.000000
vt 0.308658 0.961940 0.000000
vt 0.187500 0.000000 0.000000
vt 0.187500 1.000000 0.000000
vt 0.691342 0.961940 0.000000
vt 0.500000 1.000000 0.000000
vt 0.250000 0.000000 0.000000
vt 0.250000 1.000000 0.000000
vt 0.312500 0.000000 0.000000
vt 0.312500 1.000000 0.000000
vt 0.375000 0.000000 0.000000
vt 0.375000 1.000000 0.000000
vt 0.437500 0.000000 0.000000
vt 0.437500 1.000000 0.000000
vt 0.500000 0.000000 0.000000
vt 0.961940 0.308658 0.000000
vt 0.562500 0.000000 0.000000
vt 0.562500 1.000000 0.000000
vt 0.038060 0.308658 0.000000
vt 0.853553 0.146447 0.000000
vt 0.625000 0.000000 0.000000
vt 0.625000 1.000000 0.000000
vt 0.146447 0.146447 0.000000
vt 0.691342 0.038060 0.000000
vt 0.687500 0.000000 0.000000
vt 0.687500 1.000000 0.000000
vt 0.308658 0.038060 0.000000
vt 0.750000 0.000000 0.000000
vt 0.750000 1.000000 0.000000
vt 0.812500 0.000000 0.000000
vt 0.812500 1.000000 0.000000
vt 0.875000 0.000000 0.000000
vt 0.875000 1.000000 0.000000
vt 0.937500 0.000000 0.000000
vt 0.937500 1.000000 0.000000
# 381 texture coordinates

o Pegboard_Insert
usemtl default
f 139/15/10 159/16/10 165/4/1 169/3/2 173/6/4 177/10/7 195/12/8 197/14/9 199/13/9 201/11/8 203/9/7 205/8/6 207/7/5 209/5/3 99/2/2 119/1/1
f 132/20/14 107/19/13 544/18/12 539/17/11
f 731/24/18 736/23/17 706/22/16 701/21/15
f 44/28/22 347/27/21 342/26/20 39/25/19
f 189/32/26 9/31/25 4/30/24 193/29/23
f 233/36/30 229/35/29 230/34/28 234/33/27
f 104/40/34 180/39/33 179/38/32 94/37/31
f 89/42/36 104/40/34 94/37/31 73/41/35
f 71/35/40 81/45/39 77/44/38 67/43/37
f 740/49/44 720/48/43 123/47/42 148/46/41
f 185/51/46 14/50/45 9/31/25 189/32/26
f 11/35/50 227/54/49 228/53/48 82/52/47
f 170/58/54 167/57/53 166/56/52 168/55/51
f 222/62/58 172/61/57 171/60/56 220/59/55
f 68/64/60 89/42/36 73/41/35 63/63/59
f 589/68/64 586/67/63 112/66/62 579/65/61
f 181/70/66 19/69/65 14/50/45 185/51/46
f 227/74/49 15/73/68 10/72/67 228/71/48
f 61/76/70 222/62/58 220/59/55 57/75/69
f 183/47/74 178/46/73 176/78/72 182/77/71
f 53/80/76 68/64/60 63/63/59 48/79/75
f 424/47/80 419/46/79 417/78/78 423/77/77
f 78/82/82 24/81/81 19/69/65 181/70/66
f 235/86/84 233/85/30 234/84/27 236/83/83
f 214/49/88 218/48/87 216/88/86 212/87/85
f 22/92/90 214/91/88 212/90/85 21/89/89
f 43/94/92 53/80/76 48/79/75 33/93/91
f 337/28/94 34/27/93 39/26/19 342/25/20
f 58/96/96 29/95/95 24/81/81 78/82/82
f 239/100/98 235/99/84 236/98/83 240/97/97
f 178/104/73 175/103/100 174/102/99 176/101/72
f 218/108/87 226/107/102 224/106/101 216/105/86
f 28/110/104 43/94/92 33/93/91 23/109/103
f 278/36/108 298/35/107 293/34/106 273/33/105
f 38/112/109 34/111/93 29/95/95 58/96/96
f 15/116/68 5/115/111 47/114/110 10/113/67
f 186/120/113 183/119/74 182/118/71 184/117/112
f 191/124/115 186/123/113 184/122/112 190/121/114
f 13/126/117 28/110/104 23/109/103 8/125/116
f 386/35/121 308/54/120 303/53/119 381/52/118
f 18/128/122 39/127/19 34/111/93 38/112/109
f 5/132/111 12/131/124 7/130/123 47/129/110
f 226/136/102 56/135/126 6/134/125 224/133/101
f 56/140/126 66/139/128 62/138/127 6/137/125
f 81/144/39 11/143/50 82/142/47 77/141/38
f 148/104/41 532/103/130 534/92/129 740/91/44
f 225/146/131 44/145/22 39/127/19 18/128/122
f 241/150/133 239/149/98 240/148/97 80/147/132
f 194/154/135 191/153/115 190/152/114 192/151/134
f 202/158/137 194/157/135 192/156/134 200/155/136
f 229/143/29 206/144/139 204/160/138 230/159/28
f 579/163/61 112/66/62 162/162/141 559/161/140
f 223/165/143 49/164/142 44/145/22 225/146/131
f 65/169/145 241/168/133 80/167/132 60/166/144
f 66/172/128 71/158/40 67/171/37 62/170/127
f 206/45/139 202/35/137 200/174/136 204/173/138
f 3/176/147 13/126/117 8/125/116 1/175/146
f 292/49/151 272/48/150 282/88/149 302/87/148
f 221/178/153 54/177/152 49/164/142 223/165/143
f 12/182/124 2/181/155 52/180/154 7/179/123
f 231/23/157 3/176/147 1/175/146 232/24/156
f 237/22/159 231/23/157 232/24/156 238/21/158
f 75/184/161 237/22/159 238/21/158 70/183/160
f 34/28/93 337/27/94 332/26/162 29/25/95
f 219/186/164 59/185/163 54/177/152 221/178/153
f 2/181/155 41/189/166 36/188/165 52/187/154
f 45/191/168 75/184/161 70/183/160 40/190/167
f 210/193/170 45/191/168 40/190/167 208/192/169
f 198/195/172 210/193/170 208/192/169 196/194/171
f 308/74/120 90/73/174 85/72/173 303/71/119
f 217/197/176 64/196/175 59/185/163 219/186/164
f 55/201/178 65/200/145 60/199/144 50/198/177
f 188/203/180 198/195/172 196/194/171 187/202/179
f 180/205/33 188/203/180 187/202/179 179/204/32
f 164/67/184 154/66/183 149/207/182 163/206/181
f 108/120/186 123/119/42 720/108/43 761/107/185
f 215/209/188 69/208/187 64/196/175 217/197/176
f 41/213/166 32/212/190 31/211/189 36/210/165
f 154/66/183 144/162/192 134/214/191 149/207/182
f 144/162/192 129/216/194 124/215/193 134/214/191
f 129/216/194 114/218/196 109/217/195 124/215/193
f 761/136/185 774/135/198 84/124/197 108/123/186
f 213/220/200 74/219/199 69/208/187 215/209/188
f 35/224/202 55/223/178 50/222/177 30/221/201
f 114/218/196 25/226/204 20/225/203 109/217/195
f 25/226/204 42/228/206 37/227/205 20/225/203
f 167/57/53 164/67/184 163/206/181 166/56/52
f 559/230/140 162/162/141 605/216/208 549/229/207
f 211/232/210 79/231/209 74/219/199 213/220/200
f 175/103/100 35/235/202 30/234/201 174/233/99
f 42/228/206 51/237/212 46/236/211 37/227/205
f 51/237/212 27/18/214 26/17/213 46/236/211
f 27/18/214 17/19/216 16/20/215 26/17/213
f 86/92/218 292/91/151 302/90/148 401/89/217
f 193/239/23 4/238/24 79/231/209 211/232/210
f 32/243/190 22/242/90 21/241/89 31/240/189
f 17/19/216 76/245/220 72/244/219 16/20/215
f 76/245/220 61/247/70 57/246/69 72/244/219
f 172/61/57 170/58/54 168/55/51 171/60/56
f 268/86/222 278/85/108 273/84/105 263/83/221
f 49/28/142 352/27/223 347/26/21 44/25/22
f 419/104/79 416/103/225 415/102/224 417/101/78
f 549/249/207 605/216/208 803/218/227 606/248/226
f 759/154/229 84/153/197 774/140/198 794/139/228
f 606/251/226 803/218/227 548/226/231 750/250/230
f 248/100/233 268/99/222 263/98/221 243/97/232
f 352/28/223 49/27/142 54/26/152 357/25/234
f 272/108/150 313/107/236 323/106/235 282/105/149
f 750/253/230 548/226/231 604/228/238 730/252/237
f 794/172/228 804/158/240 719/158/239 759/157/229
f 427/120/242 424/119/80 423/118/77 425/117/241
f 90/116/174 83/115/244 161/114/243 85/113/173
f 357/28/234 54/27/152 59/26/163 362/25/245
f 432/124/247 427/123/242 425/122/241 431/121/246
f 609/255/249 571/57/248 586/67/63 589/254/64
f 804/35/250 575/45/250 699/45/250 719/35/250
f 64/28/175 367/27/251 362/26/245 59/25/163
f 83/132/244 146/131/253 141/130/252 161/129/243
f 367/28/251 64/27/175 69/26/187 372/25/254
f 313/136/236 326/135/256 324/134/255 323/133/235
f 730/257/237 604/228/238 574/237/258 771/256/257
f 746/143/250 699/144/250 575/144/250 157/143/250
f 160/150/260 248/149/233 243/148/232 155/147/259
f 140/169/262 160/168/260 155/167/259 135/166/261
f 74/28/199 377/27/263 372/26/254 69/25/187
f 326/140/256 346/139/265 341/138/264 324/137/255
f 771/259/257 574/237/258 544/18/12 772/258/266
f 157/35/270 756/54/269 726/36/268 746/35/267
f 716/86/272 726/85/268 756/74/269 538/73/271
f 146/182/253 136/181/274 131/180/273 141/179/252
f 377/28/263 74/27/199 79/26/209 382/25/275
f 435/154/277 432/153/247 431/152/246 433/151/276
f 772/261/266 544/18/12 107/19/13 789/260/278
f 538/116/271 531/115/280 696/100/279 716/99/272
f 789/263/278 107/19/13 814/245/282 799/262/281
f 136/181/274 116/189/284 111/188/283 131/187/273
f 4/28/24 387/27/285 382/26/275 79/25/209
f 443/158/287 435/157/277 433/156/276 441/155/286
f 799/265/281 814/245/282 784/247/289 600/264/288
f 608/150/291 696/149/279 531/132/280 594/131/290
f 346/172/265 356/158/293 351/171/292 341/170/264
f 130/201/295 140/200/262 135/199/261 125/198/294
f 387/28/285 4/27/24 9/26/25 392/25/296
f 447/45/298 443/35/287 441/174/286 445/173/297
f 751/267/302 546/61/301 556/58/300 533/266/299
f 594/182/290 584/181/304 588/169/303 608/168/291
f 29/28/95 332/27/162 327/26/305 24/25/81
f 116/213/284 106/212/307 101/211/306 111/210/283
f 402/28/308 19/27/65 24/26/81 327/25/305
f 356/35/293 376/45/310 371/44/309 351/43/292
f 533/269/299 556/58/300 571/57/248 609/268/249
f 588/200/303 584/181/304 564/189/312 578/201/311
f 110/224/314 130/223/295 125/222/294 105/221/313
f 416/103/225 110/235/314 105/234/313 415/233/224
f 19/28/65 402/27/308 397/26/315 14/25/45
f 376/144/310 386/143/121 381/142/118 371/141/309
f 550/271/317 700/62/316 546/61/301 751/270/302
f 578/223/311 564/213/312 554/212/319 558/224/318
f 534/242/129 532/103/130 558/235/318 554/243/319
f 106/243/307 86/242/218 401/241/217 101/240/306
f 14/28/45 397/27/315 392/26/296 9/25/25
f 298/143/107 447/144/298 445/160/297 293/159/106
f 600/273/288 784/76/289 700/62/316 550/272/317
f 35/235/202 175/103/100 22/242/90 32/243/190
f 32/212/190 41/213/166 55/223/178 35/224/202
f 41/189/166 2/181/155 65/200/145 55/201/178
f 65/169/145 2/181/155 12/182/124 241/168/133
f 5/132/111 239/149/98 241/150/133 12/131/124
f 239/100/98 5/115/111 15/116/68 235/99/84
f 227/74/49 233/85/30 235/86/84 15/73/68
f 233/36/30 227/54/49 11/35/50 229/35/29
f 81/144/250 206/144/250 229/143/250 11/143/250
f 206/45/250 81/45/250 71/35/250 202/35/250
f 202/158/137 71/158/40 66/172/128 194/157/135
f 56/140/126 191/153/115 194/154/135 66/139/128
f 191/124/115 56/135/126 226/136/102 186/123/113
f 218/108/87 183/119/74 186/120/113 226/107/102
f 22/92/90 175/103/100 178/104/73 214/91/88
f 183/47/74 218/48/87 214/49/88 178/46/73
f 222/62/58 61/76/70 77/273/38 82/272/47
f 172/61/57 222/62/58 82/271/47 228/270/48
f 167/57/53 170/58/54 10/269/67 47/268/110
f 170/58/54 172/61/57 228/267/48 10/266/67
f 61/247/70 76/245/220 67/265/37 77/264/38
f 76/245/220 17/19/216 62/263/127 67/262/37
f 17/19/216 27/18/214 6/261/125 62/260/127
f 27/18/214 51/237/212 224/259/101 6/258/125
f 51/237/212 42/228/206 216/257/86 224/256/101
f 164/67/184 167/57/53 47/255/110 7/254/123
f 42/228/206 25/226/204 212/253/85 216/252/86
f 25/226/204 114/218/196 21/251/89 212/250/85
f 114/218/196 129/216/194 31/249/189 21/248/89
f 129/216/194 144/162/192 36/230/165 31/229/189
f 144/162/192 154/66/183 52/163/154 36/161/165
f 154/66/183 164/67/184 7/68/123 52/65/154
f 188/203/180 180/205/33 204/173/138 200/274/136
f 198/195/172 188/203/180 200/276/136 192/275/134
f 210/193/170 198/195/172 192/278/134 190/277/114
f 45/191/168 210/193/170 190/280/114 184/279/112
f 75/184/161 45/191/168 184/282/112 182/281/71
f 237/22/159 75/184/161 182/284/71 176/283/72
f 231/23/157 237/22/159 176/286/72 174/285/99
f 3/176/147 231/23/157 174/288/99 30/287/201
f 13/126/117 3/176/147 30/290/201 50/289/177
f 28/110/104 13/126/117 50/292/177 60/291/144
f 43/94/92 28/110/104 60/294/144 80/293/132
f 53/80/76 43/94/92 80/296/132 240/295/97
f 68/64/60 53/80/76 240/298/97 236/297/83
f 89/42/36 68/64/60 236/300/83 234/299/27
f 104/40/34 89/42/36 234/302/27 230/301/28
f 180/39/33 104/40/34 230/303/28 204/160/138
f 177/10/321 173/6/320 57/75/69 220/59/55
f 195/12/322 177/10/321 220/59/55 171/60/56
f 199/13/324 197/14/323 168/55/51 166/56/52
f 197/14/323 195/12/322 171/60/56 168/55/51
f 173/304/320 169/3/325 72/244/219 57/246/69
f 169/3/325 165/4/326 16/20/215 72/244/219
f 165/4/326 159/16/327 26/17/213 16/20/215
f 159/16/327 139/15/328 46/236/211 26/17/213
f 139/15/328 119/1/329 37/227/205 46/236/211
f 201/11/330 199/13/324 166/56/52 163/206/181
f 119/1/329 99/2/331 20/225/203 37/227/205
f 99/2/331 209/5/332 109/217/195 20/225/203
f 209/5/332 207/7/333 124/215/193 109/217/195
f 207/7/333 205/8/334 134/214/191 124/215/193
f 205/8/334 203/9/335 149/207/182 134/214/191
f 203/9/335 201/11/330 163/206/181 149/207/182
f 189/32/26 193/29/23 179/204/32 187/202/179
f 185/51/46 189/32/26 187/202/179 196/194/171
f 181/70/66 185/51/46 196/194/171 208/192/169
f 78/82/82 181/70/66 208/192/169 40/190/167
f 58/96/96 78/82/82 40/190/167 70/183/160
f 38/112/109 58/96/96 70/183/160 238/21/158
f 18/128/122 38/112/109 238/21/158 232/24/156
f 225/146/131 18/128/122 232/24/156 1/175/146
f 223/165/143 225/146/131 1/175/146 8/125/116
f 221/178/153 223/165/143 8/125/116 23/109/103
f 219/186/164 221/178/153 23/109/103 33/93/91
f 217/197/176 219/186/164 33/93/91 48/79/75
f 215/209/188 217/197/176 48/79/75 63/63/59
f 213/220/200 215/209/188 63/63/59 73/41/35
f 211/232/210 213/220/200 73/41/35 94/37/31
f 193/239/23 211/232/210 94/37/31 179/38/32
f 345/40/339 421/39/338 420/38/337 335/37/336
f 430/32/343 250/31/342 245/30/341 434/29/340
f 250/31/342 251/306/345 246/305/344 245/30/341
f 421/39/338 345/40/339 293/303/106 445/160/297
f 434/239/340 307/232/346 335/37/336 420/38/337
f 444/9/350 442/11/349 404/206/348 390/207/347
f 329/308/354 414/6/353 418/10/352 325/307/351
f 426/51/356 255/50/355 250/31/342 430/32/343
f 255/50/355 256/309/357 251/306/345 250/31/342
f 345/40/339 330/42/358 273/302/105 293/301/106
f 307/232/346 297/220/360 314/41/359 335/37/336
f 446/8/362 444/9/350 390/207/347 375/214/361
f 328/311/364 329/308/354 325/307/351 403/310/363
f 422/70/366 260/69/365 255/50/355 426/51/356
f 260/69/365 261/312/367 256/309/357 255/50/355
f 330/42/358 309/64/368 263/300/221 273/299/105
f 297/220/360 287/209/370 304/63/369 314/41/359
f 448/7/372 446/8/362 375/214/361 365/215/371
f 327/238/305 328/311/364 403/310/363 402/231/308
f 319/82/374 265/81/373 260/69/365 422/70/366
f 265/81/373 266/313/375 261/312/367 260/69/365
f 309/64/368 294/80/376 243/298/232 263/297/221
f 287/209/370 277/197/378 289/79/377 304/63/369
f 317/5/380 448/7/372 365/215/371 350/217/379
f 330/42/358 345/40/339 335/37/336 314/41/359
f 299/96/382 270/95/381 265/81/373 319/82/374
f 270/95/381 271/314/383 266/313/375 265/81/373
f 294/80/376 284/94/384 155/296/259 243/295/232
f 277/197/378 267/186/386 274/93/385 289/79/377
f 340/2/388 317/5/380 350/217/379 95/225/387
f 405/67/390 395/66/389 390/207/347 404/206/348
f 279/112/392 275/111/391 270/95/381 299/96/382
f 275/111/391 276/315/393 271/314/383 270/95/381
f 284/94/384 269/110/394 135/294/261 155/293/259
f 267/186/386 257/178/396 264/109/395 274/93/385
f 360/1/398 340/2/388 95/225/387 151/227/397
f 395/66/389 385/162/399 375/214/361 390/207/347
f 259/128/401 280/127/400 275/111/391 279/112/392
f 280/127/400 281/316/402 276/315/393 275/111/391
f 269/110/394 254/126/403 125/292/294 135/291/261
f 257/178/396 247/165/405 249/125/404 264/109/395
f 442/11/349 440/13/407 407/56/406 404/206/348
f 325/307/351 418/10/352 436/12/409 399/317/408
f 318/146/411 285/145/410 280/127/400 259/128/401
f 285/145/410 286/318/412 281/316/402 280/127/400
f 254/126/403 244/176/413 105/290/313 125/289/294
f 247/165/405 318/146/411 242/175/414 249/125/404
f 380/15/416 360/1/398 151/227/397 121/236/415
f 403/310/363 325/307/351 399/317/408 398/319/417
f 247/165/405 290/164/418 285/145/410 318/146/411
f 290/164/418 291/320/419 286/318/412 285/145/410
f 244/176/413 288/23/420 415/288/224 105/287/313
f 318/146/411 259/128/401 283/24/421 242/175/414
f 400/16/423 380/15/416 121/236/415 91/17/422
f 402/231/308 403/310/363 398/319/417 397/219/315
f 257/178/396 295/177/424 290/164/418 247/165/405
f 295/177/424 296/321/425 291/320/419 290/164/418
f 288/23/420 258/22/426 417/286/78 415/285/224
f 259/128/401 279/112/392 253/21/427 283/24/421
f 406/4/429 400/16/423 91/17/422 391/20/428
f 309/64/368 330/42/358 314/41/359 304/63/369
f 267/186/386 300/185/430 295/177/424 257/178/396
f 300/185/430 301/322/431 296/321/425 295/177/424
f 258/22/426 150/184/432 423/284/77 417/283/78
f 279/112/392 299/96/382 145/183/433 253/21/427
f 410/3/435 406/4/429 391/20/428 361/244/434
f 385/162/399 370/216/436 365/215/371 375/214/361
f 277/197/378 305/196/437 300/185/430 267/186/386
f 305/196/437 306/323/438 301/322/431 300/185/430
f 150/184/432 120/191/439 425/282/241 423/281/77
f 299/96/382 319/82/374 115/190/440 145/183/433
f 414/304/353 410/3/435 361/244/434 331/246/441
f 394/325/444 438/14/443 440/13/407 389/324/442
f 287/209/370 310/208/445 305/196/437 277/197/378
f 310/208/445 311/326/446 306/323/438 305/196/437
f 120/191/439 312/193/447 431/280/246 425/279/241
f 319/82/374 422/70/366 322/192/448 115/190/440
f 438/14/443 436/12/409 412/60/450 409/55/449
f 399/317/408 436/12/409 438/14/443 394/325/444
f 297/220/360 315/219/451 310/208/445 287/209/370
f 315/219/451 316/319/452 311/326/446 310/208/445
f 312/193/447 439/195/453 433/278/276 431/277/246
f 422/70/366 426/51/356 437/194/454 322/192/448
f 440/13/407 438/14/443 409/55/449 407/56/406
f 398/319/417 399/317/408 394/325/444 393/326/455
f 307/232/346 320/231/456 315/219/451 297/220/360
f 320/231/456 321/310/457 316/319/452 315/219/451
f 439/195/453 429/203/458 441/276/286 433/275/276
f 426/51/356 430/32/343 428/202/459 437/194/454
f 436/12/409 418/10/352 262/59/460 412/60/450
f 397/219/315 398/319/417 393/326/455 392/208/296
f 434/239/340 245/238/341 320/231/456 307/232/346
f 245/238/341 246/311/344 321/310/457 320/231/456
f 429/203/458 421/205/338 445/173/297 441/274/286
f 430/32/343 434/29/340 420/204/337 428/202/459
f 418/10/352 414/6/353 331/75/441 262/59/460
f 370/216/436 355/218/461 350/217/379 365/215/371
f 294/80/376 309/64/368 304/63/369 289/79/377
f 332/31/162 333/306/462 328/305/364 327/30/305
f 333/306/462 334/328/463 329/327/354 328/305/364
f 334/328/463 410/3/435 414/304/353 329/327/354
f 393/326/455 394/325/444 389/324/442 388/323/464
f 355/218/461 100/226/465 95/225/387 350/217/379
f 284/94/384 294/80/376 289/79/377 274/93/385
f 337/50/94 338/309/466 333/306/462 332/31/162
f 338/309/466 339/329/467 334/328/463 333/306/462
f 339/329/467 406/4/429 410/3/435 334/328/463
f 392/208/296 393/326/455 388/323/464 387/196/285
f 100/226/465 156/228/468 151/227/397 95/225/387
f 269/110/394 284/94/384 274/93/385 264/109/395
f 342/69/20 343/312/469 338/309/466 337/50/94
f 343/312/469 344/330/470 339/329/467 338/309/466
f 344/330/470 400/16/423 406/4/429 339/329/467
f 254/126/403 269/110/394 264/109/395 249/125/404
f 408/57/471 405/67/390 404/206/348 407/56/406
f 244/176/413 254/126/403 249/125/404 242/175/414
f 347/81/21 348/313/472 343/312/469 342/69/20
f 348/313/472 349/331/473 344/330/470 343/312/469
f 349/331/473 380/15/416 400/16/423 344/330/470
f 156/228/468 126/237/474 121/236/415 151/227/397
f 126/237/474 96/18/475 91/17/422 121/236/415
f 288/23/420 244/176/413 242/175/414 283/24/421
f 352/95/223 353/314/476 348/313/472 347/81/21
f 353/314/476 354/332/477 349/331/473 348/313/472
f 354/332/477 360/1/398 380/15/416 349/331/473
f 389/324/442 440/13/407 442/11/349 384/333/478
f 96/18/475 396/19/479 391/20/428 91/17/422
f 258/22/426 288/23/420 283/24/421 253/21/427
f 357/111/234 358/315/480 353/314/476 352/95/223
f 358/315/480 359/334/481 354/332/477 353/314/476
f 359/334/481 340/2/388 360/1/398 354/332/477
f 388/323/464 389/324/442 384/333/478 383/322/482
f 396/19/479 366/245/483 361/244/434 391/20/428
f 150/184/432 258/22/426 253/21/427 145/183/433
f 362/127/245 363/316/484 358/315/480 357/111/234
f 363/316/484 364/335/485 359/334/481 358/315/480
f 364/335/485 317/5/380 340/2/388 359/334/481
f 387/196/285 388/323/464 383/322/482 382/185/275
f 366/245/483 336/247/486 331/246/441 361/244/434
f 120/191/439 150/184/432 145/183/433 115/190/440
f 367/145/251 368/318/487 363/316/484 362/127/245
f 368/318/487 369/336/488 364/335/485 363/316/484
f 369/336/488 448/7/372 317/5/380 364/335/485
f 312/193/447 120/191/439 115/190/440 322/192/448
f 413/61/490 411/58/489 409/55/449 412/60/450
f 439/195/453 312/193/447 322/192/448 437/194/454
f 372/164/254 373/320/491 368/318/487 367/145/251
f 373/320/491 374/337/492 369/336/488 368/318/487
f 374/337/492 446/8/362 448/7/372 369/336/488
f 411/58/489 408/57/471 407/56/406 409/55/449
f 252/62/493 413/61/490 412/60/450 262/59/460
f 429/203/458 439/195/453 437/194/454 428/202/459
f 377/177/263 378/321/494 373/320/491 372/164/254
f 378/321/494 379/338/495 374/337/492 373/320/491
f 379/338/495 444/9/350 446/8/362 374/337/492
f 384/333/478 442/11/349 444/9/350 379/338/495
f 336/76/486 252/62/493 262/59/460 331/75/441
f 421/205/338 429/203/458 428/202/459 420/204/337
f 382/185/275 383/322/482 378/321/494 377/177/263
f 383/322/482 384/333/478 379/338/495 378/321/494
f 110/235/314 416/103/225 86/242/218 106/243/307
f 106/212/307 116/213/284 130/223/295 110/224/314
f 116/189/284 136/181/274 140/200/262 130/201/295
f 140/169/262 136/181/274 146/182/253 160/168/260
f 83/132/244 248/149/233 160/150/260 146/131/253
f 248/100/233 83/115/244 90/116/174 268/99/222
f 308/74/120 278/85/108 268/86/222 90/73/174
f 278/36/108 308/54/120 386/35/121 298/35/107
f 376/144/250 447/144/250 298/143/250 386/143/250
f 447/45/250 376/45/250 356/35/250 443/35/250
f 443/158/287 356/158/293 346/172/265 435/157/277
f 326/140/256 432/153/247 435/154/277 346/139/265
f 432/124/247 326/135/256 313/136/236 427/123/242
f 272/108/150 424/119/80 427/120/242 313/107/236
f 86/92/218 416/103/225 419/104/79 292/91/151
f 424/47/80 272/48/150 292/49/151 419/46/79
f 252/62/493 336/76/486 371/273/309 381/272/118
f 413/61/490 252/62/493 381/271/118 303/270/119
f 408/57/471 411/58/489 85/269/173 161/268/243
f 411/58/489 413/61/490 303/267/119 85/266/173
f 336/247/486 366/245/483 351/265/292 371/264/309
f 366/245/483 396/19/479 341/263/264 351/262/292
f 396/19/479 96/18/475 324/261/255 341/260/264
f 96/18/475 126/237/474 323/259/235 324/258/255
f 126/237/474 156/228/468 282/257/149 323/256/235
f 405/67/390 408/57/471 161/255/243 141/254/252
f 156/228/468 100/226/465 302/253/148 282/252/149
f 100/226/465 355/218/461 401/251/217 302/250/148
f 355/218/461 370/216/436 101/249/306 401/248/217
f 370/216/436 385/162/399 111/230/283 101/229/306
f 385/162/399 395/66/389 131/163/273 111/161/283
f 395/66/389 405/67/390 141/68/252 131/65/273
f 790/26/499 795/27/498 492/28/497 487/25/496
f 452/30/502 457/31/501 637/32/500 641/29/23
f 678/34/136 677/35/137 681/36/504 682/33/503
f 627/38/32 628/39/505 552/40/180 542/37/179
f 542/37/179 552/40/180 537/42/172 521/41/171
f 525/44/508 529/45/507 519/35/50 515/43/506
f 563/190/512 568/191/511 760/193/510 770/192/509
f 457/31/501 462/50/513 633/51/200 637/32/500
f 676/53/516 675/54/515 459/35/40 530/52/514
f 614/56/520 615/57/519 618/58/518 616/55/517
f 619/60/524 620/61/523 670/62/522 668/59/521
f 521/41/171 537/42/172 516/64/526 511/63/525
f 560/338/528 535/333/527 540/322/455 565/321/417
f 462/50/513 467/69/529 629/70/188 633/51/200
f 458/72/531 463/73/530 675/74/515 676/71/516
f 668/59/521 670/62/522 509/76/533 505/75/532
f 624/78/535 626/46/145 631/47/534 630/77/132
f 511/63/525 516/64/526 501/80/537 496/79/536
f 158/78/539 148/46/41 123/47/42 128/77/538
f 467/69/529 472/81/541 526/82/540 629/70/188
f 682/84/503 681/85/504 683/86/543 684/83/542
f 664/88/546 666/48/545 662/49/155 660/87/544
f 660/90/544 662/91/155 470/92/166 469/89/547
f 496/79/536 501/80/537 491/94/549 481/93/548
f 487/26/496 482/27/551 785/28/550 790/25/499
f 472/81/541 477/95/553 506/96/552 526/82/540
f 684/98/542 683/99/543 687/100/113 688/97/554
f 622/102/556 623/103/555 626/104/145 624/101/535
f 672/106/558 674/107/557 666/108/545 664/105/546
f 481/93/548 491/94/549 476/110/560 471/109/559
f 741/34/562 746/35/267 726/36/268 721/33/561
f 477/95/553 482/111/551 486/112/563 506/96/552
f 495/114/565 453/115/564 463/116/530 458/113/531
f 630/118/132 631/119/534 634/120/98 632/117/566
f 632/122/566 634/123/98 639/124/568 638/121/567
f 471/109/559 476/110/560 461/126/570 456/125/569
f 751/53/302 756/54/269 157/35/270 550/52/317
f 482/111/551 487/127/496 466/128/571 486/112/563
f 455/130/573 460/131/572 453/132/564 495/129/565
f 454/134/575 504/135/574 674/136/557 672/133/558
f 510/138/577 514/139/576 504/140/574 454/137/575
f 530/142/514 459/143/40 529/144/507 525/141/508
f 765/5/581 694/7/580 610/336/579 812/335/578
f 487/127/496 492/145/497 673/146/131 466/128/571
f 688/148/554 687/149/113 689/150/582 528/147/71
f 638/152/567 639/153/568 642/154/584 640/151/583
f 640/156/583 642/157/584 650/158/29 648/155/28
f 652/160/585 654/144/139 677/143/137 678/159/136
f 565/321/417 540/322/455 545/185/587 570/177/586
f 492/145/497 497/164/589 671/165/588 673/146/131
f 528/167/71 689/168/582 513/169/73 508/166/590
f 515/171/506 519/158/50 514/172/576 510/170/577
f 648/174/28 650/35/29 654/45/139 652/173/585
f 456/125/569 461/126/570 451/176/592 449/175/591
f 730/88/237 720/48/43 740/49/44 750/87/230
f 497/164/589 502/177/594 669/178/593 671/165/588
f 500/180/595 450/181/88 460/182/572 455/179/573
f 449/175/591 451/176/592 679/23/597 680/24/596
f 680/24/596 679/23/597 685/22/599 686/21/598
f 686/21/598 685/22/599 523/184/601 518/183/600
f 780/26/602 785/27/550 482/28/551 477/25/553
f 502/177/594 507/185/604 667/186/603 669/178/593
f 484/188/605 489/189/90 450/181/88 500/187/595
f 518/183/600 523/184/601 493/191/607 488/190/606
f 488/190/606 493/191/607 658/193/609 656/192/608
f 656/192/608 658/193/609 646/195/36 644/194/35
f 533/72/299 538/73/271 756/74/269 751/71/302
f 507/185/604 512/196/611 665/197/610 667/186/603
f 508/199/590 513/200/73 503/201/613 498/198/612
f 644/194/35 646/195/36 636/203/34 635/202/31
f 635/202/31 636/203/34 628/205/505 627/204/32
f 597/207/203 602/66/615 612/67/614 611/206/205
f 812/335/578 610/336/579 816/318/616 811/316/462
f 512/196/611 517/208/617 663/209/66 665/197/610
f 479/211/619 480/212/618 489/213/90 484/210/605
f 582/214/621 592/162/620 602/66/615 597/207/203
f 572/215/623 577/216/622 592/162/620 582/214/621
f 557/217/625 562/218/624 577/216/622 572/215/623
f 811/316/462 816/318/616 815/145/627 810/127/626
f 517/208/617 522/219/628 661/220/46 663/209/66
f 498/222/612 503/223/613 483/224/202 478/221/201
f 468/225/182 473/226/629 562/218/624 557/217/625
f 485/227/181 490/228/630 473/226/629 468/225/182
f 611/206/205 612/67/614 615/57/519 614/56/520
f 103/202/634 98/203/633 138/205/632 143/204/631
f 522/219/628 527/231/636 659/232/635 661/220/46
f 478/234/201 483/235/202 623/103/555 622/233/556
f 494/236/638 499/237/637 490/228/630 485/227/181
f 474/17/640 475/18/639 499/237/637 494/236/638
f 464/20/642 465/19/641 475/18/639 474/17/640
f 750/90/230 740/91/44 534/92/129 606/89/226
f 527/231/636 452/238/502 641/239/23 659/232/635
f 469/241/547 470/242/166 480/243/618 479/240/619
f 520/244/644 524/245/643 465/19/641 464/20/642
f 505/246/532 509/247/533 524/245/643 520/244/644
f 616/55/517 618/58/518 620/61/523 619/60/524
f 721/84/561 726/85/268 716/86/272 711/83/645
f 795/26/498 800/27/646 497/28/589 492/25/497
f 536/102/647 532/103/130 148/104/41 158/101/539
f 710/59/649 700/62/316 784/76/289 779/75/648
f 593/183/651 598/184/650 568/191/511 563/190/512
f 714/9/653 724/11/652 535/333/527 560/338/528
f 711/98/645 716/99/272 696/100/279 691/97/654
f 502/26/594 497/27/589 800/28/646 805/25/655
f 771/106/257 761/107/185 720/108/43 730/105/237
f 704/8/657 714/9/653 560/338/528 585/337/656
f 779/246/648 784/247/289 814/245/282 809/244/658
f 128/118/538 123/119/42 108/120/186 118/117/659
f 609/114/249 531/115/280 538/116/271 533/113/299
f 507/26/604 502/27/594 805/28/655 810/25/626
f 118/122/659 108/123/186 84/124/197 88/121/660
f 585/337/656 560/338/528 565/321/417 590/320/363
f 540/322/455 147/323/464 152/196/661 545/185/587
f 810/26/626 815/27/627 512/28/611 507/25/604
f 589/130/64 594/131/290 531/132/280 609/129/249
f 517/26/617 512/27/611 815/28/627 595/25/662
f 772/134/266 774/135/198 761/136/185 771/133/257
f 590/320/363 565/321/417 570/177/586 595/164/662
f 788/2/664 765/5/581 812/335/578 807/334/663
f 691/148/654 696/149/279 608/150/291 603/147/665
f 603/167/665 608/168/291 588/169/303 583/166/666
f 595/26/662 570/27/586 522/28/628 517/25/617
f 789/138/278 794/139/228 774/140/198 772/137/266
f 749/194/668 739/195/667 98/203/633 103/202/634
f 807/334/663 812/335/578 811/316/462 806/315/466
f 806/315/466 811/316/462 810/127/626 805/111/655
f 579/180/61 584/181/304 594/182/290 589/179/64
f 527/26/636 522/27/628 570/28/586 545/25/587
f 88/152/660 84/153/197 759/154/229 769/151/669
f 551/60/670 546/61/301 700/62/316 710/59/649
f 701/21/15 706/22/16 598/184/650 593/183/651
f 576/56/672 571/57/248 556/58/300 566/55/671
f 559/188/140 564/189/312 584/181/304 579/187/61
f 545/26/587 152/27/661 452/28/502 527/25/636
f 769/156/669 759/157/229 719/158/239 729/155/673
f 694/7/580 704/8/657 585/337/656 610/336/579
f 809/244/658 814/245/282 107/19/13 132/20/14
f 799/171/281 804/158/240 794/172/228 789/170/278
f 583/199/666 588/200/303 578/201/311 573/198/674
f 457/26/501 452/27/502 152/28/661 127/25/675
f 729/174/673 719/35/239 699/45/677 709/173/676
f 610/336/579 585/337/656 590/320/363 816/318/616
f 535/333/527 142/324/678 147/323/464 540/322/455
f 775/26/679 780/27/602 477/28/553 472/25/541
f 549/211/207 554/212/319 564/213/312 559/210/140
f 472/26/541 467/27/529 601/28/680 775/25/679
f 600/44/288 575/45/681 804/35/240 799/43/281
f 816/318/616 590/320/363 595/164/662 815/145/627
f 808/1/683 788/2/664 807/334/663 802/332/682
f 573/222/674 578/223/311 558/224/318 553/221/684
f 553/234/684 558/235/318 532/103/130 536/233/647
f 102/26/685 601/27/680 467/28/529 462/25/513
f 550/142/317 157/143/270 575/144/681 600/141/288
f 770/192/509 760/193/510 739/195/667 749/194/668
f 802/332/682 807/334/663 806/315/466 801/314/469
f 801/314/469 806/315/466 805/111/655 800/95/646
f 606/241/226 534/242/129 554/243/319 549/240/207
f 127/26/675 102/27/685 462/28/513 457/25/501
f 709/160/676 699/144/677 746/143/267 741/159/562
f 566/55/671 556/58/300 546/61/301 551/60/670
f 470/242/166 623/103/555 483/235/202 480/243/618
f 503/223/613 489/213/90 480/212/618 483/224/202
f 513/200/73 450/181/88 489/189/90 503/201/613
f 460/182/572 450/181/88 513/169/73 689/168/582
f 689/150/582 687/149/113 453/132/564 460/131/572
f 463/116/530 453/115/564 687/100/113 683/99/543
f 683/86/543 681/85/504 675/74/515 463/73/530
f 459/35/40 675/54/515 681/36/504 677/35/137
f 677/143/250 654/144/250 529/144/250 459/143/250
f 519/35/250 529/45/250 654/45/250 650/35/250
f 514/172/576 519/158/50 650/158/29 642/157/584
f 642/154/584 639/153/568 504/140/574 514/139/576
f 674/136/557 504/135/574 639/124/568 634/123/98
f 634/120/98 631/119/534 666/108/545 674/107/557
f 626/104/145 623/103/555 470/92/166 662/91/155
f 662/49/155 666/48/545 631/47/534 626/46/145
f 525/273/508 509/76/533 670/62/522 530/272/514
f 530/271/514 670/62/522 620/61/523 676/270/516
f 458/269/531 618/58/518 615/57/519 495/268/565
f 676/267/516 620/61/523 618/58/518 458/266/531
f 515/265/506 524/245/643 509/247/533 525/264/508
f 510/263/577 465/19/641 524/245/643 515/262/506
f 454/261/575 475/18/639 465/19/641 510/260/577
f 672/259/558 499/237/637 475/18/639 454/258/575
f 664/257/546 490/228/630 499/237/637 672/256/558
f 495/255/565 615/57/519 612/67/614 455/254/573
f 660/253/544 473/226/629 490/228/630 664/252/546
f 469/251/547 562/218/624 473/226/629 660/250/544
f 479/249/619 577/216/622 562/218/624 469/248/547
f 484/230/605 592/162/620 577/216/622 479/229/619
f 500/163/595 602/66/615 592/162/620 484/161/605
f 455/68/573 612/67/614 602/66/615 500/65/595
f 652/173/585 628/205/505 636/203/34 648/274/28
f 648/276/28 636/203/34 646/195/36 640/275/583
f 640/278/583 646/195/36 658/193/609 638/277/567
f 638/280/567 658/193/609 493/191/607 632/279/566
f 632/282/566 493/191/607 523/184/601 630/281/132
f 630/284/132 523/184/601 685/22/599 624/283/535
f 624/286/535 685/22/599 679/23/597 622/285/556
f 622/288/556 679/23/597 451/176/592 478/287/201
f 478/290/201 451/176/592 461/126/570 498/289/612
f 498/292/612 461/126/570 476/110/560 508/291/590
f 508/294/590 476/110/560 491/94/549 528/293/71
f 528/296/71 491/94/549 501/80/537 688/295/554
f 688/298/554 501/80/537 516/64/526 684/297/542
f 684/300/542 516/64/526 537/42/172 682/299/503
f 682/302/503 537/42/172 552/40/180 678/301/136
f 678/303/136 552/40/180 628/39/505 652/160/585
f 505/75/532 621/6/687 625/10/686 668/59/521
f 668/59/521 625/10/686 643/12/688 619/60/524
f 616/55/517 645/14/327 647/13/328 614/56/520
f 619/60/524 643/12/688 645/14/327 616/55/517
f 520/244/644 617/3/689 621/304/687 505/246/532
f 464/20/642 613/4/690 617/3/689 520/244/644
f 474/17/640 607/16/323 613/4/690 464/20/642
f 494/236/638 587/15/324 607/16/323 474/17/640
f 485/227/181 567/1/330 587/15/324 494/236/638
f 614/56/520 647/13/328 649/11/329 611/206/205
f 468/225/182 547/2/335 567/1/330 485/227/181
f 557/217/625 657/5/334 547/2/335 468/225/182
f 572/215/623 655/7/333 657/5/334 557/217/625
f 582/214/621 653/8/332 655/7/333 572/215/623
f 597/207/203 651/9/331 653/8/332 582/214/621
f 611/206/205 649/11/329 651/9/331 597/207/203
f 627/204/32 641/29/23 637/32/500 635/202/31
f 635/202/31 637/32/500 633/51/200 644/194/35
f 644/194/35 633/51/200 629/70/188 656/192/608
f 656/192/608 629/70/188 526/82/540 488/190/606
f 488/190/606 526/82/540 506/96/552 518/183/600
f 518/183/600 506/96/552 486/112/563 686/21/598
f 686/21/598 486/112/563 466/128/571 680/24/596
f 680/24/596 466/128/571 673/146/131 449/175/591
f 449/175/591 673/146/131 671/165/588 456/125/569
f 456/125/569 671/165/588 669/178/593 471/109/559
f 471/109/559 669/178/593 667/186/603 481/93/548
f 481/93/548 667/186/603 665/197/610 496/79/536
f 496/79/536 665/197/610 663/209/66 511/63/525
f 511/63/525 663/209/66 661/220/46 521/41/171
f 521/41/171 661/220/46 659/232/635 542/37/179
f 542/37/179 659/232/635 641/239/23 627/38/32
f 143/38/631 138/39/632 793/40/692 783/37/691
f 693/30/696 698/31/695 93/32/694 764/29/693
f 246/339/344 251/306/345 698/31/695 693/30/696
f 741/303/562 793/40/692 138/39/632 709/160/676
f 783/37/691 755/232/697 764/239/693 143/38/631
f 591/206/699 724/11/652 714/9/653 137/207/698
f 153/10/703 541/6/702 777/308/701 773/307/700
f 698/31/695 703/50/705 113/51/704 93/32/694
f 251/306/345 256/309/357 703/50/705 698/31/695
f 721/302/561 778/42/706 793/40/692 741/301/562
f 762/41/708 745/220/707 755/232/697 783/37/691
f 137/207/698 714/9/653 704/8/657 580/214/709
f 773/307/700 777/308/701 776/311/710 596/310/491
f 703/50/705 708/69/712 133/70/711 113/51/704
f 256/309/357 261/312/367 708/69/712 703/50/705
f 711/300/645 757/64/713 778/42/706 721/299/561
f 752/63/715 735/209/714 745/220/707 762/41/708
f 580/214/709 704/8/657 694/7/580 813/215/716
f 596/310/491 776/311/710 775/238/679 601/231/680
f 708/69/712 713/81/718 767/82/717 133/70/711
f 261/312/367 266/313/375 713/81/718 708/69/712
f 691/298/654 742/80/719 757/64/713 711/297/645
f 737/79/721 725/197/720 735/209/714 752/63/715
f 813/215/716 694/7/580 765/5/581 798/217/722
f 783/37/691 793/40/692 778/42/706 762/41/708
f 713/81/718 718/95/724 747/96/723 767/82/717
f 266/313/375 271/314/383 718/95/724 713/81/718
f 603/296/665 732/94/725 742/80/719 691/295/654
f 722/93/727 715/186/726 725/197/720 737/79/721
f 798/217/722 765/5/581 788/2/664 543/225/728
f 137/207/698 112/66/62 586/67/63 591/206/699
f 718/95/724 723/111/730 727/112/729 747/96/723
f 271/314/383 276/315/393 723/111/730 718/95/724
f 583/294/666 717/110/731 732/94/725 603/293/665
f 712/109/733 705/178/732 715/186/726 722/93/727
f 543/225/728 788/2/664 808/1/683 599/227/734
f 580/214/709 162/162/141 112/66/62 137/207/698
f 723/111/730 728/127/736 707/128/735 727/112/729
f 276/315/393 281/316/402 728/127/736 723/111/730
f 573/292/674 702/126/737 717/110/731 583/291/666
f 697/125/739 695/165/738 705/178/732 712/109/733
f 576/56/672 734/13/740 724/11/652 591/206/699
f 754/12/742 153/10/703 773/307/700 92/317/741
f 728/127/736 733/145/744 766/146/743 707/128/735
f 281/316/402 286/318/412 733/145/744 728/127/736
f 553/290/684 692/176/745 702/126/737 573/289/674
f 690/175/746 766/146/743 695/165/738 697/125/739
f 599/227/734 808/1/683 555/15/748 569/236/747
f 92/317/741 773/307/700 596/310/491 97/319/494
f 733/145/744 738/164/749 695/165/738 766/146/743
f 286/318/412 291/320/419 738/164/749 733/145/744
f 536/288/647 736/23/17 692/176/745 553/287/684
f 731/24/18 707/128/735 766/146/743 690/175/746
f 569/236/747 555/15/748 87/16/750 539/17/11
f 97/319/494 596/310/491 601/231/680 102/219/685
f 738/164/749 743/177/751 705/178/732 695/165/738
f 291/320/419 296/321/425 743/177/751 738/164/749
f 158/286/539 706/22/16 736/23/17 536/285/647
f 701/21/15 727/112/729 707/128/735 731/24/18
f 539/17/11 87/16/750 581/4/752 132/20/14
f 762/41/708 778/42/706 757/64/713 752/63/715
f 743/177/751 748/185/753 715/186/726 705/178/732
f 296/321/425 301/322/431 748/185/753 743/177/751
f 128/284/538 598/184/650 706/22/16 158/283/539
f 593/183/651 747/96/723 727/112/729 701/21/15
f 132/20/14 581/4/752 561/3/754 809/244/658
f 813/215/716 605/216/208 162/162/141 580/214/709
f 748/185/753 753/196/755 725/197/720 715/186/726
f 301/322/431 306/323/438 753/196/755 748/185/753
f 118/282/659 568/191/511 598/184/650 128/281/538
f 563/190/512 767/82/717 747/96/723 593/183/651
f 809/244/658 561/3/754 541/304/702 779/246/648
f 734/13/740 744/14/757 117/325/756 142/324/678
f 753/196/755 758/208/758 735/209/714 725/197/720
f 306/323/438 311/326/446 758/208/758 753/196/755
f 88/280/660 760/193/510 568/191/511 118/279/659
f 770/192/509 133/70/711 767/82/717 563/190/512
f 551/60/670 754/12/742 744/14/757 566/55/671
f 744/14/757 754/12/742 92/317/741 117/325/756
f 758/208/758 763/219/759 745/220/707 735/209/714
f 311/326/446 316/319/452 763/219/759 758/208/758
f 769/278/669 739/195/667 760/193/510 88/277/660
f 749/194/668 113/51/704 133/70/711 770/192/509
f 566/55/671 744/14/757 734/13/740 576/56/672
f 117/325/756 92/317/741 97/319/494 122/326/482
f 763/219/759 768/231/760 755/232/697 745/220/707
f 316/319/452 321/310/457 768/231/760 763/219/759
f 729/276/673 98/203/633 739/195/667 769/275/669
f 103/202/634 93/32/694 113/51/704 749/194/668
f 710/59/649 153/10/703 754/12/742 551/60/670
f 122/326/482 97/319/494 102/219/685 127/208/675
f 768/231/760 693/238/696 764/239/693 755/232/697
f 321/310/457 246/25/344 693/238/696 768/231/760
f 709/173/676 138/205/632 98/203/633 729/274/673
f 143/204/631 764/29/693 93/32/694 103/202/634
f 779/75/648 541/6/702 153/10/703 710/59/649
f 798/217/722 803/218/227 605/216/208 813/215/716
f 752/63/715 757/64/713 742/80/719 737/79/721
f 776/305/710 781/306/484 780/31/602 775/30/679
f 777/327/701 782/328/761 781/306/484 776/305/710
f 541/304/702 561/3/754 782/328/761 777/327/701
f 142/324/678 117/325/756 122/326/482 147/323/464
f 543/225/728 548/226/231 803/218/227 798/217/722
f 737/79/721 742/80/719 732/94/725 722/93/727
f 781/306/484 786/309/480 785/50/550 780/31/602
f 782/328/761 787/329/762 786/309/480 781/306/484
f 561/3/754 581/4/752 787/329/762 782/328/761
f 147/323/464 122/326/482 127/208/675 152/196/661
f 599/227/734 604/228/238 548/226/231 543/225/728
f 722/93/727 732/94/725 717/110/731 712/109/733
f 786/309/480 791/312/476 790/69/499 785/50/550
f 787/329/762 792/330/763 791/312/476 786/309/480
f 581/4/752 87/16/750 792/330/763 787/329/762
f 712/109/733 717/110/731 702/126/737 697/125/739
f 591/206/699 586/67/63 571/57/248 576/56/672
f 697/125/739 702/126/737 692/176/745 690/175/746
f 791/312/476 796/313/764 795/81/498 790/69/499
f 792/330/763 797/331/765 796/313/764 791/312/476
f 87/16/750 555/15/748 797/331/765 792/330/763
f 569/236/747 574/237/258 604/228/238 599/227/734
f 539/17/11 544/18/12 574/237/258 569/236/747
f 690/175/746 692/176/745 736/23/17 731/24/18
f 796/313/764 801/314/469 800/95/646 795/81/498
f 797/331/765 802/332/682 801/314/469 796/313/764
f 555/15/748 808/1/683 802/332/682 797/331/765
f 724/11/652 734/13/740 142/324/678 535/333/527
f 645/14/10 643/12/1 625/10/2 621/6/4 617/3/7 613/4/8 607/16/9 587/15/9 567/1/8 547/2/7 657/5/6 655/7/5 653/8/3 651/9/2 649/11/1 647/13/10
f 824/340/766 819/305/766 817/318/766
f 824/341/769 825/31/768 820/30/767 819/28/767
f 825/31/768 826/306/768 821/305/767 820/30/767
f 826/306/768 827/328/768 822/327/767 821/305/767
f 827/328/768 828/342/769 823/25/767 822/327/767
f 828/343/770 818/318/770 823/311/770
f 829/344/766 824/340/766 817/318/766
f 829/345/771 830/50/771 825/31/768 824/341/769
f 830/50/771 831/309/771 826/306/768 825/31/768
f 831/309/771 832/329/771 827/328/768 826/306/768
f 832/329/771 833/346/771 828/342/769 827/328/768
f 833/347/770 818/318/770 828/343/770
f 834/348/766 829/344/766 817/318/766
f 834/349/773 835/69/772 830/50/771 829/345/771
f 835/69/772 836/312/772 831/309/771 830/50/771
f 836/312/772 837/330/772 832/329/771 831/309/771
f 837/330/772 838/350/773 833/346/771 832/329/771
f 838/351/770 818/318/770 833/347/770
f 839/352/766 834/348/766 817/318/766
f 839/353/774 840/81/774 835/69/772 834/349/773
f 840/81/774 841/313/774 836/312/772 835/69/772
f 841/313/774 842/331/774 837/330/772 836/312/772
f 842/331/774 843/354/774 838/350/773 837/330/772
f 843/352/770 818/318/770 838/351/770
f 844/351/766 839/352/766 817/318/766
f 844/355/776 845/95/775 840/81/774 839/353/774
f 845/95/775 846/314/775 841/313/774 840/81/774
f 846/314/775 847/332/775 842/331/774 841/313/774
f 847/332/775 848/356/776 843/354/774 842/331/774
f 848/348/770 818/318/770 843/352/770
f 849/347/766 844/351/766 817/318/766
f 849/357/777 850/111/777 845/95/775 844/355/776
f 850/111/777 851/315/777 846/314/775 845/95/775
f 851/315/777 852/334/777 847/332/775 846/314/775
f 852/334/777 853/358/777 848/356/776 847/332/775
f 853/344/770 818/318/770 848/348/770
f 854/343/766 849/347/766 817/318/766
f 854/359/779 855/127/778 850/111/777 849/357/777
f 855/127/778 856/316/778 851/315/777 850/111/777
f 856/316/778 857/335/778 852/334/777 851/315/777
f 857/335/778 858/360/779 853/358/777 852/334/777
f 858/340/770 818/318/770 853/344/770
f 859/311/766 854/343/766 817/318/766
f 859/361/780 860/145/780 855/127/778 854/359/779
f 860/145/780 861/318/780 856/316/778 855/127/778
f 861/318/780 862/336/780 857/335/778 856/316/778
f 862/336/780 863/352/780 858/360/779 857/335/778
f 863/305/770 818/318/770 858/340/770
f 864/362/766 859/311/766 817/318/766
f 864/363/782 865/164/781 860/145/780 859/361/780
f 865/164/781 866/320/781 861/318/780 860/145/780
f 866/320/781 867/337/781 862/336/780 861/318/780
f 867/337/781 868/364/782 863/352/780 862/336/780
f 868/365/770 818/318/770 863/305/770
f 869/366/766 864/362/766 817/318/766
f 869/367/783 870/177/783 865/164/781 864/363/782
f 870/177/783 871/321/783 866/320/781 865/164/781
f 871/321/783 872/338/783 867/337/781 866/320/781
f 872/338/783 873/368/783 868/364/782 867/337/781
f 873/369/770 818/318/770 868/365/770
f 874/370/766 869/366/766 817/318/766
f 874/371/785 875/185/784 870/177/783 869/367/783
f 875/185/784 876/322/784 871/321/783 870/177/783
f 876/322/784 877/333/784 872/338/783 871/321/783
f 877/333/784 878/372/785 873/368/783 872/338/783
f 878/373/770 818/318/770 873/369/770
f 879/361/766 874/370/766 817/318/766
f 879/374/786 880/196/786 875/185/784 874/371/785
f 880/196/786 881/323/786 876/322/784 875/185/784
f 881/323/786 882/324/786 877/333/784 876/322/784
f 882/324/786 883/375/786 878/372/785 877/333/784
f 883/361/770 818/318/770 878/373/770
f 884/373/766 879/361/766 817/318/766
f 884/376/788 885/208/787 880/196/786 879/374/786
f 885/208/787 886/326/787 881/323/786 880/196/786
f 886/326/787 887/325/787 882/324/786 881/323/786
f 887/325/787 888/377/788 883/375/786 882/324/786
f 888/370/770 818/318/770 883/361/770
f 889/369/766 884/373/766 817/318/766
f 889/378/789 890/219/789 885/208/787 884/376/788
f 890/219/789 891/319/789 886/326/787 885/208/787
f 891/319/789 892/317/789 887/325/787 886/326/787
f 892/317/789 893/379/789 888/377/788 887/325/787
f 893/366/770 818/318/770 888/370/770
f 894/365/766 889/369/766 817/318/766
f 894/380/791 895/231/790 890/219/789 889/378/789
f 895/231/790 896/310/790 891/319/789 890/219/789
f 896/310/790 897/307/790 892/317/789 891/319/789
f 897/307/790 898/381/791 893/379/789 892/317/789
f 898/362/770 818/318/770 893/366/770
f 819/305/766 894/365/766 817/318/766
f 819/27/767 820/238/767 895/231/790 894/380/791
f 820/238/767 821/311/767 896/310/790 895/231/790
f 821/311/767 822/308/767 897/307/790 896/310/790
f 822/308/767 823/26/767 898/381/791 897/307/790
f 823/311/770 818/318/770 898/362/770

v 0.012049 0.046335 -0.532143
v 0.004311 0.050976 -0.535270
v 0.013106 0.030065 0.474507
v 0.013262 0.030065 0.228865
v 0.013262 0.030065 -0.021132
v 0.013262 0.030065 -0.271071
v -0.004085 0.032492 -0.523482
v 0.012436 0.026598 0.474507
v 0.012581 0.026536 0.228865
v 0.012581 0.026536 -0.021131
v 0.012581 0.026553 -0.270951
v -0.004220 0.030132 -0.519352
v 0.010530 0.023658 0.474507
v 0.010641 0.023544 0.228865
v 0.010641 0.023544 -0.021131
v 0.010641 0.023576 -0.271010
v -0.004620 0.038271 -0.524892
v 0.007677 0.021694 0.474507
v 0.007737 0.021545 0.228865
v 0.007737 0.021545 -0.021131
v 0.007737 0.021586 -0.271029
v -0.005245 0.030663 -0.511963
v 0.004311 0.021004 0.474507
v 0.004311 0.020843 0.228865
v 0.004311 0.020842 -0.021131
v 0.004311 0.020888 -0.271043
v -0.002115 0.030131 -0.525170
v 0.000946 0.021694 0.474507
v 0.000886 0.021545 0.228865
v 0.000886 0.021545 -0.021131
v 0.000886 0.021586 -0.271029
v -0.002218 0.027853 -0.521381
v -0.001907 0.023658 0.474507
v -0.002018 0.023544 0.228865
v -0.002018 0.023544 -0.021131
v -0.002018 0.023576 -0.271010
v -0.004551 0.041526 -0.528212
v -0.003814 0.026598 0.474507
v -0.003958 0.026536 0.228865
v -0.003959 0.026536 -0.021131
v -0.003959 0.026553 -0.270951
v -0.004626 0.030100 -0.500190
v -0.004483 0.030065 0.474507
v -0.004640 0.030065 0.228865
v -0.004640 0.030065 -0.021132
v -0.004640 0.030065 -0.271071
v 0.000833 0.028440 -0.525957
v -0.003814 0.033533 0.474507
v -0.003958 0.033595 0.228865
v -0.003959 0.033595 -0.021131
v -0.003959 0.033577 -0.270894
v 0.000777 0.026284 -0.522214
v -0.001907 0.036473 0.474507
v -0.002018 0.036587 0.228865
v -0.002018 0.036587 -0.021131
v -0.002018 0.036555 -0.270880
v -0.003940 0.040364 -0.522765
v 0.000946 0.038437 0.474507
v 0.000886 0.038586 0.228865
v 0.000886 0.038586 -0.021131
v 0.000886 0.038544 -0.270870
v -0.004517 0.033325 -0.510362
v 0.004311 0.039127 0.474507
v 0.004311 0.039288 0.228865
v 0.004311 0.039288 -0.021131
v 0.004311 0.039243 -0.270866
v 0.004311 0.027828 -0.526208
v 0.007677 0.038437 0.474507
v 0.007737 0.038586 0.228865
v 0.007737 0.038586 -0.021131
v 0.007737 0.038544 -0.270870
v 0.004311 0.025731 -0.522587
v 0.010530 0.036473 0.474507
v 0.010641 0.036587 0.228865
v 0.010641 0.036587 -0.021131
v 0.010641 0.036555 -0.270880
v -0.003874 0.043526 -0.525978
v 0.012436 0.033533 0.474507
v 0.012581 0.033595 0.228865
v 0.012581 0.033595 -0.021131
v 0.012581 0.033577 -0.270894
v -0.003946 0.032676 -0.499091
v -0.003426 0.046335 -0.532143
v -0.000753 0.047845 -0.535510
v -0.003399 0.042104 -0.532632
v 0.000526 0.050080 -0.534789
v -0.002550 0.047977 -0.533188
v 0.000542 0.046755 -0.536690
v -0.001581 0.040342 -0.534442
v 0.002674 0.050573 -0.535277
v -0.002866 0.048107 -0.530056
v 0.002311 0.046080 -0.537412
v 0.001128 0.039187 -0.535478
v 0.000584 0.051102 -0.533730
v -0.002109 0.049620 -0.531314
v 0.004311 0.045857 -0.537634
v 0.004311 0.038768 -0.535843
v 0.002610 0.051048 -0.534792
v 0.007845 0.026284 -0.522214
v 0.007789 0.028440 -0.525957
v -0.002446 0.035582 -0.509335
v -0.002003 0.041957 -0.521010
v 0.010841 0.027853 -0.521381
v 0.010737 0.030131 -0.525170
v -0.002008 0.034853 -0.498337
v -0.001951 0.045086 -0.524121
v 0.012843 0.030132 -0.519352
v 0.012707 0.032492 -0.523482
v 0.000654 0.037076 -0.508673
v 0.000894 0.042964 -0.519860
v 0.013546 0.032689 -0.517108
v 0.013399 0.034997 -0.521325
v 0.000891 0.036303 -0.497779
v 0.000923 0.046094 -0.522894
v 0.004311 0.037598 -0.508435
v 0.012843 0.035132 -0.515282
v 0.004311 0.036812 -0.497571
v 0.010841 0.037127 -0.513958
v 0.007968 0.037076 -0.508673
v 0.007845 0.038424 -0.513116
v 0.007731 0.036303 -0.497779
v 0.004311 0.038875 -0.512821
v 0.011068 0.035582 -0.509335
v 0.000777 0.038424 -0.513116
v 0.010631 0.034853 -0.498337
v -0.002218 0.037127 -0.513958
v 0.013140 0.033325 -0.510362
v -0.004220 0.035132 -0.515282
v 0.012568 0.032676 -0.499091
v -0.004923 0.032689 -0.517108
v 0.004311 0.043311 -0.519459
v 0.012707 0.037232 -0.519266
v 0.004311 0.046445 -0.522466
v 0.010737 0.038964 -0.517633
v 0.007728 0.042964 -0.519860
v 0.007789 0.040065 -0.516584
v 0.007699 0.046094 -0.522894
v 0.004311 0.040444 -0.516221
v 0.010625 0.041957 -0.521010
v 0.000833 0.040065 -0.516584
v 0.010573 0.045086 -0.524121
v -0.002115 0.038964 -0.517633
v 0.012562 0.040364 -0.522765
v -0.004085 0.037232 -0.519266
v 0.012496 0.043526 -0.525978
v -0.004777 0.034997 -0.521325
v -0.003876 0.039269 -0.530450
v -0.003940 0.035863 -0.527022
v -0.001952 0.037158 -0.532209
v -0.002003 0.033549 -0.528649
v 0.000923 0.035713 -0.533112
v 0.000895 0.031895 -0.529439
v 0.004311 0.035177 -0.533416
v 0.004311 0.031282 -0.529685
v 0.007699 0.035713 -0.533112
v 0.007728 0.031895 -0.529439
v 0.010575 0.037158 -0.532209
v 0.010626 0.033549 -0.528649
v 0.012498 0.039269 -0.530450
v 0.012563 0.035863 -0.527022
v 0.013173 0.041526 -0.528212
v 0.013243 0.038271 -0.524892
v -0.003946 0.027524 -0.502308
v -0.004517 0.028028 -0.514358
v -0.002008 0.025351 -0.505502
v -0.002446 0.025791 -0.516872
v 0.000891 0.023909 -0.506575
v 0.000654 0.024308 -0.517745
v 0.004311 0.023404 -0.507301
v 0.004311 0.023801 -0.518270
v 0.007731 0.023909 -0.506575
v 0.007968 0.024308 -0.517745
v 0.010631 0.025351 -0.505502
v 0.011068 0.025791 -0.516872
v 0.012568 0.027524 -0.502308
v 0.013140 0.028028 -0.514358
v 0.013248 0.030100 -0.500190
v 0.013867 0.030663 -0.511963
v 0.006311 0.046080 -0.537412
v -0.001199 0.049605 -0.528323
v 0.001310 0.052061 -0.532741
v 0.007495 0.039187 -0.535478
v 0.008081 0.046755 -0.536690
v -0.000656 0.051040 -0.529722
v 0.002885 0.051530 -0.534306
v 0.010203 0.040342 -0.534442
v 0.009375 0.047845 -0.535510
v 0.001323 0.050619 -0.527176
v 0.002634 0.052751 -0.532032
v 0.012021 0.042104 -0.532632
v 0.009963 0.049214 -0.534010
v 0.001603 0.052015 -0.528646
v 0.003494 0.051896 -0.533940
v 0.012668 0.044100 -0.530420
v 0.004311 0.053003 -0.531774
v 0.009684 0.050647 -0.532455
v 0.004311 0.052032 -0.533804
v 0.008520 0.051917 -0.531088
v 0.005989 0.052751 -0.532032
v 0.006625 0.052800 -0.530143
v 0.005128 0.051896 -0.533940
v 0.004311 0.053118 -0.529803
v 0.007312 0.052061 -0.532741
v 0.001998 0.052800 -0.530143
v 0.005737 0.051530 -0.534306
v 0.000102 0.051917 -0.531088
v 0.008038 0.051102 -0.533730
v -0.001062 0.050647 -0.532455
v 0.006013 0.051048 -0.534792
v -0.001341 0.049214 -0.534010
v 0.012038 0.045989 -0.528225
v 0.004311 0.050980 -0.526775
v 0.010227 0.047534 -0.526409
v 0.004311 0.052364 -0.528265
v 0.007513 0.048559 -0.525213
v 0.007299 0.050619 -0.527176
v 0.004311 0.048920 -0.524795
v 0.007020 0.052015 -0.528646
v 0.001109 0.048559 -0.525213
v 0.009822 0.049605 -0.528323
v -0.001605 0.047534 -0.526409
v 0.009279 0.051040 -0.529722
v -0.003416 0.045989 -0.528225
v 0.011489 0.048107 -0.530056
v -0.004045 0.044100 -0.530420
v 0.010732 0.049620 -0.531314
v 0.002989 0.050199 -0.535670
v 0.001046 0.049177 -0.535739
v 0.003427 0.049967 -0.535929
v 0.001959 0.048506 -0.536445
v 0.003877 0.049856 -0.536047
v 0.003089 0.048114 -0.536844
v 0.004311 0.049827 -0.536085
v 0.004311 0.047982 -0.536976
v 0.004746 0.049856 -0.536047
v 0.005534 0.048114 -0.536844
v 0.005196 0.049967 -0.535929
v 0.006664 0.048506 -0.536445
v 0.005633 0.050199 -0.535670
v 0.007577 0.049177 -0.535739
v 0.005949 0.050573 -0.535277
v 0.008096 0.050080 -0.534789
v -0.001940 0.046360 -0.535059
v -0.002805 0.044547 -0.534258
v -0.000415 0.045041 -0.536573
v -0.001108 0.043050 -0.535992
v 0.001774 0.044201 -0.537521
v 0.001386 0.042079 -0.537062
v 0.004311 0.043925 -0.537817
v 0.004311 0.041753 -0.537411
v 0.006848 0.044201 -0.537521
v 0.007236 0.042079 -0.537062
v 0.009038 0.045041 -0.536573
v 0.009731 0.043050 -0.535992
v 0.010563 0.046360 -0.535059
v 0.011428 0.044547 -0.534258
v 0.011172 0.047977 -0.533188
# 257 vertices

vn 0.949073 0.232407 -0.212715
vn 0.885797 0.444978 0.131752
vn 0.827114 0.560439 -0.042301
vn 0.847342 0.381834 -0.369072
vn 1.000000 0.000000 0.000637
vn 1.000000 0.000000 0.000319
vn 0.927542 -0.373719 0.000320
vn 0.927542 -0.373718 0.000639
vn 1.000000 0.000001 -0.000003
vn 0.927394 -0.374086 -0.000015
vn 1.000000 0.000071 -0.000260
vn 0.918030 -0.396510 -0.001065
vn 0.999576 -0.015297 0.024766
vn 0.889432 -0.456977 0.009051
vn 0.235397 0.656806 -0.716376
vn -0.000000 0.692919 -0.721015
vn 0.205814 0.597591 -0.774936
vn 0.667254 0.604773 0.434766
vn 0.651567 0.709519 0.268408
vn 0.716801 -0.697277 0.000323
vn 0.716802 -0.697277 0.000646
vn 0.716400 -0.697690 -0.000044
vn 0.692259 -0.721643 -0.002874
vn 0.634651 -0.772769 -0.006793
vn 0.144734 0.548463 -0.823554
vn 0.352671 0.691367 0.630583
vn 0.355677 0.799429 0.484156
vn 0.391757 -0.920068 0.000327
vn 0.391758 -0.920068 0.000653
vn 0.391373 -0.920232 -0.000075
vn 0.369405 -0.929257 -0.004562
vn 0.323424 -0.946080 -0.018172
vn 0.073142 0.516501 -0.853157
vn 0.000000 0.717236 0.696831
vn 0.000000 0.828333 0.560236
vn 0.000000 -1.000000 0.000328
vn 0.000000 -1.000000 0.000656
vn 0.000000 -1.000000 -0.000087
vn 0.000000 -0.999986 -0.005230
vn -0.000000 -0.999751 -0.022310
vn 0.000000 0.508366 -0.861141
vn -0.352671 0.691367 0.630583
vn -0.355677 0.799429 0.484156
vn -0.391757 -0.920068 0.000327
vn -0.391758 -0.920068 0.000653
vn -0.391373 -0.920232 -0.000075
vn -0.369405 -0.929257 -0.004562
vn -0.323424 -0.946080 -0.018172
vn -0.073142 0.516501 -0.853157
vn -0.667254 0.604773 0.434766
vn -0.651567 0.709519 0.268408
vn -0.716801 -0.697277 0.000323
vn -0.716802 -0.697277 0.000646
vn -0.716400 -0.697690 -0.000044
vn -0.692259 -0.721643 -0.002874
vn -0.634651 -0.772769 -0.006793
vn -0.144734 0.548463 -0.823554
vn -0.885797 0.444978 0.131752
vn -0.827114 0.560439 -0.042301
vn -0.927542 -0.373719 0.000320
vn -0.927542 -0.373718 0.000639
vn -0.927394 -0.374086 -0.000015
vn -0.918030 -0.396510 -0.001065
vn -0.889432 -0.456977 0.009051
vn -0.205814 0.597591 -0.774936
vn -0.949073 0.232407 -0.212715
vn -0.847342 0.381834 -0.369072
vn -1.000000 0.000000 0.000319
vn -1.000000 0.000000 0.000637
vn -1.000000 0.000001 -0.000003
vn -1.000000 0.000071 -0.000260
vn -0.999576 -0.015297 0.024766
vn -0.235397 0.656806 -0.716376
vn -0.849475 0.014481 -0.527430
vn -0.730831 0.212380 -0.648676
vn -0.927542 0.373719 0.000320
vn -0.927542 0.373718 0.000639
vn -0.927394 0.374087 -0.000015
vn -0.917819 0.396997 -0.001023
vn -0.898910 0.436802 0.034120
vn -0.231488 0.726471 -0.647035
vn -0.614141 -0.172558 -0.770101
vn -0.517797 0.073038 -0.852380
vn -0.716801 0.697277 0.000323
vn -0.716802 0.697277 0.000646
vn -0.716402 0.697688 -0.000044
vn -0.691797 0.722086 -0.002840
vn -0.641513 0.766297 0.035356
vn -0.186682 0.793646 -0.579030
vn -0.307357 -0.292083 -0.905659
vn -0.256716 -0.017235 -0.966333
vn -0.391757 0.920068 0.000327
vn -0.391758 0.920068 0.000653
vn -0.391377 0.920230 -0.000075
vn -0.369038 0.929403 -0.004564
vn -0.325681 0.944906 0.032922
vn -0.104592 0.841931 -0.529351
vn -0.000000 -0.329819 -0.944044
vn -0.000000 -0.047444 -0.998874
vn 0.000000 1.000000 0.000328
vn 0.000000 1.000000 0.000656
vn 0.000000 1.000000 -0.000087
vn -0.000000 0.999986 -0.005251
vn -0.000000 0.999503 0.031524
vn 0.000000 0.859535 -0.511077
vn 0.307357 -0.292083 -0.905659
vn 0.256716 -0.017234 -0.966333
vn 0.391758 0.920068 0.000327
vn 0.391758 0.920068 0.000653
vn 0.391377 0.920230 -0.000075
vn 0.369038 0.929403 -0.004564
vn 0.325681 0.944906 0.032922
vn 0.104592 0.841931 -0.529351
vn 0.614141 -0.172558 -0.770101
vn 0.517797 0.073038 -0.852380
vn 0.716801 0.697277 0.000323
vn 0.716802 0.697277 0.000646
vn 0.716402 0.697688 -0.000044
vn 0.691797 0.722086 -0.002840
vn 0.641513 0.766297 0.035356
vn 0.186682 0.793646 -0.579030
vn 0.849475 0.014481 -0.527430
vn 0.730831 0.212380 -0.648676
vn 0.927542 0.373719 0.000320
vn 0.927542 0.373718 0.000639
vn 0.927394 0.374087 -0.000015
vn 0.917819 0.396997 -0.001023
vn 0.898910 0.436802 0.034120
vn 0.231488 0.726471 -0.647035
vn 0.894099 -0.123773 -0.430427
vn 0.911991 -0.217116 -0.348041
vn 0.996754 0.062593 -0.050636
vn 0.983877 0.133738 -0.118744
vn 0.648591 -0.341304 -0.680324
vn 0.667648 -0.449193 -0.593693
vn 0.323789 -0.473468 -0.819139
vn 0.335511 -0.586780 -0.736968
vn 0.000000 -0.513396 -0.858152
vn 0.000000 -0.627418 -0.778682
vn -0.323789 -0.473468 -0.819139
vn -0.335511 -0.586780 -0.736968
vn -0.648591 -0.341304 -0.680324
vn -0.667648 -0.449193 -0.593693
vn -0.894099 -0.123773 -0.430427
vn -0.911991 -0.217116 -0.348041
vn -0.983877 0.133738 -0.118744
vn -0.996754 0.062593 -0.050636
vn -0.897340 0.386015 0.213946
vn -0.899227 0.347198 0.266165
vn -0.657044 0.569634 0.493771
vn -0.644386 0.556496 0.524479
vn -0.339778 0.664728 0.665347
vn -0.326506 0.661888 0.674757
vn 0.000000 0.692354 0.721558
vn 0.000000 0.691577 0.722303
vn 0.339778 0.664728 0.665347
vn 0.326506 0.661889 0.674757
vn 0.657044 0.569634 0.493771
vn 0.644386 0.556496 0.524479
vn 0.897340 0.386016 0.213946
vn 0.899227 0.347198 0.266165
vn 0.999395 0.028929 -0.019326
vn 0.920763 -0.295292 -0.254947
vn 0.922602 -0.326094 -0.206080
vn 0.998751 0.037538 -0.032979
vn 0.689381 -0.565286 -0.452997
vn 0.687695 -0.634690 -0.352482
vn 0.356092 -0.738203 -0.572936
vn 0.352150 -0.829278 -0.433922
vn -0.000000 -0.793600 -0.608440
vn -0.000000 -0.890302 -0.455371
vn -0.356092 -0.738203 -0.572936
vn -0.352150 -0.829278 -0.433922
vn -0.689381 -0.565286 -0.452997
vn -0.687695 -0.634690 -0.352482
vn -0.920763 -0.295292 -0.254947
vn -0.922602 -0.326094 -0.206080
vn -0.999395 0.028929 -0.019326
vn -0.998751 0.037538 -0.032979
vn -0.894817 0.381942 0.231135
vn -0.889202 0.432802 0.148331
vn -0.625277 0.655541 0.423431
vn -0.617858 0.734825 0.279792
vn -0.307758 0.796358 0.520671
vn -0.303665 0.890360 0.339187
vn 0.000000 0.836634 0.547763
vn 0.000000 0.935357 0.353705
vn 0.307758 0.796358 0.520671
vn 0.303665 0.890360 0.339187
vn 0.625277 0.655541 0.423431
vn 0.617858 0.734825 0.279792
vn 0.894817 0.381942 0.231135
vn 0.889202 0.432802 0.148331
vn 0.904913 -0.416157 -0.089137
vn 0.999969 0.007613 0.001955
vn 0.652059 -0.739241 -0.168349
vn 0.327746 -0.920312 -0.213560
vn -0.000000 -0.974368 -0.224960
vn -0.327746 -0.920312 -0.213560
vn -0.652059 -0.739241 -0.168349
vn -0.904913 -0.416157 -0.089137
vn -0.999969 0.007613 0.001955
vn -0.887651 0.451620 0.090082
vn -0.617732 0.772152 0.148955
vn -0.306097 0.936039 0.173596
vn -0.000000 0.983828 0.179116
vn 0.306097 0.936039 0.173596
vn 0.617732 0.772152 0.148955
vn 0.887651 0.451620 0.090082
vn 0.999686 0.022004 -0.011980
vn 0.917340 -0.270765 -0.291847
vn 0.679502 -0.511217 -0.526245
vn 0.345995 -0.656747 -0.670053
vn 0.000000 -0.700548 -0.713605
vn -0.345995 -0.656747 -0.670053
vn -0.679502 -0.511217 -0.526245
vn -0.917340 -0.270765 -0.291847
vn -0.999686 0.022004 -0.011980
vn -0.898248 0.333186 0.286597
vn -0.633598 0.569879 0.523251
vn -0.315044 0.689290 0.652400
vn 0.000000 0.722615 0.691251
vn 0.315044 0.689290 0.652400
vn 0.633598 0.569879 0.523251
vn 0.898248 0.333186 0.286597
vn 0.657490 0.523302 -0.542091
vn 0.551718 0.386156 -0.739250
vn 0.384084 0.281368 -0.879381
vn 0.188730 0.216104 -0.957956
vn 0.000000 0.194155 -0.980971
vn -0.188730 0.216104 -0.957956
vn -0.384084 0.281368 -0.879381
vn -0.551718 0.386156 -0.739250
vn -0.657490 0.523302 -0.542091
vn -0.664788 0.683678 -0.301067
vn -0.544541 0.836782 -0.057194
vn -0.306769 0.943749 0.123408
vn -0.000000 0.981829 0.189770
vn 0.306769 0.943749 0.123408
vn 0.544541 0.836782 -0.057194
vn 0.664788 0.683678 -0.301067
vn 0.421056 0.613733 -0.667866
vn 0.357591 0.511909 -0.781075
vn 0.250748 0.432055 -0.866287
vn 0.124487 0.381733 -0.915851
vn 0.000000 0.366062 -0.930590
vn -0.124487 0.381733 -0.915851
vn -0.250748 0.432055 -0.866287
vn -0.357591 0.511909 -0.781075
vn -0.421056 0.613732 -0.667866
vn -0.423247 0.733580 -0.531717
vn -0.346790 0.850993 -0.394396
vn -0.196030 0.936101 -0.292041
vn -0.000000 0.967166 -0.254147
vn 0.196030 0.936101 -0.292041
vn 0.346790 0.850993 -0.394396
vn 0.423247 0.733580 -0.531716
vn 0.000000 -0.000000 1.000000
vn -0.000000 0.000000 1.000000
vn -0.000000 0.000000 1.000000
vn 0.000000 0.000000 1.000000
vn 0.000000 0.000000 1.000000
vn -0.000000 0.000000 1.000000
vn 0.000000 0.000000 1.000000
vn 0.000000 0.000000 1.000000
vn 0.000000 0.000000 1.000000
# 266 normals

vt 0.963247 0.500000 0.000000
vt 0.916462 0.309516 0.000000
vt 0.825800 0.311226 0.000000
vt 0.880567 0.500000 0.000000
vt 0.000000 0.987679 0.000000
vt 0.062500 0.987697 0.000000
vt 0.538222 0.461778 0.000000
vt 0.535321 0.500000 0.000000
vt -0.003659 -8106.500000 -0.011730
vt 0.826341 0.173659 0.000000
vt 0.778065 0.221935 0.000000
vt 0.125000 0.989273 0.000000
vt 0.517071 0.507071 0.000000
vt -100000.000000 2.845230 0.000000
vt 0.676289 0.074400 0.000000
vt 0.651763 0.133612 0.000000
vt 0.187500 0.990727 0.000000
vt 0.506493 0.515675 0.000000
vt 0.000000 0.982221 0.000000
vt 0.500000 0.039636 0.000000
vt 0.500000 0.102247 0.000000
vt 0.250000 0.991072 0.000000
vt 0.508433 0.520359 0.000000
vt 0.323711 0.074400 0.000000
vt 0.348237 0.133612 0.000000
vt 0.312500 0.990727 0.000000
vt 0.500000 0.521191 0.000000
vt 0.173659 0.173659 0.000000
vt 0.221935 0.221935 0.000000
vt 0.375000 0.989273 0.000000
vt 0.489059 0.526414 0.000000
vt 0.072635 0.322980 0.000000
vt 0.141563 0.351531 0.000000
vt 0.437500 0.987697 0.000000
vt 0.469818 0.530182 0.000000
vt 0.036753 0.500000 0.000000
vt 0.119433 0.500000 0.000000
vt 0.500000 0.987679 0.000000
vt 0.439156 0.500000 0.000000
vt 0.000185 15.466309 0.000367
vt 0.071748 0.677388 0.000000
vt 0.155492 0.642700 0.000000
vt 0.562500 0.988757 0.000000
vt 0.424654 0.468791 0.000000
vt 0.172126 0.827874 0.000000
vt 0.239736 0.760264 0.000000
vt 0.625000 0.989848 0.000000
vt 0.430136 0.430136 0.000000
vt 0.322918 0.927514 0.000000
vt 0.361745 0.833776 0.000000
vt 0.687500 0.990518 0.000000
vt 0.457980 0.398554 0.000000
vt 0.000000 2.875000 0.000000
vt 0.500000 0.962508 0.000000
vt 0.500000 0.859821 0.000000
vt 0.750000 0.990742 0.000000
vt 0.500000 0.386461 0.000000
vt -0.000082 13328.500000 -0.000183
vt 0.677082 0.927514 0.000000
vt 0.638255 0.833776 0.000000
vt 0.812500 0.990518 0.000000
vt 0.542020 0.398554 0.000000
vt 0.827874 0.827874 0.000000
vt 0.760264 0.760264 0.000000
vt 0.875000 0.989848 0.000000
vt 0.569864 0.430136 0.000000
vt 0.928252 0.677388 0.000000
vt 0.844508 0.642700 0.000000
vt 0.937500 0.988757 0.000000
vt 0.555480 0.444520 0.000000
vt 1.000000 0.987679 0.000000
vt 0.961940 0.691342 0.000000
vt 0.853553 0.853553 0.000000
vt 0.691342 0.961940 0.000000
vt 0.691342 0.038060 0.000000
vt 0.961940 0.308658 0.000000
vt -0.124875 1.003151 0.000000
vt -0.051704 1.003141 0.000000
vt 0.022751 0.997624 0.000000
vt -0.045978 0.997261 0.000000
vt -0.037656 1.002778 0.000000
vt 0.048358 1.002556 0.000000
vt 0.097265 0.998334 0.000000
vt 0.065572 1.002224 0.000000
vt 0.152598 1.002013 0.000000
vt 0.177438 0.998872 0.000000
vt 0.168675 1.001857 0.000000
vt 0.253754 1.001723 0.000000
vt 0.260034 0.999038 0.000000
vt 0.267857 1.001704 0.000000
vt 0.351557 1.001633 0.000000
vt 0.340051 0.998836 0.000000
vt 0.364045 1.001789 0.000000
vt 0.448123 1.001773 0.000000
vt 0.415443 0.998353 0.000000
vt 0.461658 1.002265 0.000000
vt 0.542412 1.002154 0.000000
vt 0.479137 0.997376 0.000000
vt 0.552959 1.002852 0.000000
vt 0.625141 1.002857 0.000000
vt 0.546076 0.997153 0.000000
vt 0.534580 0.995663 0.000000
vt 0.660700 0.999681 0.000000
vt 0.601687 0.996323 0.000000
vt 0.588592 0.995298 0.000000
vt 0.672807 0.996810 0.000000
vt 0.647559 0.995711 0.000000
vt 0.639621 0.995266 0.000000
vt 0.713221 0.996015 0.000000
vt 0.701428 0.995655 0.000000
vt 0.695475 0.995447 0.000000
vt 0.767711 0.995676 0.000000
vt 0.760093 0.995559 0.000000
vt 0.753947 0.995492 0.000000
vt 0.830006 0.995238 0.000000
vt 0.821979 0.995234 0.000000
vt 0.812838 0.995331 0.000000
vt 0.903124 0.994419 0.000000
vt 0.888271 0.994583 0.000000
vt 0.870443 0.995017 0.000000
vt 1.000778 0.993395 0.000000
vt 0.929235 0.994423 0.000000
vt 0.916788 0.994920 0.000000
vt 0.977123 1.004198 0.000000
vt 0.991577 0.997646 0.000000
vt 0.042406 0.994191 0.000000
vt -0.022353 0.993717 0.000000
vt 0.110532 0.995211 0.000000
vt 0.181984 0.996124 0.000000
vt 0.255769 0.996532 0.000000
vt 0.327604 0.996105 0.000000
vt 0.396098 0.995221 0.000000
vt 0.458548 0.994066 0.000000
vt 0.522400 0.993665 0.000000
vt 0.582568 0.993760 0.000000
vt 0.637416 0.994050 0.000000
vt 0.695447 0.994359 0.000000
vt 0.755824 0.994410 0.000000
vt 0.817909 0.994119 0.000000
vt 0.882304 0.993429 0.000000
vt 0.933267 0.992787 0.000000
vt 0.995905 0.993904 0.000000
vt 0.983676 0.582064 0.000000
vt 1.022597 0.386399 0.000000
vt 1.008305 0.541754 0.000000
vt 0.971835 0.641595 0.000000
vt 0.901392 0.781959 0.000000
vt 1.015178 0.611665 0.000000
vt 0.876263 0.819567 0.000000
vt 0.735072 0.932720 0.000000
vt 0.910275 0.815653 0.000000
vt 0.712934 0.947513 0.000000
vt 0.517307 0.996557 0.000000
vt 0.728915 0.954466 0.000000
vt 0.508673 0.998275 0.000000
vt 0.291307 0.958488 0.000000
vt 0.504430 1.000881 0.000000
vt 0.300091 0.960236 0.000000
vt 0.102508 0.824195 0.000000
vt 0.280589 0.943184 0.000000
vt 0.125589 0.839617 0.000000
vt -0.009783 0.619739 0.000000
vt 0.105111 0.791690 0.000000
vt 0.028506 0.643309 0.000000
vt -0.021743 0.390692 0.000000
vt 0.017073 0.585830 0.000000
vt -0.002406 0.512094 0.000000
vt 0.019960 0.399652 0.000000
vt -0.005238 0.526335 0.000000
vt 0.029192 0.353240 0.000000
vt 0.124230 0.179695 0.000000
vt -0.037598 0.421889 0.000000
vt 0.135213 0.163258 0.000000
vt 0.294304 0.047652 0.000000
vt 0.048470 0.211913 0.000000
vt 0.301424 0.042894 0.000000
vt 0.494582 0.001078 0.000000
vt 0.223827 0.054935 0.000000
vt 0.497275 0.000542 0.000000
vt 0.696774 0.039141 0.000000
vt 0.427650 -0.014391 0.000000
vt 0.694079 0.038605 0.000000
vt 0.867996 0.156097 0.000000
vt 0.625708 -0.005795 0.000000
vt 0.860856 0.151326 0.000000
vt 0.984210 0.341988 0.000000
vt 0.790965 0.052776 0.000000
vt 0.972851 0.324988 0.000000
vt 1.018084 0.590916 0.000000
vt 0.930496 0.150580 0.000000
vt 0.837968 0.500000 0.000000
vt 0.802014 0.625098 0.000000
vt 0.723754 0.723754 0.000000
vt 0.619434 0.788339 0.000000
vt 0.500000 0.809471 0.000000
vt 0.380566 0.788339 0.000000
vt 0.276246 0.723754 0.000000
vt 0.197986 0.625098 0.000000
vt 0.162032 0.500000 0.000000
vt 0.177639 0.366474 0.000000
vt 0.246080 0.246080 0.000000
vt 0.359768 0.161449 0.000000
vt 0.500000 0.130877 0.000000
vt 0.640232 0.161449 0.000000
vt 0.753920 0.246080 0.000000
vt 0.778348 0.312121 0.000000
vt 0.717571 0.500000 0.000000
vt 0.687037 0.577473 0.000000
vt 0.632911 0.632911 0.000000
vt 0.568598 0.665611 0.000000
vt 0.500000 0.675292 0.000000
vt 0.431402 0.665611 0.000000
vt 0.367089 0.632911 0.000000
vt 0.327447 0.606965 0.000000
vt 0.282429 0.500000 0.000000
vt 0.286034 0.411372 0.000000
vt 0.327879 0.327879 0.000000
vt 0.403783 0.267711 0.000000
vt 0.500000 0.245731 0.000000
vt 0.596217 0.267711 0.000000
vt 0.672121 0.327879 0.000000
vt 0.672949 0.360975 0.000000
# 222 texture coordinates

o Peg
usemtl default
f 1155/385/795 1124/384/794 1122/383/793 899/382/792
f 906/341/799 907/31/798 902/30/797 901/28/796
f 907/31/798 908/306/801 903/305/800 902/30/797
f 908/306/801 909/328/803 904/327/802 903/305/800
f 909/328/803 1073/387/805 1075/386/804 904/327/802
f 1137/389/808 900/318/807 1139/388/806
f 1124/384/794 1120/392/810 1118/391/809 1122/383/793
f 911/345/812 912/50/811 907/31/798 906/341/799
f 912/50/811 913/309/813 908/306/801 907/31/798
f 913/309/813 914/329/814 909/328/803 908/306/801
f 914/329/814 1071/393/815 1073/387/805 909/328/803
f 1135/394/816 900/318/807 1137/389/808
f 1120/392/810 1116/397/818 1114/396/817 1118/391/809
f 916/349/820 917/69/819 912/50/811 911/345/812
f 917/69/819 918/312/821 913/309/813 912/50/811
f 918/312/821 919/330/822 914/329/814 913/309/813
f 919/330/822 1069/398/823 1071/393/815 914/329/814
f 1133/399/824 900/318/807 1135/394/816
f 1116/397/818 1112/402/826 1110/401/825 1114/396/817
f 921/353/828 922/81/827 917/69/819 916/349/820
f 922/81/827 923/313/829 918/312/821 917/69/819
f 923/313/829 924/331/830 919/330/822 918/312/821
f 924/331/830 1067/403/831 1069/398/823 919/330/822
f 1131/404/832 900/318/807 1133/399/824
f 1112/402/826 1090/406/834 1086/405/833 1110/401/825
f 926/355/836 927/95/835 922/81/827 921/353/828
f 927/95/835 928/314/837 923/313/829 922/81/827
f 928/314/837 929/332/838 924/331/830 923/313/829
f 929/332/838 1065/407/839 1067/403/831 924/331/830
f 1129/408/840 900/318/807 1131/404/832
f 1090/406/834 1082/410/842 1078/409/841 1086/405/833
f 931/357/844 932/111/843 927/95/835 926/355/836
f 932/111/843 933/315/845 928/314/837 927/95/835
f 933/315/845 934/334/846 929/332/838 928/314/837
f 934/334/846 1063/411/847 1065/407/839 929/332/838
f 1127/412/848 900/318/807 1129/408/840
f 1082/410/842 993/414/850 989/413/849 1078/409/841
f 936/359/852 937/127/851 932/111/843 931/357/844
f 937/127/851 938/316/853 933/315/845 932/111/843
f 938/316/853 939/335/854 934/334/846 933/315/845
f 939/335/854 1061/415/855 1063/411/847 934/334/846
f 1125/416/856 900/318/807 1127/412/848
f 993/414/850 985/418/858 981/417/857 989/413/849
f 941/361/860 942/145/859 937/127/851 936/359/852
f 942/145/859 943/318/861 938/316/853 937/127/851
f 943/318/861 944/336/862 939/335/854 938/316/853
f 944/336/862 940/419/863 1061/415/855 939/335/854
f 988/420/864 900/318/807 1125/416/856
f 985/418/858 1141/423/866 1142/422/865 981/417/857
f 946/363/868 947/164/867 942/145/859 941/361/860
f 947/164/867 948/320/869 943/318/861 942/145/859
f 948/320/869 949/337/870 944/336/862 943/318/861
f 949/337/870 980/424/871 940/419/863 944/336/862
f 996/425/872 900/318/807 988/420/864
f 1141/423/866 1143/427/874 1144/426/873 1142/422/865
f 951/367/876 952/177/875 947/164/867 946/363/868
f 952/177/875 953/321/877 948/320/869 947/164/867
f 953/321/877 954/338/878 949/337/870 948/320/869
f 954/338/878 1003/428/879 980/424/871 949/337/870
f 1083/429/880 900/318/807 996/425/872
f 1143/427/874 1145/431/882 1146/430/881 1144/426/873
f 956/371/884 957/185/883 952/177/875 951/367/876
f 957/185/883 958/322/885 953/321/877 952/177/875
f 958/322/885 959/333/886 954/338/878 953/321/877
f 959/333/886 1011/432/887 1003/428/879 954/338/878
f 1091/433/888 900/318/807 1083/429/880
f 1145/431/882 1147/436/890 1148/435/889 1146/430/881
f 961/374/892 962/196/891 957/185/883 956/371/884
f 962/196/891 963/323/893 958/322/885 957/185/883
f 963/323/893 964/324/894 959/333/886 958/322/885
f 964/324/894 1015/437/895 1011/432/887 959/333/886
f 1095/438/896 900/318/807 1091/433/888
f 1147/436/890 1149/441/898 1150/440/897 1148/435/889
f 966/376/900 967/208/899 962/196/891 961/374/892
f 967/208/899 968/326/901 963/323/893 962/196/891
f 968/326/901 969/325/902 964/324/894 963/323/893
f 969/325/902 1019/442/903 1015/437/895 964/324/894
f 1099/443/904 900/318/807 1095/438/896
f 1149/441/898 1151/445/906 1152/444/905 1150/440/897
f 971/378/908 972/219/907 967/208/899 966/376/900
f 972/219/907 973/319/909 968/326/901 967/208/899
f 973/319/909 974/317/910 969/325/902 968/326/901
f 974/317/910 1023/446/911 1019/442/903 969/325/902
f 1103/447/912 900/318/807 1099/443/904
f 1151/445/906 1153/449/914 1154/448/913 1152/444/905
f 976/380/916 977/231/915 972/219/907 971/378/908
f 977/231/915 978/310/917 973/319/909 972/219/907
f 978/310/917 979/307/918 974/317/910 973/319/909
f 979/307/918 1027/450/919 1023/446/911 974/317/910
f 1107/451/920 900/318/807 1103/447/912
f 1153/449/914 1155/385/795 899/382/792 1154/448/913
f 901/27/796 902/238/797 977/231/915 976/380/916
f 902/238/797 903/311/800 978/310/917 977/231/915
f 903/311/800 904/308/802 979/307/918 978/310/917
f 904/308/802 1075/452/804 1027/450/919 979/307/918
f 1139/388/806 900/318/807 1107/451/920
f 1092/311/924 1059/311/923 1057/453/922 1088/453/921
f 1088/453/921 1057/453/922 1055/347/926 1084/454/925
f 1084/454/925 1055/347/926 1053/455/928 1080/455/927
f 1080/455/927 1053/455/928 1051/352/930 995/352/929
f 995/352/929 1051/352/930 1049/348/932 991/348/931
f 991/348/931 1049/348/932 1047/344/934 987/344/933
f 987/344/933 1047/344/934 1045/340/936 983/340/935
f 983/340/935 1045/340/936 935/305/938 1123/305/937
f 1123/305/937 935/305/938 975/365/940 1121/365/939
f 1121/365/939 975/365/940 1004/369/942 1119/369/941
f 1119/369/941 1004/369/942 1012/373/944 1117/373/943
f 1117/373/943 1012/373/944 1031/361/946 1115/361/945
f 1115/361/945 1031/361/946 1035/456/948 1113/456/947
f 1113/456/947 1035/456/948 1039/366/950 1111/366/949
f 1111/366/949 1039/366/950 1043/457/952 1109/362/951
f 1109/362/951 1043/457/952 1059/311/923 1092/311/924
f 1009/461/956 1005/460/955 1006/459/954 1010/458/953
f 1005/460/955 1001/464/958 1002/463/957 1006/462/954
f 1001/464/958 997/467/960 998/466/959 1002/465/957
f 997/467/960 970/470/962 965/469/961 998/468/959
f 970/470/962 950/473/964 945/472/963 965/471/961
f 950/473/964 930/476/966 925/475/965 945/474/963
f 930/476/966 910/479/968 905/478/967 925/477/965
f 910/479/968 1028/482/970 1044/481/969 905/480/967
f 1028/482/970 1026/485/972 1042/484/971 1044/483/969
f 1026/485/972 1024/488/974 1040/487/973 1042/486/971
f 1024/488/974 1022/491/976 1038/490/975 1040/489/973
f 1022/491/976 1020/494/978 1036/493/977 1038/492/975
f 1020/494/978 1018/497/980 1034/496/979 1036/495/977
f 1018/497/980 1016/500/982 1032/499/981 1034/498/979
f 1016/500/982 1014/503/984 1030/502/983 1032/501/981
f 1014/503/984 1009/506/956 1010/505/953 1030/504/983
f 1076/508/986 1074/507/985 1005/460/955 1009/461/956
f 1074/507/985 1072/509/987 1001/464/958 1005/460/955
f 1072/509/987 1070/510/988 997/467/960 1001/464/958
f 1070/510/988 1068/511/989 970/470/962 997/467/960
f 1068/511/989 1066/512/990 950/473/964 970/470/962
f 1066/512/990 1064/513/991 930/476/966 950/473/964
f 1064/513/991 1062/514/992 910/479/968 930/476/966
f 1062/514/992 920/515/993 1028/482/970 910/479/968
f 920/515/993 960/516/994 1026/485/972 1028/482/970
f 960/516/994 999/517/995 1024/488/974 1026/485/972
f 999/517/995 1007/518/996 1022/491/976 1024/488/974
f 1007/518/996 1013/519/997 1020/494/978 1022/491/976
f 1013/519/997 1017/520/998 1018/497/980 1020/494/978
f 1017/520/998 1021/521/999 1016/500/982 1018/497/980
f 1021/521/999 1025/522/1000 1014/503/984 1016/500/982
f 1025/522/1000 1076/523/986 1009/506/956 1014/503/984
f 1058/527/1002 1060/526/1001 1010/525/953 1006/524/954
f 1056/530/1003 1058/527/1002 1006/529/954 1002/528/957
f 1054/533/1004 1056/530/1003 1002/532/957 998/531/959
f 1052/536/1005 1054/533/1004 998/535/959 965/534/961
f 1050/539/1006 1052/536/1005 965/538/961 945/537/963
f 1048/542/1007 1050/539/1006 945/541/963 925/540/965
f 1046/545/1008 1048/542/1007 925/544/965 905/543/967
f 915/548/1009 1046/545/1008 905/547/967 1044/546/969
f 955/551/1010 915/548/1009 1044/550/969 1042/549/971
f 1000/554/1011 955/551/1010 1042/553/971 1040/552/973
f 1008/557/1012 1000/554/1011 1040/556/973 1038/555/975
f 1029/560/1013 1008/557/1012 1038/559/975 1036/558/977
f 1033/563/1014 1029/560/1013 1036/562/977 1034/561/979
f 1037/566/1015 1033/563/1014 1034/565/979 1032/564/981
f 1041/569/1016 1037/566/1015 1032/568/981 1030/567/983
f 1060/526/1001 1041/569/1016 1030/571/983 1010/570/953
f 1057/453/922 1059/311/923 1060/526/1001 1058/527/1002
f 1055/347/926 1057/453/922 1058/527/1002 1056/530/1003
f 1053/455/928 1055/347/926 1056/530/1003 1054/533/1004
f 1051/352/930 1053/455/928 1054/533/1004 1052/536/1005
f 1049/348/932 1051/352/930 1052/536/1005 1050/539/1006
f 1047/344/934 1049/348/932 1050/539/1006 1048/542/1007
f 1045/340/936 1047/344/934 1048/542/1007 1046/545/1008
f 935/305/938 1045/340/936 1046/545/1008 915/548/1009
f 975/365/940 935/305/938 915/548/1009 955/551/1010
f 1004/369/942 975/365/940 955/551/1010 1000/554/1011
f 1012/373/944 1004/369/942 1000/554/1011 1008/557/1012
f 1031/361/946 1012/373/944 1008/557/1012 1029/560/1013
f 1035/456/948 1031/361/946 1029/560/1013 1033/563/1014
f 1039/366/950 1035/456/948 1033/563/1014 1037/566/1015
f 1043/457/952 1039/366/950 1037/566/1015 1041/569/1016
f 1059/311/923 1043/457/952 1041/569/1016 1060/526/1001
f 1075/386/804 1073/387/805 1074/507/985 1076/508/986
f 1073/387/805 1071/393/815 1072/509/987 1074/507/985
f 1071/393/815 1069/398/823 1070/510/988 1072/509/987
f 1069/398/823 1067/403/831 1068/511/989 1070/510/988
f 1067/403/831 1065/407/839 1066/512/990 1068/511/989
f 1065/407/839 1063/411/847 1064/513/991 1066/512/990
f 1063/411/847 1061/415/855 1062/514/992 1064/513/991
f 1061/415/855 940/419/863 920/515/993 1062/514/992
f 940/419/863 980/424/871 960/516/994 920/515/993
f 980/424/871 1003/428/879 999/517/995 960/516/994
f 1003/428/879 1011/432/887 1007/518/996 999/517/995
f 1011/432/887 1015/437/895 1013/519/997 1007/518/996
f 1015/437/895 1019/442/903 1017/520/998 1013/519/997
f 1019/442/903 1023/446/911 1021/521/999 1017/520/998
f 1023/446/911 1027/450/919 1025/522/1000 1021/521/999
f 1027/450/919 1075/452/804 1076/523/986 1025/522/1000
f 1085/573/1018 1089/572/1017 1155/385/795 1153/449/914
f 1081/574/1019 1085/573/1018 1153/449/914 1151/445/906
f 1077/575/1020 1081/574/1019 1151/445/906 1149/441/898
f 994/576/1021 1077/575/1020 1149/441/898 1147/436/890
f 990/577/1022 994/576/1021 1147/436/890 1145/431/882
f 986/578/1023 990/577/1022 1145/431/882 1143/427/874
f 982/579/1024 986/578/1023 1143/427/874 1141/423/866
f 1108/580/1025 982/579/1024 1141/423/866 985/418/858
f 1106/581/1026 1108/580/1025 985/418/858 993/414/850
f 1104/582/1027 1106/581/1026 993/414/850 1082/410/842
f 1102/583/1028 1104/582/1027 1082/410/842 1090/406/834
f 1100/584/1029 1102/583/1028 1090/406/834 1112/402/826
f 1098/585/1030 1100/584/1029 1112/402/826 1116/397/818
f 1096/586/1031 1098/585/1030 1116/397/818 1120/392/810
f 1094/587/1032 1096/586/1031 1120/392/810 1124/384/794
f 1089/572/1017 1094/587/1032 1124/384/794 1155/385/795
f 1138/589/1034 1140/588/1033 1089/572/1017 1085/573/1018
f 1136/590/1035 1138/589/1034 1085/573/1018 1081/574/1019
f 1134/591/1036 1136/590/1035 1081/574/1019 1077/575/1020
f 1132/592/1037 1134/591/1036 1077/575/1020 994/576/1021
f 1130/593/1038 1132/592/1037 994/576/1021 990/577/1022
f 1128/594/1039 1130/593/1038 990/577/1022 986/578/1023
f 1126/595/1040 1128/594/1039 986/578/1023 982/579/1024
f 984/596/1041 1126/595/1040 982/579/1024 1108/580/1025
f 992/597/1042 984/596/1041 1108/580/1025 1106/581/1026
f 1079/598/1043 992/597/1042 1106/581/1026 1104/582/1027
f 1087/599/1044 1079/598/1043 1104/582/1027 1102/583/1028
f 1093/600/1045 1087/599/1044 1102/583/1028 1100/584/1029
f 1097/601/1046 1093/600/1045 1100/584/1029 1098/585/1030
f 1101/602/1047 1097/601/1046 1098/585/1030 1096/586/1031
f 1105/603/1048 1101/602/1047 1096/586/1031 1094/587/1032
f 1140/588/1033 1105/603/1048 1094/587/1032 1089/572/1017
f 1092/311/924 1088/453/921 1154/448/913 899/382/792
f 1088/453/921 1084/454/925 1152/444/905 1154/448/913
f 1084/454/925 1080/455/927 1150/440/897 1152/444/905
f 1080/455/927 995/352/929 1148/435/889 1150/440/897
f 995/352/929 991/348/931 1146/430/881 1148/435/889
f 991/348/931 987/344/933 1144/426/873 1146/430/881
f 987/344/933 983/340/935 1142/422/865 1144/426/873
f 983/340/935 1123/305/937 981/417/857 1142/422/865
f 1123/305/937 1121/365/939 989/413/849 981/417/857
f 1121/365/939 1119/369/941 1078/409/841 989/413/849
f 1119/369/941 1117/373/943 1086/405/833 1078/409/841
f 1117/373/943 1115/361/945 1110/401/825 1086/405/833
f 1115/361/945 1113/456/947 1114/396/817 1110/401/825
f 1113/456/947 1111/366/949 1118/391/809 1114/396/817
f 1111/366/949 1109/362/951 1122/383/793 1118/391/809
f 1109/362/951 1092/311/924 899/382/792 1122/383/793
f 1137/389/808 1139/388/806 1140/588/1033 1138/589/1034
f 1135/394/816 1137/389/808 1138/589/1034 1136/590/1035
f 1133/399/824 1135/394/816 1136/590/1035 1134/591/1036
f 1131/404/832 1133/399/824 1134/591/1036 1132/592/1037
f 1129/408/840 1131/404/832 1132/592/1037 1130/593/1038
f 1127/412/848 1129/408/840 1130/593/1038 1128/594/1039
f 1125/416/856 1127/412/848 1128/594/1039 1126/595/1040
f 988/420/864 1125/416/856 1126/595/1040 984/596/1041
f 996/425/872 988/420/864 984/596/1041 992/597/1042
f 1083/429/880 996/425/872 992/597/1042 1079/598/1043
f 1091/433/888 1083/429/880 1079/598/1043 1087/599/1044
f 1095/438/896 1091/433/888 1087/599/1044 1093/600/1045
f 1099/443/904 1095/438/896 1093/600/1045 1097/601/1046
f 1103/447/912 1099/443/904 1097/601/1046 1101/602/1047
f 1107/451/920 1103/447/912 1101/602/1047 1105/603/1048
f 1139/388/806 1107/451/920 1105/603/1048 1140/588/1033
f 951/367/1051 946/363/1054 941/361/1050 936/359/1049 931/357/1053 926/355/1055 921/353/1056 916/349/1055 911/345/1053 906/341/1049 901/27/1050 976/380/1054 971/378/1051 966/376/1052 961/25/1057 956/371/1052

