# 3ds Max Wavefront OBJ Exporter v0.97b - (c)2007 guruware
# File Created: 06.01.2023 18:32:21

mtllib InflatablePool.mtl

#
# object InflatablePool
#

v  -0.0000 3.2652 -19.7313
v  -0.0000 3.8905 -19.6070
v  -0.0000 4.4205 -19.2528
v  -0.0000 4.7747 -18.7227
v  -0.0000 4.8991 -18.0975
v  -0.0000 4.7747 -17.4722
v  -0.0000 4.4205 -16.9422
v  -0.0000 3.8905 -16.5880
v  -0.0000 3.2652 -16.4636
v  -0.0000 2.6400 -16.5880
v  -0.0000 2.1099 -16.9422
v  -0.0000 1.7557 -17.4722
v  -0.0000 1.6314 -18.0975
v  -0.0000 1.7557 -18.7227
v  -0.0000 2.1099 -19.2528
v  -0.0000 2.6400 -19.6070
v  2.0625 3.2652 -19.6232
v  2.0495 3.8905 -19.4996
v  2.0125 4.4205 -19.1473
v  1.9571 4.7747 -18.6202
v  1.8917 4.8991 -17.9983
v  1.8263 4.7747 -17.3765
v  1.7709 4.4205 -16.8494
v  1.7339 3.8905 -16.4971
v  1.7209 3.2652 -16.3734
v  1.7339 2.6400 -16.4971
v  1.7709 2.1099 -16.8494
v  1.8263 1.7557 -17.3765
v  1.8917 1.6314 -17.9983
v  1.9571 1.7557 -18.6202
v  2.0125 2.1099 -19.1473
v  2.0495 2.6400 -19.4996
v  4.1024 3.2652 -19.3002
v  4.0765 3.8905 -19.1785
v  4.0029 4.4205 -18.8321
v  3.8927 4.7747 -18.3136
v  3.7627 4.8991 -17.7020
v  3.6327 4.7747 -17.0904
v  3.5225 4.4205 -16.5719
v  3.4488 3.8905 -16.2255
v  3.4230 3.2652 -16.1039
v  3.4488 2.6400 -16.2255
v  3.5225 2.1099 -16.5719
v  3.6327 1.7557 -17.0904
v  3.7627 1.6314 -17.7020
v  3.8927 1.7557 -18.3136
v  4.0029 2.1099 -18.8321
v  4.0765 2.6400 -19.1785
v  6.0973 3.2652 -18.7656
v  6.0589 3.8905 -18.6473
v  5.9494 4.4205 -18.3105
v  5.7856 4.7747 -17.8064
v  5.5924 4.8991 -17.2117
v  5.3992 4.7747 -16.6171
v  5.2354 4.4205 -16.1130
v  5.1260 3.8905 -15.7761
v  5.0875 3.2652 -15.6578
v  5.1260 2.6400 -15.7761
v  5.2354 2.1099 -16.1130
v  5.3992 1.7557 -16.6171
v  5.5924 1.6314 -17.2117
v  5.7856 1.7557 -17.8064
v  5.9494 2.1099 -18.3105
v  6.0589 2.6400 -18.6473
v  8.0255 3.2652 -18.0255
v  7.9749 3.8905 -17.9119
v  7.8308 4.4205 -17.5883
v  7.6152 4.7747 -17.1041
v  7.3609 4.8991 -16.5329
v  7.1066 4.7747 -15.9617
v  6.8910 4.4205 -15.4774
v  6.7469 3.8905 -15.1539
v  6.6964 3.2652 -15.0403
v  6.7469 2.6400 -15.1539
v  6.8910 2.1099 -15.4774
v  7.1066 1.7557 -15.9617
v  7.3609 1.6314 -16.5329
v  7.6152 1.7557 -17.1041
v  7.8308 2.1099 -17.5883
v  7.9749 2.6400 -17.9119
v  9.8657 3.2652 -17.0878
v  9.8035 3.8905 -16.9801
v  9.6264 4.4205 -16.6734
v  9.3614 4.7747 -16.2144
v  9.0487 4.8991 -15.6729
v  8.7361 4.7747 -15.1314
v  8.4711 4.4205 -14.6723
v  8.2940 3.8905 -14.3656
v  8.2318 3.2652 -14.2579
v  8.2940 2.6400 -14.3656
v  8.4711 2.1099 -14.6723
v  8.7361 1.7557 -15.1314
v  9.0487 1.6314 -15.6729
v  9.3614 1.7557 -16.2144
v  9.6264 2.1099 -16.6734
v  9.8035 2.6400 -16.9801
v  11.5978 3.2652 -15.9630
v  11.5247 3.8905 -15.8624
v  11.3165 4.4205 -15.5758
v  11.0049 4.7747 -15.1470
v  10.6374 4.8991 -14.6412
v  10.2699 4.7747 -14.1353
v  9.9584 4.4205 -13.7065
v  9.7502 3.8905 -13.4200
v  9.6771 3.2652 -13.3194
v  9.7502 2.6400 -13.4200
v  9.9584 2.1099 -13.7065
v  10.2699 1.7557 -14.1353
v  10.6374 1.6314 -14.6412
v  11.0049 1.7557 -15.1470
v  11.3165 2.1099 -15.5758
v  11.5247 2.6400 -15.8624
v  13.2028 3.2652 -14.6632
v  13.1196 3.8905 -14.5708
v  12.8826 4.4205 -14.3076
v  12.5280 4.7747 -13.9137
v  12.1096 4.8991 -13.4490
v  11.6912 4.7747 -12.9844
v  11.3365 4.4205 -12.5905
v  11.0995 3.8905 -12.3273
v  11.0163 3.2652 -12.2349
v  11.0995 2.6400 -12.3273
v  11.3365 2.1099 -12.5905
v  11.6912 1.7557 -12.9844
v  12.1096 1.6314 -13.4490
v  12.5280 1.7557 -13.9137
v  12.8826 2.1099 -14.3076
v  13.1196 2.6400 -14.5708
v  14.6632 3.2652 -13.2028
v  14.5708 3.8905 -13.1196
v  14.3076 4.4205 -12.8826
v  13.9137 4.7747 -12.5280
v  13.4490 4.8991 -12.1096
v  12.9844 4.7747 -11.6912
v  12.5905 4.4205 -11.3365
v  12.3273 3.8905 -11.0995
v  12.2349 3.2652 -11.0163
v  12.3273 2.6400 -11.0995
v  12.5905 2.1099 -11.3365
v  12.9844 1.7557 -11.6912
v  13.4490 1.6314 -12.1096
v  13.9137 1.7557 -12.5280
v  14.3076 2.1099 -12.8826
v  14.5708 2.6400 -13.1196
v  15.9630 3.2652 -11.5978
v  15.8624 3.8905 -11.5247
v  15.5758 4.4205 -11.3165
v  15.1470 4.7747 -11.0049
v  14.6412 4.8991 -10.6374
v  14.1353 4.7747 -10.2699
v  13.7065 4.4205 -9.9584
v  13.4200 3.8905 -9.7502
v  13.3194 3.2652 -9.6771
v  13.4200 2.6400 -9.7502
v  13.7065 2.1099 -9.9584
v  14.1353 1.7557 -10.2699
v  14.6412 1.6314 -10.6374
v  15.1470 1.7557 -11.0049
v  15.5758 2.1099 -11.3165
v  15.8624 2.6400 -11.5247
v  17.0878 3.2652 -9.8657
v  16.9801 3.8905 -9.8035
v  16.6734 4.4205 -9.6264
v  16.2144 4.7747 -9.3614
v  15.6729 4.8991 -9.0487
v  15.1314 4.7747 -8.7361
v  14.6723 4.4205 -8.4711
v  14.3656 3.8905 -8.2940
v  14.2579 3.2652 -8.2318
v  14.3656 2.6400 -8.2940
v  14.6723 2.1099 -8.4711
v  15.1314 1.7557 -8.7361
v  15.6729 1.6314 -9.0487
v  16.2144 1.7557 -9.3614
v  16.6734 2.1099 -9.6264
v  16.9801 2.6400 -9.8035
v  18.0255 3.2652 -8.0255
v  17.9119 3.8905 -7.9749
v  17.5883 4.4205 -7.8308
v  17.1041 4.7747 -7.6152
v  16.5329 4.8991 -7.3609
v  15.9617 4.7747 -7.1066
v  15.4774 4.4205 -6.8910
v  15.1539 3.8905 -6.7469
v  15.0403 3.2652 -6.6964
v  15.1539 2.6400 -6.7469
v  15.4774 2.1099 -6.8910
v  15.9617 1.7557 -7.1066
v  16.5329 1.6314 -7.3609
v  17.1041 1.7557 -7.6152
v  17.5883 2.1099 -7.8308
v  17.9119 2.6400 -7.9749
v  18.7656 3.2652 -6.0973
v  18.6473 3.8905 -6.0589
v  18.3105 4.4205 -5.9494
v  17.8064 4.7747 -5.7856
v  17.2117 4.8991 -5.5924
v  16.6171 4.7747 -5.3992
v  16.1130 4.4205 -5.2354
v  15.7761 3.8905 -5.1260
v  15.6578 3.2652 -5.0875
v  15.7761 2.6400 -5.1260
v  16.1130 2.1099 -5.2354
v  16.6171 1.7557 -5.3992
v  17.2117 1.6314 -5.5924
v  17.8064 1.7557 -5.7856
v  18.3105 2.1099 -5.9494
v  18.6473 2.6400 -6.0589
v  19.3002 3.2652 -4.1024
v  19.1785 3.8905 -4.0765
v  18.8321 4.4205 -4.0029
v  18.3136 4.7747 -3.8927
v  17.7020 4.8991 -3.7627
v  17.0904 4.7747 -3.6327
v  16.5719 4.4205 -3.5225
v  16.2255 3.8905 -3.4488
v  16.1039 3.2652 -3.4230
v  16.2255 2.6400 -3.4488
v  16.5719 2.1099 -3.5225
v  17.0904 1.7557 -3.6327
v  17.7020 1.6314 -3.7627
v  18.3136 1.7557 -3.8927
v  18.8321 2.1099 -4.0029
v  19.1785 2.6400 -4.0765
v  19.6232 3.2652 -2.0625
v  19.4996 3.8905 -2.0495
v  19.1473 4.4205 -2.0125
v  18.6202 4.7747 -1.9571
v  17.9983 4.8991 -1.8917
v  17.3765 4.7747 -1.8263
v  16.8494 4.4205 -1.7709
v  16.4971 3.8905 -1.7339
v  16.3734 3.2652 -1.7209
v  16.4971 2.6400 -1.7339
v  16.8494 2.1099 -1.7709
v  17.3765 1.7557 -1.8263
v  17.9983 1.6314 -1.8917
v  18.6202 1.7557 -1.9571
v  19.1473 2.1099 -2.0125
v  19.4996 2.6400 -2.0495
v  19.7313 3.2652 -0.0000
v  19.6070 3.8905 -0.0000
v  19.2528 4.4205 -0.0000
v  18.7227 4.7747 -0.0000
v  18.0975 4.8991 -0.0000
v  17.4722 4.7747 -0.0000
v  16.9422 4.4205 -0.0000
v  16.5880 3.8905 -0.0000
v  16.4636 3.2652 -0.0000
v  16.5880 2.6400 -0.0000
v  16.9422 2.1099 -0.0000
v  17.4722 1.7557 -0.0000
v  18.0975 1.6314 -0.0000
v  18.7227 1.7557 -0.0000
v  19.2528 2.1099 -0.0000
v  19.6070 2.6400 -0.0000
v  19.6232 3.2652 2.0625
v  19.4996 3.8905 2.0495
v  19.1473 4.4205 2.0125
v  18.6202 4.7747 1.9571
v  17.9983 4.8991 1.8917
v  17.3765 4.7747 1.8263
v  16.8494 4.4205 1.7709
v  16.4971 3.8905 1.7339
v  16.3734 3.2652 1.7209
v  16.4971 2.6400 1.7339
v  16.8494 2.1099 1.7709
v  17.3765 1.7557 1.8263
v  17.9983 1.6314 1.8917
v  18.6202 1.7557 1.9571
v  19.1473 2.1099 2.0125
v  19.4996 2.6400 2.0495
v  19.3002 3.2652 4.1024
v  19.1785 3.8905 4.0765
v  18.8321 4.4205 4.0029
v  18.3136 4.7747 3.8927
v  17.7020 4.8991 3.7627
v  17.0904 4.7747 3.6327
v  16.5719 4.4205 3.5225
v  16.2255 3.8905 3.4488
v  16.1039 3.2652 3.4230
v  16.2255 2.6400 3.4488
v  16.5719 2.1099 3.5225
v  17.0904 1.7557 3.6327
v  17.7020 1.6314 3.7627
v  18.3136 1.7557 3.8927
v  18.8321 2.1099 4.0029
v  19.1785 2.6400 4.0765
v  18.7656 3.2652 6.0973
v  18.6473 3.8905 6.0589
v  18.3105 4.4205 5.9494
v  17.8064 4.7747 5.7856
v  17.2117 4.8991 5.5924
v  16.6171 4.7747 5.3992
v  16.1130 4.4205 5.2354
v  15.7761 3.8905 5.1260
v  15.6578 3.2652 5.0875
v  15.7761 2.6400 5.1260
v  16.1130 2.1099 5.2354
v  16.6171 1.7557 5.3992
v  17.2117 1.6314 5.5924
v  17.8064 1.7557 5.7856
v  18.3105 2.1099 5.9494
v  18.6473 2.6400 6.0589
v  18.0255 3.2652 8.0255
v  17.9119 3.8905 7.9749
v  17.5883 4.4205 7.8308
v  17.1041 4.7747 7.6152
v  16.5329 4.8991 7.3609
v  15.9617 4.7747 7.1066
v  15.4774 4.4205 6.8910
v  15.1539 3.8905 6.7469
v  15.0403 3.2652 6.6964
v  15.1539 2.6400 6.7469
v  15.4774 2.1099 6.8910
v  15.9617 1.7557 7.1066
v  16.5329 1.6314 7.3609
v  17.1041 1.7557 7.6152
v  17.5883 2.1099 7.8308
v  17.9119 2.6400 7.9749
v  17.0878 3.2652 9.8657
v  16.9801 3.8905 9.8035
v  16.6734 4.4205 9.6264
v  16.2144 4.7747 9.3614
v  15.6729 4.8991 9.0487
v  15.1314 4.7747 8.7361
v  14.6723 4.4205 8.4711
v  14.3656 3.8905 8.2940
v  14.2579 3.2652 8.2318
v  14.3656 2.6400 8.2940
v  14.6723 2.1099 8.4711
v  15.1314 1.7557 8.7361
v  15.6729 1.6314 9.0487
v  16.2144 1.7557 9.3614
v  16.6734 2.1099 9.6264
v  16.9801 2.6400 9.8035
v  15.9630 3.2652 11.5978
v  15.8624 3.8905 11.5247
v  15.5758 4.4205 11.3165
v  15.1470 4.7747 11.0049
v  14.6412 4.8991 10.6374
v  14.1353 4.7747 10.2699
v  13.7065 4.4205 9.9584
v  13.4200 3.8905 9.7502
v  13.3194 3.2652 9.6771
v  13.4200 2.6400 9.7502
v  13.7065 2.1099 9.9584
v  14.1353 1.7557 10.2699
v  14.6412 1.6314 10.6374
v  15.1470 1.7557 11.0049
v  15.5758 2.1099 11.3165
v  15.8624 2.6400 11.5247
v  14.6632 3.2652 13.2028
v  14.5708 3.8905 13.1196
v  14.3076 4.4205 12.8826
v  13.9137 4.7747 12.5280
v  13.4490 4.8991 12.1096
v  12.9844 4.7747 11.6912
v  12.5905 4.4205 11.3365
v  12.3273 3.8905 11.0995
v  12.2349 3.2652 11.0163
v  12.3273 2.6400 11.0995
v  12.5905 2.1099 11.3365
v  12.9844 1.7557 11.6912
v  13.4490 1.6314 12.1096
v  13.9137 1.7557 12.5280
v  14.3076 2.1099 12.8826
v  14.5708 2.6400 13.1196
v  13.2028 3.2652 14.6632
v  13.1196 3.8905 14.5708
v  12.8826 4.4205 14.3076
v  12.5280 4.7747 13.9137
v  12.1096 4.8991 13.4490
v  11.6912 4.7747 12.9844
v  11.3365 4.4205 12.5905
v  11.0995 3.8905 12.3273
v  11.0163 3.2652 12.2349
v  11.0995 2.6400 12.3273
v  11.3365 2.1099 12.5905
v  11.6912 1.7557 12.9844
v  12.1096 1.6314 13.4490
v  12.5280 1.7557 13.9137
v  12.8826 2.1099 14.3076
v  13.1196 2.6400 14.5708
v  11.5978 3.2652 15.9630
v  11.5247 3.8905 15.8624
v  11.3165 4.4205 15.5758
v  11.0049 4.7747 15.1470
v  10.6374 4.8991 14.6412
v  10.2699 4.7747 14.1353
v  9.9584 4.4205 13.7065
v  9.7502 3.8905 13.4200
v  9.6771 3.2652 13.3194
v  9.7502 2.6400 13.4200
v  9.9584 2.1099 13.7065
v  10.2699 1.7557 14.1353
v  10.6374 1.6314 14.6412
v  11.0049 1.7557 15.1470
v  11.3165 2.1099 15.5758
v  11.5247 2.6400 15.8624
v  9.8657 3.2652 17.0878
v  9.8035 3.8905 16.9801
v  9.6264 4.4205 16.6734
v  9.3614 4.7747 16.2144
v  9.0487 4.8991 15.6729
v  8.7361 4.7747 15.1314
v  8.4711 4.4205 14.6723
v  8.2940 3.8905 14.3656
v  8.2318 3.2652 14.2579
v  8.2940 2.6400 14.3656
v  8.4711 2.1099 14.6723
v  8.7361 1.7557 15.1314
v  9.0487 1.6314 15.6729
v  9.3614 1.7557 16.2144
v  9.6264 2.1099 16.6734
v  9.8035 2.6400 16.9801
v  8.0255 3.2652 18.0255
v  7.9749 3.8905 17.9119
v  7.8308 4.4205 17.5883
v  7.6152 4.7747 17.1041
v  7.3609 4.8991 16.5329
v  7.1066 4.7747 15.9617
v  6.8910 4.4205 15.4774
v  6.7469 3.8905 15.1539
v  6.6964 3.2652 15.0403
v  6.7469 2.6400 15.1539
v  6.8910 2.1099 15.4774
v  7.1066 1.7557 15.9617
v  7.3609 1.6314 16.5329
v  7.6152 1.7557 17.1041
v  7.8308 2.1099 17.5883
v  7.9749 2.6400 17.9119
v  6.0973 3.2652 18.7656
v  6.0589 3.8905 18.6473
v  5.9494 4.4205 18.3105
v  5.7856 4.7747 17.8064
v  5.5924 4.8991 17.2117
v  5.3992 4.7747 16.6171
v  5.2354 4.4205 16.1130
v  5.1260 3.8905 15.7761
v  5.0875 3.2652 15.6578
v  5.1260 2.6400 15.7761
v  5.2354 2.1099 16.1130
v  5.3992 1.7557 16.6171
v  5.5924 1.6314 17.2117
v  5.7856 1.7557 17.8064
v  5.9494 2.1099 18.3105
v  6.0589 2.6400 18.6473
v  4.1024 3.2652 19.3002
v  4.0765 3.8905 19.1785
v  4.0029 4.4205 18.8321
v  3.8927 4.7747 18.3136
v  3.7627 4.8991 17.7020
v  3.6327 4.7747 17.0904
v  3.5225 4.4205 16.5719
v  3.4488 3.8905 16.2255
v  3.4230 3.2652 16.1039
v  3.4488 2.6400 16.2255
v  3.5225 2.1099 16.5719
v  3.6327 1.7557 17.0904
v  3.7627 1.6314 17.7020
v  3.8927 1.7557 18.3136
v  4.0029 2.1099 18.8321
v  4.0765 2.6400 19.1785
v  2.0625 3.2652 19.6232
v  2.0495 3.8905 19.4996
v  2.0125 4.4205 19.1473
v  1.9571 4.7747 18.6202
v  1.8917 4.8991 17.9983
v  1.8263 4.7747 17.3765
v  1.7709 4.4205 16.8494
v  1.7339 3.8905 16.4971
v  1.7209 3.2652 16.3734
v  1.7339 2.6400 16.4971
v  1.7709 2.1099 16.8494
v  1.8263 1.7557 17.3765
v  1.8917 1.6314 17.9983
v  1.9571 1.7557 18.6202
v  2.0125 2.1099 19.1473
v  2.0495 2.6400 19.4996
v  -0.0000 3.2652 19.7313
v  -0.0000 3.8905 19.6070
v  -0.0000 4.4205 19.2528
v  -0.0000 4.7747 18.7227
v  -0.0000 4.8991 18.0975
v  -0.0000 4.7747 17.4722
v  -0.0000 4.4205 16.9422
v  -0.0000 3.8905 16.5880
v  -0.0000 3.2652 16.4636
v  -0.0000 2.6400 16.5880
v  -0.0000 2.1099 16.9422
v  -0.0000 1.7557 17.4722
v  -0.0000 1.6314 18.0975
v  -0.0000 1.7557 18.7227
v  -0.0000 2.1099 19.2528
v  -0.0000 2.6400 19.6070
v  -2.0625 3.2652 19.6232
v  -2.0495 3.8905 19.4996
v  -2.0125 4.4205 19.1473
v  -1.9571 4.7747 18.6202
v  -1.8917 4.8991 17.9983
v  -1.8263 4.7747 17.3765
v  -1.7709 4.4205 16.8494
v  -1.7339 3.8905 16.4971
v  -1.7209 3.2652 16.3734
v  -1.7339 2.6400 16.4971
v  -1.7709 2.1099 16.8494
v  -1.8263 1.7557 17.3765
v  -1.8917 1.6314 17.9983
v  -1.9571 1.7557 18.6202
v  -2.0125 2.1099 19.1473
v  -2.0495 2.6400 19.4996
v  -4.1024 3.2652 19.3002
v  -4.0765 3.8905 19.1785
v  -4.0029 4.4205 18.8321
v  -3.8927 4.7747 18.3136
v  -3.7627 4.8991 17.7020
v  -3.6327 4.7747 17.0904
v  -3.5225 4.4205 16.5719
v  -3.4488 3.8905 16.2255
v  -3.4230 3.2652 16.1039
v  -3.4488 2.6400 16.2255
v  -3.5225 2.1099 16.5719
v  -3.6327 1.7557 17.0904
v  -3.7627 1.6314 17.7020
v  -3.8927 1.7557 18.3136
v  -4.0029 2.1099 18.8321
v  -4.0765 2.6400 19.1785
v  -6.0973 3.2652 18.7656
v  -6.0589 3.8905 18.6473
v  -5.9494 4.4205 18.3105
v  -5.7856 4.7747 17.8064
v  -5.5924 4.8991 17.2117
v  -5.3992 4.7747 16.6171
v  -5.2354 4.4205 16.1130
v  -5.1260 3.8905 15.7761
v  -5.0875 3.2652 15.6578
v  -5.1260 2.6400 15.7761
v  -5.2354 2.1099 16.1130
v  -5.3992 1.7557 16.6171
v  -5.5924 1.6314 17.2117
v  -5.7856 1.7557 17.8064
v  -5.9494 2.1099 18.3105
v  -6.0589 2.6400 18.6473
v  -8.0255 3.2652 18.0255
v  -7.9749 3.8905 17.9119
v  -7.8308 4.4205 17.5883
v  -7.6152 4.7747 17.1041
v  -7.3609 4.8991 16.5329
v  -7.1066 4.7747 15.9617
v  -6.8910 4.4205 15.4774
v  -6.7469 3.8905 15.1539
v  -6.6964 3.2652 15.0403
v  -6.7469 2.6400 15.1539
v  -6.8910 2.1099 15.4774
v  -7.1066 1.7557 15.9617
v  -7.3609 1.6314 16.5329
v  -7.6152 1.7557 17.1041
v  -7.8308 2.1099 17.5883
v  -7.9749 2.6400 17.9119
v  -9.8657 3.2652 17.0878
v  -9.8035 3.8905 16.9801
v  -9.6264 4.4205 16.6734
v  -9.3614 4.7747 16.2144
v  -9.0487 4.8991 15.6729
v  -8.7361 4.7747 15.1314
v  -8.4711 4.4205 14.6723
v  -8.2940 3.8905 14.3656
v  -8.2318 3.2652 14.2579
v  -8.2940 2.6400 14.3656
v  -8.4711 2.1099 14.6723
v  -8.7361 1.7557 15.1314
v  -9.0487 1.6314 15.6729
v  -9.3614 1.7557 16.2144
v  -9.6264 2.1099 16.6734
v  -9.8035 2.6400 16.9801
v  -11.5978 3.2652 15.9630
v  -11.5247 3.8905 15.8624
v  -11.3165 4.4205 15.5758
v  -11.0049 4.7747 15.1470
v  -10.6374 4.8991 14.6412
v  -10.2699 4.7747 14.1353
v  -9.9584 4.4205 13.7065
v  -9.7502 3.8905 13.4200
v  -9.6771 3.2652 13.3194
v  -9.7502 2.6400 13.4200
v  -9.9584 2.1099 13.7065
v  -10.2699 1.7557 14.1353
v  -10.6374 1.6314 14.6412
v  -11.0049 1.7557 15.1470
v  -11.3165 2.1099 15.5758
v  -11.5247 2.6400 15.8624
v  -13.2028 3.2652 14.6632
v  -13.1196 3.8905 14.5708
v  -12.8826 4.4205 14.3076
v  -12.5280 4.7747 13.9137
v  -12.1096 4.8991 13.4491
v  -11.6912 4.7747 12.9844
v  -11.3365 4.4205 12.5905
v  -11.0995 3.8905 12.3273
v  -11.0163 3.2652 12.2349
v  -11.0995 2.6400 12.3273
v  -11.3365 2.1099 12.5905
v  -11.6912 1.7557 12.9844
v  -12.1096 1.6314 13.4491
v  -12.5280 1.7557 13.9137
v  -12.8826 2.1099 14.3076
v  -13.1196 2.6400 14.5708
v  -14.6632 3.2652 13.2028
v  -14.5708 3.8905 13.1196
v  -14.3076 4.4205 12.8826
v  -13.9137 4.7747 12.5280
v  -13.4490 4.8991 12.1096
v  -12.9844 4.7747 11.6912
v  -12.5905 4.4205 11.3365
v  -12.3273 3.8905 11.0995
v  -12.2349 3.2652 11.0163
v  -12.3273 2.6400 11.0995
v  -12.5905 2.1099 11.3365
v  -12.9844 1.7557 11.6912
v  -13.4490 1.6314 12.1096
v  -13.9137 1.7557 12.5280
v  -14.3076 2.1099 12.8826
v  -14.5708 2.6400 13.1196
v  -15.9630 3.2652 11.5978
v  -15.8624 3.8905 11.5247
v  -15.5758 4.4205 11.3165
v  -15.1470 4.7747 11.0050
v  -14.6412 4.8991 10.6374
v  -14.1353 4.7747 10.2699
v  -13.7065 4.4205 9.9584
v  -13.4200 3.8905 9.7502
v  -13.3193 3.2652 9.6771
v  -13.4200 2.6400 9.7502
v  -13.7065 2.1099 9.9584
v  -14.1353 1.7557 10.2699
v  -14.6412 1.6314 10.6374
v  -15.1470 1.7557 11.0050
v  -15.5758 2.1099 11.3165
v  -15.8624 2.6400 11.5247
v  -17.0878 3.2652 9.8657
v  -16.9801 3.8905 9.8035
v  -16.6734 4.4205 9.6264
v  -16.2144 4.7747 9.3614
v  -15.6729 4.8991 9.0487
v  -15.1314 4.7747 8.7361
v  -14.6723 4.4205 8.4711
v  -14.3656 3.8905 8.2940
v  -14.2579 3.2652 8.2318
v  -14.3656 2.6400 8.2940
v  -14.6723 2.1099 8.4711
v  -15.1314 1.7557 8.7361
v  -15.6729 1.6314 9.0487
v  -16.2144 1.7557 9.3614
v  -16.6734 2.1099 9.6264
v  -16.9801 2.6400 9.8035
v  -18.0255 3.2652 8.0255
v  -17.9119 3.8905 7.9749
v  -17.5883 4.4205 7.8308
v  -17.1041 4.7747 7.6152
v  -16.5329 4.8991 7.3609
v  -15.9617 4.7747 7.1066
v  -15.4774 4.4205 6.8910
v  -15.1539 3.8905 6.7470
v  -15.0403 3.2652 6.6964
v  -15.1539 2.6400 6.7470
v  -15.4774 2.1099 6.8910
v  -15.9617 1.7557 7.1066
v  -16.5329 1.6314 7.3609
v  -17.1041 1.7557 7.6152
v  -17.5883 2.1099 7.8308
v  -17.9119 2.6400 7.9749
v  -18.7656 3.2652 6.0973
v  -18.6473 3.8905 6.0589
v  -18.3105 4.4205 5.9495
v  -17.8064 4.7747 5.7857
v  -17.2117 4.8991 5.5924
v  -16.6171 4.7747 5.3992
v  -16.1130 4.4205 5.2354
v  -15.7761 3.8905 5.1260
v  -15.6578 3.2652 5.0876
v  -15.7761 2.6400 5.1260
v  -16.1130 2.1099 5.2354
v  -16.6171 1.7557 5.3992
v  -17.2117 1.6314 5.5924
v  -17.8064 1.7557 5.7857
v  -18.3105 2.1099 5.9495
v  -18.6473 2.6400 6.0589
v  -19.3002 3.2652 4.1024
v  -19.1785 3.8905 4.0765
v  -18.8321 4.4205 4.0029
v  -18.3136 4.7747 3.8927
v  -17.7020 4.8991 3.7627
v  -17.0904 4.7747 3.6327
v  -16.5719 4.4205 3.5225
v  -16.2255 3.8905 3.4489
v  -16.1039 3.2652 3.4230
v  -16.2255 2.6400 3.4489
v  -16.5719 2.1099 3.5225
v  -17.0904 1.7557 3.6327
v  -17.7020 1.6314 3.7627
v  -18.3136 1.7557 3.8927
v  -18.8321 2.1099 4.0029
v  -19.1785 2.6400 4.0765
v  -19.6232 3.2652 2.0625
v  -19.4996 3.8905 2.0495
v  -19.1473 4.4205 2.0125
v  -18.6202 4.7747 1.9571
v  -17.9983 4.8991 1.8917
v  -17.3765 4.7747 1.8264
v  -16.8494 4.4205 1.7710
v  -16.4971 3.8905 1.7339
v  -16.3734 3.2652 1.7209
v  -16.4971 2.6400 1.7339
v  -16.8494 2.1099 1.7710
v  -17.3765 1.7557 1.8264
v  -17.9983 1.6314 1.8917
v  -18.6202 1.7557 1.9571
v  -19.1473 2.1099 2.0125
v  -19.4996 2.6400 2.0495
v  -19.7313 3.2652 0.0000
v  -19.6070 3.8905 0.0000
v  -19.2528 4.4205 0.0000
v  -18.7227 4.7747 0.0000
v  -18.0975 4.8991 0.0000
v  -17.4722 4.7747 0.0000
v  -16.9422 4.4205 0.0000
v  -16.5880 3.8905 0.0000
v  -16.4636 3.2652 0.0000
v  -16.5880 2.6400 0.0000
v  -16.9422 2.1099 0.0000
v  -17.4722 1.7557 0.0000
v  -18.0975 1.6314 0.0000
v  -18.7227 1.7557 0.0000
v  -19.2528 2.1099 0.0000
v  -19.6070 2.6400 0.0000
v  -19.6233 3.2652 -2.0625
v  -19.4996 3.8905 -2.0495
v  -19.1473 4.4205 -2.0124
v  -18.6202 4.7747 -1.9570
v  -17.9983 4.8991 -1.8917
v  -17.3765 4.7747 -1.8263
v  -16.8494 4.4205 -1.7709
v  -16.4971 3.8905 -1.7339
v  -16.3734 3.2652 -1.7209
v  -16.4971 2.6400 -1.7339
v  -16.8494 2.1099 -1.7709
v  -17.3765 1.7557 -1.8263
v  -17.9983 1.6314 -1.8917
v  -18.6202 1.7557 -1.9570
v  -19.1473 2.1099 -2.0124
v  -19.4996 2.6400 -2.0495
v  -19.3002 3.2652 -4.1024
v  -19.1785 3.8905 -4.0765
v  -18.8321 4.4205 -4.0029
v  -18.3136 4.7747 -3.8927
v  -17.7020 4.8991 -3.7627
v  -17.0904 4.7747 -3.6327
v  -16.5719 4.4205 -3.5225
v  -16.2255 3.8905 -3.4488
v  -16.1039 3.2652 -3.4230
v  -16.2255 2.6400 -3.4488
v  -16.5719 2.1099 -3.5225
v  -17.0904 1.7557 -3.6327
v  -17.7020 1.6314 -3.7627
v  -18.3136 1.7557 -3.8927
v  -18.8321 2.1099 -4.0029
v  -19.1785 2.6400 -4.0765
v  -18.7656 3.2652 -6.0973
v  -18.6473 3.8905 -6.0589
v  -18.3105 4.4205 -5.9494
v  -17.8064 4.7747 -5.7856
v  -17.2117 4.8991 -5.5924
v  -16.6171 4.7747 -5.3992
v  -16.1130 4.4205 -5.2354
v  -15.7761 3.8905 -5.1259
v  -15.6578 3.2652 -5.0875
v  -15.7761 2.6400 -5.1259
v  -16.1130 2.1099 -5.2354
v  -16.6171 1.7557 -5.3992
v  -17.2117 1.6314 -5.5924
v  -17.8064 1.7557 -5.7856
v  -18.3105 2.1099 -5.9494
v  -18.6473 2.6400 -6.0589
v  -18.0255 3.2652 -8.0254
v  -17.9119 3.8905 -7.9748
v  -17.5883 4.4205 -7.8308
v  -17.1041 4.7747 -7.6152
v  -16.5329 4.8991 -7.3609
v  -15.9617 4.7747 -7.1066
v  -15.4775 4.4205 -6.8910
v  -15.1539 3.8905 -6.7469
v  -15.0403 3.2652 -6.6963
v  -15.1539 2.6400 -6.7469
v  -15.4775 2.1099 -6.8910
v  -15.9617 1.7557 -7.1066
v  -16.5329 1.6314 -7.3609
v  -17.1041 1.7557 -7.6152
v  -17.5883 2.1099 -7.8308
v  -17.9119 2.6400 -7.9748
v  -17.0879 3.2652 -9.8656
v  -16.9802 3.8905 -9.8035
v  -16.6734 4.4205 -9.6264
v  -16.2144 4.7747 -9.3613
v  -15.6729 4.8991 -9.0487
v  -15.1314 4.7747 -8.7361
v  -14.6724 4.4205 -8.4711
v  -14.3656 3.8905 -8.2940
v  -14.2579 3.2652 -8.2318
v  -14.3656 2.6400 -8.2940
v  -14.6724 2.1099 -8.4711
v  -15.1314 1.7557 -8.7361
v  -15.6729 1.6314 -9.0487
v  -16.2144 1.7557 -9.3613
v  -16.6734 2.1099 -9.6264
v  -16.9802 2.6400 -9.8035
v  -15.9630 3.2652 -11.5978
v  -15.8624 3.8905 -11.5247
v  -15.5759 4.4205 -11.3165
v  -15.1470 4.7747 -11.0049
v  -14.6412 4.8991 -10.6374
v  -14.1354 4.7747 -10.2699
v  -13.7065 4.4205 -9.9583
v  -13.4200 3.8905 -9.7502
v  -13.3194 3.2652 -9.6771
v  -13.4200 2.6400 -9.7502
v  -13.7065 2.1099 -9.9583
v  -14.1354 1.7557 -10.2699
v  -14.6412 1.6314 -10.6374
v  -15.1470 1.7557 -11.0049
v  -15.5759 2.1099 -11.3165
v  -15.8624 2.6400 -11.5247
v  -14.6633 3.2652 -13.2028
v  -14.5708 3.8905 -13.1196
v  -14.3076 4.4205 -12.8826
v  -13.9137 4.7747 -12.5279
v  -13.4491 4.8991 -12.1096
v  -12.9844 4.7747 -11.6912
v  -12.5905 4.4205 -11.3365
v  -12.3273 3.8905 -11.0995
v  -12.2349 3.2652 -11.0163
v  -12.3273 2.6400 -11.0995
v  -12.5905 2.1099 -11.3365
v  -12.9844 1.7557 -11.6912
v  -13.4491 1.6314 -12.1096
v  -13.9137 1.7557 -12.5279
v  -14.3076 2.1099 -12.8826
v  -14.5708 2.6400 -13.1196
v  -13.2029 3.2652 -14.6632
v  -13.1197 3.8905 -14.5708
v  -12.8827 4.4205 -14.3076
v  -12.5280 4.7747 -13.9137
v  -12.1096 4.8991 -13.4490
v  -11.6912 4.7747 -12.9844
v  -11.3365 4.4205 -12.5905
v  -11.0996 3.8905 -12.3273
v  -11.0163 3.2652 -12.2348
v  -11.0996 2.6400 -12.3273
v  -11.3365 2.1099 -12.5905
v  -11.6912 1.7557 -12.9844
v  -12.1096 1.6314 -13.4490
v  -12.5280 1.7557 -13.9137
v  -12.8827 2.1099 -14.3076
v  -13.1197 2.6400 -14.5708
v  -11.5978 3.2652 -15.9630
v  -11.5247 3.8905 -15.8623
v  -11.3165 4.4205 -15.5758
v  -11.0050 4.7747 -15.1470
v  -10.6375 4.8991 -14.6411
v  -10.2699 4.7747 -14.1353
v  -9.9584 4.4205 -13.7065
v  -9.7502 3.8905 -13.4199
v  -9.6771 3.2652 -13.3193
v  -9.7502 2.6400 -13.4199
v  -9.9584 2.1099 -13.7065
v  -10.2699 1.7557 -14.1353
v  -10.6375 1.6314 -14.6411
v  -11.0050 1.7557 -15.1470
v  -11.3165 2.1099 -15.5758
v  -11.5247 2.6400 -15.8623
v  -9.8657 3.2652 -17.0878
v  -9.8035 3.8905 -16.9801
v  -9.6264 4.4205 -16.6734
v  -9.3614 4.7747 -16.2143
v  -9.0488 4.8991 -15.6729
v  -8.7361 4.7747 -15.1314
v  -8.4711 4.4205 -14.6723
v  -8.2940 3.8905 -14.3656
v  -8.2318 3.2652 -14.2579
v  -8.2940 2.6400 -14.3656
v  -8.4711 2.1099 -14.6723
v  -8.7361 1.7557 -15.1314
v  -9.0488 1.6314 -15.6729
v  -9.3614 1.7557 -16.2143
v  -9.6264 2.1099 -16.6734
v  -9.8035 2.6400 -16.9801
v  -8.0255 3.2652 -18.0255
v  -7.9749 3.8905 -17.9118
v  -7.8309 4.4205 -17.5883
v  -7.6153 4.7747 -17.1040
v  -7.3609 4.8991 -16.5329
v  -7.1066 4.7747 -15.9617
v  -6.8910 4.4205 -15.4774
v  -6.7470 3.8905 -15.1539
v  -6.6964 3.2652 -15.0403
v  -6.7470 2.6400 -15.1539
v  -6.8910 2.1099 -15.4774
v  -7.1066 1.7557 -15.9617
v  -7.3609 1.6314 -16.5329
v  -7.6153 1.7557 -17.1040
v  -7.8309 2.1099 -17.5883
v  -7.9749 2.6400 -17.9118
v  -6.0974 3.2652 -18.7656
v  -6.0589 3.8905 -18.6473
v  -5.9495 4.4205 -18.3105
v  -5.7857 4.7747 -17.8064
v  -5.5925 4.8991 -17.2117
v  -5.3993 4.7747 -16.6171
v  -5.2355 4.4205 -16.1129
v  -5.1260 3.8905 -15.7761
v  -5.0876 3.2652 -15.6578
v  -5.1260 2.6400 -15.7761
v  -5.2355 2.1099 -16.1129
v  -5.3993 1.7557 -16.6171
v  -5.5925 1.6314 -17.2117
v  -5.7857 1.7557 -17.8064
v  -5.9495 2.1099 -18.3105
v  -6.0589 2.6400 -18.6473
v  -4.1024 3.2652 -19.3001
v  -4.0766 3.8905 -19.1785
v  -4.0029 4.4205 -18.8321
v  -3.8927 4.7747 -18.3136
v  -3.7627 4.8991 -17.7020
v  -3.6327 4.7747 -17.0904
v  -3.5225 4.4205 -16.5719
v  -3.4489 3.8905 -16.2255
v  -3.4230 3.2652 -16.1038
v  -3.4489 2.6400 -16.2255
v  -3.5225 2.1099 -16.5719
v  -3.6327 1.7557 -17.0904
v  -3.7627 1.6314 -17.7020
v  -3.8927 1.7557 -18.3136
v  -4.0029 2.1099 -18.8321
v  -4.0766 2.6400 -19.1785
v  -2.0625 3.2652 -19.6232
v  -2.0495 3.8905 -19.4996
v  -2.0125 4.4205 -19.1473
v  -1.9571 4.7747 -18.6202
v  -1.8918 4.8991 -17.9983
v  -1.8264 4.7747 -17.3765
v  -1.7710 4.4205 -16.8494
v  -1.7340 3.8905 -16.4971
v  -1.7210 3.2652 -16.3734
v  -1.7340 2.6400 -16.4971
v  -1.7710 2.1099 -16.8494
v  -1.8264 1.7557 -17.3765
v  -1.8918 1.6314 -17.9983
v  -1.9571 1.7557 -18.6202
v  -2.0125 2.1099 -19.1473
v  -2.0495 2.6400 -19.4996
v  -0.0000 0.0000 -19.7313
v  -0.0000 0.6253 -19.6070
v  -0.0000 1.1553 -19.2528
v  -0.0000 1.5095 -18.7227
v  -0.0000 1.6339 -18.0975
v  -0.0000 1.5095 -17.4722
v  -0.0000 1.1553 -16.9422
v  -0.0000 0.6253 -16.5880
v  -0.0000 0.0000 -16.4636
v  -0.0000 -0.6252 -16.5880
v  -0.0000 -1.1553 -16.9422
v  -0.0000 -1.5095 -17.4722
v  -0.0000 -1.6339 -18.0975
v  -0.0000 -1.5095 -18.7227
v  -0.0000 -1.1553 -19.2528
v  -0.0000 -0.6252 -19.6070
v  2.0625 0.0000 -19.6232
v  2.0495 0.6253 -19.4996
v  2.0125 1.1553 -19.1473
v  1.9571 1.5095 -18.6202
v  1.8917 1.6339 -17.9983
v  1.8263 1.5095 -17.3765
v  1.7709 1.1553 -16.8494
v  1.7339 0.6253 -16.4971
v  1.7209 0.0000 -16.3734
v  1.7339 -0.6252 -16.4971
v  1.7709 -1.1553 -16.8494
v  1.8263 -1.5095 -17.3765
v  1.8917 -1.6339 -17.9983
v  1.9571 -1.5095 -18.6202
v  2.0125 -1.1553 -19.1473
v  2.0495 -0.6252 -19.4996
v  4.1024 0.0000 -19.3002
v  4.0765 0.6253 -19.1785
v  4.0029 1.1553 -18.8321
v  3.8927 1.5095 -18.3136
v  3.7627 1.6339 -17.7020
v  3.6327 1.5095 -17.0904
v  3.5225 1.1553 -16.5719
v  3.4488 0.6253 -16.2255
v  3.4230 0.0000 -16.1039
v  3.4488 -0.6252 -16.2255
v  3.5225 -1.1553 -16.5719
v  3.6327 -1.5095 -17.0904
v  3.7627 -1.6339 -17.7020
v  3.8927 -1.5095 -18.3136
v  4.0029 -1.1553 -18.8321
v  4.0765 -0.6252 -19.1785
v  6.0973 0.0000 -18.7656
v  6.0589 0.6253 -18.6473
v  5.9494 1.1553 -18.3105
v  5.7856 1.5095 -17.8064
v  5.5924 1.6339 -17.2117
v  5.3992 1.5095 -16.6171
v  5.2354 1.1553 -16.1130
v  5.1260 0.6253 -15.7761
v  5.0875 0.0000 -15.6578
v  5.1260 -0.6252 -15.7761
v  5.2354 -1.1553 -16.1130
v  5.3992 -1.5095 -16.6171
v  5.5924 -1.6339 -17.2117
v  5.7856 -1.5095 -17.8064
v  5.9494 -1.1553 -18.3105
v  6.0589 -0.6252 -18.6473
v  8.0255 0.0000 -18.0255
v  7.9749 0.6253 -17.9119
v  7.8308 1.1553 -17.5883
v  7.6152 1.5095 -17.1041
v  7.3609 1.6339 -16.5329
v  7.1066 1.5095 -15.9617
v  6.8910 1.1553 -15.4774
v  6.7469 0.6253 -15.1539
v  6.6964 0.0000 -15.0403
v  6.7469 -0.6252 -15.1539
v  6.8910 -1.1553 -15.4774
v  7.1066 -1.5095 -15.9617
v  7.3609 -1.6339 -16.5329
v  7.6152 -1.5095 -17.1041
v  7.8308 -1.1553 -17.5883
v  7.9749 -0.6252 -17.9119
v  9.8657 0.0000 -17.0878
v  9.8035 0.6253 -16.9801
v  9.6264 1.1553 -16.6734
v  9.3614 1.5095 -16.2144
v  9.0487 1.6339 -15.6729
v  8.7361 1.5095 -15.1314
v  8.4711 1.1553 -14.6723
v  8.2940 0.6253 -14.3656
v  8.2318 0.0000 -14.2579
v  8.2940 -0.6252 -14.3656
v  8.4711 -1.1553 -14.6723
v  8.7361 -1.5095 -15.1314
v  9.0487 -1.6339 -15.6729
v  9.3614 -1.5095 -16.2144
v  9.6264 -1.1553 -16.6734
v  9.8035 -0.6252 -16.9801
v  11.5978 0.0000 -15.9630
v  11.5247 0.6253 -15.8624
v  11.3165 1.1553 -15.5758
v  11.0049 1.5095 -15.1470
v  10.6374 1.6339 -14.6412
v  10.2699 1.5095 -14.1353
v  9.9584 1.1553 -13.7065
v  9.7502 0.6253 -13.4200
v  9.6771 0.0000 -13.3194
v  9.7502 -0.6252 -13.4200
v  9.9584 -1.1553 -13.7065
v  10.2699 -1.5095 -14.1353
v  10.6374 -1.6339 -14.6412
v  11.0049 -1.5095 -15.1470
v  11.3165 -1.1553 -15.5758
v  11.5247 -0.6252 -15.8624
v  13.2028 0.0000 -14.6632
v  13.1196 0.6253 -14.5708
v  12.8826 1.1553 -14.3076
v  12.5280 1.5095 -13.9137
v  12.1096 1.6339 -13.4490
v  11.6912 1.5095 -12.9844
v  11.3365 1.1553 -12.5905
v  11.0995 0.6253 -12.3273
v  11.0163 0.0000 -12.2349
v  11.0995 -0.6252 -12.3273
v  11.3365 -1.1553 -12.5905
v  11.6912 -1.5095 -12.9844
v  12.1096 -1.6339 -13.4490
v  12.5280 -1.5095 -13.9137
v  12.8826 -1.1553 -14.3076
v  13.1196 -0.6252 -14.5708
v  14.6632 0.0000 -13.2028
v  14.5708 0.6253 -13.1196
v  14.3076 1.1553 -12.8826
v  13.9137 1.5095 -12.5280
v  13.4490 1.6339 -12.1096
v  12.9844 1.5095 -11.6912
v  12.5905 1.1553 -11.3365
v  12.3273 0.6253 -11.0995
v  12.2349 0.0000 -11.0163
v  12.3273 -0.6252 -11.0995
v  12.5905 -1.1553 -11.3365
v  12.9844 -1.5095 -11.6912
v  13.4490 -1.6339 -12.1096
v  13.9137 -1.5095 -12.5280
v  14.3076 -1.1553 -12.8826
v  14.5708 -0.6252 -13.1196
v  15.9630 0.0000 -11.5978
v  15.8624 0.6253 -11.5247
v  15.5758 1.1553 -11.3165
v  15.1470 1.5095 -11.0049
v  14.6412 1.6339 -10.6374
v  14.1353 1.5095 -10.2699
v  13.7065 1.1553 -9.9584
v  13.4200 0.6253 -9.7502
v  13.3194 0.0000 -9.6771
v  13.4200 -0.6252 -9.7502
v  13.7065 -1.1553 -9.9584
v  14.1353 -1.5095 -10.2699
v  14.6412 -1.6339 -10.6374
v  15.1470 -1.5095 -11.0049
v  15.5758 -1.1553 -11.3165
v  15.8624 -0.6252 -11.5247
v  17.0878 0.0000 -9.8657
v  16.9801 0.6253 -9.8035
v  16.6734 1.1553 -9.6264
v  16.2144 1.5095 -9.3614
v  15.6729 1.6339 -9.0487
v  15.1314 1.5095 -8.7361
v  14.6723 1.1553 -8.4711
v  14.3656 0.6253 -8.2940
v  14.2579 0.0000 -8.2318
v  14.3656 -0.6252 -8.2940
v  14.6723 -1.1553 -8.4711
v  15.1314 -1.5095 -8.7361
v  15.6729 -1.6339 -9.0487
v  16.2144 -1.5095 -9.3614
v  16.6734 -1.1553 -9.6264
v  16.9801 -0.6252 -9.8035
v  18.0255 0.0000 -8.0255
v  17.9119 0.6253 -7.9749
v  17.5883 1.1553 -7.8308
v  17.1041 1.5095 -7.6152
v  16.5329 1.6339 -7.3609
v  15.9617 1.5095 -7.1066
v  15.4774 1.1553 -6.8910
v  15.1539 0.6253 -6.7469
v  15.0403 0.0000 -6.6964
v  15.1539 -0.6252 -6.7469
v  15.4774 -1.1553 -6.8910
v  15.9617 -1.5095 -7.1066
v  16.5329 -1.6339 -7.3609
v  17.1041 -1.5095 -7.6152
v  17.5883 -1.1553 -7.8308
v  17.9119 -0.6252 -7.9749
v  18.7656 0.0000 -6.0973
v  18.6473 0.6253 -6.0589
v  18.3105 1.1553 -5.9494
v  17.8064 1.5095 -5.7856
v  17.2117 1.6339 -5.5924
v  16.6171 1.5095 -5.3992
v  16.1130 1.1553 -5.2354
v  15.7761 0.6253 -5.1260
v  15.6578 0.0000 -5.0875
v  15.7761 -0.6252 -5.1260
v  16.1130 -1.1553 -5.2354
v  16.6171 -1.5095 -5.3992
v  17.2117 -1.6339 -5.5924
v  17.8064 -1.5095 -5.7856
v  18.3105 -1.1553 -5.9494
v  18.6473 -0.6252 -6.0589
v  19.3002 0.0000 -4.1024
v  19.1785 0.6253 -4.0765
v  18.8321 1.1553 -4.0029
v  18.3136 1.5095 -3.8927
v  17.7020 1.6339 -3.7627
v  17.0904 1.5095 -3.6327
v  16.5719 1.1553 -3.5225
v  16.2255 0.6253 -3.4488
v  16.1039 0.0000 -3.4230
v  16.2255 -0.6252 -3.4488
v  16.5719 -1.1553 -3.5225
v  17.0904 -1.5095 -3.6327
v  17.7020 -1.6339 -3.7627
v  18.3136 -1.5095 -3.8927
v  18.8321 -1.1553 -4.0029
v  19.1785 -0.6252 -4.0765
v  19.6232 0.0000 -2.0625
v  19.4996 0.6253 -2.0495
v  19.1473 1.1553 -2.0125
v  18.6202 1.5095 -1.9571
v  17.9983 1.6339 -1.8917
v  17.3765 1.5095 -1.8263
v  16.8494 1.1553 -1.7709
v  16.4971 0.6253 -1.7339
v  16.3734 0.0000 -1.7209
v  16.4971 -0.6252 -1.7339
v  16.8494 -1.1553 -1.7709
v  17.3765 -1.5095 -1.8263
v  17.9983 -1.6339 -1.8917
v  18.6202 -1.5095 -1.9571
v  19.1473 -1.1553 -2.0125
v  19.4996 -0.6252 -2.0495
v  19.7313 0.0000 -0.0000
v  19.6070 0.6253 -0.0000
v  19.2528 1.1553 -0.0000
v  18.7227 1.5095 -0.0000
v  18.0975 1.6339 -0.0000
v  17.4722 1.5095 -0.0000
v  16.9422 1.1553 -0.0000
v  16.5880 0.6253 -0.0000
v  16.4636 0.0000 -0.0000
v  16.5880 -0.6252 -0.0000
v  16.9422 -1.1553 -0.0000
v  17.4722 -1.5095 -0.0000
v  18.0975 -1.6339 -0.0000
v  18.7227 -1.5095 -0.0000
v  19.2528 -1.1553 -0.0000
v  19.6070 -0.6252 -0.0000
v  19.6232 0.0000 2.0625
v  19.4996 0.6253 2.0495
v  19.1473 1.1553 2.0125
v  18.6202 1.5095 1.9571
v  17.9983 1.6339 1.8917
v  17.3765 1.5095 1.8263
v  16.8494 1.1553 1.7709
v  16.4971 0.6253 1.7339
v  16.3734 0.0000 1.7209
v  16.4971 -0.6252 1.7339
v  16.8494 -1.1553 1.7709
v  17.3765 -1.5095 1.8263
v  17.9983 -1.6339 1.8917
v  18.6202 -1.5095 1.9571
v  19.1473 -1.1553 2.0125
v  19.4996 -0.6252 2.0495
v  19.3002 0.0000 4.1024
v  19.1785 0.6253 4.0765
v  18.8321 1.1553 4.0029
v  18.3136 1.5095 3.8927
v  17.7020 1.6339 3.7627
v  17.0904 1.5095 3.6327
v  16.5719 1.1553 3.5225
v  16.2255 0.6253 3.4488
v  16.1039 0.0000 3.4230
v  16.2255 -0.6252 3.4488
v  16.5719 -1.1553 3.5225
v  17.0904 -1.5095 3.6327
v  17.7020 -1.6339 3.7627
v  18.3136 -1.5095 3.8927
v  18.8321 -1.1553 4.0029
v  19.1785 -0.6252 4.0765
v  18.7656 0.0000 6.0973
v  18.6473 0.6253 6.0589
v  18.3105 1.1553 5.9494
v  17.8064 1.5095 5.7856
v  17.2117 1.6339 5.5924
v  16.6171 1.5095 5.3992
v  16.1130 1.1553 5.2354
v  15.7761 0.6253 5.1260
v  15.6578 0.0000 5.0875
v  15.7761 -0.6252 5.1260
v  16.1130 -1.1553 5.2354
v  16.6171 -1.5095 5.3992
v  17.2117 -1.6339 5.5924
v  17.8064 -1.5095 5.7856
v  18.3105 -1.1553 5.9494
v  18.6473 -0.6252 6.0589
v  18.0255 0.0000 8.0255
v  17.9119 0.6253 7.9749
v  17.5883 1.1553 7.8308
v  17.1041 1.5095 7.6152
v  16.5329 1.6339 7.3609
v  15.9617 1.5095 7.1066
v  15.4774 1.1553 6.8910
v  15.1539 0.6253 6.7469
v  15.0403 0.0000 6.6964
v  15.1539 -0.6252 6.7469
v  15.4774 -1.1553 6.8910
v  15.9617 -1.5095 7.1066
v  16.5329 -1.6339 7.3609
v  17.1041 -1.5095 7.6152
v  17.5883 -1.1553 7.8308
v  17.9119 -0.6252 7.9749
v  17.0878 0.0000 9.8657
v  16.9801 0.6253 9.8035
v  16.6734 1.1553 9.6264
v  16.2144 1.5095 9.3614
v  15.6729 1.6339 9.0487
v  15.1314 1.5095 8.7361
v  14.6723 1.1553 8.4711
v  14.3656 0.6253 8.2940
v  14.2579 0.0000 8.2318
v  14.3656 -0.6252 8.2940
v  14.6723 -1.1553 8.4711
v  15.1314 -1.5095 8.7361
v  15.6729 -1.6339 9.0487
v  16.2144 -1.5095 9.3614
v  16.6734 -1.1553 9.6264
v  16.9801 -0.6252 9.8035
v  15.9630 0.0000 11.5978
v  15.8624 0.6253 11.5247
v  15.5758 1.1553 11.3165
v  15.1470 1.5095 11.0049
v  14.6412 1.6339 10.6374
v  14.1353 1.5095 10.2699
v  13.7065 1.1553 9.9584
v  13.4200 0.6253 9.7502
v  13.3194 0.0000 9.6771
v  13.4200 -0.6252 9.7502
v  13.7065 -1.1553 9.9584
v  14.1353 -1.5095 10.2699
v  14.6412 -1.6339 10.6374
v  15.1470 -1.5095 11.0049
v  15.5758 -1.1553 11.3165
v  15.8624 -0.6252 11.5247
v  14.6632 0.0000 13.2028
v  14.5708 0.6253 13.1196
v  14.3076 1.1553 12.8826
v  13.9137 1.5095 12.5280
v  13.4490 1.6339 12.1096
v  12.9844 1.5095 11.6912
v  12.5905 1.1553 11.3365
v  12.3273 0.6253 11.0995
v  12.2349 0.0000 11.0163
v  12.3273 -0.6252 11.0995
v  12.5905 -1.1553 11.3365
v  12.9844 -1.5095 11.6912
v  13.4490 -1.6339 12.1096
v  13.9137 -1.5095 12.5280
v  14.3076 -1.1553 12.8826
v  14.5708 -0.6252 13.1196
v  13.2028 0.0000 14.6632
v  13.1196 0.6253 14.5708
v  12.8826 1.1553 14.3076
v  12.5280 1.5095 13.9137
v  12.1096 1.6339 13.4490
v  11.6912 1.5095 12.9844
v  11.3365 1.1553 12.5905
v  11.0995 0.6253 12.3273
v  11.0163 0.0000 12.2349
v  11.0995 -0.6252 12.3273
v  11.3365 -1.1553 12.5905
v  11.6912 -1.5095 12.9844
v  12.1096 -1.6339 13.4490
v  12.5280 -1.5095 13.9137
v  12.8826 -1.1553 14.3076
v  13.1196 -0.6252 14.5708
v  11.5978 0.0000 15.9630
v  11.5247 0.6253 15.8624
v  11.3165 1.1553 15.5758
v  11.0049 1.5095 15.1470
v  10.6374 1.6339 14.6412
v  10.2699 1.5095 14.1353
v  9.9584 1.1553 13.7065
v  9.7502 0.6253 13.4200
v  9.6771 0.0000 13.3194
v  9.7502 -0.6252 13.4200
v  9.9584 -1.1553 13.7065
v  10.2699 -1.5095 14.1353
v  10.6374 -1.6339 14.6412
v  11.0049 -1.5095 15.1470
v  11.3165 -1.1553 15.5758
v  11.5247 -0.6252 15.8624
v  9.8657 0.0000 17.0878
v  9.8035 0.6253 16.9801
v  9.6264 1.1553 16.6734
v  9.3614 1.5095 16.2144
v  9.0487 1.6339 15.6729
v  8.7361 1.5095 15.1314
v  8.4711 1.1553 14.6723
v  8.2940 0.6253 14.3656
v  8.2318 0.0000 14.2579
v  8.2940 -0.6252 14.3656
v  8.4711 -1.1553 14.6723
v  8.7361 -1.5095 15.1314
v  9.0487 -1.6339 15.6729
v  9.3614 -1.5095 16.2144
v  9.6264 -1.1553 16.6734
v  9.8035 -0.6252 16.9801
v  8.0255 0.0000 18.0255
v  7.9749 0.6253 17.9119
v  7.8308 1.1553 17.5883
v  7.6152 1.5095 17.1041
v  7.3609 1.6339 16.5329
v  7.1066 1.5095 15.9617
v  6.8910 1.1553 15.4774
v  6.7469 0.6253 15.1539
v  6.6964 0.0000 15.0403
v  6.7469 -0.6252 15.1539
v  6.8910 -1.1553 15.4774
v  7.1066 -1.5095 15.9617
v  7.3609 -1.6339 16.5329
v  7.6152 -1.5095 17.1041
v  7.8308 -1.1553 17.5883
v  7.9749 -0.6252 17.9119
v  6.0973 0.0000 18.7656
v  6.0589 0.6253 18.6473
v  5.9494 1.1553 18.3105
v  5.7856 1.5095 17.8064
v  5.5924 1.6339 17.2117
v  5.3992 1.5095 16.6171
v  5.2354 1.1553 16.1130
v  5.1260 0.6253 15.7761
v  5.0875 0.0000 15.6578
v  5.1260 -0.6252 15.7761
v  5.2354 -1.1553 16.1130
v  5.3992 -1.5095 16.6171
v  5.5924 -1.6339 17.2117
v  5.7856 -1.5095 17.8064
v  5.9494 -1.1553 18.3105
v  6.0589 -0.6252 18.6473
v  4.1024 0.0000 19.3002
v  4.0765 0.6253 19.1785
v  4.0029 1.1553 18.8321
v  3.8927 1.5095 18.3136
v  3.7627 1.6339 17.7020
v  3.6327 1.5095 17.0904
v  3.5225 1.1553 16.5719
v  3.4488 0.6253 16.2255
v  3.4230 0.0000 16.1039
v  3.4488 -0.6252 16.2255
v  3.5225 -1.1553 16.5719
v  3.6327 -1.5095 17.0904
v  3.7627 -1.6339 17.7020
v  3.8927 -1.5095 18.3136
v  4.0029 -1.1553 18.8321
v  4.0765 -0.6252 19.1785
v  2.0625 0.0000 19.6232
v  2.0495 0.6253 19.4996
v  2.0125 1.1553 19.1473
v  1.9571 1.5095 18.6202
v  1.8917 1.6339 17.9983
v  1.8263 1.5095 17.3765
v  1.7709 1.1553 16.8494
v  1.7339 0.6253 16.4971
v  1.7209 0.0000 16.3734
v  1.7339 -0.6252 16.4971
v  1.7709 -1.1553 16.8494
v  1.8263 -1.5095 17.3765
v  1.8917 -1.6339 17.9983
v  1.9571 -1.5095 18.6202
v  2.0125 -1.1553 19.1473
v  2.0495 -0.6252 19.4996
v  -0.0000 0.0000 19.7313
v  -0.0000 0.6253 19.6070
v  -0.0000 1.1553 19.2528
v  -0.0000 1.5095 18.7227
v  -0.0000 1.6339 18.0975
v  -0.0000 1.5095 17.4722
v  -0.0000 1.1553 16.9422
v  -0.0000 0.6253 16.5880
v  -0.0000 0.0000 16.4636
v  -0.0000 -0.6252 16.5880
v  -0.0000 -1.1553 16.9422
v  -0.0000 -1.5095 17.4722
v  -0.0000 -1.6339 18.0975
v  -0.0000 -1.5095 18.7227
v  -0.0000 -1.1553 19.2528
v  -0.0000 -0.6252 19.6070
v  -2.0625 0.0000 19.6232
v  -2.0495 0.6253 19.4996
v  -2.0125 1.1553 19.1473
v  -1.9571 1.5095 18.6202
v  -1.8917 1.6339 17.9983
v  -1.8263 1.5095 17.3765
v  -1.7709 1.1553 16.8494
v  -1.7339 0.6253 16.4971
v  -1.7209 0.0000 16.3734
v  -1.7339 -0.6252 16.4971
v  -1.7709 -1.1553 16.8494
v  -1.8263 -1.5095 17.3765
v  -1.8917 -1.6339 17.9983
v  -1.9571 -1.5095 18.6202
v  -2.0125 -1.1553 19.1473
v  -2.0495 -0.6252 19.4996
v  -4.1024 0.0000 19.3002
v  -4.0765 0.6253 19.1785
v  -4.0029 1.1553 18.8321
v  -3.8927 1.5095 18.3136
v  -3.7627 1.6339 17.7020
v  -3.6327 1.5095 17.0904
v  -3.5225 1.1553 16.5719
v  -3.4488 0.6253 16.2255
v  -3.4230 0.0000 16.1039
v  -3.4488 -0.6252 16.2255
v  -3.5225 -1.1553 16.5719
v  -3.6327 -1.5095 17.0904
v  -3.7627 -1.6339 17.7020
v  -3.8927 -1.5095 18.3136
v  -4.0029 -1.1553 18.8321
v  -4.0765 -0.6252 19.1785
v  -6.0973 0.0000 18.7656
v  -6.0589 0.6253 18.6473
v  -5.9494 1.1553 18.3105
v  -5.7856 1.5095 17.8064
v  -5.5924 1.6339 17.2117
v  -5.3992 1.5095 16.6171
v  -5.2354 1.1553 16.1130
v  -5.1260 0.6253 15.7761
v  -5.0875 0.0000 15.6578
v  -5.1260 -0.6252 15.7761
v  -5.2354 -1.1553 16.1130
v  -5.3992 -1.5095 16.6171
v  -5.5924 -1.6339 17.2117
v  -5.7856 -1.5095 17.8064
v  -5.9494 -1.1553 18.3105
v  -6.0589 -0.6252 18.6473
v  -8.0255 0.0000 18.0255
v  -7.9749 0.6253 17.9119
v  -7.8308 1.1553 17.5883
v  -7.6152 1.5095 17.1041
v  -7.3609 1.6339 16.5329
v  -7.1066 1.5095 15.9617
v  -6.8910 1.1553 15.4774
v  -6.7469 0.6253 15.1539
v  -6.6964 0.0000 15.0403
v  -6.7469 -0.6252 15.1539
v  -6.8910 -1.1553 15.4774
v  -7.1066 -1.5095 15.9617
v  -7.3609 -1.6339 16.5329
v  -7.6152 -1.5095 17.1041
v  -7.8308 -1.1553 17.5883
v  -7.9749 -0.6252 17.9119
v  -9.8657 0.0000 17.0878
v  -9.8035 0.6253 16.9801
v  -9.6264 1.1553 16.6734
v  -9.3614 1.5095 16.2144
v  -9.0487 1.6339 15.6729
v  -8.7361 1.5095 15.1314
v  -8.4711 1.1553 14.6723
v  -8.2940 0.6253 14.3656
v  -8.2318 0.0000 14.2579
v  -8.2940 -0.6252 14.3656
v  -8.4711 -1.1553 14.6723
v  -8.7361 -1.5095 15.1314
v  -9.0487 -1.6339 15.6729
v  -9.3614 -1.5095 16.2144
v  -9.6264 -1.1553 16.6734
v  -9.8035 -0.6252 16.9801
v  -11.5978 0.0000 15.9630
v  -11.5247 0.6253 15.8624
v  -11.3165 1.1553 15.5758
v  -11.0049 1.5095 15.1470
v  -10.6374 1.6339 14.6412
v  -10.2699 1.5095 14.1353
v  -9.9584 1.1553 13.7065
v  -9.7502 0.6253 13.4200
v  -9.6771 0.0000 13.3194
v  -9.7502 -0.6252 13.4200
v  -9.9584 -1.1553 13.7065
v  -10.2699 -1.5095 14.1353
v  -10.6374 -1.6339 14.6412
v  -11.0049 -1.5095 15.1470
v  -11.3165 -1.1553 15.5758
v  -11.5247 -0.6252 15.8624
v  -13.2028 0.0000 14.6632
v  -13.1196 0.6253 14.5708
v  -12.8826 1.1553 14.3076
v  -12.5280 1.5095 13.9137
v  -12.1096 1.6339 13.4491
v  -11.6912 1.5095 12.9844
v  -11.3365 1.1553 12.5905
v  -11.0995 0.6253 12.3273
v  -11.0163 0.0000 12.2349
v  -11.0995 -0.6252 12.3273
v  -11.3365 -1.1553 12.5905
v  -11.6912 -1.5095 12.9844
v  -12.1096 -1.6339 13.4491
v  -12.5280 -1.5095 13.9137
v  -12.8826 -1.1553 14.3076
v  -13.1196 -0.6252 14.5708
v  -14.6632 0.0000 13.2028
v  -14.5708 0.6253 13.1196
v  -14.3076 1.1553 12.8826
v  -13.9137 1.5095 12.5280
v  -13.4490 1.6339 12.1096
v  -12.9844 1.5095 11.6912
v  -12.5905 1.1553 11.3365
v  -12.3273 0.6253 11.0995
v  -12.2349 0.0000 11.0163
v  -12.3273 -0.6252 11.0995
v  -12.5905 -1.1553 11.3365
v  -12.9844 -1.5095 11.6912
v  -13.4490 -1.6339 12.1096
v  -13.9137 -1.5095 12.5280
v  -14.3076 -1.1553 12.8826
v  -14.5708 -0.6252 13.1196
v  -15.9630 0.0000 11.5978
v  -15.8624 0.6253 11.5247
v  -15.5758 1.1553 11.3165
v  -15.1470 1.5095 11.0050
v  -14.6412 1.6339 10.6374
v  -14.1353 1.5095 10.2699
v  -13.7065 1.1553 9.9584
v  -13.4200 0.6253 9.7502
v  -13.3193 0.0000 9.6771
v  -13.4200 -0.6252 9.7502
v  -13.7065 -1.1553 9.9584
v  -14.1353 -1.5095 10.2699
v  -14.6412 -1.6339 10.6374
v  -15.1470 -1.5095 11.0050
v  -15.5758 -1.1553 11.3165
v  -15.8624 -0.6252 11.5247
v  -17.0878 0.0000 9.8657
v  -16.9801 0.6253 9.8035
v  -16.6734 1.1553 9.6264
v  -16.2144 1.5095 9.3614
v  -15.6729 1.6339 9.0487
v  -15.1314 1.5095 8.7361
v  -14.6723 1.1553 8.4711
v  -14.3656 0.6253 8.2940
v  -14.2579 0.0000 8.2318
v  -14.3656 -0.6252 8.2940
v  -14.6723 -1.1553 8.4711
v  -15.1314 -1.5095 8.7361
v  -15.6729 -1.6339 9.0487
v  -16.2144 -1.5095 9.3614
v  -16.6734 -1.1553 9.6264
v  -16.9801 -0.6252 9.8035
v  -18.0255 0.0000 8.0255
v  -17.9119 0.6253 7.9749
v  -17.5883 1.1553 7.8308
v  -17.1041 1.5095 7.6152
v  -16.5329 1.6339 7.3609
v  -15.9617 1.5095 7.1066
v  -15.4774 1.1553 6.8910
v  -15.1539 0.6253 6.7470
v  -15.0403 0.0000 6.6964
v  -15.1539 -0.6252 6.7470
v  -15.4774 -1.1553 6.8910
v  -15.9617 -1.5095 7.1066
v  -16.5329 -1.6339 7.3609
v  -17.1041 -1.5095 7.6152
v  -17.5883 -1.1553 7.8308
v  -17.9119 -0.6252 7.9749
v  -18.7656 0.0000 6.0973
v  -18.6473 0.6253 6.0589
v  -18.3105 1.1553 5.9495
v  -17.8064 1.5095 5.7857
v  -17.2117 1.6339 5.5924
v  -16.6171 1.5095 5.3992
v  -16.1130 1.1553 5.2354
v  -15.7761 0.6253 5.1260
v  -15.6578 0.0000 5.0876
v  -15.7761 -0.6252 5.1260
v  -16.1130 -1.1553 5.2354
v  -16.6171 -1.5095 5.3992
v  -17.2117 -1.6339 5.5924
v  -17.8064 -1.5095 5.7857
v  -18.3105 -1.1553 5.9495
v  -18.6473 -0.6252 6.0589
v  -19.3002 0.0000 4.1024
v  -19.1785 0.6253 4.0765
v  -18.8321 1.1553 4.0029
v  -18.3136 1.5095 3.8927
v  -17.7020 1.6339 3.7627
v  -17.0904 1.5095 3.6327
v  -16.5719 1.1553 3.5225
v  -16.2255 0.6253 3.4489
v  -16.1039 0.0000 3.4230
v  -16.2255 -0.6252 3.4489
v  -16.5719 -1.1553 3.5225
v  -17.0904 -1.5095 3.6327
v  -17.7020 -1.6339 3.7627
v  -18.3136 -1.5095 3.8927
v  -18.8321 -1.1553 4.0029
v  -19.1785 -0.6252 4.0765
v  -19.6232 0.0000 2.0625
v  -19.4996 0.6253 2.0495
v  -19.1473 1.1553 2.0125
v  -18.6202 1.5095 1.9571
v  -17.9983 1.6339 1.8917
v  -17.3765 1.5095 1.8264
v  -16.8494 1.1553 1.7710
v  -16.4971 0.6253 1.7339
v  -16.3734 0.0000 1.7209
v  -16.4971 -0.6252 1.7339
v  -16.8494 -1.1553 1.7710
v  -17.3765 -1.5095 1.8264
v  -17.9983 -1.6339 1.8917
v  -18.6202 -1.5095 1.9571
v  -19.1473 -1.1553 2.0125
v  -19.4996 -0.6252 2.0495
v  -19.7313 0.0000 0.0000
v  -19.6070 0.6253 0.0000
v  -19.2528 1.1553 0.0000
v  -18.7227 1.5095 0.0000
v  -18.0975 1.6339 0.0000
v  -17.4722 1.5095 0.0000
v  -16.9422 1.1553 0.0000
v  -16.5880 0.6253 0.0000
v  -16.4636 0.0000 0.0000
v  -16.5880 -0.6252 0.0000
v  -16.9422 -1.1553 0.0000
v  -17.4722 -1.5095 0.0000
v  -18.0975 -1.6339 0.0000
v  -18.7227 -1.5095 0.0000
v  -19.2528 -1.1553 0.0000
v  -19.6070 -0.6252 0.0000
v  -19.6233 0.0000 -2.0625
v  -19.4996 0.6253 -2.0495
v  -19.1473 1.1553 -2.0124
v  -18.6202 1.5095 -1.9570
v  -17.9983 1.6339 -1.8917
v  -17.3765 1.5095 -1.8263
v  -16.8494 1.1553 -1.7709
v  -16.4971 0.6253 -1.7339
v  -16.3734 0.0000 -1.7209
v  -16.4971 -0.6252 -1.7339
v  -16.8494 -1.1553 -1.7709
v  -17.3765 -1.5095 -1.8263
v  -17.9983 -1.6339 -1.8917
v  -18.6202 -1.5095 -1.9570
v  -19.1473 -1.1553 -2.0124
v  -19.4996 -0.6252 -2.0495
v  -19.3002 0.0000 -4.1024
v  -19.1785 0.6253 -4.0765
v  -18.8321 1.1553 -4.0029
v  -18.3136 1.5095 -3.8927
v  -17.7020 1.6339 -3.7627
v  -17.0904 1.5095 -3.6327
v  -16.5719 1.1553 -3.5225
v  -16.2255 0.6253 -3.4488
v  -16.1039 0.0000 -3.4230
v  -16.2255 -0.6252 -3.4488
v  -16.5719 -1.1553 -3.5225
v  -17.0904 -1.5095 -3.6327
v  -17.7020 -1.6339 -3.7627
v  -18.3136 -1.5095 -3.8927
v  -18.8321 -1.1553 -4.0029
v  -19.1785 -0.6252 -4.0765
v  -18.7656 0.0000 -6.0973
v  -18.6473 0.6253 -6.0589
v  -18.3105 1.1553 -5.9494
v  -17.8064 1.5095 -5.7856
v  -17.2117 1.6339 -5.5924
v  -16.6171 1.5095 -5.3992
v  -16.1130 1.1553 -5.2354
v  -15.7761 0.6253 -5.1259
v  -15.6578 0.0000 -5.0875
v  -15.7761 -0.6252 -5.1259
v  -16.1130 -1.1553 -5.2354
v  -16.6171 -1.5095 -5.3992
v  -17.2117 -1.6339 -5.5924
v  -17.8064 -1.5095 -5.7856
v  -18.3105 -1.1553 -5.9494
v  -18.6473 -0.6252 -6.0589
v  -18.0255 0.0000 -8.0254
v  -17.9119 0.6253 -7.9748
v  -17.5883 1.1553 -7.8308
v  -17.1041 1.5095 -7.6152
v  -16.5329 1.6339 -7.3609
v  -15.9617 1.5095 -7.1066
v  -15.4775 1.1553 -6.8910
v  -15.1539 0.6253 -6.7469
v  -15.0403 0.0000 -6.6963
v  -15.1539 -0.6252 -6.7469
v  -15.4775 -1.1553 -6.8910
v  -15.9617 -1.5095 -7.1066
v  -16.5329 -1.6339 -7.3609
v  -17.1041 -1.5095 -7.6152
v  -17.5883 -1.1553 -7.8308
v  -17.9119 -0.6252 -7.9748
v  -17.0879 0.0000 -9.8656
v  -16.9802 0.6253 -9.8035
v  -16.6734 1.1553 -9.6264
v  -16.2144 1.5095 -9.3613
v  -15.6729 1.6339 -9.0487
v  -15.1314 1.5095 -8.7361
v  -14.6724 1.1553 -8.4711
v  -14.3656 0.6253 -8.2940
v  -14.2579 0.0000 -8.2318
v  -14.3656 -0.6252 -8.2940
v  -14.6724 -1.1553 -8.4711
v  -15.1314 -1.5095 -8.7361
v  -15.6729 -1.6339 -9.0487
v  -16.2144 -1.5095 -9.3613
v  -16.6734 -1.1553 -9.6264
v  -16.9802 -0.6252 -9.8035
v  -15.9630 0.0000 -11.5978
v  -15.8624 0.6253 -11.5247
v  -15.5759 1.1553 -11.3165
v  -15.1470 1.5095 -11.0049
v  -14.6412 1.6339 -10.6374
v  -14.1354 1.5095 -10.2699
v  -13.7065 1.1553 -9.9583
v  -13.4200 0.6253 -9.7502
v  -13.3194 0.0000 -9.6771
v  -13.4200 -0.6252 -9.7502
v  -13.7065 -1.1553 -9.9583
v  -14.1354 -1.5095 -10.2699
v  -14.6412 -1.6339 -10.6374
v  -15.1470 -1.5095 -11.0049
v  -15.5759 -1.1553 -11.3165
v  -15.8624 -0.6252 -11.5247
v  -14.6633 0.0000 -13.2028
v  -14.5708 0.6253 -13.1196
v  -14.3076 1.1553 -12.8826
v  -13.9137 1.5095 -12.5279
v  -13.4491 1.6339 -12.1096
v  -12.9844 1.5095 -11.6912
v  -12.5905 1.1553 -11.3365
v  -12.3273 0.6253 -11.0995
v  -12.2349 0.0000 -11.0163
v  -12.3273 -0.6252 -11.0995
v  -12.5905 -1.1553 -11.3365
v  -12.9844 -1.5095 -11.6912
v  -13.4491 -1.6339 -12.1096
v  -13.9137 -1.5095 -12.5279
v  -14.3076 -1.1553 -12.8826
v  -14.5708 -0.6252 -13.1196
v  -13.2029 0.0000 -14.6632
v  -13.1197 0.6253 -14.5708
v  -12.8827 1.1553 -14.3076
v  -12.5280 1.5095 -13.9137
v  -12.1096 1.6339 -13.4490
v  -11.6912 1.5095 -12.9844
v  -11.3365 1.1553 -12.5905
v  -11.0996 0.6253 -12.3273
v  -11.0163 0.0000 -12.2348
v  -11.0996 -0.6252 -12.3273
v  -11.3365 -1.1553 -12.5905
v  -11.6912 -1.5095 -12.9844
v  -12.1096 -1.6339 -13.4490
v  -12.5280 -1.5095 -13.9137
v  -12.8827 -1.1553 -14.3076
v  -13.1197 -0.6252 -14.5708
v  -11.5978 0.0000 -15.9630
v  -11.5247 0.6253 -15.8623
v  -11.3165 1.1553 -15.5758
v  -11.0050 1.5095 -15.1470
v  -10.6375 1.6339 -14.6411
v  -10.2699 1.5095 -14.1353
v  -9.9584 1.1553 -13.7065
v  -9.7502 0.6253 -13.4199
v  -9.6771 0.0000 -13.3193
v  -9.7502 -0.6252 -13.4199
v  -9.9584 -1.1553 -13.7065
v  -10.2699 -1.5095 -14.1353
v  -10.6375 -1.6339 -14.6411
v  -11.0050 -1.5095 -15.1470
v  -11.3165 -1.1553 -15.5758
v  -11.5247 -0.6252 -15.8623
v  -9.8657 0.0000 -17.0878
v  -9.8035 0.6253 -16.9801
v  -9.6264 1.1553 -16.6734
v  -9.3614 1.5095 -16.2143
v  -9.0488 1.6339 -15.6729
v  -8.7361 1.5095 -15.1314
v  -8.4711 1.1553 -14.6723
v  -8.2940 0.6253 -14.3656
v  -8.2318 0.0000 -14.2579
v  -8.2940 -0.6252 -14.3656
v  -8.4711 -1.1553 -14.6723
v  -8.7361 -1.5095 -15.1314
v  -9.0488 -1.6339 -15.6729
v  -9.3614 -1.5095 -16.2143
v  -9.6264 -1.1553 -16.6734
v  -9.8035 -0.6252 -16.9801
v  -8.0255 0.0000 -18.0255
v  -7.9749 0.6253 -17.9118
v  -7.8309 1.1553 -17.5883
v  -7.6153 1.5095 -17.1040
v  -7.3609 1.6339 -16.5329
v  -7.1066 1.5095 -15.9617
v  -6.8910 1.1553 -15.4774
v  -6.7470 0.6253 -15.1539
v  -6.6964 0.0000 -15.0403
v  -6.7470 -0.6252 -15.1539
v  -6.8910 -1.1553 -15.4774
v  -7.1066 -1.5095 -15.9617
v  -7.3609 -1.6339 -16.5329
v  -7.6153 -1.5095 -17.1040
v  -7.8309 -1.1553 -17.5883
v  -7.9749 -0.6252 -17.9118
v  -6.0974 0.0000 -18.7656
v  -6.0589 0.6253 -18.6473
v  -5.9495 1.1553 -18.3105
v  -5.7857 1.5095 -17.8064
v  -5.5925 1.6339 -17.2117
v  -5.3993 1.5095 -16.6171
v  -5.2355 1.1553 -16.1129
v  -5.1260 0.6253 -15.7761
v  -5.0876 0.0000 -15.6578
v  -5.1260 -0.6252 -15.7761
v  -5.2355 -1.1553 -16.1129
v  -5.3993 -1.5095 -16.6171
v  -5.5925 -1.6339 -17.2117
v  -5.7857 -1.5095 -17.8064
v  -5.9495 -1.1553 -18.3105
v  -6.0589 -0.6252 -18.6473
v  -4.1024 0.0000 -19.3001
v  -4.0766 0.6253 -19.1785
v  -4.0029 1.1553 -18.8321
v  -3.8927 1.5095 -18.3136
v  -3.7627 1.6339 -17.7020
v  -3.6327 1.5095 -17.0904
v  -3.5225 1.1553 -16.5719
v  -3.4489 0.6253 -16.2255
v  -3.4230 0.0000 -16.1038
v  -3.4489 -0.6252 -16.2255
v  -3.5225 -1.1553 -16.5719
v  -3.6327 -1.5095 -17.0904
v  -3.7627 -1.6339 -17.7020
v  -3.8927 -1.5095 -18.3136
v  -4.0029 -1.1553 -18.8321
v  -4.0766 -0.6252 -19.1785
v  -2.0625 0.0000 -19.6232
v  -2.0495 0.6253 -19.4996
v  -2.0125 1.1553 -19.1473
v  -1.9571 1.5095 -18.6202
v  -1.8918 1.6339 -17.9983
v  -1.8264 1.5095 -17.3765
v  -1.7710 1.1553 -16.8494
v  -1.7340 0.6253 -16.4971
v  -1.7210 0.0000 -16.3734
v  -1.7340 -0.6252 -16.4971
v  -1.7710 -1.1553 -16.8494
v  -1.8264 -1.5095 -17.3765
v  -1.8918 -1.6339 -17.9983
v  -1.9571 -1.5095 -18.6202
v  -2.0125 -1.1553 -19.1473
v  -2.0495 -0.6252 -19.4996
v  -0.0000 -3.2652 -19.7313
v  -0.0000 -2.6400 -19.6070
v  -0.0000 -2.1099 -19.2528
v  -0.0000 -1.7557 -18.7227
v  -0.0000 -1.6314 -18.0975
v  -0.0000 -1.7557 -17.4722
v  -0.0000 -2.1099 -16.9422
v  -0.0000 -2.6400 -16.5880
v  -0.0000 -3.2652 -16.4636
v  -0.0000 -3.8905 -16.5880
v  -0.0000 -4.4205 -16.9422
v  -0.0000 -4.7747 -17.4722
v  -0.0000 -4.7747 -18.7227
v  -0.0000 -4.4205 -19.2528
v  -0.0000 -3.8905 -19.6070
v  2.0625 -3.2652 -19.6232
v  2.0495 -2.6400 -19.4996
v  2.0125 -2.1099 -19.1473
v  1.9571 -1.7557 -18.6202
v  1.8917 -1.6314 -17.9983
v  1.8263 -1.7557 -17.3765
v  1.7709 -2.1099 -16.8494
v  1.7339 -2.6400 -16.4971
v  1.7209 -3.2652 -16.3734
v  1.7339 -3.8905 -16.4971
v  1.7709 -4.4205 -16.8494
v  1.8263 -4.7747 -17.3765
v  1.9571 -4.7747 -18.6202
v  2.0125 -4.4205 -19.1473
v  2.0495 -3.8905 -19.4996
v  4.1024 -3.2652 -19.3002
v  4.0765 -2.6400 -19.1785
v  4.0029 -2.1099 -18.8321
v  3.8927 -1.7557 -18.3136
v  3.7627 -1.6314 -17.7020
v  3.6327 -1.7557 -17.0904
v  3.5225 -2.1099 -16.5719
v  3.4488 -2.6400 -16.2255
v  3.4230 -3.2652 -16.1039
v  3.4488 -3.8905 -16.2255
v  3.5225 -4.4205 -16.5719
v  3.6327 -4.7747 -17.0904
v  3.8927 -4.7747 -18.3136
v  4.0029 -4.4205 -18.8321
v  4.0765 -3.8905 -19.1785
v  6.0973 -3.2652 -18.7656
v  6.0589 -2.6400 -18.6473
v  5.9494 -2.1099 -18.3105
v  5.7856 -1.7557 -17.8064
v  5.5924 -1.6314 -17.2117
v  5.3992 -1.7557 -16.6171
v  5.2354 -2.1099 -16.1130
v  5.1260 -2.6400 -15.7761
v  5.0875 -3.2652 -15.6578
v  5.1260 -3.8905 -15.7761
v  5.2354 -4.4205 -16.1130
v  5.3992 -4.7747 -16.6171
v  5.7856 -4.7747 -17.8064
v  5.9494 -4.4205 -18.3105
v  6.0589 -3.8905 -18.6473
v  8.0255 -3.2652 -18.0255
v  7.9749 -2.6400 -17.9119
v  7.8308 -2.1099 -17.5883
v  7.6152 -1.7557 -17.1041
v  7.3609 -1.6314 -16.5329
v  7.1066 -1.7557 -15.9617
v  6.8910 -2.1099 -15.4774
v  6.7469 -2.6400 -15.1539
v  6.6964 -3.2652 -15.0403
v  6.7469 -3.8905 -15.1539
v  6.8910 -4.4205 -15.4774
v  7.1066 -4.7747 -15.9617
v  7.6152 -4.7747 -17.1041
v  7.8308 -4.4205 -17.5883
v  7.9749 -3.8905 -17.9119
v  9.8657 -3.2652 -17.0878
v  9.8035 -2.6400 -16.9801
v  9.6264 -2.1099 -16.6734
v  9.3614 -1.7557 -16.2144
v  9.0487 -1.6314 -15.6729
v  8.7361 -1.7557 -15.1314
v  8.4711 -2.1099 -14.6723
v  8.2940 -2.6400 -14.3656
v  8.2318 -3.2652 -14.2579
v  8.2940 -3.8905 -14.3656
v  8.4711 -4.4205 -14.6723
v  8.7361 -4.7747 -15.1314
v  9.3614 -4.7747 -16.2144
v  9.6264 -4.4205 -16.6734
v  9.8035 -3.8905 -16.9801
v  11.5978 -3.2652 -15.9630
v  11.5247 -2.6400 -15.8624
v  11.3165 -2.1099 -15.5758
v  11.0049 -1.7557 -15.1470
v  10.6374 -1.6314 -14.6412
v  10.2699 -1.7557 -14.1353
v  9.9584 -2.1099 -13.7065
v  9.7502 -2.6400 -13.4200
v  9.6771 -3.2652 -13.3194
v  9.7502 -3.8905 -13.4200
v  9.9584 -4.4205 -13.7065
v  10.2699 -4.7747 -14.1353
v  11.0049 -4.7747 -15.1470
v  11.3165 -4.4205 -15.5758
v  11.5247 -3.8905 -15.8624
v  13.2028 -3.2652 -14.6632
v  13.1196 -2.6400 -14.5708
v  12.8826 -2.1099 -14.3076
v  12.5280 -1.7557 -13.9137
v  12.1096 -1.6314 -13.4490
v  11.6912 -1.7557 -12.9844
v  11.3365 -2.1099 -12.5905
v  11.0995 -2.6400 -12.3273
v  11.0163 -3.2652 -12.2349
v  11.0995 -3.8905 -12.3273
v  11.3365 -4.4205 -12.5905
v  11.6912 -4.7747 -12.9844
v  12.5280 -4.7747 -13.9137
v  12.8826 -4.4205 -14.3076
v  13.1196 -3.8905 -14.5708
v  14.6632 -3.2652 -13.2028
v  14.5708 -2.6400 -13.1196
v  14.3076 -2.1099 -12.8826
v  13.9137 -1.7557 -12.5280
v  13.4490 -1.6314 -12.1096
v  12.9844 -1.7557 -11.6912
v  12.5905 -2.1099 -11.3365
v  12.3273 -2.6400 -11.0995
v  12.2349 -3.2652 -11.0163
v  12.3273 -3.8905 -11.0995
v  12.5905 -4.4205 -11.3365
v  12.9844 -4.7747 -11.6912
v  13.9137 -4.7747 -12.5280
v  14.3076 -4.4205 -12.8826
v  14.5708 -3.8905 -13.1196
v  15.9630 -3.2652 -11.5978
v  15.8624 -2.6400 -11.5247
v  15.5758 -2.1099 -11.3165
v  15.1470 -1.7557 -11.0049
v  14.6412 -1.6314 -10.6374
v  14.1353 -1.7557 -10.2699
v  13.7065 -2.1099 -9.9584
v  13.4200 -2.6400 -9.7502
v  13.3194 -3.2652 -9.6771
v  13.4200 -3.8905 -9.7502
v  13.7065 -4.4205 -9.9584
v  14.1353 -4.7747 -10.2699
v  15.1470 -4.7747 -11.0049
v  15.5758 -4.4205 -11.3165
v  15.8624 -3.8905 -11.5247
v  17.0878 -3.2652 -9.8657
v  16.9801 -2.6400 -9.8035
v  16.6734 -2.1099 -9.6264
v  16.2144 -1.7557 -9.3614
v  15.6729 -1.6314 -9.0487
v  15.1314 -1.7557 -8.7361
v  14.6723 -2.1099 -8.4711
v  14.3656 -2.6400 -8.2940
v  14.2579 -3.2652 -8.2318
v  14.3656 -3.8905 -8.2940
v  14.6723 -4.4205 -8.4711
v  15.1314 -4.7747 -8.7361
v  16.2144 -4.7747 -9.3614
v  16.6734 -4.4205 -9.6264
v  16.9801 -3.8905 -9.8035
v  18.0255 -3.2652 -8.0255
v  17.9119 -2.6400 -7.9749
v  17.5883 -2.1099 -7.8308
v  17.1041 -1.7557 -7.6152
v  16.5329 -1.6314 -7.3609
v  15.9617 -1.7557 -7.1066
v  15.4774 -2.1099 -6.8910
v  15.1539 -2.6400 -6.7469
v  15.0403 -3.2652 -6.6964
v  15.1539 -3.8905 -6.7469
v  15.4774 -4.4205 -6.8910
v  15.9617 -4.7747 -7.1066
v  17.1041 -4.7747 -7.6152
v  17.5883 -4.4205 -7.8308
v  17.9119 -3.8905 -7.9749
v  18.7656 -3.2652 -6.0973
v  18.6473 -2.6400 -6.0589
v  18.3105 -2.1099 -5.9494
v  17.8064 -1.7557 -5.7856
v  17.2117 -1.6314 -5.5924
v  16.6171 -1.7557 -5.3992
v  16.1130 -2.1099 -5.2354
v  15.7761 -2.6400 -5.1260
v  15.6578 -3.2652 -5.0875
v  15.7761 -3.8905 -5.1260
v  16.1130 -4.4205 -5.2354
v  16.6171 -4.7747 -5.3992
v  17.8064 -4.7747 -5.7856
v  18.3105 -4.4205 -5.9494
v  18.6473 -3.8905 -6.0589
v  19.3002 -3.2652 -4.1024
v  19.1785 -2.6400 -4.0765
v  18.8321 -2.1099 -4.0029
v  18.3136 -1.7557 -3.8927
v  17.7020 -1.6314 -3.7627
v  17.0904 -1.7557 -3.6327
v  16.5719 -2.1099 -3.5225
v  16.2255 -2.6400 -3.4488
v  16.1039 -3.2652 -3.4230
v  16.2255 -3.8905 -3.4488
v  16.5719 -4.4205 -3.5225
v  17.0904 -4.7747 -3.6327
v  18.3136 -4.7747 -3.8927
v  18.8321 -4.4205 -4.0029
v  19.1785 -3.8905 -4.0765
v  19.6232 -3.2652 -2.0625
v  19.4996 -2.6400 -2.0495
v  19.1473 -2.1099 -2.0125
v  18.6202 -1.7557 -1.9571
v  17.9983 -1.6314 -1.8917
v  17.3765 -1.7557 -1.8263
v  16.8494 -2.1099 -1.7709
v  16.4971 -2.6400 -1.7339
v  16.3734 -3.2652 -1.7209
v  16.4971 -3.8905 -1.7339
v  16.8494 -4.4205 -1.7709
v  17.3765 -4.7747 -1.8263
v  18.6202 -4.7747 -1.9571
v  19.1473 -4.4205 -2.0125
v  19.4996 -3.8905 -2.0495
v  19.7313 -3.2652 -0.0000
v  19.6070 -2.6400 -0.0000
v  19.2528 -2.1099 -0.0000
v  18.7227 -1.7557 -0.0000
v  18.0975 -1.6314 -0.0000
v  17.4722 -1.7557 -0.0000
v  16.9422 -2.1099 -0.0000
v  16.5880 -2.6400 -0.0000
v  16.4636 -3.2652 -0.0000
v  16.5880 -3.8905 -0.0000
v  16.9422 -4.4205 -0.0000
v  17.4722 -4.7747 -0.0000
v  18.7227 -4.7747 -0.0000
v  19.2528 -4.4205 -0.0000
v  19.6070 -3.8905 -0.0000
v  19.6232 -3.2652 2.0625
v  19.4996 -2.6400 2.0495
v  19.1473 -2.1099 2.0125
v  18.6202 -1.7557 1.9571
v  17.9983 -1.6314 1.8917
v  17.3765 -1.7557 1.8263
v  16.8494 -2.1099 1.7709
v  16.4971 -2.6400 1.7339
v  16.3734 -3.2652 1.7209
v  16.4971 -3.8905 1.7339
v  16.8494 -4.4205 1.7709
v  17.3765 -4.7747 1.8263
v  18.6202 -4.7747 1.9571
v  19.1473 -4.4205 2.0125
v  19.4996 -3.8905 2.0495
v  19.3002 -3.2652 4.1024
v  19.1785 -2.6400 4.0765
v  18.8321 -2.1099 4.0029
v  18.3136 -1.7557 3.8927
v  17.7020 -1.6314 3.7627
v  17.0904 -1.7557 3.6327
v  16.5719 -2.1099 3.5225
v  16.2255 -2.6400 3.4488
v  16.1039 -3.2652 3.4230
v  16.2255 -3.8905 3.4488
v  16.5719 -4.4205 3.5225
v  17.0904 -4.7747 3.6327
v  18.3136 -4.7747 3.8927
v  18.8321 -4.4205 4.0029
v  19.1785 -3.8905 4.0765
v  18.7656 -3.2652 6.0973
v  18.6473 -2.6400 6.0589
v  18.3105 -2.1099 5.9494
v  17.8064 -1.7557 5.7856
v  17.2117 -1.6314 5.5924
v  16.6171 -1.7557 5.3992
v  16.1130 -2.1099 5.2354
v  15.7761 -2.6400 5.1260
v  15.6578 -3.2652 5.0875
v  15.7761 -3.8905 5.1260
v  16.1130 -4.4205 5.2354
v  16.6171 -4.7747 5.3992
v  17.8064 -4.7747 5.7856
v  18.3105 -4.4205 5.9494
v  18.6473 -3.8905 6.0589
v  18.0255 -3.2652 8.0255
v  17.9119 -2.6400 7.9749
v  17.5883 -2.1099 7.8308
v  17.1041 -1.7557 7.6152
v  16.5329 -1.6314 7.3609
v  15.9617 -1.7557 7.1066
v  15.4774 -2.1099 6.8910
v  15.1539 -2.6400 6.7469
v  15.0403 -3.2652 6.6964
v  15.1539 -3.8905 6.7469
v  15.4774 -4.4205 6.8910
v  15.9617 -4.7747 7.1066
v  17.1041 -4.7747 7.6152
v  17.5883 -4.4205 7.8308
v  17.9119 -3.8905 7.9749
v  17.0878 -3.2652 9.8657
v  16.9801 -2.6400 9.8035
v  16.6734 -2.1099 9.6264
v  16.2144 -1.7557 9.3614
v  15.6729 -1.6314 9.0487
v  15.1314 -1.7557 8.7361
v  14.6723 -2.1099 8.4711
v  14.3656 -2.6400 8.2940
v  14.2579 -3.2652 8.2318
v  14.3656 -3.8905 8.2940
v  14.6723 -4.4205 8.4711
v  15.1314 -4.7747 8.7361
v  16.2144 -4.7747 9.3614
v  16.6734 -4.4205 9.6264
v  16.9801 -3.8905 9.8035
v  15.9630 -3.2652 11.5978
v  15.8624 -2.6400 11.5247
v  15.5758 -2.1099 11.3165
v  15.1470 -1.7557 11.0049
v  14.6412 -1.6314 10.6374
v  14.1353 -1.7557 10.2699
v  13.7065 -2.1099 9.9584
v  13.4200 -2.6400 9.7502
v  13.3194 -3.2652 9.6771
v  13.4200 -3.8905 9.7502
v  13.7065 -4.4205 9.9584
v  14.1353 -4.7747 10.2699
v  15.1470 -4.7747 11.0049
v  15.5758 -4.4205 11.3165
v  15.8624 -3.8905 11.5247
v  14.6632 -3.2652 13.2028
v  14.5708 -2.6400 13.1196
v  14.3076 -2.1099 12.8826
v  13.9137 -1.7557 12.5280
v  13.4490 -1.6314 12.1096
v  12.9844 -1.7557 11.6912
v  12.5905 -2.1099 11.3365
v  12.3273 -2.6400 11.0995
v  12.2349 -3.2652 11.0163
v  12.3273 -3.8905 11.0995
v  12.5905 -4.4205 11.3365
v  12.9844 -4.7747 11.6912
v  13.9137 -4.7747 12.5280
v  14.3076 -4.4205 12.8826
v  14.5708 -3.8905 13.1196
v  13.2028 -3.2652 14.6632
v  13.1196 -2.6400 14.5708
v  12.8826 -2.1099 14.3076
v  12.5280 -1.7557 13.9137
v  12.1096 -1.6314 13.4490
v  11.6912 -1.7557 12.9844
v  11.3365 -2.1099 12.5905
v  11.0995 -2.6400 12.3273
v  11.0163 -3.2652 12.2349
v  11.0995 -3.8905 12.3273
v  11.3365 -4.4205 12.5905
v  11.6912 -4.7747 12.9844
v  12.1084 -4.8991 13.4478
v  12.5280 -4.7747 13.9137
v  12.8826 -4.4205 14.3076
v  13.1196 -3.8905 14.5708
v  11.5978 -3.2652 15.9630
v  11.5247 -2.6400 15.8624
v  11.3165 -2.1099 15.5758
v  11.0049 -1.7557 15.1470
v  10.6374 -1.6314 14.6412
v  10.2699 -1.7557 14.1353
v  9.9584 -2.1099 13.7065
v  9.7502 -2.6400 13.4200
v  9.6771 -3.2652 13.3194
v  9.7502 -3.8905 13.4200
v  9.9584 -4.4205 13.7065
v  10.2699 -4.7747 14.1353
v  10.6364 -4.8991 14.6398
v  11.0049 -4.7747 15.1470
v  11.3165 -4.4205 15.5758
v  11.5247 -3.8905 15.8624
v  9.8657 -3.2652 17.0878
v  9.8035 -2.6400 16.9801
v  9.6264 -2.1099 16.6734
v  9.3614 -1.7557 16.2144
v  9.0487 -1.6314 15.6729
v  8.7361 -1.7557 15.1314
v  8.4711 -2.1099 14.6723
v  8.2940 -2.6400 14.3656
v  8.2318 -3.2652 14.2579
v  8.2940 -3.8905 14.3656
v  8.4711 -4.4205 14.6723
v  8.7361 -4.7747 15.1314
v  9.0479 -4.8991 15.6714
v  9.3614 -4.7747 16.2144
v  9.6264 -4.4205 16.6734
v  9.8035 -3.8905 16.9801
v  8.0255 -3.2652 18.0255
v  7.9749 -2.6400 17.9119
v  7.8308 -2.1099 17.5883
v  7.6152 -1.7557 17.1041
v  7.3609 -1.6314 16.5329
v  7.1066 -1.7557 15.9617
v  6.8910 -2.1099 15.4774
v  6.7469 -2.6400 15.1539
v  6.6964 -3.2652 15.0403
v  6.7469 -3.8905 15.1539
v  6.8910 -4.4205 15.4774
v  7.1066 -4.7747 15.9617
v  7.3602 -4.8991 16.5313
v  7.6152 -4.7747 17.1041
v  7.8308 -4.4205 17.5883
v  7.9749 -3.8905 17.9119
v  6.0973 -3.2652 18.7656
v  6.0589 -2.6400 18.6473
v  5.9494 -2.1099 18.3105
v  5.7856 -1.7557 17.8064
v  5.5924 -1.6314 17.2117
v  5.3992 -1.7557 16.6171
v  5.2354 -2.1099 16.1130
v  5.1260 -2.6400 15.7761
v  5.0875 -3.2652 15.6578
v  5.1260 -3.8905 15.7761
v  5.2354 -4.4205 16.1130
v  5.3992 -4.7747 16.6171
v  5.5919 -4.8991 17.2101
v  5.7856 -4.7747 17.8064
v  5.9494 -4.4205 18.3105
v  6.0589 -3.8905 18.6473
v  4.1024 -3.2652 19.3002
v  4.0765 -2.6400 19.1785
v  4.0029 -2.1099 18.8321
v  3.8927 -1.7557 18.3136
v  3.7627 -1.6314 17.7020
v  3.6327 -1.7557 17.0904
v  3.5225 -2.1099 16.5719
v  3.4488 -2.6400 16.2255
v  3.4230 -3.2652 16.1039
v  3.4488 -3.8905 16.2255
v  3.5225 -4.4205 16.5719
v  3.6327 -4.7747 17.0904
v  3.7623 -4.8991 17.7003
v  3.8927 -4.7747 18.3136
v  4.0029 -4.4205 18.8321
v  4.0765 -3.8905 19.1785
v  2.0625 -3.2652 19.6232
v  2.0495 -2.6400 19.4996
v  2.0125 -2.1099 19.1473
v  1.9571 -1.7557 18.6202
v  1.8917 -1.6314 17.9983
v  1.8263 -1.7557 17.3765
v  1.7709 -2.1099 16.8494
v  1.7339 -2.6400 16.4971
v  1.7209 -3.2652 16.3734
v  1.7339 -3.8905 16.4971
v  1.7709 -4.4205 16.8494
v  1.8263 -4.7747 17.3765
v  1.8915 -4.8991 17.9966
v  1.9571 -4.7747 18.6202
v  2.0125 -4.4205 19.1473
v  2.0495 -3.8905 19.4996
v  -0.0000 -3.2652 19.7313
v  -0.0000 -2.6400 19.6070
v  -0.0000 -2.1099 19.2528
v  -0.0000 -1.7557 18.7227
v  -0.0000 -1.6314 18.0975
v  -0.0000 -1.7557 17.4722
v  -0.0000 -2.1099 16.9422
v  -0.0000 -2.6400 16.5880
v  -0.0000 -3.2652 16.4636
v  -0.0000 -3.8905 16.5880
v  -0.0000 -4.4205 16.9422
v  -0.0000 -4.7747 17.4722
v  -0.0000 -4.8991 18.0957
v  -0.0000 -4.7747 18.7227
v  -0.0000 -4.4205 19.2528
v  -0.0000 -3.8905 19.6070
v  -2.0625 -3.2652 19.6232
v  -2.0495 -2.6400 19.4996
v  -2.0125 -2.1099 19.1473
v  -1.9571 -1.7557 18.6202
v  -1.8917 -1.6314 17.9983
v  -1.8263 -1.7557 17.3765
v  -1.7709 -2.1099 16.8494
v  -1.7339 -2.6400 16.4971
v  -1.7209 -3.2652 16.3734
v  -1.7339 -3.8905 16.4971
v  -1.7709 -4.4205 16.8494
v  -1.8263 -4.7747 17.3765
v  -1.8915 -4.8991 17.9966
v  -1.9571 -4.7747 18.6202
v  -2.0125 -4.4205 19.1473
v  -2.0495 -3.8905 19.4996
v  -4.1024 -3.2652 19.3002
v  -4.0765 -2.6400 19.1785
v  -4.0029 -2.1099 18.8321
v  -3.8927 -1.7557 18.3136
v  -3.7627 -1.6314 17.7020
v  -3.6327 -1.7557 17.0904
v  -3.5225 -2.1099 16.5719
v  -3.4488 -2.6400 16.2255
v  -3.4230 -3.2652 16.1039
v  -3.4488 -3.8905 16.2255
v  -3.5225 -4.4205 16.5719
v  -3.6327 -4.7747 17.0904
v  -3.7623 -4.8991 17.7003
v  -3.8927 -4.7747 18.3136
v  -4.0029 -4.4205 18.8321
v  -4.0765 -3.8905 19.1785
v  -6.0973 -3.2652 18.7656
v  -6.0589 -2.6400 18.6473
v  -5.9494 -2.1099 18.3105
v  -5.7856 -1.7557 17.8064
v  -5.5924 -1.6314 17.2117
v  -5.3992 -1.7557 16.6171
v  -5.2354 -2.1099 16.1130
v  -5.1260 -2.6400 15.7761
v  -5.0875 -3.2652 15.6578
v  -5.1260 -3.8905 15.7761
v  -5.2354 -4.4205 16.1130
v  -5.3992 -4.7747 16.6171
v  -5.5919 -4.8991 17.2101
v  -5.7856 -4.7747 17.8064
v  -5.9494 -4.4205 18.3105
v  -6.0589 -3.8905 18.6473
v  -8.0255 -3.2652 18.0255
v  -7.9749 -2.6400 17.9119
v  -7.8308 -2.1099 17.5883
v  -7.6152 -1.7557 17.1041
v  -7.3609 -1.6314 16.5329
v  -7.1066 -1.7557 15.9617
v  -6.8910 -2.1099 15.4774
v  -6.7469 -2.6400 15.1539
v  -6.6964 -3.2652 15.0403
v  -6.7469 -3.8905 15.1539
v  -6.8910 -4.4205 15.4774
v  -7.1066 -4.7747 15.9617
v  -7.3602 -4.8991 16.5313
v  -7.6152 -4.7747 17.1041
v  -7.8308 -4.4205 17.5883
v  -7.9749 -3.8905 17.9119
v  -9.8657 -3.2652 17.0878
v  -9.8035 -2.6400 16.9801
v  -9.6264 -2.1099 16.6734
v  -9.3614 -1.7557 16.2144
v  -9.0487 -1.6314 15.6729
v  -8.7361 -1.7557 15.1314
v  -8.4711 -2.1099 14.6723
v  -8.2940 -2.6400 14.3656
v  -8.2318 -3.2652 14.2579
v  -8.2940 -3.8905 14.3656
v  -8.4711 -4.4205 14.6723
v  -8.7361 -4.7747 15.1314
v  -9.0479 -4.8991 15.6714
v  -9.3614 -4.7747 16.2144
v  -9.6264 -4.4205 16.6734
v  -9.8035 -3.8905 16.9801
v  -11.5978 -3.2652 15.9630
v  -11.5247 -2.6400 15.8624
v  -11.3165 -2.1099 15.5758
v  -11.0049 -1.7557 15.1470
v  -10.6374 -1.6314 14.6412
v  -10.2699 -1.7557 14.1353
v  -9.9584 -2.1099 13.7065
v  -9.7502 -2.6400 13.4200
v  -9.6771 -3.2652 13.3194
v  -9.7502 -3.8905 13.4200
v  -9.9584 -4.4205 13.7065
v  -10.2699 -4.7747 14.1353
v  -10.6364 -4.8991 14.6398
v  -11.0049 -4.7747 15.1470
v  -11.3165 -4.4205 15.5758
v  -11.5247 -3.8905 15.8624
v  -13.2028 -3.2652 14.6632
v  -13.1196 -2.6400 14.5708
v  -12.8826 -2.1099 14.3076
v  -12.5280 -1.7557 13.9137
v  -12.1096 -1.6314 13.4491
v  -11.6912 -1.7557 12.9844
v  -11.3365 -2.1099 12.5905
v  -11.0995 -2.6400 12.3273
v  -11.0163 -3.2652 12.2349
v  -11.0995 -3.8905 12.3273
v  -11.3365 -4.4205 12.5905
v  -11.6912 -4.7747 12.9844
v  -12.1084 -4.8991 13.4478
v  -12.5280 -4.7747 13.9137
v  -12.8826 -4.4205 14.3076
v  -13.1196 -3.8905 14.5708
v  -14.6632 -3.2652 13.2028
v  -14.5708 -2.6400 13.1196
v  -14.3076 -2.1099 12.8826
v  -13.9137 -1.7557 12.5280
v  -13.4490 -1.6314 12.1096
v  -12.9844 -1.7557 11.6912
v  -12.5905 -2.1099 11.3365
v  -12.3273 -2.6400 11.0995
v  -12.2349 -3.2652 11.0163
v  -12.3273 -3.8905 11.0995
v  -12.5905 -4.4205 11.3365
v  -12.9844 -4.7747 11.6912
v  -13.4478 -4.8991 12.1084
v  -13.9137 -4.7747 12.5280
v  -14.3076 -4.4205 12.8826
v  -14.5708 -3.8905 13.1196
v  -15.9630 -3.2652 11.5978
v  -15.8624 -2.6400 11.5247
v  -15.5758 -2.1099 11.3165
v  -15.1470 -1.7557 11.0050
v  -14.6412 -1.6314 10.6374
v  -14.1353 -1.7557 10.2699
v  -13.7065 -2.1099 9.9584
v  -13.4200 -2.6400 9.7502
v  -13.3193 -3.2652 9.6771
v  -13.4200 -3.8905 9.7502
v  -13.7065 -4.4205 9.9584
v  -14.1353 -4.7747 10.2699
v  -14.6398 -4.8991 10.6364
v  -15.1470 -4.7747 11.0050
v  -15.5758 -4.4205 11.3165
v  -15.8624 -3.8905 11.5247
v  -17.0878 -3.2652 9.8657
v  -16.9801 -2.6400 9.8035
v  -16.6734 -2.1099 9.6264
v  -16.2144 -1.7557 9.3614
v  -15.6729 -1.6314 9.0487
v  -15.1314 -1.7557 8.7361
v  -14.6723 -2.1099 8.4711
v  -14.3656 -2.6400 8.2940
v  -14.2579 -3.2652 8.2318
v  -14.3656 -3.8905 8.2940
v  -14.6723 -4.4205 8.4711
v  -15.1314 -4.7747 8.7361
v  -15.6714 -4.8991 9.0479
v  -16.2144 -4.7747 9.3614
v  -16.6734 -4.4205 9.6264
v  -16.9801 -3.8905 9.8035
v  -18.0255 -3.2652 8.0255
v  -17.9119 -2.6400 7.9749
v  -17.5883 -2.1099 7.8308
v  -17.1041 -1.7557 7.6152
v  -16.5329 -1.6314 7.3609
v  -15.9617 -1.7557 7.1066
v  -15.4774 -2.1099 6.8910
v  -15.1539 -2.6400 6.7470
v  -15.0403 -3.2652 6.6964
v  -15.1539 -3.8905 6.7470
v  -15.4774 -4.4205 6.8910
v  -15.9617 -4.7747 7.1066
v  -16.5313 -4.8991 7.3602
v  -17.1041 -4.7747 7.6152
v  -17.5883 -4.4205 7.8308
v  -17.9119 -3.8905 7.9749
v  -18.7656 -3.2652 6.0973
v  -18.6473 -2.6400 6.0589
v  -18.3105 -2.1099 5.9495
v  -17.8064 -1.7557 5.7857
v  -17.2117 -1.6314 5.5924
v  -16.6171 -1.7557 5.3992
v  -16.1130 -2.1099 5.2354
v  -15.7761 -2.6400 5.1260
v  -15.6578 -3.2652 5.0876
v  -15.7761 -3.8905 5.1260
v  -16.1130 -4.4205 5.2354
v  -16.6171 -4.7747 5.3992
v  -17.2101 -4.8991 5.5919
v  -17.8064 -4.7747 5.7857
v  -18.3105 -4.4205 5.9495
v  -18.6473 -3.8905 6.0589
v  -19.3002 -3.2652 4.1024
v  -19.1785 -2.6400 4.0765
v  -18.8321 -2.1099 4.0029
v  -18.3136 -1.7557 3.8927
v  -17.7020 -1.6314 3.7627
v  -17.0904 -1.7557 3.6327
v  -16.5719 -2.1099 3.5225
v  -16.2255 -2.6400 3.4489
v  -16.1039 -3.2652 3.4230
v  -16.2255 -3.8905 3.4489
v  -16.5719 -4.4205 3.5225
v  -17.0904 -4.7747 3.6327
v  -17.7003 -4.8991 3.7623
v  -18.3136 -4.7747 3.8927
v  -18.8321 -4.4205 4.0029
v  -19.1785 -3.8905 4.0765
v  -19.6232 -3.2652 2.0625
v  -19.4996 -2.6400 2.0495
v  -19.1473 -2.1099 2.0125
v  -18.6202 -1.7557 1.9571
v  -17.9983 -1.6314 1.8917
v  -17.3765 -1.7557 1.8264
v  -16.8494 -2.1099 1.7710
v  -16.4971 -2.6400 1.7339
v  -16.3734 -3.2652 1.7209
v  -16.4971 -3.8905 1.7339
v  -16.8494 -4.4205 1.7710
v  -17.3765 -4.7747 1.8264
v  -17.9966 -4.8991 1.8915
v  -18.6202 -4.7747 1.9571
v  -19.1473 -4.4205 2.0125
v  -19.4996 -3.8905 2.0495
v  -19.7313 -3.2652 0.0000
v  -19.6070 -2.6400 0.0000
v  -19.2528 -2.1099 0.0000
v  -18.7227 -1.7557 0.0000
v  -18.0975 -1.6314 0.0000
v  -17.4722 -1.7557 0.0000
v  -16.9422 -2.1099 0.0000
v  -16.5880 -2.6400 0.0000
v  -16.4636 -3.2652 0.0000
v  -16.5880 -3.8905 0.0000
v  -16.9422 -4.4205 0.0000
v  -17.4722 -4.7747 0.0000
v  -18.0957 -4.8991 0.0000
v  -18.7227 -4.7747 0.0000
v  -19.2528 -4.4205 0.0000
v  -19.6070 -3.8905 0.0000
v  -19.6233 -3.2652 -2.0625
v  -19.4996 -2.6400 -2.0495
v  -19.1473 -2.1099 -2.0124
v  -18.6202 -1.7557 -1.9570
v  -17.9983 -1.6314 -1.8917
v  -17.3765 -1.7557 -1.8263
v  -16.8494 -2.1099 -1.7709
v  -16.4971 -2.6400 -1.7339
v  -16.3734 -3.2652 -1.7209
v  -16.4971 -3.8905 -1.7339
v  -16.8494 -4.4205 -1.7709
v  -17.3765 -4.7747 -1.8263
v  -17.9966 -4.8991 -1.8915
v  -18.6202 -4.7747 -1.9570
v  -19.1473 -4.4205 -2.0124
v  -19.4996 -3.8905 -2.0495
v  -19.3002 -3.2652 -4.1024
v  -19.1785 -2.6400 -4.0765
v  -18.8321 -2.1099 -4.0029
v  -18.3136 -1.7557 -3.8927
v  -17.7020 -1.6314 -3.7627
v  -17.0904 -1.7557 -3.6327
v  -16.5719 -2.1099 -3.5225
v  -16.2255 -2.6400 -3.4488
v  -16.1039 -3.2652 -3.4230
v  -16.2255 -3.8905 -3.4488
v  -16.5719 -4.4205 -3.5225
v  -17.0904 -4.7747 -3.6327
v  -17.7003 -4.8991 -3.7623
v  -18.3136 -4.7747 -3.8927
v  -18.8321 -4.4205 -4.0029
v  -19.1785 -3.8905 -4.0765
v  -18.7656 -3.2652 -6.0973
v  -18.6473 -2.6400 -6.0589
v  -18.3105 -2.1099 -5.9494
v  -17.8064 -1.7557 -5.7856
v  -17.2117 -1.6314 -5.5924
v  -16.6171 -1.7557 -5.3992
v  -16.1130 -2.1099 -5.2354
v  -15.7761 -2.6400 -5.1259
v  -15.6578 -3.2652 -5.0875
v  -15.7761 -3.8905 -5.1259
v  -16.1130 -4.4205 -5.2354
v  -16.6171 -4.7747 -5.3992
v  -17.2101 -4.8991 -5.5919
v  -17.8064 -4.7747 -5.7856
v  -18.3105 -4.4205 -5.9494
v  -18.6473 -3.8905 -6.0589
v  -18.0255 -3.2652 -8.0254
v  -17.9119 -2.6400 -7.9748
v  -17.5883 -2.1099 -7.8308
v  -17.1041 -1.7557 -7.6152
v  -16.5329 -1.6314 -7.3609
v  -15.9617 -1.7557 -7.1066
v  -15.4775 -2.1099 -6.8910
v  -15.1539 -2.6400 -6.7469
v  -15.0403 -3.2652 -6.6963
v  -15.1539 -3.8905 -6.7469
v  -15.4775 -4.4205 -6.8910
v  -15.9617 -4.7747 -7.1066
v  -16.5313 -4.8991 -7.3602
v  -17.1041 -4.7747 -7.6152
v  -17.5883 -4.4205 -7.8308
v  -17.9119 -3.8905 -7.9748
v  -17.0879 -3.2652 -9.8656
v  -16.9802 -2.6400 -9.8035
v  -16.6734 -2.1099 -9.6264
v  -16.2144 -1.7557 -9.3613
v  -15.6729 -1.6314 -9.0487
v  -15.1314 -1.7557 -8.7361
v  -14.6724 -2.1099 -8.4711
v  -14.3656 -2.6400 -8.2940
v  -14.2579 -3.2652 -8.2318
v  -14.3656 -3.8905 -8.2940
v  -14.6724 -4.4205 -8.4711
v  -15.1314 -4.7747 -8.7361
v  -15.6714 -4.8991 -9.0478
v  -16.2144 -4.7747 -9.3613
v  -16.6734 -4.4205 -9.6264
v  -16.9802 -3.8905 -9.8035
v  -15.9630 -3.2652 -11.5978
v  -15.8624 -2.6400 -11.5247
v  -15.5759 -2.1099 -11.3165
v  -15.1470 -1.7557 -11.0049
v  -14.6412 -1.6314 -10.6374
v  -14.1354 -1.7557 -10.2699
v  -13.7065 -2.1099 -9.9583
v  -13.4200 -2.6400 -9.7502
v  -13.3194 -3.2652 -9.6771
v  -13.4200 -3.8905 -9.7502
v  -13.7065 -4.4205 -9.9583
v  -14.1354 -4.7747 -10.2699
v  -14.6398 -4.8991 -10.6364
v  -15.1470 -4.7747 -11.0049
v  -15.5759 -4.4205 -11.3165
v  -15.8624 -3.8905 -11.5247
v  -14.6633 -3.2652 -13.2028
v  -14.5708 -2.6400 -13.1196
v  -14.3076 -2.1099 -12.8826
v  -13.9137 -1.7557 -12.5279
v  -13.4491 -1.6314 -12.1096
v  -12.9844 -1.7557 -11.6912
v  -12.5905 -2.1099 -11.3365
v  -12.3273 -2.6400 -11.0995
v  -12.2349 -3.2652 -11.0163
v  -12.3273 -3.8905 -11.0995
v  -12.5905 -4.4205 -11.3365
v  -12.9844 -4.7747 -11.6912
v  -13.4478 -4.8991 -12.1084
v  -13.9137 -4.7747 -12.5279
v  -14.3076 -4.4205 -12.8826
v  -14.5708 -3.8905 -13.1196
v  -13.2029 -3.2652 -14.6632
v  -13.1197 -2.6400 -14.5708
v  -12.8827 -2.1099 -14.3076
v  -12.5280 -1.7557 -13.9137
v  -12.1096 -1.6314 -13.4490
v  -11.6912 -1.7557 -12.9844
v  -11.3365 -2.1099 -12.5905
v  -11.0996 -2.6400 -12.3273
v  -11.0163 -3.2652 -12.2348
v  -11.0996 -3.8905 -12.3273
v  -11.3365 -4.4205 -12.5905
v  -11.6912 -4.7747 -12.9844
v  -12.5280 -4.7747 -13.9137
v  -12.8827 -4.4205 -14.3076
v  -13.1197 -3.8905 -14.5708
v  -11.5978 -3.2652 -15.9630
v  -11.5247 -2.6400 -15.8623
v  -11.3165 -2.1099 -15.5758
v  -11.0050 -1.7557 -15.1470
v  -10.6375 -1.6314 -14.6411
v  -10.2699 -1.7557 -14.1353
v  -9.9584 -2.1099 -13.7065
v  -9.7502 -2.6400 -13.4199
v  -9.6771 -3.2652 -13.3193
v  -9.7502 -3.8905 -13.4199
v  -9.9584 -4.4205 -13.7065
v  -10.2699 -4.7747 -14.1353
v  -11.0050 -4.7747 -15.1470
v  -11.3165 -4.4205 -15.5758
v  -11.5247 -3.8905 -15.8623
v  -9.8657 -3.2652 -17.0878
v  -9.8035 -2.6400 -16.9801
v  -9.6264 -2.1099 -16.6734
v  -9.3614 -1.7557 -16.2143
v  -9.0488 -1.6314 -15.6729
v  -8.7361 -1.7557 -15.1314
v  -8.4711 -2.1099 -14.6723
v  -8.2940 -2.6400 -14.3656
v  -8.2318 -3.2652 -14.2579
v  -8.2940 -3.8905 -14.3656
v  -8.4711 -4.4205 -14.6723
v  -8.7361 -4.7747 -15.1314
v  -9.3614 -4.7747 -16.2143
v  -9.6264 -4.4205 -16.6734
v  -9.8035 -3.8905 -16.9801
v  -8.0255 -3.2652 -18.0255
v  -7.9749 -2.6400 -17.9118
v  -7.8309 -2.1099 -17.5883
v  -7.6153 -1.7557 -17.1040
v  -7.3609 -1.6314 -16.5329
v  -7.1066 -1.7557 -15.9617
v  -6.8910 -2.1099 -15.4774
v  -6.7470 -2.6400 -15.1539
v  -6.6964 -3.2652 -15.0403
v  -6.7470 -3.8905 -15.1539
v  -6.8910 -4.4205 -15.4774
v  -7.1066 -4.7747 -15.9617
v  -7.6153 -4.7747 -17.1040
v  -7.8309 -4.4205 -17.5883
v  -7.9749 -3.8905 -17.9118
v  -6.0974 -3.2652 -18.7656
v  -6.0589 -2.6400 -18.6473
v  -5.9495 -2.1099 -18.3105
v  -5.7857 -1.7557 -17.8064
v  -5.5925 -1.6314 -17.2117
v  -5.3993 -1.7557 -16.6171
v  -5.2355 -2.1099 -16.1129
v  -5.1260 -2.6400 -15.7761
v  -5.0876 -3.2652 -15.6578
v  -5.1260 -3.8905 -15.7761
v  -5.2355 -4.4205 -16.1129
v  -5.3993 -4.7747 -16.6171
v  -5.7857 -4.7747 -17.8064
v  -5.9495 -4.4205 -18.3105
v  -6.0589 -3.8905 -18.6473
v  -4.1024 -3.2652 -19.3001
v  -4.0766 -2.6400 -19.1785
v  -4.0029 -2.1099 -18.8321
v  -3.8927 -1.7557 -18.3136
v  -3.7627 -1.6314 -17.7020
v  -3.6327 -1.7557 -17.0904
v  -3.5225 -2.1099 -16.5719
v  -3.4489 -2.6400 -16.2255
v  -3.4230 -3.2652 -16.1038
v  -3.4489 -3.8905 -16.2255
v  -3.5225 -4.4205 -16.5719
v  -3.6327 -4.7747 -17.0904
v  -3.8927 -4.7747 -18.3136
v  -4.0029 -4.4205 -18.8321
v  -4.0766 -3.8905 -19.1785
v  -2.0625 -3.2652 -19.6232
v  -2.0495 -2.6400 -19.4996
v  -2.0125 -2.1099 -19.1473
v  -1.9571 -1.7557 -18.6202
v  -1.8918 -1.6314 -17.9983
v  -1.8264 -1.7557 -17.3765
v  -1.7710 -2.1099 -16.8494
v  -1.7340 -2.6400 -16.4971
v  -1.7210 -3.2652 -16.3734
v  -1.7340 -3.8905 -16.4971
v  -1.7710 -4.4205 -16.8494
v  -1.8264 -4.7747 -17.3765
v  -1.9571 -4.7747 -18.6202
v  -2.0125 -4.4205 -19.1473
v  -2.0495 -3.8905 -19.4996
v  1.6014 -4.7747 -15.2367
v  3.1853 -4.7747 -14.9859
v  7.6603 -4.7747 -13.2681
v  9.0053 -4.7747 -12.3947
v  10.2515 -4.7747 -11.3855
v  13.9961 -4.7747 -6.2315
v  14.5708 -4.7747 -4.7343
v  15.2367 -4.7747 -1.6014
v  15.3207 -4.7747 0.0000
v  15.2367 -4.7747 1.6014
v  14.9859 -4.7747 3.1853
v  13.9961 -4.7747 6.2315
v  12.3947 -4.7747 9.0053
v  7.6603 -4.7747 13.2681
v  6.2315 -4.7747 13.9961
v  3.1853 -4.7747 14.9859
v  -10.2515 -4.7747 11.3855
v  -12.3947 -4.7747 9.0053
v  -13.9961 -4.7747 6.2315
v  -14.5708 -4.7747 4.7344
v  -14.5708 -4.7747 -4.7343
v  -13.9961 -4.7747 -6.2314
v  -13.2681 -4.7747 -7.6603
v  -12.3947 -4.7747 -9.0052
v  -10.2515 -4.7747 -11.3854
v  -3.1854 -4.7747 -14.9859
v  -1.6015 -4.7747 -15.2367
v  -0.0000 -4.7747 13.1109
v  -0.0000 -4.7747 11.0356
v  -0.0000 -4.7747 9.0646
v  -0.0000 -4.7747 7.1717
v  -0.0000 -4.7747 5.3353
v  -0.0000 -4.7747 3.5372
v  -0.0000 -4.7747 1.7630
v  -0.0000 -4.7747 0.0000
v  -0.0000 -4.7747 -1.7629
v  -0.0000 -4.7747 -3.5372
v  -0.0000 -4.7747 -5.3352
v  -0.0000 -4.7747 -7.1717
v  -0.0000 -4.7747 -9.0646
v  -0.0000 -4.7747 -11.0356
v  -0.0000 -4.7747 -13.1109
v  -1.6675 -4.7747 -13.0436
v  -1.7421 -4.7747 -10.9834
v  -1.8174 -4.7747 -9.0255
v  -1.8868 -4.7747 -7.1436
v  -1.9454 -4.7747 -5.3160
v  -1.9895 -4.7747 -3.5253
v  -2.0169 -4.7747 -1.7573
v  -2.0262 -4.7747 0.0000
v  -2.0169 -4.7747 1.7573
v  -1.9895 -4.7747 3.5253
v  -1.9454 -4.7747 5.3160
v  -1.8868 -4.7747 7.1436
v  -1.8174 -4.7747 9.0255
v  -1.7421 -4.7747 10.9834
v  -1.6675 -4.7747 13.0436
v  1.6675 -4.7747 13.0436
v  1.7421 -4.7747 10.9834
v  1.8174 -4.7747 9.0255
v  1.8868 -4.7747 7.1436
v  1.9454 -4.7747 5.3160
v  1.9895 -4.7747 3.5253
v  2.0169 -4.7747 1.7573
v  2.0262 -4.7747 0.0000
v  2.0169 -4.7747 -1.7573
v  1.9895 -4.7747 -3.5253
v  1.9453 -4.7747 -5.3160
v  1.8868 -4.7747 -7.1436
v  1.8174 -4.7747 -9.0255
v  1.7421 -4.7747 -10.9834
v  1.6675 -4.7747 -13.0436
v  3.3264 -4.7747 12.8435
v  3.4836 -4.7747 10.8290
v  3.6407 -4.7747 8.9104
v  3.7844 -4.7747 7.0610
v  3.9051 -4.7747 5.2599
v  3.9958 -4.7747 3.4908
v  4.0519 -4.7747 1.7409
v  4.0709 -4.7747 0.0000
v  4.0519 -4.7747 -1.7409
v  3.9958 -4.7747 -3.4908
v  3.9051 -4.7747 -5.2599
v  3.7844 -4.7747 -7.0610
v  3.6407 -4.7747 -8.9104
v  3.4836 -4.7747 -10.8290
v  3.3264 -4.7747 -12.8435
v  -3.3264 -4.7747 -12.8435
v  -3.4836 -4.7747 -10.8290
v  -3.6407 -4.7747 -8.9104
v  -3.7844 -4.7747 -7.0610
v  -3.9051 -4.7747 -5.2599
v  -3.9958 -4.7747 -3.4908
v  -4.0519 -4.7747 -1.7409
v  -4.0709 -4.7747 0.0000
v  -4.0519 -4.7747 1.7409
v  -3.9958 -4.7747 3.4908
v  -3.9051 -4.7747 5.2599
v  -3.7844 -4.7747 7.0610
v  -3.6407 -4.7747 8.9104
v  -3.4836 -4.7747 10.8290
v  -3.3264 -4.7747 12.8435
v  -4.9691 -4.7747 -12.5155
v  -5.2253 -4.7747 -10.5788
v  -5.4772 -4.7747 -8.7260
v  -5.7052 -4.7747 -6.9302
v  -5.8949 -4.7747 -5.1719
v  -6.0366 -4.7747 -3.4370
v  -6.1240 -4.7747 -1.7154
v  -6.1535 -4.7747 0.0000
v  -6.1240 -4.7747 1.7155
v  -6.0366 -4.7747 3.4370
v  -5.8949 -4.7747 5.1719
v  -5.7052 -4.7747 6.9302
v  -5.4772 -4.7747 8.7260
v  -5.2253 -4.7747 10.5788
v  -4.9691 -4.7747 12.5155
v  4.9691 -4.7747 12.5155
v  5.2253 -4.7747 10.5788
v  5.4772 -4.7747 8.7260
v  5.7052 -4.7747 6.9302
v  5.8949 -4.7747 5.1719
v  6.0366 -4.7747 3.4370
v  6.1240 -4.7747 1.7155
v  6.1535 -4.7747 0.0000
v  6.1240 -4.7747 -1.7155
v  6.0366 -4.7747 -3.4370
v  5.8949 -4.7747 -5.1719
v  5.7052 -4.7747 -6.9302
v  5.4772 -4.7747 -8.7260
v  5.2253 -4.7747 -10.5788
v  4.9691 -4.7747 -12.5155
v  -6.5904 -4.7747 -12.0690
v  -6.9712 -4.7747 -10.2446
v  -7.3377 -4.7747 -8.4844
v  -7.6641 -4.7747 -6.7620
v  -7.9327 -4.7747 -5.0605
v  -8.1318 -4.7747 -3.3698
v  -8.2540 -4.7747 -1.6839
v  -8.2952 -4.7747 0.0000
v  -8.2540 -4.7747 1.6840
v  -8.1318 -4.7747 3.3698
v  -7.9327 -4.7747 5.0605
v  -7.6641 -4.7747 6.7620
v  -7.3377 -4.7747 8.4845
v  -6.9712 -4.7747 10.2447
v  -6.5904 -4.7747 12.0690
v  6.5904 -4.7747 12.0690
v  6.9712 -4.7747 10.2447
v  7.3377 -4.7747 8.4844
v  7.6641 -4.7747 6.7620
v  7.9327 -4.7747 5.0605
v  8.1318 -4.7747 3.3698
v  8.2540 -4.7747 1.6840
v  8.2952 -4.7747 0.0000
v  8.2540 -4.7747 -1.6840
v  8.1318 -4.7747 -3.3698
v  7.9327 -4.7747 -5.0605
v  7.6641 -4.7747 -6.7620
v  7.3377 -4.7747 -8.4844
v  6.9712 -4.7747 -10.2447
v  6.5904 -4.7747 -12.0690
v  -8.1898 -4.7747 -11.5197
v  -8.7315 -4.7747 -9.8464
v  -9.2384 -4.7747 -8.2051
v  -9.6808 -4.7747 -6.5729
v  -10.0400 -4.7747 -4.9384
v  -10.3039 -4.7747 -3.2976
v  -10.4650 -4.7747 -1.6506
v  -10.5192 -4.7747 0.0000
v  -10.4650 -4.7747 1.6506
v  -10.3039 -4.7747 3.2976
v  -10.0400 -4.7747 4.9384
v  -9.6808 -4.7747 6.5729
v  -9.2384 -4.7747 8.2051
v  -8.7315 -4.7747 9.8464
v  -8.1897 -4.7747 11.5197
v  8.1897 -4.7747 11.5197
v  8.7315 -4.7747 9.8464
v  9.2384 -4.7747 8.2051
v  9.6808 -4.7747 6.5729
v  10.0400 -4.7747 4.9384
v  10.3039 -4.7747 3.2976
v  10.4650 -4.7747 1.6506
v  10.5192 -4.7747 0.0000
v  10.4650 -4.7747 -1.6506
v  10.3039 -4.7747 -3.2976
v  10.0400 -4.7747 -4.9384
v  9.6808 -4.7747 -6.5729
v  9.2384 -4.7747 -8.2051
v  8.7315 -4.7747 -9.8464
v  8.1897 -4.7747 -11.5197
v  9.7768 -4.7747 10.8955
v  10.5266 -4.7747 9.4160
v  11.2034 -4.7747 7.9168
v  11.7807 -4.7747 6.3859
v  12.2426 -4.7747 4.8226
v  12.5788 -4.7747 3.2316
v  12.7830 -4.7747 1.6209
v  12.8515 -4.7747 0.0000
v  12.7830 -4.7747 -1.6209
v  12.5788 -4.7747 -3.2316
v  12.2426 -4.7747 -4.8226
v  11.7807 -4.7747 -6.3859
v  11.2034 -4.7747 -7.9168
v  10.5266 -4.7747 -9.4160
v  9.7768 -4.7747 -10.8955
v  -9.7768 -4.7747 -10.8955
v  -10.5266 -4.7747 -9.4160
v  -11.2035 -4.7747 -7.9168
v  -11.7808 -4.7747 -6.3859
v  -12.2426 -4.7747 -4.8226
v  -12.5789 -4.7747 -3.2316
v  -12.7830 -4.7747 -1.6209
v  -12.8515 -4.7747 0.0000
v  -12.7830 -4.7747 1.6209
v  -12.5789 -4.7747 3.2316
v  -12.2426 -4.7747 4.8226
v  -11.7807 -4.7747 6.3859
v  -11.2034 -4.7747 7.9169
v  -10.5266 -4.7747 9.4160
v  -9.7768 -4.7747 10.8955
v  -0.0000 -4.7747 -15.3207
v  4.7343 -4.7747 -14.5708
v  6.2315 -4.7747 -13.9961
v  11.3855 -4.7747 -10.2515
v  12.3947 -4.7747 -9.0053
v  13.2681 -4.7747 -7.6603
v  14.9859 -4.7747 -3.1853
v  14.5708 -4.7747 4.7343
v  13.2681 -4.7747 7.6603
v  11.3855 -4.7747 10.2515
v  10.2515 -4.7747 11.3855
v  9.0053 -4.7747 12.3947
v  4.7343 -4.7747 14.5708
v  1.6014 -4.7747 15.2367
v  -0.0000 -4.7747 15.3207
v  -1.6014 -4.7747 15.2367
v  -3.1853 -4.7747 14.9859
v  -4.7343 -4.7747 14.5708
v  -6.2315 -4.7747 13.9961
v  -7.6603 -4.7747 13.2681
v  -9.0053 -4.7747 12.3947
v  -11.3855 -4.7747 10.2515
v  -13.2681 -4.7747 7.6603
v  -14.9859 -4.7747 3.1854
v  -15.2367 -4.7747 1.6015
v  -15.3207 -4.7747 0.0000
v  -15.2367 -4.7747 -1.6014
v  -14.9859 -4.7747 -3.1853
v  -11.3855 -4.7747 -10.2515
v  -9.0053 -4.7747 -12.3946
v  -7.6604 -4.7747 -13.2681
v  -6.2315 -4.7747 -13.9961
v  -4.7344 -4.7747 -14.5708
v  1.8915 -4.8991 -17.9966
v  -0.0000 -4.8991 -18.0958
v  -0.0000 -4.8991 -15.8659
v  1.6584 -4.8991 -15.7790
v  3.7623 -4.8991 -17.7003
v  3.2987 -4.8991 -15.5192
v  5.5919 -4.8991 -17.2101
v  4.9028 -4.8991 -15.0893
v  7.3602 -4.8991 -16.5313
v  6.4532 -4.8991 -14.4942
v  9.0479 -4.8991 -15.6714
v  7.9329 -4.8991 -13.7402
v  10.6364 -4.8991 -14.6398
v  9.3257 -4.8991 -12.8358
v  12.1084 -4.8991 -13.4478
v  10.6163 -4.8991 -11.7906
v  13.4478 -4.8991 -12.1084
v  11.7906 -4.8991 -10.6163
v  14.6398 -4.8991 -10.6364
v  12.8358 -4.8991 -9.3257
v  15.6714 -4.8991 -9.0479
v  13.7402 -4.8991 -7.9329
v  16.5313 -4.8991 -7.3602
v  14.4942 -4.8991 -6.4532
v  17.2101 -4.8991 -5.5919
v  15.0893 -4.8991 -4.9028
v  17.7003 -4.8991 -3.7623
v  15.5192 -4.8991 -3.2987
v  17.9966 -4.8991 -1.8915
v  15.7790 -4.8991 -1.6584
v  18.0957 -4.8991 -0.0000
v  15.8659 -4.8991 0.0000
v  17.9966 -4.8991 1.8915
v  15.7790 -4.8991 1.6584
v  17.7003 -4.8991 3.7623
v  15.5192 -4.8991 3.2987
v  17.2101 -4.8991 5.5919
v  15.0893 -4.8991 4.9028
v  16.5313 -4.8991 7.3602
v  14.4942 -4.8991 6.4532
v  15.6714 -4.8991 9.0479
v  13.7402 -4.8991 7.9329
v  14.6398 -4.8991 10.6364
v  12.8358 -4.8991 9.3257
v  13.4478 -4.8991 12.1084
v  11.7906 -4.8991 10.6163
v  10.6163 -4.8991 11.7906
v  9.3257 -4.8991 12.8358
v  7.9329 -4.8991 13.7402
v  6.4532 -4.8991 14.4942
v  4.9028 -4.8991 15.0893
v  3.2987 -4.8991 15.5192
v  1.6584 -4.8991 15.7790
v  -0.0000 -4.8991 15.8659
v  -1.6584 -4.8991 15.7790
v  -3.2987 -4.8991 15.5192
v  -4.9028 -4.8991 15.0893
v  -6.4532 -4.8991 14.4942
v  -7.9329 -4.8991 13.7402
v  -9.3257 -4.8991 12.8358
v  -10.6163 -4.8991 11.7906
v  -11.7906 -4.8991 10.6163
v  -12.8358 -4.8991 9.3257
v  -13.7402 -4.8991 7.9329
v  -14.4942 -4.8991 6.4532
v  -15.0893 -4.8991 4.9028
v  -15.5192 -4.8991 3.2987
v  -15.7790 -4.8991 1.6585
v  -15.8659 -4.8991 0.0000
v  -15.7790 -4.8991 -1.6584
v  -15.5192 -4.8991 -3.2987
v  -15.0893 -4.8991 -4.9028
v  -14.4942 -4.8991 -6.4532
v  -13.7403 -4.8991 -7.9329
v  -12.8358 -4.8991 -9.3257
v  -11.7907 -4.8991 -10.6163
v  -12.1084 -4.8991 -13.4477
v  -10.6164 -4.8991 -11.7906
v  -10.6364 -4.8991 -14.6397
v  -9.3258 -4.8991 -12.8357
v  -9.0479 -4.8991 -15.6714
v  -7.9330 -4.8991 -13.7402
v  -7.3602 -4.8991 -16.5313
v  -6.4533 -4.8991 -14.4942
v  -5.5919 -4.8991 -17.2101
v  -4.9029 -4.8991 -15.0893
v  -3.7624 -4.8991 -17.7003
v  -3.2987 -4.8991 -15.5192
v  -1.8916 -4.8991 -17.9966
v  -1.6585 -4.8991 -15.7789
v  -0.0000 -4.8991 1.8257
v  -0.0000 -4.8991 0.0000
v  -2.0983 -4.8991 0.0000
v  -2.0887 -4.8991 1.8198
v  -0.0000 -4.8991 -1.8257
v  2.0983 -4.8991 0.0000
v  2.0887 -4.8991 -1.8198
v  4.1961 -4.8991 1.8028
v  4.2157 -4.8991 0.0000
v  2.0887 -4.8991 1.8198
v  -4.1961 -4.8991 -1.8028
v  -4.2157 -4.8991 0.0000
v  -2.0887 -4.8991 -1.8198
v  -4.1961 -4.8991 1.8028
v  -6.3725 -4.8991 0.0000
v  -6.3419 -4.8991 1.7765
v  4.1961 -4.8991 -1.8028
v  6.3725 -4.8991 0.0000
v  6.3419 -4.8991 -1.7765
v  -8.5904 -4.8991 0.0000
v  -8.5477 -4.8991 1.7439
v  8.5904 -4.8991 0.0000
v  8.5477 -4.8991 -1.7439
v  -10.8935 -4.8991 0.0000
v  -10.8375 -4.8991 1.7094
v  10.8935 -4.8991 0.0000
v  10.8375 -4.8991 -1.7094
v  13.2379 -4.8991 1.6786
v  13.3088 -4.8991 0.0000
v  10.8375 -4.8991 1.7094
v  -13.2379 -4.8991 -1.6786
v  -13.3088 -4.8991 0.0000
v  -10.8375 -4.8991 -1.7093
v  -0.0000 -4.8991 -13.5775
v  -1.7269 -4.8991 -13.5078
v  -0.0000 -4.8991 -11.4283
v  -1.8041 -4.8991 -11.3743
v  -0.0000 -4.8991 -9.3872
v  -1.8821 -4.8991 -9.3467
v  -0.0000 -4.8991 -7.4270
v  -1.9540 -4.8991 -7.3978
v  -0.0000 -4.8991 -5.5251
v  -2.0146 -4.8991 -5.5052
v  -0.0000 -4.8991 -3.6631
v  -2.0603 -4.8991 -3.6508
v  -1.7268 -4.8991 13.5078
v  -0.0000 -4.8991 13.5775
v  -1.8041 -4.8991 11.3743
v  -0.0000 -4.8991 11.4283
v  -1.8821 -4.8991 9.3467
v  -0.0000 -4.8991 9.3872
v  -1.9539 -4.8991 7.3978
v  -0.0000 -4.8991 7.4270
v  -2.0146 -4.8991 5.5052
v  -0.0000 -4.8991 5.5251
v  -2.0603 -4.8991 3.6508
v  -0.0000 -4.8991 3.6631
v  1.7268 -4.8991 13.5078
v  1.8041 -4.8991 11.3743
v  1.8821 -4.8991 9.3467
v  1.9539 -4.8991 7.3978
v  2.0146 -4.8991 5.5052
v  2.0603 -4.8991 3.6508
v  1.7268 -4.8991 -13.5078
v  1.8041 -4.8991 -11.3743
v  1.8821 -4.8991 -9.3467
v  1.9539 -4.8991 -7.3978
v  2.0146 -4.8991 -5.5052
v  2.0603 -4.8991 -3.6508
v  3.4448 -4.8991 -13.3006
v  3.6076 -4.8991 -11.2144
v  3.7702 -4.8991 -9.2275
v  3.9191 -4.8991 -7.3123
v  4.0441 -4.8991 -5.4471
v  4.1380 -4.8991 -3.6150
v  3.4448 -4.8991 13.3006
v  3.6076 -4.8991 11.2144
v  3.7702 -4.8991 9.2275
v  3.9191 -4.8991 7.3123
v  4.0441 -4.8991 5.4471
v  4.1380 -4.8991 3.6150
v  -3.4448 -4.8991 13.3006
v  -3.6076 -4.8991 11.2144
v  -3.7702 -4.8991 9.2275
v  -3.9191 -4.8991 7.3123
v  -4.0441 -4.8991 5.4471
v  -4.1380 -4.8991 3.6150
v  -3.4448 -4.8991 -13.3006
v  -3.6076 -4.8991 -11.2144
v  -3.7702 -4.8991 -9.2275
v  -3.9191 -4.8991 -7.3123
v  -4.0441 -4.8991 -5.4471
v  -4.1380 -4.8991 -3.6150
v  -5.1460 -4.8991 -12.9609
v  -5.4113 -4.8991 -10.9553
v  -5.6721 -4.8991 -9.0365
v  -5.9082 -4.8991 -7.1768
v  -6.1047 -4.8991 -5.3560
v  -6.2515 -4.8991 -3.5593
v  -6.3420 -4.8991 -1.7765
v  -5.1459 -4.8991 12.9609
v  -5.4112 -4.8991 10.9553
v  -5.6721 -4.8991 9.0365
v  -5.9082 -4.8991 7.1769
v  -6.1047 -4.8991 5.3560
v  -6.2515 -4.8991 3.5593
v  5.1459 -4.8991 12.9609
v  5.4112 -4.8991 10.9553
v  5.6721 -4.8991 9.0365
v  5.9082 -4.8991 7.1769
v  6.1047 -4.8991 5.3560
v  6.2515 -4.8991 3.5593
v  6.3419 -4.8991 1.7765
v  5.1459 -4.8991 -12.9609
v  5.4112 -4.8991 -10.9553
v  5.6721 -4.8991 -9.0365
v  5.9082 -4.8991 -7.1769
v  6.1047 -4.8991 -5.3560
v  6.2515 -4.8991 -3.5593
v  -6.8249 -4.8991 -12.4985
v  -7.2193 -4.8991 -10.6092
v  -7.5989 -4.8991 -8.7864
v  -7.9369 -4.8991 -7.0026
v  -8.2150 -4.8991 -5.2406
v  -8.4212 -4.8991 -3.4897
v  -8.5478 -4.8991 -1.7439
v  -6.8249 -4.8991 12.4985
v  -7.2193 -4.8991 10.6092
v  -7.5988 -4.8991 8.7864
v  -7.9368 -4.8991 7.0027
v  -8.2150 -4.8991 5.2406
v  -8.4212 -4.8991 3.4897
v  6.8249 -4.8991 12.4985
v  7.2193 -4.8991 10.6092
v  7.5988 -4.8991 8.7864
v  7.9368 -4.8991 7.0027
v  8.2150 -4.8991 5.2406
v  8.4212 -4.8991 3.4897
v  8.5477 -4.8991 1.7439
v  6.8249 -4.8991 -12.4985
v  7.2193 -4.8991 -10.6092
v  7.5988 -4.8991 -8.7864
v  7.9368 -4.8991 -7.0027
v  8.2150 -4.8991 -5.2406
v  8.4212 -4.8991 -3.4897
v  -8.4812 -4.8991 -11.9297
v  -9.0422 -4.8991 -10.1968
v  -9.5671 -4.8991 -8.4971
v  -10.0253 -4.8991 -6.8068
v  -10.3973 -4.8991 -5.1141
v  -10.6706 -4.8991 -3.4149
v  -8.4812 -4.8991 11.9297
v  -9.0422 -4.8991 10.1968
v  -9.5671 -4.8991 8.4971
v  -10.0253 -4.8991 6.8068
v  -10.3973 -4.8991 5.1141
v  -10.6706 -4.8991 3.4150
v  8.4812 -4.8991 11.9297
v  9.0422 -4.8991 10.1968
v  9.5671 -4.8991 8.4971
v  10.0253 -4.8991 6.8068
v  10.3973 -4.8991 5.1141
v  10.6706 -4.8991 3.4149
v  8.4812 -4.8991 -11.9297
v  9.0422 -4.8991 -10.1968
v  9.5671 -4.8991 -8.4971
v  10.0253 -4.8991 -6.8068
v  10.3973 -4.8991 -5.1141
v  10.6706 -4.8991 -3.4149
v  10.1247 -4.8991 -11.2832
v  10.9012 -4.8991 -9.7511
v  11.6021 -4.8991 -8.1986
v  12.2000 -4.8991 -6.6132
v  12.6783 -4.8991 -4.9942
v  13.0265 -4.8991 -3.3466
v  13.2379 -4.8991 -1.6786
v  10.1247 -4.8991 11.2832
v  10.9012 -4.8991 9.7511
v  11.6021 -4.8991 8.1986
v  12.2000 -4.8991 6.6132
v  12.6783 -4.8991 4.9942
v  13.0265 -4.8991 3.3466
v  -10.1247 -4.8991 11.2832
v  -10.9012 -4.8991 9.7511
v  -11.6021 -4.8991 8.1986
v  -12.2000 -4.8991 6.6132
v  -12.6783 -4.8991 4.9942
v  -13.0265 -4.8991 3.3466
v  -13.2379 -4.8991 1.6786
v  -10.1247 -4.8991 -11.2832
v  -10.9012 -4.8991 -9.7511
v  -11.6022 -4.8991 -8.1986
v  -12.2000 -4.8991 -6.6132
v  -12.6783 -4.8991 -4.9942
v  -13.0265 -4.8991 -3.3466
# 3390 vertices

vn -0.0000 -0.0000 -1.0000
vn -0.0000 0.3804 -0.9248
vn 0.0967 0.3804 -0.9198
vn 0.1045 -0.0000 -0.9945
vn -0.0000 0.3804 -0.9248
vn -0.0000 0.7039 -0.7103
vn 0.0742 0.7039 -0.7064
vn 0.0967 0.3804 -0.9198
vn -0.0000 0.7039 -0.7103
vn -0.0000 0.9216 -0.3882
vn 0.0406 0.9216 -0.3861
vn 0.0742 0.7039 -0.7064
vn -0.0000 0.9216 -0.3882
vn -0.0000 1.0000 -0.0065
vn 0.0007 1.0000 -0.0065
vn 0.0406 0.9216 -0.3861
vn -0.0000 1.0000 -0.0065
vn 0.0000 0.9262 0.3771
vn -0.0394 0.9262 0.3750
vn 0.0007 1.0000 -0.0065
vn 0.0000 0.9262 0.3771
vn 0.0000 0.7104 0.7038
vn -0.0736 0.7104 0.7000
vn -0.0394 0.9262 0.3750
vn 0.0000 0.7104 0.7038
vn 0.0000 0.3850 0.9229
vn -0.0965 0.3850 0.9179
vn -0.0736 0.7104 0.7000
vn 0.0000 0.3850 0.9229
vn 0.0000 0.0000 1.0000
vn -0.1045 0.0000 0.9945
vn -0.0965 0.3850 0.9179
vn 0.0000 0.0000 1.0000
vn 0.0000 -0.3850 0.9229
vn -0.0965 -0.3850 0.9179
vn -0.1045 0.0000 0.9945
vn 0.0000 -0.3850 0.9229
vn 0.0000 -0.7104 0.7038
vn -0.0736 -0.7104 0.7000
vn -0.0965 -0.3850 0.9179
vn 0.0000 -0.7104 0.7038
vn 0.0000 -0.9262 0.3771
vn -0.0394 -0.9262 0.3750
vn -0.0736 -0.7104 0.7000
vn 0.0000 -0.9262 0.3771
vn -0.0000 -1.0000 -0.0065
vn 0.0007 -1.0000 -0.0065
vn -0.0394 -0.9262 0.3750
vn -0.0000 -1.0000 -0.0065
vn -0.0000 -0.9216 -0.3882
vn 0.0406 -0.9216 -0.3861
vn 0.0007 -1.0000 -0.0065
vn -0.0000 -0.9216 -0.3882
vn -0.0000 -0.7039 -0.7103
vn 0.0742 -0.7039 -0.7064
vn 0.0406 -0.9216 -0.3861
vn -0.0000 -0.7039 -0.7103
vn -0.0000 -0.3804 -0.9248
vn 0.0967 -0.3804 -0.9198
vn 0.0742 -0.7039 -0.7064
vn -0.0000 -0.3804 -0.9248
vn -0.0000 -0.0000 -1.0000
vn 0.1045 -0.0000 -0.9945
vn 0.0967 -0.3804 -0.9198
vn 0.1045 -0.0000 -0.9945
vn 0.0967 0.3804 -0.9198
vn 0.1923 0.3804 -0.9046
vn 0.2079 -0.0000 -0.9781
vn 0.0967 0.3804 -0.9198
vn 0.0742 0.7039 -0.7064
vn 0.1477 0.7039 -0.6948
vn 0.1923 0.3804 -0.9046
vn 0.0742 0.7039 -0.7064
vn 0.0406 0.9216 -0.3861
vn 0.0807 0.9216 -0.3797
vn 0.1477 0.7039 -0.6948
vn 0.0406 0.9216 -0.3861
vn 0.0007 1.0000 -0.0065
vn 0.0014 1.0000 -0.0064
vn 0.0807 0.9216 -0.3797
vn 0.0007 1.0000 -0.0065
vn -0.0394 0.9262 0.3750
vn -0.0784 0.9262 0.3689
vn 0.0014 1.0000 -0.0064
vn -0.0394 0.9262 0.3750
vn -0.0736 0.7104 0.7000
vn -0.1463 0.7104 0.6884
vn -0.0784 0.9262 0.3689
vn -0.0736 0.7104 0.7000
vn -0.0965 0.3850 0.9179
vn -0.1919 0.3850 0.9027
vn -0.1463 0.7104 0.6884
vn -0.0965 0.3850 0.9179
vn -0.1045 0.0000 0.9945
vn -0.2079 -0.0000 0.9781
vn -0.1919 0.3850 0.9027
vn -0.1045 0.0000 0.9945
vn -0.0965 -0.3850 0.9179
vn -0.1919 -0.3850 0.9027
vn -0.2079 -0.0000 0.9781
vn -0.0965 -0.3850 0.9179
vn -0.0736 -0.7104 0.7000
vn -0.1463 -0.7104 0.6884
vn -0.1919 -0.3850 0.9027
vn -0.0736 -0.7104 0.7000
vn -0.0394 -0.9262 0.3750
vn -0.0784 -0.9262 0.3689
vn -0.1463 -0.7104 0.6884
vn -0.0394 -0.9262 0.3750
vn 0.0007 -1.0000 -0.0065
vn 0.0014 -1.0000 -0.0064
vn -0.0784 -0.9262 0.3689
vn 0.0007 -1.0000 -0.0065
vn 0.0406 -0.9216 -0.3861
vn 0.0807 -0.9216 -0.3797
vn 0.0014 -1.0000 -0.0064
vn 0.0406 -0.9216 -0.3861
vn 0.0742 -0.7039 -0.7064
vn 0.1477 -0.7039 -0.6948
vn 0.0807 -0.9216 -0.3797
vn 0.0742 -0.7039 -0.7064
vn 0.0967 -0.3804 -0.9198
vn 0.1923 -0.3804 -0.9046
vn 0.1477 -0.7039 -0.6948
vn 0.0967 -0.3804 -0.9198
vn 0.1045 -0.0000 -0.9945
vn 0.2079 -0.0000 -0.9781
vn 0.1923 -0.3804 -0.9046
vn 0.2079 -0.0000 -0.9781
vn 0.1923 0.3804 -0.9046
vn 0.2858 0.3804 -0.8796
vn 0.3090 -0.0000 -0.9511
vn 0.1923 0.3804 -0.9046
vn 0.1477 0.7039 -0.6948
vn 0.2195 0.7039 -0.6756
vn 0.2858 0.3804 -0.8796
vn 0.1477 0.7039 -0.6948
vn 0.0807 0.9216 -0.3797
vn 0.1200 0.9216 -0.3692
vn 0.2195 0.7039 -0.6756
vn 0.0807 0.9216 -0.3797
vn 0.0014 1.0000 -0.0064
vn 0.0020 1.0000 -0.0062
vn 0.1200 0.9216 -0.3692
vn 0.0014 1.0000 -0.0064
vn -0.0784 0.9262 0.3689
vn -0.1165 0.9262 0.3586
vn 0.0020 1.0000 -0.0062
vn -0.0784 0.9262 0.3689
vn -0.1463 0.7104 0.6884
vn -0.2175 0.7104 0.6694
vn -0.1165 0.9262 0.3586
vn -0.1463 0.7104 0.6884
vn -0.1919 0.3850 0.9027
vn -0.2852 0.3850 0.8777
vn -0.2175 0.7104 0.6694
vn -0.1919 0.3850 0.9027
vn -0.2079 -0.0000 0.9781
vn -0.3090 0.0000 0.9511
vn -0.2852 0.3850 0.8777
vn -0.2079 -0.0000 0.9781
vn -0.1919 -0.3850 0.9027
vn -0.2852 -0.3850 0.8777
vn -0.3090 0.0000 0.9511
vn -0.1919 -0.3850 0.9027
vn -0.1463 -0.7104 0.6884
vn -0.2175 -0.7104 0.6694
vn -0.2852 -0.3850 0.8777
vn -0.1463 -0.7104 0.6884
vn -0.0784 -0.9262 0.3689
vn -0.1165 -0.9262 0.3586
vn -0.2175 -0.7104 0.6694
vn -0.0784 -0.9262 0.3689
vn 0.0014 -1.0000 -0.0064
vn 0.0020 -1.0000 -0.0062
vn -0.1165 -0.9262 0.3586
vn 0.0014 -1.0000 -0.0064
vn 0.0807 -0.9216 -0.3797
vn 0.1200 -0.9216 -0.3692
vn 0.0020 -1.0000 -0.0062
vn 0.0807 -0.9216 -0.3797
vn 0.1477 -0.7039 -0.6948
vn 0.2195 -0.7039 -0.6756
vn 0.1200 -0.9216 -0.3692
vn 0.1477 -0.7039 -0.6948
vn 0.1923 -0.3804 -0.9046
vn 0.2858 -0.3804 -0.8796
vn 0.2195 -0.7039 -0.6756
vn 0.1923 -0.3804 -0.9046
vn 0.2079 -0.0000 -0.9781
vn 0.3090 -0.0000 -0.9511
vn 0.2858 -0.3804 -0.8796
vn 0.3090 -0.0000 -0.9511
vn 0.2858 0.3804 -0.8796
vn 0.3762 0.3804 -0.8449
vn 0.4067 -0.0000 -0.9135
vn 0.2858 0.3804 -0.8796
vn 0.2195 0.7039 -0.6756
vn 0.2889 0.7039 -0.6489
vn 0.3762 0.3804 -0.8449
vn 0.2195 0.7039 -0.6756
vn 0.1200 0.9216 -0.3692
vn 0.1579 0.9216 -0.3546
vn 0.2889 0.7039 -0.6489
vn 0.1200 0.9216 -0.3692
vn 0.0020 1.0000 -0.0062
vn 0.0026 1.0000 -0.0059
vn 0.1579 0.9216 -0.3546
vn 0.0020 1.0000 -0.0062
vn -0.1165 0.9262 0.3586
vn -0.1534 0.9262 0.3445
vn 0.0026 1.0000 -0.0059
vn -0.1165 0.9262 0.3586
vn -0.2175 0.7104 0.6694
vn -0.2863 0.7104 0.6430
vn -0.1534 0.9262 0.3445
vn -0.2175 0.7104 0.6694
vn -0.2852 0.3850 0.8777
vn -0.3754 0.3850 0.8431
vn -0.2863 0.7104 0.6430
vn -0.2852 0.3850 0.8777
vn -0.3090 0.0000 0.9511
vn -0.4067 0.0000 0.9135
vn -0.3754 0.3850 0.8431
vn -0.3090 0.0000 0.9511
vn -0.2852 -0.3850 0.8777
vn -0.3754 -0.3850 0.8431
vn -0.4067 0.0000 0.9135
vn -0.2852 -0.3850 0.8777
vn -0.2175 -0.7104 0.6694
vn -0.2863 -0.7104 0.6430
vn -0.3754 -0.3850 0.8431
vn -0.2175 -0.7104 0.6694
vn -0.1165 -0.9262 0.3586
vn -0.1534 -0.9262 0.3445
vn -0.2863 -0.7104 0.6430
vn -0.1165 -0.9262 0.3586
vn 0.0020 -1.0000 -0.0062
vn 0.0026 -1.0000 -0.0059
vn -0.1534 -0.9262 0.3445
vn 0.0020 -1.0000 -0.0062
vn 0.1200 -0.9216 -0.3692
vn 0.1579 -0.9216 -0.3546
vn 0.0026 -1.0000 -0.0059
vn 0.1200 -0.9216 -0.3692
vn 0.2195 -0.7039 -0.6756
vn 0.2889 -0.7039 -0.6489
vn 0.1579 -0.9216 -0.3546
vn 0.2195 -0.7039 -0.6756
vn 0.2858 -0.3804 -0.8796
vn 0.3762 -0.3804 -0.8449
vn 0.2889 -0.7039 -0.6489
vn 0.2858 -0.3804 -0.8796
vn 0.3090 -0.0000 -0.9511
vn 0.4067 -0.0000 -0.9135
vn 0.3762 -0.3804 -0.8449
vn 0.4067 -0.0000 -0.9135
vn 0.3762 0.3804 -0.8449
vn 0.4624 0.3804 -0.8009
vn 0.5000 -0.0000 -0.8660
vn 0.3762 0.3804 -0.8449
vn 0.2889 0.7039 -0.6489
vn 0.3552 0.7039 -0.6152
vn 0.4624 0.3804 -0.8009
vn 0.2889 0.7039 -0.6489
vn 0.1579 0.9216 -0.3546
vn 0.1941 0.9216 -0.3362
vn 0.3552 0.7039 -0.6152
vn 0.1579 0.9216 -0.3546
vn 0.0026 1.0000 -0.0059
vn 0.0033 1.0000 -0.0056
vn 0.1941 0.9216 -0.3362
vn 0.0026 1.0000 -0.0059
vn -0.1534 0.9262 0.3445
vn -0.1886 0.9262 0.3266
vn 0.0033 1.0000 -0.0056
vn -0.1534 0.9262 0.3445
vn -0.2863 0.7104 0.6430
vn -0.3519 0.7104 0.6095
vn -0.1886 0.9262 0.3266
vn -0.2863 0.7104 0.6430
vn -0.3754 0.3850 0.8431
vn -0.4615 0.3850 0.7993
vn -0.3519 0.7104 0.6095
vn -0.3754 0.3850 0.8431
vn -0.4067 0.0000 0.9135
vn -0.5000 -0.0000 0.8660
vn -0.4615 0.3850 0.7993
vn -0.4067 0.0000 0.9135
vn -0.3754 -0.3850 0.8431
vn -0.4615 -0.3850 0.7993
vn -0.5000 -0.0000 0.8660
vn -0.3754 -0.3850 0.8431
vn -0.2863 -0.7104 0.6430
vn -0.3519 -0.7104 0.6095
vn -0.4615 -0.3850 0.7993
vn -0.2863 -0.7104 0.6430
vn -0.1534 -0.9262 0.3445
vn -0.1886 -0.9262 0.3266
vn -0.3519 -0.7104 0.6095
vn -0.1534 -0.9262 0.3445
vn 0.0026 -1.0000 -0.0059
vn 0.0033 -1.0000 -0.0056
vn -0.1886 -0.9262 0.3266
vn 0.0026 -1.0000 -0.0059
vn 0.1579 -0.9216 -0.3546
vn 0.1941 -0.9216 -0.3362
vn 0.0033 -1.0000 -0.0056
vn 0.1579 -0.9216 -0.3546
vn 0.2889 -0.7039 -0.6489
vn 0.3552 -0.7039 -0.6152
vn 0.1941 -0.9216 -0.3362
vn 0.2889 -0.7039 -0.6489
vn 0.3762 -0.3804 -0.8449
vn 0.4624 -0.3804 -0.8009
vn 0.3552 -0.7039 -0.6152
vn 0.3762 -0.3804 -0.8449
vn 0.4067 -0.0000 -0.9135
vn 0.5000 -0.0000 -0.8660
vn 0.4624 -0.3804 -0.8009
vn 0.5000 -0.0000 -0.8660
vn 0.4624 0.3804 -0.8009
vn 0.5436 0.3804 -0.7482
vn 0.5878 -0.0000 -0.8090
vn 0.4624 0.3804 -0.8009
vn 0.3552 0.7039 -0.6152
vn 0.4175 0.7039 -0.5747
vn 0.5436 0.3804 -0.7482
vn 0.3552 0.7039 -0.6152
vn 0.1941 0.9216 -0.3362
vn 0.2282 0.9216 -0.3141
vn 0.4175 0.7039 -0.5747
vn 0.1941 0.9216 -0.3362
vn 0.0033 1.0000 -0.0056
vn 0.0038 1.0000 -0.0053
vn 0.2282 0.9216 -0.3141
vn 0.0033 1.0000 -0.0056
vn -0.1886 0.9262 0.3266
vn -0.2217 0.9262 0.3051
vn 0.0038 1.0000 -0.0053
vn -0.1886 0.9262 0.3266
vn -0.3519 0.7104 0.6095
vn -0.4137 0.7104 0.5694
vn -0.2217 0.9262 0.3051
vn -0.3519 0.7104 0.6095
vn -0.4615 0.3850 0.7993
vn -0.5425 0.3850 0.7467
vn -0.4137 0.7104 0.5694
vn -0.4615 0.3850 0.7993
vn -0.5000 -0.0000 0.8660
vn -0.5878 -0.0000 0.8090
vn -0.5425 0.3850 0.7467
vn -0.5000 -0.0000 0.8660
vn -0.4615 -0.3850 0.7993
vn -0.5425 -0.3850 0.7467
vn -0.5878 -0.0000 0.8090
vn -0.4615 -0.3850 0.7993
vn -0.3519 -0.7104 0.6095
vn -0.4137 -0.7104 0.5694
vn -0.5425 -0.3850 0.7467
vn -0.3519 -0.7104 0.6095
vn -0.1886 -0.9262 0.3266
vn -0.2217 -0.9262 0.3051
vn -0.4137 -0.7104 0.5694
vn -0.1886 -0.9262 0.3266
vn 0.0033 -1.0000 -0.0056
vn 0.0038 -1.0000 -0.0053
vn -0.2217 -0.9262 0.3051
vn 0.0033 -1.0000 -0.0056
vn 0.1941 -0.9216 -0.3362
vn 0.2282 -0.9216 -0.3141
vn 0.0038 -1.0000 -0.0053
vn 0.1941 -0.9216 -0.3362
vn 0.3552 -0.7039 -0.6152
vn 0.4175 -0.7039 -0.5747
vn 0.2282 -0.9216 -0.3141
vn 0.3552 -0.7039 -0.6152
vn 0.4624 -0.3804 -0.8009
vn 0.5436 -0.3804 -0.7482
vn 0.4175 -0.7039 -0.5747
vn 0.4624 -0.3804 -0.8009
vn 0.5000 -0.0000 -0.8660
vn 0.5878 -0.0000 -0.8090
vn 0.5436 -0.3804 -0.7482
vn 0.5878 -0.0000 -0.8090
vn 0.5436 0.3804 -0.7482
vn 0.6188 0.3804 -0.6873
vn 0.6691 -0.0000 -0.7431
vn 0.5436 0.3804 -0.7482
vn 0.4175 0.7039 -0.5747
vn 0.4753 0.7039 -0.5279
vn 0.6188 0.3804 -0.6873
vn 0.4175 0.7039 -0.5747
vn 0.2282 0.9216 -0.3141
vn 0.2598 0.9216 -0.2885
vn 0.4753 0.7039 -0.5279
vn 0.2282 0.9216 -0.3141
vn 0.0038 1.0000 -0.0053
vn 0.0044 1.0000 -0.0048
vn 0.2598 0.9216 -0.2885
vn 0.0038 1.0000 -0.0053
vn -0.2217 0.9262 0.3051
vn -0.2523 0.9262 0.2802
vn 0.0044 1.0000 -0.0048
vn -0.2217 0.9262 0.3051
vn -0.4137 0.7104 0.5694
vn -0.4710 0.7104 0.5230
vn -0.2523 0.9262 0.2802
vn -0.4137 0.7104 0.5694
vn -0.5425 0.3850 0.7467
vn -0.6176 0.3850 0.6859
vn -0.4710 0.7104 0.5230
vn -0.5425 0.3850 0.7467
vn -0.5878 -0.0000 0.8090
vn -0.6691 0.0000 0.7431
vn -0.6176 0.3850 0.6859
vn -0.5878 -0.0000 0.8090
vn -0.5425 -0.3850 0.7467
vn -0.6176 -0.3850 0.6859
vn -0.6691 0.0000 0.7431
vn -0.5425 -0.3850 0.7467
vn -0.4137 -0.7104 0.5694
vn -0.4710 -0.7104 0.5230
vn -0.6176 -0.3850 0.6859
vn -0.4137 -0.7104 0.5694
vn -0.2217 -0.9262 0.3051
vn -0.2523 -0.9262 0.2802
vn -0.4710 -0.7104 0.5230
vn -0.2217 -0.9262 0.3051
vn 0.0038 -1.0000 -0.0053
vn 0.0044 -1.0000 -0.0048
vn -0.2523 -0.9262 0.2802
vn 0.0038 -1.0000 -0.0053
vn 0.2282 -0.9216 -0.3141
vn 0.2598 -0.9216 -0.2885
vn 0.0044 -1.0000 -0.0048
vn 0.2282 -0.9216 -0.3141
vn 0.4175 -0.7039 -0.5747
vn 0.4753 -0.7039 -0.5279
vn 0.2598 -0.9216 -0.2885
vn 0.4175 -0.7039 -0.5747
vn 0.5436 -0.3804 -0.7482
vn 0.6188 -0.3804 -0.6873
vn 0.4753 -0.7039 -0.5279
vn 0.5436 -0.3804 -0.7482
vn 0.5878 -0.0000 -0.8090
vn 0.6691 -0.0000 -0.7431
vn 0.6188 -0.3804 -0.6873
vn 0.6691 -0.0000 -0.7431
vn 0.6188 0.3804 -0.6873
vn 0.6873 0.3804 -0.6188
vn 0.7431 -0.0000 -0.6691
vn 0.6188 0.3804 -0.6873
vn 0.4753 0.7039 -0.5279
vn 0.5279 0.7039 -0.4753
vn 0.6873 0.3804 -0.6188
vn 0.4753 0.7039 -0.5279
vn 0.2598 0.9216 -0.2885
vn 0.2885 0.9216 -0.2598
vn 0.5279 0.7039 -0.4753
vn 0.2598 0.9216 -0.2885
vn 0.0044 1.0000 -0.0048
vn 0.0048 1.0000 -0.0044
vn 0.2885 0.9216 -0.2598
vn 0.0044 1.0000 -0.0048
vn -0.2523 0.9262 0.2802
vn -0.2802 0.9262 0.2523
vn 0.0048 1.0000 -0.0044
vn -0.2523 0.9262 0.2802
vn -0.4710 0.7104 0.5230
vn -0.5230 0.7104 0.4710
vn -0.2802 0.9262 0.2523
vn -0.4710 0.7104 0.5230
vn -0.6176 0.3850 0.6859
vn -0.6859 0.3850 0.6176
vn -0.5230 0.7104 0.4710
vn -0.6176 0.3850 0.6859
vn -0.6691 0.0000 0.7431
vn -0.7431 0.0000 0.6691
vn -0.6859 0.3850 0.6176
vn -0.6691 0.0000 0.7431
vn -0.6176 -0.3850 0.6859
vn -0.6859 -0.3850 0.6176
vn -0.7431 0.0000 0.6691
vn -0.6176 -0.3850 0.6859
vn -0.4710 -0.7104 0.5230
vn -0.5230 -0.7104 0.4710
vn -0.6859 -0.3850 0.6176
vn -0.4710 -0.7104 0.5230
vn -0.2523 -0.9262 0.2802
vn -0.2802 -0.9262 0.2523
vn -0.5230 -0.7104 0.4710
vn -0.2523 -0.9262 0.2802
vn 0.0044 -1.0000 -0.0048
vn 0.0048 -1.0000 -0.0044
vn -0.2802 -0.9262 0.2523
vn 0.0044 -1.0000 -0.0048
vn 0.2598 -0.9216 -0.2885
vn 0.2885 -0.9216 -0.2598
vn 0.0048 -1.0000 -0.0044
vn 0.2598 -0.9216 -0.2885
vn 0.4753 -0.7039 -0.5279
vn 0.5279 -0.7039 -0.4753
vn 0.2885 -0.9216 -0.2598
vn 0.4753 -0.7039 -0.5279
vn 0.6188 -0.3804 -0.6873
vn 0.6873 -0.3804 -0.6188
vn 0.5279 -0.7039 -0.4753
vn 0.6188 -0.3804 -0.6873
vn 0.6691 -0.0000 -0.7431
vn 0.7431 -0.0000 -0.6691
vn 0.6873 -0.3804 -0.6188
vn 0.7431 -0.0000 -0.6691
vn 0.6873 0.3804 -0.6188
vn 0.7482 0.3804 -0.5436
vn 0.8090 0.0000 -0.5878
vn 0.6873 0.3804 -0.6188
vn 0.5279 0.7039 -0.4753
vn 0.5747 0.7039 -0.4175
vn 0.7482 0.3804 -0.5436
vn 0.5279 0.7039 -0.4753
vn 0.2885 0.9216 -0.2598
vn 0.3141 0.9216 -0.2282
vn 0.5747 0.7039 -0.4175
vn 0.2885 0.9216 -0.2598
vn 0.0048 1.0000 -0.0044
vn 0.0053 1.0000 -0.0038
vn 0.3141 0.9216 -0.2282
vn 0.0048 1.0000 -0.0044
vn -0.2802 0.9262 0.2523
vn -0.3051 0.9262 0.2217
vn 0.0053 1.0000 -0.0038
vn -0.2802 0.9262 0.2523
vn -0.5230 0.7104 0.4710
vn -0.5694 0.7104 0.4137
vn -0.3051 0.9262 0.2217
vn -0.5230 0.7104 0.4710
vn -0.6859 0.3850 0.6176
vn -0.7467 0.3850 0.5425
vn -0.5694 0.7104 0.4137
vn -0.6859 0.3850 0.6176
vn -0.7431 0.0000 0.6691
vn -0.8090 0.0000 0.5878
vn -0.7467 0.3850 0.5425
vn -0.7431 0.0000 0.6691
vn -0.6859 -0.3850 0.6176
vn -0.7467 -0.3850 0.5425
vn -0.8090 0.0000 0.5878
vn -0.6859 -0.3850 0.6176
vn -0.5230 -0.7104 0.4710
vn -0.5694 -0.7104 0.4137
vn -0.7467 -0.3850 0.5425
vn -0.5230 -0.7104 0.4710
vn -0.2802 -0.9262 0.2523
vn -0.3051 -0.9262 0.2217
vn -0.5694 -0.7104 0.4137
vn -0.2802 -0.9262 0.2523
vn 0.0048 -1.0000 -0.0044
vn 0.0053 -1.0000 -0.0038
vn -0.3051 -0.9262 0.2217
vn 0.0048 -1.0000 -0.0044
vn 0.2885 -0.9216 -0.2598
vn 0.3141 -0.9216 -0.2282
vn 0.0053 -1.0000 -0.0038
vn 0.2885 -0.9216 -0.2598
vn 0.5279 -0.7039 -0.4753
vn 0.5747 -0.7039 -0.4175
vn 0.3141 -0.9216 -0.2282
vn 0.5279 -0.7039 -0.4753
vn 0.6873 -0.3804 -0.6188
vn 0.7482 -0.3804 -0.5436
vn 0.5747 -0.7039 -0.4175
vn 0.6873 -0.3804 -0.6188
vn 0.7431 -0.0000 -0.6691
vn 0.8090 0.0000 -0.5878
vn 0.7482 -0.3804 -0.5436
vn 0.8090 0.0000 -0.5878
vn 0.7482 0.3804 -0.5436
vn 0.8009 0.3804 -0.4624
vn 0.8660 -0.0000 -0.5000
vn 0.7482 0.3804 -0.5436
vn 0.5747 0.7039 -0.4175
vn 0.6152 0.7039 -0.3552
vn 0.8009 0.3804 -0.4624
vn 0.5747 0.7039 -0.4175
vn 0.3141 0.9216 -0.2282
vn 0.3362 0.9216 -0.1941
vn 0.6152 0.7039 -0.3552
vn 0.3141 0.9216 -0.2282
vn 0.0053 1.0000 -0.0038
vn 0.0056 1.0000 -0.0033
vn 0.3362 0.9216 -0.1941
vn 0.0053 1.0000 -0.0038
vn -0.3051 0.9262 0.2217
vn -0.3266 0.9262 0.1886
vn 0.0056 1.0000 -0.0033
vn -0.3051 0.9262 0.2217
vn -0.5694 0.7104 0.4137
vn -0.6095 0.7104 0.3519
vn -0.3266 0.9262 0.1886
vn -0.5694 0.7104 0.4137
vn -0.7467 0.3850 0.5425
vn -0.7993 0.3850 0.4615
vn -0.6095 0.7104 0.3519
vn -0.7467 0.3850 0.5425
vn -0.8090 0.0000 0.5878
vn -0.8660 0.0000 0.5000
vn -0.7993 0.3850 0.4615
vn -0.8090 0.0000 0.5878
vn -0.7467 -0.3850 0.5425
vn -0.7993 -0.3850 0.4615
vn -0.8660 0.0000 0.5000
vn -0.7467 -0.3850 0.5425
vn -0.5694 -0.7104 0.4137
vn -0.6095 -0.7104 0.3519
vn -0.7993 -0.3850 0.4615
vn -0.5694 -0.7104 0.4137
vn -0.3051 -0.9262 0.2217
vn -0.3266 -0.9262 0.1886
vn -0.6095 -0.7104 0.3519
vn -0.3051 -0.9262 0.2217
vn 0.0053 -1.0000 -0.0038
vn 0.0056 -1.0000 -0.0033
vn -0.3266 -0.9262 0.1886
vn 0.0053 -1.0000 -0.0038
vn 0.3141 -0.9216 -0.2282
vn 0.3362 -0.9216 -0.1941
vn 0.0056 -1.0000 -0.0033
vn 0.3141 -0.9216 -0.2282
vn 0.5747 -0.7039 -0.4175
vn 0.6152 -0.7039 -0.3552
vn 0.3362 -0.9216 -0.1941
vn 0.5747 -0.7039 -0.4175
vn 0.7482 -0.3804 -0.5436
vn 0.8009 -0.3804 -0.4624
vn 0.6152 -0.7039 -0.3552
vn 0.7482 -0.3804 -0.5436
vn 0.8090 0.0000 -0.5878
vn 0.8660 -0.0000 -0.5000
vn 0.8009 -0.3804 -0.4624
vn 0.8660 -0.0000 -0.5000
vn 0.8009 0.3804 -0.4624
vn 0.8449 0.3804 -0.3762
vn 0.9135 -0.0000 -0.4067
vn 0.8009 0.3804 -0.4624
vn 0.6152 0.7039 -0.3552
vn 0.6489 0.7039 -0.2889
vn 0.8449 0.3804 -0.3762
vn 0.6152 0.7039 -0.3552
vn 0.3362 0.9216 -0.1941
vn 0.3546 0.9216 -0.1579
vn 0.6489 0.7039 -0.2889
vn 0.3362 0.9216 -0.1941
vn 0.0056 1.0000 -0.0033
vn 0.0059 1.0000 -0.0026
vn 0.3546 0.9216 -0.1579
vn 0.0056 1.0000 -0.0033
vn -0.3266 0.9262 0.1886
vn -0.3445 0.9262 0.1534
vn 0.0059 1.0000 -0.0026
vn -0.3266 0.9262 0.1886
vn -0.6095 0.7104 0.3519
vn -0.6430 0.7104 0.2863
vn -0.3445 0.9262 0.1534
vn -0.6095 0.7104 0.3519
vn -0.7993 0.3850 0.4615
vn -0.8431 0.3850 0.3754
vn -0.6430 0.7104 0.2863
vn -0.7993 0.3850 0.4615
vn -0.8660 0.0000 0.5000
vn -0.9135 -0.0000 0.4067
vn -0.8431 0.3850 0.3754
vn -0.8660 0.0000 0.5000
vn -0.7993 -0.3850 0.4615
vn -0.8431 -0.3850 0.3754
vn -0.9135 -0.0000 0.4067
vn -0.7993 -0.3850 0.4615
vn -0.6095 -0.7104 0.3519
vn -0.6430 -0.7104 0.2863
vn -0.8431 -0.3850 0.3754
vn -0.6095 -0.7104 0.3519
vn -0.3266 -0.9262 0.1886
vn -0.3445 -0.9262 0.1534
vn -0.6430 -0.7104 0.2863
vn -0.3266 -0.9262 0.1886
vn 0.0056 -1.0000 -0.0033
vn 0.0059 -1.0000 -0.0026
vn -0.3445 -0.9262 0.1534
vn 0.0056 -1.0000 -0.0033
vn 0.3362 -0.9216 -0.1941
vn 0.3546 -0.9216 -0.1579
vn 0.0059 -1.0000 -0.0026
vn 0.3362 -0.9216 -0.1941
vn 0.6152 -0.7039 -0.3552
vn 0.6489 -0.7039 -0.2889
vn 0.3546 -0.9216 -0.1579
vn 0.6152 -0.7039 -0.3552
vn 0.8009 -0.3804 -0.4624
vn 0.8449 -0.3804 -0.3762
vn 0.6489 -0.7039 -0.2889
vn 0.8009 -0.3804 -0.4624
vn 0.8660 -0.0000 -0.5000
vn 0.9135 -0.0000 -0.4067
vn 0.8449 -0.3804 -0.3762
vn 0.9135 -0.0000 -0.4067
vn 0.8449 0.3804 -0.3762
vn 0.8796 0.3804 -0.2858
vn 0.9511 -0.0000 -0.3090
vn 0.8449 0.3804 -0.3762
vn 0.6489 0.7039 -0.2889
vn 0.6756 0.7039 -0.2195
vn 0.8796 0.3804 -0.2858
vn 0.6489 0.7039 -0.2889
vn 0.3546 0.9216 -0.1579
vn 0.3692 0.9216 -0.1200
vn 0.6756 0.7039 -0.2195
vn 0.3546 0.9216 -0.1579
vn 0.0059 1.0000 -0.0026
vn 0.0062 1.0000 -0.0020
vn 0.3692 0.9216 -0.1200
vn 0.0059 1.0000 -0.0026
vn -0.3445 0.9262 0.1534
vn -0.3586 0.9262 0.1165
vn 0.0062 1.0000 -0.0020
vn -0.3445 0.9262 0.1534
vn -0.6430 0.7104 0.2863
vn -0.6694 0.7104 0.2175
vn -0.3586 0.9262 0.1165
vn -0.6430 0.7104 0.2863
vn -0.8431 0.3850 0.3754
vn -0.8777 0.3850 0.2852
vn -0.6694 0.7104 0.2175
vn -0.8431 0.3850 0.3754
vn -0.9135 -0.0000 0.4067
vn -0.9511 -0.0000 0.3090
vn -0.8777 0.3850 0.2852
vn -0.9135 -0.0000 0.4067
vn -0.8431 -0.3850 0.3754
vn -0.8777 -0.3850 0.2852
vn -0.9511 -0.0000 0.3090
vn -0.8431 -0.3850 0.3754
vn -0.6430 -0.7104 0.2863
vn -0.6694 -0.7104 0.2175
vn -0.8777 -0.3850 0.2852
vn -0.6430 -0.7104 0.2863
vn -0.3445 -0.9262 0.1534
vn -0.3586 -0.9262 0.1165
vn -0.6694 -0.7104 0.2175
vn -0.3445 -0.9262 0.1534
vn 0.0059 -1.0000 -0.0026
vn 0.0062 -1.0000 -0.0020
vn -0.3586 -0.9262 0.1165
vn 0.0059 -1.0000 -0.0026
vn 0.3546 -0.9216 -0.1579
vn 0.3692 -0.9216 -0.1200
vn 0.0062 -1.0000 -0.0020
vn 0.3546 -0.9216 -0.1579
vn 0.6489 -0.7039 -0.2889
vn 0.6756 -0.7039 -0.2195
vn 0.3692 -0.9216 -0.1200
vn 0.6489 -0.7039 -0.2889
vn 0.8449 -0.3804 -0.3762
vn 0.8796 -0.3804 -0.2858
vn 0.6756 -0.7039 -0.2195
vn 0.8449 -0.3804 -0.3762
vn 0.9135 -0.0000 -0.4067
vn 0.9511 -0.0000 -0.3090
vn 0.8796 -0.3804 -0.2858
vn 0.9511 -0.0000 -0.3090
vn 0.8796 0.3804 -0.2858
vn 0.9046 0.3804 -0.1923
vn 0.9781 -0.0000 -0.2079
vn 0.8796 0.3804 -0.2858
vn 0.6756 0.7039 -0.2195
vn 0.6948 0.7039 -0.1477
vn 0.9046 0.3804 -0.1923
vn 0.6756 0.7039 -0.2195
vn 0.3692 0.9216 -0.1200
vn 0.3797 0.9216 -0.0807
vn 0.6948 0.7039 -0.1477
vn 0.3692 0.9216 -0.1200
vn 0.0062 1.0000 -0.0020
vn 0.0064 1.0000 -0.0014
vn 0.3797 0.9216 -0.0807
vn 0.0062 1.0000 -0.0020
vn -0.3586 0.9262 0.1165
vn -0.3689 0.9262 0.0784
vn 0.0064 1.0000 -0.0014
vn -0.3586 0.9262 0.1165
vn -0.6694 0.7104 0.2175
vn -0.6884 0.7104 0.1463
vn -0.3689 0.9262 0.0784
vn -0.6694 0.7104 0.2175
vn -0.8777 0.3850 0.2852
vn -0.9027 0.3850 0.1919
vn -0.6884 0.7104 0.1463
vn -0.8777 0.3850 0.2852
vn -0.9511 -0.0000 0.3090
vn -0.9781 0.0000 0.2079
vn -0.9027 0.3850 0.1919
vn -0.9511 -0.0000 0.3090
vn -0.8777 -0.3850 0.2852
vn -0.9027 -0.3850 0.1919
vn -0.9781 0.0000 0.2079
vn -0.8777 -0.3850 0.2852
vn -0.6694 -0.7104 0.2175
vn -0.6884 -0.7104 0.1463
vn -0.9027 -0.3850 0.1919
vn -0.6694 -0.7104 0.2175
vn -0.3586 -0.9262 0.1165
vn -0.3689 -0.9262 0.0784
vn -0.6884 -0.7104 0.1463
vn -0.3586 -0.9262 0.1165
vn 0.0062 -1.0000 -0.0020
vn 0.0064 -1.0000 -0.0014
vn -0.3689 -0.9262 0.0784
vn 0.0062 -1.0000 -0.0020
vn 0.3692 -0.9216 -0.1200
vn 0.3797 -0.9216 -0.0807
vn 0.0064 -1.0000 -0.0014
vn 0.3692 -0.9216 -0.1200
vn 0.6756 -0.7039 -0.2195
vn 0.6948 -0.7039 -0.1477
vn 0.3797 -0.9216 -0.0807
vn 0.6756 -0.7039 -0.2195
vn 0.8796 -0.3804 -0.2858
vn 0.9046 -0.3804 -0.1923
vn 0.6948 -0.7039 -0.1477
vn 0.8796 -0.3804 -0.2858
vn 0.9511 -0.0000 -0.3090
vn 0.9781 -0.0000 -0.2079
vn 0.9046 -0.3804 -0.1923
vn 0.9781 -0.0000 -0.2079
vn 0.9046 0.3804 -0.1923
vn 0.9198 0.3804 -0.0967
vn 0.9945 -0.0000 -0.1045
vn 0.9046 0.3804 -0.1923
vn 0.6948 0.7039 -0.1477
vn 0.7064 0.7039 -0.0742
vn 0.9198 0.3804 -0.0967
vn 0.6948 0.7039 -0.1477
vn 0.3797 0.9216 -0.0807
vn 0.3861 0.9216 -0.0406
vn 0.7064 0.7039 -0.0742
vn 0.3797 0.9216 -0.0807
vn 0.0064 1.0000 -0.0014
vn 0.0065 1.0000 -0.0007
vn 0.3861 0.9216 -0.0406
vn 0.0064 1.0000 -0.0014
vn -0.3689 0.9262 0.0784
vn -0.3750 0.9262 0.0394
vn 0.0065 1.0000 -0.0007
vn -0.3689 0.9262 0.0784
vn -0.6884 0.7104 0.1463
vn -0.7000 0.7104 0.0736
vn -0.3750 0.9262 0.0394
vn -0.6884 0.7104 0.1463
vn -0.9027 0.3850 0.1919
vn -0.9179 0.3850 0.0965
vn -0.7000 0.7104 0.0736
vn -0.9027 0.3850 0.1919
vn -0.9781 0.0000 0.2079
vn -0.9945 -0.0000 0.1045
vn -0.9179 0.3850 0.0965
vn -0.9781 0.0000 0.2079
vn -0.9027 -0.3850 0.1919
vn -0.9179 -0.3850 0.0965
vn -0.9945 -0.0000 0.1045
vn -0.9027 -0.3850 0.1919
vn -0.6884 -0.7104 0.1463
vn -0.7000 -0.7104 0.0736
vn -0.9179 -0.3850 0.0965
vn -0.6884 -0.7104 0.1463
vn -0.3689 -0.9262 0.0784
vn -0.3750 -0.9262 0.0394
vn -0.7000 -0.7104 0.0736
vn -0.3689 -0.9262 0.0784
vn 0.0064 -1.0000 -0.0014
vn 0.0065 -1.0000 -0.0007
vn -0.3750 -0.9262 0.0394
vn 0.0064 -1.0000 -0.0014
vn 0.3797 -0.9216 -0.0807
vn 0.3861 -0.9216 -0.0406
vn 0.0065 -1.0000 -0.0007
vn 0.3797 -0.9216 -0.0807
vn 0.6948 -0.7039 -0.1477
vn 0.7064 -0.7039 -0.0742
vn 0.3861 -0.9216 -0.0406
vn 0.6948 -0.7039 -0.1477
vn 0.9046 -0.3804 -0.1923
vn 0.9198 -0.3804 -0.0967
vn 0.7064 -0.7039 -0.0742
vn 0.9046 -0.3804 -0.1923
vn 0.9781 -0.0000 -0.2079
vn 0.9945 -0.0000 -0.1045
vn 0.9198 -0.3804 -0.0967
vn 0.9945 -0.0000 -0.1045
vn 0.9198 0.3804 -0.0967
vn 0.9248 0.3804 0.0000
vn 1.0000 -0.0000 -0.0000
vn 0.9198 0.3804 -0.0967
vn 0.7064 0.7039 -0.0742
vn 0.7103 0.7039 -0.0000
vn 0.9248 0.3804 0.0000
vn 0.7064 0.7039 -0.0742
vn 0.3861 0.9216 -0.0406
vn 0.3882 0.9216 -0.0000
vn 0.7103 0.7039 -0.0000
vn 0.3861 0.9216 -0.0406
vn 0.0065 1.0000 -0.0007
vn 0.0065 1.0000 0.0000
vn 0.3882 0.9216 -0.0000
vn 0.0065 1.0000 -0.0007
vn -0.3750 0.9262 0.0394
vn -0.3771 0.9262 0.0000
vn 0.0065 1.0000 0.0000
vn -0.3750 0.9262 0.0394
vn -0.7000 0.7104 0.0736
vn -0.7038 0.7104 0.0000
vn -0.3771 0.9262 0.0000
vn -0.7000 0.7104 0.0736
vn -0.9179 0.3850 0.0965
vn -0.9229 0.3850 -0.0000
vn -0.7038 0.7104 0.0000
vn -0.9179 0.3850 0.0965
vn -0.9945 -0.0000 0.1045
vn -1.0000 0.0000 0.0000
vn -0.9229 0.3850 -0.0000
vn -0.9945 -0.0000 0.1045
vn -0.9179 -0.3850 0.0965
vn -0.9229 -0.3850 0.0000
vn -1.0000 0.0000 0.0000
vn -0.9179 -0.3850 0.0965
vn -0.7000 -0.7104 0.0736
vn -0.7038 -0.7104 -0.0000
vn -0.9229 -0.3850 0.0000
vn -0.7000 -0.7104 0.0736
vn -0.3750 -0.9262 0.0394
vn -0.3771 -0.9262 -0.0000
vn -0.7038 -0.7104 -0.0000
vn -0.3750 -0.9262 0.0394
vn 0.0065 -1.0000 -0.0007
vn 0.0065 -1.0000 -0.0000
vn -0.3771 -0.9262 -0.0000
vn 0.0065 -1.0000 -0.0007
vn 0.3861 -0.9216 -0.0406
vn 0.3882 -0.9216 0.0000
vn 0.0065 -1.0000 -0.0000
vn 0.3861 -0.9216 -0.0406
vn 0.7064 -0.7039 -0.0742
vn 0.7103 -0.7039 0.0000
vn 0.3882 -0.9216 0.0000
vn 0.7064 -0.7039 -0.0742
vn 0.9198 -0.3804 -0.0967
vn 0.9248 -0.3804 -0.0000
vn 0.7103 -0.7039 0.0000
vn 0.9198 -0.3804 -0.0967
vn 0.9945 -0.0000 -0.1045
vn 1.0000 -0.0000 -0.0000
vn 0.9248 -0.3804 -0.0000
vn 1.0000 -0.0000 -0.0000
vn 0.9248 0.3804 0.0000
vn 0.9198 0.3804 0.0967
vn 0.9945 -0.0000 0.1045
vn 0.9248 0.3804 0.0000
vn 0.7103 0.7039 -0.0000
vn 0.7064 0.7039 0.0742
vn 0.9198 0.3804 0.0967
vn 0.7103 0.7039 -0.0000
vn 0.3882 0.9216 -0.0000
vn 0.3861 0.9216 0.0406
vn 0.7064 0.7039 0.0742
vn 0.3882 0.9216 -0.0000
vn 0.0065 1.0000 0.0000
vn 0.0065 1.0000 0.0007
vn 0.3861 0.9216 0.0406
vn 0.0065 1.0000 0.0000
vn -0.3771 0.9262 0.0000
vn -0.3750 0.9262 -0.0394
vn 0.0065 1.0000 0.0007
vn -0.3771 0.9262 0.0000
vn -0.7038 0.7104 0.0000
vn -0.7000 0.7104 -0.0736
vn -0.3750 0.9262 -0.0394
vn -0.7038 0.7104 0.0000
vn -0.9229 0.3850 -0.0000
vn -0.9179 0.3850 -0.0965
vn -0.7000 0.7104 -0.0736
vn -0.9229 0.3850 -0.0000
vn -1.0000 0.0000 0.0000
vn -0.9945 0.0000 -0.1045
vn -0.9179 0.3850 -0.0965
vn -1.0000 0.0000 0.0000
vn -0.9229 -0.3850 0.0000
vn -0.9179 -0.3850 -0.0965
vn -0.9945 0.0000 -0.1045
vn -0.9229 -0.3850 0.0000
vn -0.7038 -0.7104 -0.0000
vn -0.7000 -0.7104 -0.0736
vn -0.9179 -0.3850 -0.0965
vn -0.7038 -0.7104 -0.0000
vn -0.3771 -0.9262 -0.0000
vn -0.3750 -0.9262 -0.0394
vn -0.7000 -0.7104 -0.0736
vn -0.3771 -0.9262 -0.0000
vn 0.0065 -1.0000 -0.0000
vn 0.0065 -1.0000 0.0007
vn -0.3750 -0.9262 -0.0394
vn 0.0065 -1.0000 -0.0000
vn 0.3882 -0.9216 0.0000
vn 0.3861 -0.9216 0.0406
vn 0.0065 -1.0000 0.0007
vn 0.3882 -0.9216 0.0000
vn 0.7103 -0.7039 0.0000
vn 0.7064 -0.7039 0.0742
vn 0.3861 -0.9216 0.0406
vn 0.7103 -0.7039 0.0000
vn 0.9248 -0.3804 -0.0000
vn 0.9198 -0.3804 0.0967
vn 0.7064 -0.7039 0.0742
vn 0.9248 -0.3804 -0.0000
vn 1.0000 -0.0000 -0.0000
vn 0.9945 -0.0000 0.1045
vn 0.9198 -0.3804 0.0967
vn 0.9945 -0.0000 0.1045
vn 0.9198 0.3804 0.0967
vn 0.9046 0.3804 0.1923
vn 0.9781 -0.0000 0.2079
vn 0.9198 0.3804 0.0967
vn 0.7064 0.7039 0.0742
vn 0.6948 0.7039 0.1477
vn 0.9046 0.3804 0.1923
vn 0.7064 0.7039 0.0742
vn 0.3861 0.9216 0.0406
vn 0.3797 0.9216 0.0807
vn 0.6948 0.7039 0.1477
vn 0.3861 0.9216 0.0406
vn 0.0065 1.0000 0.0007
vn 0.0064 1.0000 0.0014
vn 0.3797 0.9216 0.0807
vn 0.0065 1.0000 0.0007
vn -0.3750 0.9262 -0.0394
vn -0.3689 0.9262 -0.0784
vn 0.0064 1.0000 0.0014
vn -0.3750 0.9262 -0.0394
vn -0.7000 0.7104 -0.0736
vn -0.6884 0.7104 -0.1463
vn -0.3689 0.9262 -0.0784
vn -0.7000 0.7104 -0.0736
vn -0.9179 0.3850 -0.0965
vn -0.9027 0.3850 -0.1919
vn -0.6884 0.7104 -0.1463
vn -0.9179 0.3850 -0.0965
vn -0.9945 0.0000 -0.1045
vn -0.9781 -0.0000 -0.2079
vn -0.9027 0.3850 -0.1919
vn -0.9945 0.0000 -0.1045
vn -0.9179 -0.3850 -0.0965
vn -0.9027 -0.3850 -0.1919
vn -0.9781 -0.0000 -0.2079
vn -0.9179 -0.3850 -0.0965
vn -0.7000 -0.7104 -0.0736
vn -0.6884 -0.7104 -0.1463
vn -0.9027 -0.3850 -0.1919
vn -0.7000 -0.7104 -0.0736
vn -0.3750 -0.9262 -0.0394
vn -0.3689 -0.9262 -0.0784
vn -0.6884 -0.7104 -0.1463
vn -0.3750 -0.9262 -0.0394
vn 0.0065 -1.0000 0.0007
vn 0.0064 -1.0000 0.0014
vn -0.3689 -0.9262 -0.0784
vn 0.0065 -1.0000 0.0007
vn 0.3861 -0.9216 0.0406
vn 0.3797 -0.9216 0.0807
vn 0.0064 -1.0000 0.0014
vn 0.3861 -0.9216 0.0406
vn 0.7064 -0.7039 0.0742
vn 0.6948 -0.7039 0.1477
vn 0.3797 -0.9216 0.0807
vn 0.7064 -0.7039 0.0742
vn 0.9198 -0.3804 0.0967
vn 0.9046 -0.3804 0.1923
vn 0.6948 -0.7039 0.1477
vn 0.9198 -0.3804 0.0967
vn 0.9945 -0.0000 0.1045
vn 0.9781 -0.0000 0.2079
vn 0.9046 -0.3804 0.1923
vn 0.9781 -0.0000 0.2079
vn 0.9046 0.3804 0.1923
vn 0.8796 0.3804 0.2858
vn 0.9511 -0.0000 0.3090
vn 0.9046 0.3804 0.1923
vn 0.6948 0.7039 0.1477
vn 0.6756 0.7039 0.2195
vn 0.8796 0.3804 0.2858
vn 0.6948 0.7039 0.1477
vn 0.3797 0.9216 0.0807
vn 0.3692 0.9216 0.1200
vn 0.6756 0.7039 0.2195
vn 0.3797 0.9216 0.0807
vn 0.0064 1.0000 0.0014
vn 0.0062 1.0000 0.0020
vn 0.3692 0.9216 0.1200
vn 0.0064 1.0000 0.0014
vn -0.3689 0.9262 -0.0784
vn -0.3586 0.9262 -0.1165
vn 0.0062 1.0000 0.0020
vn -0.3689 0.9262 -0.0784
vn -0.6884 0.7104 -0.1463
vn -0.6694 0.7104 -0.2175
vn -0.3586 0.9262 -0.1165
vn -0.6884 0.7104 -0.1463
vn -0.9027 0.3850 -0.1919
vn -0.8777 0.3850 -0.2852
vn -0.6694 0.7104 -0.2175
vn -0.9027 0.3850 -0.1919
vn -0.9781 -0.0000 -0.2079
vn -0.9511 0.0000 -0.3090
vn -0.8777 0.3850 -0.2852
vn -0.9781 -0.0000 -0.2079
vn -0.9027 -0.3850 -0.1919
vn -0.8777 -0.3850 -0.2852
vn -0.9511 0.0000 -0.3090
vn -0.9027 -0.3850 -0.1919
vn -0.6884 -0.7104 -0.1463
vn -0.6694 -0.7104 -0.2175
vn -0.8777 -0.3850 -0.2852
vn -0.6884 -0.7104 -0.1463
vn -0.3689 -0.9262 -0.0784
vn -0.3586 -0.9262 -0.1165
vn -0.6694 -0.7104 -0.2175
vn -0.3689 -0.9262 -0.0784
vn 0.0064 -1.0000 0.0014
vn 0.0062 -1.0000 0.0020
vn -0.3586 -0.9262 -0.1165
vn 0.0064 -1.0000 0.0014
vn 0.3797 -0.9216 0.0807
vn 0.3692 -0.9216 0.1200
vn 0.0062 -1.0000 0.0020
vn 0.3797 -0.9216 0.0807
vn 0.6948 -0.7039 0.1477
vn 0.6756 -0.7039 0.2195
vn 0.3692 -0.9216 0.1200
vn 0.6948 -0.7039 0.1477
vn 0.9046 -0.3804 0.1923
vn 0.8796 -0.3804 0.2858
vn 0.6756 -0.7039 0.2195
vn 0.9046 -0.3804 0.1923
vn 0.9781 -0.0000 0.2079
vn 0.9511 -0.0000 0.3090
vn 0.8796 -0.3804 0.2858
vn 0.9511 -0.0000 0.3090
vn 0.8796 0.3804 0.2858
vn 0.8449 0.3804 0.3762
vn 0.9135 -0.0000 0.4067
vn 0.8796 0.3804 0.2858
vn 0.6756 0.7039 0.2195
vn 0.6489 0.7039 0.2889
vn 0.8449 0.3804 0.3762
vn 0.6756 0.7039 0.2195
vn 0.3692 0.9216 0.1200
vn 0.3546 0.9216 0.1579
vn 0.6489 0.7039 0.2889
vn 0.3692 0.9216 0.1200
vn 0.0062 1.0000 0.0020
vn 0.0059 1.0000 0.0026
vn 0.3546 0.9216 0.1579
vn 0.0062 1.0000 0.0020
vn -0.3586 0.9262 -0.1165
vn -0.3445 0.9262 -0.1534
vn 0.0059 1.0000 0.0026
vn -0.3586 0.9262 -0.1165
vn -0.6694 0.7104 -0.2175
vn -0.6430 0.7104 -0.2863
vn -0.3445 0.9262 -0.1534
vn -0.6694 0.7104 -0.2175
vn -0.8777 0.3850 -0.2852
vn -0.8431 0.3850 -0.3754
vn -0.6430 0.7104 -0.2863
vn -0.8777 0.3850 -0.2852
vn -0.9511 0.0000 -0.3090
vn -0.9135 0.0000 -0.4067
vn -0.8431 0.3850 -0.3754
vn -0.9511 0.0000 -0.3090
vn -0.8777 -0.3850 -0.2852
vn -0.8431 -0.3850 -0.3754
vn -0.9135 0.0000 -0.4067
vn -0.8777 -0.3850 -0.2852
vn -0.6694 -0.7104 -0.2175
vn -0.6430 -0.7104 -0.2863
vn -0.8431 -0.3850 -0.3754
vn -0.6694 -0.7104 -0.2175
vn -0.3586 -0.9262 -0.1165
vn -0.3445 -0.9262 -0.1534
vn -0.6430 -0.7104 -0.2863
vn -0.3586 -0.9262 -0.1165
vn 0.0062 -1.0000 0.0020
vn 0.0059 -1.0000 0.0026
vn -0.3445 -0.9262 -0.1534
vn 0.0062 -1.0000 0.0020
vn 0.3692 -0.9216 0.1200
vn 0.3546 -0.9216 0.1579
vn 0.0059 -1.0000 0.0026
vn 0.3692 -0.9216 0.1200
vn 0.6756 -0.7039 0.2195
vn 0.6489 -0.7039 0.2889
vn 0.3546 -0.9216 0.1579
vn 0.6756 -0.7039 0.2195
vn 0.8796 -0.3804 0.2858
vn 0.8449 -0.3804 0.3762
vn 0.6489 -0.7039 0.2889
vn 0.8796 -0.3804 0.2858
vn 0.9511 -0.0000 0.3090
vn 0.9135 -0.0000 0.4067
vn 0.8449 -0.3804 0.3762
vn 0.9135 -0.0000 0.4067
vn 0.8449 0.3804 0.3762
vn 0.8009 0.3804 0.4624
vn 0.8660 -0.0000 0.5000
vn 0.8449 0.3804 0.3762
vn 0.6489 0.7039 0.2889
vn 0.6152 0.7039 0.3552
vn 0.8009 0.3804 0.4624
vn 0.6489 0.7039 0.2889
vn 0.3546 0.9216 0.1579
vn 0.3362 0.9216 0.1941
vn 0.6152 0.7039 0.3552
vn 0.3546 0.9216 0.1579
vn 0.0059 1.0000 0.0026
vn 0.0056 1.0000 0.0033
vn 0.3362 0.9216 0.1941
vn 0.0059 1.0000 0.0026
vn -0.3445 0.9262 -0.1534
vn -0.3266 0.9262 -0.1886
vn 0.0056 1.0000 0.0033
vn -0.3445 0.9262 -0.1534
vn -0.6430 0.7104 -0.2863
vn -0.6095 0.7104 -0.3519
vn -0.3266 0.9262 -0.1886
vn -0.6430 0.7104 -0.2863
vn -0.8431 0.3850 -0.3754
vn -0.7993 0.3850 -0.4615
vn -0.6095 0.7104 -0.3519
vn -0.8431 0.3850 -0.3754
vn -0.9135 0.0000 -0.4067
vn -0.8660 -0.0000 -0.5000
vn -0.7993 0.3850 -0.4615
vn -0.9135 0.0000 -0.4067
vn -0.8431 -0.3850 -0.3754
vn -0.7993 -0.3850 -0.4615
vn -0.8660 -0.0000 -0.5000
vn -0.8431 -0.3850 -0.3754
vn -0.6430 -0.7104 -0.2863
vn -0.6095 -0.7104 -0.3519
vn -0.7993 -0.3850 -0.4615
vn -0.6430 -0.7104 -0.2863
vn -0.3445 -0.9262 -0.1534
vn -0.3266 -0.9262 -0.1886
vn -0.6095 -0.7104 -0.3519
vn -0.3445 -0.9262 -0.1534
vn 0.0059 -1.0000 0.0026
vn 0.0056 -1.0000 0.0033
vn -0.3266 -0.9262 -0.1886
vn 0.0059 -1.0000 0.0026
vn 0.3546 -0.9216 0.1579
vn 0.3362 -0.9216 0.1941
vn 0.0056 -1.0000 0.0033
vn 0.3546 -0.9216 0.1579
vn 0.6489 -0.7039 0.2889
vn 0.6152 -0.7039 0.3552
vn 0.3362 -0.9216 0.1941
vn 0.6489 -0.7039 0.2889
vn 0.8449 -0.3804 0.3762
vn 0.8009 -0.3804 0.4624
vn 0.6152 -0.7039 0.3552
vn 0.8449 -0.3804 0.3762
vn 0.9135 -0.0000 0.4067
vn 0.8660 -0.0000 0.5000
vn 0.8009 -0.3804 0.4624
vn 0.8660 -0.0000 0.5000
vn 0.8009 0.3804 0.4624
vn 0.7482 0.3804 0.5436
vn 0.8090 -0.0000 0.5878
vn 0.8009 0.3804 0.4624
vn 0.6152 0.7039 0.3552
vn 0.5747 0.7039 0.4175
vn 0.7482 0.3804 0.5436
vn 0.6152 0.7039 0.3552
vn 0.3362 0.9216 0.1941
vn 0.3141 0.9216 0.2282
vn 0.5747 0.7039 0.4175
vn 0.3362 0.9216 0.1941
vn 0.0056 1.0000 0.0033
vn 0.0053 1.0000 0.0038
vn 0.3141 0.9216 0.2282
vn 0.0056 1.0000 0.0033
vn -0.3266 0.9262 -0.1886
vn -0.3051 0.9262 -0.2217
vn 0.0053 1.0000 0.0038
vn -0.3266 0.9262 -0.1886
vn -0.6095 0.7104 -0.3519
vn -0.5694 0.7104 -0.4137
vn -0.3051 0.9262 -0.2217
vn -0.6095 0.7104 -0.3519
vn -0.7993 0.3850 -0.4615
vn -0.7467 0.3850 -0.5425
vn -0.5694 0.7104 -0.4137
vn -0.7993 0.3850 -0.4615
vn -0.8660 -0.0000 -0.5000
vn -0.8090 -0.0000 -0.5878
vn -0.7467 0.3850 -0.5425
vn -0.8660 -0.0000 -0.5000
vn -0.7993 -0.3850 -0.4615
vn -0.7467 -0.3850 -0.5425
vn -0.8090 -0.0000 -0.5878
vn -0.7993 -0.3850 -0.4615
vn -0.6095 -0.7104 -0.3519
vn -0.5694 -0.7104 -0.4137
vn -0.7467 -0.3850 -0.5425
vn -0.6095 -0.7104 -0.3519
vn -0.3266 -0.9262 -0.1886
vn -0.3051 -0.9262 -0.2217
vn -0.5694 -0.7104 -0.4137
vn -0.3266 -0.9262 -0.1886
vn 0.0056 -1.0000 0.0033
vn 0.0053 -1.0000 0.0038
vn -0.3051 -0.9262 -0.2217
vn 0.0056 -1.0000 0.0033
vn 0.3362 -0.9216 0.1941
vn 0.3141 -0.9216 0.2282
vn 0.0053 -1.0000 0.0038
vn 0.3362 -0.9216 0.1941
vn 0.6152 -0.7039 0.3552
vn 0.5747 -0.7039 0.4175
vn 0.3141 -0.9216 0.2282
vn 0.6152 -0.7039 0.3552
vn 0.8009 -0.3804 0.4624
vn 0.7482 -0.3804 0.5436
vn 0.5747 -0.7039 0.4175
vn 0.8009 -0.3804 0.4624
vn 0.8660 -0.0000 0.5000
vn 0.8090 -0.0000 0.5878
vn 0.7482 -0.3804 0.5436
vn 0.8090 -0.0000 0.5878
vn 0.7482 0.3804 0.5436
vn 0.6873 0.3804 0.6188
vn 0.7431 -0.0000 0.6691
vn 0.7482 0.3804 0.5436
vn 0.5747 0.7039 0.4175
vn 0.5279 0.7039 0.4753
vn 0.6873 0.3804 0.6188
vn 0.5747 0.7039 0.4175
vn 0.3141 0.9216 0.2282
vn 0.2885 0.9216 0.2598
vn 0.5279 0.7039 0.4753
vn 0.3141 0.9216 0.2282
vn 0.0053 1.0000 0.0038
vn 0.0048 1.0000 0.0044
vn 0.2885 0.9216 0.2598
vn 0.0053 1.0000 0.0038
vn -0.3051 0.9262 -0.2217
vn -0.2802 0.9262 -0.2523
vn 0.0048 1.0000 0.0044
vn -0.3051 0.9262 -0.2217
vn -0.5694 0.7104 -0.4137
vn -0.5230 0.7104 -0.4710
vn -0.2802 0.9262 -0.2523
vn -0.5694 0.7104 -0.4137
vn -0.7467 0.3850 -0.5425
vn -0.6859 0.3850 -0.6176
vn -0.5230 0.7104 -0.4710
vn -0.7467 0.3850 -0.5425
vn -0.8090 -0.0000 -0.5878
vn -0.7431 0.0000 -0.6691
vn -0.6859 0.3850 -0.6176
vn -0.8090 -0.0000 -0.5878
vn -0.7467 -0.3850 -0.5425
vn -0.6859 -0.3850 -0.6176
vn -0.7431 0.0000 -0.6691
vn -0.7467 -0.3850 -0.5425
vn -0.5694 -0.7104 -0.4137
vn -0.5230 -0.7104 -0.4710
vn -0.6859 -0.3850 -0.6176
vn -0.5694 -0.7104 -0.4137
vn -0.3051 -0.9262 -0.2217
vn -0.2802 -0.9262 -0.2523
vn -0.5230 -0.7104 -0.4710
vn -0.3051 -0.9262 -0.2217
vn 0.0053 -1.0000 0.0038
vn 0.0048 -1.0000 0.0044
vn -0.2802 -0.9262 -0.2523
vn 0.0053 -1.0000 0.0038
vn 0.3141 -0.9216 0.2282
vn 0.2885 -0.9216 0.2598
vn 0.0048 -1.0000 0.0044
vn 0.3141 -0.9216 0.2282
vn 0.5747 -0.7039 0.4175
vn 0.5279 -0.7039 0.4753
vn 0.2885 -0.9216 0.2598
vn 0.5747 -0.7039 0.4175
vn 0.7482 -0.3804 0.5436
vn 0.6873 -0.3804 0.6188
vn 0.5279 -0.7039 0.4753
vn 0.7482 -0.3804 0.5436
vn 0.8090 -0.0000 0.5878
vn 0.7431 -0.0000 0.6691
vn 0.6873 -0.3804 0.6188
vn 0.7431 -0.0000 0.6691
vn 0.6873 0.3804 0.6188
vn 0.6188 0.3804 0.6873
vn 0.6691 -0.0000 0.7431
vn 0.6873 0.3804 0.6188
vn 0.5279 0.7039 0.4753
vn 0.4753 0.7039 0.5279
vn 0.6188 0.3804 0.6873
vn 0.5279 0.7039 0.4753
vn 0.2885 0.9216 0.2598
vn 0.2598 0.9216 0.2885
vn 0.4753 0.7039 0.5279
vn 0.2885 0.9216 0.2598
vn 0.0048 1.0000 0.0044
vn 0.0044 1.0000 0.0048
vn 0.2598 0.9216 0.2885
vn 0.0048 1.0000 0.0044
vn -0.2802 0.9262 -0.2523
vn -0.2523 0.9262 -0.2802
vn 0.0044 1.0000 0.0048
vn -0.2802 0.9262 -0.2523
vn -0.5230 0.7104 -0.4710
vn -0.4710 0.7104 -0.5230
vn -0.2523 0.9262 -0.2802
vn -0.5230 0.7104 -0.4710
vn -0.6859 0.3850 -0.6176
vn -0.6176 0.3850 -0.6859
vn -0.4710 0.7104 -0.5230
vn -0.6859 0.3850 -0.6176
vn -0.7431 0.0000 -0.6691
vn -0.6691 0.0000 -0.7431
vn -0.6176 0.3850 -0.6859
vn -0.7431 0.0000 -0.6691
vn -0.6859 -0.3850 -0.6176
vn -0.6176 -0.3850 -0.6859
vn -0.6691 0.0000 -0.7431
vn -0.6859 -0.3850 -0.6176
vn -0.5230 -0.7104 -0.4710
vn -0.4710 -0.7104 -0.5230
vn -0.6176 -0.3850 -0.6859
vn -0.5230 -0.7104 -0.4710
vn -0.2802 -0.9262 -0.2523
vn -0.2523 -0.9262 -0.2802
vn -0.4710 -0.7104 -0.5230
vn -0.2802 -0.9262 -0.2523
vn 0.0048 -1.0000 0.0044
vn 0.0044 -1.0000 0.0048
vn -0.2523 -0.9262 -0.2802
vn 0.0048 -1.0000 0.0044
vn 0.2885 -0.9216 0.2598
vn 0.2598 -0.9216 0.2885
vn 0.0044 -1.0000 0.0048
vn 0.2885 -0.9216 0.2598
vn 0.5279 -0.7039 0.4753
vn 0.4753 -0.7039 0.5279
vn 0.2598 -0.9216 0.2885
vn 0.5279 -0.7039 0.4753
vn 0.6873 -0.3804 0.6188
vn 0.6188 -0.3804 0.6873
vn 0.4753 -0.7039 0.5279
vn 0.6873 -0.3804 0.6188
vn 0.7431 -0.0000 0.6691
vn 0.6691 -0.0000 0.7431
vn 0.6188 -0.3804 0.6873
vn 0.6691 -0.0000 0.7431
vn 0.6188 0.3804 0.6873
vn 0.5436 0.3804 0.7482
vn 0.5878 -0.0000 0.8090
vn 0.6188 0.3804 0.6873
vn 0.4753 0.7039 0.5279
vn 0.4175 0.7039 0.5747
vn 0.5436 0.3804 0.7482
vn 0.4753 0.7039 0.5279
vn 0.2598 0.9216 0.2885
vn 0.2282 0.9216 0.3141
vn 0.4175 0.7039 0.5747
vn 0.2598 0.9216 0.2885
vn 0.0044 1.0000 0.0048
vn 0.0038 1.0000 0.0053
vn 0.2282 0.9216 0.3141
vn 0.0044 1.0000 0.0048
vn -0.2523 0.9262 -0.2802
vn -0.2217 0.9262 -0.3051
vn 0.0038 1.0000 0.0053
vn -0.2523 0.9262 -0.2802
vn -0.4710 0.7104 -0.5230
vn -0.4137 0.7104 -0.5694
vn -0.2217 0.9262 -0.3051
vn -0.4710 0.7104 -0.5230
vn -0.6176 0.3850 -0.6859
vn -0.5425 0.3850 -0.7467
vn -0.4137 0.7104 -0.5694
vn -0.6176 0.3850 -0.6859
vn -0.6691 0.0000 -0.7431
vn -0.5878 0.0000 -0.8090
vn -0.5425 0.3850 -0.7467
vn -0.6691 0.0000 -0.7431
vn -0.6176 -0.3850 -0.6859
vn -0.5425 -0.3850 -0.7467
vn -0.5878 0.0000 -0.8090
vn -0.6176 -0.3850 -0.6859
vn -0.4710 -0.7104 -0.5230
vn -0.4137 -0.7104 -0.5694
vn -0.5425 -0.3850 -0.7467
vn -0.4710 -0.7104 -0.5230
vn -0.2523 -0.9262 -0.2802
vn -0.2217 -0.9262 -0.3051
vn -0.4137 -0.7104 -0.5694
vn -0.2523 -0.9262 -0.2802
vn 0.0044 -1.0000 0.0048
vn 0.0038 -1.0000 0.0053
vn -0.2217 -0.9262 -0.3051
vn 0.0044 -1.0000 0.0048
vn 0.2598 -0.9216 0.2885
vn 0.2282 -0.9216 0.3141
vn 0.0038 -1.0000 0.0053
vn 0.2598 -0.9216 0.2885
vn 0.4753 -0.7039 0.5279
vn 0.4175 -0.7039 0.5747
vn 0.2282 -0.9216 0.3141
vn 0.4753 -0.7039 0.5279
vn 0.6188 -0.3804 0.6873
vn 0.5436 -0.3804 0.7482
vn 0.4175 -0.7039 0.5747
vn 0.6188 -0.3804 0.6873
vn 0.6691 -0.0000 0.7431
vn 0.5878 -0.0000 0.8090
vn 0.5436 -0.3804 0.7482
vn 0.5878 -0.0000 0.8090
vn 0.5436 0.3804 0.7482
vn 0.4624 0.3804 0.8009
vn 0.5000 -0.0000 0.8660
vn 0.5436 0.3804 0.7482
vn 0.4175 0.7039 0.5747
vn 0.3552 0.7039 0.6152
vn 0.4624 0.3804 0.8009
vn 0.4175 0.7039 0.5747
vn 0.2282 0.9216 0.3141
vn 0.1941 0.9216 0.3362
vn 0.3552 0.7039 0.6152
vn 0.2282 0.9216 0.3141
vn 0.0038 1.0000 0.0053
vn 0.0033 1.0000 0.0056
vn 0.1941 0.9216 0.3362
vn 0.0038 1.0000 0.0053
vn -0.2217 0.9262 -0.3051
vn -0.1886 0.9262 -0.3266
vn 0.0033 1.0000 0.0056
vn -0.2217 0.9262 -0.3051
vn -0.4137 0.7104 -0.5694
vn -0.3519 0.7104 -0.6095
vn -0.1886 0.9262 -0.3266
vn -0.4137 0.7104 -0.5694
vn -0.5425 0.3850 -0.7467
vn -0.4615 0.3850 -0.7993
vn -0.3519 0.7104 -0.6095
vn -0.5425 0.3850 -0.7467
vn -0.5878 0.0000 -0.8090
vn -0.5000 0.0000 -0.8660
vn -0.4615 0.3850 -0.7993
vn -0.5878 0.0000 -0.8090
vn -0.5425 -0.3850 -0.7467
vn -0.4615 -0.3850 -0.7993
vn -0.5000 0.0000 -0.8660
vn -0.5425 -0.3850 -0.7467
vn -0.4137 -0.7104 -0.5694
vn -0.3519 -0.7104 -0.6095
vn -0.4615 -0.3850 -0.7993
vn -0.4137 -0.7104 -0.5694
vn -0.2217 -0.9262 -0.3051
vn -0.1886 -0.9262 -0.3266
vn -0.3519 -0.7104 -0.6095
vn -0.2217 -0.9262 -0.3051
vn 0.0038 -1.0000 0.0053
vn 0.0033 -1.0000 0.0056
vn -0.1886 -0.9262 -0.3266
vn 0.0038 -1.0000 0.0053
vn 0.2282 -0.9216 0.3141
vn 0.1941 -0.9216 0.3362
vn 0.0033 -1.0000 0.0056
vn 0.2282 -0.9216 0.3141
vn 0.4175 -0.7039 0.5747
vn 0.3552 -0.7039 0.6152
vn 0.1941 -0.9216 0.3362
vn 0.4175 -0.7039 0.5747
vn 0.5436 -0.3804 0.7482
vn 0.4624 -0.3804 0.8009
vn 0.3552 -0.7039 0.6152
vn 0.5436 -0.3804 0.7482
vn 0.5878 -0.0000 0.8090
vn 0.5000 -0.0000 0.8660
vn 0.4624 -0.3804 0.8009
vn 0.5000 -0.0000 0.8660
vn 0.4624 0.3804 0.8009
vn 0.3762 0.3804 0.8449
vn 0.4067 -0.0000 0.9135
vn 0.4624 0.3804 0.8009
vn 0.3552 0.7039 0.6152
vn 0.2889 0.7039 0.6489
vn 0.3762 0.3804 0.8449
vn 0.3552 0.7039 0.6152
vn 0.1941 0.9216 0.3362
vn 0.1579 0.9216 0.3546
vn 0.2889 0.7039 0.6489
vn 0.1941 0.9216 0.3362
vn 0.0033 1.0000 0.0056
vn 0.0026 1.0000 0.0059
vn 0.1579 0.9216 0.3546
vn 0.0033 1.0000 0.0056
vn -0.1886 0.9262 -0.3266
vn -0.1534 0.9262 -0.3445
vn 0.0026 1.0000 0.0059
vn -0.1886 0.9262 -0.3266
vn -0.3519 0.7104 -0.6095
vn -0.2863 0.7104 -0.6430
vn -0.1534 0.9262 -0.3445
vn -0.3519 0.7104 -0.6095
vn -0.4615 0.3850 -0.7993
vn -0.3754 0.3850 -0.8431
vn -0.2863 0.7104 -0.6430
vn -0.4615 0.3850 -0.7993
vn -0.5000 0.0000 -0.8660
vn -0.4067 -0.0000 -0.9135
vn -0.3754 0.3850 -0.8431
vn -0.5000 0.0000 -0.8660
vn -0.4615 -0.3850 -0.7993
vn -0.3754 -0.3850 -0.8431
vn -0.4067 -0.0000 -0.9135
vn -0.4615 -0.3850 -0.7993
vn -0.3519 -0.7104 -0.6095
vn -0.2863 -0.7104 -0.6430
vn -0.3754 -0.3850 -0.8431
vn -0.3519 -0.7104 -0.6095
vn -0.1886 -0.9262 -0.3266
vn -0.1534 -0.9262 -0.3445
vn -0.2863 -0.7104 -0.6430
vn -0.1886 -0.9262 -0.3266
vn 0.0033 -1.0000 0.0056
vn 0.0026 -1.0000 0.0059
vn -0.1534 -0.9262 -0.3445
vn 0.0033 -1.0000 0.0056
vn 0.1941 -0.9216 0.3362
vn 0.1579 -0.9216 0.3546
vn 0.0026 -1.0000 0.0059
vn 0.1941 -0.9216 0.3362
vn 0.3552 -0.7039 0.6152
vn 0.2889 -0.7039 0.6489
vn 0.1579 -0.9216 0.3546
vn 0.3552 -0.7039 0.6152
vn 0.4624 -0.3804 0.8009
vn 0.3762 -0.3804 0.8449
vn 0.2889 -0.7039 0.6489
vn 0.4624 -0.3804 0.8009
vn 0.5000 -0.0000 0.8660
vn 0.4067 -0.0000 0.9135
vn 0.3762 -0.3804 0.8449
vn 0.4067 -0.0000 0.9135
vn 0.3762 0.3804 0.8449
vn 0.2858 0.3804 0.8796
vn 0.3090 -0.0000 0.9511
vn 0.3762 0.3804 0.8449
vn 0.2889 0.7039 0.6489
vn 0.2195 0.7039 0.6756
vn 0.2858 0.3804 0.8796
vn 0.2889 0.7039 0.6489
vn 0.1579 0.9216 0.3546
vn 0.1200 0.9216 0.3692
vn 0.2195 0.7039 0.6756
vn 0.1579 0.9216 0.3546
vn 0.0026 1.0000 0.0059
vn 0.0020 1.0000 0.0062
vn 0.1200 0.9216 0.3692
vn 0.0026 1.0000 0.0059
vn -0.1534 0.9262 -0.3445
vn -0.1165 0.9262 -0.3586
vn 0.0020 1.0000 0.0062
vn -0.1534 0.9262 -0.3445
vn -0.2863 0.7104 -0.6430
vn -0.2175 0.7104 -0.6694
vn -0.1165 0.9262 -0.3586
vn -0.2863 0.7104 -0.6430
vn -0.3754 0.3850 -0.8431
vn -0.2852 0.3850 -0.8777
vn -0.2175 0.7104 -0.6694
vn -0.3754 0.3850 -0.8431
vn -0.4067 -0.0000 -0.9135
vn -0.3090 -0.0000 -0.9511
vn -0.2852 0.3850 -0.8777
vn -0.4067 -0.0000 -0.9135
vn -0.3754 -0.3850 -0.8431
vn -0.2852 -0.3850 -0.8777
vn -0.3090 -0.0000 -0.9511
vn -0.3754 -0.3850 -0.8431
vn -0.2863 -0.7104 -0.6430
vn -0.2175 -0.7104 -0.6694
vn -0.2852 -0.3850 -0.8777
vn -0.2863 -0.7104 -0.6430
vn -0.1534 -0.9262 -0.3445
vn -0.1165 -0.9262 -0.3586
vn -0.2175 -0.7104 -0.6694
vn -0.1534 -0.9262 -0.3445
vn 0.0026 -1.0000 0.0059
vn 0.0020 -1.0000 0.0062
vn -0.1165 -0.9262 -0.3586
vn 0.0026 -1.0000 0.0059
vn 0.1579 -0.9216 0.3546
vn 0.1200 -0.9216 0.3692
vn 0.0020 -1.0000 0.0062
vn 0.1579 -0.9216 0.3546
vn 0.2889 -0.7039 0.6489
vn 0.2195 -0.7039 0.6756
vn 0.1200 -0.9216 0.3692
vn 0.2889 -0.7039 0.6489
vn 0.3762 -0.3804 0.8449
vn 0.2858 -0.3804 0.8796
vn 0.2195 -0.7039 0.6756
vn 0.3762 -0.3804 0.8449
vn 0.4067 -0.0000 0.9135
vn 0.3090 -0.0000 0.9511
vn 0.2858 -0.3804 0.8796
vn 0.3090 -0.0000 0.9511
vn 0.2858 0.3804 0.8796
vn 0.1923 0.3804 0.9046
vn 0.2079 -0.0000 0.9781
vn 0.2858 0.3804 0.8796
vn 0.2195 0.7039 0.6756
vn 0.1477 0.7039 0.6948
vn 0.1923 0.3804 0.9046
vn 0.2195 0.7039 0.6756
vn 0.1200 0.9216 0.3692
vn 0.0807 0.9216 0.3797
vn 0.1477 0.7039 0.6948
vn 0.1200 0.9216 0.3692
vn 0.0020 1.0000 0.0062
vn 0.0014 1.0000 0.0064
vn 0.0807 0.9216 0.3797
vn 0.0020 1.0000 0.0062
vn -0.1165 0.9262 -0.3586
vn -0.0784 0.9262 -0.3689
vn 0.0014 1.0000 0.0064
vn -0.1165 0.9262 -0.3586
vn -0.2175 0.7104 -0.6694
vn -0.1463 0.7104 -0.6884
vn -0.0784 0.9262 -0.3689
vn -0.2175 0.7104 -0.6694
vn -0.2852 0.3850 -0.8777
vn -0.1919 0.3850 -0.9027
vn -0.1463 0.7104 -0.6884
vn -0.2852 0.3850 -0.8777
vn -0.3090 -0.0000 -0.9511
vn -0.2079 0.0000 -0.9781
vn -0.1919 0.3850 -0.9027
vn -0.3090 -0.0000 -0.9511
vn -0.2852 -0.3850 -0.8777
vn -0.1919 -0.3850 -0.9027
vn -0.2079 0.0000 -0.9781
vn -0.2852 -0.3850 -0.8777
vn -0.2175 -0.7104 -0.6694
vn -0.1463 -0.7104 -0.6884
vn -0.1919 -0.3850 -0.9027
vn -0.2175 -0.7104 -0.6694
vn -0.1165 -0.9262 -0.3586
vn -0.0784 -0.9262 -0.3689
vn -0.1463 -0.7104 -0.6884
vn -0.1165 -0.9262 -0.3586
vn 0.0020 -1.0000 0.0062
vn 0.0014 -1.0000 0.0064
vn -0.0784 -0.9262 -0.3689
vn 0.0020 -1.0000 0.0062
vn 0.1200 -0.9216 0.3692
vn 0.0807 -0.9216 0.3797
vn 0.0014 -1.0000 0.0064
vn 0.1200 -0.9216 0.3692
vn 0.2195 -0.7039 0.6756
vn 0.1477 -0.7039 0.6948
vn 0.0807 -0.9216 0.3797
vn 0.2195 -0.7039 0.6756
vn 0.2858 -0.3804 0.8796
vn 0.1923 -0.3804 0.9046
vn 0.1477 -0.7039 0.6948
vn 0.2858 -0.3804 0.8796
vn 0.3090 -0.0000 0.9511
vn 0.2079 -0.0000 0.9781
vn 0.1923 -0.3804 0.9046
vn 0.2079 -0.0000 0.9781
vn 0.1923 0.3804 0.9046
vn 0.0967 0.3804 0.9198
vn 0.1045 -0.0000 0.9945
vn 0.1923 0.3804 0.9046
vn 0.1477 0.7039 0.6948
vn 0.0742 0.7039 0.7064
vn 0.0967 0.3804 0.9198
vn 0.1477 0.7039 0.6948
vn 0.0807 0.9216 0.3797
vn 0.0406 0.9216 0.3861
vn 0.0742 0.7039 0.7064
vn 0.0807 0.9216 0.3797
vn 0.0014 1.0000 0.0064
vn 0.0007 1.0000 0.0065
vn 0.0406 0.9216 0.3861
vn 0.0014 1.0000 0.0064
vn -0.0784 0.9262 -0.3689
vn -0.0394 0.9262 -0.3750
vn 0.0007 1.0000 0.0065
vn -0.0784 0.9262 -0.3689
vn -0.1463 0.7104 -0.6884
vn -0.0736 0.7104 -0.7000
vn -0.0394 0.9262 -0.3750
vn -0.1463 0.7104 -0.6884
vn -0.1919 0.3850 -0.9027
vn -0.0965 0.3850 -0.9179
vn -0.0736 0.7104 -0.7000
vn -0.1919 0.3850 -0.9027
vn -0.2079 0.0000 -0.9781
vn -0.1045 -0.0000 -0.9945
vn -0.0965 0.3850 -0.9179
vn -0.2079 0.0000 -0.9781
vn -0.1919 -0.3850 -0.9027
vn -0.0965 -0.3850 -0.9179
vn -0.1045 -0.0000 -0.9945
vn -0.1919 -0.3850 -0.9027
vn -0.1463 -0.7104 -0.6884
vn -0.0736 -0.7104 -0.7000
vn -0.0965 -0.3850 -0.9179
vn -0.1463 -0.7104 -0.6884
vn -0.0784 -0.9262 -0.3689
vn -0.0394 -0.9262 -0.3750
vn -0.0736 -0.7104 -0.7000
vn -0.0784 -0.9262 -0.3689
vn 0.0014 -1.0000 0.0064
vn 0.0007 -1.0000 0.0065
vn -0.0394 -0.9262 -0.3750
vn 0.0014 -1.0000 0.0064
vn 0.0807 -0.9216 0.3797
vn 0.0406 -0.9216 0.3861
vn 0.0007 -1.0000 0.0065
vn 0.0807 -0.9216 0.3797
vn 0.1477 -0.7039 0.6948
vn 0.0742 -0.7039 0.7064
vn 0.0406 -0.9216 0.3861
vn 0.1477 -0.7039 0.6948
vn 0.1923 -0.3804 0.9046
vn 0.0967 -0.3804 0.9198
vn 0.0742 -0.7039 0.7064
vn 0.1923 -0.3804 0.9046
vn 0.2079 -0.0000 0.9781
vn 0.1045 -0.0000 0.9945
vn 0.0967 -0.3804 0.9198
vn 0.1045 -0.0000 0.9945
vn 0.0967 0.3804 0.9198
vn -0.0000 0.3804 0.9248
vn 0.0000 -0.0000 1.0000
vn 0.0967 0.3804 0.9198
vn 0.0742 0.7039 0.7064
vn 0.0000 0.7039 0.7103
vn -0.0000 0.3804 0.9248
vn 0.0742 0.7039 0.7064
vn 0.0406 0.9216 0.3861
vn 0.0000 0.9216 0.3882
vn 0.0000 0.7039 0.7103
vn 0.0406 0.9216 0.3861
vn 0.0007 1.0000 0.0065
vn -0.0000 1.0000 0.0065
vn 0.0000 0.9216 0.3882
vn 0.0007 1.0000 0.0065
vn -0.0394 0.9262 -0.3750
vn -0.0000 0.9262 -0.3771
vn -0.0000 1.0000 0.0065
vn -0.0394 0.9262 -0.3750
vn -0.0736 0.7104 -0.7000
vn -0.0000 0.7104 -0.7038
vn -0.0000 0.9262 -0.3771
vn -0.0736 0.7104 -0.7000
vn -0.0965 0.3850 -0.9179
vn 0.0000 0.3850 -0.9229
vn -0.0000 0.7104 -0.7038
vn -0.0965 0.3850 -0.9179
vn -0.1045 -0.0000 -0.9945
vn -0.0000 0.0000 -1.0000
vn 0.0000 0.3850 -0.9229
vn -0.1045 -0.0000 -0.9945
vn -0.0965 -0.3850 -0.9179
vn -0.0000 -0.3850 -0.9229
vn -0.0000 0.0000 -1.0000
vn -0.0965 -0.3850 -0.9179
vn -0.0736 -0.7104 -0.7000
vn 0.0000 -0.7104 -0.7038
vn -0.0000 -0.3850 -0.9229
vn -0.0736 -0.7104 -0.7000
vn -0.0394 -0.9262 -0.3750
vn 0.0000 -0.9262 -0.3771
vn 0.0000 -0.7104 -0.7038
vn -0.0394 -0.9262 -0.3750
vn 0.0007 -1.0000 0.0065
vn 0.0000 -1.0000 0.0065
vn 0.0000 -0.9262 -0.3771
vn 0.0007 -1.0000 0.0065
vn 0.0406 -0.9216 0.3861
vn -0.0000 -0.9216 0.3882
vn 0.0000 -1.0000 0.0065
vn 0.0406 -0.9216 0.3861
vn 0.0742 -0.7039 0.7064
vn -0.0000 -0.7039 0.7103
vn -0.0000 -0.9216 0.3882
vn 0.0742 -0.7039 0.7064
vn 0.0967 -0.3804 0.9198
vn 0.0000 -0.3804 0.9248
vn -0.0000 -0.7039 0.7103
vn 0.0967 -0.3804 0.9198
vn 0.1045 -0.0000 0.9945
vn 0.0000 -0.0000 1.0000
vn 0.0000 -0.3804 0.9248
vn 0.0000 -0.0000 1.0000
vn -0.0000 0.3804 0.9248
vn -0.0967 0.3804 0.9198
vn -0.1045 -0.0000 0.9945
vn -0.0000 0.3804 0.9248
vn 0.0000 0.7039 0.7103
vn -0.0742 0.7039 0.7064
vn -0.0967 0.3804 0.9198
vn 0.0000 0.7039 0.7103
vn 0.0000 0.9216 0.3882
vn -0.0406 0.9216 0.3861
vn -0.0742 0.7039 0.7064
vn 0.0000 0.9216 0.3882
vn -0.0000 1.0000 0.0065
vn -0.0007 1.0000 0.0065
vn -0.0406 0.9216 0.3861
vn -0.0000 1.0000 0.0065
vn -0.0000 0.9262 -0.3771
vn 0.0394 0.9262 -0.3750
vn -0.0007 1.0000 0.0065
vn -0.0000 0.9262 -0.3771
vn -0.0000 0.7104 -0.7038
vn 0.0736 0.7104 -0.7000
vn 0.0394 0.9262 -0.3750
vn -0.0000 0.7104 -0.7038
vn 0.0000 0.3850 -0.9229
vn 0.0965 0.3850 -0.9179
vn 0.0736 0.7104 -0.7000
vn 0.0000 0.3850 -0.9229
vn -0.0000 0.0000 -1.0000
vn 0.1045 0.0000 -0.9945
vn 0.0965 0.3850 -0.9179
vn -0.0000 0.0000 -1.0000
vn -0.0000 -0.3850 -0.9229
vn 0.0965 -0.3850 -0.9179
vn 0.1045 0.0000 -0.9945
vn -0.0000 -0.3850 -0.9229
vn 0.0000 -0.7104 -0.7038
vn 0.0736 -0.7104 -0.7000
vn 0.0965 -0.3850 -0.9179
vn 0.0000 -0.7104 -0.7038
vn 0.0000 -0.9262 -0.3771
vn 0.0394 -0.9262 -0.3750
vn 0.0736 -0.7104 -0.7000
vn 0.0000 -0.9262 -0.3771
vn 0.0000 -1.0000 0.0065
vn -0.0007 -1.0000 0.0065
vn 0.0394 -0.9262 -0.3750
vn 0.0000 -1.0000 0.0065
vn -0.0000 -0.9216 0.3882
vn -0.0406 -0.9216 0.3861
vn -0.0007 -1.0000 0.0065
vn -0.0000 -0.9216 0.3882
vn -0.0000 -0.7039 0.7103
vn -0.0742 -0.7039 0.7064
vn -0.0406 -0.9216 0.3861
vn -0.0000 -0.7039 0.7103
vn 0.0000 -0.3804 0.9248
vn -0.0967 -0.3804 0.9198
vn -0.0742 -0.7039 0.7064
vn 0.0000 -0.3804 0.9248
vn 0.0000 -0.0000 1.0000
vn -0.1045 -0.0000 0.9945
vn -0.0967 -0.3804 0.9198
vn -0.1045 -0.0000 0.9945
vn -0.0967 0.3804 0.9198
vn -0.1923 0.3804 0.9046
vn -0.2079 -0.0000 0.9781
vn -0.0967 0.3804 0.9198
vn -0.0742 0.7039 0.7064
vn -0.1477 0.7039 0.6948
vn -0.1923 0.3804 0.9046
vn -0.0742 0.7039 0.7064
vn -0.0406 0.9216 0.3861
vn -0.0807 0.9216 0.3797
vn -0.1477 0.7039 0.6948
vn -0.0406 0.9216 0.3861
vn -0.0007 1.0000 0.0065
vn -0.0014 1.0000 0.0064
vn -0.0807 0.9216 0.3797
vn -0.0007 1.0000 0.0065
vn 0.0394 0.9262 -0.3750
vn 0.0784 0.9262 -0.3689
vn -0.0014 1.0000 0.0064
vn 0.0394 0.9262 -0.3750
vn 0.0736 0.7104 -0.7000
vn 0.1463 0.7104 -0.6884
vn 0.0784 0.9262 -0.3689
vn 0.0736 0.7104 -0.7000
vn 0.0965 0.3850 -0.9179
vn 0.1919 0.3850 -0.9027
vn 0.1463 0.7104 -0.6884
vn 0.0965 0.3850 -0.9179
vn 0.1045 0.0000 -0.9945
vn 0.2079 0.0000 -0.9781
vn 0.1919 0.3850 -0.9027
vn 0.1045 0.0000 -0.9945
vn 0.0965 -0.3850 -0.9179
vn 0.1919 -0.3850 -0.9027
vn 0.2079 0.0000 -0.9781
vn 0.0965 -0.3850 -0.9179
vn 0.0736 -0.7104 -0.7000
vn 0.1463 -0.7104 -0.6884
vn 0.1919 -0.3850 -0.9027
vn 0.0736 -0.7104 -0.7000
vn 0.0394 -0.9262 -0.3750
vn 0.0784 -0.9262 -0.3689
vn 0.1463 -0.7104 -0.6884
vn 0.0394 -0.9262 -0.3750
vn -0.0007 -1.0000 0.0065
vn -0.0014 -1.0000 0.0064
vn 0.0784 -0.9262 -0.3689
vn -0.0007 -1.0000 0.0065
vn -0.0406 -0.9216 0.3861
vn -0.0807 -0.9216 0.3797
vn -0.0014 -1.0000 0.0064
vn -0.0406 -0.9216 0.3861
vn -0.0742 -0.7039 0.7064
vn -0.1477 -0.7039 0.6948
vn -0.0807 -0.9216 0.3797
vn -0.0742 -0.7039 0.7064
vn -0.0967 -0.3804 0.9198
vn -0.1923 -0.3804 0.9046
vn -0.1477 -0.7039 0.6948
vn -0.0967 -0.3804 0.9198
vn -0.1045 -0.0000 0.9945
vn -0.2079 -0.0000 0.9781
vn -0.1923 -0.3804 0.9046
vn -0.2079 -0.0000 0.9781
vn -0.1923 0.3804 0.9046
vn -0.2858 0.3804 0.8796
vn -0.3090 -0.0000 0.9511
vn -0.1923 0.3804 0.9046
vn -0.1477 0.7039 0.6948
vn -0.2195 0.7039 0.6756
vn -0.2858 0.3804 0.8796
vn -0.1477 0.7039 0.6948
vn -0.0807 0.9216 0.3797
vn -0.1200 0.9216 0.3692
vn -0.2195 0.7039 0.6756
vn -0.0807 0.9216 0.3797
vn -0.0014 1.0000 0.0064
vn -0.0020 1.0000 0.0062
vn -0.1200 0.9216 0.3692
vn -0.0014 1.0000 0.0064
vn 0.0784 0.9262 -0.3689
vn 0.1165 0.9262 -0.3586
vn -0.0020 1.0000 0.0062
vn 0.0784 0.9262 -0.3689
vn 0.1463 0.7104 -0.6884
vn 0.2175 0.7104 -0.6694
vn 0.1165 0.9262 -0.3586
vn 0.1463 0.7104 -0.6884
vn 0.1919 0.3850 -0.9027
vn 0.2852 0.3850 -0.8777
vn 0.2175 0.7104 -0.6694
vn 0.1919 0.3850 -0.9027
vn 0.2079 0.0000 -0.9781
vn 0.3090 0.0000 -0.9511
vn 0.2852 0.3850 -0.8777
vn 0.2079 0.0000 -0.9781
vn 0.1919 -0.3850 -0.9027
vn 0.2852 -0.3850 -0.8777
vn 0.3090 0.0000 -0.9511
vn 0.1919 -0.3850 -0.9027
vn 0.1463 -0.7104 -0.6884
vn 0.2175 -0.7104 -0.6694
vn 0.2852 -0.3850 -0.8777
vn 0.1463 -0.7104 -0.6884
vn 0.0784 -0.9262 -0.3689
vn 0.1165 -0.9262 -0.3586
vn 0.2175 -0.7104 -0.6694
vn 0.0784 -0.9262 -0.3689
vn -0.0014 -1.0000 0.0064
vn -0.0020 -1.0000 0.0062
vn 0.1165 -0.9262 -0.3586
vn -0.0014 -1.0000 0.0064
vn -0.0807 -0.9216 0.3797
vn -0.1200 -0.9216 0.3692
vn -0.0020 -1.0000 0.0062
vn -0.0807 -0.9216 0.3797
vn -0.1477 -0.7039 0.6948
vn -0.2195 -0.7039 0.6756
vn -0.1200 -0.9216 0.3692
vn -0.1477 -0.7039 0.6948
vn -0.1923 -0.3804 0.9046
vn -0.2858 -0.3804 0.8796
vn -0.2195 -0.7039 0.6756
vn -0.1923 -0.3804 0.9046
vn -0.2079 -0.0000 0.9781
vn -0.3090 -0.0000 0.9511
vn -0.2858 -0.3804 0.8796
vn -0.3090 -0.0000 0.9511
vn -0.2858 0.3804 0.8796
vn -0.3762 0.3804 0.8449
vn -0.4067 -0.0000 0.9135
vn -0.2858 0.3804 0.8796
vn -0.2195 0.7039 0.6756
vn -0.2889 0.7039 0.6489
vn -0.3762 0.3804 0.8449
vn -0.2195 0.7039 0.6756
vn -0.1200 0.9216 0.3692
vn -0.1579 0.9216 0.3546
vn -0.2889 0.7039 0.6489
vn -0.1200 0.9216 0.3692
vn -0.0020 1.0000 0.0062
vn -0.0026 1.0000 0.0059
vn -0.1579 0.9216 0.3546
vn -0.0020 1.0000 0.0062
vn 0.1165 0.9262 -0.3586
vn 0.1534 0.9262 -0.3445
vn -0.0026 1.0000 0.0059
vn 0.1165 0.9262 -0.3586
vn 0.2175 0.7104 -0.6694
vn 0.2863 0.7104 -0.6430
vn 0.1534 0.9262 -0.3445
vn 0.2175 0.7104 -0.6694
vn 0.2852 0.3850 -0.8777
vn 0.3754 0.3850 -0.8431
vn 0.2863 0.7104 -0.6430
vn 0.2852 0.3850 -0.8777
vn 0.3090 0.0000 -0.9511
vn 0.4067 0.0000 -0.9135
vn 0.3754 0.3850 -0.8431
vn 0.3090 0.0000 -0.9511
vn 0.2852 -0.3850 -0.8777
vn 0.3754 -0.3850 -0.8431
vn 0.4067 0.0000 -0.9135
vn 0.2852 -0.3850 -0.8777
vn 0.2175 -0.7104 -0.6694
vn 0.2863 -0.7104 -0.6430
vn 0.3754 -0.3850 -0.8431
vn 0.2175 -0.7104 -0.6694
vn 0.1165 -0.9262 -0.3586
vn 0.1534 -0.9262 -0.3445
vn 0.2863 -0.7104 -0.6430
vn 0.1165 -0.9262 -0.3586
vn -0.0020 -1.0000 0.0062
vn -0.0026 -1.0000 0.0059
vn 0.1534 -0.9262 -0.3445
vn -0.0020 -1.0000 0.0062
vn -0.1200 -0.9216 0.3692
vn -0.1579 -0.9216 0.3546
vn -0.0026 -1.0000 0.0059
vn -0.1200 -0.9216 0.3692
vn -0.2195 -0.7039 0.6756
vn -0.2889 -0.7039 0.6489
vn -0.1579 -0.9216 0.3546
vn -0.2195 -0.7039 0.6756
vn -0.2858 -0.3804 0.8796
vn -0.3762 -0.3804 0.8449
vn -0.2889 -0.7039 0.6489
vn -0.2858 -0.3804 0.8796
vn -0.3090 -0.0000 0.9511
vn -0.4067 -0.0000 0.9135
vn -0.3762 -0.3804 0.8449
vn -0.4067 -0.0000 0.9135
vn -0.3762 0.3804 0.8449
vn -0.4624 0.3804 0.8009
vn -0.5000 -0.0000 0.8660
vn -0.3762 0.3804 0.8449
vn -0.2889 0.7039 0.6489
vn -0.3552 0.7039 0.6152
vn -0.4624 0.3804 0.8009
vn -0.2889 0.7039 0.6489
vn -0.1579 0.9216 0.3546
vn -0.1941 0.9216 0.3362
vn -0.3552 0.7039 0.6152
vn -0.1579 0.9216 0.3546
vn -0.0026 1.0000 0.0059
vn -0.0033 1.0000 0.0056
vn -0.1941 0.9216 0.3362
vn -0.0026 1.0000 0.0059
vn 0.1534 0.9262 -0.3445
vn 0.1886 0.9262 -0.3266
vn -0.0033 1.0000 0.0056
vn 0.1534 0.9262 -0.3445
vn 0.2863 0.7104 -0.6430
vn 0.3519 0.7104 -0.6095
vn 0.1886 0.9262 -0.3266
vn 0.2863 0.7104 -0.6430
vn 0.3754 0.3850 -0.8431
vn 0.4615 0.3850 -0.7993
vn 0.3519 0.7104 -0.6095
vn 0.3754 0.3850 -0.8431
vn 0.4067 0.0000 -0.9135
vn 0.5000 -0.0000 -0.8660
vn 0.4615 0.3850 -0.7993
vn 0.4067 0.0000 -0.9135
vn 0.3754 -0.3850 -0.8431
vn 0.4615 -0.3850 -0.7993
vn 0.5000 -0.0000 -0.8660
vn 0.3754 -0.3850 -0.8431
vn 0.2863 -0.7104 -0.6430
vn 0.3519 -0.7104 -0.6095
vn 0.4615 -0.3850 -0.7993
vn 0.2863 -0.7104 -0.6430
vn 0.1534 -0.9262 -0.3445
vn 0.1886 -0.9262 -0.3266
vn 0.3519 -0.7104 -0.6095
vn 0.1534 -0.9262 -0.3445
vn -0.0026 -1.0000 0.0059
vn -0.0033 -1.0000 0.0056
vn 0.1886 -0.9262 -0.3266
vn -0.0026 -1.0000 0.0059
vn -0.1579 -0.9216 0.3546
vn -0.1941 -0.9216 0.3362
vn -0.0033 -1.0000 0.0056
vn -0.1579 -0.9216 0.3546
vn -0.2889 -0.7039 0.6489
vn -0.3552 -0.7039 0.6152
vn -0.1941 -0.9216 0.3362
vn -0.2889 -0.7039 0.6489
vn -0.3762 -0.3804 0.8449
vn -0.4624 -0.3804 0.8009
vn -0.3552 -0.7039 0.6152
vn -0.3762 -0.3804 0.8449
vn -0.4067 -0.0000 0.9135
vn -0.5000 -0.0000 0.8660
vn -0.4624 -0.3804 0.8009
vn -0.5000 -0.0000 0.8660
vn -0.4624 0.3804 0.8009
vn -0.5436 0.3804 0.7482
vn -0.5878 -0.0000 0.8090
vn -0.4624 0.3804 0.8009
vn -0.3552 0.7039 0.6152
vn -0.4175 0.7039 0.5747
vn -0.5436 0.3804 0.7482
vn -0.3552 0.7039 0.6152
vn -0.1941 0.9216 0.3362
vn -0.2282 0.9216 0.3141
vn -0.4175 0.7039 0.5747
vn -0.1941 0.9216 0.3362
vn -0.0033 1.0000 0.0056
vn -0.0038 1.0000 0.0053
vn -0.2282 0.9216 0.3141
vn -0.0033 1.0000 0.0056
vn 0.1886 0.9262 -0.3266
vn 0.2217 0.9262 -0.3051
vn -0.0038 1.0000 0.0053
vn 0.1886 0.9262 -0.3266
vn 0.3519 0.7104 -0.6095
vn 0.4137 0.7104 -0.5694
vn 0.2217 0.9262 -0.3051
vn 0.3519 0.7104 -0.6095
vn 0.4615 0.3850 -0.7993
vn 0.5425 0.3850 -0.7467
vn 0.4137 0.7104 -0.5694
vn 0.4615 0.3850 -0.7993
vn 0.5000 -0.0000 -0.8660
vn 0.5878 -0.0000 -0.8090
vn 0.5425 0.3850 -0.7467
vn 0.5000 -0.0000 -0.8660
vn 0.4615 -0.3850 -0.7993
vn 0.5425 -0.3850 -0.7467
vn 0.5878 -0.0000 -0.8090
vn 0.4615 -0.3850 -0.7993
vn 0.3519 -0.7104 -0.6095
vn 0.4137 -0.7104 -0.5694
vn 0.5425 -0.3850 -0.7467
vn 0.3519 -0.7104 -0.6095
vn 0.1886 -0.9262 -0.3266
vn 0.2217 -0.9262 -0.3051
vn 0.4137 -0.7104 -0.5694
vn 0.1886 -0.9262 -0.3266
vn -0.0033 -1.0000 0.0056
vn -0.0038 -1.0000 0.0053
vn 0.2217 -0.9262 -0.3051
vn -0.0033 -1.0000 0.0056
vn -0.1941 -0.9216 0.3362
vn -0.2282 -0.9216 0.3141
vn -0.0038 -1.0000 0.0053
vn -0.1941 -0.9216 0.3362
vn -0.3552 -0.7039 0.6152
vn -0.4175 -0.7039 0.5747
vn -0.2282 -0.9216 0.3141
vn -0.3552 -0.7039 0.6152
vn -0.4624 -0.3804 0.8009
vn -0.5436 -0.3804 0.7482
vn -0.4175 -0.7039 0.5747
vn -0.4624 -0.3804 0.8009
vn -0.5000 -0.0000 0.8660
vn -0.5878 -0.0000 0.8090
vn -0.5436 -0.3804 0.7482
vn -0.5878 -0.0000 0.8090
vn -0.5436 0.3804 0.7482
vn -0.6188 0.3804 0.6873
vn -0.6691 -0.0000 0.7431
vn -0.5436 0.3804 0.7482
vn -0.4175 0.7039 0.5747
vn -0.4753 0.7039 0.5279
vn -0.6188 0.3804 0.6873
vn -0.4175 0.7039 0.5747
vn -0.2282 0.9216 0.3141
vn -0.2598 0.9216 0.2885
vn -0.4753 0.7039 0.5279
vn -0.2282 0.9216 0.3141
vn -0.0038 1.0000 0.0053
vn -0.0044 1.0000 0.0048
vn -0.2598 0.9216 0.2885
vn -0.0038 1.0000 0.0053
vn 0.2217 0.9262 -0.3051
vn 0.2523 0.9262 -0.2802
vn -0.0044 1.0000 0.0048
vn 0.2217 0.9262 -0.3051
vn 0.4137 0.7104 -0.5694
vn 0.4710 0.7104 -0.5230
vn 0.2523 0.9262 -0.2802
vn 0.4137 0.7104 -0.5694
vn 0.5425 0.3850 -0.7467
vn 0.6176 0.3850 -0.6859
vn 0.4710 0.7104 -0.5230
vn 0.5425 0.3850 -0.7467
vn 0.5878 -0.0000 -0.8090
vn 0.6691 0.0000 -0.7431
vn 0.6176 0.3850 -0.6859
vn 0.5878 -0.0000 -0.8090
vn 0.5425 -0.3850 -0.7467
vn 0.6176 -0.3850 -0.6859
vn 0.6691 0.0000 -0.7431
vn 0.5425 -0.3850 -0.7467
vn 0.4137 -0.7104 -0.5694
vn 0.4710 -0.7104 -0.5230
vn 0.6176 -0.3850 -0.6859
vn 0.4137 -0.7104 -0.5694
vn 0.2217 -0.9262 -0.3051
vn 0.2523 -0.9262 -0.2802
vn 0.4710 -0.7104 -0.5230
vn 0.2217 -0.9262 -0.3051
vn -0.0038 -1.0000 0.0053
vn -0.0044 -1.0000 0.0048
vn 0.2523 -0.9262 -0.2802
vn -0.0038 -1.0000 0.0053
vn -0.2282 -0.9216 0.3141
vn -0.2598 -0.9216 0.2885
vn -0.0044 -1.0000 0.0048
vn -0.2282 -0.9216 0.3141
vn -0.4175 -0.7039 0.5747
vn -0.4753 -0.7039 0.5279
vn -0.2598 -0.9216 0.2885
vn -0.4175 -0.7039 0.5747
vn -0.5436 -0.3804 0.7482
vn -0.6188 -0.3804 0.6873
vn -0.4753 -0.7039 0.5279
vn -0.5436 -0.3804 0.7482
vn -0.5878 -0.0000 0.8090
vn -0.6691 -0.0000 0.7431
vn -0.6188 -0.3804 0.6873
vn -0.6691 -0.0000 0.7431
vn -0.6188 0.3804 0.6873
vn -0.6873 0.3804 0.6188
vn -0.7431 -0.0000 0.6691
vn -0.6188 0.3804 0.6873
vn -0.4753 0.7039 0.5279
vn -0.5279 0.7039 0.4753
vn -0.6873 0.3804 0.6188
vn -0.4753 0.7039 0.5279
vn -0.2598 0.9216 0.2885
vn -0.2885 0.9216 0.2598
vn -0.5279 0.7039 0.4753
vn -0.2598 0.9216 0.2885
vn -0.0044 1.0000 0.0048
vn -0.0048 1.0000 0.0044
vn -0.2885 0.9216 0.2598
vn -0.0044 1.0000 0.0048
vn 0.2523 0.9262 -0.2802
vn 0.2802 0.9262 -0.2523
vn -0.0048 1.0000 0.0044
vn 0.2523 0.9262 -0.2802
vn 0.4710 0.7104 -0.5230
vn 0.5230 0.7104 -0.4710
vn 0.2802 0.9262 -0.2523
vn 0.4710 0.7104 -0.5230
vn 0.6176 0.3850 -0.6859
vn 0.6859 0.3850 -0.6176
vn 0.5230 0.7104 -0.4710
vn 0.6176 0.3850 -0.6859
vn 0.6691 0.0000 -0.7431
vn 0.7431 -0.0000 -0.6691
vn 0.6859 0.3850 -0.6176
vn 0.6691 0.0000 -0.7431
vn 0.6176 -0.3850 -0.6859
vn 0.6859 -0.3850 -0.6176
vn 0.7431 -0.0000 -0.6691
vn 0.6176 -0.3850 -0.6859
vn 0.4710 -0.7104 -0.5230
vn 0.5230 -0.7104 -0.4710
vn 0.6859 -0.3850 -0.6176
vn 0.4710 -0.7104 -0.5230
vn 0.2523 -0.9262 -0.2802
vn 0.2802 -0.9262 -0.2523
vn 0.5230 -0.7104 -0.4710
vn 0.2523 -0.9262 -0.2802
vn -0.0044 -1.0000 0.0048
vn -0.0048 -1.0000 0.0044
vn 0.2802 -0.9262 -0.2523
vn -0.0044 -1.0000 0.0048
vn -0.2598 -0.9216 0.2885
vn -0.2885 -0.9216 0.2598
vn -0.0048 -1.0000 0.0044
vn -0.2598 -0.9216 0.2885
vn -0.4753 -0.7039 0.5279
vn -0.5279 -0.7039 0.4753
vn -0.2885 -0.9216 0.2598
vn -0.4753 -0.7039 0.5279
vn -0.6188 -0.3804 0.6873
vn -0.6873 -0.3804 0.6188
vn -0.5279 -0.7039 0.4753
vn -0.6188 -0.3804 0.6873
vn -0.6691 -0.0000 0.7431
vn -0.7431 -0.0000 0.6691
vn -0.6873 -0.3804 0.6188
vn -0.7431 -0.0000 0.6691
vn -0.6873 0.3804 0.6188
vn -0.7482 0.3804 0.5436
vn -0.8090 -0.0000 0.5878
vn -0.6873 0.3804 0.6188
vn -0.5279 0.7039 0.4753
vn -0.5747 0.7039 0.4175
vn -0.7482 0.3804 0.5436
vn -0.5279 0.7039 0.4753
vn -0.2885 0.9216 0.2598
vn -0.3141 0.9216 0.2282
vn -0.5747 0.7039 0.4175
vn -0.2885 0.9216 0.2598
vn -0.0048 1.0000 0.0044
vn -0.0053 1.0000 0.0038
vn -0.3141 0.9216 0.2282
vn -0.0048 1.0000 0.0044
vn 0.2802 0.9262 -0.2523
vn 0.3051 0.9262 -0.2217
vn -0.0053 1.0000 0.0038
vn 0.2802 0.9262 -0.2523
vn 0.5230 0.7104 -0.4710
vn 0.5694 0.7104 -0.4137
vn 0.3051 0.9262 -0.2217
vn 0.5230 0.7104 -0.4710
vn 0.6859 0.3850 -0.6176
vn 0.7467 0.3850 -0.5425
vn 0.5694 0.7104 -0.4137
vn 0.6859 0.3850 -0.6176
vn 0.7431 -0.0000 -0.6691
vn 0.8090 0.0000 -0.5878
vn 0.7467 0.3850 -0.5425
vn 0.7431 -0.0000 -0.6691
vn 0.6859 -0.3850 -0.6176
vn 0.7467 -0.3850 -0.5425
vn 0.8090 0.0000 -0.5878
vn 0.6859 -0.3850 -0.6176
vn 0.5230 -0.7104 -0.4710
vn 0.5694 -0.7104 -0.4137
vn 0.7467 -0.3850 -0.5425
vn 0.5230 -0.7104 -0.4710
vn 0.2802 -0.9262 -0.2523
vn 0.3051 -0.9262 -0.2217
vn 0.5694 -0.7104 -0.4137
vn 0.2802 -0.9262 -0.2523
vn -0.0048 -1.0000 0.0044
vn -0.0053 -1.0000 0.0038
vn 0.3051 -0.9262 -0.2217
vn -0.0048 -1.0000 0.0044
vn -0.2885 -0.9216 0.2598
vn -0.3141 -0.9216 0.2282
vn -0.0053 -1.0000 0.0038
vn -0.2885 -0.9216 0.2598
vn -0.5279 -0.7039 0.4753
vn -0.5747 -0.7039 0.4175
vn -0.3141 -0.9216 0.2282
vn -0.5279 -0.7039 0.4753
vn -0.6873 -0.3804 0.6188
vn -0.7482 -0.3804 0.5436
vn -0.5747 -0.7039 0.4175
vn -0.6873 -0.3804 0.6188
vn -0.7431 -0.0000 0.6691
vn -0.8090 -0.0000 0.5878
vn -0.7482 -0.3804 0.5436
vn -0.8090 -0.0000 0.5878
vn -0.7482 0.3804 0.5436
vn -0.8009 0.3804 0.4624
vn -0.8660 -0.0000 0.5000
vn -0.7482 0.3804 0.5436
vn -0.5747 0.7039 0.4175
vn -0.6152 0.7039 0.3552
vn -0.8009 0.3804 0.4624
vn -0.5747 0.7039 0.4175
vn -0.3141 0.9216 0.2282
vn -0.3362 0.9216 0.1941
vn -0.6152 0.7039 0.3552
vn -0.3141 0.9216 0.2282
vn -0.0053 1.0000 0.0038
vn -0.0056 1.0000 0.0033
vn -0.3362 0.9216 0.1941
vn -0.0053 1.0000 0.0038
vn 0.3051 0.9262 -0.2217
vn 0.3266 0.9262 -0.1886
vn -0.0056 1.0000 0.0033
vn 0.3051 0.9262 -0.2217
vn 0.5694 0.7104 -0.4137
vn 0.6095 0.7104 -0.3519
vn 0.3266 0.9262 -0.1886
vn 0.5694 0.7104 -0.4137
vn 0.7467 0.3850 -0.5425
vn 0.7993 0.3850 -0.4615
vn 0.6095 0.7104 -0.3519
vn 0.7467 0.3850 -0.5425
vn 0.8090 0.0000 -0.5878
vn 0.8660 0.0000 -0.5000
vn 0.7993 0.3850 -0.4615
vn 0.8090 0.0000 -0.5878
vn 0.7467 -0.3850 -0.5425
vn 0.7993 -0.3850 -0.4615
vn 0.8660 0.0000 -0.5000
vn 0.7467 -0.3850 -0.5425
vn 0.5694 -0.7104 -0.4137
vn 0.6095 -0.7104 -0.3519
vn 0.7993 -0.3850 -0.4615
vn 0.5694 -0.7104 -0.4137
vn 0.3051 -0.9262 -0.2217
vn 0.3266 -0.9262 -0.1886
vn 0.6095 -0.7104 -0.3519
vn 0.3051 -0.9262 -0.2217
vn -0.0053 -1.0000 0.0038
vn -0.0056 -1.0000 0.0033
vn 0.3266 -0.9262 -0.1886
vn -0.0053 -1.0000 0.0038
vn -0.3141 -0.9216 0.2282
vn -0.3362 -0.9216 0.1941
vn -0.0056 -1.0000 0.0033
vn -0.3141 -0.9216 0.2282
vn -0.5747 -0.7039 0.4175
vn -0.6152 -0.7039 0.3552
vn -0.3362 -0.9216 0.1941
vn -0.5747 -0.7039 0.4175
vn -0.7482 -0.3804 0.5436
vn -0.8009 -0.3804 0.4624
vn -0.6152 -0.7039 0.3552
vn -0.7482 -0.3804 0.5436
vn -0.8090 -0.0000 0.5878
vn -0.8660 -0.0000 0.5000
vn -0.8009 -0.3804 0.4624
vn -0.8660 -0.0000 0.5000
vn -0.8009 0.3804 0.4624
vn -0.8449 0.3804 0.3762
vn -0.9135 -0.0000 0.4067
vn -0.8009 0.3804 0.4624
vn -0.6152 0.7039 0.3552
vn -0.6489 0.7039 0.2889
vn -0.8449 0.3804 0.3762
vn -0.6152 0.7039 0.3552
vn -0.3362 0.9216 0.1941
vn -0.3546 0.9216 0.1579
vn -0.6489 0.7039 0.2889
vn -0.3362 0.9216 0.1941
vn -0.0056 1.0000 0.0033
vn -0.0059 1.0000 0.0026
vn -0.3546 0.9216 0.1579
vn -0.0056 1.0000 0.0033
vn 0.3266 0.9262 -0.1886
vn 0.3445 0.9262 -0.1534
vn -0.0059 1.0000 0.0026
vn 0.3266 0.9262 -0.1886
vn 0.6095 0.7104 -0.3519
vn 0.6430 0.7104 -0.2863
vn 0.3445 0.9262 -0.1534
vn 0.6095 0.7104 -0.3519
vn 0.7993 0.3850 -0.4615
vn 0.8431 0.3850 -0.3754
vn 0.6430 0.7104 -0.2863
vn 0.7993 0.3850 -0.4615
vn 0.8660 0.0000 -0.5000
vn 0.9135 -0.0000 -0.4067
vn 0.8431 0.3850 -0.3754
vn 0.8660 0.0000 -0.5000
vn 0.7993 -0.3850 -0.4615
vn 0.8431 -0.3850 -0.3754
vn 0.9135 -0.0000 -0.4067
vn 0.7993 -0.3850 -0.4615
vn 0.6095 -0.7104 -0.3519
vn 0.6430 -0.7104 -0.2863
vn 0.8431 -0.3850 -0.3754
vn 0.6095 -0.7104 -0.3519
vn 0.3266 -0.9262 -0.1886
vn 0.3445 -0.9262 -0.1534
vn 0.6430 -0.7104 -0.2863
vn 0.3266 -0.9262 -0.1886
vn -0.0056 -1.0000 0.0033
vn -0.0059 -1.0000 0.0026
vn 0.3445 -0.9262 -0.1534
vn -0.0056 -1.0000 0.0033
vn -0.3362 -0.9216 0.1941
vn -0.3546 -0.9216 0.1579
vn -0.0059 -1.0000 0.0026
vn -0.3362 -0.9216 0.1941
vn -0.6152 -0.7039 0.3552
vn -0.6489 -0.7039 0.2889
vn -0.3546 -0.9216 0.1579
vn -0.6152 -0.7039 0.3552
vn -0.8009 -0.3804 0.4624
vn -0.8449 -0.3804 0.3762
vn -0.6489 -0.7039 0.2889
vn -0.8009 -0.3804 0.4624
vn -0.8660 -0.0000 0.5000
vn -0.9135 -0.0000 0.4067
vn -0.8449 -0.3804 0.3762
vn -0.9135 -0.0000 0.4067
vn -0.8449 0.3804 0.3762
vn -0.8796 0.3804 0.2858
vn -0.9511 -0.0000 0.3090
vn -0.8449 0.3804 0.3762
vn -0.6489 0.7039 0.2889
vn -0.6756 0.7039 0.2195
vn -0.8796 0.3804 0.2858
vn -0.6489 0.7039 0.2889
vn -0.3546 0.9216 0.1579
vn -0.3692 0.9216 0.1200
vn -0.6756 0.7039 0.2195
vn -0.3546 0.9216 0.1579
vn -0.0059 1.0000 0.0026
vn -0.0062 1.0000 0.0020
vn -0.3692 0.9216 0.1200
vn -0.0059 1.0000 0.0026
vn 0.3445 0.9262 -0.1534
vn 0.3586 0.9262 -0.1165
vn -0.0062 1.0000 0.0020
vn 0.3445 0.9262 -0.1534
vn 0.6430 0.7104 -0.2863
vn 0.6694 0.7104 -0.2175
vn 0.3586 0.9262 -0.1165
vn 0.6430 0.7104 -0.2863
vn 0.8431 0.3850 -0.3754
vn 0.8777 0.3850 -0.2852
vn 0.6694 0.7104 -0.2175
vn 0.8431 0.3850 -0.3754
vn 0.9135 -0.0000 -0.4067
vn 0.9511 -0.0000 -0.3090
vn 0.8777 0.3850 -0.2852
vn 0.9135 -0.0000 -0.4067
vn 0.8431 -0.3850 -0.3754
vn 0.8777 -0.3850 -0.2852
vn 0.9511 -0.0000 -0.3090
vn 0.8431 -0.3850 -0.3754
vn 0.6430 -0.7104 -0.2863
vn 0.6694 -0.7104 -0.2175
vn 0.8777 -0.3850 -0.2852
vn 0.6430 -0.7104 -0.2863
vn 0.3445 -0.9262 -0.1534
vn 0.3586 -0.9262 -0.1165
vn 0.6694 -0.7104 -0.2175
vn 0.3445 -0.9262 -0.1534
vn -0.0059 -1.0000 0.0026
vn -0.0062 -1.0000 0.0020
vn 0.3586 -0.9262 -0.1165
vn -0.0059 -1.0000 0.0026
vn -0.3546 -0.9216 0.1579
vn -0.3692 -0.9216 0.1200
vn -0.0062 -1.0000 0.0020
vn -0.3546 -0.9216 0.1579
vn -0.6489 -0.7039 0.2889
vn -0.6756 -0.7039 0.2195
vn -0.3692 -0.9216 0.1200
vn -0.6489 -0.7039 0.2889
vn -0.8449 -0.3804 0.3762
vn -0.8796 -0.3804 0.2858
vn -0.6756 -0.7039 0.2195
vn -0.8449 -0.3804 0.3762
vn -0.9135 -0.0000 0.4067
vn -0.9511 -0.0000 0.3090
vn -0.8796 -0.3804 0.2858
vn -0.9511 -0.0000 0.3090
vn -0.8796 0.3804 0.2858
vn -0.9046 0.3804 0.1923
vn -0.9781 -0.0000 0.2079
vn -0.8796 0.3804 0.2858
vn -0.6756 0.7039 0.2195
vn -0.6948 0.7039 0.1477
vn -0.9046 0.3804 0.1923
vn -0.6756 0.7039 0.2195
vn -0.3692 0.9216 0.1200
vn -0.3797 0.9216 0.0807
vn -0.6948 0.7039 0.1477
vn -0.3692 0.9216 0.1200
vn -0.0062 1.0000 0.0020
vn -0.0064 1.0000 0.0014
vn -0.3797 0.9216 0.0807
vn -0.0062 1.0000 0.0020
vn 0.3586 0.9262 -0.1165
vn 0.3689 0.9262 -0.0784
vn -0.0064 1.0000 0.0014
vn 0.3586 0.9262 -0.1165
vn 0.6694 0.7104 -0.2175
vn 0.6884 0.7104 -0.1463
vn 0.3689 0.9262 -0.0784
vn 0.6694 0.7104 -0.2175
vn 0.8777 0.3850 -0.2852
vn 0.9027 0.3850 -0.1919
vn 0.6884 0.7104 -0.1463
vn 0.8777 0.3850 -0.2852
vn 0.9511 -0.0000 -0.3090
vn 0.9781 0.0000 -0.2079
vn 0.9027 0.3850 -0.1919
vn 0.9511 -0.0000 -0.3090
vn 0.8777 -0.3850 -0.2852
vn 0.9027 -0.3850 -0.1919
vn 0.9781 0.0000 -0.2079
vn 0.8777 -0.3850 -0.2852
vn 0.6694 -0.7104 -0.2175
vn 0.6884 -0.7104 -0.1463
vn 0.9027 -0.3850 -0.1919
vn 0.6694 -0.7104 -0.2175
vn 0.3586 -0.9262 -0.1165
vn 0.3689 -0.9262 -0.0784
vn 0.6884 -0.7104 -0.1463
vn 0.3586 -0.9262 -0.1165
vn -0.0062 -1.0000 0.0020
vn -0.0064 -1.0000 0.0014
vn 0.3689 -0.9262 -0.0784
vn -0.0062 -1.0000 0.0020
vn -0.3692 -0.9216 0.1200
vn -0.3797 -0.9216 0.0807
vn -0.0064 -1.0000 0.0014
vn -0.3692 -0.9216 0.1200
vn -0.6756 -0.7039 0.2195
vn -0.6948 -0.7039 0.1477
vn -0.3797 -0.9216 0.0807
vn -0.6756 -0.7039 0.2195
vn -0.8796 -0.3804 0.2858
vn -0.9046 -0.3804 0.1923
vn -0.6948 -0.7039 0.1477
vn -0.8796 -0.3804 0.2858
vn -0.9511 -0.0000 0.3090
vn -0.9781 -0.0000 0.2079
vn -0.9046 -0.3804 0.1923
vn -0.9781 -0.0000 0.2079
vn -0.9046 0.3804 0.1923
vn -0.9198 0.3804 0.0967
vn -0.9945 -0.0000 0.1045
vn -0.9046 0.3804 0.1923
vn -0.6948 0.7039 0.1477
vn -0.7064 0.7039 0.0743
vn -0.9198 0.3804 0.0967
vn -0.6948 0.7039 0.1477
vn -0.3797 0.9216 0.0807
vn -0.3861 0.9216 0.0406
vn -0.7064 0.7039 0.0743
vn -0.3797 0.9216 0.0807
vn -0.0064 1.0000 0.0014
vn -0.0065 1.0000 0.0007
vn -0.3861 0.9216 0.0406
vn -0.0064 1.0000 0.0014
vn 0.3689 0.9262 -0.0784
vn 0.3750 0.9262 -0.0394
vn -0.0065 1.0000 0.0007
vn 0.3689 0.9262 -0.0784
vn 0.6884 0.7104 -0.1463
vn 0.7000 0.7104 -0.0736
vn 0.3750 0.9262 -0.0394
vn 0.6884 0.7104 -0.1463
vn 0.9027 0.3850 -0.1919
vn 0.9179 0.3850 -0.0965
vn 0.7000 0.7104 -0.0736
vn 0.9027 0.3850 -0.1919
vn 0.9781 0.0000 -0.2079
vn 0.9945 -0.0000 -0.1045
vn 0.9179 0.3850 -0.0965
vn 0.9781 0.0000 -0.2079
vn 0.9027 -0.3850 -0.1919
vn 0.9179 -0.3850 -0.0965
vn 0.9945 -0.0000 -0.1045
vn 0.9027 -0.3850 -0.1919
vn 0.6884 -0.7104 -0.1463
vn 0.7000 -0.7104 -0.0736
vn 0.9179 -0.3850 -0.0965
vn 0.6884 -0.7104 -0.1463
vn 0.3689 -0.9262 -0.0784
vn 0.3750 -0.9262 -0.0394
vn 0.7000 -0.7104 -0.0736
vn 0.3689 -0.9262 -0.0784
vn -0.0064 -1.0000 0.0014
vn -0.0065 -1.0000 0.0007
vn 0.3750 -0.9262 -0.0394
vn -0.0064 -1.0000 0.0014
vn -0.3797 -0.9216 0.0807
vn -0.3861 -0.9216 0.0406
vn -0.0065 -1.0000 0.0007
vn -0.3797 -0.9216 0.0807
vn -0.6948 -0.7039 0.1477
vn -0.7064 -0.7039 0.0743
vn -0.3861 -0.9216 0.0406
vn -0.6948 -0.7039 0.1477
vn -0.9046 -0.3804 0.1923
vn -0.9198 -0.3804 0.0967
vn -0.7064 -0.7039 0.0743
vn -0.9046 -0.3804 0.1923
vn -0.9781 -0.0000 0.2079
vn -0.9945 -0.0000 0.1045
vn -0.9198 -0.3804 0.0967
vn -0.9945 -0.0000 0.1045
vn -0.9198 0.3804 0.0967
vn -0.9248 0.3804 0.0000
vn -1.0000 -0.0000 0.0000
vn -0.9198 0.3804 0.0967
vn -0.7064 0.7039 0.0743
vn -0.7103 0.7039 0.0000
vn -0.9248 0.3804 0.0000
vn -0.7064 0.7039 0.0743
vn -0.3861 0.9216 0.0406
vn -0.3882 0.9216 0.0000
vn -0.7103 0.7039 0.0000
vn -0.3861 0.9216 0.0406
vn -0.0065 1.0000 0.0007
vn -0.0065 1.0000 0.0000
vn -0.3882 0.9216 0.0000
vn -0.0065 1.0000 0.0007
vn 0.3750 0.9262 -0.0394
vn 0.3771 0.9262 -0.0000
vn -0.0065 1.0000 0.0000
vn 0.3750 0.9262 -0.0394
vn 0.7000 0.7104 -0.0736
vn 0.7038 0.7104 -0.0000
vn 0.3771 0.9262 -0.0000
vn 0.7000 0.7104 -0.0736
vn 0.9179 0.3850 -0.0965
vn 0.9229 0.3850 -0.0000
vn 0.7038 0.7104 -0.0000
vn 0.9179 0.3850 -0.0965
vn 0.9945 -0.0000 -0.1045
vn 1.0000 0.0000 -0.0000
vn 0.9229 0.3850 -0.0000
vn 0.9945 -0.0000 -0.1045
vn 0.9179 -0.3850 -0.0965
vn 0.9229 -0.3850 -0.0000
vn 1.0000 0.0000 -0.0000
vn 0.9179 -0.3850 -0.0965
vn 0.7000 -0.7104 -0.0736
vn 0.7038 -0.7104 -0.0000
vn 0.9229 -0.3850 -0.0000
vn 0.7000 -0.7104 -0.0736
vn 0.3750 -0.9262 -0.0394
vn 0.3771 -0.9262 -0.0000
vn 0.7038 -0.7104 -0.0000
vn 0.3750 -0.9262 -0.0394
vn -0.0065 -1.0000 0.0007
vn -0.0065 -1.0000 0.0000
vn 0.3771 -0.9262 -0.0000
vn -0.0065 -1.0000 0.0007
vn -0.3861 -0.9216 0.0406
vn -0.3882 -0.9216 0.0000
vn -0.0065 -1.0000 0.0000
vn -0.3861 -0.9216 0.0406
vn -0.7064 -0.7039 0.0743
vn -0.7103 -0.7039 0.0000
vn -0.3882 -0.9216 0.0000
vn -0.7064 -0.7039 0.0743
vn -0.9198 -0.3804 0.0967
vn -0.9248 -0.3804 0.0000
vn -0.7103 -0.7039 0.0000
vn -0.9198 -0.3804 0.0967
vn -0.9945 -0.0000 0.1045
vn -1.0000 -0.0000 0.0000
vn -0.9248 -0.3804 0.0000
vn -1.0000 -0.0000 0.0000
vn -0.9248 0.3804 0.0000
vn -0.9198 0.3804 -0.0967
vn -0.9945 -0.0000 -0.1045
vn -0.9248 0.3804 0.0000
vn -0.7103 0.7039 0.0000
vn -0.7064 0.7039 -0.0742
vn -0.9198 0.3804 -0.0967
vn -0.7103 0.7039 0.0000
vn -0.3882 0.9216 0.0000
vn -0.3861 0.9216 -0.0406
vn -0.7064 0.7039 -0.0742
vn -0.3882 0.9216 0.0000
vn -0.0065 1.0000 0.0000
vn -0.0065 1.0000 -0.0007
vn -0.3861 0.9216 -0.0406
vn -0.0065 1.0000 0.0000
vn 0.3771 0.9262 -0.0000
vn 0.3750 0.9262 0.0394
vn -0.0065 1.0000 -0.0007
vn 0.3771 0.9262 -0.0000
vn 0.7038 0.7104 -0.0000
vn 0.7000 0.7104 0.0736
vn 0.3750 0.9262 0.0394
vn 0.7038 0.7104 -0.0000
vn 0.9229 0.3850 -0.0000
vn 0.9179 0.3850 0.0965
vn 0.7000 0.7104 0.0736
vn 0.9229 0.3850 -0.0000
vn 1.0000 0.0000 -0.0000
vn 0.9945 0.0000 0.1045
vn 0.9179 0.3850 0.0965
vn 1.0000 0.0000 -0.0000
vn 0.9229 -0.3850 -0.0000
vn 0.9179 -0.3850 0.0965
vn 0.9945 0.0000 0.1045
vn 0.9229 -0.3850 -0.0000
vn 0.7038 -0.7104 -0.0000
vn 0.7000 -0.7104 0.0736
vn 0.9179 -0.3850 0.0965
vn 0.7038 -0.7104 -0.0000
vn 0.3771 -0.9262 -0.0000
vn 0.3750 -0.9262 0.0394
vn 0.7000 -0.7104 0.0736
vn 0.3771 -0.9262 -0.0000
vn -0.0065 -1.0000 0.0000
vn -0.0065 -1.0000 -0.0007
vn 0.3750 -0.9262 0.0394
vn -0.0065 -1.0000 0.0000
vn -0.3882 -0.9216 0.0000
vn -0.3861 -0.9216 -0.0406
vn -0.0065 -1.0000 -0.0007
vn -0.3882 -0.9216 0.0000
vn -0.7103 -0.7039 0.0000
vn -0.7064 -0.7039 -0.0742
vn -0.3861 -0.9216 -0.0406
vn -0.7103 -0.7039 0.0000
vn -0.9248 -0.3804 0.0000
vn -0.9198 -0.3804 -0.0967
vn -0.7064 -0.7039 -0.0742
vn -0.9248 -0.3804 0.0000
vn -1.0000 -0.0000 0.0000
vn -0.9945 -0.0000 -0.1045
vn -0.9198 -0.3804 -0.0967
vn -0.9945 -0.0000 -0.1045
vn -0.9198 0.3804 -0.0967
vn -0.9046 0.3804 -0.1923
vn -0.9781 -0.0000 -0.2079
vn -0.9198 0.3804 -0.0967
vn -0.7064 0.7039 -0.0742
vn -0.6948 0.7039 -0.1477
vn -0.9046 0.3804 -0.1923
vn -0.7064 0.7039 -0.0742
vn -0.3861 0.9216 -0.0406
vn -0.3797 0.9216 -0.0807
vn -0.6948 0.7039 -0.1477
vn -0.3861 0.9216 -0.0406
vn -0.0065 1.0000 -0.0007
vn -0.0064 1.0000 -0.0014
vn -0.3797 0.9216 -0.0807
vn -0.0065 1.0000 -0.0007
vn 0.3750 0.9262 0.0394
vn 0.3689 0.9262 0.0784
vn -0.0064 1.0000 -0.0014
vn 0.3750 0.9262 0.0394
vn 0.7000 0.7104 0.0736
vn 0.6884 0.7104 0.1463
vn 0.3689 0.9262 0.0784
vn 0.7000 0.7104 0.0736
vn 0.9179 0.3850 0.0965
vn 0.9027 0.3850 0.1919
vn 0.6884 0.7104 0.1463
vn 0.9179 0.3850 0.0965
vn 0.9945 0.0000 0.1045
vn 0.9781 0.0000 0.2079
vn 0.9027 0.3850 0.1919
vn 0.9945 0.0000 0.1045
vn 0.9179 -0.3850 0.0965
vn 0.9027 -0.3850 0.1919
vn 0.9781 0.0000 0.2079
vn 0.9179 -0.3850 0.0965
vn 0.7000 -0.7104 0.0736
vn 0.6884 -0.7104 0.1463
vn 0.9027 -0.3850 0.1919
vn 0.7000 -0.7104 0.0736
vn 0.3750 -0.9262 0.0394
vn 0.3689 -0.9262 0.0784
vn 0.6884 -0.7104 0.1463
vn 0.3750 -0.9262 0.0394
vn -0.0065 -1.0000 -0.0007
vn -0.0064 -1.0000 -0.0014
vn 0.3689 -0.9262 0.0784
vn -0.0065 -1.0000 -0.0007
vn -0.3861 -0.9216 -0.0406
vn -0.3797 -0.9216 -0.0807
vn -0.0064 -1.0000 -0.0014
vn -0.3861 -0.9216 -0.0406
vn -0.7064 -0.7039 -0.0742
vn -0.6948 -0.7039 -0.1477
vn -0.3797 -0.9216 -0.0807
vn -0.7064 -0.7039 -0.0742
vn -0.9198 -0.3804 -0.0967
vn -0.9046 -0.3804 -0.1923
vn -0.6948 -0.7039 -0.1477
vn -0.9198 -0.3804 -0.0967
vn -0.9945 -0.0000 -0.1045
vn -0.9781 -0.0000 -0.2079
vn -0.9046 -0.3804 -0.1923
vn -0.9781 -0.0000 -0.2079
vn -0.9046 0.3804 -0.1923
vn -0.8796 0.3804 -0.2858
vn -0.9511 -0.0000 -0.3090
vn -0.9046 0.3804 -0.1923
vn -0.6948 0.7039 -0.1477
vn -0.6756 0.7039 -0.2195
vn -0.8796 0.3804 -0.2858
vn -0.6948 0.7039 -0.1477
vn -0.3797 0.9216 -0.0807
vn -0.3692 0.9216 -0.1200
vn -0.6756 0.7039 -0.2195
vn -0.3797 0.9216 -0.0807
vn -0.0064 1.0000 -0.0014
vn -0.0062 1.0000 -0.0020
vn -0.3692 0.9216 -0.1200
vn -0.0064 1.0000 -0.0014
vn 0.3689 0.9262 0.0784
vn 0.3586 0.9262 0.1165
vn -0.0062 1.0000 -0.0020
vn 0.3689 0.9262 0.0784
vn 0.6884 0.7104 0.1463
vn 0.6694 0.7104 0.2175
vn 0.3586 0.9262 0.1165
vn 0.6884 0.7104 0.1463
vn 0.9027 0.3850 0.1919
vn 0.8777 0.3850 0.2852
vn 0.6694 0.7104 0.2175
vn 0.9027 0.3850 0.1919
vn 0.9781 0.0000 0.2079
vn 0.9511 0.0000 0.3090
vn 0.8777 0.3850 0.2852
vn 0.9781 0.0000 0.2079
vn 0.9027 -0.3850 0.1919
vn 0.8777 -0.3850 0.2852
vn 0.9511 0.0000 0.3090
vn 0.9027 -0.3850 0.1919
vn 0.6884 -0.7104 0.1463
vn 0.6694 -0.7104 0.2175
vn 0.8777 -0.3850 0.2852
vn 0.6884 -0.7104 0.1463
vn 0.3689 -0.9262 0.0784
vn 0.3586 -0.9262 0.1165
vn 0.6694 -0.7104 0.2175
vn 0.3689 -0.9262 0.0784
vn -0.0064 -1.0000 -0.0014
vn -0.0062 -1.0000 -0.0020
vn 0.3586 -0.9262 0.1165
vn -0.0064 -1.0000 -0.0014
vn -0.3797 -0.9216 -0.0807
vn -0.3692 -0.9216 -0.1200
vn -0.0062 -1.0000 -0.0020
vn -0.3797 -0.9216 -0.0807
vn -0.6948 -0.7039 -0.1477
vn -0.6756 -0.7039 -0.2195
vn -0.3692 -0.9216 -0.1200
vn -0.6948 -0.7039 -0.1477
vn -0.9046 -0.3804 -0.1923
vn -0.8796 -0.3804 -0.2858
vn -0.6756 -0.7039 -0.2195
vn -0.9046 -0.3804 -0.1923
vn -0.9781 -0.0000 -0.2079
vn -0.9511 -0.0000 -0.3090
vn -0.8796 -0.3804 -0.2858
vn -0.9511 -0.0000 -0.3090
vn -0.8796 0.3804 -0.2858
vn -0.8449 0.3804 -0.3762
vn -0.9135 -0.0000 -0.4067
vn -0.8796 0.3804 -0.2858
vn -0.6756 0.7039 -0.2195
vn -0.6489 0.7039 -0.2889
vn -0.8449 0.3804 -0.3762
vn -0.6756 0.7039 -0.2195
vn -0.3692 0.9216 -0.1200
vn -0.3546 0.9216 -0.1579
vn -0.6489 0.7039 -0.2889
vn -0.3692 0.9216 -0.1200
vn -0.0062 1.0000 -0.0020
vn -0.0059 1.0000 -0.0026
vn -0.3546 0.9216 -0.1579
vn -0.0062 1.0000 -0.0020
vn 0.3586 0.9262 0.1165
vn 0.3445 0.9262 0.1534
vn -0.0059 1.0000 -0.0026
vn 0.3586 0.9262 0.1165
vn 0.6694 0.7104 0.2175
vn 0.6430 0.7104 0.2863
vn 0.3445 0.9262 0.1534
vn 0.6694 0.7104 0.2175
vn 0.8777 0.3850 0.2852
vn 0.8431 0.3850 0.3754
vn 0.6430 0.7104 0.2863
vn 0.8777 0.3850 0.2852
vn 0.9511 0.0000 0.3090
vn 0.9135 -0.0000 0.4067
vn 0.8431 0.3850 0.3754
vn 0.9511 0.0000 0.3090
vn 0.8777 -0.3850 0.2852
vn 0.8431 -0.3850 0.3754
vn 0.9135 -0.0000 0.4067
vn 0.8777 -0.3850 0.2852
vn 0.6694 -0.7104 0.2175
vn 0.6430 -0.7104 0.2863
vn 0.8431 -0.3850 0.3754
vn 0.6694 -0.7104 0.2175
vn 0.3586 -0.9262 0.1165
vn 0.3445 -0.9262 0.1534
vn 0.6430 -0.7104 0.2863
vn 0.3586 -0.9262 0.1165
vn -0.0062 -1.0000 -0.0020
vn -0.0059 -1.0000 -0.0026
vn 0.3445 -0.9262 0.1534
vn -0.0062 -1.0000 -0.0020
vn -0.3692 -0.9216 -0.1200
vn -0.3546 -0.9216 -0.1579
vn -0.0059 -1.0000 -0.0026
vn -0.3692 -0.9216 -0.1200
vn -0.6756 -0.7039 -0.2195
vn -0.6489 -0.7039 -0.2889
vn -0.3546 -0.9216 -0.1579
vn -0.6756 -0.7039 -0.2195
vn -0.8796 -0.3804 -0.2858
vn -0.8449 -0.3804 -0.3762
vn -0.6489 -0.7039 -0.2889
vn -0.8796 -0.3804 -0.2858
vn -0.9511 -0.0000 -0.3090
vn -0.9135 -0.0000 -0.4067
vn -0.8449 -0.3804 -0.3762
vn -0.9135 -0.0000 -0.4067
vn -0.8449 0.3804 -0.3762
vn -0.8009 0.3804 -0.4624
vn -0.8660 -0.0000 -0.5000
vn -0.8449 0.3804 -0.3762
vn -0.6489 0.7039 -0.2889
vn -0.6152 0.7039 -0.3552
vn -0.8009 0.3804 -0.4624
vn -0.6489 0.7039 -0.2889
vn -0.3546 0.9216 -0.1579
vn -0.3362 0.9216 -0.1941
vn -0.6152 0.7039 -0.3552
vn -0.3546 0.9216 -0.1579
vn -0.0059 1.0000 -0.0026
vn -0.0056 1.0000 -0.0033
vn -0.3362 0.9216 -0.1941
vn -0.0059 1.0000 -0.0026
vn 0.3445 0.9262 0.1534
vn 0.3266 0.9262 0.1886
vn -0.0056 1.0000 -0.0033
vn 0.3445 0.9262 0.1534
vn 0.6430 0.7104 0.2863
vn 0.6095 0.7104 0.3519
vn 0.3266 0.9262 0.1886
vn 0.6430 0.7104 0.2863
vn 0.8431 0.3850 0.3754
vn 0.7993 0.3850 0.4615
vn 0.6095 0.7104 0.3519
vn 0.8431 0.3850 0.3754
vn 0.9135 -0.0000 0.4067
vn 0.8660 -0.0000 0.5000
vn 0.7993 0.3850 0.4615
vn 0.9135 -0.0000 0.4067
vn 0.8431 -0.3850 0.3754
vn 0.7993 -0.3850 0.4615
vn 0.8660 -0.0000 0.5000
vn 0.8431 -0.3850 0.3754
vn 0.6430 -0.7104 0.2863
vn 0.6095 -0.7104 0.3519
vn 0.7993 -0.3850 0.4615
vn 0.6430 -0.7104 0.2863
vn 0.3445 -0.9262 0.1534
vn 0.3266 -0.9262 0.1886
vn 0.6095 -0.7104 0.3519
vn 0.3445 -0.9262 0.1534
vn -0.0059 -1.0000 -0.0026
vn -0.0056 -1.0000 -0.0033
vn 0.3266 -0.9262 0.1886
vn -0.0059 -1.0000 -0.0026
vn -0.3546 -0.9216 -0.1579
vn -0.3362 -0.9216 -0.1941
vn -0.0056 -1.0000 -0.0033
vn -0.3546 -0.9216 -0.1579
vn -0.6489 -0.7039 -0.2889
vn -0.6152 -0.7039 -0.3552
vn -0.3362 -0.9216 -0.1941
vn -0.6489 -0.7039 -0.2889
vn -0.8449 -0.3804 -0.3762
vn -0.8009 -0.3804 -0.4624
vn -0.6152 -0.7039 -0.3552
vn -0.8449 -0.3804 -0.3762
vn -0.9135 -0.0000 -0.4067
vn -0.8660 -0.0000 -0.5000
vn -0.8009 -0.3804 -0.4624
vn -0.8660 -0.0000 -0.5000
vn -0.8009 0.3804 -0.4624
vn -0.7482 0.3804 -0.5436
vn -0.8090 -0.0000 -0.5878
vn -0.8009 0.3804 -0.4624
vn -0.6152 0.7039 -0.3552
vn -0.5747 0.7039 -0.4175
vn -0.7482 0.3804 -0.5436
vn -0.6152 0.7039 -0.3552
vn -0.3362 0.9216 -0.1941
vn -0.3141 0.9216 -0.2282
vn -0.5747 0.7039 -0.4175
vn -0.3362 0.9216 -0.1941
vn -0.0056 1.0000 -0.0033
vn -0.0053 1.0000 -0.0038
vn -0.3141 0.9216 -0.2282
vn -0.0056 1.0000 -0.0033
vn 0.3266 0.9262 0.1886
vn 0.3051 0.9262 0.2217
vn -0.0053 1.0000 -0.0038
vn 0.3266 0.9262 0.1886
vn 0.6095 0.7104 0.3519
vn 0.5694 0.7104 0.4137
vn 0.3051 0.9262 0.2217
vn 0.6095 0.7104 0.3519
vn 0.7993 0.3850 0.4615
vn 0.7467 0.3850 0.5425
vn 0.5694 0.7104 0.4137
vn 0.7993 0.3850 0.4615
vn 0.8660 -0.0000 0.5000
vn 0.8090 0.0000 0.5878
vn 0.7467 0.3850 0.5425
vn 0.8660 -0.0000 0.5000
vn 0.7993 -0.3850 0.4615
vn 0.7467 -0.3850 0.5425
vn 0.8090 0.0000 0.5878
vn 0.7993 -0.3850 0.4615
vn 0.6095 -0.7104 0.3519
vn 0.5694 -0.7104 0.4137
vn 0.7467 -0.3850 0.5425
vn 0.6095 -0.7104 0.3519
vn 0.3266 -0.9262 0.1886
vn 0.3051 -0.9262 0.2217
vn 0.5694 -0.7104 0.4137
vn 0.3266 -0.9262 0.1886
vn -0.0056 -1.0000 -0.0033
vn -0.0053 -1.0000 -0.0038
vn 0.3051 -0.9262 0.2217
vn -0.0056 -1.0000 -0.0033
vn -0.3362 -0.9216 -0.1941
vn -0.3141 -0.9216 -0.2282
vn -0.0053 -1.0000 -0.0038
vn -0.3362 -0.9216 -0.1941
vn -0.6152 -0.7039 -0.3552
vn -0.5747 -0.7039 -0.4175
vn -0.3141 -0.9216 -0.2282
vn -0.6152 -0.7039 -0.3552
vn -0.8009 -0.3804 -0.4624
vn -0.7482 -0.3804 -0.5436
vn -0.5747 -0.7039 -0.4175
vn -0.8009 -0.3804 -0.4624
vn -0.8660 -0.0000 -0.5000
vn -0.8090 -0.0000 -0.5878
vn -0.7482 -0.3804 -0.5436
vn -0.8090 -0.0000 -0.5878
vn -0.7482 0.3804 -0.5436
vn -0.6873 0.3804 -0.6188
vn -0.7431 -0.0000 -0.6691
vn -0.7482 0.3804 -0.5436
vn -0.5747 0.7039 -0.4175
vn -0.5279 0.7039 -0.4753
vn -0.6873 0.3804 -0.6188
vn -0.5747 0.7039 -0.4175
vn -0.3141 0.9216 -0.2282
vn -0.2885 0.9216 -0.2598
vn -0.5279 0.7039 -0.4753
vn -0.3141 0.9216 -0.2282
vn -0.0053 1.0000 -0.0038
vn -0.0048 1.0000 -0.0044
vn -0.2885 0.9216 -0.2598
vn -0.0053 1.0000 -0.0038
vn 0.3051 0.9262 0.2217
vn 0.2802 0.9262 0.2523
vn -0.0048 1.0000 -0.0044
vn 0.3051 0.9262 0.2217
vn 0.5694 0.7104 0.4137
vn 0.5230 0.7104 0.4710
vn 0.2802 0.9262 0.2523
vn 0.5694 0.7104 0.4137
vn 0.7467 0.3850 0.5425
vn 0.6859 0.3850 0.6176
vn 0.5230 0.7104 0.4710
vn 0.7467 0.3850 0.5425
vn 0.8090 0.0000 0.5878
vn 0.7431 0.0000 0.6691
vn 0.6859 0.3850 0.6176
vn 0.8090 0.0000 0.5878
vn 0.7467 -0.3850 0.5425
vn 0.6859 -0.3850 0.6176
vn 0.7431 0.0000 0.6691
vn 0.7467 -0.3850 0.5425
vn 0.5694 -0.7104 0.4137
vn 0.5230 -0.7104 0.4710
vn 0.6859 -0.3850 0.6176
vn 0.5694 -0.7104 0.4137
vn 0.3051 -0.9262 0.2217
vn 0.2802 -0.9262 0.2523
vn 0.5230 -0.7104 0.4710
vn 0.3051 -0.9262 0.2217
vn -0.0053 -1.0000 -0.0038
vn -0.0048 -1.0000 -0.0044
vn 0.2802 -0.9262 0.2523
vn -0.0053 -1.0000 -0.0038
vn -0.3141 -0.9216 -0.2282
vn -0.2885 -0.9216 -0.2598
vn -0.0048 -1.0000 -0.0044
vn -0.3141 -0.9216 -0.2282
vn -0.5747 -0.7039 -0.4175
vn -0.5279 -0.7039 -0.4753
vn -0.2885 -0.9216 -0.2598
vn -0.5747 -0.7039 -0.4175
vn -0.7482 -0.3804 -0.5436
vn -0.6873 -0.3804 -0.6188
vn -0.5279 -0.7039 -0.4753
vn -0.7482 -0.3804 -0.5436
vn -0.8090 -0.0000 -0.5878
vn -0.7431 -0.0000 -0.6691
vn -0.6873 -0.3804 -0.6188
vn -0.7431 -0.0000 -0.6691
vn -0.6873 0.3804 -0.6188
vn -0.6188 0.3804 -0.6873
vn -0.6691 -0.0000 -0.7431
vn -0.6873 0.3804 -0.6188
vn -0.5279 0.7039 -0.4753
vn -0.4753 0.7039 -0.5279
vn -0.6188 0.3804 -0.6873
vn -0.5279 0.7039 -0.4753
vn -0.2885 0.9216 -0.2598
vn -0.2598 0.9216 -0.2885
vn -0.4753 0.7039 -0.5279
vn -0.2885 0.9216 -0.2598
vn -0.0048 1.0000 -0.0044
vn -0.0044 1.0000 -0.0048
vn -0.2598 0.9216 -0.2885
vn -0.0048 1.0000 -0.0044
vn 0.2802 0.9262 0.2523
vn 0.2523 0.9262 0.2802
vn -0.0044 1.0000 -0.0048
vn 0.2802 0.9262 0.2523
vn 0.5230 0.7104 0.4710
vn 0.4710 0.7104 0.5230
vn 0.2523 0.9262 0.2802
vn 0.5230 0.7104 0.4710
vn 0.6859 0.3850 0.6176
vn 0.6176 0.3850 0.6859
vn 0.4710 0.7104 0.5230
vn 0.6859 0.3850 0.6176
vn 0.7431 0.0000 0.6691
vn 0.6691 0.0000 0.7431
vn 0.6176 0.3850 0.6859
vn 0.7431 0.0000 0.6691
vn 0.6859 -0.3850 0.6176
vn 0.6176 -0.3850 0.6859
vn 0.6691 0.0000 0.7431
vn 0.6859 -0.3850 0.6176
vn 0.5230 -0.7104 0.4710
vn 0.4710 -0.7104 0.5230
vn 0.6176 -0.3850 0.6859
vn 0.5230 -0.7104 0.4710
vn 0.2802 -0.9262 0.2523
vn 0.2523 -0.9262 0.2802
vn 0.4710 -0.7104 0.5230
vn 0.2802 -0.9262 0.2523
vn -0.0048 -1.0000 -0.0044
vn -0.0044 -1.0000 -0.0048
vn 0.2523 -0.9262 0.2802
vn -0.0048 -1.0000 -0.0044
vn -0.2885 -0.9216 -0.2598
vn -0.2598 -0.9216 -0.2885
vn -0.0044 -1.0000 -0.0048
vn -0.2885 -0.9216 -0.2598
vn -0.5279 -0.7039 -0.4753
vn -0.4753 -0.7039 -0.5279
vn -0.2598 -0.9216 -0.2885
vn -0.5279 -0.7039 -0.4753
vn -0.6873 -0.3804 -0.6188
vn -0.6188 -0.3804 -0.6873
vn -0.4753 -0.7039 -0.5279
vn -0.6873 -0.3804 -0.6188
vn -0.7431 -0.0000 -0.6691
vn -0.6691 -0.0000 -0.7431
vn -0.6188 -0.3804 -0.6873
vn -0.6691 -0.0000 -0.7431
vn -0.6188 0.3804 -0.6873
vn -0.5436 0.3804 -0.7482
vn -0.5878 -0.0000 -0.8090
vn -0.6188 0.3804 -0.6873
vn -0.4753 0.7039 -0.5279
vn -0.4175 0.7039 -0.5747
vn -0.5436 0.3804 -0.7482
vn -0.4753 0.7039 -0.5279
vn -0.2598 0.9216 -0.2885
vn -0.2282 0.9216 -0.3141
vn -0.4175 0.7039 -0.5747
vn -0.2598 0.9216 -0.2885
vn -0.0044 1.0000 -0.0048
vn -0.0038 1.0000 -0.0053
vn -0.2282 0.9216 -0.3141
vn -0.0044 1.0000 -0.0048
vn 0.2523 0.9262 0.2802
vn 0.2217 0.9262 0.3051
vn -0.0038 1.0000 -0.0053
vn 0.2523 0.9262 0.2802
vn 0.4710 0.7104 0.5230
vn 0.4137 0.7104 0.5694
vn 0.2217 0.9262 0.3051
vn 0.4710 0.7104 0.5230
vn 0.6176 0.3850 0.6859
vn 0.5425 0.3850 0.7467
vn 0.4137 0.7104 0.5694
vn 0.6176 0.3850 0.6859
vn 0.6691 0.0000 0.7431
vn 0.5878 -0.0000 0.8090
vn 0.5425 0.3850 0.7467
vn 0.6691 0.0000 0.7431
vn 0.6176 -0.3850 0.6859
vn 0.5425 -0.3850 0.7467
vn 0.5878 -0.0000 0.8090
vn 0.6176 -0.3850 0.6859
vn 0.4710 -0.7104 0.5230
vn 0.4137 -0.7104 0.5694
vn 0.5425 -0.3850 0.7467
vn 0.4710 -0.7104 0.5230
vn 0.2523 -0.9262 0.2802
vn 0.2217 -0.9262 0.3051
vn 0.4137 -0.7104 0.5694
vn 0.2523 -0.9262 0.2802
vn -0.0044 -1.0000 -0.0048
vn -0.0038 -1.0000 -0.0053
vn 0.2217 -0.9262 0.3051
vn -0.0044 -1.0000 -0.0048
vn -0.2598 -0.9216 -0.2885
vn -0.2282 -0.9216 -0.3141
vn -0.0038 -1.0000 -0.0053
vn -0.2598 -0.9216 -0.2885
vn -0.4753 -0.7039 -0.5279
vn -0.4175 -0.7039 -0.5747
vn -0.2282 -0.9216 -0.3141
vn -0.4753 -0.7039 -0.5279
vn -0.6188 -0.3804 -0.6873
vn -0.5436 -0.3804 -0.7482
vn -0.4175 -0.7039 -0.5747
vn -0.6188 -0.3804 -0.6873
vn -0.6691 -0.0000 -0.7431
vn -0.5878 -0.0000 -0.8090
vn -0.5436 -0.3804 -0.7482
vn -0.5878 -0.0000 -0.8090
vn -0.5436 0.3804 -0.7482
vn -0.4624 0.3804 -0.8009
vn -0.5000 -0.0000 -0.8660
vn -0.5436 0.3804 -0.7482
vn -0.4175 0.7039 -0.5747
vn -0.3552 0.7039 -0.6152
vn -0.4624 0.3804 -0.8009
vn -0.4175 0.7039 -0.5747
vn -0.2282 0.9216 -0.3141
vn -0.1941 0.9216 -0.3362
vn -0.3552 0.7039 -0.6152
vn -0.2282 0.9216 -0.3141
vn -0.0038 1.0000 -0.0053
vn -0.0033 1.0000 -0.0056
vn -0.1941 0.9216 -0.3362
vn -0.0038 1.0000 -0.0053
vn 0.2217 0.9262 0.3051
vn 0.1886 0.9262 0.3266
vn -0.0033 1.0000 -0.0056
vn 0.2217 0.9262 0.3051
vn 0.4137 0.7104 0.5694
vn 0.3519 0.7104 0.6095
vn 0.1886 0.9262 0.3266
vn 0.4137 0.7104 0.5694
vn 0.5425 0.3850 0.7467
vn 0.4615 0.3850 0.7993
vn 0.3519 0.7104 0.6095
vn 0.5425 0.3850 0.7467
vn 0.5878 -0.0000 0.8090
vn 0.5000 -0.0000 0.8660
vn 0.4615 0.3850 0.7993
vn 0.5878 -0.0000 0.8090
vn 0.5425 -0.3850 0.7467
vn 0.4615 -0.3850 0.7993
vn 0.5000 -0.0000 0.8660
vn 0.5425 -0.3850 0.7467
vn 0.4137 -0.7104 0.5694
vn 0.3519 -0.7104 0.6095
vn 0.4615 -0.3850 0.7993
vn 0.4137 -0.7104 0.5694
vn 0.2217 -0.9262 0.3051
vn 0.1886 -0.9262 0.3266
vn 0.3519 -0.7104 0.6095
vn 0.2217 -0.9262 0.3051
vn -0.0038 -1.0000 -0.0053
vn -0.0033 -1.0000 -0.0056
vn 0.1886 -0.9262 0.3266
vn -0.0038 -1.0000 -0.0053
vn -0.2282 -0.9216 -0.3141
vn -0.1941 -0.9216 -0.3362
vn -0.0033 -1.0000 -0.0056
vn -0.2282 -0.9216 -0.3141
vn -0.4175 -0.7039 -0.5747
vn -0.3552 -0.7039 -0.6152
vn -0.1941 -0.9216 -0.3362
vn -0.4175 -0.7039 -0.5747
vn -0.5436 -0.3804 -0.7482
vn -0.4624 -0.3804 -0.8009
vn -0.3552 -0.7039 -0.6152
vn -0.5436 -0.3804 -0.7482
vn -0.5878 -0.0000 -0.8090
vn -0.5000 -0.0000 -0.8660
vn -0.4624 -0.3804 -0.8009
vn -0.5000 -0.0000 -0.8660
vn -0.4624 0.3804 -0.8009
vn -0.3762 0.3804 -0.8449
vn -0.4067 -0.0000 -0.9135
vn -0.4624 0.3804 -0.8009
vn -0.3552 0.7039 -0.6152
vn -0.2889 0.7039 -0.6489
vn -0.3762 0.3804 -0.8449
vn -0.3552 0.7039 -0.6152
vn -0.1941 0.9216 -0.3362
vn -0.1579 0.9216 -0.3546
vn -0.2889 0.7039 -0.6489
vn -0.1941 0.9216 -0.3362
vn -0.0033 1.0000 -0.0056
vn -0.0026 1.0000 -0.0059
vn -0.1579 0.9216 -0.3546
vn -0.0033 1.0000 -0.0056
vn 0.1886 0.9262 0.3266
vn 0.1534 0.9262 0.3445
vn -0.0026 1.0000 -0.0059
vn 0.1886 0.9262 0.3266
vn 0.3519 0.7104 0.6095
vn 0.2863 0.7104 0.6430
vn 0.1534 0.9262 0.3445
vn 0.3519 0.7104 0.6095
vn 0.4615 0.3850 0.7993
vn 0.3754 0.3850 0.8431
vn 0.2863 0.7104 0.6430
vn 0.4615 0.3850 0.7993
vn 0.5000 -0.0000 0.8660
vn 0.4067 0.0000 0.9135
vn 0.3754 0.3850 0.8431
vn 0.5000 -0.0000 0.8660
vn 0.4615 -0.3850 0.7993
vn 0.3754 -0.3850 0.8431
vn 0.4067 0.0000 0.9135
vn 0.4615 -0.3850 0.7993
vn 0.3519 -0.7104 0.6095
vn 0.2863 -0.7104 0.6430
vn 0.3754 -0.3850 0.8431
vn 0.3519 -0.7104 0.6095
vn 0.1886 -0.9262 0.3266
vn 0.1534 -0.9262 0.3445
vn 0.2863 -0.7104 0.6430
vn 0.1886 -0.9262 0.3266
vn -0.0033 -1.0000 -0.0056
vn -0.0026 -1.0000 -0.0059
vn 0.1534 -0.9262 0.3445
vn -0.0033 -1.0000 -0.0056
vn -0.1941 -0.9216 -0.3362
vn -0.1579 -0.9216 -0.3546
vn -0.0026 -1.0000 -0.0059
vn -0.1941 -0.9216 -0.3362
vn -0.3552 -0.7039 -0.6152
vn -0.2889 -0.7039 -0.6489
vn -0.1579 -0.9216 -0.3546
vn -0.3552 -0.7039 -0.6152
vn -0.4624 -0.3804 -0.8009
vn -0.3762 -0.3804 -0.8449
vn -0.2889 -0.7039 -0.6489
vn -0.4624 -0.3804 -0.8009
vn -0.5000 -0.0000 -0.8660
vn -0.4067 -0.0000 -0.9135
vn -0.3762 -0.3804 -0.8449
vn -0.4067 -0.0000 -0.9135
vn -0.3762 0.3804 -0.8449
vn -0.2858 0.3804 -0.8796
vn -0.3090 -0.0000 -0.9511
vn -0.3762 0.3804 -0.8449
vn -0.2889 0.7039 -0.6489
vn -0.2195 0.7039 -0.6756
vn -0.2858 0.3804 -0.8796
vn -0.2889 0.7039 -0.6489
vn -0.1579 0.9216 -0.3546
vn -0.1200 0.9216 -0.3692
vn -0.2195 0.7039 -0.6756
vn -0.1579 0.9216 -0.3546
vn -0.0026 1.0000 -0.0059
vn -0.0020 1.0000 -0.0062
vn -0.1200 0.9216 -0.3692
vn -0.0026 1.0000 -0.0059
vn 0.1534 0.9262 0.3445
vn 0.1165 0.9262 0.3586
vn -0.0020 1.0000 -0.0062
vn 0.1534 0.9262 0.3445
vn 0.2863 0.7104 0.6430
vn 0.2175 0.7104 0.6694
vn 0.1165 0.9262 0.3586
vn 0.2863 0.7104 0.6430
vn 0.3754 0.3850 0.8431
vn 0.2852 0.3850 0.8777
vn 0.2175 0.7104 0.6694
vn 0.3754 0.3850 0.8431
vn 0.4067 0.0000 0.9135
vn 0.3090 0.0000 0.9511
vn 0.2852 0.3850 0.8777
vn 0.4067 0.0000 0.9135
vn 0.3754 -0.3850 0.8431
vn 0.2852 -0.3850 0.8777
vn 0.3090 0.0000 0.9511
vn 0.3754 -0.3850 0.8431
vn 0.2863 -0.7104 0.6430
vn 0.2175 -0.7104 0.6694
vn 0.2852 -0.3850 0.8777
vn 0.2863 -0.7104 0.6430
vn 0.1534 -0.9262 0.3445
vn 0.1165 -0.9262 0.3586
vn 0.2175 -0.7104 0.6694
vn 0.1534 -0.9262 0.3445
vn -0.0026 -1.0000 -0.0059
vn -0.0020 -1.0000 -0.0062
vn 0.1165 -0.9262 0.3586
vn -0.0026 -1.0000 -0.0059
vn -0.1579 -0.9216 -0.3546
vn -0.1200 -0.9216 -0.3692
vn -0.0020 -1.0000 -0.0062
vn -0.1579 -0.9216 -0.3546
vn -0.2889 -0.7039 -0.6489
vn -0.2195 -0.7039 -0.6756
vn -0.1200 -0.9216 -0.3692
vn -0.2889 -0.7039 -0.6489
vn -0.3762 -0.3804 -0.8449
vn -0.2858 -0.3804 -0.8796
vn -0.2195 -0.7039 -0.6756
vn -0.3762 -0.3804 -0.8449
vn -0.4067 -0.0000 -0.9135
vn -0.3090 -0.0000 -0.9511
vn -0.2858 -0.3804 -0.8796
vn -0.3090 -0.0000 -0.9511
vn -0.2858 0.3804 -0.8796
vn -0.1923 0.3804 -0.9046
vn -0.2079 -0.0000 -0.9781
vn -0.2858 0.3804 -0.8796
vn -0.2195 0.7039 -0.6756
vn -0.1477 0.7039 -0.6948
vn -0.1923 0.3804 -0.9046
vn -0.2195 0.7039 -0.6756
vn -0.1200 0.9216 -0.3692
vn -0.0807 0.9216 -0.3797
vn -0.1477 0.7039 -0.6948
vn -0.1200 0.9216 -0.3692
vn -0.0020 1.0000 -0.0062
vn -0.0014 1.0000 -0.0064
vn -0.0807 0.9216 -0.3797
vn -0.0020 1.0000 -0.0062
vn 0.1165 0.9262 0.3586
vn 0.0784 0.9262 0.3689
vn -0.0014 1.0000 -0.0064
vn 0.1165 0.9262 0.3586
vn 0.2175 0.7104 0.6694
vn 0.1463 0.7104 0.6884
vn 0.0784 0.9262 0.3689
vn 0.2175 0.7104 0.6694
vn 0.2852 0.3850 0.8777
vn 0.1919 0.3850 0.9027
vn 0.1463 0.7104 0.6884
vn 0.2852 0.3850 0.8777
vn 0.3090 0.0000 0.9511
vn 0.2079 -0.0000 0.9781
vn 0.1919 0.3850 0.9027
vn 0.3090 0.0000 0.9511
vn 0.2852 -0.3850 0.8777
vn 0.1919 -0.3850 0.9027
vn 0.2079 -0.0000 0.9781
vn 0.2852 -0.3850 0.8777
vn 0.2175 -0.7104 0.6694
vn 0.1463 -0.7104 0.6884
vn 0.1919 -0.3850 0.9027
vn 0.2175 -0.7104 0.6694
vn 0.1165 -0.9262 0.3586
vn 0.0784 -0.9262 0.3689
vn 0.1463 -0.7104 0.6884
vn 0.1165 -0.9262 0.3586
vn -0.0020 -1.0000 -0.0062
vn -0.0014 -1.0000 -0.0064
vn 0.0784 -0.9262 0.3689
vn -0.0020 -1.0000 -0.0062
vn -0.1200 -0.9216 -0.3692
vn -0.0807 -0.9216 -0.3797
vn -0.0014 -1.0000 -0.0064
vn -0.1200 -0.9216 -0.3692
vn -0.2195 -0.7039 -0.6756
vn -0.1477 -0.7039 -0.6948
vn -0.0807 -0.9216 -0.3797
vn -0.2195 -0.7039 -0.6756
vn -0.2858 -0.3804 -0.8796
vn -0.1923 -0.3804 -0.9046
vn -0.1477 -0.7039 -0.6948
vn -0.2858 -0.3804 -0.8796
vn -0.3090 -0.0000 -0.9511
vn -0.2079 -0.0000 -0.9781
vn -0.1923 -0.3804 -0.9046
vn -0.2079 -0.0000 -0.9781
vn -0.1923 0.3804 -0.9046
vn -0.0967 0.3804 -0.9198
vn -0.1045 -0.0000 -0.9945
vn -0.1923 0.3804 -0.9046
vn -0.1477 0.7039 -0.6948
vn -0.0743 0.7039 -0.7064
vn -0.0967 0.3804 -0.9198
vn -0.1477 0.7039 -0.6948
vn -0.0807 0.9216 -0.3797
vn -0.0406 0.9216 -0.3861
vn -0.0743 0.7039 -0.7064
vn -0.0807 0.9216 -0.3797
vn -0.0014 1.0000 -0.0064
vn -0.0007 1.0000 -0.0065
vn -0.0406 0.9216 -0.3861
vn -0.0014 1.0000 -0.0064
vn 0.0784 0.9262 0.3689
vn 0.0394 0.9262 0.3750
vn -0.0007 1.0000 -0.0065
vn 0.0784 0.9262 0.3689
vn 0.1463 0.7104 0.6884
vn 0.0736 0.7104 0.7000
vn 0.0394 0.9262 0.3750
vn 0.1463 0.7104 0.6884
vn 0.1919 0.3850 0.9027
vn 0.0965 0.3850 0.9179
vn 0.0736 0.7104 0.7000
vn 0.1919 0.3850 0.9027
vn 0.2079 -0.0000 0.9781
vn 0.1045 0.0000 0.9945
vn 0.0965 0.3850 0.9179
vn 0.2079 -0.0000 0.9781
vn 0.1919 -0.3850 0.9027
vn 0.0965 -0.3850 0.9179
vn 0.1045 0.0000 0.9945
vn 0.1919 -0.3850 0.9027
vn 0.1463 -0.7104 0.6884
vn 0.0736 -0.7104 0.7000
vn 0.0965 -0.3850 0.9179
vn 0.1463 -0.7104 0.6884
vn 0.0784 -0.9262 0.3689
vn 0.0394 -0.9262 0.3750
vn 0.0736 -0.7104 0.7000
vn 0.0784 -0.9262 0.3689
vn -0.0014 -1.0000 -0.0064
vn -0.0007 -1.0000 -0.0065
vn 0.0394 -0.9262 0.3750
vn -0.0014 -1.0000 -0.0064
vn -0.0807 -0.9216 -0.3797
vn -0.0406 -0.9216 -0.3861
vn -0.0007 -1.0000 -0.0065
vn -0.0807 -0.9216 -0.3797
vn -0.1477 -0.7039 -0.6948
vn -0.0743 -0.7039 -0.7064
vn -0.0406 -0.9216 -0.3861
vn -0.1477 -0.7039 -0.6948
vn -0.1923 -0.3804 -0.9046
vn -0.0967 -0.3804 -0.9198
vn -0.0743 -0.7039 -0.7064
vn -0.1923 -0.3804 -0.9046
vn -0.2079 -0.0000 -0.9781
vn -0.1045 -0.0000 -0.9945
vn -0.0967 -0.3804 -0.9198
vn -0.1045 -0.0000 -0.9945
vn -0.0967 0.3804 -0.9198
vn -0.0000 0.3804 -0.9248
vn -0.0000 -0.0000 -1.0000
vn -0.0967 0.3804 -0.9198
vn -0.0743 0.7039 -0.7064
vn -0.0000 0.7039 -0.7103
vn -0.0000 0.3804 -0.9248
vn -0.0743 0.7039 -0.7064
vn -0.0406 0.9216 -0.3861
vn -0.0000 0.9216 -0.3882
vn -0.0000 0.7039 -0.7103
vn -0.0406 0.9216 -0.3861
vn -0.0007 1.0000 -0.0065
vn -0.0000 1.0000 -0.0065
vn -0.0000 0.9216 -0.3882
vn -0.0007 1.0000 -0.0065
vn 0.0394 0.9262 0.3750
vn 0.0000 0.9262 0.3771
vn -0.0000 1.0000 -0.0065
vn 0.0394 0.9262 0.3750
vn 0.0736 0.7104 0.7000
vn 0.0000 0.7104 0.7038
vn 0.0000 0.9262 0.3771
vn 0.0736 0.7104 0.7000
vn 0.0965 0.3850 0.9179
vn 0.0000 0.3850 0.9229
vn 0.0000 0.7104 0.7038
vn 0.0965 0.3850 0.9179
vn 0.1045 0.0000 0.9945
vn 0.0000 0.0000 1.0000
vn 0.0000 0.3850 0.9229
vn 0.1045 0.0000 0.9945
vn 0.0965 -0.3850 0.9179
vn 0.0000 -0.3850 0.9229
vn 0.0000 0.0000 1.0000
vn 0.0965 -0.3850 0.9179
vn 0.0736 -0.7104 0.7000
vn 0.0000 -0.7104 0.7038
vn 0.0000 -0.3850 0.9229
vn 0.0736 -0.7104 0.7000
vn 0.0394 -0.9262 0.3750
vn 0.0000 -0.9262 0.3771
vn 0.0000 -0.7104 0.7038
vn 0.0394 -0.9262 0.3750
vn -0.0007 -1.0000 -0.0065
vn -0.0000 -1.0000 -0.0065
vn 0.0000 -0.9262 0.3771
vn -0.0007 -1.0000 -0.0065
vn -0.0406 -0.9216 -0.3861
vn -0.0000 -0.9216 -0.3882
vn -0.0000 -1.0000 -0.0065
vn -0.0406 -0.9216 -0.3861
vn -0.0743 -0.7039 -0.7064
vn -0.0000 -0.7039 -0.7103
vn -0.0000 -0.9216 -0.3882
vn -0.0743 -0.7039 -0.7064
vn -0.0967 -0.3804 -0.9198
vn -0.0000 -0.3804 -0.9248
vn -0.0000 -0.7039 -0.7103
vn -0.0967 -0.3804 -0.9198
vn -0.1045 -0.0000 -0.9945
vn -0.0000 -0.0000 -1.0000
vn -0.0000 -0.3804 -0.9248
vn -0.0000 -0.0000 -1.0000
vn -0.0000 0.3804 -0.9248
vn 0.0967 0.3804 -0.9198
vn 0.1045 -0.0000 -0.9945
vn -0.0000 0.3804 -0.9248
vn -0.0000 0.7039 -0.7103
vn 0.0742 0.7039 -0.7064
vn 0.0967 0.3804 -0.9198
vn -0.0000 0.7039 -0.7103
vn -0.0000 0.9216 -0.3882
vn 0.0406 0.9216 -0.3861
vn 0.0742 0.7039 -0.7064
vn -0.0000 0.9216 -0.3882
vn -0.0000 1.0000 -0.0065
vn 0.0007 1.0000 -0.0065
vn 0.0406 0.9216 -0.3861
vn -0.0000 1.0000 -0.0065
vn 0.0000 0.9262 0.3771
vn -0.0394 0.9262 0.3750
vn 0.0007 1.0000 -0.0065
vn 0.0000 0.9262 0.3771
vn 0.0000 0.7104 0.7038
vn -0.0736 0.7104 0.7000
vn -0.0394 0.9262 0.3750
vn 0.0000 0.7104 0.7038
vn 0.0000 0.3850 0.9229
vn -0.0965 0.3850 0.9179
vn -0.0736 0.7104 0.7000
vn 0.0000 0.3850 0.9229
vn 0.0000 0.0000 1.0000
vn -0.1045 0.0000 0.9945
vn -0.0965 0.3850 0.9179
vn 0.0000 0.0000 1.0000
vn 0.0000 -0.3850 0.9229
vn -0.0965 -0.3850 0.9179
vn -0.1045 0.0000 0.9945
vn 0.0000 -0.3850 0.9229
vn 0.0000 -0.7104 0.7038
vn -0.0736 -0.7104 0.7000
vn -0.0965 -0.3850 0.9179
vn 0.0000 -0.7104 0.7038
vn 0.0000 -0.9262 0.3771
vn -0.0394 -0.9262 0.3750
vn -0.0736 -0.7104 0.7000
vn 0.0000 -0.9262 0.3771
vn -0.0000 -1.0000 -0.0065
vn 0.0007 -1.0000 -0.0065
vn -0.0394 -0.9262 0.3750
vn -0.0000 -1.0000 -0.0065
vn -0.0000 -0.9216 -0.3882
vn 0.0406 -0.9216 -0.3861
vn 0.0007 -1.0000 -0.0065
vn -0.0000 -0.9216 -0.3882
vn -0.0000 -0.7039 -0.7103
vn 0.0742 -0.7039 -0.7064
vn 0.0406 -0.9216 -0.3861
vn -0.0000 -0.7039 -0.7103
vn -0.0000 -0.3804 -0.9248
vn 0.0967 -0.3804 -0.9198
vn 0.0742 -0.7039 -0.7064
vn -0.0000 -0.3804 -0.9248
vn -0.0000 -0.0000 -1.0000
vn 0.1045 -0.0000 -0.9945
vn 0.0967 -0.3804 -0.9198
vn 0.1045 -0.0000 -0.9945
vn 0.0967 0.3804 -0.9198
vn 0.1923 0.3804 -0.9046
vn 0.2079 -0.0000 -0.9781
vn 0.0967 0.3804 -0.9198
vn 0.0742 0.7039 -0.7064
vn 0.1477 0.7039 -0.6948
vn 0.1923 0.3804 -0.9046
vn 0.0742 0.7039 -0.7064
vn 0.0406 0.9216 -0.3861
vn 0.0807 0.9216 -0.3797
vn 0.1477 0.7039 -0.6948
vn 0.0406 0.9216 -0.3861
vn 0.0007 1.0000 -0.0065
vn 0.0014 1.0000 -0.0064
vn 0.0807 0.9216 -0.3797
vn 0.0007 1.0000 -0.0065
vn -0.0394 0.9262 0.3750
vn -0.0784 0.9262 0.3689
vn 0.0014 1.0000 -0.0064
vn -0.0394 0.9262 0.3750
vn -0.0736 0.7104 0.7000
vn -0.1463 0.7104 0.6884
vn -0.0784 0.9262 0.3689
vn -0.0736 0.7104 0.7000
vn -0.0965 0.3850 0.9179
vn -0.1919 0.3850 0.9027
vn -0.1463 0.7104 0.6884
vn -0.0965 0.3850 0.9179
vn -0.1045 0.0000 0.9945
vn -0.2079 -0.0000 0.9781
vn -0.1919 0.3850 0.9027
vn -0.1045 0.0000 0.9945
vn -0.0965 -0.3850 0.9179
vn -0.1919 -0.3850 0.9027
vn -0.2079 -0.0000 0.9781
vn -0.0965 -0.3850 0.9179
vn -0.0736 -0.7104 0.7000
vn -0.1463 -0.7104 0.6884
vn -0.1919 -0.3850 0.9027
vn -0.0736 -0.7104 0.7000
vn -0.0394 -0.9262 0.3750
vn -0.0784 -0.9262 0.3689
vn -0.1463 -0.7104 0.6884
vn -0.0394 -0.9262 0.3750
vn 0.0007 -1.0000 -0.0065
vn 0.0014 -1.0000 -0.0064
vn -0.0784 -0.9262 0.3689
vn 0.0007 -1.0000 -0.0065
vn 0.0406 -0.9216 -0.3861
vn 0.0807 -0.9216 -0.3797
vn 0.0014 -1.0000 -0.0064
vn 0.0406 -0.9216 -0.3861
vn 0.0742 -0.7039 -0.7064
vn 0.1477 -0.7039 -0.6948
vn 0.0807 -0.9216 -0.3797
vn 0.0742 -0.7039 -0.7064
vn 0.0967 -0.3804 -0.9198
vn 0.1923 -0.3804 -0.9046
vn 0.1477 -0.7039 -0.6948
vn 0.0967 -0.3804 -0.9198
vn 0.1045 -0.0000 -0.9945
vn 0.2079 -0.0000 -0.9781
vn 0.1923 -0.3804 -0.9046
vn 0.2079 -0.0000 -0.9781
vn 0.1923 0.3804 -0.9046
vn 0.2858 0.3804 -0.8796
vn 0.3090 -0.0000 -0.9511
vn 0.1923 0.3804 -0.9046
vn 0.1477 0.7039 -0.6948
vn 0.2195 0.7039 -0.6756
vn 0.2858 0.3804 -0.8796
vn 0.1477 0.7039 -0.6948
vn 0.0807 0.9216 -0.3797
vn 0.1200 0.9216 -0.3692
vn 0.2195 0.7039 -0.6756
vn 0.0807 0.9216 -0.3797
vn 0.0014 1.0000 -0.0064
vn 0.0020 1.0000 -0.0062
vn 0.1200 0.9216 -0.3692
vn 0.0014 1.0000 -0.0064
vn -0.0784 0.9262 0.3689
vn -0.1165 0.9262 0.3586
vn 0.0020 1.0000 -0.0062
vn -0.0784 0.9262 0.3689
vn -0.1463 0.7104 0.6884
vn -0.2175 0.7104 0.6694
vn -0.1165 0.9262 0.3586
vn -0.1463 0.7104 0.6884
vn -0.1919 0.3850 0.9027
vn -0.2852 0.3850 0.8777
vn -0.2175 0.7104 0.6694
vn -0.1919 0.3850 0.9027
vn -0.2079 -0.0000 0.9781
vn -0.3090 0.0000 0.9511
vn -0.2852 0.3850 0.8777
vn -0.2079 -0.0000 0.9781
vn -0.1919 -0.3850 0.9027
vn -0.2852 -0.3850 0.8777
vn -0.3090 0.0000 0.9511
vn -0.1919 -0.3850 0.9027
vn -0.1463 -0.7104 0.6884
vn -0.2175 -0.7104 0.6694
vn -0.2852 -0.3850 0.8777
vn -0.1463 -0.7104 0.6884
vn -0.0784 -0.9262 0.3689
vn -0.1165 -0.9262 0.3586
vn -0.2175 -0.7104 0.6694
vn -0.0784 -0.9262 0.3689
vn 0.0014 -1.0000 -0.0064
vn 0.0020 -1.0000 -0.0062
vn -0.1165 -0.9262 0.3586
vn 0.0014 -1.0000 -0.0064
vn 0.0807 -0.9216 -0.3797
vn 0.1200 -0.9216 -0.3692
vn 0.0020 -1.0000 -0.0062
vn 0.0807 -0.9216 -0.3797
vn 0.1477 -0.7039 -0.6948
vn 0.2195 -0.7039 -0.6756
vn 0.1200 -0.9216 -0.3692
vn 0.1477 -0.7039 -0.6948
vn 0.1923 -0.3804 -0.9046
vn 0.2858 -0.3804 -0.8796
vn 0.2195 -0.7039 -0.6756
vn 0.1923 -0.3804 -0.9046
vn 0.2079 -0.0000 -0.9781
vn 0.3090 -0.0000 -0.9511
vn 0.2858 -0.3804 -0.8796
vn 0.3090 -0.0000 -0.9511
vn 0.2858 0.3804 -0.8796
vn 0.3762 0.3804 -0.8449
vn 0.4067 -0.0000 -0.9135
vn 0.2858 0.3804 -0.8796
vn 0.2195 0.7039 -0.6756
vn 0.2889 0.7039 -0.6489
vn 0.3762 0.3804 -0.8449
vn 0.2195 0.7039 -0.6756
vn 0.1200 0.9216 -0.3692
vn 0.1579 0.9216 -0.3546
vn 0.2889 0.7039 -0.6489
vn 0.1200 0.9216 -0.3692
vn 0.0020 1.0000 -0.0062
vn 0.0026 1.0000 -0.0059
vn 0.1579 0.9216 -0.3546
vn 0.0020 1.0000 -0.0062
vn -0.1165 0.9262 0.3586
vn -0.1534 0.9262 0.3445
vn 0.0026 1.0000 -0.0059
vn -0.1165 0.9262 0.3586
vn -0.2175 0.7104 0.6694
vn -0.2863 0.7104 0.6430
vn -0.1534 0.9262 0.3445
vn -0.2175 0.7104 0.6694
vn -0.2852 0.3850 0.8777
vn -0.3754 0.3850 0.8431
vn -0.2863 0.7104 0.6430
vn -0.2852 0.3850 0.8777
vn -0.3090 0.0000 0.9511
vn -0.4067 0.0000 0.9135
vn -0.3754 0.3850 0.8431
vn -0.3090 0.0000 0.9511
vn -0.2852 -0.3850 0.8777
vn -0.3754 -0.3850 0.8431
vn -0.4067 0.0000 0.9135
vn -0.2852 -0.3850 0.8777
vn -0.2175 -0.7104 0.6694
vn -0.2863 -0.7104 0.6430
vn -0.3754 -0.3850 0.8431
vn -0.2175 -0.7104 0.6694
vn -0.1165 -0.9262 0.3586
vn -0.1534 -0.9262 0.3445
vn -0.2863 -0.7104 0.6430
vn -0.1165 -0.9262 0.3586
vn 0.0020 -1.0000 -0.0062
vn 0.0026 -1.0000 -0.0059
vn -0.1534 -0.9262 0.3445
vn 0.0020 -1.0000 -0.0062
vn 0.1200 -0.9216 -0.3692
vn 0.1579 -0.9216 -0.3546
vn 0.0026 -1.0000 -0.0059
vn 0.1200 -0.9216 -0.3692
vn 0.2195 -0.7039 -0.6756
vn 0.2889 -0.7039 -0.6489
vn 0.1579 -0.9216 -0.3546
vn 0.2195 -0.7039 -0.6756
vn 0.2858 -0.3804 -0.8796
vn 0.3762 -0.3804 -0.8449
vn 0.2889 -0.7039 -0.6489
vn 0.2858 -0.3804 -0.8796
vn 0.3090 -0.0000 -0.9511
vn 0.4067 -0.0000 -0.9135
vn 0.3762 -0.3804 -0.8449
vn 0.4067 -0.0000 -0.9135
vn 0.3762 0.3804 -0.8449
vn 0.4624 0.3804 -0.8009
vn 0.5000 -0.0000 -0.8660
vn 0.3762 0.3804 -0.8449
vn 0.2889 0.7039 -0.6489
vn 0.3552 0.7039 -0.6152
vn 0.4624 0.3804 -0.8009
vn 0.2889 0.7039 -0.6489
vn 0.1579 0.9216 -0.3546
vn 0.1941 0.9216 -0.3362
vn 0.3552 0.7039 -0.6152
vn 0.1579 0.9216 -0.3546
vn 0.0026 1.0000 -0.0059
vn 0.0033 1.0000 -0.0056
vn 0.1941 0.9216 -0.3362
vn 0.0026 1.0000 -0.0059
vn -0.1534 0.9262 0.3445
vn -0.1886 0.9262 0.3266
vn 0.0033 1.0000 -0.0056
vn -0.1534 0.9262 0.3445
vn -0.2863 0.7104 0.6430
vn -0.3519 0.7104 0.6095
vn -0.1886 0.9262 0.3266
vn -0.2863 0.7104 0.6430
vn -0.3754 0.3850 0.8431
vn -0.4615 0.3850 0.7993
vn -0.3519 0.7104 0.6095
vn -0.3754 0.3850 0.8431
vn -0.4067 0.0000 0.9135
vn -0.5000 -0.0000 0.8660
vn -0.4615 0.3850 0.7993
vn -0.4067 0.0000 0.9135
vn -0.3754 -0.3850 0.8431
vn -0.4615 -0.3850 0.7993
vn -0.5000 -0.0000 0.8660
vn -0.3754 -0.3850 0.8431
vn -0.2863 -0.7104 0.6430
vn -0.3519 -0.7104 0.6095
vn -0.4615 -0.3850 0.7993
vn -0.2863 -0.7104 0.6430
vn -0.1534 -0.9262 0.3445
vn -0.1886 -0.9262 0.3266
vn -0.3519 -0.7104 0.6095
vn -0.1534 -0.9262 0.3445
vn 0.0026 -1.0000 -0.0059
vn 0.0033 -1.0000 -0.0056
vn -0.1886 -0.9262 0.3266
vn 0.0026 -1.0000 -0.0059
vn 0.1579 -0.9216 -0.3546
vn 0.1941 -0.9216 -0.3362
vn 0.0033 -1.0000 -0.0056
vn 0.1579 -0.9216 -0.3546
vn 0.2889 -0.7039 -0.6489
vn 0.3552 -0.7039 -0.6152
vn 0.1941 -0.9216 -0.3362
vn 0.2889 -0.7039 -0.6489
vn 0.3762 -0.3804 -0.8449
vn 0.4624 -0.3804 -0.8009
vn 0.3552 -0.7039 -0.6152
vn 0.3762 -0.3804 -0.8449
vn 0.4067 -0.0000 -0.9135
vn 0.5000 -0.0000 -0.8660
vn 0.4624 -0.3804 -0.8009
vn 0.5000 -0.0000 -0.8660
vn 0.4624 0.3804 -0.8009
vn 0.5436 0.3804 -0.7482
vn 0.5878 -0.0000 -0.8090
vn 0.4624 0.3804 -0.8009
vn 0.3552 0.7039 -0.6152
vn 0.4175 0.7039 -0.5747
vn 0.5436 0.3804 -0.7482
vn 0.3552 0.7039 -0.6152
vn 0.1941 0.9216 -0.3362
vn 0.2282 0.9216 -0.3141
vn 0.4175 0.7039 -0.5747
vn 0.1941 0.9216 -0.3362
vn 0.0033 1.0000 -0.0056
vn 0.0038 1.0000 -0.0053
vn 0.2282 0.9216 -0.3141
vn 0.0033 1.0000 -0.0056
vn -0.1886 0.9262 0.3266
vn -0.2217 0.9262 0.3051
vn 0.0038 1.0000 -0.0053
vn -0.1886 0.9262 0.3266
vn -0.3519 0.7104 0.6095
vn -0.4137 0.7104 0.5694
vn -0.2217 0.9262 0.3051
vn -0.3519 0.7104 0.6095
vn -0.4615 0.3850 0.7993
vn -0.5425 0.3850 0.7467
vn -0.4137 0.7104 0.5694
vn -0.4615 0.3850 0.7993
vn -0.5000 -0.0000 0.8660
vn -0.5878 -0.0000 0.8090
vn -0.5425 0.3850 0.7467
vn -0.5000 -0.0000 0.8660
vn -0.4615 -0.3850 0.7993
vn -0.5425 -0.3850 0.7467
vn -0.5878 -0.0000 0.8090
vn -0.4615 -0.3850 0.7993
vn -0.3519 -0.7104 0.6095
vn -0.4137 -0.7104 0.5694
vn -0.5425 -0.3850 0.7467
vn -0.3519 -0.7104 0.6095
vn -0.1886 -0.9262 0.3266
vn -0.2217 -0.9262 0.3051
vn -0.4137 -0.7104 0.5694
vn -0.1886 -0.9262 0.3266
vn 0.0033 -1.0000 -0.0056
vn 0.0038 -1.0000 -0.0053
vn -0.2217 -0.9262 0.3051
vn 0.0033 -1.0000 -0.0056
vn 0.1941 -0.9216 -0.3362
vn 0.2282 -0.9216 -0.3141
vn 0.0038 -1.0000 -0.0053
vn 0.1941 -0.9216 -0.3362
vn 0.3552 -0.7039 -0.6152
vn 0.4175 -0.7039 -0.5747
vn 0.2282 -0.9216 -0.3141
vn 0.3552 -0.7039 -0.6152
vn 0.4624 -0.3804 -0.8009
vn 0.5436 -0.3804 -0.7482
vn 0.4175 -0.7039 -0.5747
vn 0.4624 -0.3804 -0.8009
vn 0.5000 -0.0000 -0.8660
vn 0.5878 -0.0000 -0.8090
vn 0.5436 -0.3804 -0.7482
vn 0.5878 -0.0000 -0.8090
vn 0.5436 0.3804 -0.7482
vn 0.6188 0.3804 -0.6873
vn 0.6691 -0.0000 -0.7431
vn 0.5436 0.3804 -0.7482
vn 0.4175 0.7039 -0.5747
vn 0.4753 0.7039 -0.5279
vn 0.6188 0.3804 -0.6873
vn 0.4175 0.7039 -0.5747
vn 0.2282 0.9216 -0.3141
vn 0.2598 0.9216 -0.2885
vn 0.4753 0.7039 -0.5279
vn 0.2282 0.9216 -0.3141
vn 0.0038 1.0000 -0.0053
vn 0.0044 1.0000 -0.0048
vn 0.2598 0.9216 -0.2885
vn 0.0038 1.0000 -0.0053
vn -0.2217 0.9262 0.3051
vn -0.2523 0.9262 0.2802
vn 0.0044 1.0000 -0.0048
vn -0.2217 0.9262 0.3051
vn -0.4137 0.7104 0.5694
vn -0.4710 0.7104 0.5230
vn -0.2523 0.9262 0.2802
vn -0.4137 0.7104 0.5694
vn -0.5425 0.3850 0.7467
vn -0.6176 0.3850 0.6859
vn -0.4710 0.7104 0.5230
vn -0.5425 0.3850 0.7467
vn -0.5878 -0.0000 0.8090
vn -0.6691 0.0000 0.7431
vn -0.6176 0.3850 0.6859
vn -0.5878 -0.0000 0.8090
vn -0.5425 -0.3850 0.7467
vn -0.6176 -0.3850 0.6859
vn -0.6691 0.0000 0.7431
vn -0.5425 -0.3850 0.7467
vn -0.4137 -0.7104 0.5694
vn -0.4710 -0.7104 0.5230
vn -0.6176 -0.3850 0.6859
vn -0.4137 -0.7104 0.5694
vn -0.2217 -0.9262 0.3051
vn -0.2523 -0.9262 0.2802
vn -0.4710 -0.7104 0.5230
vn -0.2217 -0.9262 0.3051
vn 0.0038 -1.0000 -0.0053
vn 0.0044 -1.0000 -0.0048
vn -0.2523 -0.9262 0.2802
vn 0.0038 -1.0000 -0.0053
vn 0.2282 -0.9216 -0.3141
vn 0.2598 -0.9216 -0.2885
vn 0.0044 -1.0000 -0.0048
vn 0.2282 -0.9216 -0.3141
vn 0.4175 -0.7039 -0.5747
vn 0.4753 -0.7039 -0.5279
vn 0.2598 -0.9216 -0.2885
vn 0.4175 -0.7039 -0.5747
vn 0.5436 -0.3804 -0.7482
vn 0.6188 -0.3804 -0.6873
vn 0.4753 -0.7039 -0.5279
vn 0.5436 -0.3804 -0.7482
vn 0.5878 -0.0000 -0.8090
vn 0.6691 -0.0000 -0.7431
vn 0.6188 -0.3804 -0.6873
vn 0.6691 -0.0000 -0.7431
vn 0.6188 0.3804 -0.6873
vn 0.6873 0.3804 -0.6188
vn 0.7431 -0.0000 -0.6691
vn 0.6188 0.3804 -0.6873
vn 0.4753 0.7039 -0.5279
vn 0.5279 0.7039 -0.4753
vn 0.6873 0.3804 -0.6188
vn 0.4753 0.7039 -0.5279
vn 0.2598 0.9216 -0.2885
vn 0.2885 0.9216 -0.2598
vn 0.5279 0.7039 -0.4753
vn 0.2598 0.9216 -0.2885
vn 0.0044 1.0000 -0.0048
vn 0.0048 1.0000 -0.0044
vn 0.2885 0.9216 -0.2598
vn 0.0044 1.0000 -0.0048
vn -0.2523 0.9262 0.2802
vn -0.2802 0.9262 0.2523
vn 0.0048 1.0000 -0.0044
vn -0.2523 0.9262 0.2802
vn -0.4710 0.7104 0.5230
vn -0.5230 0.7104 0.4710
vn -0.2802 0.9262 0.2523
vn -0.4710 0.7104 0.5230
vn -0.6176 0.3850 0.6859
vn -0.6859 0.3850 0.6176
vn -0.5230 0.7104 0.4710
vn -0.6176 0.3850 0.6859
vn -0.6691 0.0000 0.7431
vn -0.7431 0.0000 0.6691
vn -0.6859 0.3850 0.6176
vn -0.6691 0.0000 0.7431
vn -0.6176 -0.3850 0.6859
vn -0.6859 -0.3850 0.6176
vn -0.7431 0.0000 0.6691
vn -0.6176 -0.3850 0.6859
vn -0.4710 -0.7104 0.5230
vn -0.5230 -0.7104 0.4710
vn -0.6859 -0.3850 0.6176
vn -0.4710 -0.7104 0.5230
vn -0.2523 -0.9262 0.2802
vn -0.2802 -0.9262 0.2523
vn -0.5230 -0.7104 0.4710
vn -0.2523 -0.9262 0.2802
vn 0.0044 -1.0000 -0.0048
vn 0.0048 -1.0000 -0.0044
vn -0.2802 -0.9262 0.2523
vn 0.0044 -1.0000 -0.0048
vn 0.2598 -0.9216 -0.2885
vn 0.2885 -0.9216 -0.2598
vn 0.0048 -1.0000 -0.0044
vn 0.2598 -0.9216 -0.2885
vn 0.4753 -0.7039 -0.5279
vn 0.5279 -0.7039 -0.4753
vn 0.2885 -0.9216 -0.2598
vn 0.4753 -0.7039 -0.5279
vn 0.6188 -0.3804 -0.6873
vn 0.6873 -0.3804 -0.6188
vn 0.5279 -0.7039 -0.4753
vn 0.6188 -0.3804 -0.6873
vn 0.6691 -0.0000 -0.7431
vn 0.7431 -0.0000 -0.6691
vn 0.6873 -0.3804 -0.6188
vn 0.7431 -0.0000 -0.6691
vn 0.6873 0.3804 -0.6188
vn 0.7482 0.3804 -0.5436
vn 0.8090 0.0000 -0.5878
vn 0.6873 0.3804 -0.6188
vn 0.5279 0.7039 -0.4753
vn 0.5747 0.7039 -0.4175
vn 0.7482 0.3804 -0.5436
vn 0.5279 0.7039 -0.4753
vn 0.2885 0.9216 -0.2598
vn 0.3141 0.9216 -0.2282
vn 0.5747 0.7039 -0.4175
vn 0.2885 0.9216 -0.2598
vn 0.0048 1.0000 -0.0044
vn 0.0053 1.0000 -0.0038
vn 0.3141 0.9216 -0.2282
vn 0.0048 1.0000 -0.0044
vn -0.2802 0.9262 0.2523
vn -0.3051 0.9262 0.2217
vn 0.0053 1.0000 -0.0038
vn -0.2802 0.9262 0.2523
vn -0.5230 0.7104 0.4710
vn -0.5694 0.7104 0.4137
vn -0.3051 0.9262 0.2217
vn -0.5230 0.7104 0.4710
vn -0.6859 0.3850 0.6176
vn -0.7467 0.3850 0.5425
vn -0.5694 0.7104 0.4137
vn -0.6859 0.3850 0.6176
vn -0.7431 0.0000 0.6691
vn -0.8090 0.0000 0.5878
vn -0.7467 0.3850 0.5425
vn -0.7431 0.0000 0.6691
vn -0.6859 -0.3850 0.6176
vn -0.7467 -0.3850 0.5425
vn -0.8090 0.0000 0.5878
vn -0.6859 -0.3850 0.6176
vn -0.5230 -0.7104 0.4710
vn -0.5694 -0.7104 0.4137
vn -0.7467 -0.3850 0.5425
vn -0.5230 -0.7104 0.4710
vn -0.2802 -0.9262 0.2523
vn -0.3051 -0.9262 0.2217
vn -0.5694 -0.7104 0.4137
vn -0.2802 -0.9262 0.2523
vn 0.0048 -1.0000 -0.0044
vn 0.0053 -1.0000 -0.0038
vn -0.3051 -0.9262 0.2217
vn 0.0048 -1.0000 -0.0044
vn 0.2885 -0.9216 -0.2598
vn 0.3141 -0.9216 -0.2282
vn 0.0053 -1.0000 -0.0038
vn 0.2885 -0.9216 -0.2598
vn 0.5279 -0.7039 -0.4753
vn 0.5747 -0.7039 -0.4175
vn 0.3141 -0.9216 -0.2282
vn 0.5279 -0.7039 -0.4753
vn 0.6873 -0.3804 -0.6188
vn 0.7482 -0.3804 -0.5436
vn 0.5747 -0.7039 -0.4175
vn 0.6873 -0.3804 -0.6188
vn 0.7431 -0.0000 -0.6691
vn 0.8090 0.0000 -0.5878
vn 0.7482 -0.3804 -0.5436
vn 0.8090 0.0000 -0.5878
vn 0.7482 0.3804 -0.5436
vn 0.8009 0.3804 -0.4624
vn 0.8660 -0.0000 -0.5000
vn 0.7482 0.3804 -0.5436
vn 0.5747 0.7039 -0.4175
vn 0.6152 0.7039 -0.3552
vn 0.8009 0.3804 -0.4624
vn 0.5747 0.7039 -0.4175
vn 0.3141 0.9216 -0.2282
vn 0.3362 0.9216 -0.1941
vn 0.6152 0.7039 -0.3552
vn 0.3141 0.9216 -0.2282
vn 0.0053 1.0000 -0.0038
vn 0.0056 1.0000 -0.0033
vn 0.3362 0.9216 -0.1941
vn 0.0053 1.0000 -0.0038
vn -0.3051 0.9262 0.2217
vn -0.3266 0.9262 0.1886
vn 0.0056 1.0000 -0.0033
vn -0.3051 0.9262 0.2217
vn -0.5694 0.7104 0.4137
vn -0.6095 0.7104 0.3519
vn -0.3266 0.9262 0.1886
vn -0.5694 0.7104 0.4137
vn -0.7467 0.3850 0.5425
vn -0.7993 0.3850 0.4615
vn -0.6095 0.7104 0.3519
vn -0.7467 0.3850 0.5425
vn -0.8090 0.0000 0.5878
vn -0.8660 0.0000 0.5000
vn -0.7993 0.3850 0.4615
vn -0.8090 0.0000 0.5878
vn -0.7467 -0.3850 0.5425
vn -0.7993 -0.3850 0.4615
vn -0.8660 0.0000 0.5000
vn -0.7467 -0.3850 0.5425
vn -0.5694 -0.7104 0.4137
vn -0.6095 -0.7104 0.3519
vn -0.7993 -0.3850 0.4615
vn -0.5694 -0.7104 0.4137
vn -0.3051 -0.9262 0.2217
vn -0.3266 -0.9262 0.1886
vn -0.6095 -0.7104 0.3519
vn -0.3051 -0.9262 0.2217
vn 0.0053 -1.0000 -0.0038
vn 0.0056 -1.0000 -0.0033
vn -0.3266 -0.9262 0.1886
vn 0.0053 -1.0000 -0.0038
vn 0.3141 -0.9216 -0.2282
vn 0.3362 -0.9216 -0.1941
vn 0.0056 -1.0000 -0.0033
vn 0.3141 -0.9216 -0.2282
vn 0.5747 -0.7039 -0.4175
vn 0.6152 -0.7039 -0.3552
vn 0.3362 -0.9216 -0.1941
vn 0.5747 -0.7039 -0.4175
vn 0.7482 -0.3804 -0.5436
vn 0.8009 -0.3804 -0.4624
vn 0.6152 -0.7039 -0.3552
vn 0.7482 -0.3804 -0.5436
vn 0.8090 0.0000 -0.5878
vn 0.8660 -0.0000 -0.5000
vn 0.8009 -0.3804 -0.4624
vn 0.8660 -0.0000 -0.5000
vn 0.8009 0.3804 -0.4624
vn 0.8449 0.3804 -0.3762
vn 0.9135 -0.0000 -0.4067
vn 0.8009 0.3804 -0.4624
vn 0.6152 0.7039 -0.3552
vn 0.6489 0.7039 -0.2889
vn 0.8449 0.3804 -0.3762
vn 0.6152 0.7039 -0.3552
vn 0.3362 0.9216 -0.1941
vn 0.3546 0.9216 -0.1579
vn 0.6489 0.7039 -0.2889
vn 0.3362 0.9216 -0.1941
vn 0.0056 1.0000 -0.0033
vn 0.0059 1.0000 -0.0026
vn 0.3546 0.9216 -0.1579
vn 0.0056 1.0000 -0.0033
vn -0.3266 0.9262 0.1886
vn -0.3445 0.9262 0.1534
vn 0.0059 1.0000 -0.0026
vn -0.3266 0.9262 0.1886
vn -0.6095 0.7104 0.3519
vn -0.6430 0.7104 0.2863
vn -0.3445 0.9262 0.1534
vn -0.6095 0.7104 0.3519
vn -0.7993 0.3850 0.4615
vn -0.8431 0.3850 0.3754
vn -0.6430 0.7104 0.2863
vn -0.7993 0.3850 0.4615
vn -0.8660 0.0000 0.5000
vn -0.9135 -0.0000 0.4067
vn -0.8431 0.3850 0.3754
vn -0.8660 0.0000 0.5000
vn -0.7993 -0.3850 0.4615
vn -0.8431 -0.3850 0.3754
vn -0.9135 -0.0000 0.4067
vn -0.7993 -0.3850 0.4615
vn -0.6095 -0.7104 0.3519
vn -0.6430 -0.7104 0.2863
vn -0.8431 -0.3850 0.3754
vn -0.6095 -0.7104 0.3519
vn -0.3266 -0.9262 0.1886
vn -0.3445 -0.9262 0.1534
vn -0.6430 -0.7104 0.2863
vn -0.3266 -0.9262 0.1886
vn 0.0056 -1.0000 -0.0033
vn 0.0059 -1.0000 -0.0026
vn -0.3445 -0.9262 0.1534
vn 0.0056 -1.0000 -0.0033
vn 0.3362 -0.9216 -0.1941
vn 0.3546 -0.9216 -0.1579
vn 0.0059 -1.0000 -0.0026
vn 0.3362 -0.9216 -0.1941
vn 0.6152 -0.7039 -0.3552
vn 0.6489 -0.7039 -0.2889
vn 0.3546 -0.9216 -0.1579
vn 0.6152 -0.7039 -0.3552
vn 0.8009 -0.3804 -0.4624
vn 0.8449 -0.3804 -0.3762
vn 0.6489 -0.7039 -0.2889
vn 0.8009 -0.3804 -0.4624
vn 0.8660 -0.0000 -0.5000
vn 0.9135 -0.0000 -0.4067
vn 0.8449 -0.3804 -0.3762
vn 0.9135 -0.0000 -0.4067
vn 0.8449 0.3804 -0.3762
vn 0.8796 0.3804 -0.2858
vn 0.9511 -0.0000 -0.3090
vn 0.8449 0.3804 -0.3762
vn 0.6489 0.7039 -0.2889
vn 0.6756 0.7039 -0.2195
vn 0.8796 0.3804 -0.2858
vn 0.6489 0.7039 -0.2889
vn 0.3546 0.9216 -0.1579
vn 0.3692 0.9216 -0.1200
vn 0.6756 0.7039 -0.2195
vn 0.3546 0.9216 -0.1579
vn 0.0059 1.0000 -0.0026
vn 0.0062 1.0000 -0.0020
vn 0.3692 0.9216 -0.1200
vn 0.0059 1.0000 -0.0026
vn -0.3445 0.9262 0.1534
vn -0.3586 0.9262 0.1165
vn 0.0062 1.0000 -0.0020
vn -0.3445 0.9262 0.1534
vn -0.6430 0.7104 0.2863
vn -0.6694 0.7104 0.2175
vn -0.3586 0.9262 0.1165
vn -0.6430 0.7104 0.2863
vn -0.8431 0.3850 0.3754
vn -0.8777 0.3850 0.2852
vn -0.6694 0.7104 0.2175
vn -0.8431 0.3850 0.3754
vn -0.9135 -0.0000 0.4067
vn -0.9511 0.0000 0.3090
vn -0.8777 0.3850 0.2852
vn -0.9135 -0.0000 0.4067
vn -0.8431 -0.3850 0.3754
vn -0.8777 -0.3850 0.2852
vn -0.9511 0.0000 0.3090
vn -0.8431 -0.3850 0.3754
vn -0.6430 -0.7104 0.2863
vn -0.6694 -0.7104 0.2175
vn -0.8777 -0.3850 0.2852
vn -0.6430 -0.7104 0.2863
vn -0.3445 -0.9262 0.1534
vn -0.3586 -0.9262 0.1165
vn -0.6694 -0.7104 0.2175
vn -0.3445 -0.9262 0.1534
vn 0.0059 -1.0000 -0.0026
vn 0.0062 -1.0000 -0.0020
vn -0.3586 -0.9262 0.1165
vn 0.0059 -1.0000 -0.0026
vn 0.3546 -0.9216 -0.1579
vn 0.3692 -0.9216 -0.1200
vn 0.0062 -1.0000 -0.0020
vn 0.3546 -0.9216 -0.1579
vn 0.6489 -0.7039 -0.2889
vn 0.6756 -0.7039 -0.2195
vn 0.3692 -0.9216 -0.1200
vn 0.6489 -0.7039 -0.2889
vn 0.8449 -0.3804 -0.3762
vn 0.8796 -0.3804 -0.2858
vn 0.6756 -0.7039 -0.2195
vn 0.8449 -0.3804 -0.3762
vn 0.9135 -0.0000 -0.4067
vn 0.9511 -0.0000 -0.3090
vn 0.8796 -0.3804 -0.2858
vn 0.9511 -0.0000 -0.3090
vn 0.8796 0.3804 -0.2858
vn 0.9046 0.3804 -0.1923
vn 0.9781 -0.0000 -0.2079
vn 0.8796 0.3804 -0.2858
vn 0.6756 0.7039 -0.2195
vn 0.6948 0.7039 -0.1477
vn 0.9046 0.3804 -0.1923
vn 0.6756 0.7039 -0.2195
vn 0.3692 0.9216 -0.1200
vn 0.3797 0.9216 -0.0807
vn 0.6948 0.7039 -0.1477
vn 0.3692 0.9216 -0.1200
vn 0.0062 1.0000 -0.0020
vn 0.0064 1.0000 -0.0014
vn 0.3797 0.9216 -0.0807
vn 0.0062 1.0000 -0.0020
vn -0.3586 0.9262 0.1165
vn -0.3689 0.9262 0.0784
vn 0.0064 1.0000 -0.0014
vn -0.3586 0.9262 0.1165
vn -0.6694 0.7104 0.2175
vn -0.6884 0.7104 0.1463
vn -0.3689 0.9262 0.0784
vn -0.6694 0.7104 0.2175
vn -0.8777 0.3850 0.2852
vn -0.9027 0.3850 0.1919
vn -0.6884 0.7104 0.1463
vn -0.8777 0.3850 0.2852
vn -0.9511 0.0000 0.3090
vn -0.9781 0.0000 0.2079
vn -0.9027 0.3850 0.1919
vn -0.9511 0.0000 0.3090
vn -0.8777 -0.3850 0.2852
vn -0.9027 -0.3850 0.1919
vn -0.9781 0.0000 0.2079
vn -0.8777 -0.3850 0.2852
vn -0.6694 -0.7104 0.2175
vn -0.6884 -0.7104 0.1463
vn -0.9027 -0.3850 0.1919
vn -0.6694 -0.7104 0.2175
vn -0.3586 -0.9262 0.1165
vn -0.3689 -0.9262 0.0784
vn -0.6884 -0.7104 0.1463
vn -0.3586 -0.9262 0.1165
vn 0.0062 -1.0000 -0.0020
vn 0.0064 -1.0000 -0.0014
vn -0.3689 -0.9262 0.0784
vn 0.0062 -1.0000 -0.0020
vn 0.3692 -0.9216 -0.1200
vn 0.3797 -0.9216 -0.0807
vn 0.0064 -1.0000 -0.0014
vn 0.3692 -0.9216 -0.1200
vn 0.6756 -0.7039 -0.2195
vn 0.6948 -0.7039 -0.1477
vn 0.3797 -0.9216 -0.0807
vn 0.6756 -0.7039 -0.2195
vn 0.8796 -0.3804 -0.2858
vn 0.9046 -0.3804 -0.1923
vn 0.6948 -0.7039 -0.1477
vn 0.8796 -0.3804 -0.2858
vn 0.9511 -0.0000 -0.3090
vn 0.9781 -0.0000 -0.2079
vn 0.9046 -0.3804 -0.1923
vn 0.9781 -0.0000 -0.2079
vn 0.9046 0.3804 -0.1923
vn 0.9198 0.3804 -0.0967
vn 0.9945 -0.0000 -0.1045
vn 0.9046 0.3804 -0.1923
vn 0.6948 0.7039 -0.1477
vn 0.7064 0.7039 -0.0742
vn 0.9198 0.3804 -0.0967
vn 0.6948 0.7039 -0.1477
vn 0.3797 0.9216 -0.0807
vn 0.3861 0.9216 -0.0406
vn 0.7064 0.7039 -0.0742
vn 0.3797 0.9216 -0.0807
vn 0.0064 1.0000 -0.0014
vn 0.0065 1.0000 -0.0007
vn 0.3861 0.9216 -0.0406
vn 0.0064 1.0000 -0.0014
vn -0.3689 0.9262 0.0784
vn -0.3750 0.9262 0.0394
vn 0.0065 1.0000 -0.0007
vn -0.3689 0.9262 0.0784
vn -0.6884 0.7104 0.1463
vn -0.7000 0.7104 0.0736
vn -0.3750 0.9262 0.0394
vn -0.6884 0.7104 0.1463
vn -0.9027 0.3850 0.1919
vn -0.9179 0.3850 0.0965
vn -0.7000 0.7104 0.0736
vn -0.9027 0.3850 0.1919
vn -0.9781 0.0000 0.2079
vn -0.9945 -0.0000 0.1045
vn -0.9179 0.3850 0.0965
vn -0.9781 0.0000 0.2079
vn -0.9027 -0.3850 0.1919
vn -0.9179 -0.3850 0.0965
vn -0.9945 -0.0000 0.1045
vn -0.9027 -0.3850 0.1919
vn -0.6884 -0.7104 0.1463
vn -0.7000 -0.7104 0.0736
vn -0.9179 -0.3850 0.0965
vn -0.6884 -0.7104 0.1463
vn -0.3689 -0.9262 0.0784
vn -0.3750 -0.9262 0.0394
vn -0.7000 -0.7104 0.0736
vn -0.3689 -0.9262 0.0784
vn 0.0064 -1.0000 -0.0014
vn 0.0065 -1.0000 -0.0007
vn -0.3750 -0.9262 0.0394
vn 0.0064 -1.0000 -0.0014
vn 0.3797 -0.9216 -0.0807
vn 0.3861 -0.9216 -0.0406
vn 0.0065 -1.0000 -0.0007
vn 0.3797 -0.9216 -0.0807
vn 0.6948 -0.7039 -0.1477
vn 0.7064 -0.7039 -0.0742
vn 0.3861 -0.9216 -0.0406
vn 0.6948 -0.7039 -0.1477
vn 0.9046 -0.3804 -0.1923
vn 0.9198 -0.3804 -0.0967
vn 0.7064 -0.7039 -0.0742
vn 0.9046 -0.3804 -0.1923
vn 0.9781 -0.0000 -0.2079
vn 0.9945 -0.0000 -0.1045
vn 0.9198 -0.3804 -0.0967
vn 0.9945 -0.0000 -0.1045
vn 0.9198 0.3804 -0.0967
vn 0.9248 0.3804 0.0000
vn 1.0000 -0.0000 -0.0000
vn 0.9198 0.3804 -0.0967
vn 0.7064 0.7039 -0.0742
vn 0.7103 0.7039 -0.0000
vn 0.9248 0.3804 0.0000
vn 0.7064 0.7039 -0.0742
vn 0.3861 0.9216 -0.0406
vn 0.3882 0.9216 -0.0000
vn 0.7103 0.7039 -0.0000
vn 0.3861 0.9216 -0.0406
vn 0.0065 1.0000 -0.0007
vn 0.0065 1.0000 0.0000
vn 0.3882 0.9216 -0.0000
vn 0.0065 1.0000 -0.0007
vn -0.3750 0.9262 0.0394
vn -0.3771 0.9262 0.0000
vn 0.0065 1.0000 0.0000
vn -0.3750 0.9262 0.0394
vn -0.7000 0.7104 0.0736
vn -0.7038 0.7104 0.0000
vn -0.3771 0.9262 0.0000
vn -0.7000 0.7104 0.0736
vn -0.9179 0.3850 0.0965
vn -0.9229 0.3850 -0.0000
vn -0.7038 0.7104 0.0000
vn -0.9179 0.3850 0.0965
vn -0.9945 -0.0000 0.1045
vn -1.0000 -0.0000 0.0000
vn -0.9229 0.3850 -0.0000
vn -0.9945 -0.0000 0.1045
vn -0.9179 -0.3850 0.0965
vn -0.9229 -0.3850 0.0000
vn -1.0000 -0.0000 0.0000
vn -0.9179 -0.3850 0.0965
vn -0.7000 -0.7104 0.0736
vn -0.7038 -0.7104 -0.0000
vn -0.9229 -0.3850 0.0000
vn -0.7000 -0.7104 0.0736
vn -0.3750 -0.9262 0.0394
vn -0.3771 -0.9262 -0.0000
vn -0.7038 -0.7104 -0.0000
vn -0.3750 -0.9262 0.0394
vn 0.0065 -1.0000 -0.0007
vn 0.0065 -1.0000 -0.0000
vn -0.3771 -0.9262 -0.0000
vn 0.0065 -1.0000 -0.0007
vn 0.3861 -0.9216 -0.0406
vn 0.3882 -0.9216 0.0000
vn 0.0065 -1.0000 -0.0000
vn 0.3861 -0.9216 -0.0406
vn 0.7064 -0.7039 -0.0742
vn 0.7103 -0.7039 0.0000
vn 0.3882 -0.9216 0.0000
vn 0.7064 -0.7039 -0.0742
vn 0.9198 -0.3804 -0.0967
vn 0.9248 -0.3804 -0.0000
vn 0.7103 -0.7039 0.0000
vn 0.9198 -0.3804 -0.0967
vn 0.9945 -0.0000 -0.1045
vn 1.0000 -0.0000 -0.0000
vn 0.9248 -0.3804 -0.0000
vn 1.0000 -0.0000 -0.0000
vn 0.9248 0.3804 0.0000
vn 0.9198 0.3804 0.0967
vn 0.9945 -0.0000 0.1045
vn 0.9248 0.3804 0.0000
vn 0.7103 0.7039 -0.0000
vn 0.7064 0.7039 0.0742
vn 0.9198 0.3804 0.0967
vn 0.7103 0.7039 -0.0000
vn 0.3882 0.9216 -0.0000
vn 0.3861 0.9216 0.0406
vn 0.7064 0.7039 0.0742
vn 0.3882 0.9216 -0.0000
vn 0.0065 1.0000 0.0000
vn 0.0065 1.0000 0.0007
vn 0.3861 0.9216 0.0406
vn 0.0065 1.0000 0.0000
vn -0.3771 0.9262 0.0000
vn -0.3750 0.9262 -0.0394
vn 0.0065 1.0000 0.0007
vn -0.3771 0.9262 0.0000
vn -0.7038 0.7104 0.0000
vn -0.7000 0.7104 -0.0736
vn -0.3750 0.9262 -0.0394
vn -0.7038 0.7104 0.0000
vn -0.9229 0.3850 -0.0000
vn -0.9179 0.3850 -0.0965
vn -0.7000 0.7104 -0.0736
vn -0.9229 0.3850 -0.0000
vn -1.0000 -0.0000 0.0000
vn -0.9945 0.0000 -0.1045
vn -0.9179 0.3850 -0.0965
vn -1.0000 -0.0000 0.0000
vn -0.9229 -0.3850 0.0000
vn -0.9179 -0.3850 -0.0965
vn -0.9945 0.0000 -0.1045
vn -0.9229 -0.3850 0.0000
vn -0.7038 -0.7104 -0.0000
vn -0.7000 -0.7104 -0.0736
vn -0.9179 -0.3850 -0.0965
vn -0.7038 -0.7104 -0.0000
vn -0.3771 -0.9262 -0.0000
vn -0.3750 -0.9262 -0.0394
vn -0.7000 -0.7104 -0.0736
vn -0.3771 -0.9262 -0.0000
vn 0.0065 -1.0000 -0.0000
vn 0.0065 -1.0000 0.0007
vn -0.3750 -0.9262 -0.0394
vn 0.0065 -1.0000 -0.0000
vn 0.3882 -0.9216 0.0000
vn 0.3861 -0.9216 0.0406
vn 0.0065 -1.0000 0.0007
vn 0.3882 -0.9216 0.0000
vn 0.7103 -0.7039 0.0000
vn 0.7064 -0.7039 0.0742
vn 0.3861 -0.9216 0.0406
vn 0.7103 -0.7039 0.0000
vn 0.9248 -0.3804 -0.0000
vn 0.9198 -0.3804 0.0967
vn 0.7064 -0.7039 0.0742
vn 0.9248 -0.3804 -0.0000
vn 1.0000 -0.0000 -0.0000
vn 0.9945 -0.0000 0.1045
vn 0.9198 -0.3804 0.0967
vn 0.9945 -0.0000 0.1045
vn 0.9198 0.3804 0.0967
vn 0.9046 0.3804 0.1923
vn 0.9781 -0.0000 0.2079
vn 0.9198 0.3804 0.0967
vn 0.7064 0.7039 0.0742
vn 0.6948 0.7039 0.1477
vn 0.9046 0.3804 0.1923
vn 0.7064 0.7039 0.0742
vn 0.3861 0.9216 0.0406
vn 0.3797 0.9216 0.0807
vn 0.6948 0.7039 0.1477
vn 0.3861 0.9216 0.0406
vn 0.0065 1.0000 0.0007
vn 0.0064 1.0000 0.0014
vn 0.3797 0.9216 0.0807
vn 0.0065 1.0000 0.0007
vn -0.3750 0.9262 -0.0394
vn -0.3689 0.9262 -0.0784
vn 0.0064 1.0000 0.0014
vn -0.3750 0.9262 -0.0394
vn -0.7000 0.7104 -0.0736
vn -0.6884 0.7104 -0.1463
vn -0.3689 0.9262 -0.0784
vn -0.7000 0.7104 -0.0736
vn -0.9179 0.3850 -0.0965
vn -0.9027 0.3850 -0.1919
vn -0.6884 0.7104 -0.1463
vn -0.9179 0.3850 -0.0965
vn -0.9945 0.0000 -0.1045
vn -0.9781 -0.0000 -0.2079
vn -0.9027 0.3850 -0.1919
vn -0.9945 0.0000 -0.1045
vn -0.9179 -0.3850 -0.0965
vn -0.9027 -0.3850 -0.1919
vn -0.9781 -0.0000 -0.2079
vn -0.9179 -0.3850 -0.0965
vn -0.7000 -0.7104 -0.0736
vn -0.6884 -0.7104 -0.1463
vn -0.9027 -0.3850 -0.1919
vn -0.7000 -0.7104 -0.0736
vn -0.3750 -0.9262 -0.0394
vn -0.3689 -0.9262 -0.0784
vn -0.6884 -0.7104 -0.1463
vn -0.3750 -0.9262 -0.0394
vn 0.0065 -1.0000 0.0007
vn 0.0064 -1.0000 0.0014
vn -0.3689 -0.9262 -0.0784
vn 0.0065 -1.0000 0.0007
vn 0.3861 -0.9216 0.0406
vn 0.3797 -0.9216 0.0807
vn 0.0064 -1.0000 0.0014
vn 0.3861 -0.9216 0.0406
vn 0.7064 -0.7039 0.0742
vn 0.6948 -0.7039 0.1477
vn 0.3797 -0.9216 0.0807
vn 0.7064 -0.7039 0.0742
vn 0.9198 -0.3804 0.0967
vn 0.9046 -0.3804 0.1923
vn 0.6948 -0.7039 0.1477
vn 0.9198 -0.3804 0.0967
vn 0.9945 -0.0000 0.1045
vn 0.9781 -0.0000 0.2079
vn 0.9046 -0.3804 0.1923
vn 0.9781 -0.0000 0.2079
vn 0.9046 0.3804 0.1923
vn 0.8796 0.3804 0.2858
vn 0.9511 -0.0000 0.3090
vn 0.9046 0.3804 0.1923
vn 0.6948 0.7039 0.1477
vn 0.6756 0.7039 0.2195
vn 0.8796 0.3804 0.2858
vn 0.6948 0.7039 0.1477
vn 0.3797 0.9216 0.0807
vn 0.3692 0.9216 0.1200
vn 0.6756 0.7039 0.2195
vn 0.3797 0.9216 0.0807
vn 0.0064 1.0000 0.0014
vn 0.0062 1.0000 0.0020
vn 0.3692 0.9216 0.1200
vn 0.0064 1.0000 0.0014
vn -0.3689 0.9262 -0.0784
vn -0.3586 0.9262 -0.1165
vn 0.0062 1.0000 0.0020
vn -0.3689 0.9262 -0.0784
vn -0.6884 0.7104 -0.1463
vn -0.6694 0.7104 -0.2175
vn -0.3586 0.9262 -0.1165
vn -0.6884 0.7104 -0.1463
vn -0.9027 0.3850 -0.1919
vn -0.8777 0.3850 -0.2852
vn -0.6694 0.7104 -0.2175
vn -0.9027 0.3850 -0.1919
vn -0.9781 -0.0000 -0.2079
vn -0.9511 0.0000 -0.3090
vn -0.8777 0.3850 -0.2852
vn -0.9781 -0.0000 -0.2079
vn -0.9027 -0.3850 -0.1919
vn -0.8777 -0.3850 -0.2852
vn -0.9511 0.0000 -0.3090
vn -0.9027 -0.3850 -0.1919
vn -0.6884 -0.7104 -0.1463
vn -0.6694 -0.7104 -0.2175
vn -0.8777 -0.3850 -0.2852
vn -0.6884 -0.7104 -0.1463
vn -0.3689 -0.9262 -0.0784
vn -0.3586 -0.9262 -0.1165
vn -0.6694 -0.7104 -0.2175
vn -0.3689 -0.9262 -0.0784
vn 0.0064 -1.0000 0.0014
vn 0.0062 -1.0000 0.0020
vn -0.3586 -0.9262 -0.1165
vn 0.0064 -1.0000 0.0014
vn 0.3797 -0.9216 0.0807
vn 0.3692 -0.9216 0.1200
vn 0.0062 -1.0000 0.0020
vn 0.3797 -0.9216 0.0807
vn 0.6948 -0.7039 0.1477
vn 0.6756 -0.7039 0.2195
vn 0.3692 -0.9216 0.1200
vn 0.6948 -0.7039 0.1477
vn 0.9046 -0.3804 0.1923
vn 0.8796 -0.3804 0.2858
vn 0.6756 -0.7039 0.2195
vn 0.9046 -0.3804 0.1923
vn 0.9781 -0.0000 0.2079
vn 0.9511 -0.0000 0.3090
vn 0.8796 -0.3804 0.2858
vn 0.9511 -0.0000 0.3090
vn 0.8796 0.3804 0.2858
vn 0.8449 0.3804 0.3762
vn 0.9135 -0.0000 0.4067
vn 0.8796 0.3804 0.2858
vn 0.6756 0.7039 0.2195
vn 0.6489 0.7039 0.2889
vn 0.8449 0.3804 0.3762
vn 0.6756 0.7039 0.2195
vn 0.3692 0.9216 0.1200
vn 0.3546 0.9216 0.1579
vn 0.6489 0.7039 0.2889
vn 0.3692 0.9216 0.1200
vn 0.0062 1.0000 0.0020
vn 0.0059 1.0000 0.0026
vn 0.3546 0.9216 0.1579
vn 0.0062 1.0000 0.0020
vn -0.3586 0.9262 -0.1165
vn -0.3445 0.9262 -0.1534
vn 0.0059 1.0000 0.0026
vn -0.3586 0.9262 -0.1165
vn -0.6694 0.7104 -0.2175
vn -0.6430 0.7104 -0.2863
vn -0.3445 0.9262 -0.1534
vn -0.6694 0.7104 -0.2175
vn -0.8777 0.3850 -0.2852
vn -0.8431 0.3850 -0.3754
vn -0.6430 0.7104 -0.2863
vn -0.8777 0.3850 -0.2852
vn -0.9511 0.0000 -0.3090
vn -0.9135 0.0000 -0.4067
vn -0.8431 0.3850 -0.3754
vn -0.9511 0.0000 -0.3090
vn -0.8777 -0.3850 -0.2852
vn -0.8431 -0.3850 -0.3754
vn -0.9135 0.0000 -0.4067
vn -0.8777 -0.3850 -0.2852
vn -0.6694 -0.7104 -0.2175
vn -0.6430 -0.7104 -0.2863
vn -0.8431 -0.3850 -0.3754
vn -0.6694 -0.7104 -0.2175
vn -0.3586 -0.9262 -0.1165
vn -0.3445 -0.9262 -0.1534
vn -0.6430 -0.7104 -0.2863
vn -0.3586 -0.9262 -0.1165
vn 0.0062 -1.0000 0.0020
vn 0.0059 -1.0000 0.0026
vn -0.3445 -0.9262 -0.1534
vn 0.0062 -1.0000 0.0020
vn 0.3692 -0.9216 0.1200
vn 0.3546 -0.9216 0.1579
vn 0.0059 -1.0000 0.0026
vn 0.3692 -0.9216 0.1200
vn 0.6756 -0.7039 0.2195
vn 0.6489 -0.7039 0.2889
vn 0.3546 -0.9216 0.1579
vn 0.6756 -0.7039 0.2195
vn 0.8796 -0.3804 0.2858
vn 0.8449 -0.3804 0.3762
vn 0.6489 -0.7039 0.2889
vn 0.8796 -0.3804 0.2858
vn 0.9511 -0.0000 0.3090
vn 0.9135 -0.0000 0.4067
vn 0.8449 -0.3804 0.3762
vn 0.9135 -0.0000 0.4067
vn 0.8449 0.3804 0.3762
vn 0.8009 0.3804 0.4624
vn 0.8660 -0.0000 0.5000
vn 0.8449 0.3804 0.3762
vn 0.6489 0.7039 0.2889
vn 0.6152 0.7039 0.3552
vn 0.8009 0.3804 0.4624
vn 0.6489 0.7039 0.2889
vn 0.3546 0.9216 0.1579
vn 0.3362 0.9216 0.1941
vn 0.6152 0.7039 0.3552
vn 0.3546 0.9216 0.1579
vn 0.0059 1.0000 0.0026
vn 0.0056 1.0000 0.0033
vn 0.3362 0.9216 0.1941
vn 0.0059 1.0000 0.0026
vn -0.3445 0.9262 -0.1534
vn -0.3266 0.9262 -0.1886
vn 0.0056 1.0000 0.0033
vn -0.3445 0.9262 -0.1534
vn -0.6430 0.7104 -0.2863
vn -0.6095 0.7104 -0.3519
vn -0.3266 0.9262 -0.1886
vn -0.6430 0.7104 -0.2863
vn -0.8431 0.3850 -0.3754
vn -0.7993 0.3850 -0.4615
vn -0.6095 0.7104 -0.3519
vn -0.8431 0.3850 -0.3754
vn -0.9135 0.0000 -0.4067
vn -0.8660 -0.0000 -0.5000
vn -0.7993 0.3850 -0.4615
vn -0.9135 0.0000 -0.4067
vn -0.8431 -0.3850 -0.3754
vn -0.7993 -0.3850 -0.4615
vn -0.8660 -0.0000 -0.5000
vn -0.8431 -0.3850 -0.3754
vn -0.6430 -0.7104 -0.2863
vn -0.6095 -0.7104 -0.3519
vn -0.7993 -0.3850 -0.4615
vn -0.6430 -0.7104 -0.2863
vn -0.3445 -0.9262 -0.1534
vn -0.3266 -0.9262 -0.1886
vn -0.6095 -0.7104 -0.3519
vn -0.3445 -0.9262 -0.1534
vn 0.0059 -1.0000 0.0026
vn 0.0056 -1.0000 0.0033
vn -0.3266 -0.9262 -0.1886
vn 0.0059 -1.0000 0.0026
vn 0.3546 -0.9216 0.1579
vn 0.3362 -0.9216 0.1941
vn 0.0056 -1.0000 0.0033
vn 0.3546 -0.9216 0.1579
vn 0.6489 -0.7039 0.2889
vn 0.6152 -0.7039 0.3552
vn 0.3362 -0.9216 0.1941
vn 0.6489 -0.7039 0.2889
vn 0.8449 -0.3804 0.3762
vn 0.8009 -0.3804 0.4624
vn 0.6152 -0.7039 0.3552
vn 0.8449 -0.3804 0.3762
vn 0.9135 -0.0000 0.4067
vn 0.8660 -0.0000 0.5000
vn 0.8009 -0.3804 0.4624
vn 0.8660 -0.0000 0.5000
vn 0.8009 0.3804 0.4624
vn 0.7482 0.3804 0.5436
vn 0.8090 -0.0000 0.5878
vn 0.8009 0.3804 0.4624
vn 0.6152 0.7039 0.3552
vn 0.5747 0.7039 0.4175
vn 0.7482 0.3804 0.5436
vn 0.6152 0.7039 0.3552
vn 0.3362 0.9216 0.1941
vn 0.3141 0.9216 0.2282
vn 0.5747 0.7039 0.4175
vn 0.3362 0.9216 0.1941
vn 0.0056 1.0000 0.0033
vn 0.0053 1.0000 0.0038
vn 0.3141 0.9216 0.2282
vn 0.0056 1.0000 0.0033
vn -0.3266 0.9262 -0.1886
vn -0.3051 0.9262 -0.2217
vn 0.0053 1.0000 0.0038
vn -0.3266 0.9262 -0.1886
vn -0.6095 0.7104 -0.3519
vn -0.5694 0.7104 -0.4137
vn -0.3051 0.9262 -0.2217
vn -0.6095 0.7104 -0.3519
vn -0.7993 0.3850 -0.4615
vn -0.7467 0.3850 -0.5425
vn -0.5694 0.7104 -0.4137
vn -0.7993 0.3850 -0.4615
vn -0.8660 -0.0000 -0.5000
vn -0.8090 -0.0000 -0.5878
vn -0.7467 0.3850 -0.5425
vn -0.8660 -0.0000 -0.5000
vn -0.7993 -0.3850 -0.4615
vn -0.7467 -0.3850 -0.5425
vn -0.8090 -0.0000 -0.5878
vn -0.7993 -0.3850 -0.4615
vn -0.6095 -0.7104 -0.3519
vn -0.5694 -0.7104 -0.4137
vn -0.7467 -0.3850 -0.5425
vn -0.6095 -0.7104 -0.3519
vn -0.3266 -0.9262 -0.1886
vn -0.3051 -0.9262 -0.2217
vn -0.5694 -0.7104 -0.4137
vn -0.3266 -0.9262 -0.1886
vn 0.0056 -1.0000 0.0033
vn 0.0053 -1.0000 0.0038
vn -0.3051 -0.9262 -0.2217
vn 0.0056 -1.0000 0.0033
vn 0.3362 -0.9216 0.1941
vn 0.3141 -0.9216 0.2282
vn 0.0053 -1.0000 0.0038
vn 0.3362 -0.9216 0.1941
vn 0.6152 -0.7039 0.3552
vn 0.5747 -0.7039 0.4175
vn 0.3141 -0.9216 0.2282
vn 0.6152 -0.7039 0.3552
vn 0.8009 -0.3804 0.4624
vn 0.7482 -0.3804 0.5436
vn 0.5747 -0.7039 0.4175
vn 0.8009 -0.3804 0.4624
vn 0.8660 -0.0000 0.5000
vn 0.8090 -0.0000 0.5878
vn 0.7482 -0.3804 0.5436
vn 0.8090 -0.0000 0.5878
vn 0.7482 0.3804 0.5436
vn 0.6873 0.3804 0.6188
vn 0.7431 -0.0000 0.6691
vn 0.7482 0.3804 0.5436
vn 0.5747 0.7039 0.4175
vn 0.5279 0.7039 0.4753
vn 0.6873 0.3804 0.6188
vn 0.5747 0.7039 0.4175
vn 0.3141 0.9216 0.2282
vn 0.2885 0.9216 0.2598
vn 0.5279 0.7039 0.4753
vn 0.3141 0.9216 0.2282
vn 0.0053 1.0000 0.0038
vn 0.0048 1.0000 0.0044
vn 0.2885 0.9216 0.2598
vn 0.0053 1.0000 0.0038
vn -0.3051 0.9262 -0.2217
vn -0.2802 0.9262 -0.2523
vn 0.0048 1.0000 0.0044
vn -0.3051 0.9262 -0.2217
vn -0.5694 0.7104 -0.4137
vn -0.5230 0.7104 -0.4710
vn -0.2802 0.9262 -0.2523
vn -0.5694 0.7104 -0.4137
vn -0.7467 0.3850 -0.5425
vn -0.6859 0.3850 -0.6176
vn -0.5230 0.7104 -0.4710
vn -0.7467 0.3850 -0.5425
vn -0.8090 -0.0000 -0.5878
vn -0.7431 -0.0000 -0.6691
vn -0.6859 0.3850 -0.6176
vn -0.8090 -0.0000 -0.5878
vn -0.7467 -0.3850 -0.5425
vn -0.6859 -0.3850 -0.6176
vn -0.7431 -0.0000 -0.6691
vn -0.7467 -0.3850 -0.5425
vn -0.5694 -0.7104 -0.4137
vn -0.5230 -0.7104 -0.4710
vn -0.6859 -0.3850 -0.6176
vn -0.5694 -0.7104 -0.4137
vn -0.3051 -0.9262 -0.2217
vn -0.2802 -0.9262 -0.2523
vn -0.5230 -0.7104 -0.4710
vn -0.3051 -0.9262 -0.2217
vn 0.0053 -1.0000 0.0038
vn 0.0048 -1.0000 0.0044
vn -0.2802 -0.9262 -0.2523
vn 0.0053 -1.0000 0.0038
vn 0.3141 -0.9216 0.2282
vn 0.2885 -0.9216 0.2598
vn 0.0048 -1.0000 0.0044
vn 0.3141 -0.9216 0.2282
vn 0.5747 -0.7039 0.4175
vn 0.5279 -0.7039 0.4753
vn 0.2885 -0.9216 0.2598
vn 0.5747 -0.7039 0.4175
vn 0.7482 -0.3804 0.5436
vn 0.6873 -0.3804 0.6188
vn 0.5279 -0.7039 0.4753
vn 0.7482 -0.3804 0.5436
vn 0.8090 -0.0000 0.5878
vn 0.7431 -0.0000 0.6691
vn 0.6873 -0.3804 0.6188
vn 0.7431 -0.0000 0.6691
vn 0.6873 0.3804 0.6188
vn 0.6188 0.3804 0.6873
vn 0.6691 -0.0000 0.7431
vn 0.6873 0.3804 0.6188
vn 0.5279 0.7039 0.4753
vn 0.4753 0.7039 0.5279
vn 0.6188 0.3804 0.6873
vn 0.5279 0.7039 0.4753
vn 0.2885 0.9216 0.2598
vn 0.2598 0.9216 0.2885
vn 0.4753 0.7039 0.5279
vn 0.2885 0.9216 0.2598
vn 0.0048 1.0000 0.0044
vn 0.0044 1.0000 0.0048
vn 0.2598 0.9216 0.2885
vn 0.0048 1.0000 0.0044
vn -0.2802 0.9262 -0.2523
vn -0.2523 0.9262 -0.2802
vn 0.0044 1.0000 0.0048
vn -0.2802 0.9262 -0.2523
vn -0.5230 0.7104 -0.4710
vn -0.4710 0.7104 -0.5230
vn -0.2523 0.9262 -0.2802
vn -0.5230 0.7104 -0.4710
vn -0.6859 0.3850 -0.6176
vn -0.6176 0.3850 -0.6859
vn -0.4710 0.7104 -0.5230
vn -0.6859 0.3850 -0.6176
vn -0.7431 -0.0000 -0.6691
vn -0.6691 -0.0000 -0.7431
vn -0.6176 0.3850 -0.6859
vn -0.7431 -0.0000 -0.6691
vn -0.6859 -0.3850 -0.6176
vn -0.6176 -0.3850 -0.6859
vn -0.6691 -0.0000 -0.7431
vn -0.6859 -0.3850 -0.6176
vn -0.5230 -0.7104 -0.4710
vn -0.4710 -0.7104 -0.5230
vn -0.6176 -0.3850 -0.6859
vn -0.5230 -0.7104 -0.4710
vn -0.2802 -0.9262 -0.2523
vn -0.2523 -0.9262 -0.2802
vn -0.4710 -0.7104 -0.5230
vn -0.2802 -0.9262 -0.2523
vn 0.0048 -1.0000 0.0044
vn 0.0044 -1.0000 0.0048
vn -0.2523 -0.9262 -0.2802
vn 0.0048 -1.0000 0.0044
vn 0.2885 -0.9216 0.2598
vn 0.2598 -0.9216 0.2885
vn 0.0044 -1.0000 0.0048
vn 0.2885 -0.9216 0.2598
vn 0.5279 -0.7039 0.4753
vn 0.4753 -0.7039 0.5279
vn 0.2598 -0.9216 0.2885
vn 0.5279 -0.7039 0.4753
vn 0.6873 -0.3804 0.6188
vn 0.6188 -0.3804 0.6873
vn 0.4753 -0.7039 0.5279
vn 0.6873 -0.3804 0.6188
vn 0.7431 -0.0000 0.6691
vn 0.6691 -0.0000 0.7431
vn 0.6188 -0.3804 0.6873
vn 0.6691 -0.0000 0.7431
vn 0.6188 0.3804 0.6873
vn 0.5436 0.3804 0.7482
vn 0.5878 -0.0000 0.8090
vn 0.6188 0.3804 0.6873
vn 0.4753 0.7039 0.5279
vn 0.4175 0.7039 0.5747
vn 0.5436 0.3804 0.7482
vn 0.4753 0.7039 0.5279
vn 0.2598 0.9216 0.2885
vn 0.2282 0.9216 0.3141
vn 0.4175 0.7039 0.5747
vn 0.2598 0.9216 0.2885
vn 0.0044 1.0000 0.0048
vn 0.0038 1.0000 0.0053
vn 0.2282 0.9216 0.3141
vn 0.0044 1.0000 0.0048
vn -0.2523 0.9262 -0.2802
vn -0.2217 0.9262 -0.3051
vn 0.0038 1.0000 0.0053
vn -0.2523 0.9262 -0.2802
vn -0.4710 0.7104 -0.5230
vn -0.4137 0.7104 -0.5694
vn -0.2217 0.9262 -0.3051
vn -0.4710 0.7104 -0.5230
vn -0.6176 0.3850 -0.6859
vn -0.5425 0.3850 -0.7467
vn -0.4137 0.7104 -0.5694
vn -0.6176 0.3850 -0.6859
vn -0.6691 -0.0000 -0.7431
vn -0.5878 0.0000 -0.8090
vn -0.5425 0.3850 -0.7467
vn -0.6691 -0.0000 -0.7431
vn -0.6176 -0.3850 -0.6859
vn -0.5425 -0.3850 -0.7467
vn -0.5878 0.0000 -0.8090
vn -0.6176 -0.3850 -0.6859
vn -0.4710 -0.7104 -0.5230
vn -0.4137 -0.7104 -0.5694
vn -0.5425 -0.3850 -0.7467
vn -0.4710 -0.7104 -0.5230
vn -0.2523 -0.9262 -0.2802
vn -0.2217 -0.9262 -0.3051
vn -0.4137 -0.7104 -0.5694
vn -0.2523 -0.9262 -0.2802
vn 0.0044 -1.0000 0.0048
vn 0.0038 -1.0000 0.0053
vn -0.2217 -0.9262 -0.3051
vn 0.0044 -1.0000 0.0048
vn 0.2598 -0.9216 0.2885
vn 0.2282 -0.9216 0.3141
vn 0.0038 -1.0000 0.0053
vn 0.2598 -0.9216 0.2885
vn 0.4753 -0.7039 0.5279
vn 0.4175 -0.7039 0.5747
vn 0.2282 -0.9216 0.3141
vn 0.4753 -0.7039 0.5279
vn 0.6188 -0.3804 0.6873
vn 0.5436 -0.3804 0.7482
vn 0.4175 -0.7039 0.5747
vn 0.6188 -0.3804 0.6873
vn 0.6691 -0.0000 0.7431
vn 0.5878 -0.0000 0.8090
vn 0.5436 -0.3804 0.7482
vn 0.5878 -0.0000 0.8090
vn 0.5436 0.3804 0.7482
vn 0.4624 0.3804 0.8009
vn 0.5000 -0.0000 0.8660
vn 0.5436 0.3804 0.7482
vn 0.4175 0.7039 0.5747
vn 0.3552 0.7039 0.6152
vn 0.4624 0.3804 0.8009
vn 0.4175 0.7039 0.5747
vn 0.2282 0.9216 0.3141
vn 0.1941 0.9216 0.3362
vn 0.3552 0.7039 0.6152
vn 0.2282 0.9216 0.3141
vn 0.0038 1.0000 0.0053
vn 0.0033 1.0000 0.0056
vn 0.1941 0.9216 0.3362
vn 0.0038 1.0000 0.0053
vn -0.2217 0.9262 -0.3051
vn -0.1886 0.9262 -0.3266
vn 0.0033 1.0000 0.0056
vn -0.2217 0.9262 -0.3051
vn -0.4137 0.7104 -0.5694
vn -0.3519 0.7104 -0.6095
vn -0.1886 0.9262 -0.3266
vn -0.4137 0.7104 -0.5694
vn -0.5425 0.3850 -0.7467
vn -0.4615 0.3850 -0.7993
vn -0.3519 0.7104 -0.6095
vn -0.5425 0.3850 -0.7467
vn -0.5878 0.0000 -0.8090
vn -0.5000 0.0000 -0.8660
vn -0.4615 0.3850 -0.7993
vn -0.5878 0.0000 -0.8090
vn -0.5425 -0.3850 -0.7467
vn -0.4615 -0.3850 -0.7993
vn -0.5000 0.0000 -0.8660
vn -0.5425 -0.3850 -0.7467
vn -0.4137 -0.7104 -0.5694
vn -0.3519 -0.7104 -0.6095
vn -0.4615 -0.3850 -0.7993
vn -0.4137 -0.7104 -0.5694
vn -0.2217 -0.9262 -0.3051
vn -0.1886 -0.9262 -0.3266
vn -0.3519 -0.7104 -0.6095
vn -0.2217 -0.9262 -0.3051
vn 0.0038 -1.0000 0.0053
vn 0.0033 -1.0000 0.0056
vn -0.1886 -0.9262 -0.3266
vn 0.0038 -1.0000 0.0053
vn 0.2282 -0.9216 0.3141
vn 0.1941 -0.9216 0.3362
vn 0.0033 -1.0000 0.0056
vn 0.2282 -0.9216 0.3141
vn 0.4175 -0.7039 0.5747
vn 0.3552 -0.7039 0.6152
vn 0.1941 -0.9216 0.3362
vn 0.4175 -0.7039 0.5747
vn 0.5436 -0.3804 0.7482
vn 0.4624 -0.3804 0.8009
vn 0.3552 -0.7039 0.6152
vn 0.5436 -0.3804 0.7482
vn 0.5878 -0.0000 0.8090
vn 0.5000 -0.0000 0.8660
vn 0.4624 -0.3804 0.8009
vn 0.5000 -0.0000 0.8660
vn 0.4624 0.3804 0.8009
vn 0.3762 0.3804 0.8449
vn 0.4067 -0.0000 0.9135
vn 0.4624 0.3804 0.8009
vn 0.3552 0.7039 0.6152
vn 0.2889 0.7039 0.6489
vn 0.3762 0.3804 0.8449
vn 0.3552 0.7039 0.6152
vn 0.1941 0.9216 0.3362
vn 0.1579 0.9216 0.3546
vn 0.2889 0.7039 0.6489
vn 0.1941 0.9216 0.3362
vn 0.0033 1.0000 0.0056
vn 0.0026 1.0000 0.0059
vn 0.1579 0.9216 0.3546
vn 0.0033 1.0000 0.0056
vn -0.1886 0.9262 -0.3266
vn -0.1534 0.9262 -0.3445
vn 0.0026 1.0000 0.0059
vn -0.1886 0.9262 -0.3266
vn -0.3519 0.7104 -0.6095
vn -0.2863 0.7104 -0.6430
vn -0.1534 0.9262 -0.3445
vn -0.3519 0.7104 -0.6095
vn -0.4615 0.3850 -0.7993
vn -0.3754 0.3850 -0.8431
vn -0.2863 0.7104 -0.6430
vn -0.4615 0.3850 -0.7993
vn -0.5000 0.0000 -0.8660
vn -0.4067 -0.0000 -0.9135
vn -0.3754 0.3850 -0.8431
vn -0.5000 0.0000 -0.8660
vn -0.4615 -0.3850 -0.7993
vn -0.3754 -0.3850 -0.8431
vn -0.4067 -0.0000 -0.9135
vn -0.4615 -0.3850 -0.7993
vn -0.3519 -0.7104 -0.6095
vn -0.2863 -0.7104 -0.6430
vn -0.3754 -0.3850 -0.8431
vn -0.3519 -0.7104 -0.6095
vn -0.1886 -0.9262 -0.3266
vn -0.1534 -0.9262 -0.3445
vn -0.2863 -0.7104 -0.6430
vn -0.1886 -0.9262 -0.3266
vn 0.0033 -1.0000 0.0056
vn 0.0026 -1.0000 0.0059
vn -0.1534 -0.9262 -0.3445
vn 0.0033 -1.0000 0.0056
vn 0.1941 -0.9216 0.3362
vn 0.1579 -0.9216 0.3546
vn 0.0026 -1.0000 0.0059
vn 0.1941 -0.9216 0.3362
vn 0.3552 -0.7039 0.6152
vn 0.2889 -0.7039 0.6489
vn 0.1579 -0.9216 0.3546
vn 0.3552 -0.7039 0.6152
vn 0.4624 -0.3804 0.8009
vn 0.3762 -0.3804 0.8449
vn 0.2889 -0.7039 0.6489
vn 0.4624 -0.3804 0.8009
vn 0.5000 -0.0000 0.8660
vn 0.4067 -0.0000 0.9135
vn 0.3762 -0.3804 0.8449
vn 0.4067 -0.0000 0.9135
vn 0.3762 0.3804 0.8449
vn 0.2858 0.3804 0.8796
vn 0.3090 -0.0000 0.9511
vn 0.3762 0.3804 0.8449
vn 0.2889 0.7039 0.6489
vn 0.2195 0.7039 0.6756
vn 0.2858 0.3804 0.8796
vn 0.2889 0.7039 0.6489
vn 0.1579 0.9216 0.3546
vn 0.1200 0.9216 0.3692
vn 0.2195 0.7039 0.6756
vn 0.1579 0.9216 0.3546
vn 0.0026 1.0000 0.0059
vn 0.0020 1.0000 0.0062
vn 0.1200 0.9216 0.3692
vn 0.0026 1.0000 0.0059
vn -0.1534 0.9262 -0.3445
vn -0.1165 0.9262 -0.3586
vn 0.0020 1.0000 0.0062
vn -0.1534 0.9262 -0.3445
vn -0.2863 0.7104 -0.6430
vn -0.2175 0.7104 -0.6694
vn -0.1165 0.9262 -0.3586
vn -0.2863 0.7104 -0.6430
vn -0.3754 0.3850 -0.8431
vn -0.2852 0.3850 -0.8777
vn -0.2175 0.7104 -0.6694
vn -0.3754 0.3850 -0.8431
vn -0.4067 -0.0000 -0.9135
vn -0.3090 -0.0000 -0.9511
vn -0.2852 0.3850 -0.8777
vn -0.4067 -0.0000 -0.9135
vn -0.3754 -0.3850 -0.8431
vn -0.2852 -0.3850 -0.8777
vn -0.3090 -0.0000 -0.9511
vn -0.3754 -0.3850 -0.8431
vn -0.2863 -0.7104 -0.6430
vn -0.2175 -0.7104 -0.6694
vn -0.2852 -0.3850 -0.8777
vn -0.2863 -0.7104 -0.6430
vn -0.1534 -0.9262 -0.3445
vn -0.1165 -0.9262 -0.3586
vn -0.2175 -0.7104 -0.6694
vn -0.1534 -0.9262 -0.3445
vn 0.0026 -1.0000 0.0059
vn 0.0020 -1.0000 0.0062
vn -0.1165 -0.9262 -0.3586
vn 0.0026 -1.0000 0.0059
vn 0.1579 -0.9216 0.3546
vn 0.1200 -0.9216 0.3692
vn 0.0020 -1.0000 0.0062
vn 0.1579 -0.9216 0.3546
vn 0.2889 -0.7039 0.6489
vn 0.2195 -0.7039 0.6756
vn 0.1200 -0.9216 0.3692
vn 0.2889 -0.7039 0.6489
vn 0.3762 -0.3804 0.8449
vn 0.2858 -0.3804 0.8796
vn 0.2195 -0.7039 0.6756
vn 0.3762 -0.3804 0.8449
vn 0.4067 -0.0000 0.9135
vn 0.3090 -0.0000 0.9511
vn 0.2858 -0.3804 0.8796
vn 0.3090 -0.0000 0.9511
vn 0.2858 0.3804 0.8796
vn 0.1923 0.3804 0.9046
vn 0.2079 -0.0000 0.9781
vn 0.2858 0.3804 0.8796
vn 0.2195 0.7039 0.6756
vn 0.1477 0.7039 0.6948
vn 0.1923 0.3804 0.9046
vn 0.2195 0.7039 0.6756
vn 0.1200 0.9216 0.3692
vn 0.0807 0.9216 0.3797
vn 0.1477 0.7039 0.6948
vn 0.1200 0.9216 0.3692
vn 0.0020 1.0000 0.0062
vn 0.0014 1.0000 0.0064
vn 0.0807 0.9216 0.3797
vn 0.0020 1.0000 0.0062
vn -0.1165 0.9262 -0.3586
vn -0.0784 0.9262 -0.3689
vn 0.0014 1.0000 0.0064
vn -0.1165 0.9262 -0.3586
vn -0.2175 0.7104 -0.6694
vn -0.1463 0.7104 -0.6884
vn -0.0784 0.9262 -0.3689
vn -0.2175 0.7104 -0.6694
vn -0.2852 0.3850 -0.8777
vn -0.1919 0.3850 -0.9027
vn -0.1463 0.7104 -0.6884
vn -0.2852 0.3850 -0.8777
vn -0.3090 -0.0000 -0.9511
vn -0.2079 0.0000 -0.9781
vn -0.1919 0.3850 -0.9027
vn -0.3090 -0.0000 -0.9511
vn -0.2852 -0.3850 -0.8777
vn -0.1919 -0.3850 -0.9027
vn -0.2079 0.0000 -0.9781
vn -0.2852 -0.3850 -0.8777
vn -0.2175 -0.7104 -0.6694
vn -0.1463 -0.7104 -0.6884
vn -0.1919 -0.3850 -0.9027
vn -0.2175 -0.7104 -0.6694
vn -0.1165 -0.9262 -0.3586
vn -0.0784 -0.9262 -0.3689
vn -0.1463 -0.7104 -0.6884
vn -0.1165 -0.9262 -0.3586
vn 0.0020 -1.0000 0.0062
vn 0.0014 -1.0000 0.0064
vn -0.0784 -0.9262 -0.3689
vn 0.0020 -1.0000 0.0062
vn 0.1200 -0.9216 0.3692
vn 0.0807 -0.9216 0.3797
vn 0.0014 -1.0000 0.0064
vn 0.1200 -0.9216 0.3692
vn 0.2195 -0.7039 0.6756
vn 0.1477 -0.7039 0.6948
vn 0.0807 -0.9216 0.3797
vn 0.2195 -0.7039 0.6756
vn 0.2858 -0.3804 0.8796
vn 0.1923 -0.3804 0.9046
vn 0.1477 -0.7039 0.6948
vn 0.2858 -0.3804 0.8796
vn 0.3090 -0.0000 0.9511
vn 0.2079 -0.0000 0.9781
vn 0.1923 -0.3804 0.9046
vn 0.2079 -0.0000 0.9781
vn 0.1923 0.3804 0.9046
vn 0.0967 0.3804 0.9198
vn 0.1045 -0.0000 0.9945
vn 0.1923 0.3804 0.9046
vn 0.1477 0.7039 0.6948
vn 0.0742 0.7039 0.7064
vn 0.0967 0.3804 0.9198
vn 0.1477 0.7039 0.6948
vn 0.0807 0.9216 0.3797
vn 0.0406 0.9216 0.3861
vn 0.0742 0.7039 0.7064
vn 0.0807 0.9216 0.3797
vn 0.0014 1.0000 0.0064
vn 0.0007 1.0000 0.0065
vn 0.0406 0.9216 0.3861
vn 0.0014 1.0000 0.0064
vn -0.0784 0.9262 -0.3689
vn -0.0394 0.9262 -0.3750
vn 0.0007 1.0000 0.0065
vn -0.0784 0.9262 -0.3689
vn -0.1463 0.7104 -0.6884
vn -0.0736 0.7104 -0.7000
vn -0.0394 0.9262 -0.3750
vn -0.1463 0.7104 -0.6884
vn -0.1919 0.3850 -0.9027
vn -0.0965 0.3850 -0.9179
vn -0.0736 0.7104 -0.7000
vn -0.1919 0.3850 -0.9027
vn -0.2079 0.0000 -0.9781
vn -0.1045 -0.0000 -0.9945
vn -0.0965 0.3850 -0.9179
vn -0.2079 0.0000 -0.9781
vn -0.1919 -0.3850 -0.9027
vn -0.0965 -0.3850 -0.9179
vn -0.1045 -0.0000 -0.9945
vn -0.1919 -0.3850 -0.9027
vn -0.1463 -0.7104 -0.6884
vn -0.0736 -0.7104 -0.7000
vn -0.0965 -0.3850 -0.9179
vn -0.1463 -0.7104 -0.6884
vn -0.0784 -0.9262 -0.3689
vn -0.0394 -0.9262 -0.3750
vn -0.0736 -0.7104 -0.7000
vn -0.0784 -0.9262 -0.3689
vn 0.0014 -1.0000 0.0064
vn 0.0007 -1.0000 0.0065
vn -0.0394 -0.9262 -0.3750
vn 0.0014 -1.0000 0.0064
vn 0.0807 -0.9216 0.3797
vn 0.0406 -0.9216 0.3861
vn 0.0007 -1.0000 0.0065
vn 0.0807 -0.9216 0.3797
vn 0.1477 -0.7039 0.6948
vn 0.0742 -0.7039 0.7064
vn 0.0406 -0.9216 0.3861
vn 0.1477 -0.7039 0.6948
vn 0.1923 -0.3804 0.9046
vn 0.0967 -0.3804 0.9198
vn 0.0742 -0.7039 0.7064
vn 0.1923 -0.3804 0.9046
vn 0.2079 -0.0000 0.9781
vn 0.1045 -0.0000 0.9945
vn 0.0967 -0.3804 0.9198
vn 0.1045 -0.0000 0.9945
vn 0.0967 0.3804 0.9198
vn -0.0000 0.3804 0.9248
vn 0.0000 -0.0000 1.0000
vn 0.0967 0.3804 0.9198
vn 0.0742 0.7039 0.7064
vn 0.0000 0.7039 0.7103
vn -0.0000 0.3804 0.9248
vn 0.0742 0.7039 0.7064
vn 0.0406 0.9216 0.3861
vn 0.0000 0.9216 0.3882
vn 0.0000 0.7039 0.7103
vn 0.0406 0.9216 0.3861
vn 0.0007 1.0000 0.0065
vn -0.0000 1.0000 0.0065
vn 0.0000 0.9216 0.3882
vn 0.0007 1.0000 0.0065
vn -0.0394 0.9262 -0.3750
vn -0.0000 0.9262 -0.3771
vn -0.0000 1.0000 0.0065
vn -0.0394 0.9262 -0.3750
vn -0.0736 0.7104 -0.7000
vn -0.0000 0.7104 -0.7038
vn -0.0000 0.9262 -0.3771
vn -0.0736 0.7104 -0.7000
vn -0.0965 0.3850 -0.9179
vn 0.0000 0.3850 -0.9229
vn -0.0000 0.7104 -0.7038
vn -0.0965 0.3850 -0.9179
vn -0.1045 -0.0000 -0.9945
vn -0.0000 -0.0000 -1.0000
vn 0.0000 0.3850 -0.9229
vn -0.1045 -0.0000 -0.9945
vn -0.0965 -0.3850 -0.9179
vn -0.0000 -0.3850 -0.9229
vn -0.0000 -0.0000 -1.0000
vn -0.0965 -0.3850 -0.9179
vn -0.0736 -0.7104 -0.7000
vn 0.0000 -0.7104 -0.7038
vn -0.0000 -0.3850 -0.9229
vn -0.0736 -0.7104 -0.7000
vn -0.0394 -0.9262 -0.3750
vn 0.0000 -0.9262 -0.3771
vn 0.0000 -0.7104 -0.7038
vn -0.0394 -0.9262 -0.3750
vn 0.0007 -1.0000 0.0065
vn 0.0000 -1.0000 0.0065
vn 0.0000 -0.9262 -0.3771
vn 0.0007 -1.0000 0.0065
vn 0.0406 -0.9216 0.3861
vn -0.0000 -0.9216 0.3882
vn 0.0000 -1.0000 0.0065
vn 0.0406 -0.9216 0.3861
vn 0.0742 -0.7039 0.7064
vn -0.0000 -0.7039 0.7103
vn -0.0000 -0.9216 0.3882
vn 0.0742 -0.7039 0.7064
vn 0.0967 -0.3804 0.9198
vn 0.0000 -0.3804 0.9248
vn -0.0000 -0.7039 0.7103
vn 0.0967 -0.3804 0.9198
vn 0.1045 -0.0000 0.9945
vn 0.0000 -0.0000 1.0000
vn 0.0000 -0.3804 0.9248
vn 0.0000 -0.0000 1.0000
vn -0.0000 0.3804 0.9248
vn -0.0967 0.3804 0.9198
vn -0.1045 -0.0000 0.9945
vn -0.0000 0.3804 0.9248
vn 0.0000 0.7039 0.7103
vn -0.0742 0.7039 0.7064
vn -0.0967 0.3804 0.9198
vn 0.0000 0.7039 0.7103
vn 0.0000 0.9216 0.3882
vn -0.0406 0.9216 0.3861
vn -0.0742 0.7039 0.7064
vn 0.0000 0.9216 0.3882
vn -0.0000 1.0000 0.0065
vn -0.0007 1.0000 0.0065
vn -0.0406 0.9216 0.3861
vn -0.0000 1.0000 0.0065
vn -0.0000 0.9262 -0.3771
vn 0.0394 0.9262 -0.3750
vn -0.0007 1.0000 0.0065
vn -0.0000 0.9262 -0.3771
vn -0.0000 0.7104 -0.7038
vn 0.0736 0.7104 -0.7000
vn 0.0394 0.9262 -0.3750
vn -0.0000 0.7104 -0.7038
vn 0.0000 0.3850 -0.9229
vn 0.0965 0.3850 -0.9179
vn 0.0736 0.7104 -0.7000
vn 0.0000 0.3850 -0.9229
vn -0.0000 -0.0000 -1.0000
vn 0.1045 0.0000 -0.9945
vn 0.0965 0.3850 -0.9179
vn -0.0000 -0.0000 -1.0000
vn -0.0000 -0.3850 -0.9229
vn 0.0965 -0.3850 -0.9179
vn 0.1045 0.0000 -0.9945
vn -0.0000 -0.3850 -0.9229
vn 0.0000 -0.7104 -0.7038
vn 0.0736 -0.7104 -0.7000
vn 0.0965 -0.3850 -0.9179
vn 0.0000 -0.7104 -0.7038
vn 0.0000 -0.9262 -0.3771
vn 0.0394 -0.9262 -0.3750
vn 0.0736 -0.7104 -0.7000
vn 0.0000 -0.9262 -0.3771
vn 0.0000 -1.0000 0.0065
vn -0.0007 -1.0000 0.0065
vn 0.0394 -0.9262 -0.3750
vn 0.0000 -1.0000 0.0065
vn -0.0000 -0.9216 0.3882
vn -0.0406 -0.9216 0.3861
vn -0.0007 -1.0000 0.0065
vn -0.0000 -0.9216 0.3882
vn -0.0000 -0.7039 0.7103
vn -0.0742 -0.7039 0.7064
vn -0.0406 -0.9216 0.3861
vn -0.0000 -0.7039 0.7103
vn 0.0000 -0.3804 0.9248
vn -0.0967 -0.3804 0.9198
vn -0.0742 -0.7039 0.7064
vn 0.0000 -0.3804 0.9248
vn 0.0000 -0.0000 1.0000
vn -0.1045 -0.0000 0.9945
vn -0.0967 -0.3804 0.9198
vn -0.1045 -0.0000 0.9945
vn -0.0967 0.3804 0.9198
vn -0.1923 0.3804 0.9046
vn -0.2079 -0.0000 0.9781
vn -0.0967 0.3804 0.9198
vn -0.0742 0.7039 0.7064
vn -0.1477 0.7039 0.6948
vn -0.1923 0.3804 0.9046
vn -0.0742 0.7039 0.7064
vn -0.0406 0.9216 0.3861
vn -0.0807 0.9216 0.3797
vn -0.1477 0.7039 0.6948
vn -0.0406 0.9216 0.3861
vn -0.0007 1.0000 0.0065
vn -0.0014 1.0000 0.0064
vn -0.0807 0.9216 0.3797
vn -0.0007 1.0000 0.0065
vn 0.0394 0.9262 -0.3750
vn 0.0784 0.9262 -0.3689
vn -0.0014 1.0000 0.0064
vn 0.0394 0.9262 -0.3750
vn 0.0736 0.7104 -0.7000
vn 0.1463 0.7104 -0.6884
vn 0.0784 0.9262 -0.3689
vn 0.0736 0.7104 -0.7000
vn 0.0965 0.3850 -0.9179
vn 0.1919 0.3850 -0.9027
vn 0.1463 0.7104 -0.6884
vn 0.0965 0.3850 -0.9179
vn 0.1045 0.0000 -0.9945
vn 0.2079 -0.0000 -0.9781
vn 0.1919 0.3850 -0.9027
vn 0.1045 0.0000 -0.9945
vn 0.0965 -0.3850 -0.9179
vn 0.1919 -0.3850 -0.9027
vn 0.2079 -0.0000 -0.9781
vn 0.0965 -0.3850 -0.9179
vn 0.0736 -0.7104 -0.7000
vn 0.1463 -0.7104 -0.6884
vn 0.1919 -0.3850 -0.9027
vn 0.0736 -0.7104 -0.7000
vn 0.0394 -0.9262 -0.3750
vn 0.0784 -0.9262 -0.3689
vn 0.1463 -0.7104 -0.6884
vn 0.0394 -0.9262 -0.3750
vn -0.0007 -1.0000 0.0065
vn -0.0014 -1.0000 0.0064
vn 0.0784 -0.9262 -0.3689
vn -0.0007 -1.0000 0.0065
vn -0.0406 -0.9216 0.3861
vn -0.0807 -0.9216 0.3797
vn -0.0014 -1.0000 0.0064
vn -0.0406 -0.9216 0.3861
vn -0.0742 -0.7039 0.7064
vn -0.1477 -0.7039 0.6948
vn -0.0807 -0.9216 0.3797
vn -0.0742 -0.7039 0.7064
vn -0.0967 -0.3804 0.9198
vn -0.1923 -0.3804 0.9046
vn -0.1477 -0.7039 0.6948
vn -0.0967 -0.3804 0.9198
vn -0.1045 -0.0000 0.9945
vn -0.2079 -0.0000 0.9781
vn -0.1923 -0.3804 0.9046
vn -0.2079 -0.0000 0.9781
vn -0.1923 0.3804 0.9046
vn -0.2858 0.3804 0.8796
vn -0.3090 -0.0000 0.9511
vn -0.1923 0.3804 0.9046
vn -0.1477 0.7039 0.6948
vn -0.2195 0.7039 0.6756
vn -0.2858 0.3804 0.8796
vn -0.1477 0.7039 0.6948
vn -0.0807 0.9216 0.3797
vn -0.1200 0.9216 0.3692
vn -0.2195 0.7039 0.6756
vn -0.0807 0.9216 0.3797
vn -0.0014 1.0000 0.0064
vn -0.0020 1.0000 0.0062
vn -0.1200 0.9216 0.3692
vn -0.0014 1.0000 0.0064
vn 0.0784 0.9262 -0.3689
vn 0.1165 0.9262 -0.3586
vn -0.0020 1.0000 0.0062
vn 0.0784 0.9262 -0.3689
vn 0.1463 0.7104 -0.6884
vn 0.2175 0.7104 -0.6694
vn 0.1165 0.9262 -0.3586
vn 0.1463 0.7104 -0.6884
vn 0.1919 0.3850 -0.9027
vn 0.2852 0.3850 -0.8777
vn 0.2175 0.7104 -0.6694
vn 0.1919 0.3850 -0.9027
vn 0.2079 -0.0000 -0.9781
vn 0.3090 0.0000 -0.9511
vn 0.2852 0.3850 -0.8777
vn 0.2079 -0.0000 -0.9781
vn 0.1919 -0.3850 -0.9027
vn 0.2852 -0.3850 -0.8777
vn 0.3090 0.0000 -0.9511
vn 0.1919 -0.3850 -0.9027
vn 0.1463 -0.7104 -0.6884
vn 0.2175 -0.7104 -0.6694
vn 0.2852 -0.3850 -0.8777
vn 0.1463 -0.7104 -0.6884
vn 0.0784 -0.9262 -0.3689
vn 0.1165 -0.9262 -0.3586
vn 0.2175 -0.7104 -0.6694
vn 0.0784 -0.9262 -0.3689
vn -0.0014 -1.0000 0.0064
vn -0.0020 -1.0000 0.0062
vn 0.1165 -0.9262 -0.3586
vn -0.0014 -1.0000 0.0064
vn -0.0807 -0.9216 0.3797
vn -0.1200 -0.9216 0.3692
vn -0.0020 -1.0000 0.0062
vn -0.0807 -0.9216 0.3797
vn -0.1477 -0.7039 0.6948
vn -0.2195 -0.7039 0.6756
vn -0.1200 -0.9216 0.3692
vn -0.1477 -0.7039 0.6948
vn -0.1923 -0.3804 0.9046
vn -0.2858 -0.3804 0.8796
vn -0.2195 -0.7039 0.6756
vn -0.1923 -0.3804 0.9046
vn -0.2079 -0.0000 0.9781
vn -0.3090 -0.0000 0.9511
vn -0.2858 -0.3804 0.8796
vn -0.3090 -0.0000 0.9511
vn -0.2858 0.3804 0.8796
vn -0.3762 0.3804 0.8449
vn -0.4067 -0.0000 0.9135
vn -0.2858 0.3804 0.8796
vn -0.2195 0.7039 0.6756
vn -0.2889 0.7039 0.6489
vn -0.3762 0.3804 0.8449
vn -0.2195 0.7039 0.6756
vn -0.1200 0.9216 0.3692
vn -0.1579 0.9216 0.3546
vn -0.2889 0.7039 0.6489
vn -0.1200 0.9216 0.3692
vn -0.0020 1.0000 0.0062
vn -0.0026 1.0000 0.0059
vn -0.1579 0.9216 0.3546
vn -0.0020 1.0000 0.0062
vn 0.1165 0.9262 -0.3586
vn 0.1534 0.9262 -0.3445
vn -0.0026 1.0000 0.0059
vn 0.1165 0.9262 -0.3586
vn 0.2175 0.7104 -0.6694
vn 0.2863 0.7104 -0.6430
vn 0.1534 0.9262 -0.3445
vn 0.2175 0.7104 -0.6694
vn 0.2852 0.3850 -0.8777
vn 0.3754 0.3850 -0.8431
vn 0.2863 0.7104 -0.6430
vn 0.2852 0.3850 -0.8777
vn 0.3090 0.0000 -0.9511
vn 0.4067 0.0000 -0.9135
vn 0.3754 0.3850 -0.8431
vn 0.3090 0.0000 -0.9511
vn 0.2852 -0.3850 -0.8777
vn 0.3754 -0.3850 -0.8431
vn 0.4067 0.0000 -0.9135
vn 0.2852 -0.3850 -0.8777
vn 0.2175 -0.7104 -0.6694
vn 0.2863 -0.7104 -0.6430
vn 0.3754 -0.3850 -0.8431
vn 0.2175 -0.7104 -0.6694
vn 0.1165 -0.9262 -0.3586
vn 0.1534 -0.9262 -0.3445
vn 0.2863 -0.7104 -0.6430
vn 0.1165 -0.9262 -0.3586
vn -0.0020 -1.0000 0.0062
vn -0.0026 -1.0000 0.0059
vn 0.1534 -0.9262 -0.3445
vn -0.0020 -1.0000 0.0062
vn -0.1200 -0.9216 0.3692
vn -0.1579 -0.9216 0.3546
vn -0.0026 -1.0000 0.0059
vn -0.1200 -0.9216 0.3692
vn -0.2195 -0.7039 0.6756
vn -0.2889 -0.7039 0.6489
vn -0.1579 -0.9216 0.3546
vn -0.2195 -0.7039 0.6756
vn -0.2858 -0.3804 0.8796
vn -0.3762 -0.3804 0.8449
vn -0.2889 -0.7039 0.6489
vn -0.2858 -0.3804 0.8796
vn -0.3090 -0.0000 0.9511
vn -0.4067 -0.0000 0.9135
vn -0.3762 -0.3804 0.8449
vn -0.4067 -0.0000 0.9135
vn -0.3762 0.3804 0.8449
vn -0.4624 0.3804 0.8009
vn -0.5000 -0.0000 0.8660
vn -0.3762 0.3804 0.8449
vn -0.2889 0.7039 0.6489
vn -0.3552 0.7039 0.6152
vn -0.4624 0.3804 0.8009
vn -0.2889 0.7039 0.6489
vn -0.1579 0.9216 0.3546
vn -0.1941 0.9216 0.3362
vn -0.3552 0.7039 0.6152
vn -0.1579 0.9216 0.3546
vn -0.0026 1.0000 0.0059
vn -0.0033 1.0000 0.0056
vn -0.1941 0.9216 0.3362
vn -0.0026 1.0000 0.0059
vn 0.1534 0.9262 -0.3445
vn 0.1886 0.9262 -0.3266
vn -0.0033 1.0000 0.0056
vn 0.1534 0.9262 -0.3445
vn 0.2863 0.7104 -0.6430
vn 0.3519 0.7104 -0.6095
vn 0.1886 0.9262 -0.3266
vn 0.2863 0.7104 -0.6430
vn 0.3754 0.3850 -0.8431
vn 0.4615 0.3850 -0.7993
vn 0.3519 0.7104 -0.6095
vn 0.3754 0.3850 -0.8431
vn 0.4067 0.0000 -0.9135
vn 0.5000 -0.0000 -0.8660
vn 0.4615 0.3850 -0.7993
vn 0.4067 0.0000 -0.9135
vn 0.3754 -0.3850 -0.8431
vn 0.4615 -0.3850 -0.7993
vn 0.5000 -0.0000 -0.8660
vn 0.3754 -0.3850 -0.8431
vn 0.2863 -0.7104 -0.6430
vn 0.3519 -0.7104 -0.6095
vn 0.4615 -0.3850 -0.7993
vn 0.2863 -0.7104 -0.6430
vn 0.1534 -0.9262 -0.3445
vn 0.1886 -0.9262 -0.3266
vn 0.3519 -0.7104 -0.6095
vn 0.1534 -0.9262 -0.3445
vn -0.0026 -1.0000 0.0059
vn -0.0033 -1.0000 0.0056
vn 0.1886 -0.9262 -0.3266
vn -0.0026 -1.0000 0.0059
vn -0.1579 -0.9216 0.3546
vn -0.1941 -0.9216 0.3362
vn -0.0033 -1.0000 0.0056
vn -0.1579 -0.9216 0.3546
vn -0.2889 -0.7039 0.6489
vn -0.3552 -0.7039 0.6152
vn -0.1941 -0.9216 0.3362
vn -0.2889 -0.7039 0.6489
vn -0.3762 -0.3804 0.8449
vn -0.4624 -0.3804 0.8009
vn -0.3552 -0.7039 0.6152
vn -0.3762 -0.3804 0.8449
vn -0.4067 -0.0000 0.9135
vn -0.5000 -0.0000 0.8660
vn -0.4624 -0.3804 0.8009
vn -0.5000 -0.0000 0.8660
vn -0.4624 0.3804 0.8009
vn -0.5436 0.3804 0.7482
vn -0.5878 -0.0000 0.8090
vn -0.4624 0.3804 0.8009
vn -0.3552 0.7039 0.6152
vn -0.4175 0.7039 0.5747
vn -0.5436 0.3804 0.7482
vn -0.3552 0.7039 0.6152
vn -0.1941 0.9216 0.3362
vn -0.2282 0.9216 0.3141
vn -0.4175 0.7039 0.5747
vn -0.1941 0.9216 0.3362
vn -0.0033 1.0000 0.0056
vn -0.0038 1.0000 0.0053
vn -0.2282 0.9216 0.3141
vn -0.0033 1.0000 0.0056
vn 0.1886 0.9262 -0.3266
vn 0.2217 0.9262 -0.3051
vn -0.0038 1.0000 0.0053
vn 0.1886 0.9262 -0.3266
vn 0.3519 0.7104 -0.6095
vn 0.4137 0.7104 -0.5694
vn 0.2217 0.9262 -0.3051
vn 0.3519 0.7104 -0.6095
vn 0.4615 0.3850 -0.7993
vn 0.5425 0.3850 -0.7467
vn 0.4137 0.7104 -0.5694
vn 0.4615 0.3850 -0.7993
vn 0.5000 -0.0000 -0.8660
vn 0.5878 -0.0000 -0.8090
vn 0.5425 0.3850 -0.7467
vn 0.5000 -0.0000 -0.8660
vn 0.4615 -0.3850 -0.7993
vn 0.5425 -0.3850 -0.7467
vn 0.5878 -0.0000 -0.8090
vn 0.4615 -0.3850 -0.7993
vn 0.3519 -0.7104 -0.6095
vn 0.4137 -0.7104 -0.5694
vn 0.5425 -0.3850 -0.7467
vn 0.3519 -0.7104 -0.6095
vn 0.1886 -0.9262 -0.3266
vn 0.2217 -0.9262 -0.3051
vn 0.4137 -0.7104 -0.5694
vn 0.1886 -0.9262 -0.3266
vn -0.0033 -1.0000 0.0056
vn -0.0038 -1.0000 0.0053
vn 0.2217 -0.9262 -0.3051
vn -0.0033 -1.0000 0.0056
vn -0.1941 -0.9216 0.3362
vn -0.2282 -0.9216 0.3141
vn -0.0038 -1.0000 0.0053
vn -0.1941 -0.9216 0.3362
vn -0.3552 -0.7039 0.6152
vn -0.4175 -0.7039 0.5747
vn -0.2282 -0.9216 0.3141
vn -0.3552 -0.7039 0.6152
vn -0.4624 -0.3804 0.8009
vn -0.5436 -0.3804 0.7482
vn -0.4175 -0.7039 0.5747
vn -0.4624 -0.3804 0.8009
vn -0.5000 -0.0000 0.8660
vn -0.5878 -0.0000 0.8090
vn -0.5436 -0.3804 0.7482
vn -0.5878 -0.0000 0.8090
vn -0.5436 0.3804 0.7482
vn -0.6188 0.3804 0.6873
vn -0.6691 0.0000 0.7431
vn -0.5436 0.3804 0.7482
vn -0.4175 0.7039 0.5747
vn -0.4753 0.7039 0.5279
vn -0.6188 0.3804 0.6873
vn -0.4175 0.7039 0.5747
vn -0.2282 0.9216 0.3141
vn -0.2598 0.9216 0.2885
vn -0.4753 0.7039 0.5279
vn -0.2282 0.9216 0.3141
vn -0.0038 1.0000 0.0053
vn -0.0044 1.0000 0.0048
vn -0.2598 0.9216 0.2885
vn -0.0038 1.0000 0.0053
vn 0.2217 0.9262 -0.3051
vn 0.2523 0.9262 -0.2802
vn -0.0044 1.0000 0.0048
vn 0.2217 0.9262 -0.3051
vn 0.4137 0.7104 -0.5694
vn 0.4710 0.7104 -0.5230
vn 0.2523 0.9262 -0.2802
vn 0.4137 0.7104 -0.5694
vn 0.5425 0.3850 -0.7467
vn 0.6176 0.3850 -0.6859
vn 0.4710 0.7104 -0.5230
vn 0.5425 0.3850 -0.7467
vn 0.5878 -0.0000 -0.8090
vn 0.6691 -0.0000 -0.7431
vn 0.6176 0.3850 -0.6859
vn 0.5878 -0.0000 -0.8090
vn 0.5425 -0.3850 -0.7467
vn 0.6176 -0.3850 -0.6859
vn 0.6691 -0.0000 -0.7431
vn 0.5425 -0.3850 -0.7467
vn 0.4137 -0.7104 -0.5694
vn 0.4710 -0.7104 -0.5230
vn 0.6176 -0.3850 -0.6859
vn 0.4137 -0.7104 -0.5694
vn 0.2217 -0.9262 -0.3051
vn 0.2523 -0.9262 -0.2802
vn 0.4710 -0.7104 -0.5230
vn 0.2217 -0.9262 -0.3051
vn -0.0038 -1.0000 0.0053
vn -0.0044 -1.0000 0.0048
vn 0.2523 -0.9262 -0.2802
vn -0.0038 -1.0000 0.0053
vn -0.2282 -0.9216 0.3141
vn -0.2598 -0.9216 0.2885
vn -0.0044 -1.0000 0.0048
vn -0.2282 -0.9216 0.3141
vn -0.4175 -0.7039 0.5747
vn -0.4753 -0.7039 0.5279
vn -0.2598 -0.9216 0.2885
vn -0.4175 -0.7039 0.5747
vn -0.5436 -0.3804 0.7482
vn -0.6188 -0.3804 0.6873
vn -0.4753 -0.7039 0.5279
vn -0.5436 -0.3804 0.7482
vn -0.5878 -0.0000 0.8090
vn -0.6691 0.0000 0.7431
vn -0.6188 -0.3804 0.6873
vn -0.6691 0.0000 0.7431
vn -0.6188 0.3804 0.6873
vn -0.6873 0.3804 0.6188
vn -0.7431 -0.0000 0.6691
vn -0.6188 0.3804 0.6873
vn -0.4753 0.7039 0.5279
vn -0.5279 0.7039 0.4753
vn -0.6873 0.3804 0.6188
vn -0.4753 0.7039 0.5279
vn -0.2598 0.9216 0.2885
vn -0.2885 0.9216 0.2598
vn -0.5279 0.7039 0.4753
vn -0.2598 0.9216 0.2885
vn -0.0044 1.0000 0.0048
vn -0.0048 1.0000 0.0044
vn -0.2885 0.9216 0.2598
vn -0.0044 1.0000 0.0048
vn 0.2523 0.9262 -0.2802
vn 0.2802 0.9262 -0.2523
vn -0.0048 1.0000 0.0044
vn 0.2523 0.9262 -0.2802
vn 0.4710 0.7104 -0.5230
vn 0.5230 0.7104 -0.4710
vn 0.2802 0.9262 -0.2523
vn 0.4710 0.7104 -0.5230
vn 0.6176 0.3850 -0.6859
vn 0.6859 0.3850 -0.6176
vn 0.5230 0.7104 -0.4710
vn 0.6176 0.3850 -0.6859
vn 0.6691 -0.0000 -0.7431
vn 0.7431 -0.0000 -0.6691
vn 0.6859 0.3850 -0.6176
vn 0.6691 -0.0000 -0.7431
vn 0.6176 -0.3850 -0.6859
vn 0.6859 -0.3850 -0.6176
vn 0.7431 -0.0000 -0.6691
vn 0.6176 -0.3850 -0.6859
vn 0.4710 -0.7104 -0.5230
vn 0.5230 -0.7104 -0.4710
vn 0.6859 -0.3850 -0.6176
vn 0.4710 -0.7104 -0.5230
vn 0.2523 -0.9262 -0.2802
vn 0.2802 -0.9262 -0.2523
vn 0.5230 -0.7104 -0.4710
vn 0.2523 -0.9262 -0.2802
vn -0.0044 -1.0000 0.0048
vn -0.0048 -1.0000 0.0044
vn 0.2802 -0.9262 -0.2523
vn -0.0044 -1.0000 0.0048
vn -0.2598 -0.9216 0.2885
vn -0.2885 -0.9216 0.2598
vn -0.0048 -1.0000 0.0044
vn -0.2598 -0.9216 0.2885
vn -0.4753 -0.7039 0.5279
vn -0.5279 -0.7039 0.4753
vn -0.2885 -0.9216 0.2598
vn -0.4753 -0.7039 0.5279
vn -0.6188 -0.3804 0.6873
vn -0.6873 -0.3804 0.6188
vn -0.5279 -0.7039 0.4753
vn -0.6188 -0.3804 0.6873
vn -0.6691 0.0000 0.7431
vn -0.7431 -0.0000 0.6691
vn -0.6873 -0.3804 0.6188
vn -0.7431 -0.0000 0.6691
vn -0.6873 0.3804 0.6188
vn -0.7482 0.3804 0.5436
vn -0.8090 -0.0000 0.5878
vn -0.6873 0.3804 0.6188
vn -0.5279 0.7039 0.4753
vn -0.5747 0.7039 0.4175
vn -0.7482 0.3804 0.5436
vn -0.5279 0.7039 0.4753
vn -0.2885 0.9216 0.2598
vn -0.3141 0.9216 0.2282
vn -0.5747 0.7039 0.4175
vn -0.2885 0.9216 0.2598
vn -0.0048 1.0000 0.0044
vn -0.0053 1.0000 0.0038
vn -0.3141 0.9216 0.2282
vn -0.0048 1.0000 0.0044
vn 0.2802 0.9262 -0.2523
vn 0.3051 0.9262 -0.2217
vn -0.0053 1.0000 0.0038
vn 0.2802 0.9262 -0.2523
vn 0.5230 0.7104 -0.4710
vn 0.5694 0.7104 -0.4137
vn 0.3051 0.9262 -0.2217
vn 0.5230 0.7104 -0.4710
vn 0.6859 0.3850 -0.6176
vn 0.7467 0.3850 -0.5425
vn 0.5694 0.7104 -0.4137
vn 0.6859 0.3850 -0.6176
vn 0.7431 -0.0000 -0.6691
vn 0.8090 0.0000 -0.5878
vn 0.7467 0.3850 -0.5425
vn 0.7431 -0.0000 -0.6691
vn 0.6859 -0.3850 -0.6176
vn 0.7467 -0.3850 -0.5425
vn 0.8090 0.0000 -0.5878
vn 0.6859 -0.3850 -0.6176
vn 0.5230 -0.7104 -0.4710
vn 0.5694 -0.7104 -0.4137
vn 0.7467 -0.3850 -0.5425
vn 0.5230 -0.7104 -0.4710
vn 0.2802 -0.9262 -0.2523
vn 0.3051 -0.9262 -0.2217
vn 0.5694 -0.7104 -0.4137
vn 0.2802 -0.9262 -0.2523
vn -0.0048 -1.0000 0.0044
vn -0.0053 -1.0000 0.0038
vn 0.3051 -0.9262 -0.2217
vn -0.0048 -1.0000 0.0044
vn -0.2885 -0.9216 0.2598
vn -0.3141 -0.9216 0.2282
vn -0.0053 -1.0000 0.0038
vn -0.2885 -0.9216 0.2598
vn -0.5279 -0.7039 0.4753
vn -0.5747 -0.7039 0.4175
vn -0.3141 -0.9216 0.2282
vn -0.5279 -0.7039 0.4753
vn -0.6873 -0.3804 0.6188
vn -0.7482 -0.3804 0.5436
vn -0.5747 -0.7039 0.4175
vn -0.6873 -0.3804 0.6188
vn -0.7431 -0.0000 0.6691
vn -0.8090 -0.0000 0.5878
vn -0.7482 -0.3804 0.5436
vn -0.8090 -0.0000 0.5878
vn -0.7482 0.3804 0.5436
vn -0.8009 0.3804 0.4624
vn -0.8660 -0.0000 0.5000
vn -0.7482 0.3804 0.5436
vn -0.5747 0.7039 0.4175
vn -0.6152 0.7039 0.3552
vn -0.8009 0.3804 0.4624
vn -0.5747 0.7039 0.4175
vn -0.3141 0.9216 0.2282
vn -0.3362 0.9216 0.1941
vn -0.6152 0.7039 0.3552
vn -0.3141 0.9216 0.2282
vn -0.0053 1.0000 0.0038
vn -0.0056 1.0000 0.0033
vn -0.3362 0.9216 0.1941
vn -0.0053 1.0000 0.0038
vn 0.3051 0.9262 -0.2217
vn 0.3266 0.9262 -0.1886
vn -0.0056 1.0000 0.0033
vn 0.3051 0.9262 -0.2217
vn 0.5694 0.7104 -0.4137
vn 0.6095 0.7104 -0.3519
vn 0.3266 0.9262 -0.1886
vn 0.5694 0.7104 -0.4137
vn 0.7467 0.3850 -0.5425
vn 0.7993 0.3850 -0.4615
vn 0.6095 0.7104 -0.3519
vn 0.7467 0.3850 -0.5425
vn 0.8090 0.0000 -0.5878
vn 0.8660 0.0000 -0.5000
vn 0.7993 0.3850 -0.4615
vn 0.8090 0.0000 -0.5878
vn 0.7467 -0.3850 -0.5425
vn 0.7993 -0.3850 -0.4615
vn 0.8660 0.0000 -0.5000
vn 0.7467 -0.3850 -0.5425
vn 0.5694 -0.7104 -0.4137
vn 0.6095 -0.7104 -0.3519
vn 0.7993 -0.3850 -0.4615
vn 0.5694 -0.7104 -0.4137
vn 0.3051 -0.9262 -0.2217
vn 0.3266 -0.9262 -0.1886
vn 0.6095 -0.7104 -0.3519
vn 0.3051 -0.9262 -0.2217
vn -0.0053 -1.0000 0.0038
vn -0.0056 -1.0000 0.0033
vn 0.3266 -0.9262 -0.1886
vn -0.0053 -1.0000 0.0038
vn -0.3141 -0.9216 0.2282
vn -0.3362 -0.9216 0.1941
vn -0.0056 -1.0000 0.0033
vn -0.3141 -0.9216 0.2282
vn -0.5747 -0.7039 0.4175
vn -0.6152 -0.7039 0.3552
vn -0.3362 -0.9216 0.1941
vn -0.5747 -0.7039 0.4175
vn -0.7482 -0.3804 0.5436
vn -0.8009 -0.3804 0.4624
vn -0.6152 -0.7039 0.3552
vn -0.7482 -0.3804 0.5436
vn -0.8090 -0.0000 0.5878
vn -0.8660 -0.0000 0.5000
vn -0.8009 -0.3804 0.4624
vn -0.8660 -0.0000 0.5000
vn -0.8009 0.3804 0.4624
vn -0.8449 0.3804 0.3762
vn -0.9135 -0.0000 0.4067
vn -0.8009 0.3804 0.4624
vn -0.6152 0.7039 0.3552
vn -0.6489 0.7039 0.2889
vn -0.8449 0.3804 0.3762
vn -0.6152 0.7039 0.3552
vn -0.3362 0.9216 0.1941
vn -0.3546 0.9216 0.1579
vn -0.6489 0.7039 0.2889
vn -0.3362 0.9216 0.1941
vn -0.0056 1.0000 0.0033
vn -0.0059 1.0000 0.0026
vn -0.3546 0.9216 0.1579
vn -0.0056 1.0000 0.0033
vn 0.3266 0.9262 -0.1886
vn 0.3445 0.9262 -0.1534
vn -0.0059 1.0000 0.0026
vn 0.3266 0.9262 -0.1886
vn 0.6095 0.7104 -0.3519
vn 0.6430 0.7104 -0.2863
vn 0.3445 0.9262 -0.1534
vn 0.6095 0.7104 -0.3519
vn 0.7993 0.3850 -0.4615
vn 0.8431 0.3850 -0.3754
vn 0.6430 0.7104 -0.2863
vn 0.7993 0.3850 -0.4615
vn 0.8660 0.0000 -0.5000
vn 0.9135 -0.0000 -0.4067
vn 0.8431 0.3850 -0.3754
vn 0.8660 0.0000 -0.5000
vn 0.7993 -0.3850 -0.4615
vn 0.8431 -0.3850 -0.3754
vn 0.9135 -0.0000 -0.4067
vn 0.7993 -0.3850 -0.4615
vn 0.6095 -0.7104 -0.3519
vn 0.6430 -0.7104 -0.2863
vn 0.8431 -0.3850 -0.3754
vn 0.6095 -0.7104 -0.3519
vn 0.3266 -0.9262 -0.1886
vn 0.3445 -0.9262 -0.1534
vn 0.6430 -0.7104 -0.2863
vn 0.3266 -0.9262 -0.1886
vn -0.0056 -1.0000 0.0033
vn -0.0059 -1.0000 0.0026
vn 0.3445 -0.9262 -0.1534
vn -0.0056 -1.0000 0.0033
vn -0.3362 -0.9216 0.1941
vn -0.3546 -0.9216 0.1579
vn -0.0059 -1.0000 0.0026
vn -0.3362 -0.9216 0.1941
vn -0.6152 -0.7039 0.3552
vn -0.6489 -0.7039 0.2889
vn -0.3546 -0.9216 0.1579
vn -0.6152 -0.7039 0.3552
vn -0.8009 -0.3804 0.4624
vn -0.8449 -0.3804 0.3762
vn -0.6489 -0.7039 0.2889
vn -0.8009 -0.3804 0.4624
vn -0.8660 -0.0000 0.5000
vn -0.9135 -0.0000 0.4067
vn -0.8449 -0.3804 0.3762
vn -0.9135 -0.0000 0.4067
vn -0.8449 0.3804 0.3762
vn -0.8796 0.3804 0.2858
vn -0.9511 -0.0000 0.3090
vn -0.8449 0.3804 0.3762
vn -0.6489 0.7039 0.2889
vn -0.6756 0.7039 0.2195
vn -0.8796 0.3804 0.2858
vn -0.6489 0.7039 0.2889
vn -0.3546 0.9216 0.1579
vn -0.3692 0.9216 0.1200
vn -0.6756 0.7039 0.2195
vn -0.3546 0.9216 0.1579
vn -0.0059 1.0000 0.0026
vn -0.0062 1.0000 0.0020
vn -0.3692 0.9216 0.1200
vn -0.0059 1.0000 0.0026
vn 0.3445 0.9262 -0.1534
vn 0.3586 0.9262 -0.1165
vn -0.0062 1.0000 0.0020
vn 0.3445 0.9262 -0.1534
vn 0.6430 0.7104 -0.2863
vn 0.6694 0.7104 -0.2175
vn 0.3586 0.9262 -0.1165
vn 0.6430 0.7104 -0.2863
vn 0.8431 0.3850 -0.3754
vn 0.8777 0.3850 -0.2852
vn 0.6694 0.7104 -0.2175
vn 0.8431 0.3850 -0.3754
vn 0.9135 -0.0000 -0.4067
vn 0.9511 -0.0000 -0.3090
vn 0.8777 0.3850 -0.2852
vn 0.9135 -0.0000 -0.4067
vn 0.8431 -0.3850 -0.3754
vn 0.8777 -0.3850 -0.2852
vn 0.9511 -0.0000 -0.3090
vn 0.8431 -0.3850 -0.3754
vn 0.6430 -0.7104 -0.2863
vn 0.6694 -0.7104 -0.2175
vn 0.8777 -0.3850 -0.2852
vn 0.6430 -0.7104 -0.2863
vn 0.3445 -0.9262 -0.1534
vn 0.3586 -0.9262 -0.1165
vn 0.6694 -0.7104 -0.2175
vn 0.3445 -0.9262 -0.1534
vn -0.0059 -1.0000 0.0026
vn -0.0062 -1.0000 0.0020
vn 0.3586 -0.9262 -0.1165
vn -0.0059 -1.0000 0.0026
vn -0.3546 -0.9216 0.1579
vn -0.3692 -0.9216 0.1200
vn -0.0062 -1.0000 0.0020
vn -0.3546 -0.9216 0.1579
vn -0.6489 -0.7039 0.2889
vn -0.6756 -0.7039 0.2195
vn -0.3692 -0.9216 0.1200
vn -0.6489 -0.7039 0.2889
vn -0.8449 -0.3804 0.3762
vn -0.8796 -0.3804 0.2858
vn -0.6756 -0.7039 0.2195
vn -0.8449 -0.3804 0.3762
vn -0.9135 -0.0000 0.4067
vn -0.9511 -0.0000 0.3090
vn -0.8796 -0.3804 0.2858
vn -0.9511 -0.0000 0.3090
vn -0.8796 0.3804 0.2858
vn -0.9046 0.3804 0.1923
vn -0.9781 0.0000 0.2079
vn -0.8796 0.3804 0.2858
vn -0.6756 0.7039 0.2195
vn -0.6948 0.7039 0.1477
vn -0.9046 0.3804 0.1923
vn -0.6756 0.7039 0.2195
vn -0.3692 0.9216 0.1200
vn -0.3797 0.9216 0.0807
vn -0.6948 0.7039 0.1477
vn -0.3692 0.9216 0.1200
vn -0.0062 1.0000 0.0020
vn -0.0064 1.0000 0.0014
vn -0.3797 0.9216 0.0807
vn -0.0062 1.0000 0.0020
vn 0.3586 0.9262 -0.1165
vn 0.3689 0.9262 -0.0784
vn -0.0064 1.0000 0.0014
vn 0.3586 0.9262 -0.1165
vn 0.6694 0.7104 -0.2175
vn 0.6884 0.7104 -0.1463
vn 0.3689 0.9262 -0.0784
vn 0.6694 0.7104 -0.2175
vn 0.8777 0.3850 -0.2852
vn 0.9027 0.3850 -0.1919
vn 0.6884 0.7104 -0.1463
vn 0.8777 0.3850 -0.2852
vn 0.9511 -0.0000 -0.3090
vn 0.9781 0.0000 -0.2079
vn 0.9027 0.3850 -0.1919
vn 0.9511 -0.0000 -0.3090
vn 0.8777 -0.3850 -0.2852
vn 0.9027 -0.3850 -0.1919
vn 0.9781 0.0000 -0.2079
vn 0.8777 -0.3850 -0.2852
vn 0.6694 -0.7104 -0.2175
vn 0.6884 -0.7104 -0.1463
vn 0.9027 -0.3850 -0.1919
vn 0.6694 -0.7104 -0.2175
vn 0.3586 -0.9262 -0.1165
vn 0.3689 -0.9262 -0.0784
vn 0.6884 -0.7104 -0.1463
vn 0.3586 -0.9262 -0.1165
vn -0.0062 -1.0000 0.0020
vn -0.0064 -1.0000 0.0014
vn 0.3689 -0.9262 -0.0784
vn -0.0062 -1.0000 0.0020
vn -0.3692 -0.9216 0.1200
vn -0.3797 -0.9216 0.0807
vn -0.0064 -1.0000 0.0014
vn -0.3692 -0.9216 0.1200
vn -0.6756 -0.7039 0.2195
vn -0.6948 -0.7039 0.1477
vn -0.3797 -0.9216 0.0807
vn -0.6756 -0.7039 0.2195
vn -0.8796 -0.3804 0.2858
vn -0.9046 -0.3804 0.1923
vn -0.6948 -0.7039 0.1477
vn -0.8796 -0.3804 0.2858
vn -0.9511 -0.0000 0.3090
vn -0.9781 0.0000 0.2079
vn -0.9046 -0.3804 0.1923
vn -0.9781 0.0000 0.2079
vn -0.9046 0.3804 0.1923
vn -0.9198 0.3804 0.0967
vn -0.9945 -0.0000 0.1045
vn -0.9046 0.3804 0.1923
vn -0.6948 0.7039 0.1477
vn -0.7064 0.7039 0.0743
vn -0.9198 0.3804 0.0967
vn -0.6948 0.7039 0.1477
vn -0.3797 0.9216 0.0807
vn -0.3861 0.9216 0.0406
vn -0.7064 0.7039 0.0743
vn -0.3797 0.9216 0.0807
vn -0.0064 1.0000 0.0014
vn -0.0065 1.0000 0.0007
vn -0.3861 0.9216 0.0406
vn -0.0064 1.0000 0.0014
vn 0.3689 0.9262 -0.0784
vn 0.3750 0.9262 -0.0394
vn -0.0065 1.0000 0.0007
vn 0.3689 0.9262 -0.0784
vn 0.6884 0.7104 -0.1463
vn 0.7000 0.7104 -0.0736
vn 0.3750 0.9262 -0.0394
vn 0.6884 0.7104 -0.1463
vn 0.9027 0.3850 -0.1919
vn 0.9179 0.3850 -0.0965
vn 0.7000 0.7104 -0.0736
vn 0.9027 0.3850 -0.1919
vn 0.9781 0.0000 -0.2079
vn 0.9945 -0.0000 -0.1045
vn 0.9179 0.3850 -0.0965
vn 0.9781 0.0000 -0.2079
vn 0.9027 -0.3850 -0.1919
vn 0.9179 -0.3850 -0.0965
vn 0.9945 -0.0000 -0.1045
vn 0.9027 -0.3850 -0.1919
vn 0.6884 -0.7104 -0.1463
vn 0.7000 -0.7104 -0.0736
vn 0.9179 -0.3850 -0.0965
vn 0.6884 -0.7104 -0.1463
vn 0.3689 -0.9262 -0.0784
vn 0.3750 -0.9262 -0.0394
vn 0.7000 -0.7104 -0.0736
vn 0.3689 -0.9262 -0.0784
vn -0.0064 -1.0000 0.0014
vn -0.0065 -1.0000 0.0007
vn 0.3750 -0.9262 -0.0394
vn -0.0064 -1.0000 0.0014
vn -0.3797 -0.9216 0.0807
vn -0.3861 -0.9216 0.0406
vn -0.0065 -1.0000 0.0007
vn -0.3797 -0.9216 0.0807
vn -0.6948 -0.7039 0.1477
vn -0.7064 -0.7039 0.0743
vn -0.3861 -0.9216 0.0406
vn -0.6948 -0.7039 0.1477
vn -0.9046 -0.3804 0.1923
vn -0.9198 -0.3804 0.0967
vn -0.7064 -0.7039 0.0743
vn -0.9046 -0.3804 0.1923
vn -0.9781 0.0000 0.2079
vn -0.9945 -0.0000 0.1045
vn -0.9198 -0.3804 0.0967
vn -0.9945 -0.0000 0.1045
vn -0.9198 0.3804 0.0967
vn -0.9248 0.3804 0.0000
vn -1.0000 -0.0000 0.0000
vn -0.9198 0.3804 0.0967
vn -0.7064 0.7039 0.0743
vn -0.7103 0.7039 0.0000
vn -0.9248 0.3804 0.0000
vn -0.7064 0.7039 0.0743
vn -0.3861 0.9216 0.0406
vn -0.3882 0.9216 0.0000
vn -0.7103 0.7039 0.0000
vn -0.3861 0.9216 0.0406
vn -0.0065 1.0000 0.0007
vn -0.0065 1.0000 0.0000
vn -0.3882 0.9216 0.0000
vn -0.0065 1.0000 0.0007
vn 0.3750 0.9262 -0.0394
vn 0.3771 0.9262 -0.0000
vn -0.0065 1.0000 0.0000
vn 0.3750 0.9262 -0.0394
vn 0.7000 0.7104 -0.0736
vn 0.7038 0.7104 -0.0000
vn 0.3771 0.9262 -0.0000
vn 0.7000 0.7104 -0.0736
vn 0.9179 0.3850 -0.0965
vn 0.9229 0.3850 -0.0000
vn 0.7038 0.7104 -0.0000
vn 0.9179 0.3850 -0.0965
vn 0.9945 -0.0000 -0.1045
vn 1.0000 -0.0000 -0.0000
vn 0.9229 0.3850 -0.0000
vn 0.9945 -0.0000 -0.1045
vn 0.9179 -0.3850 -0.0965
vn 0.9229 -0.3850 -0.0000
vn 1.0000 -0.0000 -0.0000
vn 0.9179 -0.3850 -0.0965
vn 0.7000 -0.7104 -0.0736
vn 0.7038 -0.7104 -0.0000
vn 0.9229 -0.3850 -0.0000
vn 0.7000 -0.7104 -0.0736
vn 0.3750 -0.9262 -0.0394
vn 0.3771 -0.9262 -0.0000
vn 0.7038 -0.7104 -0.0000
vn 0.3750 -0.9262 -0.0394
vn -0.0065 -1.0000 0.0007
vn -0.0065 -1.0000 0.0000
vn 0.3771 -0.9262 -0.0000
vn -0.0065 -1.0000 0.0007
vn -0.3861 -0.9216 0.0406
vn -0.3882 -0.9216 0.0000
vn -0.0065 -1.0000 0.0000
vn -0.3861 -0.9216 0.0406
vn -0.7064 -0.7039 0.0743
vn -0.7103 -0.7039 0.0000
vn -0.3882 -0.9216 0.0000
vn -0.7064 -0.7039 0.0743
vn -0.9198 -0.3804 0.0967
vn -0.9248 -0.3804 0.0000
vn -0.7103 -0.7039 0.0000
vn -0.9198 -0.3804 0.0967
vn -0.9945 -0.0000 0.1045
vn -1.0000 -0.0000 0.0000
vn -0.9248 -0.3804 0.0000
vn -1.0000 -0.0000 0.0000
vn -0.9248 0.3804 0.0000
vn -0.9198 0.3804 -0.0967
vn -0.9945 -0.0000 -0.1045
vn -0.9248 0.3804 0.0000
vn -0.7103 0.7039 0.0000
vn -0.7064 0.7039 -0.0742
vn -0.9198 0.3804 -0.0967
vn -0.7103 0.7039 0.0000
vn -0.3882 0.9216 0.0000
vn -0.3861 0.9216 -0.0406
vn -0.7064 0.7039 -0.0742
vn -0.3882 0.9216 0.0000
vn -0.0065 1.0000 0.0000
vn -0.0065 1.0000 -0.0007
vn -0.3861 0.9216 -0.0406
vn -0.0065 1.0000 0.0000
vn 0.3771 0.9262 -0.0000
vn 0.3750 0.9262 0.0394
vn -0.0065 1.0000 -0.0007
vn 0.3771 0.9262 -0.0000
vn 0.7038 0.7104 -0.0000
vn 0.7000 0.7104 0.0736
vn 0.3750 0.9262 0.0394
vn 0.7038 0.7104 -0.0000
vn 0.9229 0.3850 -0.0000
vn 0.9179 0.3850 0.0965
vn 0.7000 0.7104 0.0736
vn 0.9229 0.3850 -0.0000
vn 1.0000 -0.0000 -0.0000
vn 0.9945 0.0000 0.1045
vn 0.9179 0.3850 0.0965
vn 1.0000 -0.0000 -0.0000
vn 0.9229 -0.3850 -0.0000
vn 0.9179 -0.3850 0.0965
vn 0.9945 0.0000 0.1045
vn 0.9229 -0.3850 -0.0000
vn 0.7038 -0.7104 -0.0000
vn 0.7000 -0.7104 0.0736
vn 0.9179 -0.3850 0.0965
vn 0.7038 -0.7104 -0.0000
vn 0.3771 -0.9262 -0.0000
vn 0.3750 -0.9262 0.0394
vn 0.7000 -0.7104 0.0736
vn 0.3771 -0.9262 -0.0000
vn -0.0065 -1.0000 0.0000
vn -0.0065 -1.0000 -0.0007
vn 0.3750 -0.9262 0.0394
vn -0.0065 -1.0000 0.0000
vn -0.3882 -0.9216 0.0000
vn -0.3861 -0.9216 -0.0406
vn -0.0065 -1.0000 -0.0007
vn -0.3882 -0.9216 0.0000
vn -0.7103 -0.7039 0.0000
vn -0.7064 -0.7039 -0.0742
vn -0.3861 -0.9216 -0.0406
vn -0.7103 -0.7039 0.0000
vn -0.9248 -0.3804 0.0000
vn -0.9198 -0.3804 -0.0967
vn -0.7064 -0.7039 -0.0742
vn -0.9248 -0.3804 0.0000
vn -1.0000 -0.0000 0.0000
vn -0.9945 -0.0000 -0.1045
vn -0.9198 -0.3804 -0.0967
vn -0.9945 -0.0000 -0.1045
vn -0.9198 0.3804 -0.0967
vn -0.9046 0.3804 -0.1923
vn -0.9781 -0.0000 -0.2079
vn -0.9198 0.3804 -0.0967
vn -0.7064 0.7039 -0.0742
vn -0.6948 0.7039 -0.1477
vn -0.9046 0.3804 -0.1923
vn -0.7064 0.7039 -0.0742
vn -0.3861 0.9216 -0.0406
vn -0.3797 0.9216 -0.0807
vn -0.6948 0.7039 -0.1477
vn -0.3861 0.9216 -0.0406
vn -0.0065 1.0000 -0.0007
vn -0.0064 1.0000 -0.0014
vn -0.3797 0.9216 -0.0807
vn -0.0065 1.0000 -0.0007
vn 0.3750 0.9262 0.0394
vn 0.3689 0.9262 0.0784
vn -0.0064 1.0000 -0.0014
vn 0.3750 0.9262 0.0394
vn 0.7000 0.7104 0.0736
vn 0.6884 0.7104 0.1463
vn 0.3689 0.9262 0.0784
vn 0.7000 0.7104 0.0736
vn 0.9179 0.3850 0.0965
vn 0.9027 0.3850 0.1919
vn 0.6884 0.7104 0.1463
vn 0.9179 0.3850 0.0965
vn 0.9945 0.0000 0.1045
vn 0.9781 0.0000 0.2079
vn 0.9027 0.3850 0.1919
vn 0.9945 0.0000 0.1045
vn 0.9179 -0.3850 0.0965
vn 0.9027 -0.3850 0.1919
vn 0.9781 0.0000 0.2079
vn 0.9179 -0.3850 0.0965
vn 0.7000 -0.7104 0.0736
vn 0.6884 -0.7104 0.1463
vn 0.9027 -0.3850 0.1919
vn 0.7000 -0.7104 0.0736
vn 0.3750 -0.9262 0.0394
vn 0.3689 -0.9262 0.0784
vn 0.6884 -0.7104 0.1463
vn 0.3750 -0.9262 0.0394
vn -0.0065 -1.0000 -0.0007
vn -0.0064 -1.0000 -0.0014
vn 0.3689 -0.9262 0.0784
vn -0.0065 -1.0000 -0.0007
vn -0.3861 -0.9216 -0.0406
vn -0.3797 -0.9216 -0.0807
vn -0.0064 -1.0000 -0.0014
vn -0.3861 -0.9216 -0.0406
vn -0.7064 -0.7039 -0.0742
vn -0.6948 -0.7039 -0.1477
vn -0.3797 -0.9216 -0.0807
vn -0.7064 -0.7039 -0.0742
vn -0.9198 -0.3804 -0.0967
vn -0.9046 -0.3804 -0.1923
vn -0.6948 -0.7039 -0.1477
vn -0.9198 -0.3804 -0.0967
vn -0.9945 -0.0000 -0.1045
vn -0.9781 -0.0000 -0.2079
vn -0.9046 -0.3804 -0.1923
vn -0.9781 -0.0000 -0.2079
vn -0.9046 0.3804 -0.1923
vn -0.8796 0.3804 -0.2858
vn -0.9511 -0.0000 -0.3090
vn -0.9046 0.3804 -0.1923
vn -0.6948 0.7039 -0.1477
vn -0.6756 0.7039 -0.2195
vn -0.8796 0.3804 -0.2858
vn -0.6948 0.7039 -0.1477
vn -0.3797 0.9216 -0.0807
vn -0.3692 0.9216 -0.1200
vn -0.6756 0.7039 -0.2195
vn -0.3797 0.9216 -0.0807
vn -0.0064 1.0000 -0.0014
vn -0.0062 1.0000 -0.0020
vn -0.3692 0.9216 -0.1200
vn -0.0064 1.0000 -0.0014
vn 0.3689 0.9262 0.0784
vn 0.3586 0.9262 0.1165
vn -0.0062 1.0000 -0.0020
vn 0.3689 0.9262 0.0784
vn 0.6884 0.7104 0.1463
vn 0.6694 0.7104 0.2175
vn 0.3586 0.9262 0.1165
vn 0.6884 0.7104 0.1463
vn 0.9027 0.3850 0.1919
vn 0.8777 0.3850 0.2852
vn 0.6694 0.7104 0.2175
vn 0.9027 0.3850 0.1919
vn 0.9781 0.0000 0.2079
vn 0.9511 0.0000 0.3090
vn 0.8777 0.3850 0.2852
vn 0.9781 0.0000 0.2079
vn 0.9027 -0.3850 0.1919
vn 0.8777 -0.3850 0.2852
vn 0.9511 0.0000 0.3090
vn 0.9027 -0.3850 0.1919
vn 0.6884 -0.7104 0.1463
vn 0.6694 -0.7104 0.2175
vn 0.8777 -0.3850 0.2852
vn 0.6884 -0.7104 0.1463
vn 0.3689 -0.9262 0.0784
vn 0.3586 -0.9262 0.1165
vn 0.6694 -0.7104 0.2175
vn 0.3689 -0.9262 0.0784
vn -0.0064 -1.0000 -0.0014
vn -0.0062 -1.0000 -0.0020
vn 0.3586 -0.9262 0.1165
vn -0.0064 -1.0000 -0.0014
vn -0.3797 -0.9216 -0.0807
vn -0.3692 -0.9216 -0.1200
vn -0.0062 -1.0000 -0.0020
vn -0.3797 -0.9216 -0.0807
vn -0.6948 -0.7039 -0.1477
vn -0.6756 -0.7039 -0.2195
vn -0.3692 -0.9216 -0.1200
vn -0.6948 -0.7039 -0.1477
vn -0.9046 -0.3804 -0.1923
vn -0.8796 -0.3804 -0.2858
vn -0.6756 -0.7039 -0.2195
vn -0.9046 -0.3804 -0.1923
vn -0.9781 -0.0000 -0.2079
vn -0.9511 -0.0000 -0.3090
vn -0.8796 -0.3804 -0.2858
vn -0.9511 -0.0000 -0.3090
vn -0.8796 0.3804 -0.2858
vn -0.8449 0.3804 -0.3762
vn -0.9135 -0.0000 -0.4067
vn -0.8796 0.3804 -0.2858
vn -0.6756 0.7039 -0.2195
vn -0.6489 0.7039 -0.2889
vn -0.8449 0.3804 -0.3762
vn -0.6756 0.7039 -0.2195
vn -0.3692 0.9216 -0.1200
vn -0.3546 0.9216 -0.1579
vn -0.6489 0.7039 -0.2889
vn -0.3692 0.9216 -0.1200
vn -0.0062 1.0000 -0.0020
vn -0.0059 1.0000 -0.0026
vn -0.3546 0.9216 -0.1579
vn -0.0062 1.0000 -0.0020
vn 0.3586 0.9262 0.1165
vn 0.3445 0.9262 0.1534
vn -0.0059 1.0000 -0.0026
vn 0.3586 0.9262 0.1165
vn 0.6694 0.7104 0.2175
vn 0.6430 0.7104 0.2863
vn 0.3445 0.9262 0.1534
vn 0.6694 0.7104 0.2175
vn 0.8777 0.3850 0.2852
vn 0.8431 0.3850 0.3754
vn 0.6430 0.7104 0.2863
vn 0.8777 0.3850 0.2852
vn 0.9511 0.0000 0.3090
vn 0.9135 -0.0000 0.4067
vn 0.8431 0.3850 0.3754
vn 0.9511 0.0000 0.3090
vn 0.8777 -0.3850 0.2852
vn 0.8431 -0.3850 0.3754
vn 0.9135 -0.0000 0.4067
vn 0.8777 -0.3850 0.2852
vn 0.6694 -0.7104 0.2175
vn 0.6430 -0.7104 0.2863
vn 0.8431 -0.3850 0.3754
vn 0.6694 -0.7104 0.2175
vn 0.3586 -0.9262 0.1165
vn 0.3445 -0.9262 0.1534
vn 0.6430 -0.7104 0.2863
vn 0.3586 -0.9262 0.1165
vn -0.0062 -1.0000 -0.0020
vn -0.0059 -1.0000 -0.0026
vn 0.3445 -0.9262 0.1534
vn -0.0062 -1.0000 -0.0020
vn -0.3692 -0.9216 -0.1200
vn -0.3546 -0.9216 -0.1579
vn -0.0059 -1.0000 -0.0026
vn -0.3692 -0.9216 -0.1200
vn -0.6756 -0.7039 -0.2195
vn -0.6489 -0.7039 -0.2889
vn -0.3546 -0.9216 -0.1579
vn -0.6756 -0.7039 -0.2195
vn -0.8796 -0.3804 -0.2858
vn -0.8449 -0.3804 -0.3762
vn -0.6489 -0.7039 -0.2889
vn -0.8796 -0.3804 -0.2858
vn -0.9511 -0.0000 -0.3090
vn -0.9135 -0.0000 -0.4067
vn -0.8449 -0.3804 -0.3762
vn -0.9135 -0.0000 -0.4067
vn -0.8449 0.3804 -0.3762
vn -0.8009 0.3804 -0.4624
vn -0.8660 -0.0000 -0.5000
vn -0.8449 0.3804 -0.3762
vn -0.6489 0.7039 -0.2889
vn -0.6152 0.7039 -0.3552
vn -0.8009 0.3804 -0.4624
vn -0.6489 0.7039 -0.2889
vn -0.3546 0.9216 -0.1579
vn -0.3362 0.9216 -0.1941
vn -0.6152 0.7039 -0.3552
vn -0.3546 0.9216 -0.1579
vn -0.0059 1.0000 -0.0026
vn -0.0056 1.0000 -0.0033
vn -0.3362 0.9216 -0.1941
vn -0.0059 1.0000 -0.0026
vn 0.3445 0.9262 0.1534
vn 0.3266 0.9262 0.1886
vn -0.0056 1.0000 -0.0033
vn 0.3445 0.9262 0.1534
vn 0.6430 0.7104 0.2863
vn 0.6095 0.7104 0.3519
vn 0.3266 0.9262 0.1886
vn 0.6430 0.7104 0.2863
vn 0.8431 0.3850 0.3754
vn 0.7993 0.3850 0.4615
vn 0.6095 0.7104 0.3519
vn 0.8431 0.3850 0.3754
vn 0.9135 -0.0000 0.4067
vn 0.8660 -0.0000 0.5000
vn 0.7993 0.3850 0.4615
vn 0.9135 -0.0000 0.4067
vn 0.8431 -0.3850 0.3754
vn 0.7993 -0.3850 0.4615
vn 0.8660 -0.0000 0.5000
vn 0.8431 -0.3850 0.3754
vn 0.6430 -0.7104 0.2863
vn 0.6095 -0.7104 0.3519
vn 0.7993 -0.3850 0.4615
vn 0.6430 -0.7104 0.2863
vn 0.3445 -0.9262 0.1534
vn 0.3266 -0.9262 0.1886
vn 0.6095 -0.7104 0.3519
vn 0.3445 -0.9262 0.1534
vn -0.0059 -1.0000 -0.0026
vn -0.0056 -1.0000 -0.0033
vn 0.3266 -0.9262 0.1886
vn -0.0059 -1.0000 -0.0026
vn -0.3546 -0.9216 -0.1579
vn -0.3362 -0.9216 -0.1941
vn -0.0056 -1.0000 -0.0033
vn -0.3546 -0.9216 -0.1579
vn -0.6489 -0.7039 -0.2889
vn -0.6152 -0.7039 -0.3552
vn -0.3362 -0.9216 -0.1941
vn -0.6489 -0.7039 -0.2889
vn -0.8449 -0.3804 -0.3762
vn -0.8009 -0.3804 -0.4624
vn -0.6152 -0.7039 -0.3552
vn -0.8449 -0.3804 -0.3762
vn -0.9135 -0.0000 -0.4067
vn -0.8660 -0.0000 -0.5000
vn -0.8009 -0.3804 -0.4624
vn -0.8660 -0.0000 -0.5000
vn -0.8009 0.3804 -0.4624
vn -0.7482 0.3804 -0.5436
vn -0.8090 -0.0000 -0.5878
vn -0.8009 0.3804 -0.4624
vn -0.6152 0.7039 -0.3552
vn -0.5747 0.7039 -0.4175
vn -0.7482 0.3804 -0.5436
vn -0.6152 0.7039 -0.3552
vn -0.3362 0.9216 -0.1941
vn -0.3141 0.9216 -0.2282
vn -0.5747 0.7039 -0.4175
vn -0.3362 0.9216 -0.1941
vn -0.0056 1.0000 -0.0033
vn -0.0053 1.0000 -0.0038
vn -0.3141 0.9216 -0.2282
vn -0.0056 1.0000 -0.0033
vn 0.3266 0.9262 0.1886
vn 0.3051 0.9262 0.2217
vn -0.0053 1.0000 -0.0038
vn 0.3266 0.9262 0.1886
vn 0.6095 0.7104 0.3519
vn 0.5694 0.7104 0.4137
vn 0.3051 0.9262 0.2217
vn 0.6095 0.7104 0.3519
vn 0.7993 0.3850 0.4615
vn 0.7467 0.3850 0.5425
vn 0.5694 0.7104 0.4137
vn 0.7993 0.3850 0.4615
vn 0.8660 -0.0000 0.5000
vn 0.8090 0.0000 0.5878
vn 0.7467 0.3850 0.5425
vn 0.8660 -0.0000 0.5000
vn 0.7993 -0.3850 0.4615
vn 0.7467 -0.3850 0.5425
vn 0.8090 0.0000 0.5878
vn 0.7993 -0.3850 0.4615
vn 0.6095 -0.7104 0.3519
vn 0.5694 -0.7104 0.4137
vn 0.7467 -0.3850 0.5425
vn 0.6095 -0.7104 0.3519
vn 0.3266 -0.9262 0.1886
vn 0.3051 -0.9262 0.2217
vn 0.5694 -0.7104 0.4137
vn 0.3266 -0.9262 0.1886
vn -0.0056 -1.0000 -0.0033
vn -0.0053 -1.0000 -0.0038
vn 0.3051 -0.9262 0.2217
vn -0.0056 -1.0000 -0.0033
vn -0.3362 -0.9216 -0.1941
vn -0.3141 -0.9216 -0.2282
vn -0.0053 -1.0000 -0.0038
vn -0.3362 -0.9216 -0.1941
vn -0.6152 -0.7039 -0.3552
vn -0.5747 -0.7039 -0.4175
vn -0.3141 -0.9216 -0.2282
vn -0.6152 -0.7039 -0.3552
vn -0.8009 -0.3804 -0.4624
vn -0.7482 -0.3804 -0.5436
vn -0.5747 -0.7039 -0.4175
vn -0.8009 -0.3804 -0.4624
vn -0.8660 -0.0000 -0.5000
vn -0.8090 -0.0000 -0.5878
vn -0.7482 -0.3804 -0.5436
vn -0.8090 -0.0000 -0.5878
vn -0.7482 0.3804 -0.5436
vn -0.6873 0.3804 -0.6188
vn -0.7431 -0.0000 -0.6691
vn -0.7482 0.3804 -0.5436
vn -0.5747 0.7039 -0.4175
vn -0.5279 0.7039 -0.4753
vn -0.6873 0.3804 -0.6188
vn -0.5747 0.7039 -0.4175
vn -0.3141 0.9216 -0.2282
vn -0.2885 0.9216 -0.2598
vn -0.5279 0.7039 -0.4753
vn -0.3141 0.9216 -0.2282
vn -0.0053 1.0000 -0.0038
vn -0.0048 1.0000 -0.0044
vn -0.2885 0.9216 -0.2598
vn -0.0053 1.0000 -0.0038
vn 0.3051 0.9262 0.2217
vn 0.2802 0.9262 0.2523
vn -0.0048 1.0000 -0.0044
vn 0.3051 0.9262 0.2217
vn 0.5694 0.7104 0.4137
vn 0.5230 0.7104 0.4710
vn 0.2802 0.9262 0.2523
vn 0.5694 0.7104 0.4137
vn 0.7467 0.3850 0.5425
vn 0.6859 0.3850 0.6176
vn 0.5230 0.7104 0.4710
vn 0.7467 0.3850 0.5425
vn 0.8090 0.0000 0.5878
vn 0.7431 -0.0000 0.6691
vn 0.6859 0.3850 0.6176
vn 0.8090 0.0000 0.5878
vn 0.7467 -0.3850 0.5425
vn 0.6859 -0.3850 0.6176
vn 0.7431 -0.0000 0.6691
vn 0.7467 -0.3850 0.5425
vn 0.5694 -0.7104 0.4137
vn 0.5230 -0.7104 0.4710
vn 0.6859 -0.3850 0.6176
vn 0.5694 -0.7104 0.4137
vn 0.3051 -0.9262 0.2217
vn 0.2802 -0.9262 0.2523
vn 0.5230 -0.7104 0.4710
vn 0.3051 -0.9262 0.2217
vn -0.0053 -1.0000 -0.0038
vn -0.0048 -1.0000 -0.0044
vn 0.2802 -0.9262 0.2523
vn -0.0053 -1.0000 -0.0038
vn -0.3141 -0.9216 -0.2282
vn -0.2885 -0.9216 -0.2598
vn -0.0048 -1.0000 -0.0044
vn -0.3141 -0.9216 -0.2282
vn -0.5747 -0.7039 -0.4175
vn -0.5279 -0.7039 -0.4753
vn -0.2885 -0.9216 -0.2598
vn -0.5747 -0.7039 -0.4175
vn -0.7482 -0.3804 -0.5436
vn -0.6873 -0.3804 -0.6188
vn -0.5279 -0.7039 -0.4753
vn -0.7482 -0.3804 -0.5436
vn -0.8090 -0.0000 -0.5878
vn -0.7431 -0.0000 -0.6691
vn -0.6873 -0.3804 -0.6188
vn -0.7431 -0.0000 -0.6691
vn -0.6873 0.3804 -0.6188
vn -0.6188 0.3804 -0.6873
vn -0.6691 -0.0000 -0.7431
vn -0.6873 0.3804 -0.6188
vn -0.5279 0.7039 -0.4753
vn -0.4753 0.7039 -0.5279
vn -0.6188 0.3804 -0.6873
vn -0.5279 0.7039 -0.4753
vn -0.2885 0.9216 -0.2598
vn -0.2598 0.9216 -0.2885
vn -0.4753 0.7039 -0.5279
vn -0.2885 0.9216 -0.2598
vn -0.0048 1.0000 -0.0044
vn -0.0044 1.0000 -0.0048
vn -0.2598 0.9216 -0.2885
vn -0.0048 1.0000 -0.0044
vn 0.2802 0.9262 0.2523
vn 0.2523 0.9262 0.2802
vn -0.0044 1.0000 -0.0048
vn 0.2802 0.9262 0.2523
vn 0.5230 0.7104 0.4710
vn 0.4710 0.7104 0.5230
vn 0.2523 0.9262 0.2802
vn 0.5230 0.7104 0.4710
vn 0.6859 0.3850 0.6176
vn 0.6176 0.3850 0.6859
vn 0.4710 0.7104 0.5230
vn 0.6859 0.3850 0.6176
vn 0.7431 -0.0000 0.6691
vn 0.6691 0.0000 0.7431
vn 0.6176 0.3850 0.6859
vn 0.7431 -0.0000 0.6691
vn 0.6859 -0.3850 0.6176
vn 0.6176 -0.3850 0.6859
vn 0.6691 0.0000 0.7431
vn 0.6859 -0.3850 0.6176
vn 0.5230 -0.7104 0.4710
vn 0.4710 -0.7104 0.5230
vn 0.6176 -0.3850 0.6859
vn 0.5230 -0.7104 0.4710
vn 0.2802 -0.9262 0.2523
vn 0.2523 -0.9262 0.2802
vn 0.4710 -0.7104 0.5230
vn 0.2802 -0.9262 0.2523
vn -0.0048 -1.0000 -0.0044
vn -0.0044 -1.0000 -0.0048
vn 0.2523 -0.9262 0.2802
vn -0.0048 -1.0000 -0.0044
vn -0.2885 -0.9216 -0.2598
vn -0.2598 -0.9216 -0.2885
vn -0.0044 -1.0000 -0.0048
vn -0.2885 -0.9216 -0.2598
vn -0.5279 -0.7039 -0.4753
vn -0.4753 -0.7039 -0.5279
vn -0.2598 -0.9216 -0.2885
vn -0.5279 -0.7039 -0.4753
vn -0.6873 -0.3804 -0.6188
vn -0.6188 -0.3804 -0.6873
vn -0.4753 -0.7039 -0.5279
vn -0.6873 -0.3804 -0.6188
vn -0.7431 -0.0000 -0.6691
vn -0.6691 -0.0000 -0.7431
vn -0.6188 -0.3804 -0.6873
vn -0.6691 -0.0000 -0.7431
vn -0.6188 0.3804 -0.6873
vn -0.5436 0.3804 -0.7482
vn -0.5878 -0.0000 -0.8090
vn -0.6188 0.3804 -0.6873
vn -0.4753 0.7039 -0.5279
vn -0.4175 0.7039 -0.5747
vn -0.5436 0.3804 -0.7482
vn -0.4753 0.7039 -0.5279
vn -0.2598 0.9216 -0.2885
vn -0.2282 0.9216 -0.3141
vn -0.4175 0.7039 -0.5747
vn -0.2598 0.9216 -0.2885
vn -0.0044 1.0000 -0.0048
vn -0.0038 1.0000 -0.0053
vn -0.2282 0.9216 -0.3141
vn -0.0044 1.0000 -0.0048
vn 0.2523 0.9262 0.2802
vn 0.2217 0.9262 0.3051
vn -0.0038 1.0000 -0.0053
vn 0.2523 0.9262 0.2802
vn 0.4710 0.7104 0.5230
vn 0.4137 0.7104 0.5694
vn 0.2217 0.9262 0.3051
vn 0.4710 0.7104 0.5230
vn 0.6176 0.3850 0.6859
vn 0.5425 0.3850 0.7467
vn 0.4137 0.7104 0.5694
vn 0.6176 0.3850 0.6859
vn 0.6691 0.0000 0.7431
vn 0.5878 -0.0000 0.8090
vn 0.5425 0.3850 0.7467
vn 0.6691 0.0000 0.7431
vn 0.6176 -0.3850 0.6859
vn 0.5425 -0.3850 0.7467
vn 0.5878 -0.0000 0.8090
vn 0.6176 -0.3850 0.6859
vn 0.4710 -0.7104 0.5230
vn 0.4137 -0.7104 0.5694
vn 0.5425 -0.3850 0.7467
vn 0.4710 -0.7104 0.5230
vn 0.2523 -0.9262 0.2802
vn 0.2217 -0.9262 0.3051
vn 0.4137 -0.7104 0.5694
vn 0.2523 -0.9262 0.2802
vn -0.0044 -1.0000 -0.0048
vn -0.0038 -1.0000 -0.0053
vn 0.2217 -0.9262 0.3051
vn -0.0044 -1.0000 -0.0048
vn -0.2598 -0.9216 -0.2885
vn -0.2282 -0.9216 -0.3141
vn -0.0038 -1.0000 -0.0053
vn -0.2598 -0.9216 -0.2885
vn -0.4753 -0.7039 -0.5279
vn -0.4175 -0.7039 -0.5747
vn -0.2282 -0.9216 -0.3141
vn -0.4753 -0.7039 -0.5279
vn -0.6188 -0.3804 -0.6873
vn -0.5436 -0.3804 -0.7482
vn -0.4175 -0.7039 -0.5747
vn -0.6188 -0.3804 -0.6873
vn -0.6691 -0.0000 -0.7431
vn -0.5878 -0.0000 -0.8090
vn -0.5436 -0.3804 -0.7482
vn -0.5878 -0.0000 -0.8090
vn -0.5436 0.3804 -0.7482
vn -0.4624 0.3804 -0.8009
vn -0.5000 -0.0000 -0.8660
vn -0.5436 0.3804 -0.7482
vn -0.4175 0.7039 -0.5747
vn -0.3552 0.7039 -0.6152
vn -0.4624 0.3804 -0.8009
vn -0.4175 0.7039 -0.5747
vn -0.2282 0.9216 -0.3141
vn -0.1941 0.9216 -0.3362
vn -0.3552 0.7039 -0.6152
vn -0.2282 0.9216 -0.3141
vn -0.0038 1.0000 -0.0053
vn -0.0033 1.0000 -0.0056
vn -0.1941 0.9216 -0.3362
vn -0.0038 1.0000 -0.0053
vn 0.2217 0.9262 0.3051
vn 0.1886 0.9262 0.3266
vn -0.0033 1.0000 -0.0056
vn 0.2217 0.9262 0.3051
vn 0.4137 0.7104 0.5694
vn 0.3519 0.7104 0.6095
vn 0.1886 0.9262 0.3266
vn 0.4137 0.7104 0.5694
vn 0.5425 0.3850 0.7467
vn 0.4615 0.3850 0.7993
vn 0.3519 0.7104 0.6095
vn 0.5425 0.3850 0.7467
vn 0.5878 -0.0000 0.8090
vn 0.5000 -0.0000 0.8660
vn 0.4615 0.3850 0.7993
vn 0.5878 -0.0000 0.8090
vn 0.5425 -0.3850 0.7467
vn 0.4615 -0.3850 0.7993
vn 0.5000 -0.0000 0.8660
vn 0.5425 -0.3850 0.7467
vn 0.4137 -0.7104 0.5694
vn 0.3519 -0.7104 0.6095
vn 0.4615 -0.3850 0.7993
vn 0.4137 -0.7104 0.5694
vn 0.2217 -0.9262 0.3051
vn 0.1886 -0.9262 0.3266
vn 0.3519 -0.7104 0.6095
vn 0.2217 -0.9262 0.3051
vn -0.0038 -1.0000 -0.0053
vn -0.0033 -1.0000 -0.0056
vn 0.1886 -0.9262 0.3266
vn -0.0038 -1.0000 -0.0053
vn -0.2282 -0.9216 -0.3141
vn -0.1941 -0.9216 -0.3362
vn -0.0033 -1.0000 -0.0056
vn -0.2282 -0.9216 -0.3141
vn -0.4175 -0.7039 -0.5747
vn -0.3552 -0.7039 -0.6152
vn -0.1941 -0.9216 -0.3362
vn -0.4175 -0.7039 -0.5747
vn -0.5436 -0.3804 -0.7482
vn -0.4624 -0.3804 -0.8009
vn -0.3552 -0.7039 -0.6152
vn -0.5436 -0.3804 -0.7482
vn -0.5878 -0.0000 -0.8090
vn -0.5000 -0.0000 -0.8660
vn -0.4624 -0.3804 -0.8009
vn -0.5000 -0.0000 -0.8660
vn -0.4624 0.3804 -0.8009
vn -0.3762 0.3804 -0.8449
vn -0.4067 -0.0000 -0.9135
vn -0.4624 0.3804 -0.8009
vn -0.3552 0.7039 -0.6152
vn -0.2889 0.7039 -0.6489
vn -0.3762 0.3804 -0.8449
vn -0.3552 0.7039 -0.6152
vn -0.1941 0.9216 -0.3362
vn -0.1579 0.9216 -0.3546
vn -0.2889 0.7039 -0.6489
vn -0.1941 0.9216 -0.3362
vn -0.0033 1.0000 -0.0056
vn -0.0026 1.0000 -0.0059
vn -0.1579 0.9216 -0.3546
vn -0.0033 1.0000 -0.0056
vn 0.1886 0.9262 0.3266
vn 0.1534 0.9262 0.3445
vn -0.0026 1.0000 -0.0059
vn 0.1886 0.9262 0.3266
vn 0.3519 0.7104 0.6095
vn 0.2863 0.7104 0.6430
vn 0.1534 0.9262 0.3445
vn 0.3519 0.7104 0.6095
vn 0.4615 0.3850 0.7993
vn 0.3754 0.3850 0.8431
vn 0.2863 0.7104 0.6430
vn 0.4615 0.3850 0.7993
vn 0.5000 -0.0000 0.8660
vn 0.4067 0.0000 0.9135
vn 0.3754 0.3850 0.8431
vn 0.5000 -0.0000 0.8660
vn 0.4615 -0.3850 0.7993
vn 0.3754 -0.3850 0.8431
vn 0.4067 0.0000 0.9135
vn 0.4615 -0.3850 0.7993
vn 0.3519 -0.7104 0.6095
vn 0.2863 -0.7104 0.6430
vn 0.3754 -0.3850 0.8431
vn 0.3519 -0.7104 0.6095
vn 0.1886 -0.9262 0.3266
vn 0.1534 -0.9262 0.3445
vn 0.2863 -0.7104 0.6430
vn 0.1886 -0.9262 0.3266
vn -0.0033 -1.0000 -0.0056
vn -0.0026 -1.0000 -0.0059
vn 0.1534 -0.9262 0.3445
vn -0.0033 -1.0000 -0.0056
vn -0.1941 -0.9216 -0.3362
vn -0.1579 -0.9216 -0.3546
vn -0.0026 -1.0000 -0.0059
vn -0.1941 -0.9216 -0.3362
vn -0.3552 -0.7039 -0.6152
vn -0.2889 -0.7039 -0.6489
vn -0.1579 -0.9216 -0.3546
vn -0.3552 -0.7039 -0.6152
vn -0.4624 -0.3804 -0.8009
vn -0.3762 -0.3804 -0.8449
vn -0.2889 -0.7039 -0.6489
vn -0.4624 -0.3804 -0.8009
vn -0.5000 -0.0000 -0.8660
vn -0.4067 -0.0000 -0.9135
vn -0.3762 -0.3804 -0.8449
vn -0.4067 -0.0000 -0.9135
vn -0.3762 0.3804 -0.8449
vn -0.2858 0.3804 -0.8796
vn -0.3090 -0.0000 -0.9511
vn -0.3762 0.3804 -0.8449
vn -0.2889 0.7039 -0.6489
vn -0.2195 0.7039 -0.6756
vn -0.2858 0.3804 -0.8796
vn -0.2889 0.7039 -0.6489
vn -0.1579 0.9216 -0.3546
vn -0.1200 0.9216 -0.3692
vn -0.2195 0.7039 -0.6756
vn -0.1579 0.9216 -0.3546
vn -0.0026 1.0000 -0.0059
vn -0.0020 1.0000 -0.0062
vn -0.1200 0.9216 -0.3692
vn -0.0026 1.0000 -0.0059
vn 0.1534 0.9262 0.3445
vn 0.1165 0.9262 0.3586
vn -0.0020 1.0000 -0.0062
vn 0.1534 0.9262 0.3445
vn 0.2863 0.7104 0.6430
vn 0.2175 0.7104 0.6694
vn 0.1165 0.9262 0.3586
vn 0.2863 0.7104 0.6430
vn 0.3754 0.3850 0.8431
vn 0.2852 0.3850 0.8777
vn 0.2175 0.7104 0.6694
vn 0.3754 0.3850 0.8431
vn 0.4067 0.0000 0.9135
vn 0.3090 0.0000 0.9511
vn 0.2852 0.3850 0.8777
vn 0.4067 0.0000 0.9135
vn 0.3754 -0.3850 0.8431
vn 0.2852 -0.3850 0.8777
vn 0.3090 0.0000 0.9511
vn 0.3754 -0.3850 0.8431
vn 0.2863 -0.7104 0.6430
vn 0.2175 -0.7104 0.6694
vn 0.2852 -0.3850 0.8777
vn 0.2863 -0.7104 0.6430
vn 0.1534 -0.9262 0.3445
vn 0.1165 -0.9262 0.3586
vn 0.2175 -0.7104 0.6694
vn 0.1534 -0.9262 0.3445
vn -0.0026 -1.0000 -0.0059
vn -0.0020 -1.0000 -0.0062
vn 0.1165 -0.9262 0.3586
vn -0.0026 -1.0000 -0.0059
vn -0.1579 -0.9216 -0.3546
vn -0.1200 -0.9216 -0.3692
vn -0.0020 -1.0000 -0.0062
vn -0.1579 -0.9216 -0.3546
vn -0.2889 -0.7039 -0.6489
vn -0.2195 -0.7039 -0.6756
vn -0.1200 -0.9216 -0.3692
vn -0.2889 -0.7039 -0.6489
vn -0.3762 -0.3804 -0.8449
vn -0.2858 -0.3804 -0.8796
vn -0.2195 -0.7039 -0.6756
vn -0.3762 -0.3804 -0.8449
vn -0.4067 -0.0000 -0.9135
vn -0.3090 -0.0000 -0.9511
vn -0.2858 -0.3804 -0.8796
vn -0.3090 -0.0000 -0.9511
vn -0.2858 0.3804 -0.8796
vn -0.1923 0.3804 -0.9046
vn -0.2079 -0.0000 -0.9781
vn -0.2858 0.3804 -0.8796
vn -0.2195 0.7039 -0.6756
vn -0.1477 0.7039 -0.6948
vn -0.1923 0.3804 -0.9046
vn -0.2195 0.7039 -0.6756
vn -0.1200 0.9216 -0.3692
vn -0.0807 0.9216 -0.3797
vn -0.1477 0.7039 -0.6948
vn -0.1200 0.9216 -0.3692
vn -0.0020 1.0000 -0.0062
vn -0.0014 1.0000 -0.0064
vn -0.0807 0.9216 -0.3797
vn -0.0020 1.0000 -0.0062
vn 0.1165 0.9262 0.3586
vn 0.0784 0.9262 0.3689
vn -0.0014 1.0000 -0.0064
vn 0.1165 0.9262 0.3586
vn 0.2175 0.7104 0.6694
vn 0.1463 0.7104 0.6884
vn 0.0784 0.9262 0.3689
vn 0.2175 0.7104 0.6694
vn 0.2852 0.3850 0.8777
vn 0.1919 0.3850 0.9027
vn 0.1463 0.7104 0.6884
vn 0.2852 0.3850 0.8777
vn 0.3090 0.0000 0.9511
vn 0.2079 -0.0000 0.9781
vn 0.1919 0.3850 0.9027
vn 0.3090 0.0000 0.9511
vn 0.2852 -0.3850 0.8777
vn 0.1919 -0.3850 0.9027
vn 0.2079 -0.0000 0.9781
vn 0.2852 -0.3850 0.8777
vn 0.2175 -0.7104 0.6694
vn 0.1463 -0.7104 0.6884
vn 0.1919 -0.3850 0.9027
vn 0.2175 -0.7104 0.6694
vn 0.1165 -0.9262 0.3586
vn 0.0784 -0.9262 0.3689
vn 0.1463 -0.7104 0.6884
vn 0.1165 -0.9262 0.3586
vn -0.0020 -1.0000 -0.0062
vn -0.0014 -1.0000 -0.0064
vn 0.0784 -0.9262 0.3689
vn -0.0020 -1.0000 -0.0062
vn -0.1200 -0.9216 -0.3692
vn -0.0807 -0.9216 -0.3797
vn -0.0014 -1.0000 -0.0064
vn -0.1200 -0.9216 -0.3692
vn -0.2195 -0.7039 -0.6756
vn -0.1477 -0.7039 -0.6948
vn -0.0807 -0.9216 -0.3797
vn -0.2195 -0.7039 -0.6756
vn -0.2858 -0.3804 -0.8796
vn -0.1923 -0.3804 -0.9046
vn -0.1477 -0.7039 -0.6948
vn -0.2858 -0.3804 -0.8796
vn -0.3090 -0.0000 -0.9511
vn -0.2079 -0.0000 -0.9781
vn -0.1923 -0.3804 -0.9046
vn -0.2079 -0.0000 -0.9781
vn -0.1923 0.3804 -0.9046
vn -0.0967 0.3804 -0.9198
vn -0.1045 -0.0000 -0.9945
vn -0.1923 0.3804 -0.9046
vn -0.1477 0.7039 -0.6948
vn -0.0743 0.7039 -0.7064
vn -0.0967 0.3804 -0.9198
vn -0.1477 0.7039 -0.6948
vn -0.0807 0.9216 -0.3797
vn -0.0406 0.9216 -0.3861
vn -0.0743 0.7039 -0.7064
vn -0.0807 0.9216 -0.3797
vn -0.0014 1.0000 -0.0064
vn -0.0007 1.0000 -0.0065
vn -0.0406 0.9216 -0.3861
vn -0.0014 1.0000 -0.0064
vn 0.0784 0.9262 0.3689
vn 0.0394 0.9262 0.3750
vn -0.0007 1.0000 -0.0065
vn 0.0784 0.9262 0.3689
vn 0.1463 0.7104 0.6884
vn 0.0736 0.7104 0.7000
vn 0.0394 0.9262 0.3750
vn 0.1463 0.7104 0.6884
vn 0.1919 0.3850 0.9027
vn 0.0965 0.3850 0.9179
vn 0.0736 0.7104 0.7000
vn 0.1919 0.3850 0.9027
vn 0.2079 -0.0000 0.9781
vn 0.1045 0.0000 0.9945
vn 0.0965 0.3850 0.9179
vn 0.2079 -0.0000 0.9781
vn 0.1919 -0.3850 0.9027
vn 0.0965 -0.3850 0.9179
vn 0.1045 0.0000 0.9945
vn 0.1919 -0.3850 0.9027
vn 0.1463 -0.7104 0.6884
vn 0.0736 -0.7104 0.7000
vn 0.0965 -0.3850 0.9179
vn 0.1463 -0.7104 0.6884
vn 0.0784 -0.9262 0.3689
vn 0.0394 -0.9262 0.3750
vn 0.0736 -0.7104 0.7000
vn 0.0784 -0.9262 0.3689
vn -0.0014 -1.0000 -0.0064
vn -0.0007 -1.0000 -0.0065
vn 0.0394 -0.9262 0.3750
vn -0.0014 -1.0000 -0.0064
vn -0.0807 -0.9216 -0.3797
vn -0.0406 -0.9216 -0.3861
vn -0.0007 -1.0000 -0.0065
vn -0.0807 -0.9216 -0.3797
vn -0.1477 -0.7039 -0.6948
vn -0.0743 -0.7039 -0.7064
vn -0.0406 -0.9216 -0.3861
vn -0.1477 -0.7039 -0.6948
vn -0.1923 -0.3804 -0.9046
vn -0.0967 -0.3804 -0.9198
vn -0.0743 -0.7039 -0.7064
vn -0.1923 -0.3804 -0.9046
vn -0.2079 -0.0000 -0.9781
vn -0.1045 -0.0000 -0.9945
vn -0.0967 -0.3804 -0.9198
vn -0.1045 -0.0000 -0.9945
vn -0.0967 0.3804 -0.9198
vn -0.0000 0.3804 -0.9248
vn -0.0000 -0.0000 -1.0000
vn -0.0967 0.3804 -0.9198
vn -0.0743 0.7039 -0.7064
vn -0.0000 0.7039 -0.7103
vn -0.0000 0.3804 -0.9248
vn -0.0743 0.7039 -0.7064
vn -0.0406 0.9216 -0.3861
vn -0.0000 0.9216 -0.3882
vn -0.0000 0.7039 -0.7103
vn -0.0406 0.9216 -0.3861
vn -0.0007 1.0000 -0.0065
vn -0.0000 1.0000 -0.0065
vn -0.0000 0.9216 -0.3882
vn -0.0007 1.0000 -0.0065
vn 0.0394 0.9262 0.3750
vn 0.0000 0.9262 0.3771
vn -0.0000 1.0000 -0.0065
vn 0.0394 0.9262 0.3750
vn 0.0736 0.7104 0.7000
vn 0.0000 0.7104 0.7038
vn 0.0000 0.9262 0.3771
vn 0.0736 0.7104 0.7000
vn 0.0965 0.3850 0.9179
vn 0.0000 0.3850 0.9229
vn 0.0000 0.7104 0.7038
vn 0.0965 0.3850 0.9179
vn 0.1045 0.0000 0.9945
vn 0.0000 0.0000 1.0000
vn 0.0000 0.3850 0.9229
vn 0.1045 0.0000 0.9945
vn 0.0965 -0.3850 0.9179
vn 0.0000 -0.3850 0.9229
vn 0.0000 0.0000 1.0000
vn 0.0965 -0.3850 0.9179
vn 0.0736 -0.7104 0.7000
vn 0.0000 -0.7104 0.7038
vn 0.0000 -0.3850 0.9229
vn 0.0736 -0.7104 0.7000
vn 0.0394 -0.9262 0.3750
vn 0.0000 -0.9262 0.3771
vn 0.0000 -0.7104 0.7038
vn 0.0394 -0.9262 0.3750
vn -0.0007 -1.0000 -0.0065
vn -0.0000 -1.0000 -0.0065
vn 0.0000 -0.9262 0.3771
vn -0.0007 -1.0000 -0.0065
vn -0.0406 -0.9216 -0.3861
vn -0.0000 -0.9216 -0.3882
vn -0.0000 -1.0000 -0.0065
vn -0.0406 -0.9216 -0.3861
vn -0.0743 -0.7039 -0.7064
vn -0.0000 -0.7039 -0.7103
vn -0.0000 -0.9216 -0.3882
vn -0.0743 -0.7039 -0.7064
vn -0.0967 -0.3804 -0.9198
vn -0.0000 -0.3804 -0.9248
vn -0.0000 -0.7039 -0.7103
vn -0.0967 -0.3804 -0.9198
vn -0.1045 -0.0000 -0.9945
vn -0.0000 -0.0000 -1.0000
vn -0.0000 -0.3804 -0.9248
vn -0.0000 -0.0000 -1.0000
vn -0.0000 0.3804 -0.9248
vn 0.0967 0.3804 -0.9198
vn 0.1045 -0.0000 -0.9945
vn -0.0000 0.3804 -0.9248
vn -0.0000 0.7039 -0.7103
vn 0.0742 0.7039 -0.7064
vn 0.0967 0.3804 -0.9198
vn -0.0000 0.7039 -0.7103
vn -0.0000 0.9216 -0.3882
vn 0.0406 0.9216 -0.3861
vn 0.0742 0.7039 -0.7064
vn -0.0000 0.9216 -0.3882
vn -0.0000 1.0000 -0.0065
vn 0.0007 1.0000 -0.0065
vn 0.0406 0.9216 -0.3861
vn -0.0000 1.0000 -0.0065
vn 0.0000 0.9262 0.3771
vn -0.0394 0.9262 0.3750
vn 0.0007 1.0000 -0.0065
vn 0.0000 0.9262 0.3771
vn 0.0000 0.7104 0.7038
vn -0.0736 0.7104 0.7000
vn -0.0394 0.9262 0.3750
vn 0.0000 0.7104 0.7038
vn 0.0000 0.3850 0.9229
vn -0.0965 0.3850 0.9179
vn -0.0736 0.7104 0.7000
vn 0.0000 0.3850 0.9229
vn 0.0000 0.0000 1.0000
vn -0.1045 0.0000 0.9945
vn -0.0965 0.3850 0.9179
vn 0.0000 0.0000 1.0000
vn 0.0000 -0.3850 0.9229
vn -0.0965 -0.3850 0.9179
vn -0.1045 0.0000 0.9945
vn 0.0000 -0.3850 0.9229
vn 0.0000 -0.7104 0.7038
vn -0.0736 -0.7104 0.7000
vn -0.0965 -0.3850 0.9179
vn 0.0000 -0.7104 0.7038
vn 0.0000 -0.8315 0.5556
vn -0.0581 -0.8315 0.5525
vn -0.0736 -0.7104 0.7000
vn -0.0000 -0.9809 -0.1946
vn -0.0000 -0.9217 -0.3880
vn 0.0406 -0.9217 -0.3859
vn 0.0203 -0.9809 -0.1935
vn -0.0000 -0.9217 -0.3880
vn -0.0000 -0.7039 -0.7103
vn 0.0742 -0.7039 -0.7064
vn 0.0406 -0.9217 -0.3859
vn -0.0000 -0.7039 -0.7103
vn -0.0000 -0.3804 -0.9248
vn 0.0967 -0.3804 -0.9198
vn 0.0742 -0.7039 -0.7064
vn -0.0000 -0.3804 -0.9248
vn -0.0000 -0.0000 -1.0000
vn 0.1045 -0.0000 -0.9945
vn 0.0967 -0.3804 -0.9198
vn 0.1045 -0.0000 -0.9945
vn 0.0967 0.3804 -0.9198
vn 0.1923 0.3804 -0.9046
vn 0.2079 -0.0000 -0.9781
vn 0.0967 0.3804 -0.9198
vn 0.0742 0.7039 -0.7064
vn 0.1477 0.7039 -0.6948
vn 0.1923 0.3804 -0.9046
vn 0.0742 0.7039 -0.7064
vn 0.0406 0.9216 -0.3861
vn 0.0807 0.9216 -0.3797
vn 0.1477 0.7039 -0.6948
vn 0.0406 0.9216 -0.3861
vn 0.0007 1.0000 -0.0065
vn 0.0014 1.0000 -0.0064
vn 0.0807 0.9216 -0.3797
vn 0.0007 1.0000 -0.0065
vn -0.0394 0.9262 0.3750
vn -0.0784 0.9262 0.3689
vn 0.0014 1.0000 -0.0064
vn -0.0394 0.9262 0.3750
vn -0.0736 0.7104 0.7000
vn -0.1463 0.7104 0.6884
vn -0.0784 0.9262 0.3689
vn -0.0736 0.7104 0.7000
vn -0.0965 0.3850 0.9179
vn -0.1919 0.3850 0.9027
vn -0.1463 0.7104 0.6884
vn -0.0965 0.3850 0.9179
vn -0.1045 0.0000 0.9945
vn -0.2079 0.0000 0.9781
vn -0.1919 0.3850 0.9027
vn -0.1045 0.0000 0.9945
vn -0.0965 -0.3850 0.9179
vn -0.1919 -0.3850 0.9027
vn -0.2079 0.0000 0.9781
vn -0.0965 -0.3850 0.9179
vn -0.0736 -0.7104 0.7000
vn -0.1463 -0.7104 0.6884
vn -0.1919 -0.3850 0.9027
vn -0.0736 -0.7104 0.7000
vn -0.0581 -0.8315 0.5525
vn -0.1155 -0.8315 0.5434
vn -0.1463 -0.7104 0.6884
vn 0.0203 -0.9809 -0.1935
vn 0.0406 -0.9217 -0.3859
vn 0.0807 -0.9217 -0.3795
vn 0.0405 -0.9809 -0.1903
vn 0.0406 -0.9217 -0.3859
vn 0.0742 -0.7039 -0.7064
vn 0.1477 -0.7039 -0.6948
vn 0.0807 -0.9217 -0.3795
vn 0.0742 -0.7039 -0.7064
vn 0.0967 -0.3804 -0.9198
vn 0.1923 -0.3804 -0.9046
vn 0.1477 -0.7039 -0.6948
vn 0.0967 -0.3804 -0.9198
vn 0.1045 -0.0000 -0.9945
vn 0.2079 -0.0000 -0.9781
vn 0.1923 -0.3804 -0.9046
vn 0.2079 -0.0000 -0.9781
vn 0.1923 0.3804 -0.9046
vn 0.2858 0.3804 -0.8796
vn 0.3090 -0.0000 -0.9511
vn 0.1923 0.3804 -0.9046
vn 0.1477 0.7039 -0.6948
vn 0.2195 0.7039 -0.6756
vn 0.2858 0.3804 -0.8796
vn 0.1477 0.7039 -0.6948
vn 0.0807 0.9216 -0.3797
vn 0.1200 0.9216 -0.3692
vn 0.2195 0.7039 -0.6756
vn 0.0807 0.9216 -0.3797
vn 0.0014 1.0000 -0.0064
vn 0.0020 1.0000 -0.0062
vn 0.1200 0.9216 -0.3692
vn 0.0014 1.0000 -0.0064
vn -0.0784 0.9262 0.3689
vn -0.1165 0.9262 0.3586
vn 0.0020 1.0000 -0.0062
vn -0.0784 0.9262 0.3689
vn -0.1463 0.7104 0.6884
vn -0.2175 0.7104 0.6694
vn -0.1165 0.9262 0.3586
vn -0.1463 0.7104 0.6884
vn -0.1919 0.3850 0.9027
vn -0.2852 0.3850 0.8777
vn -0.2175 0.7104 0.6694
vn -0.1919 0.3850 0.9027
vn -0.2079 0.0000 0.9781
vn -0.3090 0.0000 0.9511
vn -0.2852 0.3850 0.8777
vn -0.2079 0.0000 0.9781
vn -0.1919 -0.3850 0.9027
vn -0.2852 -0.3850 0.8777
vn -0.3090 0.0000 0.9511
vn -0.1919 -0.3850 0.9027
vn -0.1463 -0.7104 0.6884
vn -0.2175 -0.7104 0.6694
vn -0.2852 -0.3850 0.8777
vn -0.1463 -0.7104 0.6884
vn -0.1155 -0.8315 0.5434
vn -0.1717 -0.8315 0.5284
vn -0.2175 -0.7104 0.6694
vn 0.0405 -0.9809 -0.1903
vn 0.0807 -0.9217 -0.3795
vn 0.1199 -0.9217 -0.3690
vn 0.0601 -0.9809 -0.1851
vn 0.0807 -0.9217 -0.3795
vn 0.1477 -0.7039 -0.6948
vn 0.2195 -0.7039 -0.6756
vn 0.1199 -0.9217 -0.3690
vn 0.1477 -0.7039 -0.6948
vn 0.1923 -0.3804 -0.9046
vn 0.2858 -0.3804 -0.8796
vn 0.2195 -0.7039 -0.6756
vn 0.1923 -0.3804 -0.9046
vn 0.2079 -0.0000 -0.9781
vn 0.3090 -0.0000 -0.9511
vn 0.2858 -0.3804 -0.8796
vn 0.3090 -0.0000 -0.9511
vn 0.2858 0.3804 -0.8796
vn 0.3762 0.3804 -0.8449
vn 0.4067 -0.0000 -0.9135
vn 0.2858 0.3804 -0.8796
vn 0.2195 0.7039 -0.6756
vn 0.2889 0.7039 -0.6489
vn 0.3762 0.3804 -0.8449
vn 0.2195 0.7039 -0.6756
vn 0.1200 0.9216 -0.3692
vn 0.1579 0.9216 -0.3546
vn 0.2889 0.7039 -0.6489
vn 0.1200 0.9216 -0.3692
vn 0.0020 1.0000 -0.0062
vn 0.0026 1.0000 -0.0059
vn 0.1579 0.9216 -0.3546
vn 0.0020 1.0000 -0.0062
vn -0.1165 0.9262 0.3586
vn -0.1534 0.9262 0.3445
vn 0.0026 1.0000 -0.0059
vn -0.1165 0.9262 0.3586
vn -0.2175 0.7104 0.6694
vn -0.2863 0.7104 0.6430
vn -0.1534 0.9262 0.3445
vn -0.2175 0.7104 0.6694
vn -0.2852 0.3850 0.8777
vn -0.3754 0.3850 0.8431
vn -0.2863 0.7104 0.6430
vn -0.2852 0.3850 0.8777
vn -0.3090 0.0000 0.9511
vn -0.4067 0.0000 0.9135
vn -0.3754 0.3850 0.8431
vn -0.3090 0.0000 0.9511
vn -0.2852 -0.3850 0.8777
vn -0.3754 -0.3850 0.8431
vn -0.4067 0.0000 0.9135
vn -0.2852 -0.3850 0.8777
vn -0.2175 -0.7104 0.6694
vn -0.2863 -0.7104 0.6430
vn -0.3754 -0.3850 0.8431
vn -0.2175 -0.7104 0.6694
vn -0.1717 -0.8315 0.5284
vn -0.2260 -0.8315 0.5075
vn -0.2863 -0.7104 0.6430
vn 0.0601 -0.9809 -0.1851
vn 0.1199 -0.9217 -0.3690
vn 0.1578 -0.9217 -0.3544
vn 0.0791 -0.9809 -0.1778
vn 0.1199 -0.9217 -0.3690
vn 0.2195 -0.7039 -0.6756
vn 0.2889 -0.7039 -0.6489
vn 0.1578 -0.9217 -0.3544
vn 0.2195 -0.7039 -0.6756
vn 0.2858 -0.3804 -0.8796
vn 0.3762 -0.3804 -0.8449
vn 0.2889 -0.7039 -0.6489
vn 0.2858 -0.3804 -0.8796
vn 0.3090 -0.0000 -0.9511
vn 0.4067 -0.0000 -0.9135
vn 0.3762 -0.3804 -0.8449
vn 0.4067 -0.0000 -0.9135
vn 0.3762 0.3804 -0.8449
vn 0.4624 0.3804 -0.8009
vn 0.5000 -0.0000 -0.8660
vn 0.3762 0.3804 -0.8449
vn 0.2889 0.7039 -0.6489
vn 0.3552 0.7039 -0.6152
vn 0.4624 0.3804 -0.8009
vn 0.2889 0.7039 -0.6489
vn 0.1579 0.9216 -0.3546
vn 0.1941 0.9216 -0.3362
vn 0.3552 0.7039 -0.6152
vn 0.1579 0.9216 -0.3546
vn 0.0026 1.0000 -0.0059
vn 0.0033 1.0000 -0.0056
vn 0.1941 0.9216 -0.3362
vn 0.0026 1.0000 -0.0059
vn -0.1534 0.9262 0.3445
vn -0.1886 0.9262 0.3266
vn 0.0033 1.0000 -0.0056
vn -0.1534 0.9262 0.3445
vn -0.2863 0.7104 0.6430
vn -0.3519 0.7104 0.6095
vn -0.1886 0.9262 0.3266
vn -0.2863 0.7104 0.6430
vn -0.3754 0.3850 0.8431
vn -0.4615 0.3850 0.7993
vn -0.3519 0.7104 0.6095
vn -0.3754 0.3850 0.8431
vn -0.4067 0.0000 0.9135
vn -0.5000 0.0000 0.8660
vn -0.4615 0.3850 0.7993
vn -0.4067 0.0000 0.9135
vn -0.3754 -0.3850 0.8431
vn -0.4615 -0.3850 0.7993
vn -0.5000 0.0000 0.8660
vn -0.3754 -0.3850 0.8431
vn -0.2863 -0.7104 0.6430
vn -0.3519 -0.7104 0.6095
vn -0.4615 -0.3850 0.7993
vn -0.2863 -0.7104 0.6430
vn -0.2260 -0.8315 0.5075
vn -0.2778 -0.8315 0.4811
vn -0.3519 -0.7104 0.6095
vn 0.0791 -0.9809 -0.1778
vn 0.1578 -0.9217 -0.3544
vn 0.1940 -0.9217 -0.3360
vn 0.0973 -0.9809 -0.1685
vn 0.1578 -0.9217 -0.3544
vn 0.2889 -0.7039 -0.6489
vn 0.3552 -0.7039 -0.6152
vn 0.1940 -0.9217 -0.3360
vn 0.2889 -0.7039 -0.6489
vn 0.3762 -0.3804 -0.8449
vn 0.4624 -0.3804 -0.8009
vn 0.3552 -0.7039 -0.6152
vn 0.3762 -0.3804 -0.8449
vn 0.4067 -0.0000 -0.9135
vn 0.5000 -0.0000 -0.8660
vn 0.4624 -0.3804 -0.8009
vn 0.5000 -0.0000 -0.8660
vn 0.4624 0.3804 -0.8009
vn 0.5436 0.3804 -0.7482
vn 0.5878 -0.0000 -0.8090
vn 0.4624 0.3804 -0.8009
vn 0.3552 0.7039 -0.6152
vn 0.4175 0.7039 -0.5747
vn 0.5436 0.3804 -0.7482
vn 0.3552 0.7039 -0.6152
vn 0.1941 0.9216 -0.3362
vn 0.2282 0.9216 -0.3141
vn 0.4175 0.7039 -0.5747
vn 0.1941 0.9216 -0.3362
vn 0.0033 1.0000 -0.0056
vn 0.0038 1.0000 -0.0053
vn 0.2282 0.9216 -0.3141
vn 0.0033 1.0000 -0.0056
vn -0.1886 0.9262 0.3266
vn -0.2217 0.9262 0.3051
vn 0.0038 1.0000 -0.0053
vn -0.1886 0.9262 0.3266
vn -0.3519 0.7104 0.6095
vn -0.4137 0.7104 0.5694
vn -0.2217 0.9262 0.3051
vn -0.3519 0.7104 0.6095
vn -0.4615 0.3850 0.7993
vn -0.5425 0.3850 0.7467
vn -0.4137 0.7104 0.5694
vn -0.4615 0.3850 0.7993
vn -0.5000 0.0000 0.8660
vn -0.5878 0.0000 0.8090
vn -0.5425 0.3850 0.7467
vn -0.5000 0.0000 0.8660
vn -0.4615 -0.3850 0.7993
vn -0.5425 -0.3850 0.7467
vn -0.5878 0.0000 0.8090
vn -0.4615 -0.3850 0.7993
vn -0.3519 -0.7104 0.6095
vn -0.4137 -0.7104 0.5694
vn -0.5425 -0.3850 0.7467
vn -0.3519 -0.7104 0.6095
vn -0.2778 -0.8315 0.4811
vn -0.3266 -0.8315 0.4495
vn -0.4137 -0.7104 0.5694
vn 0.0973 -0.9809 -0.1685
vn 0.1940 -0.9217 -0.3360
vn 0.2280 -0.9217 -0.3139
vn 0.1144 -0.9809 -0.1574
vn 0.1940 -0.9217 -0.3360
vn 0.3552 -0.7039 -0.6152
vn 0.4175 -0.7039 -0.5747
vn 0.2280 -0.9217 -0.3139
vn 0.3552 -0.7039 -0.6152
vn 0.4624 -0.3804 -0.8009
vn 0.5436 -0.3804 -0.7482
vn 0.4175 -0.7039 -0.5747
vn 0.4624 -0.3804 -0.8009
vn 0.5000 -0.0000 -0.8660
vn 0.5878 -0.0000 -0.8090
vn 0.5436 -0.3804 -0.7482
vn 0.5878 -0.0000 -0.8090
vn 0.5436 0.3804 -0.7482
vn 0.6188 0.3804 -0.6873
vn 0.6691 -0.0000 -0.7431
vn 0.5436 0.3804 -0.7482
vn 0.4175 0.7039 -0.5747
vn 0.4753 0.7039 -0.5279
vn 0.6188 0.3804 -0.6873
vn 0.4175 0.7039 -0.5747
vn 0.2282 0.9216 -0.3141
vn 0.2598 0.9216 -0.2885
vn 0.4753 0.7039 -0.5279
vn 0.2282 0.9216 -0.3141
vn 0.0038 1.0000 -0.0053
vn 0.0044 1.0000 -0.0048
vn 0.2598 0.9216 -0.2885
vn 0.0038 1.0000 -0.0053
vn -0.2217 0.9262 0.3051
vn -0.2523 0.9262 0.2802
vn 0.0044 1.0000 -0.0048
vn -0.2217 0.9262 0.3051
vn -0.4137 0.7104 0.5694
vn -0.4710 0.7104 0.5230
vn -0.2523 0.9262 0.2802
vn -0.4137 0.7104 0.5694
vn -0.5425 0.3850 0.7467
vn -0.6176 0.3850 0.6859
vn -0.4710 0.7104 0.5230
vn -0.5425 0.3850 0.7467
vn -0.5878 0.0000 0.8090
vn -0.6691 0.0000 0.7431
vn -0.6176 0.3850 0.6859
vn -0.5878 0.0000 0.8090
vn -0.5425 -0.3850 0.7467
vn -0.6176 -0.3850 0.6859
vn -0.6691 0.0000 0.7431
vn -0.5425 -0.3850 0.7467
vn -0.4137 -0.7104 0.5694
vn -0.4710 -0.7104 0.5230
vn -0.6176 -0.3850 0.6859
vn -0.4137 -0.7104 0.5694
vn -0.3266 -0.8315 0.4495
vn -0.3717 -0.8315 0.4129
vn -0.4710 -0.7104 0.5230
vn 0.1144 -0.9809 -0.1574
vn 0.2280 -0.9217 -0.3139
vn 0.2596 -0.9217 -0.2883
vn 0.1302 -0.9809 -0.1446
vn 0.2280 -0.9217 -0.3139
vn 0.4175 -0.7039 -0.5747
vn 0.4753 -0.7039 -0.5279
vn 0.2596 -0.9217 -0.2883
vn 0.4175 -0.7039 -0.5747
vn 0.5436 -0.3804 -0.7482
vn 0.6188 -0.3804 -0.6873
vn 0.4753 -0.7039 -0.5279
vn 0.5436 -0.3804 -0.7482
vn 0.5878 -0.0000 -0.8090
vn 0.6691 -0.0000 -0.7431
vn 0.6188 -0.3804 -0.6873
vn 0.6691 -0.0000 -0.7431
vn 0.6188 0.3804 -0.6873
vn 0.6873 0.3804 -0.6188
vn 0.7431 -0.0000 -0.6691
vn 0.6188 0.3804 -0.6873
vn 0.4753 0.7039 -0.5279
vn 0.5279 0.7039 -0.4753
vn 0.6873 0.3804 -0.6188
vn 0.4753 0.7039 -0.5279
vn 0.2598 0.9216 -0.2885
vn 0.2885 0.9216 -0.2598
vn 0.5279 0.7039 -0.4753
vn 0.2598 0.9216 -0.2885
vn 0.0044 1.0000 -0.0048
vn 0.0048 1.0000 -0.0044
vn 0.2885 0.9216 -0.2598
vn 0.0044 1.0000 -0.0048
vn -0.2523 0.9262 0.2802
vn -0.2802 0.9262 0.2523
vn 0.0048 1.0000 -0.0044
vn -0.2523 0.9262 0.2802
vn -0.4710 0.7104 0.5230
vn -0.5230 0.7104 0.4710
vn -0.2802 0.9262 0.2523
vn -0.4710 0.7104 0.5230
vn -0.6176 0.3850 0.6859
vn -0.6859 0.3850 0.6176
vn -0.5230 0.7104 0.4710
vn -0.6176 0.3850 0.6859
vn -0.6691 0.0000 0.7431
vn -0.7431 0.0000 0.6691
vn -0.6859 0.3850 0.6176
vn -0.6691 0.0000 0.7431
vn -0.6176 -0.3850 0.6859
vn -0.6859 -0.3850 0.6176
vn -0.7431 0.0000 0.6691
vn -0.6176 -0.3850 0.6859
vn -0.4710 -0.7104 0.5230
vn -0.5230 -0.7104 0.4710
vn -0.6859 -0.3850 0.6176
vn -0.4710 -0.7104 0.5230
vn -0.3717 -0.8315 0.4129
vn -0.4129 -0.8315 0.3717
vn -0.5230 -0.7104 0.4710
vn 0.1302 -0.9809 -0.1446
vn 0.2596 -0.9217 -0.2883
vn 0.2883 -0.9217 -0.2596
vn 0.1446 -0.9809 -0.1302
vn 0.2596 -0.9217 -0.2883
vn 0.4753 -0.7039 -0.5279
vn 0.5279 -0.7039 -0.4753
vn 0.2883 -0.9217 -0.2596
vn 0.4753 -0.7039 -0.5279
vn 0.6188 -0.3804 -0.6873
vn 0.6873 -0.3804 -0.6188
vn 0.5279 -0.7039 -0.4753
vn 0.6188 -0.3804 -0.6873
vn 0.6691 -0.0000 -0.7431
vn 0.7431 -0.0000 -0.6691
vn 0.6873 -0.3804 -0.6188
vn 0.7431 -0.0000 -0.6691
vn 0.6873 0.3804 -0.6188
vn 0.7482 0.3804 -0.5436
vn 0.8090 0.0000 -0.5878
vn 0.6873 0.3804 -0.6188
vn 0.5279 0.7039 -0.4753
vn 0.5747 0.7039 -0.4175
vn 0.7482 0.3804 -0.5436
vn 0.5279 0.7039 -0.4753
vn 0.2885 0.9216 -0.2598
vn 0.3141 0.9216 -0.2282
vn 0.5747 0.7039 -0.4175
vn 0.2885 0.9216 -0.2598
vn 0.0048 1.0000 -0.0044
vn 0.0053 1.0000 -0.0038
vn 0.3141 0.9216 -0.2282
vn 0.0048 1.0000 -0.0044
vn -0.2802 0.9262 0.2523
vn -0.3051 0.9262 0.2217
vn 0.0053 1.0000 -0.0038
vn -0.2802 0.9262 0.2523
vn -0.5230 0.7104 0.4710
vn -0.5694 0.7104 0.4137
vn -0.3051 0.9262 0.2217
vn -0.5230 0.7104 0.4710
vn -0.6859 0.3850 0.6176
vn -0.7467 0.3850 0.5425
vn -0.5694 0.7104 0.4137
vn -0.6859 0.3850 0.6176
vn -0.7431 0.0000 0.6691
vn -0.8090 0.0000 0.5878
vn -0.7467 0.3850 0.5425
vn -0.7431 0.0000 0.6691
vn -0.6859 -0.3850 0.6176
vn -0.7467 -0.3850 0.5425
vn -0.8090 0.0000 0.5878
vn -0.6859 -0.3850 0.6176
vn -0.5230 -0.7104 0.4710
vn -0.5694 -0.7104 0.4137
vn -0.7467 -0.3850 0.5425
vn -0.5230 -0.7104 0.4710
vn -0.4129 -0.8315 0.3717
vn -0.4495 -0.8315 0.3266
vn -0.5694 -0.7104 0.4137
vn 0.1446 -0.9809 -0.1302
vn 0.2883 -0.9217 -0.2596
vn 0.3139 -0.9217 -0.2280
vn 0.1574 -0.9809 -0.1144
vn 0.2883 -0.9217 -0.2596
vn 0.5279 -0.7039 -0.4753
vn 0.5747 -0.7039 -0.4175
vn 0.3139 -0.9217 -0.2280
vn 0.5279 -0.7039 -0.4753
vn 0.6873 -0.3804 -0.6188
vn 0.7482 -0.3804 -0.5436
vn 0.5747 -0.7039 -0.4175
vn 0.6873 -0.3804 -0.6188
vn 0.7431 -0.0000 -0.6691
vn 0.8090 0.0000 -0.5878
vn 0.7482 -0.3804 -0.5436
vn 0.8090 0.0000 -0.5878
vn 0.7482 0.3804 -0.5436
vn 0.8009 0.3804 -0.4624
vn 0.8660 -0.0000 -0.5000
vn 0.7482 0.3804 -0.5436
vn 0.5747 0.7039 -0.4175
vn 0.6152 0.7039 -0.3552
vn 0.8009 0.3804 -0.4624
vn 0.5747 0.7039 -0.4175
vn 0.3141 0.9216 -0.2282
vn 0.3362 0.9216 -0.1941
vn 0.6152 0.7039 -0.3552
vn 0.3141 0.9216 -0.2282
vn 0.0053 1.0000 -0.0038
vn 0.0056 1.0000 -0.0033
vn 0.3362 0.9216 -0.1941
vn 0.0053 1.0000 -0.0038
vn -0.3051 0.9262 0.2217
vn -0.3266 0.9262 0.1886
vn 0.0056 1.0000 -0.0033
vn -0.3051 0.9262 0.2217
vn -0.5694 0.7104 0.4137
vn -0.6095 0.7104 0.3519
vn -0.3266 0.9262 0.1886
vn -0.5694 0.7104 0.4137
vn -0.7467 0.3850 0.5425
vn -0.7993 0.3850 0.4615
vn -0.6095 0.7104 0.3519
vn -0.7467 0.3850 0.5425
vn -0.8090 0.0000 0.5878
vn -0.8660 0.0000 0.5000
vn -0.7993 0.3850 0.4615
vn -0.8090 0.0000 0.5878
vn -0.7467 -0.3850 0.5425
vn -0.7993 -0.3850 0.4615
vn -0.8660 0.0000 0.5000
vn -0.7467 -0.3850 0.5425
vn -0.5694 -0.7104 0.4137
vn -0.6095 -0.7104 0.3519
vn -0.7993 -0.3850 0.4615
vn -0.5694 -0.7104 0.4137
vn -0.4495 -0.8315 0.3266
vn -0.4811 -0.8315 0.2778
vn -0.6095 -0.7104 0.3519
vn 0.1574 -0.9809 -0.1144
vn 0.3139 -0.9217 -0.2280
vn 0.3360 -0.9217 -0.1940
vn 0.1685 -0.9809 -0.0973
vn 0.3139 -0.9217 -0.2280
vn 0.5747 -0.7039 -0.4175
vn 0.6152 -0.7039 -0.3552
vn 0.3360 -0.9217 -0.1940
vn 0.5747 -0.7039 -0.4175
vn 0.7482 -0.3804 -0.5436
vn 0.8009 -0.3804 -0.4624
vn 0.6152 -0.7039 -0.3552
vn 0.7482 -0.3804 -0.5436
vn 0.8090 0.0000 -0.5878
vn 0.8660 -0.0000 -0.5000
vn 0.8009 -0.3804 -0.4624
vn 0.8660 -0.0000 -0.5000
vn 0.8009 0.3804 -0.4624
vn 0.8449 0.3804 -0.3762
vn 0.9135 -0.0000 -0.4067
vn 0.8009 0.3804 -0.4624
vn 0.6152 0.7039 -0.3552
vn 0.6489 0.7039 -0.2889
vn 0.8449 0.3804 -0.3762
vn 0.6152 0.7039 -0.3552
vn 0.3362 0.9216 -0.1941
vn 0.3546 0.9216 -0.1579
vn 0.6489 0.7039 -0.2889
vn 0.3362 0.9216 -0.1941
vn 0.0056 1.0000 -0.0033
vn 0.0059 1.0000 -0.0026
vn 0.3546 0.9216 -0.1579
vn 0.0056 1.0000 -0.0033
vn -0.3266 0.9262 0.1886
vn -0.3445 0.9262 0.1534
vn 0.0059 1.0000 -0.0026
vn -0.3266 0.9262 0.1886
vn -0.6095 0.7104 0.3519
vn -0.6430 0.7104 0.2863
vn -0.3445 0.9262 0.1534
vn -0.6095 0.7104 0.3519
vn -0.7993 0.3850 0.4615
vn -0.8431 0.3850 0.3754
vn -0.6430 0.7104 0.2863
vn -0.7993 0.3850 0.4615
vn -0.8660 0.0000 0.5000
vn -0.9135 -0.0000 0.4067
vn -0.8431 0.3850 0.3754
vn -0.8660 0.0000 0.5000
vn -0.7993 -0.3850 0.4615
vn -0.8431 -0.3850 0.3754
vn -0.9135 -0.0000 0.4067
vn -0.7993 -0.3850 0.4615
vn -0.6095 -0.7104 0.3519
vn -0.6430 -0.7104 0.2863
vn -0.8431 -0.3850 0.3754
vn -0.6095 -0.7104 0.3519
vn -0.4811 -0.8315 0.2778
vn -0.5075 -0.8315 0.2260
vn -0.6430 -0.7104 0.2863
vn 0.1685 -0.9809 -0.0973
vn 0.3360 -0.9217 -0.1940
vn 0.3544 -0.9217 -0.1578
vn 0.1778 -0.9809 -0.0791
vn 0.3360 -0.9217 -0.1940
vn 0.6152 -0.7039 -0.3552
vn 0.6489 -0.7039 -0.2889
vn 0.3544 -0.9217 -0.1578
vn 0.6152 -0.7039 -0.3552
vn 0.8009 -0.3804 -0.4624
vn 0.8449 -0.3804 -0.3762
vn 0.6489 -0.7039 -0.2889
vn 0.8009 -0.3804 -0.4624
vn 0.8660 -0.0000 -0.5000
vn 0.9135 -0.0000 -0.4067
vn 0.8449 -0.3804 -0.3762
vn 0.9135 -0.0000 -0.4067
vn 0.8449 0.3804 -0.3762
vn 0.8796 0.3804 -0.2858
vn 0.9511 -0.0000 -0.3090
vn 0.8449 0.3804 -0.3762
vn 0.6489 0.7039 -0.2889
vn 0.6756 0.7039 -0.2195
vn 0.8796 0.3804 -0.2858
vn 0.6489 0.7039 -0.2889
vn 0.3546 0.9216 -0.1579
vn 0.3692 0.9216 -0.1200
vn 0.6756 0.7039 -0.2195
vn 0.3546 0.9216 -0.1579
vn 0.0059 1.0000 -0.0026
vn 0.0062 1.0000 -0.0020
vn 0.3692 0.9216 -0.1200
vn 0.0059 1.0000 -0.0026
vn -0.3445 0.9262 0.1534
vn -0.3586 0.9262 0.1165
vn 0.0062 1.0000 -0.0020
vn -0.3445 0.9262 0.1534
vn -0.6430 0.7104 0.2863
vn -0.6694 0.7104 0.2175
vn -0.3586 0.9262 0.1165
vn -0.6430 0.7104 0.2863
vn -0.8431 0.3850 0.3754
vn -0.8777 0.3850 0.2852
vn -0.6694 0.7104 0.2175
vn -0.8431 0.3850 0.3754
vn -0.9135 -0.0000 0.4067
vn -0.9511 0.0000 0.3090
vn -0.8777 0.3850 0.2852
vn -0.9135 -0.0000 0.4067
vn -0.8431 -0.3850 0.3754
vn -0.8777 -0.3850 0.2852
vn -0.9511 0.0000 0.3090
vn -0.8431 -0.3850 0.3754
vn -0.6430 -0.7104 0.2863
vn -0.6694 -0.7104 0.2175
vn -0.8777 -0.3850 0.2852
vn -0.6430 -0.7104 0.2863
vn -0.5075 -0.8315 0.2260
vn -0.5284 -0.8315 0.1717
vn -0.6694 -0.7104 0.2175
vn 0.1778 -0.9809 -0.0791
vn 0.3544 -0.9217 -0.1578
vn 0.3690 -0.9217 -0.1199
vn 0.1851 -0.9809 -0.0601
vn 0.3544 -0.9217 -0.1578
vn 0.6489 -0.7039 -0.2889
vn 0.6756 -0.7039 -0.2195
vn 0.3690 -0.9217 -0.1199
vn 0.6489 -0.7039 -0.2889
vn 0.8449 -0.3804 -0.3762
vn 0.8796 -0.3804 -0.2858
vn 0.6756 -0.7039 -0.2195
vn 0.8449 -0.3804 -0.3762
vn 0.9135 -0.0000 -0.4067
vn 0.9511 -0.0000 -0.3090
vn 0.8796 -0.3804 -0.2858
vn 0.9511 -0.0000 -0.3090
vn 0.8796 0.3804 -0.2858
vn 0.9046 0.3804 -0.1923
vn 0.9781 -0.0000 -0.2079
vn 0.8796 0.3804 -0.2858
vn 0.6756 0.7039 -0.2195
vn 0.6948 0.7039 -0.1477
vn 0.9046 0.3804 -0.1923
vn 0.6756 0.7039 -0.2195
vn 0.3692 0.9216 -0.1200
vn 0.3797 0.9216 -0.0807
vn 0.6948 0.7039 -0.1477
vn 0.3692 0.9216 -0.1200
vn 0.0062 1.0000 -0.0020
vn 0.0064 1.0000 -0.0014
vn 0.3797 0.9216 -0.0807
vn 0.0062 1.0000 -0.0020
vn -0.3586 0.9262 0.1165
vn -0.3689 0.9262 0.0784
vn 0.0064 1.0000 -0.0014
vn -0.3586 0.9262 0.1165
vn -0.6694 0.7104 0.2175
vn -0.6884 0.7104 0.1463
vn -0.3689 0.9262 0.0784
vn -0.6694 0.7104 0.2175
vn -0.8777 0.3850 0.2852
vn -0.9027 0.3850 0.1919
vn -0.6884 0.7104 0.1463
vn -0.8777 0.3850 0.2852
vn -0.9511 0.0000 0.3090
vn -0.9781 0.0000 0.2079
vn -0.9027 0.3850 0.1919
vn -0.9511 0.0000 0.3090
vn -0.8777 -0.3850 0.2852
vn -0.9027 -0.3850 0.1919
vn -0.9781 0.0000 0.2079
vn -0.8777 -0.3850 0.2852
vn -0.6694 -0.7104 0.2175
vn -0.6884 -0.7104 0.1463
vn -0.9027 -0.3850 0.1919
vn -0.6694 -0.7104 0.2175
vn -0.5284 -0.8315 0.1717
vn -0.5434 -0.8315 0.1155
vn -0.6884 -0.7104 0.1463
vn 0.1851 -0.9809 -0.0601
vn 0.3690 -0.9217 -0.1199
vn 0.3795 -0.9217 -0.0807
vn 0.1903 -0.9809 -0.0405
vn 0.3690 -0.9217 -0.1199
vn 0.6756 -0.7039 -0.2195
vn 0.6948 -0.7039 -0.1477
vn 0.3795 -0.9217 -0.0807
vn 0.6756 -0.7039 -0.2195
vn 0.8796 -0.3804 -0.2858
vn 0.9046 -0.3804 -0.1923
vn 0.6948 -0.7039 -0.1477
vn 0.8796 -0.3804 -0.2858
vn 0.9511 -0.0000 -0.3090
vn 0.9781 -0.0000 -0.2079
vn 0.9046 -0.3804 -0.1923
vn 0.9781 -0.0000 -0.2079
vn 0.9046 0.3804 -0.1923
vn 0.9198 0.3804 -0.0967
vn 0.9945 -0.0000 -0.1045
vn 0.9046 0.3804 -0.1923
vn 0.6948 0.7039 -0.1477
vn 0.7064 0.7039 -0.0742
vn 0.9198 0.3804 -0.0967
vn 0.6948 0.7039 -0.1477
vn 0.3797 0.9216 -0.0807
vn 0.3861 0.9216 -0.0406
vn 0.7064 0.7039 -0.0742
vn 0.3797 0.9216 -0.0807
vn 0.0064 1.0000 -0.0014
vn 0.0065 1.0000 -0.0007
vn 0.3861 0.9216 -0.0406
vn 0.0064 1.0000 -0.0014
vn -0.3689 0.9262 0.0784
vn -0.3750 0.9262 0.0394
vn 0.0065 1.0000 -0.0007
vn -0.3689 0.9262 0.0784
vn -0.6884 0.7104 0.1463
vn -0.7000 0.7104 0.0736
vn -0.3750 0.9262 0.0394
vn -0.6884 0.7104 0.1463
vn -0.9027 0.3850 0.1919
vn -0.9179 0.3850 0.0965
vn -0.7000 0.7104 0.0736
vn -0.9027 0.3850 0.1919
vn -0.9781 0.0000 0.2079
vn -0.9945 0.0000 0.1045
vn -0.9179 0.3850 0.0965
vn -0.9781 0.0000 0.2079
vn -0.9027 -0.3850 0.1919
vn -0.9179 -0.3850 0.0965
vn -0.9945 0.0000 0.1045
vn -0.9027 -0.3850 0.1919
vn -0.6884 -0.7104 0.1463
vn -0.7000 -0.7104 0.0736
vn -0.9179 -0.3850 0.0965
vn -0.6884 -0.7104 0.1463
vn -0.5434 -0.8315 0.1155
vn -0.5525 -0.8315 0.0581
vn -0.7000 -0.7104 0.0736
vn 0.1903 -0.9809 -0.0405
vn 0.3795 -0.9217 -0.0807
vn 0.3859 -0.9217 -0.0406
vn 0.1935 -0.9809 -0.0203
vn 0.3795 -0.9217 -0.0807
vn 0.6948 -0.7039 -0.1477
vn 0.7064 -0.7039 -0.0742
vn 0.3859 -0.9217 -0.0406
vn 0.6948 -0.7039 -0.1477
vn 0.9046 -0.3804 -0.1923
vn 0.9198 -0.3804 -0.0967
vn 0.7064 -0.7039 -0.0742
vn 0.9046 -0.3804 -0.1923
vn 0.9781 -0.0000 -0.2079
vn 0.9945 -0.0000 -0.1045
vn 0.9198 -0.3804 -0.0967
vn 0.9945 -0.0000 -0.1045
vn 0.9198 0.3804 -0.0967
vn 0.9248 0.3804 0.0000
vn 1.0000 -0.0000 0.0000
vn 0.9198 0.3804 -0.0967
vn 0.7064 0.7039 -0.0742
vn 0.7103 0.7039 -0.0000
vn 0.9248 0.3804 0.0000
vn 0.7064 0.7039 -0.0742
vn 0.3861 0.9216 -0.0406
vn 0.3882 0.9216 -0.0000
vn 0.7103 0.7039 -0.0000
vn 0.3861 0.9216 -0.0406
vn 0.0065 1.0000 -0.0007
vn 0.0065 1.0000 0.0000
vn 0.3882 0.9216 -0.0000
vn 0.0065 1.0000 -0.0007
vn -0.3750 0.9262 0.0394
vn -0.3771 0.9262 0.0000
vn 0.0065 1.0000 0.0000
vn -0.3750 0.9262 0.0394
vn -0.7000 0.7104 0.0736
vn -0.7038 0.7104 0.0000
vn -0.3771 0.9262 0.0000
vn -0.7000 0.7104 0.0736
vn -0.9179 0.3850 0.0965
vn -0.9229 0.3850 -0.0000
vn -0.7038 0.7104 0.0000
vn -0.9179 0.3850 0.0965
vn -0.9945 0.0000 0.1045
vn -1.0000 0.0000 0.0000
vn -0.9229 0.3850 -0.0000
vn -0.9945 0.0000 0.1045
vn -0.9179 -0.3850 0.0965
vn -0.9229 -0.3850 0.0000
vn -1.0000 0.0000 0.0000
vn -0.9179 -0.3850 0.0965
vn -0.7000 -0.7104 0.0736
vn -0.7038 -0.7104 -0.0000
vn -0.9229 -0.3850 0.0000
vn -0.7000 -0.7104 0.0736
vn -0.5525 -0.8315 0.0581
vn -0.5556 -0.8315 -0.0000
vn -0.7038 -0.7104 -0.0000
vn 0.1935 -0.9809 -0.0203
vn 0.3859 -0.9217 -0.0406
vn 0.3880 -0.9217 0.0000
vn 0.1946 -0.9809 -0.0000
vn 0.3859 -0.9217 -0.0406
vn 0.7064 -0.7039 -0.0742
vn 0.7103 -0.7039 0.0000
vn 0.3880 -0.9217 0.0000
vn 0.7064 -0.7039 -0.0742
vn 0.9198 -0.3804 -0.0967
vn 0.9248 -0.3804 -0.0000
vn 0.7103 -0.7039 0.0000
vn 0.9198 -0.3804 -0.0967
vn 0.9945 -0.0000 -0.1045
vn 1.0000 -0.0000 0.0000
vn 0.9248 -0.3804 -0.0000
vn 1.0000 -0.0000 0.0000
vn 0.9248 0.3804 0.0000
vn 0.9198 0.3804 0.0967
vn 0.9945 -0.0000 0.1045
vn 0.9248 0.3804 0.0000
vn 0.7103 0.7039 -0.0000
vn 0.7064 0.7039 0.0742
vn 0.9198 0.3804 0.0967
vn 0.7103 0.7039 -0.0000
vn 0.3882 0.9216 -0.0000
vn 0.3861 0.9216 0.0406
vn 0.7064 0.7039 0.0742
vn 0.3882 0.9216 -0.0000
vn 0.0065 1.0000 0.0000
vn 0.0065 1.0000 0.0007
vn 0.3861 0.9216 0.0406
vn 0.0065 1.0000 0.0000
vn -0.3771 0.9262 0.0000
vn -0.3750 0.9262 -0.0394
vn 0.0065 1.0000 0.0007
vn -0.3771 0.9262 0.0000
vn -0.7038 0.7104 0.0000
vn -0.7000 0.7104 -0.0736
vn -0.3750 0.9262 -0.0394
vn -0.7038 0.7104 0.0000
vn -0.9229 0.3850 -0.0000
vn -0.9179 0.3850 -0.0965
vn -0.7000 0.7104 -0.0736
vn -0.9229 0.3850 -0.0000
vn -1.0000 0.0000 0.0000
vn -0.9945 0.0000 -0.1045
vn -0.9179 0.3850 -0.0965
vn -1.0000 0.0000 0.0000
vn -0.9229 -0.3850 0.0000
vn -0.9179 -0.3850 -0.0965
vn -0.9945 0.0000 -0.1045
vn -0.9229 -0.3850 0.0000
vn -0.7038 -0.7104 -0.0000
vn -0.7000 -0.7104 -0.0736
vn -0.9179 -0.3850 -0.0965
vn -0.7038 -0.7104 -0.0000
vn -0.5556 -0.8315 -0.0000
vn -0.5525 -0.8315 -0.0581
vn -0.7000 -0.7104 -0.0736
vn 0.1946 -0.9809 -0.0000
vn 0.3880 -0.9217 0.0000
vn 0.3859 -0.9217 0.0406
vn 0.1935 -0.9809 0.0203
vn 0.3880 -0.9217 0.0000
vn 0.7103 -0.7039 0.0000
vn 0.7064 -0.7039 0.0742
vn 0.3859 -0.9217 0.0406
vn 0.7103 -0.7039 0.0000
vn 0.9248 -0.3804 -0.0000
vn 0.9198 -0.3804 0.0967
vn 0.7064 -0.7039 0.0742
vn 0.9248 -0.3804 -0.0000
vn 1.0000 -0.0000 0.0000
vn 0.9945 -0.0000 0.1045
vn 0.9198 -0.3804 0.0967
vn 0.9945 -0.0000 0.1045
vn 0.9198 0.3804 0.0967
vn 0.9046 0.3804 0.1923
vn 0.9781 -0.0000 0.2079
vn 0.9198 0.3804 0.0967
vn 0.7064 0.7039 0.0742
vn 0.6948 0.7039 0.1477
vn 0.9046 0.3804 0.1923
vn 0.7064 0.7039 0.0742
vn 0.3861 0.9216 0.0406
vn 0.3797 0.9216 0.0807
vn 0.6948 0.7039 0.1477
vn 0.3861 0.9216 0.0406
vn 0.0065 1.0000 0.0007
vn 0.0064 1.0000 0.0014
vn 0.3797 0.9216 0.0807
vn 0.0065 1.0000 0.0007
vn -0.3750 0.9262 -0.0394
vn -0.3689 0.9262 -0.0784
vn 0.0064 1.0000 0.0014
vn -0.3750 0.9262 -0.0394
vn -0.7000 0.7104 -0.0736
vn -0.6884 0.7104 -0.1463
vn -0.3689 0.9262 -0.0784
vn -0.7000 0.7104 -0.0736
vn -0.9179 0.3850 -0.0965
vn -0.9027 0.3850 -0.1919
vn -0.6884 0.7104 -0.1463
vn -0.9179 0.3850 -0.0965
vn -0.9945 0.0000 -0.1045
vn -0.9781 0.0000 -0.2079
vn -0.9027 0.3850 -0.1919
vn -0.9945 0.0000 -0.1045
vn -0.9179 -0.3850 -0.0965
vn -0.9027 -0.3850 -0.1919
vn -0.9781 0.0000 -0.2079
vn -0.9179 -0.3850 -0.0965
vn -0.7000 -0.7104 -0.0736
vn -0.6884 -0.7104 -0.1463
vn -0.9027 -0.3850 -0.1919
vn -0.7000 -0.7104 -0.0736
vn -0.5525 -0.8315 -0.0581
vn -0.5434 -0.8315 -0.1155
vn -0.6884 -0.7104 -0.1463
vn 0.1935 -0.9809 0.0203
vn 0.3859 -0.9217 0.0406
vn 0.3795 -0.9217 0.0807
vn 0.1903 -0.9809 0.0405
vn 0.3859 -0.9217 0.0406
vn 0.7064 -0.7039 0.0742
vn 0.6948 -0.7039 0.1477
vn 0.3795 -0.9217 0.0807
vn 0.7064 -0.7039 0.0742
vn 0.9198 -0.3804 0.0967
vn 0.9046 -0.3804 0.1923
vn 0.6948 -0.7039 0.1477
vn 0.9198 -0.3804 0.0967
vn 0.9945 -0.0000 0.1045
vn 0.9781 -0.0000 0.2079
vn 0.9046 -0.3804 0.1923
vn 0.9781 -0.0000 0.2079
vn 0.9046 0.3804 0.1923
vn 0.8796 0.3804 0.2858
vn 0.9511 -0.0000 0.3090
vn 0.9046 0.3804 0.1923
vn 0.6948 0.7039 0.1477
vn 0.6756 0.7039 0.2195
vn 0.8796 0.3804 0.2858
vn 0.6948 0.7039 0.1477
vn 0.3797 0.9216 0.0807
vn 0.3692 0.9216 0.1200
vn 0.6756 0.7039 0.2195
vn 0.3797 0.9216 0.0807
vn 0.0064 1.0000 0.0014
vn 0.0062 1.0000 0.0020
vn 0.3692 0.9216 0.1200
vn 0.0064 1.0000 0.0014
vn -0.3689 0.9262 -0.0784
vn -0.3586 0.9262 -0.1165
vn 0.0062 1.0000 0.0020
vn -0.3689 0.9262 -0.0784
vn -0.6884 0.7104 -0.1463
vn -0.6694 0.7104 -0.2175
vn -0.3586 0.9262 -0.1165
vn -0.6884 0.7104 -0.1463
vn -0.9027 0.3850 -0.1919
vn -0.8777 0.3850 -0.2852
vn -0.6694 0.7104 -0.2175
vn -0.9027 0.3850 -0.1919
vn -0.9781 0.0000 -0.2079
vn -0.9511 0.0000 -0.3090
vn -0.8777 0.3850 -0.2852
vn -0.9781 0.0000 -0.2079
vn -0.9027 -0.3850 -0.1919
vn -0.8777 -0.3850 -0.2852
vn -0.9511 0.0000 -0.3090
vn -0.9027 -0.3850 -0.1919
vn -0.6884 -0.7104 -0.1463
vn -0.6694 -0.7104 -0.2175
vn -0.8777 -0.3850 -0.2852
vn -0.6884 -0.7104 -0.1463
vn -0.5434 -0.8315 -0.1155
vn -0.5284 -0.8315 -0.1717
vn -0.6694 -0.7104 -0.2175
vn 0.1903 -0.9809 0.0405
vn 0.3795 -0.9217 0.0807
vn 0.3690 -0.9217 0.1199
vn 0.1851 -0.9809 0.0601
vn 0.3795 -0.9217 0.0807
vn 0.6948 -0.7039 0.1477
vn 0.6756 -0.7039 0.2195
vn 0.3690 -0.9217 0.1199
vn 0.6948 -0.7039 0.1477
vn 0.9046 -0.3804 0.1923
vn 0.8796 -0.3804 0.2858
vn 0.6756 -0.7039 0.2195
vn 0.9046 -0.3804 0.1923
vn 0.9781 -0.0000 0.2079
vn 0.9511 -0.0000 0.3090
vn 0.8796 -0.3804 0.2858
vn 0.9511 -0.0000 0.3090
vn 0.8796 0.3804 0.2858
vn 0.8449 0.3804 0.3762
vn 0.9135 -0.0000 0.4067
vn 0.8796 0.3804 0.2858
vn 0.6756 0.7039 0.2195
vn 0.6489 0.7039 0.2889
vn 0.8449 0.3804 0.3762
vn 0.6756 0.7039 0.2195
vn 0.3692 0.9216 0.1200
vn 0.3546 0.9216 0.1579
vn 0.6489 0.7039 0.2889
vn 0.3692 0.9216 0.1200
vn 0.0062 1.0000 0.0020
vn 0.0059 1.0000 0.0026
vn 0.3546 0.9216 0.1579
vn 0.0062 1.0000 0.0020
vn -0.3586 0.9262 -0.1165
vn -0.3445 0.9262 -0.1534
vn 0.0059 1.0000 0.0026
vn -0.3586 0.9262 -0.1165
vn -0.6694 0.7104 -0.2175
vn -0.6430 0.7104 -0.2863
vn -0.3445 0.9262 -0.1534
vn -0.6694 0.7104 -0.2175
vn -0.8777 0.3850 -0.2852
vn -0.8431 0.3850 -0.3754
vn -0.6430 0.7104 -0.2863
vn -0.8777 0.3850 -0.2852
vn -0.9511 0.0000 -0.3090
vn -0.9135 0.0000 -0.4067
vn -0.8431 0.3850 -0.3754
vn -0.9511 0.0000 -0.3090
vn -0.8777 -0.3850 -0.2852
vn -0.8431 -0.3850 -0.3754
vn -0.9135 0.0000 -0.4067
vn -0.8777 -0.3850 -0.2852
vn -0.6694 -0.7104 -0.2175
vn -0.6430 -0.7104 -0.2863
vn -0.8431 -0.3850 -0.3754
vn -0.6694 -0.7104 -0.2175
vn -0.5284 -0.8315 -0.1717
vn -0.5075 -0.8315 -0.2260
vn -0.6430 -0.7104 -0.2863
vn 0.1851 -0.9809 0.0601
vn 0.3690 -0.9217 0.1199
vn 0.3544 -0.9217 0.1578
vn 0.1778 -0.9809 0.0791
vn 0.3690 -0.9217 0.1199
vn 0.6756 -0.7039 0.2195
vn 0.6489 -0.7039 0.2889
vn 0.3544 -0.9217 0.1578
vn 0.6756 -0.7039 0.2195
vn 0.8796 -0.3804 0.2858
vn 0.8449 -0.3804 0.3762
vn 0.6489 -0.7039 0.2889
vn 0.8796 -0.3804 0.2858
vn 0.9511 -0.0000 0.3090
vn 0.9135 -0.0000 0.4067
vn 0.8449 -0.3804 0.3762
vn 0.9135 -0.0000 0.4067
vn 0.8449 0.3804 0.3762
vn 0.8009 0.3804 0.4624
vn 0.8660 -0.0000 0.5000
vn 0.8449 0.3804 0.3762
vn 0.6489 0.7039 0.2889
vn 0.6152 0.7039 0.3552
vn 0.8009 0.3804 0.4624
vn 0.6489 0.7039 0.2889
vn 0.3546 0.9216 0.1579
vn 0.3362 0.9216 0.1941
vn 0.6152 0.7039 0.3552
vn 0.3546 0.9216 0.1579
vn 0.0059 1.0000 0.0026
vn 0.0056 1.0000 0.0033
vn 0.3362 0.9216 0.1941
vn 0.0059 1.0000 0.0026
vn -0.3445 0.9262 -0.1534
vn -0.3266 0.9262 -0.1886
vn 0.0056 1.0000 0.0033
vn -0.3445 0.9262 -0.1534
vn -0.6430 0.7104 -0.2863
vn -0.6095 0.7104 -0.3519
vn -0.3266 0.9262 -0.1886
vn -0.6430 0.7104 -0.2863
vn -0.8431 0.3850 -0.3754
vn -0.7993 0.3850 -0.4615
vn -0.6095 0.7104 -0.3519
vn -0.8431 0.3850 -0.3754
vn -0.9135 0.0000 -0.4067
vn -0.8660 0.0000 -0.5000
vn -0.7993 0.3850 -0.4615
vn -0.9135 0.0000 -0.4067
vn -0.8431 -0.3850 -0.3754
vn -0.7993 -0.3850 -0.4615
vn -0.8660 0.0000 -0.5000
vn -0.8431 -0.3850 -0.3754
vn -0.6430 -0.7104 -0.2863
vn -0.6095 -0.7104 -0.3519
vn -0.7993 -0.3850 -0.4615
vn -0.6430 -0.7104 -0.2863
vn -0.5075 -0.8315 -0.2260
vn -0.4811 -0.8315 -0.2778
vn -0.6095 -0.7104 -0.3519
vn 0.1778 -0.9809 0.0791
vn 0.3544 -0.9217 0.1578
vn 0.3360 -0.9217 0.1940
vn 0.1685 -0.9809 0.0973
vn 0.3544 -0.9217 0.1578
vn 0.6489 -0.7039 0.2889
vn 0.6152 -0.7039 0.3552
vn 0.3360 -0.9217 0.1940
vn 0.6489 -0.7039 0.2889
vn 0.8449 -0.3804 0.3762
vn 0.8009 -0.3804 0.4624
vn 0.6152 -0.7039 0.3552
vn 0.8449 -0.3804 0.3762
vn 0.9135 -0.0000 0.4067
vn 0.8660 -0.0000 0.5000
vn 0.8009 -0.3804 0.4624
vn 0.8660 -0.0000 0.5000
vn 0.8009 0.3804 0.4624
vn 0.7482 0.3804 0.5436
vn 0.8090 -0.0000 0.5878
vn 0.8009 0.3804 0.4624
vn 0.6152 0.7039 0.3552
vn 0.5747 0.7039 0.4175
vn 0.7482 0.3804 0.5436
vn 0.6152 0.7039 0.3552
vn 0.3362 0.9216 0.1941
vn 0.3141 0.9216 0.2282
vn 0.5747 0.7039 0.4175
vn 0.3362 0.9216 0.1941
vn 0.0056 1.0000 0.0033
vn 0.0053 1.0000 0.0038
vn 0.3141 0.9216 0.2282
vn 0.0056 1.0000 0.0033
vn -0.3266 0.9262 -0.1886
vn -0.3051 0.9262 -0.2217
vn 0.0053 1.0000 0.0038
vn -0.3266 0.9262 -0.1886
vn -0.6095 0.7104 -0.3519
vn -0.5694 0.7104 -0.4137
vn -0.3051 0.9262 -0.2217
vn -0.6095 0.7104 -0.3519
vn -0.7993 0.3850 -0.4615
vn -0.7467 0.3850 -0.5425
vn -0.5694 0.7104 -0.4137
vn -0.7993 0.3850 -0.4615
vn -0.8660 0.0000 -0.5000
vn -0.8090 0.0000 -0.5878
vn -0.7467 0.3850 -0.5425
vn -0.8660 0.0000 -0.5000
vn -0.7993 -0.3850 -0.4615
vn -0.7467 -0.3850 -0.5425
vn -0.8090 0.0000 -0.5878
vn -0.7993 -0.3850 -0.4615
vn -0.6095 -0.7104 -0.3519
vn -0.5694 -0.7104 -0.4137
vn -0.7467 -0.3850 -0.5425
vn -0.6095 -0.7104 -0.3519
vn -0.4811 -0.8315 -0.2778
vn -0.4495 -0.8315 -0.3266
vn -0.5694 -0.7104 -0.4137
vn 0.1685 -0.9809 0.0973
vn 0.3360 -0.9217 0.1940
vn 0.3139 -0.9217 0.2280
vn 0.1574 -0.9809 0.1144
vn 0.3360 -0.9217 0.1940
vn 0.6152 -0.7039 0.3552
vn 0.5747 -0.7039 0.4175
vn 0.3139 -0.9217 0.2280
vn 0.6152 -0.7039 0.3552
vn 0.8009 -0.3804 0.4624
vn 0.7482 -0.3804 0.5436
vn 0.5747 -0.7039 0.4175
vn 0.8009 -0.3804 0.4624
vn 0.8660 -0.0000 0.5000
vn 0.8090 -0.0000 0.5878
vn 0.7482 -0.3804 0.5436
vn 0.8090 -0.0000 0.5878
vn 0.7482 0.3804 0.5436
vn 0.6873 0.3804 0.6188
vn 0.7431 -0.0000 0.6691
vn 0.7482 0.3804 0.5436
vn 0.5747 0.7039 0.4175
vn 0.5279 0.7039 0.4753
vn 0.6873 0.3804 0.6188
vn 0.5747 0.7039 0.4175
vn 0.3141 0.9216 0.2282
vn 0.2885 0.9216 0.2598
vn 0.5279 0.7039 0.4753
vn 0.3141 0.9216 0.2282
vn 0.0053 1.0000 0.0038
vn 0.0048 1.0000 0.0044
vn 0.2885 0.9216 0.2598
vn 0.0053 1.0000 0.0038
vn -0.3051 0.9262 -0.2217
vn -0.2802 0.9262 -0.2523
vn 0.0048 1.0000 0.0044
vn -0.3051 0.9262 -0.2217
vn -0.5694 0.7104 -0.4137
vn -0.5230 0.7104 -0.4710
vn -0.2802 0.9262 -0.2523
vn -0.5694 0.7104 -0.4137
vn -0.7467 0.3850 -0.5425
vn -0.6859 0.3850 -0.6176
vn -0.5230 0.7104 -0.4710
vn -0.7467 0.3850 -0.5425
vn -0.8090 0.0000 -0.5878
vn -0.7431 0.0000 -0.6691
vn -0.6859 0.3850 -0.6176
vn -0.8090 0.0000 -0.5878
vn -0.7467 -0.3850 -0.5425
vn -0.6859 -0.3850 -0.6176
vn -0.7431 0.0000 -0.6691
vn -0.7467 -0.3850 -0.5425
vn -0.5694 -0.7104 -0.4137
vn -0.5230 -0.7104 -0.4710
vn -0.6859 -0.3850 -0.6176
vn -0.5694 -0.7104 -0.4137
vn -0.4495 -0.8315 -0.3266
vn -0.4129 -0.8315 -0.3717
vn -0.5230 -0.7104 -0.4710
vn 0.1574 -0.9809 0.1144
vn 0.3139 -0.9217 0.2280
vn 0.2883 -0.9217 0.2596
vn 0.1446 -0.9809 0.1302
vn 0.3139 -0.9217 0.2280
vn 0.5747 -0.7039 0.4175
vn 0.5279 -0.7039 0.4753
vn 0.2883 -0.9217 0.2596
vn 0.5747 -0.7039 0.4175
vn 0.7482 -0.3804 0.5436
vn 0.6873 -0.3804 0.6188
vn 0.5279 -0.7039 0.4753
vn 0.7482 -0.3804 0.5436
vn 0.8090 -0.0000 0.5878
vn 0.7431 -0.0000 0.6691
vn 0.6873 -0.3804 0.6188
vn 0.7431 -0.0000 0.6691
vn 0.6873 0.3804 0.6188
vn 0.6188 0.3804 0.6873
vn 0.6691 -0.0000 0.7431
vn 0.6873 0.3804 0.6188
vn 0.5279 0.7039 0.4753
vn 0.4753 0.7039 0.5279
vn 0.6188 0.3804 0.6873
vn 0.5279 0.7039 0.4753
vn 0.2885 0.9216 0.2598
vn 0.2598 0.9216 0.2885
vn 0.4753 0.7039 0.5279
vn 0.2885 0.9216 0.2598
vn 0.0048 1.0000 0.0044
vn 0.0044 1.0000 0.0048
vn 0.2598 0.9216 0.2885
vn 0.0048 1.0000 0.0044
vn -0.2802 0.9262 -0.2523
vn -0.2523 0.9262 -0.2802
vn 0.0044 1.0000 0.0048
vn -0.2802 0.9262 -0.2523
vn -0.5230 0.7104 -0.4710
vn -0.4710 0.7104 -0.5230
vn -0.2523 0.9262 -0.2802
vn -0.5230 0.7104 -0.4710
vn -0.6859 0.3850 -0.6176
vn -0.6176 0.3850 -0.6859
vn -0.4710 0.7104 -0.5230
vn -0.6859 0.3850 -0.6176
vn -0.7431 0.0000 -0.6691
vn -0.6691 0.0000 -0.7431
vn -0.6176 0.3850 -0.6859
vn -0.7431 0.0000 -0.6691
vn -0.6859 -0.3850 -0.6176
vn -0.6176 -0.3850 -0.6859
vn -0.6691 0.0000 -0.7431
vn -0.6859 -0.3850 -0.6176
vn -0.5230 -0.7104 -0.4710
vn -0.4710 -0.7104 -0.5230
vn -0.6176 -0.3850 -0.6859
vn -0.5230 -0.7104 -0.4710
vn -0.4129 -0.8315 -0.3717
vn -0.3717 -0.8315 -0.4129
vn -0.4710 -0.7104 -0.5230
vn 0.1446 -0.9809 0.1302
vn 0.2883 -0.9217 0.2596
vn 0.2596 -0.9217 0.2883
vn 0.1302 -0.9809 0.1446
vn 0.2883 -0.9217 0.2596
vn 0.5279 -0.7039 0.4753
vn 0.4753 -0.7039 0.5279
vn 0.2596 -0.9217 0.2883
vn 0.5279 -0.7039 0.4753
vn 0.6873 -0.3804 0.6188
vn 0.6188 -0.3804 0.6873
vn 0.4753 -0.7039 0.5279
vn 0.6873 -0.3804 0.6188
vn 0.7431 -0.0000 0.6691
vn 0.6691 -0.0000 0.7431
vn 0.6188 -0.3804 0.6873
vn 0.6691 -0.0000 0.7431
vn 0.6188 0.3804 0.6873
vn 0.5436 0.3804 0.7482
vn 0.5878 -0.0000 0.8090
vn 0.6188 0.3804 0.6873
vn 0.4753 0.7039 0.5279
vn 0.4175 0.7039 0.5747
vn 0.5436 0.3804 0.7482
vn 0.4753 0.7039 0.5279
vn 0.2598 0.9216 0.2885
vn 0.2282 0.9216 0.3141
vn 0.4175 0.7039 0.5747
vn 0.2598 0.9216 0.2885
vn 0.0044 1.0000 0.0048
vn 0.0038 1.0000 0.0053
vn 0.2282 0.9216 0.3141
vn 0.0044 1.0000 0.0048
vn -0.2523 0.9262 -0.2802
vn -0.2217 0.9262 -0.3051
vn 0.0038 1.0000 0.0053
vn -0.2523 0.9262 -0.2802
vn -0.4710 0.7104 -0.5230
vn -0.4137 0.7104 -0.5694
vn -0.2217 0.9262 -0.3051
vn -0.4710 0.7104 -0.5230
vn -0.6176 0.3850 -0.6859
vn -0.5425 0.3850 -0.7467
vn -0.4137 0.7104 -0.5694
vn -0.6176 0.3850 -0.6859
vn -0.6691 0.0000 -0.7431
vn -0.5878 0.0000 -0.8090
vn -0.5425 0.3850 -0.7467
vn -0.6691 0.0000 -0.7431
vn -0.6176 -0.3850 -0.6859
vn -0.5425 -0.3850 -0.7467
vn -0.5878 0.0000 -0.8090
vn -0.6176 -0.3850 -0.6859
vn -0.4710 -0.7104 -0.5230
vn -0.4137 -0.7104 -0.5694
vn -0.5425 -0.3850 -0.7467
vn -0.4710 -0.7104 -0.5230
vn -0.3717 -0.8315 -0.4129
vn -0.3266 -0.8315 -0.4495
vn -0.4137 -0.7104 -0.5694
vn 0.1302 -0.9809 0.1446
vn 0.2596 -0.9217 0.2883
vn 0.2280 -0.9217 0.3139
vn 0.1144 -0.9809 0.1574
vn 0.2596 -0.9217 0.2883
vn 0.4753 -0.7039 0.5279
vn 0.4175 -0.7039 0.5747
vn 0.2280 -0.9217 0.3139
vn 0.4753 -0.7039 0.5279
vn 0.6188 -0.3804 0.6873
vn 0.5436 -0.3804 0.7482
vn 0.4175 -0.7039 0.5747
vn 0.6188 -0.3804 0.6873
vn 0.6691 -0.0000 0.7431
vn 0.5878 -0.0000 0.8090
vn 0.5436 -0.3804 0.7482
vn 0.5878 -0.0000 0.8090
vn 0.5436 0.3804 0.7482
vn 0.4624 0.3804 0.8009
vn 0.5000 -0.0000 0.8660
vn 0.5436 0.3804 0.7482
vn 0.4175 0.7039 0.5747
vn 0.3552 0.7039 0.6152
vn 0.4624 0.3804 0.8009
vn 0.4175 0.7039 0.5747
vn 0.2282 0.9216 0.3141
vn 0.1941 0.9216 0.3362
vn 0.3552 0.7039 0.6152
vn 0.2282 0.9216 0.3141
vn 0.0038 1.0000 0.0053
vn 0.0033 1.0000 0.0056
vn 0.1941 0.9216 0.3362
vn 0.0038 1.0000 0.0053
vn -0.2217 0.9262 -0.3051
vn -0.1886 0.9262 -0.3266
vn 0.0033 1.0000 0.0056
vn -0.2217 0.9262 -0.3051
vn -0.4137 0.7104 -0.5694
vn -0.3519 0.7104 -0.6095
vn -0.1886 0.9262 -0.3266
vn -0.4137 0.7104 -0.5694
vn -0.5425 0.3850 -0.7467
vn -0.4615 0.3850 -0.7993
vn -0.3519 0.7104 -0.6095
vn -0.5425 0.3850 -0.7467
vn -0.5878 0.0000 -0.8090
vn -0.5000 0.0000 -0.8660
vn -0.4615 0.3850 -0.7993
vn -0.5878 0.0000 -0.8090
vn -0.5425 -0.3850 -0.7467
vn -0.4615 -0.3850 -0.7993
vn -0.5000 0.0000 -0.8660
vn -0.5425 -0.3850 -0.7467
vn -0.4137 -0.7104 -0.5694
vn -0.3519 -0.7104 -0.6095
vn -0.4615 -0.3850 -0.7993
vn -0.4137 -0.7104 -0.5694
vn -0.3266 -0.8315 -0.4495
vn -0.2778 -0.8315 -0.4811
vn -0.3519 -0.7104 -0.6095
vn 0.1144 -0.9809 0.1574
vn 0.2280 -0.9217 0.3139
vn 0.1940 -0.9217 0.3360
vn 0.0973 -0.9809 0.1685
vn 0.2280 -0.9217 0.3139
vn 0.4175 -0.7039 0.5747
vn 0.3552 -0.7039 0.6152
vn 0.1940 -0.9217 0.3360
vn 0.4175 -0.7039 0.5747
vn 0.5436 -0.3804 0.7482
vn 0.4624 -0.3804 0.8009
vn 0.3552 -0.7039 0.6152
vn 0.5436 -0.3804 0.7482
vn 0.5878 -0.0000 0.8090
vn 0.5000 -0.0000 0.8660
vn 0.4624 -0.3804 0.8009
vn 0.5000 -0.0000 0.8660
vn 0.4624 0.3804 0.8009
vn 0.3762 0.3804 0.8449
vn 0.4067 -0.0000 0.9135
vn 0.4624 0.3804 0.8009
vn 0.3552 0.7039 0.6152
vn 0.2889 0.7039 0.6489
vn 0.3762 0.3804 0.8449
vn 0.3552 0.7039 0.6152
vn 0.1941 0.9216 0.3362
vn 0.1579 0.9216 0.3546
vn 0.2889 0.7039 0.6489
vn 0.1941 0.9216 0.3362
vn 0.0033 1.0000 0.0056
vn 0.0026 1.0000 0.0059
vn 0.1579 0.9216 0.3546
vn 0.0033 1.0000 0.0056
vn -0.1886 0.9262 -0.3266
vn -0.1534 0.9262 -0.3445
vn 0.0026 1.0000 0.0059
vn -0.1886 0.9262 -0.3266
vn -0.3519 0.7104 -0.6095
vn -0.2863 0.7104 -0.6430
vn -0.1534 0.9262 -0.3445
vn -0.3519 0.7104 -0.6095
vn -0.4615 0.3850 -0.7993
vn -0.3754 0.3850 -0.8431
vn -0.2863 0.7104 -0.6430
vn -0.4615 0.3850 -0.7993
vn -0.5000 0.0000 -0.8660
vn -0.4067 -0.0000 -0.9135
vn -0.3754 0.3850 -0.8431
vn -0.5000 0.0000 -0.8660
vn -0.4615 -0.3850 -0.7993
vn -0.3754 -0.3850 -0.8431
vn -0.4067 -0.0000 -0.9135
vn -0.4615 -0.3850 -0.7993
vn -0.3519 -0.7104 -0.6095
vn -0.2863 -0.7104 -0.6430
vn -0.3754 -0.3850 -0.8431
vn -0.3519 -0.7104 -0.6095
vn -0.2778 -0.8315 -0.4811
vn -0.2260 -0.8315 -0.5075
vn -0.2863 -0.7104 -0.6430
vn 0.0973 -0.9809 0.1685
vn 0.1940 -0.9217 0.3360
vn 0.1578 -0.9217 0.3544
vn 0.0791 -0.9809 0.1778
vn 0.1940 -0.9217 0.3360
vn 0.3552 -0.7039 0.6152
vn 0.2889 -0.7039 0.6489
vn 0.1578 -0.9217 0.3544
vn 0.3552 -0.7039 0.6152
vn 0.4624 -0.3804 0.8009
vn 0.3762 -0.3804 0.8449
vn 0.2889 -0.7039 0.6489
vn 0.4624 -0.3804 0.8009
vn 0.5000 -0.0000 0.8660
vn 0.4067 -0.0000 0.9135
vn 0.3762 -0.3804 0.8449
vn 0.4067 -0.0000 0.9135
vn 0.3762 0.3804 0.8449
vn 0.2858 0.3804 0.8796
vn 0.3090 -0.0000 0.9511
vn 0.3762 0.3804 0.8449
vn 0.2889 0.7039 0.6489
vn 0.2195 0.7039 0.6756
vn 0.2858 0.3804 0.8796
vn 0.2889 0.7039 0.6489
vn 0.1579 0.9216 0.3546
vn 0.1200 0.9216 0.3692
vn 0.2195 0.7039 0.6756
vn 0.1579 0.9216 0.3546
vn 0.0026 1.0000 0.0059
vn 0.0020 1.0000 0.0062
vn 0.1200 0.9216 0.3692
vn 0.0026 1.0000 0.0059
vn -0.1534 0.9262 -0.3445
vn -0.1165 0.9262 -0.3586
vn 0.0020 1.0000 0.0062
vn -0.1534 0.9262 -0.3445
vn -0.2863 0.7104 -0.6430
vn -0.2175 0.7104 -0.6694
vn -0.1165 0.9262 -0.3586
vn -0.2863 0.7104 -0.6430
vn -0.3754 0.3850 -0.8431
vn -0.2852 0.3850 -0.8777
vn -0.2175 0.7104 -0.6694
vn -0.3754 0.3850 -0.8431
vn -0.4067 -0.0000 -0.9135
vn -0.3090 0.0000 -0.9511
vn -0.2852 0.3850 -0.8777
vn -0.4067 -0.0000 -0.9135
vn -0.3754 -0.3850 -0.8431
vn -0.2852 -0.3850 -0.8777
vn -0.3090 0.0000 -0.9511
vn -0.3754 -0.3850 -0.8431
vn -0.2863 -0.7104 -0.6430
vn -0.2175 -0.7104 -0.6694
vn -0.2852 -0.3850 -0.8777
vn -0.2863 -0.7104 -0.6430
vn -0.2260 -0.8315 -0.5075
vn -0.1717 -0.8315 -0.5284
vn -0.2175 -0.7104 -0.6694
vn 0.0791 -0.9809 0.1778
vn 0.1578 -0.9217 0.3544
vn 0.1199 -0.9217 0.3690
vn 0.0601 -0.9809 0.1851
vn 0.1578 -0.9217 0.3544
vn 0.2889 -0.7039 0.6489
vn 0.2195 -0.7039 0.6756
vn 0.1199 -0.9217 0.3690
vn 0.2889 -0.7039 0.6489
vn 0.3762 -0.3804 0.8449
vn 0.2858 -0.3804 0.8796
vn 0.2195 -0.7039 0.6756
vn 0.3762 -0.3804 0.8449
vn 0.4067 -0.0000 0.9135
vn 0.3090 -0.0000 0.9511
vn 0.2858 -0.3804 0.8796
vn 0.3090 -0.0000 0.9511
vn 0.2858 0.3804 0.8796
vn 0.1923 0.3804 0.9046
vn 0.2079 -0.0000 0.9781
vn 0.2858 0.3804 0.8796
vn 0.2195 0.7039 0.6756
vn 0.1477 0.7039 0.6948
vn 0.1923 0.3804 0.9046
vn 0.2195 0.7039 0.6756
vn 0.1200 0.9216 0.3692
vn 0.0807 0.9216 0.3797
vn 0.1477 0.7039 0.6948
vn 0.1200 0.9216 0.3692
vn 0.0020 1.0000 0.0062
vn 0.0014 1.0000 0.0064
vn 0.0807 0.9216 0.3797
vn 0.0020 1.0000 0.0062
vn -0.1165 0.9262 -0.3586
vn -0.0784 0.9262 -0.3689
vn 0.0014 1.0000 0.0064
vn -0.1165 0.9262 -0.3586
vn -0.2175 0.7104 -0.6694
vn -0.1463 0.7104 -0.6884
vn -0.0784 0.9262 -0.3689
vn -0.2175 0.7104 -0.6694
vn -0.2852 0.3850 -0.8777
vn -0.1919 0.3850 -0.9027
vn -0.1463 0.7104 -0.6884
vn -0.2852 0.3850 -0.8777
vn -0.3090 0.0000 -0.9511
vn -0.2079 0.0000 -0.9781
vn -0.1919 0.3850 -0.9027
vn -0.3090 0.0000 -0.9511
vn -0.2852 -0.3850 -0.8777
vn -0.1919 -0.3850 -0.9027
vn -0.2079 0.0000 -0.9781
vn -0.2852 -0.3850 -0.8777
vn -0.2175 -0.7104 -0.6694
vn -0.1463 -0.7104 -0.6884
vn -0.1919 -0.3850 -0.9027
vn -0.2175 -0.7104 -0.6694
vn -0.1717 -0.8315 -0.5284
vn -0.1155 -0.8315 -0.5434
vn -0.1463 -0.7104 -0.6884
vn 0.0601 -0.9809 0.1851
vn 0.1199 -0.9217 0.3690
vn 0.0807 -0.9217 0.3795
vn 0.0405 -0.9809 0.1903
vn 0.1199 -0.9217 0.3690
vn 0.2195 -0.7039 0.6756
vn 0.1477 -0.7039 0.6948
vn 0.0807 -0.9217 0.3795
vn 0.2195 -0.7039 0.6756
vn 0.2858 -0.3804 0.8796
vn 0.1923 -0.3804 0.9046
vn 0.1477 -0.7039 0.6948
vn 0.2858 -0.3804 0.8796
vn 0.3090 -0.0000 0.9511
vn 0.2079 -0.0000 0.9781
vn 0.1923 -0.3804 0.9046
vn 0.2079 -0.0000 0.9781
vn 0.1923 0.3804 0.9046
vn 0.0967 0.3804 0.9198
vn 0.1045 -0.0000 0.9945
vn 0.1923 0.3804 0.9046
vn 0.1477 0.7039 0.6948
vn 0.0742 0.7039 0.7064
vn 0.0967 0.3804 0.9198
vn 0.1477 0.7039 0.6948
vn 0.0807 0.9216 0.3797
vn 0.0406 0.9216 0.3861
vn 0.0742 0.7039 0.7064
vn 0.0807 0.9216 0.3797
vn 0.0014 1.0000 0.0064
vn 0.0007 1.0000 0.0065
vn 0.0406 0.9216 0.3861
vn 0.0014 1.0000 0.0064
vn -0.0784 0.9262 -0.3689
vn -0.0394 0.9262 -0.3750
vn 0.0007 1.0000 0.0065
vn -0.0784 0.9262 -0.3689
vn -0.1463 0.7104 -0.6884
vn -0.0736 0.7104 -0.7000
vn -0.0394 0.9262 -0.3750
vn -0.1463 0.7104 -0.6884
vn -0.1919 0.3850 -0.9027
vn -0.0965 0.3850 -0.9179
vn -0.0736 0.7104 -0.7000
vn -0.1919 0.3850 -0.9027
vn -0.2079 0.0000 -0.9781
vn -0.1045 0.0000 -0.9945
vn -0.0965 0.3850 -0.9179
vn -0.2079 0.0000 -0.9781
vn -0.1919 -0.3850 -0.9027
vn -0.0965 -0.3850 -0.9179
vn -0.1045 0.0000 -0.9945
vn -0.1919 -0.3850 -0.9027
vn -0.1463 -0.7104 -0.6884
vn -0.0736 -0.7104 -0.7000
vn -0.0965 -0.3850 -0.9179
vn -0.1463 -0.7104 -0.6884
vn -0.1155 -0.8315 -0.5434
vn -0.0581 -0.8315 -0.5525
vn -0.0736 -0.7104 -0.7000
vn 0.0405 -0.9809 0.1903
vn 0.0807 -0.9217 0.3795
vn 0.0406 -0.9217 0.3859
vn 0.0203 -0.9809 0.1935
vn 0.0807 -0.9217 0.3795
vn 0.1477 -0.7039 0.6948
vn 0.0742 -0.7039 0.7064
vn 0.0406 -0.9217 0.3859
vn 0.1477 -0.7039 0.6948
vn 0.1923 -0.3804 0.9046
vn 0.0967 -0.3804 0.9198
vn 0.0742 -0.7039 0.7064
vn 0.1923 -0.3804 0.9046
vn 0.2079 -0.0000 0.9781
vn 0.1045 -0.0000 0.9945
vn 0.0967 -0.3804 0.9198
vn 0.1045 -0.0000 0.9945
vn 0.0967 0.3804 0.9198
vn -0.0000 0.3804 0.9248
vn -0.0000 -0.0000 1.0000
vn 0.0967 0.3804 0.9198
vn 0.0742 0.7039 0.7064
vn 0.0000 0.7039 0.7103
vn -0.0000 0.3804 0.9248
vn 0.0742 0.7039 0.7064
vn 0.0406 0.9216 0.3861
vn 0.0000 0.9216 0.3882
vn 0.0000 0.7039 0.7103
vn 0.0406 0.9216 0.3861
vn 0.0007 1.0000 0.0065
vn -0.0000 1.0000 0.0065
vn 0.0000 0.9216 0.3882
vn 0.0007 1.0000 0.0065
vn -0.0394 0.9262 -0.3750
vn -0.0000 0.9262 -0.3771
vn -0.0000 1.0000 0.0065
vn -0.0394 0.9262 -0.3750
vn -0.0736 0.7104 -0.7000
vn -0.0000 0.7104 -0.7038
vn -0.0000 0.9262 -0.3771
vn -0.0736 0.7104 -0.7000
vn -0.0965 0.3850 -0.9179
vn 0.0000 0.3850 -0.9229
vn -0.0000 0.7104 -0.7038
vn -0.0965 0.3850 -0.9179
vn -0.1045 0.0000 -0.9945
vn -0.0000 0.0000 -1.0000
vn 0.0000 0.3850 -0.9229
vn -0.1045 0.0000 -0.9945
vn -0.0965 -0.3850 -0.9179
vn -0.0000 -0.3850 -0.9229
vn -0.0000 0.0000 -1.0000
vn -0.0965 -0.3850 -0.9179
vn -0.0736 -0.7104 -0.7000
vn 0.0000 -0.7104 -0.7038
vn -0.0000 -0.3850 -0.9229
vn -0.0736 -0.7104 -0.7000
vn -0.0581 -0.8315 -0.5525
vn 0.0000 -0.8315 -0.5556
vn 0.0000 -0.7104 -0.7038
vn 0.0203 -0.9809 0.1935
vn 0.0406 -0.9217 0.3859
vn -0.0000 -0.9217 0.3880
vn 0.0000 -0.9809 0.1946
vn 0.0406 -0.9217 0.3859
vn 0.0742 -0.7039 0.7064
vn -0.0000 -0.7039 0.7103
vn -0.0000 -0.9217 0.3880
vn 0.0742 -0.7039 0.7064
vn 0.0967 -0.3804 0.9198
vn 0.0000 -0.3804 0.9248
vn -0.0000 -0.7039 0.7103
vn 0.0967 -0.3804 0.9198
vn 0.1045 -0.0000 0.9945
vn -0.0000 -0.0000 1.0000
vn 0.0000 -0.3804 0.9248
vn -0.0000 -0.0000 1.0000
vn -0.0000 0.3804 0.9248
vn -0.0967 0.3804 0.9198
vn -0.1045 -0.0000 0.9945
vn -0.0000 0.3804 0.9248
vn 0.0000 0.7039 0.7103
vn -0.0742 0.7039 0.7064
vn -0.0967 0.3804 0.9198
vn 0.0000 0.7039 0.7103
vn 0.0000 0.9216 0.3882
vn -0.0406 0.9216 0.3861
vn -0.0742 0.7039 0.7064
vn 0.0000 0.9216 0.3882
vn -0.0000 1.0000 0.0065
vn -0.0007 1.0000 0.0065
vn -0.0406 0.9216 0.3861
vn -0.0000 1.0000 0.0065
vn -0.0000 0.9262 -0.3771
vn 0.0394 0.9262 -0.3750
vn -0.0007 1.0000 0.0065
vn -0.0000 0.9262 -0.3771
vn -0.0000 0.7104 -0.7038
vn 0.0736 0.7104 -0.7000
vn 0.0394 0.9262 -0.3750
vn -0.0000 0.7104 -0.7038
vn 0.0000 0.3850 -0.9229
vn 0.0965 0.3850 -0.9179
vn 0.0736 0.7104 -0.7000
vn 0.0000 0.3850 -0.9229
vn -0.0000 0.0000 -1.0000
vn 0.1045 0.0000 -0.9945
vn 0.0965 0.3850 -0.9179
vn -0.0000 0.0000 -1.0000
vn -0.0000 -0.3850 -0.9229
vn 0.0965 -0.3850 -0.9179
vn 0.1045 0.0000 -0.9945
vn -0.0000 -0.3850 -0.9229
vn 0.0000 -0.7104 -0.7038
vn 0.0736 -0.7104 -0.7000
vn 0.0965 -0.3850 -0.9179
vn 0.0000 -0.7104 -0.7038
vn 0.0000 -0.8315 -0.5556
vn 0.0581 -0.8315 -0.5525
vn 0.0736 -0.7104 -0.7000
vn 0.0000 -0.9809 0.1946
vn -0.0000 -0.9217 0.3880
vn -0.0406 -0.9217 0.3859
vn -0.0203 -0.9809 0.1935
vn -0.0000 -0.9217 0.3880
vn -0.0000 -0.7039 0.7103
vn -0.0742 -0.7039 0.7064
vn -0.0406 -0.9217 0.3859
vn -0.0000 -0.7039 0.7103
vn 0.0000 -0.3804 0.9248
vn -0.0967 -0.3804 0.9198
vn -0.0742 -0.7039 0.7064
vn 0.0000 -0.3804 0.9248
vn -0.0000 -0.0000 1.0000
vn -0.1045 -0.0000 0.9945
vn -0.0967 -0.3804 0.9198
vn -0.1045 -0.0000 0.9945
vn -0.0967 0.3804 0.9198
vn -0.1923 0.3804 0.9046
vn -0.2079 -0.0000 0.9781
vn -0.0967 0.3804 0.9198
vn -0.0742 0.7039 0.7064
vn -0.1477 0.7039 0.6948
vn -0.1923 0.3804 0.9046
vn -0.0742 0.7039 0.7064
vn -0.0406 0.9216 0.3861
vn -0.0807 0.9216 0.3797
vn -0.1477 0.7039 0.6948
vn -0.0406 0.9216 0.3861
vn -0.0007 1.0000 0.0065
vn -0.0014 1.0000 0.0064
vn -0.0807 0.9216 0.3797
vn -0.0007 1.0000 0.0065
vn 0.0394 0.9262 -0.3750
vn 0.0784 0.9262 -0.3689
vn -0.0014 1.0000 0.0064
vn 0.0394 0.9262 -0.3750
vn 0.0736 0.7104 -0.7000
vn 0.1463 0.7104 -0.6884
vn 0.0784 0.9262 -0.3689
vn 0.0736 0.7104 -0.7000
vn 0.0965 0.3850 -0.9179
vn 0.1919 0.3850 -0.9027
vn 0.1463 0.7104 -0.6884
vn 0.0965 0.3850 -0.9179
vn 0.1045 0.0000 -0.9945
vn 0.2079 0.0000 -0.9781
vn 0.1919 0.3850 -0.9027
vn 0.1045 0.0000 -0.9945
vn 0.0965 -0.3850 -0.9179
vn 0.1919 -0.3850 -0.9027
vn 0.2079 0.0000 -0.9781
vn 0.0965 -0.3850 -0.9179
vn 0.0736 -0.7104 -0.7000
vn 0.1463 -0.7104 -0.6884
vn 0.1919 -0.3850 -0.9027
vn 0.0736 -0.7104 -0.7000
vn 0.0581 -0.8315 -0.5525
vn 0.1155 -0.8315 -0.5434
vn 0.1463 -0.7104 -0.6884
vn -0.0203 -0.9809 0.1935
vn -0.0406 -0.9217 0.3859
vn -0.0807 -0.9217 0.3795
vn -0.0405 -0.9809 0.1903
vn -0.0406 -0.9217 0.3859
vn -0.0742 -0.7039 0.7064
vn -0.1477 -0.7039 0.6948
vn -0.0807 -0.9217 0.3795
vn -0.0742 -0.7039 0.7064
vn -0.0967 -0.3804 0.9198
vn -0.1923 -0.3804 0.9046
vn -0.1477 -0.7039 0.6948
vn -0.0967 -0.3804 0.9198
vn -0.1045 -0.0000 0.9945
vn -0.2079 -0.0000 0.9781
vn -0.1923 -0.3804 0.9046
vn -0.2079 -0.0000 0.9781
vn -0.1923 0.3804 0.9046
vn -0.2858 0.3804 0.8796
vn -0.3090 -0.0000 0.9511
vn -0.1923 0.3804 0.9046
vn -0.1477 0.7039 0.6948
vn -0.2195 0.7039 0.6756
vn -0.2858 0.3804 0.8796
vn -0.1477 0.7039 0.6948
vn -0.0807 0.9216 0.3797
vn -0.1200 0.9216 0.3692
vn -0.2195 0.7039 0.6756
vn -0.0807 0.9216 0.3797
vn -0.0014 1.0000 0.0064
vn -0.0020 1.0000 0.0062
vn -0.1200 0.9216 0.3692
vn -0.0014 1.0000 0.0064
vn 0.0784 0.9262 -0.3689
vn 0.1165 0.9262 -0.3586
vn -0.0020 1.0000 0.0062
vn 0.0784 0.9262 -0.3689
vn 0.1463 0.7104 -0.6884
vn 0.2175 0.7104 -0.6694
vn 0.1165 0.9262 -0.3586
vn 0.1463 0.7104 -0.6884
vn 0.1919 0.3850 -0.9027
vn 0.2852 0.3850 -0.8777
vn 0.2175 0.7104 -0.6694
vn 0.1919 0.3850 -0.9027
vn 0.2079 0.0000 -0.9781
vn 0.3090 0.0000 -0.9511
vn 0.2852 0.3850 -0.8777
vn 0.2079 0.0000 -0.9781
vn 0.1919 -0.3850 -0.9027
vn 0.2852 -0.3850 -0.8777
vn 0.3090 0.0000 -0.9511
vn 0.1919 -0.3850 -0.9027
vn 0.1463 -0.7104 -0.6884
vn 0.2175 -0.7104 -0.6694
vn 0.2852 -0.3850 -0.8777
vn 0.1463 -0.7104 -0.6884
vn 0.1155 -0.8315 -0.5434
vn 0.1717 -0.8315 -0.5284
vn 0.2175 -0.7104 -0.6694
vn -0.0405 -0.9809 0.1903
vn -0.0807 -0.9217 0.3795
vn -0.1199 -0.9217 0.3690
vn -0.0601 -0.9809 0.1851
vn -0.0807 -0.9217 0.3795
vn -0.1477 -0.7039 0.6948
vn -0.2195 -0.7039 0.6756
vn -0.1199 -0.9217 0.3690
vn -0.1477 -0.7039 0.6948
vn -0.1923 -0.3804 0.9046
vn -0.2858 -0.3804 0.8796
vn -0.2195 -0.7039 0.6756
vn -0.1923 -0.3804 0.9046
vn -0.2079 -0.0000 0.9781
vn -0.3090 -0.0000 0.9511
vn -0.2858 -0.3804 0.8796
vn -0.3090 -0.0000 0.9511
vn -0.2858 0.3804 0.8796
vn -0.3762 0.3804 0.8449
vn -0.4067 -0.0000 0.9135
vn -0.2858 0.3804 0.8796
vn -0.2195 0.7039 0.6756
vn -0.2889 0.7039 0.6489
vn -0.3762 0.3804 0.8449
vn -0.2195 0.7039 0.6756
vn -0.1200 0.9216 0.3692
vn -0.1579 0.9216 0.3546
vn -0.2889 0.7039 0.6489
vn -0.1200 0.9216 0.3692
vn -0.0020 1.0000 0.0062
vn -0.0026 1.0000 0.0059
vn -0.1579 0.9216 0.3546
vn -0.0020 1.0000 0.0062
vn 0.1165 0.9262 -0.3586
vn 0.1534 0.9262 -0.3445
vn -0.0026 1.0000 0.0059
vn 0.1165 0.9262 -0.3586
vn 0.2175 0.7104 -0.6694
vn 0.2863 0.7104 -0.6430
vn 0.1534 0.9262 -0.3445
vn 0.2175 0.7104 -0.6694
vn 0.2852 0.3850 -0.8777
vn 0.3754 0.3850 -0.8431
vn 0.2863 0.7104 -0.6430
vn 0.2852 0.3850 -0.8777
vn 0.3090 0.0000 -0.9511
vn 0.4067 0.0000 -0.9135
vn 0.3754 0.3850 -0.8431
vn 0.3090 0.0000 -0.9511
vn 0.2852 -0.3850 -0.8777
vn 0.3754 -0.3850 -0.8431
vn 0.4067 0.0000 -0.9135
vn 0.2852 -0.3850 -0.8777
vn 0.2175 -0.7104 -0.6694
vn 0.2863 -0.7104 -0.6430
vn 0.3754 -0.3850 -0.8431
vn 0.2175 -0.7104 -0.6694
vn 0.1717 -0.8315 -0.5284
vn 0.2260 -0.8315 -0.5075
vn 0.2863 -0.7104 -0.6430
vn -0.0601 -0.9809 0.1851
vn -0.1199 -0.9217 0.3690
vn -0.1578 -0.9217 0.3544
vn -0.0791 -0.9809 0.1778
vn -0.1199 -0.9217 0.3690
vn -0.2195 -0.7039 0.6756
vn -0.2889 -0.7039 0.6489
vn -0.1578 -0.9217 0.3544
vn -0.2195 -0.7039 0.6756
vn -0.2858 -0.3804 0.8796
vn -0.3762 -0.3804 0.8449
vn -0.2889 -0.7039 0.6489
vn -0.2858 -0.3804 0.8796
vn -0.3090 -0.0000 0.9511
vn -0.4067 -0.0000 0.9135
vn -0.3762 -0.3804 0.8449
vn -0.4067 -0.0000 0.9135
vn -0.3762 0.3804 0.8449
vn -0.4624 0.3804 0.8009
vn -0.5000 -0.0000 0.8660
vn -0.3762 0.3804 0.8449
vn -0.2889 0.7039 0.6489
vn -0.3552 0.7039 0.6152
vn -0.4624 0.3804 0.8009
vn -0.2889 0.7039 0.6489
vn -0.1579 0.9216 0.3546
vn -0.1941 0.9216 0.3362
vn -0.3552 0.7039 0.6152
vn -0.1579 0.9216 0.3546
vn -0.0026 1.0000 0.0059
vn -0.0033 1.0000 0.0056
vn -0.1941 0.9216 0.3362
vn -0.0026 1.0000 0.0059
vn 0.1534 0.9262 -0.3445
vn 0.1886 0.9262 -0.3266
vn -0.0033 1.0000 0.0056
vn 0.1534 0.9262 -0.3445
vn 0.2863 0.7104 -0.6430
vn 0.3519 0.7104 -0.6095
vn 0.1886 0.9262 -0.3266
vn 0.2863 0.7104 -0.6430
vn 0.3754 0.3850 -0.8431
vn 0.4615 0.3850 -0.7993
vn 0.3519 0.7104 -0.6095
vn 0.3754 0.3850 -0.8431
vn 0.4067 0.0000 -0.9135
vn 0.5000 0.0000 -0.8660
vn 0.4615 0.3850 -0.7993
vn 0.4067 0.0000 -0.9135
vn 0.3754 -0.3850 -0.8431
vn 0.4615 -0.3850 -0.7993
vn 0.5000 0.0000 -0.8660
vn 0.3754 -0.3850 -0.8431
vn 0.2863 -0.7104 -0.6430
vn 0.3519 -0.7104 -0.6095
vn 0.4615 -0.3850 -0.7993
vn 0.2863 -0.7104 -0.6430
vn 0.2260 -0.8315 -0.5075
vn 0.2778 -0.8315 -0.4811
vn 0.3519 -0.7104 -0.6095
vn -0.0791 -0.9809 0.1778
vn -0.1578 -0.9217 0.3544
vn -0.1940 -0.9217 0.3360
vn -0.0973 -0.9809 0.1685
vn -0.1578 -0.9217 0.3544
vn -0.2889 -0.7039 0.6489
vn -0.3552 -0.7039 0.6152
vn -0.1940 -0.9217 0.3360
vn -0.2889 -0.7039 0.6489
vn -0.3762 -0.3804 0.8449
vn -0.4624 -0.3804 0.8009
vn -0.3552 -0.7039 0.6152
vn -0.3762 -0.3804 0.8449
vn -0.4067 -0.0000 0.9135
vn -0.5000 -0.0000 0.8660
vn -0.4624 -0.3804 0.8009
vn -0.5000 -0.0000 0.8660
vn -0.4624 0.3804 0.8009
vn -0.5436 0.3804 0.7482
vn -0.5878 -0.0000 0.8090
vn -0.4624 0.3804 0.8009
vn -0.3552 0.7039 0.6152
vn -0.4175 0.7039 0.5747
vn -0.5436 0.3804 0.7482
vn -0.3552 0.7039 0.6152
vn -0.1941 0.9216 0.3362
vn -0.2282 0.9216 0.3141
vn -0.4175 0.7039 0.5747
vn -0.1941 0.9216 0.3362
vn -0.0033 1.0000 0.0056
vn -0.0038 1.0000 0.0053
vn -0.2282 0.9216 0.3141
vn -0.0033 1.0000 0.0056
vn 0.1886 0.9262 -0.3266
vn 0.2217 0.9262 -0.3051
vn -0.0038 1.0000 0.0053
vn 0.1886 0.9262 -0.3266
vn 0.3519 0.7104 -0.6095
vn 0.4137 0.7104 -0.5694
vn 0.2217 0.9262 -0.3051
vn 0.3519 0.7104 -0.6095
vn 0.4615 0.3850 -0.7993
vn 0.5425 0.3850 -0.7467
vn 0.4137 0.7104 -0.5694
vn 0.4615 0.3850 -0.7993
vn 0.5000 0.0000 -0.8660
vn 0.5878 0.0000 -0.8090
vn 0.5425 0.3850 -0.7467
vn 0.5000 0.0000 -0.8660
vn 0.4615 -0.3850 -0.7993
vn 0.5425 -0.3850 -0.7467
vn 0.5878 0.0000 -0.8090
vn 0.4615 -0.3850 -0.7993
vn 0.3519 -0.7104 -0.6095
vn 0.4137 -0.7104 -0.5694
vn 0.5425 -0.3850 -0.7467
vn 0.3519 -0.7104 -0.6095
vn 0.2778 -0.8315 -0.4811
vn 0.3266 -0.8315 -0.4495
vn 0.4137 -0.7104 -0.5694
vn -0.0973 -0.9809 0.1685
vn -0.1940 -0.9217 0.3360
vn -0.2280 -0.9217 0.3139
vn -0.1144 -0.9809 0.1574
vn -0.1940 -0.9217 0.3360
vn -0.3552 -0.7039 0.6152
vn -0.4175 -0.7039 0.5747
vn -0.2280 -0.9217 0.3139
vn -0.3552 -0.7039 0.6152
vn -0.4624 -0.3804 0.8009
vn -0.5436 -0.3804 0.7482
vn -0.4175 -0.7039 0.5747
vn -0.4624 -0.3804 0.8009
vn -0.5000 -0.0000 0.8660
vn -0.5878 -0.0000 0.8090
vn -0.5436 -0.3804 0.7482
vn -0.5878 -0.0000 0.8090
vn -0.5436 0.3804 0.7482
vn -0.6188 0.3804 0.6873
vn -0.6691 -0.0000 0.7431
vn -0.5436 0.3804 0.7482
vn -0.4175 0.7039 0.5747
vn -0.4753 0.7039 0.5279
vn -0.6188 0.3804 0.6873
vn -0.4175 0.7039 0.5747
vn -0.2282 0.9216 0.3141
vn -0.2598 0.9216 0.2885
vn -0.4753 0.7039 0.5279
vn -0.2282 0.9216 0.3141
vn -0.0038 1.0000 0.0053
vn -0.0044 1.0000 0.0048
vn -0.2598 0.9216 0.2885
vn -0.0038 1.0000 0.0053
vn 0.2217 0.9262 -0.3051
vn 0.2523 0.9262 -0.2802
vn -0.0044 1.0000 0.0048
vn 0.2217 0.9262 -0.3051
vn 0.4137 0.7104 -0.5694
vn 0.4710 0.7104 -0.5230
vn 0.2523 0.9262 -0.2802
vn 0.4137 0.7104 -0.5694
vn 0.5425 0.3850 -0.7467
vn 0.6176 0.3850 -0.6859
vn 0.4710 0.7104 -0.5230
vn 0.5425 0.3850 -0.7467
vn 0.5878 0.0000 -0.8090
vn 0.6691 0.0000 -0.7431
vn 0.6176 0.3850 -0.6859
vn 0.5878 0.0000 -0.8090
vn 0.5425 -0.3850 -0.7467
vn 0.6176 -0.3850 -0.6859
vn 0.6691 0.0000 -0.7431
vn 0.5425 -0.3850 -0.7467
vn 0.4137 -0.7104 -0.5694
vn 0.4710 -0.7104 -0.5230
vn 0.6176 -0.3850 -0.6859
vn 0.4137 -0.7104 -0.5694
vn 0.3266 -0.8315 -0.4495
vn 0.3717 -0.8315 -0.4129
vn 0.4710 -0.7104 -0.5230
vn -0.1144 -0.9809 0.1574
vn -0.2280 -0.9217 0.3139
vn -0.2596 -0.9217 0.2883
vn -0.1302 -0.9809 0.1446
vn -0.2280 -0.9217 0.3139
vn -0.4175 -0.7039 0.5747
vn -0.4753 -0.7039 0.5279
vn -0.2596 -0.9217 0.2883
vn -0.4175 -0.7039 0.5747
vn -0.5436 -0.3804 0.7482
vn -0.6188 -0.3804 0.6873
vn -0.4753 -0.7039 0.5279
vn -0.5436 -0.3804 0.7482
vn -0.5878 -0.0000 0.8090
vn -0.6691 -0.0000 0.7431
vn -0.6188 -0.3804 0.6873
vn -0.6691 -0.0000 0.7431
vn -0.6188 0.3804 0.6873
vn -0.6873 0.3804 0.6188
vn -0.7431 -0.0000 0.6691
vn -0.6188 0.3804 0.6873
vn -0.4753 0.7039 0.5279
vn -0.5279 0.7039 0.4753
vn -0.6873 0.3804 0.6188
vn -0.4753 0.7039 0.5279
vn -0.2598 0.9216 0.2885
vn -0.2885 0.9216 0.2598
vn -0.5279 0.7039 0.4753
vn -0.2598 0.9216 0.2885
vn -0.0044 1.0000 0.0048
vn -0.0048 1.0000 0.0044
vn -0.2885 0.9216 0.2598
vn -0.0044 1.0000 0.0048
vn 0.2523 0.9262 -0.2802
vn 0.2802 0.9262 -0.2523
vn -0.0048 1.0000 0.0044
vn 0.2523 0.9262 -0.2802
vn 0.4710 0.7104 -0.5230
vn 0.5230 0.7104 -0.4710
vn 0.2802 0.9262 -0.2523
vn 0.4710 0.7104 -0.5230
vn 0.6176 0.3850 -0.6859
vn 0.6859 0.3850 -0.6176
vn 0.5230 0.7104 -0.4710
vn 0.6176 0.3850 -0.6859
vn 0.6691 0.0000 -0.7431
vn 0.7431 0.0000 -0.6691
vn 0.6859 0.3850 -0.6176
vn 0.6691 0.0000 -0.7431
vn 0.6176 -0.3850 -0.6859
vn 0.6859 -0.3850 -0.6176
vn 0.7431 0.0000 -0.6691
vn 0.6176 -0.3850 -0.6859
vn 0.4710 -0.7104 -0.5230
vn 0.5230 -0.7104 -0.4710
vn 0.6859 -0.3850 -0.6176
vn 0.4710 -0.7104 -0.5230
vn 0.3717 -0.8315 -0.4129
vn 0.4129 -0.8315 -0.3717
vn 0.5230 -0.7104 -0.4710
vn -0.1302 -0.9809 0.1446
vn -0.2596 -0.9217 0.2883
vn -0.2883 -0.9217 0.2596
vn -0.1446 -0.9809 0.1302
vn -0.2596 -0.9217 0.2883
vn -0.4753 -0.7039 0.5279
vn -0.5279 -0.7039 0.4753
vn -0.2883 -0.9217 0.2596
vn -0.4753 -0.7039 0.5279
vn -0.6188 -0.3804 0.6873
vn -0.6873 -0.3804 0.6188
vn -0.5279 -0.7039 0.4753
vn -0.6188 -0.3804 0.6873
vn -0.6691 -0.0000 0.7431
vn -0.7431 -0.0000 0.6691
vn -0.6873 -0.3804 0.6188
vn -0.7431 -0.0000 0.6691
vn -0.6873 0.3804 0.6188
vn -0.7482 0.3804 0.5436
vn -0.8090 -0.0000 0.5878
vn -0.6873 0.3804 0.6188
vn -0.5279 0.7039 0.4753
vn -0.5747 0.7039 0.4175
vn -0.7482 0.3804 0.5436
vn -0.5279 0.7039 0.4753
vn -0.2885 0.9216 0.2598
vn -0.3141 0.9216 0.2282
vn -0.5747 0.7039 0.4175
vn -0.2885 0.9216 0.2598
vn -0.0048 1.0000 0.0044
vn -0.0053 1.0000 0.0038
vn -0.3141 0.9216 0.2282
vn -0.0048 1.0000 0.0044
vn 0.2802 0.9262 -0.2523
vn 0.3051 0.9262 -0.2217
vn -0.0053 1.0000 0.0038
vn 0.2802 0.9262 -0.2523
vn 0.5230 0.7104 -0.4710
vn 0.5694 0.7104 -0.4137
vn 0.3051 0.9262 -0.2217
vn 0.5230 0.7104 -0.4710
vn 0.6859 0.3850 -0.6176
vn 0.7467 0.3850 -0.5425
vn 0.5694 0.7104 -0.4137
vn 0.6859 0.3850 -0.6176
vn 0.7431 0.0000 -0.6691
vn 0.8090 0.0000 -0.5878
vn 0.7467 0.3850 -0.5425
vn 0.7431 0.0000 -0.6691
vn 0.6859 -0.3850 -0.6176
vn 0.7467 -0.3850 -0.5425
vn 0.8090 0.0000 -0.5878
vn 0.6859 -0.3850 -0.6176
vn 0.5230 -0.7104 -0.4710
vn 0.5694 -0.7104 -0.4137
vn 0.7467 -0.3850 -0.5425
vn 0.5230 -0.7104 -0.4710
vn 0.4129 -0.8315 -0.3717
vn 0.4495 -0.8315 -0.3266
vn 0.5694 -0.7104 -0.4137
vn -0.1446 -0.9809 0.1302
vn -0.2883 -0.9217 0.2596
vn -0.3139 -0.9217 0.2280
vn -0.1574 -0.9809 0.1144
vn -0.2883 -0.9217 0.2596
vn -0.5279 -0.7039 0.4753
vn -0.5747 -0.7039 0.4175
vn -0.3139 -0.9217 0.2280
vn -0.5279 -0.7039 0.4753
vn -0.6873 -0.3804 0.6188
vn -0.7482 -0.3804 0.5436
vn -0.5747 -0.7039 0.4175
vn -0.6873 -0.3804 0.6188
vn -0.7431 -0.0000 0.6691
vn -0.8090 -0.0000 0.5878
vn -0.7482 -0.3804 0.5436
vn -0.8090 -0.0000 0.5878
vn -0.7482 0.3804 0.5436
vn -0.8009 0.3804 0.4624
vn -0.8660 -0.0000 0.5000
vn -0.7482 0.3804 0.5436
vn -0.5747 0.7039 0.4175
vn -0.6152 0.7039 0.3552
vn -0.8009 0.3804 0.4624
vn -0.5747 0.7039 0.4175
vn -0.3141 0.9216 0.2282
vn -0.3362 0.9216 0.1941
vn -0.6152 0.7039 0.3552
vn -0.3141 0.9216 0.2282
vn -0.0053 1.0000 0.0038
vn -0.0056 1.0000 0.0033
vn -0.3362 0.9216 0.1941
vn -0.0053 1.0000 0.0038
vn 0.3051 0.9262 -0.2217
vn 0.3266 0.9262 -0.1886
vn -0.0056 1.0000 0.0033
vn 0.3051 0.9262 -0.2217
vn 0.5694 0.7104 -0.4137
vn 0.6095 0.7104 -0.3519
vn 0.3266 0.9262 -0.1886
vn 0.5694 0.7104 -0.4137
vn 0.7467 0.3850 -0.5425
vn 0.7993 0.3850 -0.4615
vn 0.6095 0.7104 -0.3519
vn 0.7467 0.3850 -0.5425
vn 0.8090 0.0000 -0.5878
vn 0.8660 0.0000 -0.5000
vn 0.7993 0.3850 -0.4615
vn 0.8090 0.0000 -0.5878
vn 0.7467 -0.3850 -0.5425
vn 0.7993 -0.3850 -0.4615
vn 0.8660 0.0000 -0.5000
vn 0.7467 -0.3850 -0.5425
vn 0.5694 -0.7104 -0.4137
vn 0.6095 -0.7104 -0.3519
vn 0.7993 -0.3850 -0.4615
vn 0.5694 -0.7104 -0.4137
vn 0.4495 -0.8315 -0.3266
vn 0.4811 -0.8315 -0.2778
vn 0.6095 -0.7104 -0.3519
vn -0.1574 -0.9809 0.1144
vn -0.3139 -0.9217 0.2280
vn -0.3360 -0.9217 0.1940
vn -0.1685 -0.9809 0.0973
vn -0.3139 -0.9217 0.2280
vn -0.5747 -0.7039 0.4175
vn -0.6152 -0.7039 0.3552
vn -0.3360 -0.9217 0.1940
vn -0.5747 -0.7039 0.4175
vn -0.7482 -0.3804 0.5436
vn -0.8009 -0.3804 0.4624
vn -0.6152 -0.7039 0.3552
vn -0.7482 -0.3804 0.5436
vn -0.8090 -0.0000 0.5878
vn -0.8660 -0.0000 0.5000
vn -0.8009 -0.3804 0.4624
vn -0.8660 -0.0000 0.5000
vn -0.8009 0.3804 0.4624
vn -0.8449 0.3804 0.3762
vn -0.9135 -0.0000 0.4067
vn -0.8009 0.3804 0.4624
vn -0.6152 0.7039 0.3552
vn -0.6489 0.7039 0.2889
vn -0.8449 0.3804 0.3762
vn -0.6152 0.7039 0.3552
vn -0.3362 0.9216 0.1941
vn -0.3546 0.9216 0.1579
vn -0.6489 0.7039 0.2889
vn -0.3362 0.9216 0.1941
vn -0.0056 1.0000 0.0033
vn -0.0059 1.0000 0.0026
vn -0.3546 0.9216 0.1579
vn -0.0056 1.0000 0.0033
vn 0.3266 0.9262 -0.1886
vn 0.3445 0.9262 -0.1534
vn -0.0059 1.0000 0.0026
vn 0.3266 0.9262 -0.1886
vn 0.6095 0.7104 -0.3519
vn 0.6430 0.7104 -0.2863
vn 0.3445 0.9262 -0.1534
vn 0.6095 0.7104 -0.3519
vn 0.7993 0.3850 -0.4615
vn 0.8431 0.3850 -0.3754
vn 0.6430 0.7104 -0.2863
vn 0.7993 0.3850 -0.4615
vn 0.8660 0.0000 -0.5000
vn 0.9135 0.0000 -0.4067
vn 0.8431 0.3850 -0.3754
vn 0.8660 0.0000 -0.5000
vn 0.7993 -0.3850 -0.4615
vn 0.8431 -0.3850 -0.3754
vn 0.9135 0.0000 -0.4067
vn 0.7993 -0.3850 -0.4615
vn 0.6095 -0.7104 -0.3519
vn 0.6430 -0.7104 -0.2863
vn 0.8431 -0.3850 -0.3754
vn 0.6095 -0.7104 -0.3519
vn 0.4811 -0.8315 -0.2778
vn 0.5075 -0.8315 -0.2260
vn 0.6430 -0.7104 -0.2863
vn -0.1685 -0.9809 0.0973
vn -0.3360 -0.9217 0.1940
vn -0.3544 -0.9217 0.1578
vn -0.1778 -0.9809 0.0791
vn -0.3360 -0.9217 0.1940
vn -0.6152 -0.7039 0.3552
vn -0.6489 -0.7039 0.2889
vn -0.3544 -0.9217 0.1578
vn -0.6152 -0.7039 0.3552
vn -0.8009 -0.3804 0.4624
vn -0.8449 -0.3804 0.3762
vn -0.6489 -0.7039 0.2889
vn -0.8009 -0.3804 0.4624
vn -0.8660 -0.0000 0.5000
vn -0.9135 -0.0000 0.4067
vn -0.8449 -0.3804 0.3762
vn -0.9135 -0.0000 0.4067
vn -0.8449 0.3804 0.3762
vn -0.8796 0.3804 0.2858
vn -0.9511 -0.0000 0.3090
vn -0.8449 0.3804 0.3762
vn -0.6489 0.7039 0.2889
vn -0.6756 0.7039 0.2195
vn -0.8796 0.3804 0.2858
vn -0.6489 0.7039 0.2889
vn -0.3546 0.9216 0.1579
vn -0.3692 0.9216 0.1200
vn -0.6756 0.7039 0.2195
vn -0.3546 0.9216 0.1579
vn -0.0059 1.0000 0.0026
vn -0.0062 1.0000 0.0020
vn -0.3692 0.9216 0.1200
vn -0.0059 1.0000 0.0026
vn 0.3445 0.9262 -0.1534
vn 0.3586 0.9262 -0.1165
vn -0.0062 1.0000 0.0020
vn 0.3445 0.9262 -0.1534
vn 0.6430 0.7104 -0.2863
vn 0.6694 0.7104 -0.2175
vn 0.3586 0.9262 -0.1165
vn 0.6430 0.7104 -0.2863
vn 0.8431 0.3850 -0.3754
vn 0.8777 0.3850 -0.2852
vn 0.6694 0.7104 -0.2175
vn 0.8431 0.3850 -0.3754
vn 0.9135 0.0000 -0.4067
vn 0.9511 0.0000 -0.3090
vn 0.8777 0.3850 -0.2852
vn 0.9135 0.0000 -0.4067
vn 0.8431 -0.3850 -0.3754
vn 0.8777 -0.3850 -0.2852
vn 0.9511 0.0000 -0.3090
vn 0.8431 -0.3850 -0.3754
vn 0.6430 -0.7104 -0.2863
vn 0.6694 -0.7104 -0.2175
vn 0.8777 -0.3850 -0.2852
vn 0.6430 -0.7104 -0.2863
vn 0.5075 -0.8315 -0.2260
vn 0.5284 -0.8315 -0.1717
vn 0.6694 -0.7104 -0.2175
vn -0.1778 -0.9809 0.0791
vn -0.3544 -0.9217 0.1578
vn -0.3690 -0.9217 0.1199
vn -0.1851 -0.9809 0.0601
vn -0.3544 -0.9217 0.1578
vn -0.6489 -0.7039 0.2889
vn -0.6756 -0.7039 0.2195
vn -0.3690 -0.9217 0.1199
vn -0.6489 -0.7039 0.2889
vn -0.8449 -0.3804 0.3762
vn -0.8796 -0.3804 0.2858
vn -0.6756 -0.7039 0.2195
vn -0.8449 -0.3804 0.3762
vn -0.9135 -0.0000 0.4067
vn -0.9511 -0.0000 0.3090
vn -0.8796 -0.3804 0.2858
vn -0.9511 -0.0000 0.3090
vn -0.8796 0.3804 0.2858
vn -0.9046 0.3804 0.1923
vn -0.9781 -0.0000 0.2079
vn -0.8796 0.3804 0.2858
vn -0.6756 0.7039 0.2195
vn -0.6948 0.7039 0.1477
vn -0.9046 0.3804 0.1923
vn -0.6756 0.7039 0.2195
vn -0.3692 0.9216 0.1200
vn -0.3797 0.9216 0.0807
vn -0.6948 0.7039 0.1477
vn -0.3692 0.9216 0.1200
vn -0.0062 1.0000 0.0020
vn -0.0064 1.0000 0.0014
vn -0.3797 0.9216 0.0807
vn -0.0062 1.0000 0.0020
vn 0.3586 0.9262 -0.1165
vn 0.3689 0.9262 -0.0784
vn -0.0064 1.0000 0.0014
vn 0.3586 0.9262 -0.1165
vn 0.6694 0.7104 -0.2175
vn 0.6884 0.7104 -0.1463
vn 0.3689 0.9262 -0.0784
vn 0.6694 0.7104 -0.2175
vn 0.8777 0.3850 -0.2852
vn 0.9027 0.3850 -0.1919
vn 0.6884 0.7104 -0.1463
vn 0.8777 0.3850 -0.2852
vn 0.9511 0.0000 -0.3090
vn 0.9781 0.0000 -0.2079
vn 0.9027 0.3850 -0.1919
vn 0.9511 0.0000 -0.3090
vn 0.8777 -0.3850 -0.2852
vn 0.9027 -0.3850 -0.1919
vn 0.9781 0.0000 -0.2079
vn 0.8777 -0.3850 -0.2852
vn 0.6694 -0.7104 -0.2175
vn 0.6884 -0.7104 -0.1463
vn 0.9027 -0.3850 -0.1919
vn 0.6694 -0.7104 -0.2175
vn 0.5284 -0.8315 -0.1717
vn 0.5434 -0.8315 -0.1155
vn 0.6884 -0.7104 -0.1463
vn -0.1851 -0.9809 0.0601
vn -0.3690 -0.9217 0.1199
vn -0.3795 -0.9217 0.0807
vn -0.1903 -0.9809 0.0405
vn -0.3690 -0.9217 0.1199
vn -0.6756 -0.7039 0.2195
vn -0.6948 -0.7039 0.1477
vn -0.3795 -0.9217 0.0807
vn -0.6756 -0.7039 0.2195
vn -0.8796 -0.3804 0.2858
vn -0.9046 -0.3804 0.1923
vn -0.6948 -0.7039 0.1477
vn -0.8796 -0.3804 0.2858
vn -0.9511 -0.0000 0.3090
vn -0.9781 -0.0000 0.2079
vn -0.9046 -0.3804 0.1923
vn -0.9781 -0.0000 0.2079
vn -0.9046 0.3804 0.1923
vn -0.9198 0.3804 0.0967
vn -0.9945 -0.0000 0.1045
vn -0.9046 0.3804 0.1923
vn -0.6948 0.7039 0.1477
vn -0.7064 0.7039 0.0743
vn -0.9198 0.3804 0.0967
vn -0.6948 0.7039 0.1477
vn -0.3797 0.9216 0.0807
vn -0.3861 0.9216 0.0406
vn -0.7064 0.7039 0.0743
vn -0.3797 0.9216 0.0807
vn -0.0064 1.0000 0.0014
vn -0.0065 1.0000 0.0007
vn -0.3861 0.9216 0.0406
vn -0.0064 1.0000 0.0014
vn 0.3689 0.9262 -0.0784
vn 0.3750 0.9262 -0.0394
vn -0.0065 1.0000 0.0007
vn 0.3689 0.9262 -0.0784
vn 0.6884 0.7104 -0.1463
vn 0.7000 0.7104 -0.0736
vn 0.3750 0.9262 -0.0394
vn 0.6884 0.7104 -0.1463
vn 0.9027 0.3850 -0.1919
vn 0.9179 0.3850 -0.0965
vn 0.7000 0.7104 -0.0736
vn 0.9027 0.3850 -0.1919
vn 0.9781 0.0000 -0.2079
vn 0.9945 0.0000 -0.1045
vn 0.9179 0.3850 -0.0965
vn 0.9781 0.0000 -0.2079
vn 0.9027 -0.3850 -0.1919
vn 0.9179 -0.3850 -0.0965
vn 0.9945 0.0000 -0.1045
vn 0.9027 -0.3850 -0.1919
vn 0.6884 -0.7104 -0.1463
vn 0.7000 -0.7104 -0.0736
vn 0.9179 -0.3850 -0.0965
vn 0.6884 -0.7104 -0.1463
vn 0.5434 -0.8315 -0.1155
vn 0.5525 -0.8315 -0.0581
vn 0.7000 -0.7104 -0.0736
vn -0.1903 -0.9809 0.0405
vn -0.3795 -0.9217 0.0807
vn -0.3859 -0.9217 0.0406
vn -0.1935 -0.9809 0.0203
vn -0.3795 -0.9217 0.0807
vn -0.6948 -0.7039 0.1477
vn -0.7064 -0.7039 0.0743
vn -0.3859 -0.9217 0.0406
vn -0.6948 -0.7039 0.1477
vn -0.9046 -0.3804 0.1923
vn -0.9198 -0.3804 0.0967
vn -0.7064 -0.7039 0.0743
vn -0.9046 -0.3804 0.1923
vn -0.9781 -0.0000 0.2079
vn -0.9945 -0.0000 0.1045
vn -0.9198 -0.3804 0.0967
vn -0.9945 -0.0000 0.1045
vn -0.9198 0.3804 0.0967
vn -0.9248 0.3804 0.0000
vn -1.0000 -0.0000 0.0000
vn -0.9198 0.3804 0.0967
vn -0.7064 0.7039 0.0743
vn -0.7103 0.7039 0.0000
vn -0.9248 0.3804 0.0000
vn -0.7064 0.7039 0.0743
vn -0.3861 0.9216 0.0406
vn -0.3882 0.9216 0.0000
vn -0.7103 0.7039 0.0000
vn -0.3861 0.9216 0.0406
vn -0.0065 1.0000 0.0007
vn -0.0065 1.0000 0.0000
vn -0.3882 0.9216 0.0000
vn -0.0065 1.0000 0.0007
vn 0.3750 0.9262 -0.0394
vn 0.3771 0.9262 -0.0000
vn -0.0065 1.0000 0.0000
vn 0.3750 0.9262 -0.0394
vn 0.7000 0.7104 -0.0736
vn 0.7038 0.7104 -0.0000
vn 0.3771 0.9262 -0.0000
vn 0.7000 0.7104 -0.0736
vn 0.9179 0.3850 -0.0965
vn 0.9229 0.3850 -0.0000
vn 0.7038 0.7104 -0.0000
vn 0.9179 0.3850 -0.0965
vn 0.9945 0.0000 -0.1045
vn 1.0000 0.0000 -0.0000
vn 0.9229 0.3850 -0.0000
vn 0.9945 0.0000 -0.1045
vn 0.9179 -0.3850 -0.0965
vn 0.9229 -0.3850 -0.0000
vn 1.0000 0.0000 -0.0000
vn 0.9179 -0.3850 -0.0965
vn 0.7000 -0.7104 -0.0736
vn 0.7038 -0.7104 -0.0000
vn 0.9229 -0.3850 -0.0000
vn 0.7000 -0.7104 -0.0736
vn 0.5525 -0.8315 -0.0581
vn 0.5556 -0.8315 -0.0000
vn 0.7038 -0.7104 -0.0000
vn -0.1935 -0.9809 0.0203
vn -0.3859 -0.9217 0.0406
vn -0.3880 -0.9217 0.0000
vn -0.1946 -0.9809 0.0000
vn -0.3859 -0.9217 0.0406
vn -0.7064 -0.7039 0.0743
vn -0.7103 -0.7039 0.0000
vn -0.3880 -0.9217 0.0000
vn -0.7064 -0.7039 0.0743
vn -0.9198 -0.3804 0.0967
vn -0.9248 -0.3804 0.0000
vn -0.7103 -0.7039 0.0000
vn -0.9198 -0.3804 0.0967
vn -0.9945 -0.0000 0.1045
vn -1.0000 -0.0000 0.0000
vn -0.9248 -0.3804 0.0000
vn -1.0000 -0.0000 0.0000
vn -0.9248 0.3804 0.0000
vn -0.9198 0.3804 -0.0967
vn -0.9945 -0.0000 -0.1045
vn -0.9248 0.3804 0.0000
vn -0.7103 0.7039 0.0000
vn -0.7064 0.7039 -0.0742
vn -0.9198 0.3804 -0.0967
vn -0.7103 0.7039 0.0000
vn -0.3882 0.9216 0.0000
vn -0.3861 0.9216 -0.0406
vn -0.7064 0.7039 -0.0742
vn -0.3882 0.9216 0.0000
vn -0.0065 1.0000 0.0000
vn -0.0065 1.0000 -0.0007
vn -0.3861 0.9216 -0.0406
vn -0.0065 1.0000 0.0000
vn 0.3771 0.9262 -0.0000
vn 0.3750 0.9262 0.0394
vn -0.0065 1.0000 -0.0007
vn 0.3771 0.9262 -0.0000
vn 0.7038 0.7104 -0.0000
vn 0.7000 0.7104 0.0736
vn 0.3750 0.9262 0.0394
vn 0.7038 0.7104 -0.0000
vn 0.9229 0.3850 -0.0000
vn 0.9179 0.3850 0.0965
vn 0.7000 0.7104 0.0736
vn 0.9229 0.3850 -0.0000
vn 1.0000 0.0000 -0.0000
vn 0.9945 0.0000 0.1045
vn 0.9179 0.3850 0.0965
vn 1.0000 0.0000 -0.0000
vn 0.9229 -0.3850 -0.0000
vn 0.9179 -0.3850 0.0965
vn 0.9945 0.0000 0.1045
vn 0.9229 -0.3850 -0.0000
vn 0.7038 -0.7104 -0.0000
vn 0.7000 -0.7104 0.0736
vn 0.9179 -0.3850 0.0965
vn 0.7038 -0.7104 -0.0000
vn 0.5556 -0.8315 -0.0000
vn 0.5525 -0.8315 0.0581
vn 0.7000 -0.7104 0.0736
vn -0.1946 -0.9809 0.0000
vn -0.3880 -0.9217 0.0000
vn -0.3859 -0.9217 -0.0406
vn -0.1935 -0.9809 -0.0203
vn -0.3880 -0.9217 0.0000
vn -0.7103 -0.7039 0.0000
vn -0.7064 -0.7039 -0.0742
vn -0.3859 -0.9217 -0.0406
vn -0.7103 -0.7039 0.0000
vn -0.9248 -0.3804 0.0000
vn -0.9198 -0.3804 -0.0967
vn -0.7064 -0.7039 -0.0742
vn -0.9248 -0.3804 0.0000
vn -1.0000 -0.0000 0.0000
vn -0.9945 -0.0000 -0.1045
vn -0.9198 -0.3804 -0.0967
vn -0.9945 -0.0000 -0.1045
vn -0.9198 0.3804 -0.0967
vn -0.9046 0.3804 -0.1923
vn -0.9781 -0.0000 -0.2079
vn -0.9198 0.3804 -0.0967
vn -0.7064 0.7039 -0.0742
vn -0.6948 0.7039 -0.1477
vn -0.9046 0.3804 -0.1923
vn -0.7064 0.7039 -0.0742
vn -0.3861 0.9216 -0.0406
vn -0.3797 0.9216 -0.0807
vn -0.6948 0.7039 -0.1477
vn -0.3861 0.9216 -0.0406
vn -0.0065 1.0000 -0.0007
vn -0.0064 1.0000 -0.0014
vn -0.3797 0.9216 -0.0807
vn -0.0065 1.0000 -0.0007
vn 0.3750 0.9262 0.0394
vn 0.3689 0.9262 0.0784
vn -0.0064 1.0000 -0.0014
vn 0.3750 0.9262 0.0394
vn 0.7000 0.7104 0.0736
vn 0.6884 0.7104 0.1463
vn 0.3689 0.9262 0.0784
vn 0.7000 0.7104 0.0736
vn 0.9179 0.3850 0.0965
vn 0.9027 0.3850 0.1919
vn 0.6884 0.7104 0.1463
vn 0.9179 0.3850 0.0965
vn 0.9945 0.0000 0.1045
vn 0.9781 0.0000 0.2079
vn 0.9027 0.3850 0.1919
vn 0.9945 0.0000 0.1045
vn 0.9179 -0.3850 0.0965
vn 0.9027 -0.3850 0.1919
vn 0.9781 0.0000 0.2079
vn 0.9179 -0.3850 0.0965
vn 0.7000 -0.7104 0.0736
vn 0.6884 -0.7104 0.1463
vn 0.9027 -0.3850 0.1919
vn 0.7000 -0.7104 0.0736
vn 0.5525 -0.8315 0.0581
vn 0.5434 -0.8315 0.1155
vn 0.6884 -0.7104 0.1463
vn -0.1935 -0.9809 -0.0203
vn -0.3859 -0.9217 -0.0406
vn -0.3795 -0.9217 -0.0807
vn -0.1903 -0.9809 -0.0405
vn -0.3859 -0.9217 -0.0406
vn -0.7064 -0.7039 -0.0742
vn -0.6948 -0.7039 -0.1477
vn -0.3795 -0.9217 -0.0807
vn -0.7064 -0.7039 -0.0742
vn -0.9198 -0.3804 -0.0967
vn -0.9046 -0.3804 -0.1923
vn -0.6948 -0.7039 -0.1477
vn -0.9198 -0.3804 -0.0967
vn -0.9945 -0.0000 -0.1045
vn -0.9781 -0.0000 -0.2079
vn -0.9046 -0.3804 -0.1923
vn -0.9781 -0.0000 -0.2079
vn -0.9046 0.3804 -0.1923
vn -0.8796 0.3804 -0.2858
vn -0.9511 -0.0000 -0.3090
vn -0.9046 0.3804 -0.1923
vn -0.6948 0.7039 -0.1477
vn -0.6756 0.7039 -0.2195
vn -0.8796 0.3804 -0.2858
vn -0.6948 0.7039 -0.1477
vn -0.3797 0.9216 -0.0807
vn -0.3692 0.9216 -0.1200
vn -0.6756 0.7039 -0.2195
vn -0.3797 0.9216 -0.0807
vn -0.0064 1.0000 -0.0014
vn -0.0062 1.0000 -0.0020
vn -0.3692 0.9216 -0.1200
vn -0.0064 1.0000 -0.0014
vn 0.3689 0.9262 0.0784
vn 0.3586 0.9262 0.1165
vn -0.0062 1.0000 -0.0020
vn 0.3689 0.9262 0.0784
vn 0.6884 0.7104 0.1463
vn 0.6694 0.7104 0.2175
vn 0.3586 0.9262 0.1165
vn 0.6884 0.7104 0.1463
vn 0.9027 0.3850 0.1919
vn 0.8777 0.3850 0.2852
vn 0.6694 0.7104 0.2175
vn 0.9027 0.3850 0.1919
vn 0.9781 0.0000 0.2079
vn 0.9511 0.0000 0.3090
vn 0.8777 0.3850 0.2852
vn 0.9781 0.0000 0.2079
vn 0.9027 -0.3850 0.1919
vn 0.8777 -0.3850 0.2852
vn 0.9511 0.0000 0.3090
vn 0.9027 -0.3850 0.1919
vn 0.6884 -0.7104 0.1463
vn 0.6694 -0.7104 0.2175
vn 0.8777 -0.3850 0.2852
vn 0.6884 -0.7104 0.1463
vn 0.5434 -0.8315 0.1155
vn 0.5284 -0.8315 0.1717
vn 0.6694 -0.7104 0.2175
vn -0.1903 -0.9809 -0.0405
vn -0.3795 -0.9217 -0.0807
vn -0.3690 -0.9217 -0.1199
vn -0.1851 -0.9809 -0.0601
vn -0.3795 -0.9217 -0.0807
vn -0.6948 -0.7039 -0.1477
vn -0.6756 -0.7039 -0.2195
vn -0.3690 -0.9217 -0.1199
vn -0.6948 -0.7039 -0.1477
vn -0.9046 -0.3804 -0.1923
vn -0.8796 -0.3804 -0.2858
vn -0.6756 -0.7039 -0.2195
vn -0.9046 -0.3804 -0.1923
vn -0.9781 -0.0000 -0.2079
vn -0.9511 -0.0000 -0.3090
vn -0.8796 -0.3804 -0.2858
vn -0.9511 -0.0000 -0.3090
vn -0.8796 0.3804 -0.2858
vn -0.8449 0.3804 -0.3762
vn -0.9135 -0.0000 -0.4067
vn -0.8796 0.3804 -0.2858
vn -0.6756 0.7039 -0.2195
vn -0.6489 0.7039 -0.2889
vn -0.8449 0.3804 -0.3762
vn -0.6756 0.7039 -0.2195
vn -0.3692 0.9216 -0.1200
vn -0.3546 0.9216 -0.1579
vn -0.6489 0.7039 -0.2889
vn -0.3692 0.9216 -0.1200
vn -0.0062 1.0000 -0.0020
vn -0.0059 1.0000 -0.0026
vn -0.3546 0.9216 -0.1579
vn -0.0062 1.0000 -0.0020
vn 0.3586 0.9262 0.1165
vn 0.3445 0.9262 0.1534
vn -0.0059 1.0000 -0.0026
vn 0.3586 0.9262 0.1165
vn 0.6694 0.7104 0.2175
vn 0.6430 0.7104 0.2863
vn 0.3445 0.9262 0.1534
vn 0.6694 0.7104 0.2175
vn 0.8777 0.3850 0.2852
vn 0.8431 0.3850 0.3754
vn 0.6430 0.7104 0.2863
vn 0.8777 0.3850 0.2852
vn 0.9511 0.0000 0.3090
vn 0.9135 0.0000 0.4067
vn 0.8431 0.3850 0.3754
vn 0.9511 0.0000 0.3090
vn 0.8777 -0.3850 0.2852
vn 0.8431 -0.3850 0.3754
vn 0.9135 0.0000 0.4067
vn 0.8777 -0.3850 0.2852
vn 0.6694 -0.7104 0.2175
vn 0.6430 -0.7104 0.2863
vn 0.8431 -0.3850 0.3754
vn 0.6694 -0.7104 0.2175
vn 0.5284 -0.8315 0.1717
vn 0.5075 -0.8315 0.2260
vn 0.6430 -0.7104 0.2863
vn -0.1851 -0.9809 -0.0601
vn -0.3690 -0.9217 -0.1199
vn -0.3544 -0.9217 -0.1578
vn -0.1778 -0.9809 -0.0791
vn -0.3690 -0.9217 -0.1199
vn -0.6756 -0.7039 -0.2195
vn -0.6489 -0.7039 -0.2889
vn -0.3544 -0.9217 -0.1578
vn -0.6756 -0.7039 -0.2195
vn -0.8796 -0.3804 -0.2858
vn -0.8449 -0.3804 -0.3762
vn -0.6489 -0.7039 -0.2889
vn -0.8796 -0.3804 -0.2858
vn -0.9511 -0.0000 -0.3090
vn -0.9135 -0.0000 -0.4067
vn -0.8449 -0.3804 -0.3762
vn -0.9135 -0.0000 -0.4067
vn -0.8449 0.3804 -0.3762
vn -0.8009 0.3804 -0.4624
vn -0.8660 -0.0000 -0.5000
vn -0.8449 0.3804 -0.3762
vn -0.6489 0.7039 -0.2889
vn -0.6152 0.7039 -0.3552
vn -0.8009 0.3804 -0.4624
vn -0.6489 0.7039 -0.2889
vn -0.3546 0.9216 -0.1579
vn -0.3362 0.9216 -0.1941
vn -0.6152 0.7039 -0.3552
vn -0.3546 0.9216 -0.1579
vn -0.0059 1.0000 -0.0026
vn -0.0056 1.0000 -0.0033
vn -0.3362 0.9216 -0.1941
vn -0.0059 1.0000 -0.0026
vn 0.3445 0.9262 0.1534
vn 0.3266 0.9262 0.1886
vn -0.0056 1.0000 -0.0033
vn 0.3445 0.9262 0.1534
vn 0.6430 0.7104 0.2863
vn 0.6095 0.7104 0.3519
vn 0.3266 0.9262 0.1886
vn 0.6430 0.7104 0.2863
vn 0.8431 0.3850 0.3754
vn 0.7993 0.3850 0.4615
vn 0.6095 0.7104 0.3519
vn 0.8431 0.3850 0.3754
vn 0.9135 0.0000 0.4067
vn 0.8660 0.0000 0.5000
vn 0.7993 0.3850 0.4615
vn 0.9135 0.0000 0.4067
vn 0.8431 -0.3850 0.3754
vn 0.7993 -0.3850 0.4615
vn 0.8660 0.0000 0.5000
vn 0.8431 -0.3850 0.3754
vn 0.6430 -0.7104 0.2863
vn 0.6095 -0.7104 0.3519
vn 0.7993 -0.3850 0.4615
vn 0.6430 -0.7104 0.2863
vn 0.5075 -0.8315 0.2260
vn 0.4811 -0.8315 0.2778
vn 0.6095 -0.7104 0.3519
vn -0.1778 -0.9809 -0.0791
vn -0.3544 -0.9217 -0.1578
vn -0.3360 -0.9217 -0.1940
vn -0.1685 -0.9809 -0.0973
vn -0.3544 -0.9217 -0.1578
vn -0.6489 -0.7039 -0.2889
vn -0.6152 -0.7039 -0.3552
vn -0.3360 -0.9217 -0.1940
vn -0.6489 -0.7039 -0.2889
vn -0.8449 -0.3804 -0.3762
vn -0.8009 -0.3804 -0.4624
vn -0.6152 -0.7039 -0.3552
vn -0.8449 -0.3804 -0.3762
vn -0.9135 -0.0000 -0.4067
vn -0.8660 -0.0000 -0.5000
vn -0.8009 -0.3804 -0.4624
vn -0.8660 -0.0000 -0.5000
vn -0.8009 0.3804 -0.4624
vn -0.7482 0.3804 -0.5436
vn -0.8090 -0.0000 -0.5878
vn -0.8009 0.3804 -0.4624
vn -0.6152 0.7039 -0.3552
vn -0.5747 0.7039 -0.4175
vn -0.7482 0.3804 -0.5436
vn -0.6152 0.7039 -0.3552
vn -0.3362 0.9216 -0.1941
vn -0.3141 0.9216 -0.2282
vn -0.5747 0.7039 -0.4175
vn -0.3362 0.9216 -0.1941
vn -0.0056 1.0000 -0.0033
vn -0.0053 1.0000 -0.0038
vn -0.3141 0.9216 -0.2282
vn -0.0056 1.0000 -0.0033
vn 0.3266 0.9262 0.1886
vn 0.3051 0.9262 0.2217
vn -0.0053 1.0000 -0.0038
vn 0.3266 0.9262 0.1886
vn 0.6095 0.7104 0.3519
vn 0.5694 0.7104 0.4137
vn 0.3051 0.9262 0.2217
vn 0.6095 0.7104 0.3519
vn 0.7993 0.3850 0.4615
vn 0.7467 0.3850 0.5425
vn 0.5694 0.7104 0.4137
vn 0.7993 0.3850 0.4615
vn 0.8660 0.0000 0.5000
vn 0.8090 0.0000 0.5878
vn 0.7467 0.3850 0.5425
vn 0.8660 0.0000 0.5000
vn 0.7993 -0.3850 0.4615
vn 0.7467 -0.3850 0.5425
vn 0.8090 0.0000 0.5878
vn 0.7993 -0.3850 0.4615
vn 0.6095 -0.7104 0.3519
vn 0.5694 -0.7104 0.4137
vn 0.7467 -0.3850 0.5425
vn 0.6095 -0.7104 0.3519
vn 0.4811 -0.8315 0.2778
vn 0.4495 -0.8315 0.3266
vn 0.5694 -0.7104 0.4137
vn -0.1685 -0.9809 -0.0973
vn -0.3360 -0.9217 -0.1940
vn -0.3139 -0.9217 -0.2280
vn -0.1574 -0.9809 -0.1144
vn -0.3360 -0.9217 -0.1940
vn -0.6152 -0.7039 -0.3552
vn -0.5747 -0.7039 -0.4175
vn -0.3139 -0.9217 -0.2280
vn -0.6152 -0.7039 -0.3552
vn -0.8009 -0.3804 -0.4624
vn -0.7482 -0.3804 -0.5436
vn -0.5747 -0.7039 -0.4175
vn -0.8009 -0.3804 -0.4624
vn -0.8660 -0.0000 -0.5000
vn -0.8090 -0.0000 -0.5878
vn -0.7482 -0.3804 -0.5436
vn -0.8090 -0.0000 -0.5878
vn -0.7482 0.3804 -0.5436
vn -0.6873 0.3804 -0.6188
vn -0.7431 -0.0000 -0.6691
vn -0.7482 0.3804 -0.5436
vn -0.5747 0.7039 -0.4175
vn -0.5279 0.7039 -0.4753
vn -0.6873 0.3804 -0.6188
vn -0.5747 0.7039 -0.4175
vn -0.3141 0.9216 -0.2282
vn -0.2885 0.9216 -0.2598
vn -0.5279 0.7039 -0.4753
vn -0.3141 0.9216 -0.2282
vn -0.0053 1.0000 -0.0038
vn -0.0048 1.0000 -0.0044
vn -0.2885 0.9216 -0.2598
vn -0.0053 1.0000 -0.0038
vn 0.3051 0.9262 0.2217
vn 0.2802 0.9262 0.2523
vn -0.0048 1.0000 -0.0044
vn 0.3051 0.9262 0.2217
vn 0.5694 0.7104 0.4137
vn 0.5230 0.7104 0.4710
vn 0.2802 0.9262 0.2523
vn 0.5694 0.7104 0.4137
vn 0.7467 0.3850 0.5425
vn 0.6859 0.3850 0.6176
vn 0.5230 0.7104 0.4710
vn 0.7467 0.3850 0.5425
vn 0.8090 0.0000 0.5878
vn 0.7431 0.0000 0.6691
vn 0.6859 0.3850 0.6176
vn 0.8090 0.0000 0.5878
vn 0.7467 -0.3850 0.5425
vn 0.6859 -0.3850 0.6176
vn 0.7431 0.0000 0.6691
vn 0.7467 -0.3850 0.5425
vn 0.5694 -0.7104 0.4137
vn 0.5230 -0.7104 0.4710
vn 0.6859 -0.3850 0.6176
vn 0.5694 -0.7104 0.4137
vn 0.4495 -0.8315 0.3266
vn 0.4129 -0.8315 0.3717
vn 0.5230 -0.7104 0.4710
vn -0.1574 -0.9809 -0.1144
vn -0.3139 -0.9217 -0.2280
vn -0.2883 -0.9217 -0.2596
vn -0.1446 -0.9809 -0.1302
vn -0.3139 -0.9217 -0.2280
vn -0.5747 -0.7039 -0.4175
vn -0.5279 -0.7039 -0.4753
vn -0.2883 -0.9217 -0.2596
vn -0.5747 -0.7039 -0.4175
vn -0.7482 -0.3804 -0.5436
vn -0.6873 -0.3804 -0.6188
vn -0.5279 -0.7039 -0.4753
vn -0.7482 -0.3804 -0.5436
vn -0.8090 -0.0000 -0.5878
vn -0.7431 -0.0000 -0.6691
vn -0.6873 -0.3804 -0.6188
vn -0.7431 -0.0000 -0.6691
vn -0.6873 0.3804 -0.6188
vn -0.6188 0.3804 -0.6873
vn -0.6691 -0.0000 -0.7431
vn -0.6873 0.3804 -0.6188
vn -0.5279 0.7039 -0.4753
vn -0.4753 0.7039 -0.5279
vn -0.6188 0.3804 -0.6873
vn -0.5279 0.7039 -0.4753
vn -0.2885 0.9216 -0.2598
vn -0.2598 0.9216 -0.2885
vn -0.4753 0.7039 -0.5279
vn -0.2885 0.9216 -0.2598
vn -0.0048 1.0000 -0.0044
vn -0.0044 1.0000 -0.0048
vn -0.2598 0.9216 -0.2885
vn -0.0048 1.0000 -0.0044
vn 0.2802 0.9262 0.2523
vn 0.2523 0.9262 0.2802
vn -0.0044 1.0000 -0.0048
vn 0.2802 0.9262 0.2523
vn 0.5230 0.7104 0.4710
vn 0.4710 0.7104 0.5230
vn 0.2523 0.9262 0.2802
vn 0.5230 0.7104 0.4710
vn 0.6859 0.3850 0.6176
vn 0.6176 0.3850 0.6859
vn 0.4710 0.7104 0.5230
vn 0.6859 0.3850 0.6176
vn 0.7431 0.0000 0.6691
vn 0.6691 0.0000 0.7431
vn 0.6176 0.3850 0.6859
vn 0.7431 0.0000 0.6691
vn 0.6859 -0.3850 0.6176
vn 0.6176 -0.3850 0.6859
vn 0.6691 0.0000 0.7431
vn 0.6859 -0.3850 0.6176
vn 0.5230 -0.7104 0.4710
vn 0.4710 -0.7104 0.5230
vn 0.6176 -0.3850 0.6859
vn 0.5230 -0.7104 0.4710
vn 0.4129 -0.8315 0.3717
vn 0.3717 -0.8315 0.4129
vn 0.4710 -0.7104 0.5230
vn -0.1446 -0.9809 -0.1302
vn -0.2883 -0.9217 -0.2596
vn -0.2596 -0.9217 -0.2883
vn -0.1302 -0.9809 -0.1446
vn -0.2883 -0.9217 -0.2596
vn -0.5279 -0.7039 -0.4753
vn -0.4753 -0.7039 -0.5279
vn -0.2596 -0.9217 -0.2883
vn -0.5279 -0.7039 -0.4753
vn -0.6873 -0.3804 -0.6188
vn -0.6188 -0.3804 -0.6873
vn -0.4753 -0.7039 -0.5279
vn -0.6873 -0.3804 -0.6188
vn -0.7431 -0.0000 -0.6691
vn -0.6691 -0.0000 -0.7431
vn -0.6188 -0.3804 -0.6873
vn -0.6691 -0.0000 -0.7431
vn -0.6188 0.3804 -0.6873
vn -0.5436 0.3804 -0.7482
vn -0.5878 -0.0000 -0.8090
vn -0.6188 0.3804 -0.6873
vn -0.4753 0.7039 -0.5279
vn -0.4175 0.7039 -0.5747
vn -0.5436 0.3804 -0.7482
vn -0.4753 0.7039 -0.5279
vn -0.2598 0.9216 -0.2885
vn -0.2282 0.9216 -0.3141
vn -0.4175 0.7039 -0.5747
vn -0.2598 0.9216 -0.2885
vn -0.0044 1.0000 -0.0048
vn -0.0038 1.0000 -0.0053
vn -0.2282 0.9216 -0.3141
vn -0.0044 1.0000 -0.0048
vn 0.2523 0.9262 0.2802
vn 0.2217 0.9262 0.3051
vn -0.0038 1.0000 -0.0053
vn 0.2523 0.9262 0.2802
vn 0.4710 0.7104 0.5230
vn 0.4137 0.7104 0.5694
vn 0.2217 0.9262 0.3051
vn 0.4710 0.7104 0.5230
vn 0.6176 0.3850 0.6859
vn 0.5425 0.3850 0.7467
vn 0.4137 0.7104 0.5694
vn 0.6176 0.3850 0.6859
vn 0.6691 0.0000 0.7431
vn 0.5878 -0.0000 0.8090
vn 0.5425 0.3850 0.7467
vn 0.6691 0.0000 0.7431
vn 0.6176 -0.3850 0.6859
vn 0.5425 -0.3850 0.7467
vn 0.5878 -0.0000 0.8090
vn 0.6176 -0.3850 0.6859
vn 0.4710 -0.7104 0.5230
vn 0.4137 -0.7104 0.5694
vn 0.5425 -0.3850 0.7467
vn 0.4710 -0.7104 0.5230
vn 0.3717 -0.8315 0.4129
vn 0.3266 -0.8315 0.4495
vn 0.4137 -0.7104 0.5694
vn -0.1302 -0.9809 -0.1446
vn -0.2596 -0.9217 -0.2883
vn -0.2280 -0.9217 -0.3139
vn -0.1144 -0.9809 -0.1574
vn -0.2596 -0.9217 -0.2883
vn -0.4753 -0.7039 -0.5279
vn -0.4175 -0.7039 -0.5747
vn -0.2280 -0.9217 -0.3139
vn -0.4753 -0.7039 -0.5279
vn -0.6188 -0.3804 -0.6873
vn -0.5436 -0.3804 -0.7482
vn -0.4175 -0.7039 -0.5747
vn -0.6188 -0.3804 -0.6873
vn -0.6691 -0.0000 -0.7431
vn -0.5878 -0.0000 -0.8090
vn -0.5436 -0.3804 -0.7482
vn -0.5878 -0.0000 -0.8090
vn -0.5436 0.3804 -0.7482
vn -0.4624 0.3804 -0.8009
vn -0.5000 -0.0000 -0.8660
vn -0.5436 0.3804 -0.7482
vn -0.4175 0.7039 -0.5747
vn -0.3552 0.7039 -0.6152
vn -0.4624 0.3804 -0.8009
vn -0.4175 0.7039 -0.5747
vn -0.2282 0.9216 -0.3141
vn -0.1941 0.9216 -0.3362
vn -0.3552 0.7039 -0.6152
vn -0.2282 0.9216 -0.3141
vn -0.0038 1.0000 -0.0053
vn -0.0033 1.0000 -0.0056
vn -0.1941 0.9216 -0.3362
vn -0.0038 1.0000 -0.0053
vn 0.2217 0.9262 0.3051
vn 0.1886 0.9262 0.3266
vn -0.0033 1.0000 -0.0056
vn 0.2217 0.9262 0.3051
vn 0.4137 0.7104 0.5694
vn 0.3519 0.7104 0.6095
vn 0.1886 0.9262 0.3266
vn 0.4137 0.7104 0.5694
vn 0.5425 0.3850 0.7467
vn 0.4615 0.3850 0.7993
vn 0.3519 0.7104 0.6095
vn 0.5425 0.3850 0.7467
vn 0.5878 -0.0000 0.8090
vn 0.5000 0.0000 0.8660
vn 0.4615 0.3850 0.7993
vn 0.5878 -0.0000 0.8090
vn 0.5425 -0.3850 0.7467
vn 0.4615 -0.3850 0.7993
vn 0.5000 0.0000 0.8660
vn 0.5425 -0.3850 0.7467
vn 0.4137 -0.7104 0.5694
vn 0.3519 -0.7104 0.6095
vn 0.4615 -0.3850 0.7993
vn 0.4137 -0.7104 0.5694
vn 0.3266 -0.8315 0.4495
vn 0.2778 -0.8315 0.4811
vn 0.3519 -0.7104 0.6095
vn -0.1144 -0.9809 -0.1574
vn -0.2280 -0.9217 -0.3139
vn -0.1940 -0.9217 -0.3360
vn -0.0973 -0.9809 -0.1685
vn -0.2280 -0.9217 -0.3139
vn -0.4175 -0.7039 -0.5747
vn -0.3552 -0.7039 -0.6152
vn -0.1940 -0.9217 -0.3360
vn -0.4175 -0.7039 -0.5747
vn -0.5436 -0.3804 -0.7482
vn -0.4624 -0.3804 -0.8009
vn -0.3552 -0.7039 -0.6152
vn -0.5436 -0.3804 -0.7482
vn -0.5878 -0.0000 -0.8090
vn -0.5000 -0.0000 -0.8660
vn -0.4624 -0.3804 -0.8009
vn -0.5000 -0.0000 -0.8660
vn -0.4624 0.3804 -0.8009
vn -0.3762 0.3804 -0.8449
vn -0.4067 -0.0000 -0.9135
vn -0.4624 0.3804 -0.8009
vn -0.3552 0.7039 -0.6152
vn -0.2889 0.7039 -0.6489
vn -0.3762 0.3804 -0.8449
vn -0.3552 0.7039 -0.6152
vn -0.1941 0.9216 -0.3362
vn -0.1579 0.9216 -0.3546
vn -0.2889 0.7039 -0.6489
vn -0.1941 0.9216 -0.3362
vn -0.0033 1.0000 -0.0056
vn -0.0026 1.0000 -0.0059
vn -0.1579 0.9216 -0.3546
vn -0.0033 1.0000 -0.0056
vn 0.1886 0.9262 0.3266
vn 0.1534 0.9262 0.3445
vn -0.0026 1.0000 -0.0059
vn 0.1886 0.9262 0.3266
vn 0.3519 0.7104 0.6095
vn 0.2863 0.7104 0.6430
vn 0.1534 0.9262 0.3445
vn 0.3519 0.7104 0.6095
vn 0.4615 0.3850 0.7993
vn 0.3754 0.3850 0.8431
vn 0.2863 0.7104 0.6430
vn 0.4615 0.3850 0.7993
vn 0.5000 0.0000 0.8660
vn 0.4067 0.0000 0.9135
vn 0.3754 0.3850 0.8431
vn 0.5000 0.0000 0.8660
vn 0.4615 -0.3850 0.7993
vn 0.3754 -0.3850 0.8431
vn 0.4067 0.0000 0.9135
vn 0.4615 -0.3850 0.7993
vn 0.3519 -0.7104 0.6095
vn 0.2863 -0.7104 0.6430
vn 0.3754 -0.3850 0.8431
vn 0.3519 -0.7104 0.6095
vn 0.2778 -0.8315 0.4811
vn 0.2260 -0.8315 0.5075
vn 0.2863 -0.7104 0.6430
vn -0.0973 -0.9809 -0.1685
vn -0.1940 -0.9217 -0.3360
vn -0.1578 -0.9217 -0.3544
vn -0.0791 -0.9809 -0.1778
vn -0.1940 -0.9217 -0.3360
vn -0.3552 -0.7039 -0.6152
vn -0.2889 -0.7039 -0.6489
vn -0.1578 -0.9217 -0.3544
vn -0.3552 -0.7039 -0.6152
vn -0.4624 -0.3804 -0.8009
vn -0.3762 -0.3804 -0.8449
vn -0.2889 -0.7039 -0.6489
vn -0.4624 -0.3804 -0.8009
vn -0.5000 -0.0000 -0.8660
vn -0.4067 -0.0000 -0.9135
vn -0.3762 -0.3804 -0.8449
vn -0.4067 -0.0000 -0.9135
vn -0.3762 0.3804 -0.8449
vn -0.2858 0.3804 -0.8796
vn -0.3090 -0.0000 -0.9511
vn -0.3762 0.3804 -0.8449
vn -0.2889 0.7039 -0.6489
vn -0.2195 0.7039 -0.6756
vn -0.2858 0.3804 -0.8796
vn -0.2889 0.7039 -0.6489
vn -0.1579 0.9216 -0.3546
vn -0.1200 0.9216 -0.3692
vn -0.2195 0.7039 -0.6756
vn -0.1579 0.9216 -0.3546
vn -0.0026 1.0000 -0.0059
vn -0.0020 1.0000 -0.0062
vn -0.1200 0.9216 -0.3692
vn -0.0026 1.0000 -0.0059
vn 0.1534 0.9262 0.3445
vn 0.1165 0.9262 0.3586
vn -0.0020 1.0000 -0.0062
vn 0.1534 0.9262 0.3445
vn 0.2863 0.7104 0.6430
vn 0.2175 0.7104 0.6694
vn 0.1165 0.9262 0.3586
vn 0.2863 0.7104 0.6430
vn 0.3754 0.3850 0.8431
vn 0.2852 0.3850 0.8777
vn 0.2175 0.7104 0.6694
vn 0.3754 0.3850 0.8431
vn 0.4067 0.0000 0.9135
vn 0.3090 0.0000 0.9511
vn 0.2852 0.3850 0.8777
vn 0.4067 0.0000 0.9135
vn 0.3754 -0.3850 0.8431
vn 0.2852 -0.3850 0.8777
vn 0.3090 0.0000 0.9511
vn 0.3754 -0.3850 0.8431
vn 0.2863 -0.7104 0.6430
vn 0.2175 -0.7104 0.6694
vn 0.2852 -0.3850 0.8777
vn 0.2863 -0.7104 0.6430
vn 0.2260 -0.8315 0.5075
vn 0.1717 -0.8315 0.5284
vn 0.2175 -0.7104 0.6694
vn -0.0791 -0.9809 -0.1778
vn -0.1578 -0.9217 -0.3544
vn -0.1199 -0.9217 -0.3690
vn -0.0601 -0.9809 -0.1851
vn -0.1578 -0.9217 -0.3544
vn -0.2889 -0.7039 -0.6489
vn -0.2195 -0.7039 -0.6756
vn -0.1199 -0.9217 -0.3690
vn -0.2889 -0.7039 -0.6489
vn -0.3762 -0.3804 -0.8449
vn -0.2858 -0.3804 -0.8796
vn -0.2195 -0.7039 -0.6756
vn -0.3762 -0.3804 -0.8449
vn -0.4067 -0.0000 -0.9135
vn -0.3090 -0.0000 -0.9511
vn -0.2858 -0.3804 -0.8796
vn -0.3090 -0.0000 -0.9511
vn -0.2858 0.3804 -0.8796
vn -0.1923 0.3804 -0.9046
vn -0.2079 -0.0000 -0.9781
vn -0.2858 0.3804 -0.8796
vn -0.2195 0.7039 -0.6756
vn -0.1477 0.7039 -0.6948
vn -0.1923 0.3804 -0.9046
vn -0.2195 0.7039 -0.6756
vn -0.1200 0.9216 -0.3692
vn -0.0807 0.9216 -0.3797
vn -0.1477 0.7039 -0.6948
vn -0.1200 0.9216 -0.3692
vn -0.0020 1.0000 -0.0062
vn -0.0014 1.0000 -0.0064
vn -0.0807 0.9216 -0.3797
vn -0.0020 1.0000 -0.0062
vn 0.1165 0.9262 0.3586
vn 0.0784 0.9262 0.3689
vn -0.0014 1.0000 -0.0064
vn 0.1165 0.9262 0.3586
vn 0.2175 0.7104 0.6694
vn 0.1463 0.7104 0.6884
vn 0.0784 0.9262 0.3689
vn 0.2175 0.7104 0.6694
vn 0.2852 0.3850 0.8777
vn 0.1919 0.3850 0.9027
vn 0.1463 0.7104 0.6884
vn 0.2852 0.3850 0.8777
vn 0.3090 0.0000 0.9511
vn 0.2079 0.0000 0.9781
vn 0.1919 0.3850 0.9027
vn 0.3090 0.0000 0.9511
vn 0.2852 -0.3850 0.8777
vn 0.1919 -0.3850 0.9027
vn 0.2079 0.0000 0.9781
vn 0.2852 -0.3850 0.8777
vn 0.2175 -0.7104 0.6694
vn 0.1463 -0.7104 0.6884
vn 0.1919 -0.3850 0.9027
vn 0.2175 -0.7104 0.6694
vn 0.1717 -0.8315 0.5284
vn 0.1155 -0.8315 0.5434
vn 0.1463 -0.7104 0.6884
vn -0.0601 -0.9809 -0.1851
vn -0.1199 -0.9217 -0.3690
vn -0.0807 -0.9217 -0.3795
vn -0.0405 -0.9809 -0.1903
vn -0.1199 -0.9217 -0.3690
vn -0.2195 -0.7039 -0.6756
vn -0.1477 -0.7039 -0.6948
vn -0.0807 -0.9217 -0.3795
vn -0.2195 -0.7039 -0.6756
vn -0.2858 -0.3804 -0.8796
vn -0.1923 -0.3804 -0.9046
vn -0.1477 -0.7039 -0.6948
vn -0.2858 -0.3804 -0.8796
vn -0.3090 -0.0000 -0.9511
vn -0.2079 -0.0000 -0.9781
vn -0.1923 -0.3804 -0.9046
vn -0.2079 -0.0000 -0.9781
vn -0.1923 0.3804 -0.9046
vn -0.0967 0.3804 -0.9198
vn -0.1045 -0.0000 -0.9945
vn -0.1923 0.3804 -0.9046
vn -0.1477 0.7039 -0.6948
vn -0.0743 0.7039 -0.7064
vn -0.0967 0.3804 -0.9198
vn -0.1477 0.7039 -0.6948
vn -0.0807 0.9216 -0.3797
vn -0.0406 0.9216 -0.3861
vn -0.0743 0.7039 -0.7064
vn -0.0807 0.9216 -0.3797
vn -0.0014 1.0000 -0.0064
vn -0.0007 1.0000 -0.0065
vn -0.0406 0.9216 -0.3861
vn -0.0014 1.0000 -0.0064
vn 0.0784 0.9262 0.3689
vn 0.0394 0.9262 0.3750
vn -0.0007 1.0000 -0.0065
vn 0.0784 0.9262 0.3689
vn 0.1463 0.7104 0.6884
vn 0.0736 0.7104 0.7000
vn 0.0394 0.9262 0.3750
vn 0.1463 0.7104 0.6884
vn 0.1919 0.3850 0.9027
vn 0.0965 0.3850 0.9179
vn 0.0736 0.7104 0.7000
vn 0.1919 0.3850 0.9027
vn 0.2079 0.0000 0.9781
vn 0.1045 0.0000 0.9945
vn 0.0965 0.3850 0.9179
vn 0.2079 0.0000 0.9781
vn 0.1919 -0.3850 0.9027
vn 0.0965 -0.3850 0.9179
vn 0.1045 0.0000 0.9945
vn 0.1919 -0.3850 0.9027
vn 0.1463 -0.7104 0.6884
vn 0.0736 -0.7104 0.7000
vn 0.0965 -0.3850 0.9179
vn 0.1463 -0.7104 0.6884
vn 0.1155 -0.8315 0.5434
vn 0.0581 -0.8315 0.5525
vn 0.0736 -0.7104 0.7000
vn -0.0405 -0.9809 -0.1903
vn -0.0807 -0.9217 -0.3795
vn -0.0406 -0.9217 -0.3859
vn -0.0203 -0.9809 -0.1935
vn -0.0807 -0.9217 -0.3795
vn -0.1477 -0.7039 -0.6948
vn -0.0743 -0.7039 -0.7064
vn -0.0406 -0.9217 -0.3859
vn -0.1477 -0.7039 -0.6948
vn -0.1923 -0.3804 -0.9046
vn -0.0967 -0.3804 -0.9198
vn -0.0743 -0.7039 -0.7064
vn -0.1923 -0.3804 -0.9046
vn -0.2079 -0.0000 -0.9781
vn -0.1045 -0.0000 -0.9945
vn -0.0967 -0.3804 -0.9198
vn -0.1045 -0.0000 -0.9945
vn -0.0967 0.3804 -0.9198
vn -0.0000 0.3804 -0.9248
vn -0.0000 -0.0000 -1.0000
vn -0.0967 0.3804 -0.9198
vn -0.0743 0.7039 -0.7064
vn -0.0000 0.7039 -0.7103
vn -0.0000 0.3804 -0.9248
vn -0.0743 0.7039 -0.7064
vn -0.0406 0.9216 -0.3861
vn -0.0000 0.9216 -0.3882
vn -0.0000 0.7039 -0.7103
vn -0.0406 0.9216 -0.3861
vn -0.0007 1.0000 -0.0065
vn -0.0000 1.0000 -0.0065
vn -0.0000 0.9216 -0.3882
vn -0.0007 1.0000 -0.0065
vn 0.0394 0.9262 0.3750
vn 0.0000 0.9262 0.3771
vn -0.0000 1.0000 -0.0065
vn 0.0394 0.9262 0.3750
vn 0.0736 0.7104 0.7000
vn 0.0000 0.7104 0.7038
vn 0.0000 0.9262 0.3771
vn 0.0736 0.7104 0.7000
vn 0.0965 0.3850 0.9179
vn 0.0000 0.3850 0.9229
vn 0.0000 0.7104 0.7038
vn 0.0965 0.3850 0.9179
vn 0.1045 0.0000 0.9945
vn 0.0000 0.0000 1.0000
vn 0.0000 0.3850 0.9229
vn 0.1045 0.0000 0.9945
vn 0.0965 -0.3850 0.9179
vn 0.0000 -0.3850 0.9229
vn 0.0000 0.0000 1.0000
vn 0.0965 -0.3850 0.9179
vn 0.0736 -0.7104 0.7000
vn 0.0000 -0.7104 0.7038
vn 0.0000 -0.3850 0.9229
vn 0.0736 -0.7104 0.7000
vn 0.0581 -0.8315 0.5525
vn 0.0000 -0.8315 0.5556
vn 0.0000 -0.7104 0.7038
vn -0.0203 -0.9809 -0.1935
vn -0.0406 -0.9217 -0.3859
vn -0.0000 -0.9217 -0.3880
vn -0.0000 -0.9809 -0.1946
vn -0.0406 -0.9217 -0.3859
vn -0.0743 -0.7039 -0.7064
vn -0.0000 -0.7039 -0.7103
vn -0.0000 -0.9217 -0.3880
vn -0.0743 -0.7039 -0.7064
vn -0.0967 -0.3804 -0.9198
vn -0.0000 -0.3804 -0.9248
vn -0.0000 -0.7039 -0.7103
vn -0.0967 -0.3804 -0.9198
vn -0.1045 -0.0000 -0.9945
vn -0.0000 -0.0000 -1.0000
vn -0.0000 -0.3804 -0.9248
vn 0.0000 1.0000 -0.0000
vn -0.0000 1.0000 -0.0000
vn -0.0000 1.0000 -0.0000
vn 0.0000 1.0000 -0.0000
vn 0.0000 1.0000 -0.0000
vn 0.0000 1.0000 -0.0000
vn 0.0000 1.0000 -0.0000
vn 0.0000 1.0000 -0.0000
vn 0.0000 1.0000 -0.0000
vn 0.0000 1.0000 -0.0000
vn 0.0000 1.0000 -0.0000
vn 0.0000 1.0000 -0.0000
vn 0.0000 1.0000 -0.0000
vn 0.0000 1.0000 -0.0000
vn 0.0000 1.0000 -0.0000
vn 0.0000 1.0000 -0.0000
vn 0.0000 1.0000 -0.0000
vn 0.0000 1.0000 -0.0000
vn 0.0000 1.0000 -0.0000
vn 0.0000 1.0000 -0.0000
vn 0.0000 1.0000 -0.0000
vn 0.0000 1.0000 -0.0000
vn 0.0000 1.0000 -0.0000
vn 0.0000 1.0000 -0.0000
vn 0.0000 1.0000 -0.0000
vn 0.0000 1.0000 -0.0000
vn 0.0000 1.0000 -0.0000
vn 0.0000 1.0000 -0.0000
vn 0.0000 1.0000 -0.0000
vn 0.0000 1.0000 -0.0000
vn 0.0000 1.0000 -0.0000
vn 0.0000 1.0000 -0.0000
vn 0.0000 1.0000 -0.0000
vn 0.0000 1.0000 -0.0000
vn 0.0000 1.0000 -0.0000
vn 0.0000 1.0000 -0.0000
vn 0.0000 1.0000 -0.0000
vn 0.0000 1.0000 -0.0000
vn 0.0000 1.0000 -0.0000
vn 0.0000 1.0000 -0.0000
vn 0.0000 1.0000 -0.0000
vn 0.0000 1.0000 -0.0000
vn 0.0000 1.0000 -0.0000
vn 0.0000 1.0000 -0.0000
vn 0.0000 1.0000 -0.0000
vn 0.0000 1.0000 -0.0000
vn 0.0000 1.0000 -0.0000
vn 0.0000 1.0000 -0.0000
vn 0.0000 1.0000 -0.0000
vn 0.0000 1.0000 -0.0000
vn 0.0000 1.0000 -0.0000
vn 0.0000 1.0000 -0.0000
vn 0.0000 1.0000 -0.0000
vn 0.0000 1.0000 -0.0000
vn 0.0000 1.0000 -0.0000
vn 0.0000 1.0000 -0.0000
vn 0.0000 1.0000 -0.0000
vn 0.0000 1.0000 -0.0000
vn 0.0000 1.0000 -0.0000
vn 0.0000 1.0000 0.0000
vn 0.0000 1.0000 0.0000
vn 0.0000 1.0000 -0.0000
vn 0.0000 1.0000 0.0000
vn 0.0000 1.0000 0.0000
vn 0.0000 1.0000 0.0000
vn 0.0000 1.0000 0.0000
vn 0.0000 1.0000 0.0000
vn 0.0000 1.0000 0.0000
vn 0.0000 1.0000 0.0000
vn 0.0000 1.0000 0.0000
vn 0.0000 1.0000 0.0000
vn 0.0000 1.0000 0.0000
vn 0.0000 1.0000 0.0000
vn 0.0000 1.0000 0.0000
vn 0.0000 1.0000 0.0000
vn 0.0000 1.0000 0.0000
vn 0.0000 1.0000 0.0000
vn 0.0000 1.0000 0.0000
vn 0.0000 1.0000 0.0000
vn 0.0000 1.0000 0.0000
vn 0.0000 1.0000 0.0000
vn 0.0000 1.0000 0.0000
vn 0.0000 1.0000 0.0000
vn 0.0000 1.0000 0.0000
vn 0.0000 1.0000 0.0000
vn 0.0000 1.0000 0.0000
vn 0.0000 1.0000 0.0000
vn 0.0000 1.0000 0.0000
vn 0.0000 1.0000 0.0000
vn 0.0000 1.0000 0.0000
vn 0.0000 1.0000 0.0000
vn 0.0000 1.0000 0.0000
vn 0.0000 1.0000 0.0000
vn 0.0000 1.0000 0.0000
vn 0.0000 1.0000 0.0000
vn 0.0000 1.0000 0.0000
vn 0.0000 1.0000 0.0000
vn 0.0000 1.0000 0.0000
vn 0.0000 1.0000 0.0000
vn 0.0000 1.0000 0.0000
vn 0.0000 1.0000 0.0000
vn 0.0000 1.0000 0.0000
vn 0.0000 1.0000 0.0000
vn 0.0000 1.0000 0.0000
vn 0.0000 1.0000 0.0000
vn 0.0000 1.0000 0.0000
vn 0.0000 1.0000 0.0000
vn 0.0000 1.0000 0.0000
vn 0.0000 1.0000 0.0000
vn 0.0000 1.0000 0.0000
vn 0.0000 1.0000 0.0000
vn 0.0000 1.0000 0.0000
vn 0.0000 1.0000 0.0000
vn 0.0000 1.0000 0.0000
vn 0.0000 1.0000 0.0000
vn 0.0000 1.0000 0.0000
vn -0.0000 1.0000 0.0000
vn 0.0000 1.0000 0.0000
vn 0.0000 1.0000 0.0000
vn -0.0000 1.0000 0.0000
vn -0.0000 1.0000 0.0000
vn -0.0000 1.0000 0.0000
vn -0.0000 1.0000 0.0000
vn -0.0000 1.0000 0.0000
vn -0.0000 1.0000 0.0000
vn -0.0000 1.0000 0.0000
vn -0.0000 1.0000 0.0000
vn -0.0000 1.0000 0.0000
vn -0.0000 1.0000 0.0000
vn -0.0000 1.0000 0.0000
vn -0.0000 1.0000 0.0000
vn -0.0000 1.0000 0.0000
vn -0.0000 1.0000 0.0000
vn -0.0000 1.0000 0.0000
vn -0.0000 1.0000 0.0000
vn -0.0000 1.0000 0.0000
vn -0.0000 1.0000 0.0000
vn -0.0000 1.0000 0.0000
vn -0.0000 1.0000 0.0000
vn -0.0000 1.0000 0.0000
vn -0.0000 1.0000 0.0000
vn -0.0000 1.0000 0.0000
vn -0.0000 1.0000 0.0000
vn -0.0000 1.0000 0.0000
vn -0.0000 1.0000 0.0000
vn -0.0000 1.0000 0.0000
vn -0.0000 1.0000 0.0000
vn -0.0000 1.0000 0.0000
vn -0.0000 1.0000 0.0000
vn -0.0000 1.0000 0.0000
vn -0.0000 1.0000 0.0000
vn -0.0000 1.0000 0.0000
vn -0.0000 1.0000 0.0000
vn -0.0000 1.0000 0.0000
vn -0.0000 1.0000 0.0000
vn -0.0000 1.0000 0.0000
vn -0.0000 1.0000 0.0000
vn -0.0000 1.0000 0.0000
vn -0.0000 1.0000 0.0000
vn -0.0000 1.0000 0.0000
vn -0.0000 1.0000 0.0000
vn -0.0000 1.0000 0.0000
vn -0.0000 1.0000 0.0000
vn -0.0000 1.0000 0.0000
vn -0.0000 1.0000 0.0000
vn -0.0000 1.0000 0.0000
vn -0.0000 1.0000 0.0000
vn -0.0000 1.0000 0.0000
vn -0.0000 1.0000 0.0000
vn -0.0000 1.0000 0.0000
vn -0.0000 1.0000 0.0000
vn -0.0000 1.0000 0.0000
vn -0.0000 1.0000 0.0000
vn -0.0000 1.0000 0.0000
vn -0.0000 1.0000 0.0000
vn -0.0000 1.0000 0.0000
vn -0.0000 1.0000 0.0000
vn -0.0000 1.0000 0.0000
vn -0.0000 1.0000 0.0000
vn -0.0000 1.0000 0.0000
vn -0.0000 1.0000 -0.0000
vn -0.0000 1.0000 0.0000
vn -0.0000 1.0000 0.0000
vn -0.0000 1.0000 -0.0000
vn -0.0000 1.0000 -0.0000
vn -0.0000 1.0000 -0.0000
vn -0.0000 1.0000 -0.0000
vn -0.0000 1.0000 -0.0000
vn -0.0000 1.0000 -0.0000
vn -0.0000 1.0000 -0.0000
vn -0.0000 1.0000 -0.0000
vn -0.0000 1.0000 -0.0000
vn -0.0000 1.0000 -0.0000
vn -0.0000 1.0000 -0.0000
vn -0.0000 1.0000 -0.0000
vn -0.0000 1.0000 -0.0000
vn -0.0000 1.0000 -0.0000
vn -0.0000 1.0000 -0.0000
vn -0.0000 1.0000 -0.0000
vn -0.0000 1.0000 -0.0000
vn -0.0000 1.0000 -0.0000
vn -0.0000 1.0000 -0.0000
vn -0.0000 1.0000 -0.0000
vn -0.0000 1.0000 -0.0000
vn -0.0000 1.0000 -0.0000
vn -0.0000 1.0000 -0.0000
vn -0.0000 1.0000 -0.0000
vn -0.0000 1.0000 -0.0000
vn -0.0000 1.0000 -0.0000
vn -0.0000 1.0000 -0.0000
vn -0.0000 1.0000 -0.0000
vn -0.0000 1.0000 -0.0000
vn -0.0000 1.0000 -0.0000
vn -0.0000 1.0000 -0.0000
vn -0.0000 1.0000 -0.0000
vn -0.0000 1.0000 -0.0000
vn -0.0000 1.0000 -0.0000
vn -0.0000 1.0000 -0.0000
vn -0.0000 1.0000 -0.0000
vn -0.0000 1.0000 -0.0000
vn -0.0000 1.0000 -0.0000
vn -0.0000 1.0000 -0.0000
vn -0.0000 1.0000 -0.0000
vn -0.0000 1.0000 -0.0000
vn -0.0000 1.0000 -0.0000
vn -0.0000 1.0000 -0.0000
vn -0.0000 1.0000 -0.0000
vn -0.0000 1.0000 -0.0000
vn -0.0000 1.0000 -0.0000
vn -0.0000 1.0000 -0.0000
vn -0.0000 1.0000 -0.0000
vn -0.0000 1.0000 -0.0000
vn -0.0000 1.0000 -0.0000
vn -0.0000 1.0000 -0.0000
vn -0.0000 1.0000 -0.0000
vn -0.0000 1.0000 -0.0000
vn -0.0000 1.0000 -0.0000
vn -0.0000 1.0000 -0.0000
vn -0.0000 1.0000 -0.0000
vn -0.0000 1.0000 -0.0000
vn 0.0000 1.0000 -0.0000
vn 0.0000 1.0000 -0.0000
vn 0.0000 1.0000 -0.0000
vn 0.0000 1.0000 -0.0000
vn 0.0000 1.0000 -0.0000
vn 0.0000 1.0000 -0.0000
vn 0.0000 1.0000 -0.0000
vn 0.0000 1.0000 -0.0000
vn 0.0000 1.0000 -0.0000
vn 0.0000 1.0000 -0.0000
vn 0.0000 1.0000 -0.0000
vn 0.0000 1.0000 -0.0000
vn 0.0000 1.0000 -0.0000
vn 0.0000 1.0000 -0.0000
vn 0.0000 1.0000 -0.0000
vn 0.0000 1.0000 -0.0000
vn 0.0000 1.0000 -0.0000
vn 0.0000 1.0000 -0.0000
vn 0.0000 1.0000 -0.0000
vn 0.0000 1.0000 -0.0000
vn 0.0000 1.0000 -0.0000
vn 0.0000 1.0000 -0.0000
vn 0.0000 1.0000 -0.0000
vn 0.0000 1.0000 -0.0000
vn 0.0000 1.0000 -0.0000
vn 0.0000 1.0000 -0.0000
vn 0.0000 1.0000 -0.0000
vn 0.0000 1.0000 -0.0000
vn 0.0000 1.0000 -0.0000
vn 0.0000 1.0000 -0.0000
vn 0.0000 1.0000 -0.0000
vn 0.0000 1.0000 -0.0000
vn 0.0000 1.0000 -0.0000
vn 0.0000 1.0000 -0.0000
vn 0.0000 1.0000 -0.0000
vn 0.0000 1.0000 -0.0000
vn 0.0000 1.0000 -0.0000
vn 0.0000 1.0000 -0.0000
vn 0.0000 1.0000 -0.0000
vn 0.0000 1.0000 -0.0000
vn 0.0000 1.0000 -0.0000
vn 0.0000 1.0000 -0.0000
vn 0.0000 1.0000 -0.0000
vn 0.0000 1.0000 -0.0000
vn 0.0000 1.0000 -0.0000
vn 0.0000 1.0000 -0.0000
vn 0.0000 1.0000 -0.0000
vn 0.0000 1.0000 -0.0000
vn 0.0000 1.0000 -0.0000
vn -0.0000 1.0000 -0.0000
vn -0.0000 1.0000 -0.0000
vn 0.0000 1.0000 -0.0000
vn 0.0000 1.0000 -0.0000
vn 0.0000 1.0000 -0.0000
vn 0.0000 1.0000 -0.0000
vn 0.0000 1.0000 -0.0000
vn 0.0000 1.0000 -0.0000
vn 0.0000 1.0000 -0.0000
vn 0.0000 1.0000 -0.0000
vn 0.0000 1.0000 -0.0000
vn 0.0000 1.0000 -0.0000
vn 0.0000 1.0000 -0.0000
vn 0.0000 1.0000 -0.0000
vn 0.0000 1.0000 -0.0000
vn 0.0000 1.0000 -0.0000
vn 0.0000 1.0000 -0.0000
vn 0.0000 1.0000 -0.0000
vn 0.0000 1.0000 -0.0000
vn 0.0000 1.0000 -0.0000
vn 0.0000 1.0000 -0.0000
vn 0.0000 1.0000 -0.0000
vn 0.0000 1.0000 -0.0000
vn 0.0000 1.0000 -0.0000
vn 0.0000 1.0000 -0.0000
vn 0.0000 1.0000 -0.0000
vn 0.0000 1.0000 -0.0000
vn 0.0000 1.0000 -0.0000
vn 0.0000 1.0000 -0.0000
vn 0.0000 1.0000 -0.0000
vn 0.0000 1.0000 -0.0000
vn 0.0000 1.0000 -0.0000
vn -0.0000 1.0000 0.0000
vn -0.0000 1.0000 0.0000
vn 0.0000 1.0000 -0.0000
vn 0.0000 1.0000 -0.0000
vn 0.0000 1.0000 -0.0000
vn 0.0000 1.0000 -0.0000
vn 0.0000 1.0000 -0.0000
vn 0.0000 1.0000 -0.0000
vn 0.0000 1.0000 -0.0000
vn 0.0000 1.0000 -0.0000
vn 0.0000 1.0000 -0.0000
vn 0.0000 1.0000 -0.0000
vn 0.0000 1.0000 -0.0000
vn 0.0000 1.0000 -0.0000
vn 0.0000 1.0000 -0.0000
vn 0.0000 1.0000 -0.0000
vn 0.0000 1.0000 -0.0000
vn 0.0000 1.0000 -0.0000
vn 0.0000 1.0000 -0.0000
vn 0.0000 1.0000 -0.0000
vn 0.0000 1.0000 -0.0000
vn 0.0000 1.0000 -0.0000
vn 0.0000 1.0000 -0.0000
vn 0.0000 1.0000 -0.0000
vn 0.0000 1.0000 -0.0000
vn 0.0000 1.0000 -0.0000
vn 0.0000 1.0000 -0.0000
vn 0.0000 1.0000 -0.0000
vn -0.0000 1.0000 0.0000
vn 0.0000 1.0000 0.0000
vn 0.0000 1.0000 -0.0000
vn 0.0000 1.0000 -0.0000
vn 0.0000 1.0000 -0.0000
vn 0.0000 1.0000 -0.0000
vn 0.0000 1.0000 -0.0000
vn 0.0000 1.0000 -0.0000
vn 0.0000 1.0000 -0.0000
vn 0.0000 1.0000 -0.0000
vn 0.0000 1.0000 -0.0000
vn 0.0000 1.0000 -0.0000
vn 0.0000 1.0000 -0.0000
vn 0.0000 1.0000 -0.0000
vn 0.0000 1.0000 -0.0000
vn 0.0000 1.0000 -0.0000
vn 0.0000 1.0000 -0.0000
vn 0.0000 1.0000 -0.0000
vn 0.0000 1.0000 -0.0000
vn 0.0000 1.0000 -0.0000
vn 0.0000 1.0000 -0.0000
vn 0.0000 1.0000 -0.0000
vn 0.0000 1.0000 -0.0000
vn 0.0000 1.0000 -0.0000
vn 0.0000 1.0000 -0.0000
vn 0.0000 1.0000 -0.0000
vn 0.0000 1.0000 -0.0000
vn 0.0000 1.0000 -0.0000
vn 0.0000 1.0000 -0.0000
vn 0.0000 1.0000 -0.0000
vn 0.0000 1.0000 -0.0000
vn 0.0000 1.0000 -0.0000
vn 0.0000 1.0000 -0.0000
vn -0.0000 1.0000 -0.0000
vn 0.0000 1.0000 -0.0000
vn 0.0000 1.0000 -0.0000
vn 0.0000 1.0000 -0.0000
vn 0.0000 1.0000 -0.0000
vn 0.0000 1.0000 -0.0000
vn 0.0000 1.0000 -0.0000
vn 0.0000 1.0000 -0.0000
vn 0.0000 1.0000 -0.0000
vn 0.0000 1.0000 -0.0000
vn 0.0000 1.0000 -0.0000
vn 0.0000 1.0000 -0.0000
vn 0.0000 1.0000 -0.0000
vn 0.0000 1.0000 -0.0000
vn 0.0000 1.0000 -0.0000
vn 0.0000 1.0000 -0.0000
vn 0.0000 1.0000 -0.0000
vn 0.0000 1.0000 -0.0000
vn 0.0000 1.0000 -0.0000
vn 0.0000 1.0000 -0.0000
vn 0.0000 1.0000 -0.0000
vn 0.0000 1.0000 -0.0000
vn 0.0000 1.0000 -0.0000
vn 0.0000 1.0000 -0.0000
vn 0.0000 1.0000 -0.0000
vn 0.0000 1.0000 -0.0000
vn 0.0000 1.0000 -0.0000
vn 0.0000 1.0000 -0.0000
vn 0.0000 1.0000 -0.0000
vn 0.0000 1.0000 -0.0000
vn 0.0000 1.0000 -0.0000
vn 0.0000 1.0000 -0.0000
vn 0.0000 1.0000 -0.0000
vn 0.0000 1.0000 -0.0000
vn 0.0000 1.0000 -0.0000
vn 0.0000 1.0000 -0.0000
vn 0.0000 1.0000 -0.0000
vn 0.0000 1.0000 -0.0000
vn 0.0000 1.0000 -0.0000
vn 0.0000 1.0000 -0.0000
vn 0.0000 1.0000 -0.0000
vn 0.0000 1.0000 -0.0000
vn 0.0000 1.0000 -0.0000
vn 0.0000 1.0000 -0.0000
vn 0.0000 1.0000 -0.0000
vn 0.0000 1.0000 -0.0000
vn 0.0000 1.0000 -0.0000
vn 0.0000 1.0000 -0.0000
vn 0.0000 1.0000 -0.0000
vn 0.0000 1.0000 -0.0000
vn 0.0000 1.0000 -0.0000
vn 0.0000 1.0000 -0.0000
vn 0.0000 1.0000 -0.0000
vn 0.0000 1.0000 -0.0000
vn 0.0000 1.0000 -0.0000
vn 0.0000 1.0000 -0.0000
vn 0.0000 1.0000 -0.0000
vn 0.0000 1.0000 -0.0000
vn 0.0000 1.0000 -0.0000
vn 0.0000 1.0000 0.0000
vn 0.0000 1.0000 0.0000
vn 0.0000 1.0000 -0.0000
vn 0.0000 1.0000 -0.0000
vn 0.0000 1.0000 -0.0000
vn 0.0000 1.0000 -0.0000
vn 0.0000 1.0000 -0.0000
vn 0.0000 1.0000 -0.0000
vn 0.0000 1.0000 -0.0000
vn 0.0000 1.0000 -0.0000
vn 0.0000 1.0000 -0.0000
vn 0.0000 1.0000 -0.0000
vn 0.0000 1.0000 -0.0000
vn 0.0000 1.0000 -0.0000
vn 0.0000 1.0000 -0.0000
vn 0.0000 1.0000 -0.0000
vn 0.0000 1.0000 -0.0000
vn 0.0000 1.0000 -0.0000
vn 0.0000 1.0000 -0.0000
vn 0.0000 1.0000 -0.0000
vn 0.0000 1.0000 -0.0000
vn 0.0000 1.0000 -0.0000
vn 0.0000 1.0000 -0.0000
vn 0.0000 1.0000 -0.0000
vn 0.0000 1.0000 -0.0000
vn 0.0000 1.0000 -0.0000
vn 0.0000 1.0000 -0.0000
vn 0.0000 1.0000 -0.0000
vn -0.0000 1.0000 0.0000
vn -0.0000 1.0000 0.0000
vn 0.0000 1.0000 -0.0000
vn 0.0000 1.0000 -0.0000
vn 0.0000 1.0000 -0.0000
vn 0.0000 1.0000 -0.0000
vn 0.0000 1.0000 -0.0000
vn 0.0000 1.0000 -0.0000
vn 0.0000 1.0000 -0.0000
vn 0.0000 1.0000 -0.0000
vn 0.0000 1.0000 -0.0000
vn 0.0000 1.0000 -0.0000
vn 0.0000 1.0000 -0.0000
vn 0.0000 1.0000 -0.0000
vn 0.0000 1.0000 -0.0000
vn 0.0000 1.0000 -0.0000
vn 0.0000 1.0000 -0.0000
vn 0.0000 1.0000 -0.0000
vn 0.0000 1.0000 -0.0000
vn 0.0000 1.0000 -0.0000
vn 0.0000 1.0000 -0.0000
vn 0.0000 1.0000 -0.0000
vn 0.0000 1.0000 -0.0000
vn 0.0000 1.0000 -0.0000
vn 0.0000 1.0000 -0.0000
vn 0.0000 1.0000 -0.0000
vn 0.0000 1.0000 -0.0000
vn 0.0000 1.0000 -0.0000
vn 0.0000 1.0000 -0.0000
vn 0.0000 1.0000 -0.0000
vn 0.0000 1.0000 -0.0000
vn 0.0000 1.0000 -0.0000
vn -0.0000 1.0000 -0.0000
vn -0.0000 1.0000 -0.0000
vn 0.0000 1.0000 -0.0000
vn 0.0000 1.0000 -0.0000
vn 0.0000 1.0000 -0.0000
vn 0.0000 1.0000 -0.0000
vn 0.0000 1.0000 -0.0000
vn 0.0000 1.0000 -0.0000
vn 0.0000 1.0000 -0.0000
vn 0.0000 1.0000 -0.0000
vn 0.0000 1.0000 -0.0000
vn 0.0000 1.0000 -0.0000
vn 0.0000 1.0000 -0.0000
vn 0.0000 1.0000 -0.0000
vn 0.0000 1.0000 -0.0000
vn 0.0000 1.0000 -0.0000
vn 0.0000 1.0000 -0.0000
vn 0.0000 1.0000 -0.0000
vn 0.0000 1.0000 -0.0000
vn 0.0000 1.0000 -0.0000
vn 0.0000 1.0000 -0.0000
vn 0.0000 1.0000 -0.0000
vn 0.0000 1.0000 -0.0000
vn 0.0000 1.0000 -0.0000
vn 0.0000 1.0000 -0.0000
vn 0.0000 1.0000 -0.0000
vn 0.0000 1.0000 -0.0000
vn 0.0000 1.0000 -0.0000
vn -0.0000 1.0000 -0.0000
vn -0.0000 1.0000 -0.0000
vn 0.0000 1.0000 -0.0000
vn 0.0000 1.0000 -0.0000
vn 0.0000 1.0000 -0.0000
vn 0.0000 1.0000 -0.0000
vn 0.0000 1.0000 -0.0000
vn 0.0000 1.0000 -0.0000
vn 0.0000 1.0000 -0.0000
vn 0.0000 1.0000 -0.0000
vn 0.0000 1.0000 -0.0000
vn 0.0000 1.0000 -0.0000
vn 0.0000 1.0000 -0.0000
vn 0.0000 1.0000 -0.0000
vn 0.0000 1.0000 -0.0000
vn 0.0000 1.0000 -0.0000
vn 0.0000 1.0000 -0.0000
vn 0.0000 1.0000 -0.0000
vn 0.0000 1.0000 -0.0000
vn 0.0000 1.0000 -0.0000
vn 0.0000 1.0000 -0.0000
vn 0.0000 1.0000 -0.0000
vn 0.0000 1.0000 -0.0000
vn 0.0000 1.0000 -0.0000
vn 0.0000 1.0000 -0.0000
vn 0.0000 1.0000 -0.0000
vn 0.0000 1.0000 -0.0000
vn 0.0000 1.0000 -0.0000
vn 0.0000 1.0000 -0.0000
vn 0.0000 1.0000 -0.0000
vn 0.0000 1.0000 -0.0000
vn 0.0000 1.0000 -0.0000
vn -0.0000 1.0000 0.0000
vn -0.0000 1.0000 0.0000
vn 0.0000 1.0000 -0.0000
vn 0.0000 1.0000 -0.0000
vn 0.0000 1.0000 -0.0000
vn 0.0000 1.0000 -0.0000
vn 0.0000 1.0000 -0.0000
vn 0.0000 1.0000 -0.0000
vn 0.0000 1.0000 -0.0000
vn 0.0000 1.0000 -0.0000
vn 0.0000 1.0000 -0.0000
vn 0.0000 1.0000 -0.0000
vn 0.0000 1.0000 -0.0000
vn 0.0000 1.0000 -0.0000
vn 0.0000 1.0000 -0.0000
vn 0.0000 1.0000 -0.0000
vn 0.0000 1.0000 -0.0000
vn 0.0000 1.0000 -0.0000
vn 0.0000 1.0000 -0.0000
vn 0.0000 1.0000 -0.0000
vn 0.0000 1.0000 -0.0000
vn 0.0000 1.0000 -0.0000
vn 0.0000 1.0000 -0.0000
vn 0.0000 1.0000 -0.0000
vn 0.0000 1.0000 -0.0000
vn 0.0000 1.0000 -0.0000
vn 0.0000 1.0000 -0.0000
vn 0.0000 1.0000 -0.0000
vn 0.0000 1.0000 0.0000
vn 0.0000 1.0000 0.0000
vn 0.0000 1.0000 -0.0000
vn 0.0000 1.0000 -0.0000
vn 0.0000 1.0000 -0.0000
vn 0.0000 1.0000 -0.0000
vn 0.0000 1.0000 -0.0000
vn 0.0000 1.0000 -0.0000
vn 0.0000 1.0000 -0.0000
vn 0.0000 1.0000 -0.0000
vn 0.0000 1.0000 -0.0000
vn 0.0000 1.0000 -0.0000
vn 0.0000 1.0000 -0.0000
vn 0.0000 1.0000 -0.0000
vn 0.0000 1.0000 -0.0000
vn 0.0000 1.0000 -0.0000
vn 0.0000 1.0000 -0.0000
vn 0.0000 1.0000 -0.0000
vn 0.0000 1.0000 -0.0000
vn 0.0000 1.0000 -0.0000
vn 0.0000 1.0000 -0.0000
vn 0.0000 1.0000 -0.0000
vn 0.0000 1.0000 -0.0000
vn 0.0000 1.0000 -0.0000
vn 0.0000 1.0000 -0.0000
vn 0.0000 1.0000 -0.0000
vn 0.0000 1.0000 -0.0000
vn 0.0000 1.0000 -0.0000
vn 0.0000 1.0000 -0.0000
vn 0.0000 1.0000 -0.0000
vn 0.0000 1.0000 -0.0000
vn 0.0000 1.0000 -0.0000
vn 0.0000 1.0000 -0.0000
vn 0.0000 1.0000 -0.0000
vn 0.0000 1.0000 -0.0000
vn 0.0000 1.0000 -0.0000
vn 0.0000 1.0000 -0.0000
vn 0.0000 1.0000 -0.0000
vn 0.0000 1.0000 -0.0000
vn 0.0000 1.0000 -0.0000
vn 0.0000 1.0000 -0.0000
vn 0.0000 1.0000 -0.0000
vn 0.0000 1.0000 -0.0000
vn 0.0000 1.0000 -0.0000
vn 0.0000 1.0000 -0.0000
vn 0.0000 1.0000 -0.0000
vn 0.0000 1.0000 -0.0000
vn 0.0000 1.0000 -0.0000
vn 0.0000 1.0000 -0.0000
vn 0.0000 1.0000 -0.0000
vn 0.0000 1.0000 -0.0000
vn 0.0000 1.0000 -0.0000
vn 0.0000 1.0000 -0.0000
vn 0.0000 1.0000 -0.0000
vn 0.0000 1.0000 -0.0000
vn 0.0000 1.0000 -0.0000
vn 0.0000 1.0000 -0.0000
vn 0.0000 1.0000 -0.0000
vn 0.0000 1.0000 -0.0000
vn 0.0000 1.0000 -0.0000
vn -0.0000 1.0000 -0.0000
vn -0.0000 1.0000 -0.0000
vn 0.0000 1.0000 -0.0000
vn 0.0000 1.0000 -0.0000
vn 0.0000 1.0000 -0.0000
vn 0.0000 1.0000 -0.0000
vn 0.0000 1.0000 -0.0000
vn 0.0000 1.0000 -0.0000
vn 0.0000 1.0000 -0.0000
vn 0.0000 1.0000 -0.0000
vn 0.0000 1.0000 -0.0000
vn 0.0000 1.0000 -0.0000
vn 0.0000 1.0000 -0.0000
vn 0.0000 1.0000 -0.0000
vn 0.0000 1.0000 -0.0000
vn 0.0000 1.0000 -0.0000
vn 0.0000 1.0000 -0.0000
vn 0.0000 1.0000 -0.0000
vn 0.0000 1.0000 -0.0000
vn 0.0000 1.0000 -0.0000
vn 0.0000 1.0000 -0.0000
vn 0.0000 1.0000 -0.0000
vn 0.0000 1.0000 -0.0000
vn 0.0000 1.0000 -0.0000
vn 0.0000 1.0000 -0.0000
vn 0.0000 1.0000 -0.0000
vn 0.0000 1.0000 -0.0000
vn 0.0000 1.0000 -0.0000
vn 0.0000 1.0000 -0.0000
vn 0.0000 1.0000 -0.0000
vn 0.0000 1.0000 -0.0000
vn 0.0000 1.0000 -0.0000
vn -0.0000 1.0000 0.0000
vn -0.0000 1.0000 0.0000
vn 0.0000 1.0000 -0.0000
vn 0.0000 1.0000 -0.0000
vn 0.0000 1.0000 -0.0000
vn 0.0000 1.0000 -0.0000
vn 0.0000 1.0000 -0.0000
vn 0.0000 1.0000 -0.0000
vn 0.0000 1.0000 -0.0000
vn 0.0000 1.0000 -0.0000
vn 0.0000 1.0000 -0.0000
vn 0.0000 1.0000 -0.0000
vn 0.0000 1.0000 -0.0000
vn 0.0000 1.0000 -0.0000
vn 0.0000 1.0000 -0.0000
vn 0.0000 1.0000 -0.0000
vn 0.0000 1.0000 -0.0000
vn 0.0000 1.0000 -0.0000
vn 0.0000 1.0000 -0.0000
vn 0.0000 1.0000 -0.0000
vn 0.0000 1.0000 -0.0000
vn 0.0000 1.0000 -0.0000
vn 0.0000 1.0000 -0.0000
vn 0.0000 1.0000 -0.0000
vn 0.0000 1.0000 -0.0000
vn 0.0000 1.0000 -0.0000
vn 0.0000 1.0000 -0.0000
vn 0.0000 1.0000 -0.0000
vn 0.0000 1.0000 0.0000
vn 0.0000 1.0000 0.0000
vn 0.0000 1.0000 -0.0000
vn 0.0000 1.0000 -0.0000
vn 0.0000 1.0000 -0.0000
vn 0.0000 1.0000 -0.0000
vn 0.0000 1.0000 -0.0000
vn 0.0000 1.0000 -0.0000
vn 0.0000 1.0000 -0.0000
vn 0.0000 1.0000 -0.0000
vn 0.0000 1.0000 -0.0000
vn 0.0000 1.0000 -0.0000
vn 0.0000 1.0000 -0.0000
vn 0.0000 1.0000 -0.0000
vn 0.0000 1.0000 -0.0000
vn 0.0000 1.0000 -0.0000
vn 0.0000 1.0000 -0.0000
vn 0.0000 1.0000 -0.0000
vn 0.0000 1.0000 -0.0000
vn 0.0000 1.0000 -0.0000
vn 0.0000 1.0000 -0.0000
vn 0.0000 1.0000 -0.0000
vn 0.0000 1.0000 -0.0000
vn 0.0000 1.0000 -0.0000
vn 0.0000 1.0000 -0.0000
vn 0.0000 1.0000 -0.0000
vn 0.0000 1.0000 -0.0000
vn 0.0000 1.0000 -0.0000
vn 0.0000 1.0000 -0.0000
vn 0.0000 1.0000 -0.0000
vn 0.0000 1.0000 -0.0000
vn 0.0000 1.0000 -0.0000
vn 0.0000 1.0000 -0.0000
vn 0.0000 1.0000 -0.0000
vn 0.0000 1.0000 -0.0000
vn 0.0000 1.0000 -0.0000
vn 0.0000 1.0000 -0.0000
vn 0.0000 1.0000 -0.0000
vn 0.0000 1.0000 -0.0000
vn 0.0000 1.0000 -0.0000
vn 0.0000 1.0000 -0.0000
vn 0.0000 1.0000 -0.0000
vn 0.0000 1.0000 -0.0000
vn 0.0000 1.0000 -0.0000
vn 0.0000 1.0000 -0.0000
vn 0.0000 1.0000 -0.0000
vn 0.0000 1.0000 -0.0000
vn 0.0000 1.0000 -0.0000
vn 0.0000 1.0000 -0.0000
vn 0.0000 1.0000 -0.0000
vn 0.0000 1.0000 -0.0000
vn 0.0000 1.0000 -0.0000
vn 0.0000 1.0000 -0.0000
vn 0.0000 1.0000 -0.0000
vn 0.0000 1.0000 -0.0000
vn 0.0000 1.0000 -0.0000
vn 0.0000 1.0000 -0.0000
vn 0.0000 1.0000 -0.0000
vn 0.0000 1.0000 -0.0000
vn 0.0000 1.0000 -0.0000
vn -0.0000 1.0000 -0.0000
vn -0.0000 1.0000 -0.0000
vn 0.0000 1.0000 -0.0000
vn 0.0000 1.0000 -0.0000
vn 0.0000 1.0000 -0.0000
vn 0.0000 1.0000 -0.0000
vn 0.0000 1.0000 -0.0000
vn 0.0000 1.0000 -0.0000
vn 0.0000 1.0000 -0.0000
vn 0.0000 1.0000 -0.0000
vn 0.0000 1.0000 -0.0000
vn 0.0000 1.0000 -0.0000
vn 0.0000 1.0000 -0.0000
vn 0.0000 1.0000 -0.0000
vn 0.0000 1.0000 -0.0000
vn 0.0000 1.0000 -0.0000
vn 0.0000 1.0000 -0.0000
vn 0.0000 1.0000 -0.0000
vn 0.0000 1.0000 -0.0000
vn 0.0000 1.0000 -0.0000
vn 0.0000 1.0000 -0.0000
vn 0.0000 1.0000 -0.0000
vn 0.0000 1.0000 -0.0000
vn 0.0000 1.0000 -0.0000
vn 0.0000 1.0000 -0.0000
vn 0.0000 1.0000 -0.0000
vn 0.0000 1.0000 -0.0000
vn 0.0000 1.0000 -0.0000
vn 0.0000 1.0000 -0.0000
vn 0.0000 1.0000 -0.0000
vn 0.0000 1.0000 -0.0000
vn 0.0000 1.0000 -0.0000
vn -0.0000 1.0000 0.0000
vn -0.0000 1.0000 0.0000
vn 0.0000 1.0000 -0.0000
vn 0.0000 1.0000 -0.0000
vn 0.0000 1.0000 -0.0000
vn 0.0000 1.0000 -0.0000
vn 0.0000 1.0000 -0.0000
vn 0.0000 1.0000 -0.0000
vn 0.0000 1.0000 -0.0000
vn 0.0000 1.0000 -0.0000
vn 0.0000 1.0000 -0.0000
vn 0.0000 1.0000 -0.0000
vn 0.0000 1.0000 -0.0000
vn 0.0000 1.0000 -0.0000
vn 0.0000 1.0000 -0.0000
vn 0.0000 1.0000 -0.0000
vn 0.0000 1.0000 -0.0000
vn 0.0000 1.0000 -0.0000
vn 0.0000 1.0000 -0.0000
vn 0.0000 1.0000 -0.0000
vn 0.0000 1.0000 -0.0000
vn 0.0000 1.0000 -0.0000
vn 0.0000 1.0000 -0.0000
vn 0.0000 1.0000 -0.0000
vn 0.0000 1.0000 -0.0000
vn 0.0000 1.0000 -0.0000
vn 0.0000 1.0000 -0.0000
vn 0.0000 1.0000 -0.0000
vn 0.0000 1.0000 0.0000
vn 0.0000 1.0000 0.0000
vn 0.0000 1.0000 -0.0000
vn 0.0000 1.0000 -0.0000
vn 0.0000 1.0000 -0.0000
vn 0.0000 1.0000 -0.0000
vn 0.0000 1.0000 -0.0000
vn 0.0000 1.0000 -0.0000
vn 0.0000 1.0000 -0.0000
vn 0.0000 1.0000 -0.0000
vn 0.0000 1.0000 -0.0000
vn 0.0000 1.0000 -0.0000
vn 0.0000 1.0000 -0.0000
vn 0.0000 1.0000 -0.0000
vn 0.0000 1.0000 -0.0000
vn 0.0000 1.0000 -0.0000
vn 0.0000 1.0000 -0.0000
vn 0.0000 1.0000 -0.0000
vn 0.0000 1.0000 -0.0000
vn 0.0000 1.0000 -0.0000
vn 0.0000 1.0000 -0.0000
vn 0.0000 1.0000 -0.0000
vn 0.0000 1.0000 -0.0000
vn 0.0000 1.0000 -0.0000
vn 0.0000 1.0000 -0.0000
vn 0.0000 1.0000 -0.0000
vn 0.0000 1.0000 -0.0000
vn 0.0000 1.0000 -0.0000
vn 0.0000 1.0000 -0.0000
vn 0.0000 1.0000 -0.0000
vn 0.0000 1.0000 -0.0000
vn 0.0000 1.0000 -0.0000
vn 0.0000 1.0000 -0.0000
vn 0.0000 1.0000 -0.0000
vn 0.0000 1.0000 -0.0000
vn 0.0000 1.0000 -0.0000
vn 0.0000 1.0000 -0.0000
vn 0.0000 1.0000 -0.0000
vn 0.0000 1.0000 -0.0000
vn 0.0000 1.0000 -0.0000
vn 0.0000 1.0000 -0.0000
vn 0.0000 1.0000 -0.0000
vn 0.0000 1.0000 -0.0000
vn 0.0000 1.0000 -0.0000
vn 0.0000 1.0000 -0.0000
vn 0.0000 1.0000 -0.0000
vn 0.0000 1.0000 -0.0000
vn 0.0000 1.0000 -0.0000
vn 0.0000 1.0000 -0.0000
vn 0.0000 1.0000 -0.0000
vn 0.0000 1.0000 -0.0000
vn 0.0000 1.0000 -0.0000
vn 0.0000 1.0000 -0.0000
vn 0.0000 1.0000 -0.0000
vn 0.0000 1.0000 -0.0000
vn 0.0000 1.0000 -0.0000
vn 0.0000 1.0000 -0.0000
vn 0.0000 1.0000 -0.0000
vn 0.0000 1.0000 -0.0000
vn 0.0000 1.0000 -0.0000
vn 0.0000 1.0000 -0.0000
vn 0.0000 1.0000 -0.0000
vn 0.0000 1.0000 -0.0000
vn 0.0000 1.0000 -0.0000
vn 0.0000 1.0000 -0.0000
vn 0.0000 1.0000 -0.0000
vn 0.0000 1.0000 -0.0000
vn 0.0000 1.0000 -0.0000
vn 0.0000 1.0000 -0.0000
vn 0.0000 1.0000 -0.0000
vn 0.0000 1.0000 -0.0000
vn 0.0000 1.0000 -0.0000
vn 0.0000 1.0000 -0.0000
vn 0.0000 1.0000 -0.0000
vn 0.0000 1.0000 -0.0000
vn 0.0000 1.0000 -0.0000
vn 0.0000 1.0000 -0.0000
vn 0.0000 1.0000 -0.0000
vn 0.0000 1.0000 -0.0000
vn 0.0000 1.0000 -0.0000
vn 0.0000 1.0000 -0.0000
vn 0.0000 1.0000 -0.0000
vn 0.0000 1.0000 -0.0000
vn 0.0000 1.0000 -0.0000
vn 0.0000 1.0000 -0.0000
vn 0.0000 1.0000 -0.0000
vn 0.0000 1.0000 -0.0000
vn 0.0000 1.0000 -0.0000
vn 0.0000 1.0000 -0.0000
vn 0.0000 1.0000 -0.0000
vn 0.0000 1.0000 -0.0000
vn 0.0000 1.0000 -0.0000
vn 0.0000 1.0000 0.0000
vn 0.0000 1.0000 0.0000
vn 0.0000 1.0000 -0.0000
vn 0.0000 1.0000 -0.0000
vn 0.0000 1.0000 -0.0000
vn 0.0000 1.0000 -0.0000
vn 0.0000 1.0000 -0.0000
vn 0.0000 1.0000 -0.0000
vn 0.0000 1.0000 -0.0000
vn 0.0000 1.0000 -0.0000
vn 0.0000 1.0000 -0.0000
vn 0.0000 1.0000 -0.0000
vn 0.0000 1.0000 -0.0000
vn 0.0000 1.0000 -0.0000
vn 0.0000 1.0000 -0.0000
vn 0.0000 1.0000 -0.0000
vn 0.0000 1.0000 -0.0000
vn 0.0000 1.0000 -0.0000
vn 0.0000 1.0000 -0.0000
vn 0.0000 1.0000 -0.0000
vn 0.0000 1.0000 -0.0000
vn 0.0000 1.0000 -0.0000
vn 0.0000 1.0000 -0.0000
vn 0.0000 1.0000 -0.0000
vn 0.0000 1.0000 -0.0000
vn 0.0000 1.0000 -0.0000
vn 0.0000 1.0000 -0.0000
vn 0.0000 1.0000 -0.0000
vn -0.0000 1.0000 0.0000
vn -0.0000 1.0000 0.0000
vn 0.0000 1.0000 -0.0000
vn 0.0000 1.0000 -0.0000
vn 0.0000 1.0000 -0.0000
vn 0.0000 1.0000 -0.0000
vn 0.0000 1.0000 -0.0000
vn 0.0000 1.0000 -0.0000
vn 0.0000 1.0000 -0.0000
vn 0.0000 1.0000 -0.0000
vn 0.0000 1.0000 -0.0000
vn 0.0000 1.0000 -0.0000
vn 0.0000 1.0000 -0.0000
vn 0.0000 1.0000 -0.0000
vn 0.0000 1.0000 -0.0000
vn 0.0000 1.0000 -0.0000
vn 0.0000 1.0000 -0.0000
vn 0.0000 1.0000 -0.0000
vn 0.0000 1.0000 -0.0000
vn 0.0000 1.0000 -0.0000
vn 0.0000 1.0000 -0.0000
vn 0.0000 1.0000 -0.0000
vn 0.0000 1.0000 -0.0000
vn 0.0000 1.0000 -0.0000
vn 0.0000 1.0000 -0.0000
vn 0.0000 1.0000 -0.0000
vn 0.0000 1.0000 -0.0000
vn 0.0000 1.0000 -0.0000
vn 0.0000 1.0000 -0.0000
vn 0.0000 1.0000 -0.0000
vn 0.0000 1.0000 -0.0000
vn 0.0000 1.0000 -0.0000
vn -0.0000 1.0000 -0.0000
vn -0.0000 1.0000 -0.0000
vn 0.0000 1.0000 -0.0000
vn 0.0000 1.0000 -0.0000
vn 0.0000 1.0000 -0.0000
vn 0.0000 1.0000 -0.0000
vn 0.0000 1.0000 -0.0000
vn 0.0000 1.0000 -0.0000
vn 0.0000 1.0000 -0.0000
vn 0.0000 1.0000 -0.0000
vn 0.0000 1.0000 -0.0000
vn 0.0000 1.0000 -0.0000
vn 0.0000 1.0000 -0.0000
vn 0.0000 1.0000 -0.0000
vn 0.0000 1.0000 -0.0000
vn 0.0000 1.0000 -0.0000
vn 0.0000 1.0000 -0.0000
vn 0.0000 1.0000 -0.0000
vn 0.0000 1.0000 -0.0000
vn 0.0000 1.0000 -0.0000
vn 0.0000 1.0000 -0.0000
vn 0.0000 1.0000 -0.0000
vn 0.0000 1.0000 -0.0000
vn 0.0000 1.0000 -0.0000
vn 0.0000 1.0000 -0.0000
vn 0.0000 1.0000 -0.0000
vn 0.0000 1.0000 -0.0000
vn 0.0000 1.0000 -0.0000
vn 0.0000 1.0000 -0.0000
vn 0.0000 1.0000 -0.0000
vn 0.0000 1.0000 -0.0000
vn 0.0000 1.0000 -0.0000
vn 0.0000 1.0000 -0.0000
vn 0.0000 1.0000 -0.0000
vn 0.0000 1.0000 -0.0000
vn 0.0000 1.0000 -0.0000
vn 0.0000 1.0000 -0.0000
vn 0.0000 1.0000 -0.0000
vn 0.0000 1.0000 -0.0000
vn 0.0000 1.0000 -0.0000
vn 0.0000 1.0000 -0.0000
vn 0.0000 1.0000 -0.0000
vn 0.0000 1.0000 -0.0000
vn 0.0000 1.0000 -0.0000
vn 0.0000 1.0000 -0.0000
vn 0.0000 1.0000 -0.0000
vn 0.0000 1.0000 -0.0000
vn 0.0000 1.0000 -0.0000
vn 0.0000 1.0000 -0.0000
vn 0.0000 1.0000 -0.0000
vn 0.0000 1.0000 -0.0000
vn 0.0000 1.0000 -0.0000
vn 0.0000 1.0000 -0.0000
vn 0.0000 1.0000 -0.0000
vn 0.0000 1.0000 -0.0000
vn 0.0000 1.0000 0.0000
vn 0.0000 1.0000 -0.0000
vn 0.0000 1.0000 -0.0000
vn 0.0000 1.0000 -0.0000
vn 0.0000 1.0000 0.0000
vn 0.0000 1.0000 0.0000
vn 0.0000 1.0000 -0.0000
vn 0.0000 1.0000 -0.0000
vn 0.0000 1.0000 -0.0000
vn 0.0000 1.0000 -0.0000
vn 0.0000 1.0000 0.0000
vn 0.0000 1.0000 0.0000
vn 0.0000 1.0000 0.0000
vn 0.0000 1.0000 0.0000
vn 0.0000 1.0000 -0.0000
vn 0.0000 1.0000 -0.0000
vn 0.0000 1.0000 -0.0000
vn 0.0000 1.0000 -0.0000
vn 0.0000 1.0000 0.0000
vn 0.0000 1.0000 0.0000
vn 0.0000 1.0000 0.0000
vn 0.0000 1.0000 0.0000
vn 0.0000 1.0000 -0.0000
vn 0.0000 1.0000 -0.0000
vn 0.0000 1.0000 -0.0000
vn 0.0000 1.0000 -0.0000
vn 0.0000 1.0000 0.0000
vn 0.0000 1.0000 0.0000
vn 0.0000 1.0000 0.0000
vn 0.0000 1.0000 0.0000
vn 0.0000 1.0000 -0.0000
vn 0.0000 1.0000 -0.0000
vn 0.0000 1.0000 -0.0000
vn 0.0000 1.0000 0.0000
vn 0.0000 1.0000 0.0000
vn 0.0000 1.0000 0.0000
vn -0.0000 1.0000 0.0000
vn -0.0000 1.0000 0.0000
vn -0.0000 1.0000 0.0000
vn 0.0000 1.0000 -0.0000
vn 0.0000 1.0000 -0.0000
vn 0.0000 1.0000 -0.0000
vn -0.0000 1.0000 0.0000
vn -0.0000 1.0000 0.0000
vn -0.0000 1.0000 0.0000
vn -0.0000 1.0000 0.0000
vn 0.0000 1.0000 -0.0000
vn 0.0000 1.0000 -0.0000
vn 0.0000 1.0000 -0.0000
vn 0.0000 1.0000 -0.0000
vn -0.0000 1.0000 0.0000
vn -0.0000 1.0000 0.0000
vn -0.0000 1.0000 0.0000
vn -0.0000 1.0000 0.0000
vn 0.0000 1.0000 -0.0000
vn 0.0000 1.0000 -0.0000
vn 0.0000 1.0000 -0.0000
vn 0.0000 1.0000 -0.0000
vn -0.0000 1.0000 0.0000
vn -0.0000 1.0000 0.0000
vn -0.0000 1.0000 0.0000
vn -0.0000 1.0000 0.0000
vn 0.0000 1.0000 -0.0000
vn 0.0000 1.0000 -0.0000
vn 0.0000 1.0000 -0.0000
vn 0.0000 1.0000 -0.0000
vn -0.0000 1.0000 0.0000
vn -0.0000 1.0000 0.0000
vn -0.0000 1.0000 -0.0000
vn -0.0000 1.0000 0.0000
vn 0.0000 1.0000 -0.0000
vn 0.0000 1.0000 -0.0000
vn 0.0000 1.0000 -0.0000
vn 0.0000 1.0000 -0.0000
vn -0.0000 1.0000 -0.0000
vn -0.0000 1.0000 -0.0000
vn -0.0000 1.0000 -0.0000
vn -0.0000 1.0000 -0.0000
vn 0.0000 1.0000 -0.0000
vn 0.0000 1.0000 -0.0000
vn 0.0000 1.0000 -0.0000
vn 0.0000 1.0000 -0.0000
vn -0.0000 1.0000 -0.0000
vn -0.0000 1.0000 -0.0000
vn 0.0000 1.0000 -0.0000
vn 0.0000 1.0000 -0.0000
vn -0.0000 1.0000 -0.0000
vn -0.0000 1.0000 -0.0000
vn -0.0000 1.0000 -0.0000
vn -0.0000 1.0000 -0.0000
vn 0.0000 1.0000 -0.0000
vn 0.0000 1.0000 -0.0000
vn 0.0000 1.0000 -0.0000
vn 0.0000 1.0000 -0.0000
vn -0.0000 1.0000 -0.0000
vn -0.0000 1.0000 -0.0000
vn -0.0000 1.0000 -0.0000
vn -0.0000 1.0000 -0.0000
vn 0.0000 1.0000 -0.0000
vn -0.0000 1.0000 -0.0000
vn 0.0000 -1.0000 -0.0000
vn 0.0000 -1.0000 -0.0000
vn -0.0000 -1.0000 -0.0000
vn -0.0000 -1.0000 -0.0000
vn 0.0000 -1.0000 -0.0000
vn 0.0000 -1.0000 -0.0000
vn 0.0000 -1.0000 -0.0000
vn 0.0000 -1.0000 -0.0000
vn 0.0000 -1.0000 -0.0000
vn 0.0000 -1.0000 -0.0000
vn 0.0000 -1.0000 -0.0000
vn 0.0000 -1.0000 -0.0000
vn 0.0000 -1.0000 -0.0000
vn 0.0000 -1.0000 -0.0000
vn 0.0000 -1.0000 -0.0000
vn 0.0000 -1.0000 -0.0000
vn 0.0000 -1.0000 -0.0000
vn 0.0000 -1.0000 -0.0000
vn 0.0000 -1.0000 -0.0000
vn 0.0000 -1.0000 -0.0000
vn 0.0000 -1.0000 -0.0000
vn 0.0000 -1.0000 -0.0000
vn 0.0000 -1.0000 -0.0000
vn 0.0000 -1.0000 -0.0000
vn 0.0000 -1.0000 -0.0000
vn 0.0000 -1.0000 -0.0000
vn 0.0000 -1.0000 -0.0000
vn 0.0000 -1.0000 -0.0000
vn 0.0000 -1.0000 -0.0000
vn 0.0000 -1.0000 -0.0000
vn 0.0000 -1.0000 -0.0000
vn 0.0000 -1.0000 -0.0000
vn 0.0000 -1.0000 -0.0000
vn 0.0000 -1.0000 -0.0000
vn 0.0000 -1.0000 -0.0000
vn 0.0000 -1.0000 -0.0000
vn 0.0000 -1.0000 -0.0000
vn 0.0000 -1.0000 -0.0000
vn 0.0000 -1.0000 -0.0000
vn 0.0000 -1.0000 -0.0000
vn 0.0000 -1.0000 -0.0000
vn 0.0000 -1.0000 -0.0000
vn 0.0000 -1.0000 -0.0000
vn 0.0000 -1.0000 -0.0000
vn 0.0000 -1.0000 -0.0000
vn 0.0000 -1.0000 -0.0000
vn 0.0000 -1.0000 -0.0000
vn 0.0000 -1.0000 -0.0000
vn 0.0000 -1.0000 -0.0000
vn 0.0000 -1.0000 -0.0000
vn 0.0000 -1.0000 -0.0000
vn 0.0000 -1.0000 -0.0000
vn 0.0000 -1.0000 -0.0000
vn 0.0000 -1.0000 -0.0000
vn 0.0000 -1.0000 -0.0000
vn 0.0000 -1.0000 -0.0000
vn 0.0000 -1.0000 0.0000
vn 0.0000 -1.0000 0.0000
vn 0.0000 -1.0000 -0.0000
vn 0.0000 -1.0000 -0.0000
vn 0.0000 -1.0000 0.0000
vn 0.0000 -1.0000 0.0000
vn 0.0000 -1.0000 0.0000
vn 0.0000 -1.0000 0.0000
vn 0.0000 -1.0000 0.0000
vn 0.0000 -1.0000 0.0000
vn 0.0000 -1.0000 0.0000
vn 0.0000 -1.0000 0.0000
vn 0.0000 -1.0000 0.0000
vn 0.0000 -1.0000 0.0000
vn 0.0000 -1.0000 0.0000
vn 0.0000 -1.0000 0.0000
vn 0.0000 -1.0000 0.0000
vn 0.0000 -1.0000 0.0000
vn 0.0000 -1.0000 0.0000
vn 0.0000 -1.0000 0.0000
vn 0.0000 -1.0000 0.0000
vn 0.0000 -1.0000 0.0000
vn 0.0000 -1.0000 0.0000
vn 0.0000 -1.0000 0.0000
vn 0.0000 -1.0000 0.0000
vn 0.0000 -1.0000 0.0000
vn 0.0000 -1.0000 0.0000
vn 0.0000 -1.0000 0.0000
vn 0.0000 -1.0000 0.0000
vn 0.0000 -1.0000 0.0000
vn 0.0000 -1.0000 0.0000
vn 0.0000 -1.0000 0.0000
vn 0.0000 -1.0000 0.0000
vn 0.0000 -1.0000 0.0000
vn 0.0000 -1.0000 0.0000
vn 0.0000 -1.0000 0.0000
vn 0.0000 -1.0000 0.0000
vn 0.0000 -1.0000 0.0000
vn 0.0000 -1.0000 0.0000
vn 0.0000 -1.0000 0.0000
vn 0.0000 -1.0000 0.0000
vn 0.0000 -1.0000 0.0000
vn 0.0000 -1.0000 0.0000
vn 0.0000 -1.0000 0.0000
vn 0.0000 -1.0000 0.0000
vn 0.0000 -1.0000 0.0000
vn 0.0000 -1.0000 0.0000
vn 0.0000 -1.0000 0.0000
vn 0.0000 -1.0000 0.0000
vn 0.0000 -1.0000 0.0000
vn 0.0000 -1.0000 0.0000
vn 0.0000 -1.0000 0.0000
vn 0.0000 -1.0000 0.0000
vn 0.0000 -1.0000 0.0000
vn 0.0000 -1.0000 0.0000
vn 0.0000 -1.0000 0.0000
vn 0.0000 -1.0000 0.0000
vn 0.0000 -1.0000 0.0000
vn 0.0000 -1.0000 0.0000
vn 0.0000 -1.0000 0.0000
vn -0.0000 -1.0000 0.0000
vn -0.0000 -1.0000 0.0000
vn 0.0000 -1.0000 0.0000
vn 0.0000 -1.0000 0.0000
vn -0.0000 -1.0000 0.0000
vn -0.0000 -1.0000 0.0000
vn -0.0000 -1.0000 0.0000
vn -0.0000 -1.0000 0.0000
vn -0.0000 -1.0000 0.0000
vn -0.0000 -1.0000 0.0000
vn -0.0000 -1.0000 0.0000
vn -0.0000 -1.0000 0.0000
vn -0.0000 -1.0000 0.0000
vn -0.0000 -1.0000 0.0000
vn -0.0000 -1.0000 0.0000
vn -0.0000 -1.0000 0.0000
vn -0.0000 -1.0000 0.0000
vn -0.0000 -1.0000 0.0000
vn -0.0000 -1.0000 0.0000
vn -0.0000 -1.0000 0.0000
vn -0.0000 -1.0000 0.0000
vn -0.0000 -1.0000 0.0000
vn -0.0000 -1.0000 0.0000
vn -0.0000 -1.0000 0.0000
vn -0.0000 -1.0000 0.0000
vn -0.0000 -1.0000 0.0000
vn -0.0000 -1.0000 0.0000
vn -0.0000 -1.0000 0.0000
vn -0.0000 -1.0000 0.0000
vn -0.0000 -1.0000 0.0000
vn -0.0000 -1.0000 0.0000
vn -0.0000 -1.0000 0.0000
vn -0.0000 -1.0000 0.0000
vn -0.0000 -1.0000 0.0000
vn -0.0000 -1.0000 0.0000
vn -0.0000 -1.0000 0.0000
vn -0.0000 -1.0000 0.0000
vn -0.0000 -1.0000 0.0000
vn -0.0000 -1.0000 0.0000
vn -0.0000 -1.0000 0.0000
vn -0.0000 -1.0000 0.0000
vn -0.0000 -1.0000 0.0000
vn -0.0000 -1.0000 0.0000
vn -0.0000 -1.0000 0.0000
vn -0.0000 -1.0000 0.0000
vn -0.0000 -1.0000 0.0000
vn -0.0000 -1.0000 0.0000
vn -0.0000 -1.0000 0.0000
vn -0.0000 -1.0000 0.0000
vn -0.0000 -1.0000 0.0000
vn -0.0000 -1.0000 0.0000
vn -0.0000 -1.0000 0.0000
vn -0.0000 -1.0000 0.0000
vn -0.0000 -1.0000 0.0000
vn -0.0000 -1.0000 0.0000
vn -0.0000 -1.0000 0.0000
vn -0.0000 -1.0000 0.0000
vn -0.0000 -1.0000 0.0000
vn -0.0000 -1.0000 0.0000
vn -0.0000 -1.0000 0.0000
vn -0.0000 -1.0000 0.0000
vn -0.0000 -1.0000 0.0000
vn -0.0000 -1.0000 0.0000
vn -0.0000 -1.0000 0.0000
vn -0.0000 -1.0000 -0.0000
vn -0.0000 -1.0000 -0.0000
vn -0.0000 -1.0000 0.0000
vn -0.0000 -1.0000 0.0000
vn -0.0000 -1.0000 -0.0000
vn -0.0000 -1.0000 -0.0000
vn -0.0000 -1.0000 -0.0000
vn -0.0000 -1.0000 -0.0000
vn -0.0000 -1.0000 -0.0000
vn -0.0000 -1.0000 -0.0000
vn -0.0000 -1.0000 -0.0000
vn -0.0000 -1.0000 -0.0000
vn -0.0000 -1.0000 -0.0000
vn -0.0000 -1.0000 -0.0000
vn -0.0000 -1.0000 -0.0000
vn -0.0000 -1.0000 -0.0000
vn -0.0000 -1.0000 -0.0000
vn -0.0000 -1.0000 -0.0000
vn -0.0000 -1.0000 -0.0000
vn -0.0000 -1.0000 -0.0000
vn -0.0000 -1.0000 -0.0000
vn -0.0000 -1.0000 -0.0000
vn -0.0000 -1.0000 -0.0000
vn -0.0000 -1.0000 -0.0000
vn -0.0000 -1.0000 -0.0000
vn -0.0000 -1.0000 -0.0000
vn -0.0000 -1.0000 -0.0000
vn -0.0000 -1.0000 -0.0000
vn -0.0000 -1.0000 -0.0000
vn -0.0000 -1.0000 -0.0000
vn -0.0000 -1.0000 -0.0000
vn -0.0000 -1.0000 -0.0000
vn -0.0000 -1.0000 -0.0000
vn -0.0000 -1.0000 -0.0000
vn -0.0000 -1.0000 -0.0000
vn -0.0000 -1.0000 -0.0000
vn -0.0000 -1.0000 -0.0000
vn -0.0000 -1.0000 -0.0000
vn -0.0000 -1.0000 -0.0000
vn -0.0000 -1.0000 -0.0000
vn -0.0000 -1.0000 -0.0000
vn -0.0000 -1.0000 -0.0000
vn -0.0000 -1.0000 -0.0000
vn -0.0000 -1.0000 -0.0000
vn -0.0000 -1.0000 -0.0000
vn -0.0000 -1.0000 -0.0000
vn -0.0000 -1.0000 -0.0000
vn -0.0000 -1.0000 -0.0000
vn -0.0000 -1.0000 -0.0000
vn -0.0000 -1.0000 -0.0000
vn -0.0000 -1.0000 -0.0000
vn -0.0000 -1.0000 -0.0000
vn -0.0000 -1.0000 -0.0000
vn -0.0000 -1.0000 -0.0000
vn -0.0000 -1.0000 -0.0000
vn -0.0000 -1.0000 -0.0000
vn -0.0000 -1.0000 -0.0000
vn -0.0000 -1.0000 -0.0000
vn -0.0000 -1.0000 -0.0000
vn -0.0000 -1.0000 -0.0000
vn 0.0000 -1.0000 -0.0000
vn 0.0000 -1.0000 -0.0000
vn 0.0000 -1.0000 -0.0000
vn 0.0000 -1.0000 -0.0000
vn 0.0000 -1.0000 -0.0000
vn 0.0000 -1.0000 -0.0000
vn 0.0000 -1.0000 -0.0000
vn 0.0000 -1.0000 -0.0000
vn 0.0000 -1.0000 -0.0000
vn 0.0000 -1.0000 -0.0000
vn 0.0000 -1.0000 -0.0000
vn 0.0000 -1.0000 -0.0000
vn 0.0000 -1.0000 -0.0000
vn 0.0000 -1.0000 -0.0000
vn 0.0000 -1.0000 -0.0000
vn 0.0000 -1.0000 -0.0000
vn 0.0000 -1.0000 -0.0000
vn 0.0000 -1.0000 -0.0000
vn 0.0000 -1.0000 -0.0000
vn 0.0000 -1.0000 -0.0000
vn 0.0000 -1.0000 -0.0000
vn 0.0000 -1.0000 -0.0000
vn 0.0000 -1.0000 -0.0000
vn 0.0000 -1.0000 -0.0000
vn 0.0000 -1.0000 -0.0000
vn 0.0000 -1.0000 -0.0000
vn 0.0000 -1.0000 -0.0000
vn 0.0000 -1.0000 -0.0000
vn 0.0000 -1.0000 -0.0000
vn 0.0000 -1.0000 -0.0000
vn 0.0000 -1.0000 -0.0000
vn 0.0000 -1.0000 -0.0000
vn 0.0000 -1.0000 -0.0000
vn 0.0000 -1.0000 -0.0000
vn 0.0000 -1.0000 -0.0000
vn 0.0000 -1.0000 -0.0000
vn 0.0000 -1.0000 -0.0000
vn 0.0000 -1.0000 -0.0000
vn 0.0000 -1.0000 -0.0000
vn 0.0000 -1.0000 -0.0000
vn 0.0000 -1.0000 -0.0000
vn 0.0000 -1.0000 -0.0000
vn 0.0000 -1.0000 -0.0000
vn 0.0000 -1.0000 -0.0000
vn 0.0000 -1.0000 -0.0000
vn 0.0000 -1.0000 -0.0000
vn 0.0000 -1.0000 -0.0000
vn 0.0000 -1.0000 -0.0000
vn -0.0000 -1.0000 -0.0000
vn -0.0000 -1.0000 -0.0000
vn -0.0000 -1.0000 -0.0000
vn -0.0000 -1.0000 -0.0000
vn -0.0000 -1.0000 0.0000
vn -0.0000 -1.0000 0.0000
vn -0.0000 -1.0000 -0.0000
vn -0.0000 -1.0000 -0.0000
vn 0.0000 -1.0000 0.0000
vn -0.0000 -1.0000 0.0000
vn -0.0000 -1.0000 0.0000
vn -0.0000 -1.0000 0.0000
vn 0.0000 -1.0000 -0.0000
vn 0.0000 -1.0000 -0.0000
vn -0.0000 -1.0000 0.0000
vn 0.0000 -1.0000 0.0000
vn 0.0000 -1.0000 -0.0000
vn 0.0000 -1.0000 -0.0000
vn 0.0000 -1.0000 -0.0000
vn 0.0000 -1.0000 -0.0000
vn 0.0000 -1.0000 -0.0000
vn 0.0000 -1.0000 -0.0000
vn 0.0000 -1.0000 -0.0000
vn 0.0000 -1.0000 -0.0000
vn 0.0000 -1.0000 -0.0000
vn 0.0000 -1.0000 -0.0000
vn 0.0000 -1.0000 -0.0000
vn 0.0000 -1.0000 -0.0000
vn 0.0000 -1.0000 -0.0000
vn 0.0000 -1.0000 -0.0000
vn 0.0000 -1.0000 -0.0000
vn 0.0000 -1.0000 -0.0000
vn 0.0000 -1.0000 -0.0000
vn -0.0000 -1.0000 -0.0000
vn -0.0000 -1.0000 0.0000
vn -0.0000 -1.0000 0.0000
vn 0.0000 -1.0000 0.0000
vn 0.0000 -1.0000 0.0000
vn -0.0000 -1.0000 -0.0000
vn 0.0000 -1.0000 -0.0000
vn 0.0000 -1.0000 0.0000
vn 0.0000 -1.0000 0.0000
vn 0.0000 -1.0000 0.0000
vn 0.0000 -1.0000 0.0000
vn 0.0000 -1.0000 -0.0000
vn 0.0000 -1.0000 -0.0000
vn 0.0000 -1.0000 0.0000
vn 0.0000 -1.0000 0.0000
vn 0.0000 -1.0000 -0.0000
vn 0.0000 -1.0000 -0.0000
vn 0.0000 -1.0000 -0.0000
vn 0.0000 -1.0000 -0.0000
vn 0.0000 -1.0000 -0.0000
vn 0.0000 -1.0000 -0.0000
vn 0.0000 -1.0000 -0.0000
vn 0.0000 -1.0000 -0.0000
vn 0.0000 -1.0000 -0.0000
vn 0.0000 -1.0000 -0.0000
vn 0.0000 -1.0000 -0.0000
vn 0.0000 -1.0000 -0.0000
vn -0.0000 -1.0000 -0.0000
vn -0.0000 -1.0000 -0.0000
vn 0.0000 -1.0000 0.0000
vn -0.0000 -1.0000 0.0000
vn 0.0000 -1.0000 0.0000
vn -0.0000 -1.0000 0.0000
vn -0.0000 -1.0000 -0.0000
vn -0.0000 -1.0000 -0.0000
vn 0.0000 -1.0000 0.0000
vn -0.0000 -1.0000 0.0000
vn -0.0000 -1.0000 0.0000
vn 0.0000 -1.0000 0.0000
vn 0.0000 -1.0000 -0.0000
vn 0.0000 -1.0000 -0.0000
vn -0.0000 -1.0000 0.0000
vn 0.0000 -1.0000 0.0000
vn 0.0000 -1.0000 -0.0000
vn 0.0000 -1.0000 -0.0000
vn 0.0000 -1.0000 -0.0000
vn 0.0000 -1.0000 -0.0000
vn 0.0000 -1.0000 -0.0000
vn 0.0000 -1.0000 -0.0000
vn 0.0000 -1.0000 -0.0000
vn 0.0000 -1.0000 -0.0000
vn 0.0000 -1.0000 -0.0000
vn 0.0000 -1.0000 -0.0000
vn 0.0000 -1.0000 -0.0000
vn 0.0000 -1.0000 -0.0000
vn 0.0000 -1.0000 -0.0000
vn 0.0000 -1.0000 -0.0000
vn 0.0000 -1.0000 -0.0000
vn 0.0000 -1.0000 -0.0000
vn 0.0000 -1.0000 -0.0000
vn -0.0000 -1.0000 -0.0000
vn -0.0000 -1.0000 -0.0000
vn 0.0000 -1.0000 -0.0000
vn 0.0000 -1.0000 0.0000
vn -0.0000 -1.0000 0.0000
vn -0.0000 -1.0000 -0.0000
vn 0.0000 -1.0000 -0.0000
vn 0.0000 -1.0000 0.0000
vn 0.0000 -1.0000 0.0000
vn -0.0000 -1.0000 0.0000
vn 0.0000 -1.0000 0.0000
vn 0.0000 -1.0000 -0.0000
vn 0.0000 -1.0000 -0.0000
vn 0.0000 -1.0000 0.0000
vn 0.0000 -1.0000 0.0000
vn 0.0000 -1.0000 -0.0000
vn 0.0000 -1.0000 -0.0000
vn 0.0000 -1.0000 -0.0000
vn 0.0000 -1.0000 -0.0000
vn 0.0000 -1.0000 -0.0000
vn 0.0000 -1.0000 -0.0000
vn 0.0000 -1.0000 -0.0000
vn 0.0000 -1.0000 -0.0000
vn 0.0000 -1.0000 -0.0000
vn 0.0000 -1.0000 -0.0000
vn 0.0000 -1.0000 -0.0000
vn 0.0000 -1.0000 -0.0000
vn 0.0000 -1.0000 0.0000
vn 0.0000 -1.0000 -0.0000
vn 0.0000 -1.0000 -0.0000
vn 0.0000 -1.0000 -0.0000
vn 0.0000 -1.0000 0.0000
vn 0.0000 -1.0000 0.0000
vn 0.0000 -1.0000 -0.0000
vn 0.0000 -1.0000 0.0000
vn 0.0000 -1.0000 -0.0000
vn 0.0000 -1.0000 0.0000
vn 0.0000 -1.0000 0.0000
vn 0.0000 -1.0000 0.0000
vn 0.0000 -1.0000 -0.0000
vn 0.0000 -1.0000 -0.0000
vn 0.0000 -1.0000 0.0000
vn 0.0000 -1.0000 -0.0000
vn 0.0000 -1.0000 -0.0000
vn 0.0000 -1.0000 -0.0000
vn 0.0000 -1.0000 -0.0000
vn 0.0000 -1.0000 -0.0000
vn 0.0000 -1.0000 -0.0000
vn 0.0000 -1.0000 -0.0000
vn 0.0000 -1.0000 -0.0000
vn 0.0000 -1.0000 -0.0000
vn 0.0000 -1.0000 -0.0000
vn 0.0000 -1.0000 -0.0000
vn 0.0000 -1.0000 -0.0000
vn 0.0000 -1.0000 -0.0000
vn 0.0000 -1.0000 -0.0000
vn 0.0000 -1.0000 -0.0000
vn 0.0000 -1.0000 -0.0000
vn 0.0000 -1.0000 -0.0000
vn -0.0000 -1.0000 -0.0000
vn -0.0000 -1.0000 0.0000
vn 0.0000 -1.0000 0.0000
vn 0.0000 -1.0000 0.0000
vn -0.0000 -1.0000 0.0000
vn -0.0000 -1.0000 0.0000
vn -0.0000 -1.0000 0.0000
vn -0.0000 -1.0000 -0.0000
vn -0.0000 -1.0000 0.0000
vn -0.0000 -1.0000 -0.0000
vn -0.0000 -1.0000 0.0000
vn -0.0000 -1.0000 0.0000
vn 0.0000 -1.0000 -0.0000
vn 0.0000 -1.0000 -0.0000
vn -0.0000 -1.0000 -0.0000
vn -0.0000 -1.0000 0.0000
vn 0.0000 -1.0000 -0.0000
vn 0.0000 -1.0000 -0.0000
vn 0.0000 -1.0000 -0.0000
vn 0.0000 -1.0000 -0.0000
vn 0.0000 -1.0000 -0.0000
vn 0.0000 -1.0000 -0.0000
vn 0.0000 -1.0000 -0.0000
vn 0.0000 -1.0000 -0.0000
vn 0.0000 -1.0000 -0.0000
vn 0.0000 -1.0000 -0.0000
vn 0.0000 -1.0000 -0.0000
vn 0.0000 -1.0000 -0.0000
vn 0.0000 -1.0000 0.0000
vn 0.0000 -1.0000 -0.0000
vn -0.0000 -1.0000 0.0000
vn -0.0000 -1.0000 0.0000
vn 0.0000 -1.0000 0.0000
vn 0.0000 -1.0000 0.0000
vn 0.0000 -1.0000 -0.0000
vn 0.0000 -1.0000 0.0000
vn 0.0000 -1.0000 -0.0000
vn 0.0000 -1.0000 0.0000
vn 0.0000 -1.0000 0.0000
vn 0.0000 -1.0000 0.0000
vn 0.0000 -1.0000 -0.0000
vn 0.0000 -1.0000 -0.0000
vn 0.0000 -1.0000 0.0000
vn 0.0000 -1.0000 -0.0000
vn 0.0000 -1.0000 -0.0000
vn 0.0000 -1.0000 -0.0000
vn 0.0000 -1.0000 -0.0000
vn 0.0000 -1.0000 -0.0000
vn 0.0000 -1.0000 -0.0000
vn 0.0000 -1.0000 -0.0000
vn 0.0000 -1.0000 -0.0000
vn 0.0000 -1.0000 -0.0000
vn 0.0000 -1.0000 -0.0000
vn 0.0000 -1.0000 -0.0000
vn 0.0000 -1.0000 -0.0000
vn 0.0000 -1.0000 -0.0000
vn 0.0000 -1.0000 -0.0000
vn 0.0000 -1.0000 -0.0000
vn 0.0000 -1.0000 -0.0000
vn 0.0000 -1.0000 -0.0000
vn -0.0000 -1.0000 -0.0000
vn -0.0000 -1.0000 0.0000
vn -0.0000 -1.0000 -0.0000
vn -0.0000 -1.0000 -0.0000
vn -0.0000 -1.0000 0.0000
vn -0.0000 -1.0000 0.0000
vn -0.0000 -1.0000 0.0000
vn -0.0000 -1.0000 -0.0000
vn -0.0000 -1.0000 0.0000
vn -0.0000 -1.0000 -0.0000
vn -0.0000 -1.0000 0.0000
vn -0.0000 -1.0000 0.0000
vn 0.0000 -1.0000 -0.0000
vn 0.0000 -1.0000 -0.0000
vn -0.0000 -1.0000 -0.0000
vn -0.0000 -1.0000 0.0000
vn 0.0000 -1.0000 -0.0000
vn 0.0000 -1.0000 -0.0000
vn 0.0000 -1.0000 -0.0000
vn 0.0000 -1.0000 -0.0000
vn 0.0000 -1.0000 -0.0000
vn 0.0000 -1.0000 -0.0000
vn 0.0000 -1.0000 -0.0000
vn 0.0000 -1.0000 -0.0000
vn 0.0000 -1.0000 -0.0000
vn 0.0000 -1.0000 -0.0000
vn 0.0000 -1.0000 -0.0000
vn 0.0000 -1.0000 -0.0000
vn -0.0000 -1.0000 0.0000
vn 0.0000 -1.0000 0.0000
vn -0.0000 -1.0000 -0.0000
vn -0.0000 -1.0000 -0.0000
vn -0.0000 -1.0000 0.0000
vn 0.0000 -1.0000 -0.0000
vn 0.0000 -1.0000 0.0000
vn -0.0000 -1.0000 0.0000
vn -0.0000 -1.0000 -0.0000
vn 0.0000 -1.0000 -0.0000
vn 0.0000 -1.0000 -0.0000
vn -0.0000 -1.0000 0.0000
vn 0.0000 -1.0000 -0.0000
vn 0.0000 -1.0000 -0.0000
vn 0.0000 -1.0000 -0.0000
vn -0.0000 -1.0000 -0.0000
vn 0.0000 -1.0000 -0.0000
vn 0.0000 -1.0000 -0.0000
vn 0.0000 -1.0000 -0.0000
vn 0.0000 -1.0000 -0.0000
vn 0.0000 -1.0000 -0.0000
vn 0.0000 -1.0000 -0.0000
vn 0.0000 -1.0000 -0.0000
vn 0.0000 -1.0000 -0.0000
vn 0.0000 -1.0000 -0.0000
vn 0.0000 -1.0000 -0.0000
vn 0.0000 -1.0000 -0.0000
vn 0.0000 -1.0000 -0.0000
vn 0.0000 -1.0000 -0.0000
vn 0.0000 -1.0000 -0.0000
vn 0.0000 -1.0000 -0.0000
vn 0.0000 -1.0000 -0.0000
vn -0.0000 -1.0000 0.0000
vn 0.0000 -1.0000 0.0000
vn -0.0000 -1.0000 0.0000
vn -0.0000 -1.0000 0.0000
vn -0.0000 -1.0000 -0.0000
vn 0.0000 -1.0000 0.0000
vn 0.0000 -1.0000 0.0000
vn -0.0000 -1.0000 0.0000
vn -0.0000 -1.0000 -0.0000
vn 0.0000 -1.0000 -0.0000
vn 0.0000 -1.0000 0.0000
vn -0.0000 -1.0000 -0.0000
vn 0.0000 -1.0000 -0.0000
vn 0.0000 -1.0000 -0.0000
vn 0.0000 -1.0000 -0.0000
vn -0.0000 -1.0000 -0.0000
vn 0.0000 -1.0000 -0.0000
vn 0.0000 -1.0000 -0.0000
vn 0.0000 -1.0000 -0.0000
vn 0.0000 -1.0000 -0.0000
vn 0.0000 -1.0000 -0.0000
vn 0.0000 -1.0000 -0.0000
vn 0.0000 -1.0000 -0.0000
vn 0.0000 -1.0000 -0.0000
vn 0.0000 -1.0000 -0.0000
vn 0.0000 -1.0000 -0.0000
vn 0.0000 -1.0000 -0.0000
vn 0.0000 -1.0000 -0.0000
vn -0.0000 -1.0000 0.0000
vn 0.0000 -1.0000 0.0000
vn 0.0000 -1.0000 0.0000
vn 0.0000 -1.0000 0.0000
vn -0.0000 -1.0000 0.0000
vn 0.0000 -1.0000 -0.0000
vn 0.0000 -1.0000 0.0000
vn -0.0000 -1.0000 0.0000
vn -0.0000 -1.0000 -0.0000
vn 0.0000 -1.0000 -0.0000
vn 0.0000 -1.0000 -0.0000
vn -0.0000 -1.0000 0.0000
vn 0.0000 -1.0000 -0.0000
vn 0.0000 -1.0000 -0.0000
vn 0.0000 -1.0000 -0.0000
vn -0.0000 -1.0000 -0.0000
vn 0.0000 -1.0000 -0.0000
vn 0.0000 -1.0000 -0.0000
vn 0.0000 -1.0000 -0.0000
vn 0.0000 -1.0000 -0.0000
vn 0.0000 -1.0000 -0.0000
vn 0.0000 -1.0000 -0.0000
vn 0.0000 -1.0000 -0.0000
vn 0.0000 -1.0000 -0.0000
vn 0.0000 -1.0000 -0.0000
vn 0.0000 -1.0000 -0.0000
vn 0.0000 -1.0000 -0.0000
vn 0.0000 -1.0000 -0.0000
vn 0.0000 -1.0000 -0.0000
vn 0.0000 -1.0000 -0.0000
vn 0.0000 -1.0000 -0.0000
vn 0.0000 -1.0000 -0.0000
vn -0.0000 -1.0000 0.0000
vn 0.0000 -1.0000 0.0000
vn 0.0000 -1.0000 -0.0000
vn 0.0000 -1.0000 -0.0000
vn -0.0000 -1.0000 -0.0000
vn 0.0000 -1.0000 0.0000
vn 0.0000 -1.0000 0.0000
vn -0.0000 -1.0000 0.0000
vn -0.0000 -1.0000 -0.0000
vn 0.0000 -1.0000 -0.0000
vn 0.0000 -1.0000 0.0000
vn -0.0000 -1.0000 -0.0000
vn 0.0000 -1.0000 -0.0000
vn 0.0000 -1.0000 -0.0000
vn 0.0000 -1.0000 -0.0000
vn -0.0000 -1.0000 -0.0000
vn 0.0000 -1.0000 -0.0000
vn 0.0000 -1.0000 -0.0000
vn 0.0000 -1.0000 -0.0000
vn 0.0000 -1.0000 -0.0000
vn 0.0000 -1.0000 -0.0000
vn 0.0000 -1.0000 -0.0000
vn 0.0000 -1.0000 -0.0000
vn 0.0000 -1.0000 -0.0000
vn 0.0000 -1.0000 -0.0000
vn 0.0000 -1.0000 -0.0000
vn 0.0000 -1.0000 -0.0000
vn 0.0000 -1.0000 -0.0000
vn 0.0000 -1.0000 0.0000
vn 0.0000 -1.0000 0.0000
vn -0.0000 -1.0000 -0.0000
vn -0.0000 -1.0000 -0.0000
vn 0.0000 -1.0000 -0.0000
vn 0.0000 -1.0000 -0.0000
vn 0.0000 -1.0000 0.0000
vn 0.0000 -1.0000 0.0000
vn 0.0000 -1.0000 -0.0000
vn 0.0000 -1.0000 -0.0000
vn 0.0000 -1.0000 -0.0000
vn 0.0000 -1.0000 -0.0000
vn 0.0000 -1.0000 -0.0000
vn 0.0000 -1.0000 -0.0000
vn 0.0000 -1.0000 -0.0000
vn 0.0000 -1.0000 -0.0000
vn 0.0000 -1.0000 -0.0000
vn 0.0000 -1.0000 -0.0000
vn 0.0000 -1.0000 -0.0000
vn 0.0000 -1.0000 -0.0000
vn 0.0000 -1.0000 -0.0000
vn 0.0000 -1.0000 -0.0000
vn 0.0000 -1.0000 -0.0000
vn 0.0000 -1.0000 -0.0000
vn 0.0000 -1.0000 -0.0000
vn 0.0000 -1.0000 -0.0000
vn 0.0000 -1.0000 -0.0000
vn 0.0000 -1.0000 -0.0000
vn 0.0000 -1.0000 -0.0000
vn 0.0000 -1.0000 -0.0000
vn 0.0000 -1.0000 -0.0000
vn 0.0000 -1.0000 -0.0000
vn -0.0000 -1.0000 0.0000
vn -0.0000 -1.0000 0.0000
vn -0.0000 -1.0000 0.0000
vn -0.0000 -1.0000 0.0000
vn -0.0000 -1.0000 -0.0000
vn -0.0000 -1.0000 -0.0000
vn -0.0000 -1.0000 0.0000
vn -0.0000 -1.0000 0.0000
vn 0.0000 -1.0000 -0.0000
vn -0.0000 -1.0000 -0.0000
vn -0.0000 -1.0000 -0.0000
vn -0.0000 -1.0000 -0.0000
vn 0.0000 -1.0000 -0.0000
vn 0.0000 -1.0000 -0.0000
vn -0.0000 -1.0000 -0.0000
vn 0.0000 -1.0000 -0.0000
vn 0.0000 -1.0000 -0.0000
vn 0.0000 -1.0000 -0.0000
vn 0.0000 -1.0000 -0.0000
vn 0.0000 -1.0000 -0.0000
vn 0.0000 -1.0000 -0.0000
vn 0.0000 -1.0000 -0.0000
vn 0.0000 -1.0000 -0.0000
vn 0.0000 -1.0000 -0.0000
vn 0.0000 -1.0000 -0.0000
vn 0.0000 -1.0000 -0.0000
vn 0.0000 -1.0000 -0.0000
vn 0.0000 -1.0000 -0.0000
vn 0.0000 -1.0000 0.0000
vn 0.0000 -1.0000 0.0000
vn 0.0000 -1.0000 0.0000
vn 0.0000 -1.0000 0.0000
vn 0.0000 -1.0000 -0.0000
vn 0.0000 -1.0000 -0.0000
vn 0.0000 -1.0000 0.0000
vn 0.0000 -1.0000 0.0000
vn 0.0000 -1.0000 -0.0000
vn 0.0000 -1.0000 -0.0000
vn 0.0000 -1.0000 -0.0000
vn 0.0000 -1.0000 -0.0000
vn 0.0000 -1.0000 -0.0000
vn 0.0000 -1.0000 -0.0000
vn 0.0000 -1.0000 -0.0000
vn 0.0000 -1.0000 -0.0000
vn 0.0000 -1.0000 -0.0000
vn 0.0000 -1.0000 -0.0000
vn 0.0000 -1.0000 -0.0000
vn 0.0000 -1.0000 -0.0000
vn 0.0000 -1.0000 -0.0000
vn 0.0000 -1.0000 -0.0000
vn 0.0000 -1.0000 -0.0000
vn 0.0000 -1.0000 -0.0000
vn 0.0000 -1.0000 -0.0000
vn 0.0000 -1.0000 -0.0000
vn 0.0000 -1.0000 -0.0000
vn 0.0000 -1.0000 -0.0000
vn 0.0000 -1.0000 -0.0000
vn 0.0000 -1.0000 -0.0000
vn 0.0000 -1.0000 -0.0000
vn 0.0000 -1.0000 -0.0000
vn -0.0000 -1.0000 0.0000
vn -0.0000 -1.0000 0.0000
vn 0.0000 -1.0000 -0.0000
vn 0.0000 -1.0000 -0.0000
vn -0.0000 -1.0000 -0.0000
vn -0.0000 -1.0000 -0.0000
vn -0.0000 -1.0000 0.0000
vn -0.0000 -1.0000 0.0000
vn 0.0000 -1.0000 -0.0000
vn -0.0000 -1.0000 -0.0000
vn -0.0000 -1.0000 -0.0000
vn -0.0000 -1.0000 -0.0000
vn 0.0000 -1.0000 -0.0000
vn 0.0000 -1.0000 -0.0000
vn -0.0000 -1.0000 -0.0000
vn 0.0000 -1.0000 -0.0000
vn 0.0000 -1.0000 -0.0000
vn 0.0000 -1.0000 -0.0000
vn 0.0000 -1.0000 -0.0000
vn 0.0000 -1.0000 -0.0000
vn 0.0000 -1.0000 -0.0000
vn 0.0000 -1.0000 -0.0000
vn 0.0000 -1.0000 -0.0000
vn 0.0000 -1.0000 -0.0000
vn 0.0000 -1.0000 -0.0000
vn 0.0000 -1.0000 -0.0000
vn 0.0000 -1.0000 -0.0000
vn 0.0000 -1.0000 -0.0000
vn 0.0000 -1.0000 0.0000
vn -0.0000 -1.0000 0.0000
vn -0.0000 -1.0000 -0.0000
vn -0.0000 -1.0000 -0.0000
vn 0.0000 -1.0000 -0.0000
vn -0.0000 -1.0000 -0.0000
vn -0.0000 -1.0000 0.0000
vn 0.0000 -1.0000 0.0000
vn 0.0000 -1.0000 -0.0000
vn 0.0000 -1.0000 -0.0000
vn -0.0000 -1.0000 -0.0000
vn 0.0000 -1.0000 -0.0000
vn 0.0000 -1.0000 -0.0000
vn 0.0000 -1.0000 -0.0000
vn 0.0000 -1.0000 -0.0000
vn 0.0000 -1.0000 -0.0000
vn 0.0000 -1.0000 -0.0000
vn 0.0000 -1.0000 -0.0000
vn 0.0000 -1.0000 -0.0000
vn 0.0000 -1.0000 -0.0000
vn 0.0000 -1.0000 -0.0000
vn 0.0000 -1.0000 -0.0000
vn 0.0000 -1.0000 -0.0000
vn 0.0000 -1.0000 -0.0000
vn 0.0000 -1.0000 -0.0000
vn 0.0000 -1.0000 -0.0000
vn 0.0000 -1.0000 -0.0000
vn 0.0000 -1.0000 -0.0000
vn 0.0000 -1.0000 -0.0000
vn 0.0000 -1.0000 -0.0000
vn 0.0000 -1.0000 -0.0000
vn 0.0000 -1.0000 -0.0000
vn 0.0000 -1.0000 0.0000
vn -0.0000 -1.0000 0.0000
vn -0.0000 -1.0000 0.0000
vn -0.0000 -1.0000 0.0000
vn 0.0000 -1.0000 -0.0000
vn -0.0000 -1.0000 -0.0000
vn -0.0000 -1.0000 0.0000
vn 0.0000 -1.0000 0.0000
vn 0.0000 -1.0000 -0.0000
vn 0.0000 -1.0000 -0.0000
vn -0.0000 -1.0000 -0.0000
vn 0.0000 -1.0000 -0.0000
vn 0.0000 -1.0000 -0.0000
vn 0.0000 -1.0000 -0.0000
vn 0.0000 -1.0000 -0.0000
vn 0.0000 -1.0000 -0.0000
vn 0.0000 -1.0000 -0.0000
vn 0.0000 -1.0000 -0.0000
vn 0.0000 -1.0000 -0.0000
vn 0.0000 -1.0000 -0.0000
vn 0.0000 -1.0000 -0.0000
vn 0.0000 -1.0000 -0.0000
vn 0.0000 -1.0000 -0.0000
vn 0.0000 -1.0000 -0.0000
vn 0.0000 -1.0000 -0.0000
vn 0.0000 -1.0000 -0.0000
vn 0.0000 -1.0000 -0.0000
vn 0.0000 -1.0000 -0.0000
vn 0.0000 -1.0000 0.0000
vn -0.0000 -1.0000 0.0000
vn 0.0000 -1.0000 0.0000
vn 0.0000 -1.0000 0.0000
vn 0.0000 -1.0000 -0.0000
vn -0.0000 -1.0000 -0.0000
vn -0.0000 -1.0000 0.0000
vn 0.0000 -1.0000 0.0000
vn 0.0000 -1.0000 -0.0000
vn 0.0000 -1.0000 -0.0000
vn -0.0000 -1.0000 -0.0000
vn 0.0000 -1.0000 -0.0000
vn 0.0000 -1.0000 -0.0000
vn 0.0000 -1.0000 -0.0000
vn 0.0000 -1.0000 -0.0000
vn 0.0000 -1.0000 -0.0000
vn 0.0000 -1.0000 -0.0000
vn 0.0000 -1.0000 -0.0000
vn 0.0000 -1.0000 -0.0000
vn 0.0000 -1.0000 -0.0000
vn 0.0000 -1.0000 -0.0000
vn 0.0000 -1.0000 -0.0000
vn 0.0000 -1.0000 -0.0000
vn 0.0000 -1.0000 -0.0000
vn 0.0000 -1.0000 -0.0000
vn 0.0000 -1.0000 -0.0000
vn 0.0000 -1.0000 -0.0000
vn 0.0000 -1.0000 -0.0000
vn 0.0000 -1.0000 -0.0000
vn 0.0000 -1.0000 -0.0000
vn 0.0000 -1.0000 -0.0000
vn 0.0000 -1.0000 -0.0000
vn 0.0000 -1.0000 0.0000
vn -0.0000 -1.0000 0.0000
vn 0.0000 -1.0000 -0.0000
vn 0.0000 -1.0000 -0.0000
vn 0.0000 -1.0000 -0.0000
vn -0.0000 -1.0000 -0.0000
vn -0.0000 -1.0000 0.0000
vn 0.0000 -1.0000 0.0000
vn 0.0000 -1.0000 -0.0000
vn 0.0000 -1.0000 -0.0000
vn -0.0000 -1.0000 -0.0000
vn 0.0000 -1.0000 -0.0000
vn 0.0000 -1.0000 -0.0000
vn 0.0000 -1.0000 -0.0000
vn 0.0000 -1.0000 -0.0000
vn 0.0000 -1.0000 -0.0000
vn 0.0000 -1.0000 -0.0000
vn 0.0000 -1.0000 -0.0000
vn 0.0000 -1.0000 -0.0000
vn 0.0000 -1.0000 -0.0000
vn 0.0000 -1.0000 -0.0000
vn 0.0000 -1.0000 -0.0000
vn 0.0000 -1.0000 -0.0000
vn 0.0000 -1.0000 -0.0000
vn 0.0000 -1.0000 -0.0000
vn 0.0000 -1.0000 -0.0000
vn 0.0000 -1.0000 -0.0000
vn 0.0000 -1.0000 -0.0000
vn -0.0000 -1.0000 0.0000
vn 0.0000 -1.0000 0.0000
vn 0.0000 -1.0000 -0.0000
vn 0.0000 -1.0000 -0.0000
vn -0.0000 -1.0000 -0.0000
vn 0.0000 -1.0000 -0.0000
vn 0.0000 -1.0000 0.0000
vn -0.0000 -1.0000 0.0000
vn 0.0000 -1.0000 -0.0000
vn 0.0000 -1.0000 -0.0000
vn 0.0000 -1.0000 -0.0000
vn -0.0000 -1.0000 -0.0000
vn 0.0000 -1.0000 -0.0000
vn 0.0000 -1.0000 -0.0000
vn 0.0000 -1.0000 -0.0000
vn 0.0000 -1.0000 -0.0000
vn 0.0000 -1.0000 -0.0000
vn 0.0000 -1.0000 -0.0000
vn 0.0000 -1.0000 -0.0000
vn 0.0000 -1.0000 -0.0000
vn 0.0000 -1.0000 -0.0000
vn 0.0000 -1.0000 -0.0000
vn 0.0000 -1.0000 -0.0000
vn 0.0000 -1.0000 -0.0000
vn 0.0000 -1.0000 -0.0000
vn 0.0000 -1.0000 -0.0000
vn 0.0000 -1.0000 -0.0000
vn 0.0000 -1.0000 -0.0000
vn 0.0000 -1.0000 -0.0000
vn 0.0000 -1.0000 -0.0000
vn 0.0000 -1.0000 -0.0000
vn 0.0000 -1.0000 -0.0000
vn -0.0000 -1.0000 0.0000
vn 0.0000 -1.0000 0.0000
vn 0.0000 -1.0000 0.0000
vn 0.0000 -1.0000 0.0000
vn -0.0000 -1.0000 -0.0000
vn 0.0000 -1.0000 -0.0000
vn 0.0000 -1.0000 0.0000
vn -0.0000 -1.0000 0.0000
vn 0.0000 -1.0000 -0.0000
vn 0.0000 -1.0000 -0.0000
vn 0.0000 -1.0000 -0.0000
vn -0.0000 -1.0000 -0.0000
vn 0.0000 -1.0000 -0.0000
vn 0.0000 -1.0000 -0.0000
vn 0.0000 -1.0000 -0.0000
vn 0.0000 -1.0000 -0.0000
vn 0.0000 -1.0000 -0.0000
vn 0.0000 -1.0000 -0.0000
vn 0.0000 -1.0000 -0.0000
vn 0.0000 -1.0000 -0.0000
vn 0.0000 -1.0000 -0.0000
vn 0.0000 -1.0000 -0.0000
vn 0.0000 -1.0000 -0.0000
vn 0.0000 -1.0000 -0.0000
vn 0.0000 -1.0000 -0.0000
vn 0.0000 -1.0000 -0.0000
vn 0.0000 -1.0000 -0.0000
vn 0.0000 -1.0000 -0.0000
vn -0.0000 -1.0000 0.0000
vn 0.0000 -1.0000 0.0000
vn -0.0000 -1.0000 0.0000
vn -0.0000 -1.0000 0.0000
vn -0.0000 -1.0000 -0.0000
vn 0.0000 -1.0000 -0.0000
vn 0.0000 -1.0000 0.0000
vn -0.0000 -1.0000 0.0000
vn 0.0000 -1.0000 -0.0000
vn 0.0000 -1.0000 -0.0000
vn 0.0000 -1.0000 -0.0000
vn -0.0000 -1.0000 -0.0000
vn 0.0000 -1.0000 -0.0000
vn 0.0000 -1.0000 -0.0000
vn 0.0000 -1.0000 -0.0000
vn 0.0000 -1.0000 -0.0000
vn 0.0000 -1.0000 -0.0000
vn 0.0000 -1.0000 -0.0000
vn 0.0000 -1.0000 -0.0000
vn 0.0000 -1.0000 -0.0000
vn 0.0000 -1.0000 -0.0000
vn 0.0000 -1.0000 -0.0000
vn 0.0000 -1.0000 -0.0000
vn 0.0000 -1.0000 -0.0000
vn 0.0000 -1.0000 -0.0000
vn 0.0000 -1.0000 -0.0000
vn 0.0000 -1.0000 -0.0000
vn 0.0000 -1.0000 -0.0000
vn 0.0000 -1.0000 -0.0000
vn 0.0000 -1.0000 -0.0000
vn 0.0000 -1.0000 -0.0000
vn 0.0000 -1.0000 -0.0000
vn -0.0000 -1.0000 0.0000
vn 0.0000 -1.0000 0.0000
vn -0.0000 -1.0000 -0.0000
vn -0.0000 -1.0000 -0.0000
vn -0.0000 -1.0000 -0.0000
vn 0.0000 -1.0000 -0.0000
vn 0.0000 -1.0000 0.0000
vn -0.0000 -1.0000 0.0000
vn 0.0000 -1.0000 -0.0000
vn 0.0000 -1.0000 -0.0000
vn 0.0000 -1.0000 -0.0000
vn -0.0000 -1.0000 -0.0000
vn 0.0000 -1.0000 -0.0000
vn 0.0000 -1.0000 -0.0000
vn 0.0000 -1.0000 -0.0000
vn 0.0000 -1.0000 -0.0000
vn 0.0000 -1.0000 -0.0000
vn 0.0000 -1.0000 -0.0000
vn 0.0000 -1.0000 -0.0000
vn 0.0000 -1.0000 -0.0000
vn 0.0000 -1.0000 -0.0000
vn 0.0000 -1.0000 -0.0000
vn 0.0000 -1.0000 -0.0000
vn 0.0000 -1.0000 -0.0000
vn 0.0000 -1.0000 -0.0000
vn 0.0000 -1.0000 -0.0000
vn 0.0000 -1.0000 -0.0000
vn 0.0000 -1.0000 -0.0000
vn 0.0000 -1.0000 -0.0000
vn -0.0000 -1.0000 0.0000
vn 0.0000 -1.0000 -0.0000
vn 0.0000 -1.0000 -0.0000
vn 0.0000 -1.0000 -0.0000
vn -0.0000 -1.0000 -0.0000
vn -0.0000 -1.0000 0.0000
vn 0.0000 -1.0000 -0.0000
vn -0.0000 -1.0000 -0.0000
vn 0.0000 -1.0000 -0.0000
vn 0.0000 -1.0000 -0.0000
vn 0.0000 -1.0000 -0.0000
vn 0.0000 -1.0000 -0.0000
vn 0.0000 -1.0000 -0.0000
vn 0.0000 -1.0000 -0.0000
vn 0.0000 -1.0000 -0.0000
vn 0.0000 -1.0000 -0.0000
vn 0.0000 -1.0000 -0.0000
vn 0.0000 -1.0000 -0.0000
vn 0.0000 -1.0000 -0.0000
vn 0.0000 -1.0000 -0.0000
vn 0.0000 -1.0000 -0.0000
vn 0.0000 -1.0000 -0.0000
vn 0.0000 -1.0000 -0.0000
vn 0.0000 -1.0000 -0.0000
vn 0.0000 -1.0000 -0.0000
vn 0.0000 -1.0000 -0.0000
vn 0.0000 -1.0000 -0.0000
vn 0.0000 -1.0000 0.0000
vn 0.0000 -1.0000 -0.0000
vn 0.0000 -1.0000 -0.0000
vn 0.0000 -1.0000 -0.0000
vn 0.0000 -1.0000 0.0000
vn 0.0000 -1.0000 -0.0000
vn 0.0000 -1.0000 -0.0000
vn 0.0000 -1.0000 0.0000
vn 0.0000 -1.0000 -0.0000
vn 0.0000 -1.0000 0.0000
vn 0.0000 -1.0000 0.0000
vn 0.0000 -1.0000 -0.0000
vn 0.0000 -1.0000 0.0000
vn 0.0000 -1.0000 -0.0000
vn 0.0000 -1.0000 -0.0000
vn 0.0000 -1.0000 0.0000
vn 0.0000 -1.0000 -0.0000
vn 0.0000 -1.0000 0.0000
vn 0.0000 -1.0000 0.0000
vn 0.0000 -1.0000 -0.0000
vn 0.0000 -1.0000 0.0000
vn 0.0000 -1.0000 -0.0000
vn 0.0000 -1.0000 -0.0000
vn 0.0000 -1.0000 0.0000
vn 0.0000 -1.0000 -0.0000
vn 0.0000 -1.0000 0.0000
vn 0.0000 -1.0000 0.0000
vn 0.0000 -1.0000 -0.0000
vn 0.0000 -1.0000 0.0000
vn 0.0000 -1.0000 0.0000
vn 0.0000 -1.0000 -0.0000
vn 0.0000 -1.0000 0.0000
vn 0.0000 -1.0000 0.0000
vn 0.0000 -1.0000 0.0000
vn 0.0000 -1.0000 0.0000
vn 0.0000 -1.0000 0.0000
vn -0.0000 -1.0000 0.0000
vn -0.0000 -1.0000 0.0000
vn -0.0000 -1.0000 0.0000
vn -0.0000 -1.0000 0.0000
vn -0.0000 -1.0000 0.0000
vn -0.0000 -1.0000 0.0000
vn -0.0000 -1.0000 0.0000
vn -0.0000 -1.0000 -0.0000
vn -0.0000 -1.0000 0.0000
vn 0.0000 -1.0000 -0.0000
vn -0.0000 -1.0000 -0.0000
vn -0.0000 -1.0000 0.0000
vn 0.0000 -1.0000 -0.0000
vn -0.0000 -1.0000 0.0000
vn -0.0000 -1.0000 0.0000
vn 0.0000 -1.0000 -0.0000
vn -0.0000 -1.0000 0.0000
vn 0.0000 -1.0000 -0.0000
vn 0.0000 -1.0000 -0.0000
vn -0.0000 -1.0000 0.0000
vn 0.0000 -1.0000 -0.0000
vn -0.0000 -1.0000 0.0000
vn -0.0000 -1.0000 0.0000
vn 0.0000 -1.0000 -0.0000
vn -0.0000 -1.0000 0.0000
vn 0.0000 -1.0000 -0.0000
vn 0.0000 -1.0000 -0.0000
vn -0.0000 -1.0000 0.0000
vn 0.0000 -1.0000 -0.0000
vn -0.0000 -1.0000 0.0000
vn -0.0000 -1.0000 0.0000
vn 0.0000 -1.0000 -0.0000
vn -0.0000 -1.0000 -0.0000
vn 0.0000 -1.0000 -0.0000
vn 0.0000 -1.0000 -0.0000
vn -0.0000 -1.0000 0.0000
vn 0.0000 -1.0000 -0.0000
vn -0.0000 -1.0000 -0.0000
vn -0.0000 -1.0000 -0.0000
vn 0.0000 -1.0000 -0.0000
vn -0.0000 -1.0000 -0.0000
vn 0.0000 -1.0000 -0.0000
vn 0.0000 -1.0000 -0.0000
vn -0.0000 -1.0000 -0.0000
vn 0.0000 -1.0000 -0.0000
vn -0.0000 -1.0000 -0.0000
vn -0.0000 -1.0000 -0.0000
vn 0.0000 -1.0000 -0.0000
vn 0.0000 -1.0000 -0.0000
vn -0.0000 -1.0000 -0.0000
vn -0.0000 -1.0000 -0.0000
vn 0.0000 -1.0000 -0.0000
vn -0.0000 -1.0000 -0.0000
vn 0.0000 -1.0000 -0.0000
vn 0.0000 -1.0000 -0.0000
vn -0.0000 -1.0000 -0.0000
vn 0.0000 -1.0000 -0.0000
vn -0.0000 -1.0000 -0.0000
vn -0.0000 -1.0000 -0.0000
vn 0.0000 -1.0000 0.0000
vn -0.0000 -1.0000 -0.0000
vn -0.0000 -1.0000 -0.0000
vn 0.0000 -1.0000 0.0000
vn -0.0000 -1.0000 -0.0000
# 13552 vertex normals

vt 0.2883 0.6324 0.0000
vt 0.2884 0.6388 0.0000
vt 0.2689 0.6391 0.0000
vt 0.2687 0.6327 0.0000
vt 0.2884 0.6452 0.0000
vt 0.2691 0.6455 0.0000
vt 0.2885 0.6516 0.0000
vt 0.2694 0.6520 0.0000
vt 0.2885 0.6580 0.0000
vt 0.2697 0.6584 0.0000
vt 0.2885 0.6645 0.0000
vt 0.2699 0.6648 0.0000
vt 0.2886 0.6709 0.0000
vt 0.2702 0.6713 0.0000
vt 0.2886 0.6774 0.0000
vt 0.2704 0.6777 0.0000
vt 0.2974 0.9308 0.0000
vt 0.2971 0.9245 0.0000
vt 0.3150 0.9236 0.0000
vt 0.3152 0.9298 0.0000
vt 0.2968 0.9182 0.0000
vt 0.3149 0.9172 0.0000
vt 0.2966 0.9119 0.0000
vt 0.3148 0.9109 0.0000
vt 0.2964 0.9056 0.0000
vt 0.3148 0.9046 0.0000
vt 0.2963 0.8993 0.0000
vt 0.3147 0.8982 0.0000
vt 0.2961 0.8929 0.0000
vt 0.3147 0.8919 0.0000
vt 0.2958 0.8867 0.0000
vt 0.3145 0.8856 0.0000
vt 0.2887 0.6838 0.0000
vt 0.2706 0.6841 0.0000
vt 0.2494 0.6400 0.0000
vt 0.2490 0.6336 0.0000
vt 0.2499 0.6464 0.0000
vt 0.2503 0.6528 0.0000
vt 0.2508 0.6592 0.0000
vt 0.2513 0.6657 0.0000
vt 0.2955 0.8804 0.0000
vt 0.3142 0.8793 0.0000
vt 0.3329 0.9228 0.0000
vt 0.3330 0.9291 0.0000
vt 0.3329 0.9165 0.0000
vt 0.3330 0.9101 0.0000
vt 0.3331 0.9038 0.0000
vt 0.3332 0.8974 0.0000
vt 0.2518 0.6721 0.0000
vt 0.2523 0.6785 0.0000
vt 0.2527 0.6849 0.0000
vt 0.2299 0.6414 0.0000
vt 0.2293 0.6350 0.0000
vt 0.2306 0.6478 0.0000
vt 0.2313 0.6542 0.0000
vt 0.2320 0.6606 0.0000
vt 0.3333 0.8910 0.0000
vt 0.3333 0.8847 0.0000
vt 0.3332 0.8784 0.0000
vt 0.3507 0.9224 0.0000
vt 0.3506 0.9287 0.0000
vt 0.3509 0.9161 0.0000
vt 0.3512 0.9097 0.0000
vt 0.3515 0.9034 0.0000
vt 0.2328 0.6670 0.0000
vt 0.2335 0.6734 0.0000
vt 0.2342 0.6798 0.0000
vt 0.2348 0.6862 0.0000
vt 0.2104 0.6434 0.0000
vt 0.2096 0.6371 0.0000
vt 0.2113 0.6498 0.0000
vt 0.2123 0.6561 0.0000
vt 0.3518 0.8970 0.0000
vt 0.3521 0.8906 0.0000
vt 0.3523 0.8843 0.0000
vt 0.3523 0.8780 0.0000
vt 0.3684 0.9226 0.0000
vt 0.3681 0.9289 0.0000
vt 0.3688 0.9163 0.0000
vt 0.3693 0.9099 0.0000
vt 0.2133 0.6625 0.0000
vt 0.2143 0.6689 0.0000
vt 0.2153 0.6753 0.0000
vt 0.2162 0.6817 0.0000
vt 0.2170 0.6880 0.0000
vt 0.1909 0.6462 0.0000
vt 0.1898 0.6399 0.0000
vt 0.1921 0.6525 0.0000
vt 0.3699 0.9036 0.0000
vt 0.3704 0.8972 0.0000
vt 0.3709 0.8908 0.0000
vt 0.3714 0.8845 0.0000
vt 0.3717 0.8782 0.0000
vt 0.3859 0.9235 0.0000
vt 0.3854 0.9298 0.0000
vt 0.3866 0.9172 0.0000
vt 0.1933 0.6588 0.0000
vt 0.1946 0.6652 0.0000
vt 0.1959 0.6715 0.0000
vt 0.1972 0.6778 0.0000
vt 0.1984 0.6842 0.0000
vt 0.1994 0.6905 0.0000
vt 0.1714 0.6498 0.0000
vt 0.1700 0.6436 0.0000
vt 0.3874 0.9109 0.0000
vt 0.3882 0.9045 0.0000
vt 0.3891 0.8982 0.0000
vt 0.3899 0.8918 0.0000
vt 0.3906 0.8855 0.0000
vt 0.3912 0.8793 0.0000
vt 0.4033 0.9253 0.0000
vt 0.4025 0.9315 0.0000
vt 0.1729 0.6561 0.0000
vt 0.1745 0.6624 0.0000
vt 0.1761 0.6686 0.0000
vt 0.1777 0.6749 0.0000
vt 0.1792 0.6812 0.0000
vt 0.1807 0.6874 0.0000
vt 0.1821 0.6937 0.0000
vt 0.1521 0.6545 0.0000
vt 0.4043 0.9190 0.0000
vt 0.4054 0.9127 0.0000
vt 0.4066 0.9064 0.0000
vt 0.4077 0.9001 0.0000
vt 0.4088 0.8938 0.0000
vt 0.4098 0.8876 0.0000
vt 0.4108 0.8814 0.0000
vt 0.4205 0.9280 0.0000
vt 0.1504 0.6483 0.0000
vt 0.1539 0.6607 0.0000
vt 0.1558 0.6668 0.0000
vt 0.1577 0.6730 0.0000
vt 0.1597 0.6792 0.0000
vt 0.1615 0.6854 0.0000
vt 0.1634 0.6915 0.0000
vt 0.1651 0.6977 0.0000
vt 0.4193 0.9341 0.0000
vt 0.4219 0.9218 0.0000
vt 0.4233 0.9156 0.0000
vt 0.4248 0.9094 0.0000
vt 0.4263 0.9032 0.0000
vt 0.4277 0.8970 0.0000
vt 0.4291 0.8908 0.0000
vt 0.4304 0.8846 0.0000
vt 0.1330 0.6603 0.0000
vt 0.1309 0.6542 0.0000
vt 0.1351 0.6663 0.0000
vt 0.1374 0.6724 0.0000
vt 0.1397 0.6784 0.0000
vt 0.1419 0.6845 0.0000
vt 0.1442 0.6905 0.0000
vt 0.1463 0.6966 0.0000
vt 0.4374 0.9318 0.0000
vt 0.4358 0.9378 0.0000
vt 0.4392 0.9257 0.0000
vt 0.4410 0.9196 0.0000
vt 0.4428 0.9135 0.0000
vt 0.4446 0.9074 0.0000
vt 0.4465 0.9013 0.0000
vt 0.4482 0.8952 0.0000
vt 0.1484 0.7026 0.0000
vt 0.1141 0.6673 0.0000
vt 0.1117 0.6614 0.0000
vt 0.1167 0.6732 0.0000
vt 0.1193 0.6791 0.0000
vt 0.1219 0.6850 0.0000
vt 0.1246 0.6909 0.0000
vt 0.1272 0.6968 0.0000
vt 0.4499 0.8891 0.0000
vt 0.4540 0.9367 0.0000
vt 0.4520 0.9426 0.0000
vt 0.4561 0.9307 0.0000
vt 0.4583 0.9248 0.0000
vt 0.4605 0.9188 0.0000
vt 0.4628 0.9128 0.0000
vt 0.4650 0.9069 0.0000
vt 0.1297 0.7026 0.0000
vt 0.1321 0.7086 0.0000
vt 0.0957 0.6756 0.0000
vt 0.0929 0.6699 0.0000
vt 0.0987 0.6813 0.0000
vt 0.1017 0.6870 0.0000
vt 0.1047 0.6927 0.0000
vt 0.1077 0.6984 0.0000
vt 0.4671 0.9009 0.0000
vt 0.4692 0.8950 0.0000
vt 0.4702 0.9427 0.0000
vt 0.4677 0.9485 0.0000
vt 0.4727 0.9369 0.0000
vt 0.4753 0.9312 0.0000
vt 0.4779 0.9254 0.0000
vt 0.4805 0.9196 0.0000
vt 0.1107 0.7041 0.0000
vt 0.1136 0.7098 0.0000
vt 0.1164 0.7155 0.0000
vt 0.0779 0.6852 0.0000
vt 0.0746 0.6797 0.0000
vt 0.0812 0.6907 0.0000
vt 0.0846 0.6961 0.0000
vt 0.0880 0.7016 0.0000
vt 0.4831 0.9138 0.0000
vt 0.4857 0.9080 0.0000
vt 0.4881 0.9023 0.0000
vt 0.4858 0.9499 0.0000
vt 0.4829 0.9555 0.0000
vt 0.4887 0.9444 0.0000
vt 0.4917 0.9388 0.0000
vt 0.4947 0.9332 0.0000
vt 0.0914 0.7071 0.0000
vt 0.0948 0.7126 0.0000
vt 0.0981 0.7180 0.0000
vt 0.1013 0.7235 0.0000
vt 0.0608 0.6962 0.0000
vt 0.0571 0.6910 0.0000
vt 0.0645 0.7014 0.0000
vt 0.0683 0.7066 0.0000
vt 0.4977 0.9276 0.0000
vt 0.5007 0.9221 0.0000
vt 0.5037 0.9165 0.0000
vt 0.5066 0.9109 0.0000
vt 0.5008 0.9584 0.0000
vt 0.4975 0.9637 0.0000
vt 0.5041 0.9530 0.0000
vt 0.5075 0.9477 0.0000
vt 0.0721 0.7118 0.0000
vt 0.0758 0.7170 0.0000
vt 0.0796 0.7222 0.0000
vt 0.0833 0.7274 0.0000
vt 0.0869 0.7327 0.0000
vt 0.0445 0.7085 0.0000
vt 0.0405 0.7036 0.0000
vt 0.0486 0.7134 0.0000
vt 0.5109 0.9424 0.0000
vt 0.5144 0.9370 0.0000
vt 0.5178 0.9317 0.0000
vt 0.5211 0.9264 0.0000
vt 0.5244 0.9211 0.0000
vt 0.5150 0.9679 0.0000
vt 0.5113 0.9730 0.0000
vt 0.5187 0.9629 0.0000
vt 0.0528 0.7183 0.0000
vt 0.0569 0.7232 0.0000
vt 0.0611 0.7281 0.0000
vt 0.0652 0.7330 0.0000
vt 0.0693 0.7379 0.0000
vt 0.0733 0.7428 0.0000
vt 0.0293 0.7221 0.0000
vt 0.0249 0.7175 0.0000
vt 0.5225 0.9578 0.0000
vt 0.5264 0.9528 0.0000
vt 0.5302 0.9477 0.0000
vt 0.5340 0.9427 0.0000
vt 0.5377 0.9376 0.0000
vt 0.5414 0.9326 0.0000
vt 0.5284 0.9786 0.0000
vt 0.5244 0.9834 0.0000
vt 0.0337 0.7267 0.0000
vt 0.0382 0.7312 0.0000
vt 0.0427 0.7357 0.0000
vt 0.0473 0.7402 0.0000
vt 0.0518 0.7448 0.0000
vt 0.0562 0.7495 0.0000
vt 0.0606 0.7541 0.0000
vt 0.0150 0.7368 0.0000
vt 0.5325 0.9738 0.0000
vt 0.5367 0.9691 0.0000
vt 0.5409 0.9644 0.0000
vt 0.5452 0.9597 0.0000
vt 0.5493 0.9550 0.0000
vt 0.5534 0.9502 0.0000
vt 0.5575 0.9454 0.0000
vt 0.0450 0.9248 0.0000
vt 0.0104 0.7324 0.0000
vt 0.0198 0.7412 0.0000
vt 0.0247 0.7455 0.0000
vt 0.0297 0.7495 0.0000
vt 0.0346 0.7535 0.0000
vt 0.0394 0.7576 0.0000
vt 0.0440 0.7619 0.0000
vt 0.0485 0.7663 0.0000
vt 0.0401 0.9205 0.0000
vt 0.0518 0.9070 0.0000
vt 0.0566 0.9116 0.0000
vt 0.0351 0.9164 0.0000
vt 0.0470 0.9025 0.0000
vt 0.0300 0.9124 0.0000
vt 0.0422 0.8980 0.0000
vt 0.0247 0.9085 0.0000
vt 0.5691 0.8011 0.0000
vt 0.5652 0.8060 0.0000
vt 0.5493 0.7936 0.0000
vt 0.5531 0.7886 0.0000
vt 0.5609 0.8109 0.0000
vt 0.5455 0.7986 0.0000
vt 0.5563 0.8157 0.0000
vt 0.5416 0.8033 0.0000
vt 0.0373 0.8936 0.0000
vt 0.0194 0.9045 0.0000
vt 0.0324 0.8892 0.0000
vt 0.0141 0.9004 0.0000
vt 0.0276 0.8847 0.0000
vt 0.0090 0.8962 0.0000
vt 0.0228 0.8802 0.0000
vt 0.0040 0.8918 0.0000
vt 0.5517 0.8202 0.0000
vt 0.5375 0.8081 0.0000
vt 0.5472 0.8245 0.0000
vt 0.5334 0.8129 0.0000
vt 0.5430 0.8288 0.0000
vt 0.5293 0.8179 0.0000
vt 0.5390 0.8334 0.0000
vt 0.5254 0.8229 0.0000
vt 0.0180 0.8757 0.0000
vt 0.0644 0.8943 0.0000
vt 0.0688 0.8991 0.0000
vt 0.0599 0.8894 0.0000
vt 0.0554 0.8845 0.0000
vt 0.0509 0.8796 0.0000
vt 0.0465 0.8748 0.0000
vt 0.0420 0.8700 0.0000
vt 0.5351 0.8383 0.0000
vt 0.5217 0.8279 0.0000
vt 0.5332 0.7817 0.0000
vt 0.5368 0.7765 0.0000
vt 0.5297 0.7869 0.0000
vt 0.5261 0.7920 0.0000
vt 0.5224 0.7971 0.0000
vt 0.5187 0.8023 0.0000
vt 0.0376 0.8652 0.0000
vt 0.0332 0.8604 0.0000
vt 0.0781 0.8828 0.0000
vt 0.0821 0.8880 0.0000
vt 0.0740 0.8775 0.0000
vt 0.0699 0.8723 0.0000
vt 0.0658 0.8670 0.0000
vt 0.0618 0.8618 0.0000
vt 0.5151 0.8075 0.0000
vt 0.5115 0.8127 0.0000
vt 0.5080 0.8179 0.0000
vt 0.5163 0.7711 0.0000
vt 0.5195 0.7656 0.0000
vt 0.5131 0.7765 0.0000
vt 0.5099 0.7819 0.0000
vt 0.5066 0.7873 0.0000
vt 0.0578 0.8567 0.0000
vt 0.0537 0.8515 0.0000
vt 0.0497 0.8464 0.0000
vt 0.0928 0.8726 0.0000
vt 0.0963 0.8781 0.0000
vt 0.0892 0.8671 0.0000
vt 0.0855 0.8615 0.0000
vt 0.0819 0.8560 0.0000
vt 0.5033 0.7927 0.0000
vt 0.5000 0.7982 0.0000
vt 0.4968 0.8036 0.0000
vt 0.4937 0.8090 0.0000
vt 0.4987 0.7618 0.0000
vt 0.5015 0.7561 0.0000
vt 0.4959 0.7674 0.0000
vt 0.4930 0.7730 0.0000
vt 0.0783 0.8504 0.0000
vt 0.0746 0.8450 0.0000
vt 0.0710 0.8395 0.0000
vt 0.0675 0.8340 0.0000
vt 0.1084 0.8638 0.0000
vt 0.1115 0.8695 0.0000
vt 0.1053 0.8580 0.0000
vt 0.1022 0.8524 0.0000
vt 0.4901 0.7787 0.0000
vt 0.4871 0.7843 0.0000
vt 0.4843 0.7900 0.0000
vt 0.4814 0.7956 0.0000
vt 0.4787 0.8013 0.0000
vt 0.4806 0.7538 0.0000
vt 0.4829 0.7480 0.0000
vt 0.4781 0.7596 0.0000
vt 0.0990 0.8467 0.0000
vt 0.0957 0.8408 0.0000
vt 0.0924 0.8349 0.0000
vt 0.0892 0.8290 0.0000
vt 0.0861 0.8233 0.0000
vt 0.1246 0.8559 0.0000
vt 0.1272 0.8620 0.0000
vt 0.1219 0.8499 0.0000
vt 0.4756 0.7654 0.0000
vt 0.4730 0.7713 0.0000
vt 0.4704 0.7771 0.0000
vt 0.4679 0.7829 0.0000
vt 0.4655 0.7887 0.0000
vt 0.4631 0.7945 0.0000
vt 0.4620 0.7471 0.0000
vt 0.4640 0.7411 0.0000
vt 0.1191 0.8439 0.0000
vt 0.1163 0.8379 0.0000
vt 0.1135 0.8318 0.0000
vt 0.1107 0.8258 0.0000
vt 0.1080 0.8198 0.0000
vt 0.1053 0.8138 0.0000
vt 0.1415 0.8495 0.0000
vt 0.1436 0.8558 0.0000
vt 0.4599 0.7530 0.0000
vt 0.4577 0.7590 0.0000
vt 0.4555 0.7650 0.0000
vt 0.4533 0.7709 0.0000
vt 0.4511 0.7769 0.0000
vt 0.4490 0.7829 0.0000
vt 0.4470 0.7888 0.0000
vt 0.4432 0.7415 0.0000
vt 0.1392 0.8433 0.0000
vt 0.1369 0.8371 0.0000
vt 0.1344 0.8309 0.0000
vt 0.1320 0.8247 0.0000
vt 0.1297 0.8185 0.0000
vt 0.1274 0.8123 0.0000
vt 0.1252 0.8061 0.0000
vt 0.1589 0.8446 0.0000
vt 0.4448 0.7354 0.0000
vt 0.4414 0.7476 0.0000
vt 0.4395 0.7536 0.0000
vt 0.4377 0.7597 0.0000
vt 0.4358 0.7658 0.0000
vt 0.4339 0.7719 0.0000
vt 0.4322 0.7780 0.0000
vt 0.4305 0.7840 0.0000
vt 0.1607 0.8509 0.0000
vt 0.1571 0.8384 0.0000
vt 0.1551 0.8320 0.0000
vt 0.1531 0.8257 0.0000
vt 0.1511 0.8194 0.0000
vt 0.1492 0.8131 0.0000
vt 0.1472 0.8066 0.0000
vt 0.1454 0.8003 0.0000
vt 0.4242 0.7370 0.0000
vt 0.4255 0.7308 0.0000
vt 0.4227 0.7431 0.0000
vt 0.4211 0.7493 0.0000
vt 0.4196 0.7555 0.0000
vt 0.4180 0.7616 0.0000
vt 0.4165 0.7678 0.0000
vt 0.4150 0.7740 0.0000
vt 0.1766 0.8403 0.0000
vt 0.1780 0.8468 0.0000
vt 0.1751 0.8339 0.0000
vt 0.1735 0.8274 0.0000
vt 0.1719 0.8210 0.0000
vt 0.1703 0.8145 0.0000
vt 0.1686 0.8080 0.0000
vt 0.1671 0.8016 0.0000
vt 0.4137 0.7801 0.0000
vt 0.4051 0.7334 0.0000
vt 0.4061 0.7272 0.0000
vt 0.4039 0.7396 0.0000
vt 0.4026 0.7458 0.0000
vt 0.4013 0.7521 0.0000
vt 0.4000 0.7583 0.0000
vt 0.3988 0.7645 0.0000
vt 0.1657 0.7952 0.0000
vt 0.1946 0.8371 0.0000
vt 0.1957 0.8436 0.0000
vt 0.1935 0.8306 0.0000
vt 0.1922 0.8240 0.0000
vt 0.1909 0.8174 0.0000
vt 0.1896 0.8109 0.0000
vt 0.1884 0.8043 0.0000
vt 0.3976 0.7708 0.0000
vt 0.3965 0.7770 0.0000
vt 0.3859 0.7306 0.0000
vt 0.3868 0.7244 0.0000
vt 0.3850 0.7369 0.0000
vt 0.3840 0.7431 0.0000
vt 0.3830 0.7494 0.0000
vt 0.3819 0.7557 0.0000
vt 0.1872 0.7978 0.0000
vt 0.1861 0.7913 0.0000
vt 0.2129 0.8348 0.0000
vt 0.2136 0.8413 0.0000
vt 0.2120 0.8282 0.0000
vt 0.2111 0.8216 0.0000
vt 0.2101 0.8150 0.0000
vt 0.2091 0.8084 0.0000
vt 0.3809 0.7620 0.0000
vt 0.3800 0.7682 0.0000
vt 0.3792 0.7745 0.0000
vt 0.3668 0.7285 0.0000
vt 0.3674 0.7223 0.0000
vt 0.3661 0.7348 0.0000
vt 0.3653 0.7411 0.0000
vt 0.3645 0.7474 0.0000
vt 0.2082 0.8018 0.0000
vt 0.2073 0.7952 0.0000
vt 0.2066 0.7887 0.0000
vt 0.2313 0.8334 0.0000
vt 0.2317 0.8399 0.0000
vt 0.2307 0.8267 0.0000
vt 0.2300 0.8201 0.0000
vt 0.2294 0.8135 0.0000
vt 0.3637 0.7537 0.0000
vt 0.3630 0.7600 0.0000
vt 0.3623 0.7663 0.0000
vt 0.3616 0.7726 0.0000
vt 0.3477 0.7270 0.0000
vt 0.3481 0.7208 0.0000
vt 0.3472 0.7333 0.0000
vt 0.3466 0.7396 0.0000
vt 0.2287 0.8068 0.0000
vt 0.2280 0.8002 0.0000
vt 0.2274 0.7936 0.0000
vt 0.2270 0.7870 0.0000
vt 0.2498 0.8326 0.0000
vt 0.2501 0.8392 0.0000
vt 0.2495 0.8260 0.0000
vt 0.2491 0.8193 0.0000
vt 0.3461 0.7460 0.0000
vt 0.3455 0.7523 0.0000
vt 0.3449 0.7586 0.0000
vt 0.3444 0.7649 0.0000
vt 0.3440 0.7712 0.0000
vt 0.3286 0.7260 0.0000
vt 0.3289 0.7198 0.0000
vt 0.3283 0.7323 0.0000
vt 0.2487 0.8127 0.0000
vt 0.2482 0.8060 0.0000
vt 0.2478 0.7994 0.0000
vt 0.2475 0.7928 0.0000
vt 0.2473 0.7862 0.0000
vt 0.2685 0.8323 0.0000
vt 0.2685 0.8389 0.0000
vt 0.2683 0.8257 0.0000
vt 0.3279 0.7387 0.0000
vt 0.3275 0.7450 0.0000
vt 0.3272 0.7513 0.0000
vt 0.3268 0.7577 0.0000
vt 0.3265 0.7640 0.0000
vt 0.3262 0.7703 0.0000
vt 0.3096 0.7255 0.0000
vt 0.3097 0.7192 0.0000
vt 0.2682 0.8191 0.0000
vt 0.2680 0.8124 0.0000
vt 0.2678 0.8058 0.0000
vt 0.2676 0.7992 0.0000
vt 0.2675 0.7926 0.0000
vt 0.2674 0.7860 0.0000
vt 0.2872 0.8325 0.0000
vt 0.2871 0.8391 0.0000
vt 0.3094 0.7318 0.0000
vt 0.3092 0.7381 0.0000
vt 0.3090 0.7444 0.0000
vt 0.3088 0.7508 0.0000
vt 0.3087 0.7571 0.0000
vt 0.3085 0.7634 0.0000
vt 0.3083 0.7697 0.0000
vt 0.2905 0.7253 0.0000
vt 0.2872 0.8259 0.0000
vt 0.2873 0.8192 0.0000
vt 0.2873 0.8126 0.0000
vt 0.2873 0.8059 0.0000
vt 0.2873 0.7993 0.0000
vt 0.2874 0.7927 0.0000
vt 0.2875 0.7862 0.0000
vt 0.3059 0.8329 0.0000
vt 0.2905 0.7190 0.0000
vt 0.2905 0.7316 0.0000
vt 0.2905 0.7379 0.0000
vt 0.2905 0.7442 0.0000
vt 0.2905 0.7506 0.0000
vt 0.2905 0.7569 0.0000
vt 0.2905 0.7632 0.0000
vt 0.2905 0.7695 0.0000
vt 0.3057 0.8395 0.0000
vt 0.3061 0.8263 0.0000
vt 0.3064 0.8197 0.0000
vt 0.3066 0.8131 0.0000
vt 0.3068 0.8064 0.0000
vt 0.3071 0.7998 0.0000
vt 0.3073 0.7932 0.0000
vt 0.3075 0.7867 0.0000
vt 0.2715 0.7254 0.0000
vt 0.2714 0.7191 0.0000
vt 0.2717 0.7317 0.0000
vt 0.2718 0.7381 0.0000
vt 0.2720 0.7444 0.0000
vt 0.2721 0.7507 0.0000
vt 0.2723 0.7571 0.0000
vt 0.2725 0.7634 0.0000
vt 0.3246 0.8337 0.0000
vt 0.3242 0.8403 0.0000
vt 0.3250 0.8271 0.0000
vt 0.3254 0.8205 0.0000
vt 0.3259 0.8138 0.0000
vt 0.3263 0.8072 0.0000
vt 0.3268 0.8006 0.0000
vt 0.3272 0.7940 0.0000
vt 0.2726 0.7697 0.0000
vt 0.2525 0.7259 0.0000
vt 0.2522 0.7197 0.0000
vt 0.2528 0.7322 0.0000
vt 0.2531 0.7386 0.0000
vt 0.2535 0.7449 0.0000
vt 0.2538 0.7512 0.0000
vt 0.2542 0.7576 0.0000
vt 0.3275 0.7875 0.0000
vt 0.3433 0.8348 0.0000
vt 0.3427 0.8414 0.0000
vt 0.3439 0.8282 0.0000
vt 0.3445 0.8216 0.0000
vt 0.3452 0.8149 0.0000
vt 0.3459 0.8083 0.0000
vt 0.3465 0.8017 0.0000
vt 0.2545 0.7639 0.0000
vt 0.2547 0.7702 0.0000
vt 0.2334 0.7269 0.0000
vt 0.2330 0.7206 0.0000
vt 0.2339 0.7332 0.0000
vt 0.2344 0.7395 0.0000
vt 0.2350 0.7458 0.0000
vt 0.2355 0.7521 0.0000
vt 0.3471 0.7952 0.0000
vt 0.3476 0.7886 0.0000
vt 0.3618 0.8363 0.0000
vt 0.3611 0.8429 0.0000
vt 0.3626 0.8298 0.0000
vt 0.3635 0.8232 0.0000
vt 0.3645 0.8165 0.0000
vt 0.3654 0.8099 0.0000
vt 0.2360 0.7585 0.0000
vt 0.2365 0.7648 0.0000
vt 0.2370 0.7711 0.0000
vt 0.2143 0.7283 0.0000
vt 0.2137 0.7220 0.0000
vt 0.2150 0.7346 0.0000
vt 0.2157 0.7409 0.0000
vt 0.2165 0.7472 0.0000
vt 0.3663 0.8034 0.0000
vt 0.3671 0.7968 0.0000
vt 0.3678 0.7902 0.0000
vt 0.3802 0.8384 0.0000
vt 0.3793 0.8450 0.0000
vt 0.3813 0.8319 0.0000
vt 0.3825 0.8253 0.0000
vt 0.3837 0.8188 0.0000
vt 0.2172 0.7535 0.0000
vt 0.2180 0.7598 0.0000
vt 0.2187 0.7661 0.0000
vt 0.2193 0.7724 0.0000
vt 0.1952 0.7303 0.0000
vt 0.1943 0.7241 0.0000
vt 0.1961 0.7366 0.0000
vt 0.1970 0.7429 0.0000
vt 0.3849 0.8122 0.0000
vt 0.3860 0.8056 0.0000
vt 0.3871 0.7991 0.0000
vt 0.3880 0.7926 0.0000
vt 0.3985 0.8413 0.0000
vt 0.3973 0.8477 0.0000
vt 0.3999 0.8348 0.0000
vt 0.4013 0.8283 0.0000
vt 0.1980 0.7491 0.0000
vt 0.1990 0.7554 0.0000
vt 0.2000 0.7617 0.0000
vt 0.2009 0.7680 0.0000
vt 0.2017 0.7742 0.0000
vt 0.1760 0.7331 0.0000
vt 0.1750 0.7269 0.0000
vt 0.1772 0.7393 0.0000
vt 0.4028 0.8218 0.0000
vt 0.4043 0.8152 0.0000
vt 0.4057 0.8087 0.0000
vt 0.4071 0.8022 0.0000
vt 0.4084 0.7958 0.0000
vt 0.4165 0.8450 0.0000
vt 0.4149 0.8513 0.0000
vt 0.4182 0.8385 0.0000
vt 0.1784 0.7455 0.0000
vt 0.1797 0.7518 0.0000
vt 0.1809 0.7580 0.0000
vt 0.1821 0.7642 0.0000
vt 0.1833 0.7705 0.0000
vt 0.1843 0.7767 0.0000
vt 0.1569 0.7366 0.0000
vt 0.1556 0.7305 0.0000
vt 0.4199 0.8321 0.0000
vt 0.4218 0.8257 0.0000
vt 0.4236 0.8193 0.0000
vt 0.4254 0.8128 0.0000
vt 0.4271 0.8064 0.0000
vt 0.4287 0.8000 0.0000
vt 0.4342 0.8496 0.0000
vt 0.4322 0.8559 0.0000
vt 0.1584 0.7428 0.0000
vt 0.1599 0.7490 0.0000
vt 0.1614 0.7551 0.0000
vt 0.1630 0.7613 0.0000
vt 0.1645 0.7675 0.0000
vt 0.1659 0.7736 0.0000
vt 0.1672 0.7797 0.0000
vt 0.1379 0.7408 0.0000
vt 0.4362 0.8433 0.0000
vt 0.4383 0.8370 0.0000
vt 0.4405 0.8307 0.0000
vt 0.4427 0.8244 0.0000
vt 0.4448 0.8181 0.0000
vt 0.4469 0.8118 0.0000
vt 0.4488 0.8055 0.0000
vt 0.4514 0.8554 0.0000
vt 0.1363 0.7347 0.0000
vt 0.1396 0.7469 0.0000
vt 0.1415 0.7531 0.0000
vt 0.1433 0.7593 0.0000
vt 0.1451 0.7653 0.0000
vt 0.1469 0.7713 0.0000
vt 0.1486 0.7773 0.0000
vt 0.1502 0.7834 0.0000
vt 0.4491 0.8615 0.0000
vt 0.4539 0.8492 0.0000
vt 0.4564 0.8431 0.0000
vt 0.4589 0.8369 0.0000
vt 0.4614 0.8307 0.0000
vt 0.4639 0.8246 0.0000
vt 0.4664 0.8184 0.0000
vt 0.4688 0.8123 0.0000
vt 0.1188 0.7459 0.0000
vt 0.1169 0.7399 0.0000
vt 0.1209 0.7518 0.0000
vt 0.1231 0.7577 0.0000
vt 0.1252 0.7636 0.0000
vt 0.1274 0.7697 0.0000
vt 0.1296 0.7758 0.0000
vt 0.1317 0.7818 0.0000
vt 0.4682 0.8623 0.0000
vt 0.4655 0.8683 0.0000
vt 0.4711 0.8563 0.0000
vt 0.4739 0.8504 0.0000
vt 0.4768 0.8444 0.0000
vt 0.4798 0.8384 0.0000
vt 0.4827 0.8324 0.0000
vt 0.4855 0.8264 0.0000
vt 0.1337 0.7878 0.0000
vt 0.1001 0.7526 0.0000
vt 0.0978 0.7468 0.0000
vt 0.1026 0.7583 0.0000
vt 0.1051 0.7641 0.0000
vt 0.1077 0.7698 0.0000
vt 0.1103 0.7757 0.0000
vt 0.1129 0.7816 0.0000
vt 0.4883 0.8205 0.0000
vt 0.4844 0.8704 0.0000
vt 0.4813 0.8762 0.0000
vt 0.4877 0.8647 0.0000
vt 0.4909 0.8589 0.0000
vt 0.4942 0.8531 0.0000
vt 0.4975 0.8474 0.0000
vt 0.5008 0.8416 0.0000
vt 0.1153 0.7875 0.0000
vt 0.1177 0.7933 0.0000
vt 0.0820 0.7608 0.0000
vt 0.0792 0.7552 0.0000
vt 0.0849 0.7665 0.0000
vt 0.0879 0.7721 0.0000
vt 0.0909 0.7778 0.0000
vt 0.0938 0.7833 0.0000
vt 0.5041 0.8358 0.0000
vt 0.5073 0.8301 0.0000
vt 0.5000 0.8797 0.0000
vt 0.4964 0.8852 0.0000
vt 0.5036 0.8742 0.0000
vt 0.5073 0.8687 0.0000
vt 0.5109 0.8631 0.0000
vt 0.5146 0.8576 0.0000
vt 0.0967 0.7889 0.0000
vt 0.0995 0.7945 0.0000
vt 0.1023 0.8001 0.0000
vt 0.0644 0.7703 0.0000
vt 0.0612 0.7650 0.0000
vt 0.0677 0.7757 0.0000
vt 0.0710 0.7811 0.0000
vt 0.0744 0.7865 0.0000
vt 0.5183 0.8522 0.0000
vt 0.5219 0.8467 0.0000
vt 0.5255 0.8412 0.0000
vt 0.5147 0.8902 0.0000
vt 0.5109 0.8955 0.0000
vt 0.5187 0.8848 0.0000
vt 0.5229 0.8795 0.0000
vt 0.5270 0.8743 0.0000
vt 0.0777 0.7918 0.0000
vt 0.0810 0.7972 0.0000
vt 0.0843 0.8026 0.0000
vt 0.0875 0.8080 0.0000
vt 0.0476 0.7813 0.0000
vt 0.0440 0.7762 0.0000
vt 0.0512 0.7864 0.0000
vt 0.0550 0.7915 0.0000
vt 0.5310 0.8691 0.0000
vt 0.5350 0.8640 0.0000
vt 0.5389 0.8588 0.0000
vt 0.5427 0.8535 0.0000
vt 0.5294 0.9007 0.0000
vt 0.5252 0.9058 0.0000
vt 0.5336 0.8957 0.0000
vt 0.5380 0.8909 0.0000
vt 0.0587 0.7965 0.0000
vt 0.0625 0.8016 0.0000
vt 0.0662 0.8067 0.0000
vt 0.0698 0.8119 0.0000
vt 0.0734 0.8170 0.0000
vt 0.0317 0.7935 0.0000
vt 0.0277 0.7887 0.0000
vt 0.0357 0.7984 0.0000
vt 0.5425 0.8860 0.0000
vt 0.5471 0.8811 0.0000
vt 0.5516 0.8761 0.0000
vt 0.5559 0.8711 0.0000
vt 0.5601 0.8660 0.0000
vt 0.5425 0.9129 0.0000
vt 0.5381 0.9177 0.0000
vt 0.5470 0.9083 0.0000
vt 0.0397 0.8031 0.0000
vt 0.0439 0.8079 0.0000
vt 0.0481 0.8126 0.0000
vt 0.0522 0.8174 0.0000
vt 0.0562 0.8223 0.0000
vt 0.0601 0.8272 0.0000
vt 0.5672 0.7296 0.0000
vt 0.5627 0.7342 0.0000
vt 0.5517 0.9039 0.0000
vt 0.5566 0.8995 0.0000
vt 0.5616 0.8950 0.0000
vt 0.5665 0.8904 0.0000
vt 0.5712 0.8855 0.0000
vt 0.5758 0.8807 0.0000
vt 0.5410 0.9901 0.0000
vt 0.5368 0.9947 0.0000
vt 0.5481 0.7197 0.0000
vt 0.5525 0.7150 0.0000
vt 0.5580 0.7386 0.0000
vt 0.5438 0.7243 0.0000
vt 0.5530 0.7429 0.0000
vt 0.5393 0.7289 0.0000
vt 0.5480 0.7471 0.0000
vt 0.5348 0.7334 0.0000
vt 0.5453 0.9857 0.0000
vt 0.5498 0.9814 0.0000
vt 0.5544 0.9771 0.0000
vt 0.5591 0.9729 0.0000
vt 0.5638 0.9684 0.0000
vt 0.5682 0.9638 0.0000
vt 0.5725 0.9592 0.0000
vt 0.0518 0.9943 0.0000
vt 0.5431 0.7511 0.0000
vt 0.5303 0.7379 0.0000
vt 0.5384 0.7552 0.0000
vt 0.5258 0.7425 0.0000
vt 0.5338 0.7595 0.0000
vt 0.5214 0.7472 0.0000
vt 0.5293 0.7640 0.0000
vt 0.5171 0.7519 0.0000
vt 0.0478 0.9895 0.0000
vt 0.0610 0.9786 0.0000
vt 0.0648 0.9836 0.0000
vt 0.0438 0.9848 0.0000
vt 0.0572 0.9736 0.0000
vt 0.0395 0.9803 0.0000
vt 0.0532 0.9687 0.0000
vt 0.0351 0.9759 0.0000
vt 0.5328 0.7061 0.0000
vt 0.5369 0.7012 0.0000
vt 0.5288 0.7111 0.0000
vt 0.5247 0.7160 0.0000
vt 0.5206 0.7209 0.0000
vt 0.5164 0.7258 0.0000
vt 0.5123 0.7307 0.0000
vt 0.5083 0.7357 0.0000
vt 0.0492 0.9637 0.0000
vt 0.0306 0.9713 0.0000
vt 0.0452 0.9589 0.0000
vt 0.0262 0.9667 0.0000
vt 0.0413 0.9540 0.0000
vt 0.0220 0.9619 0.0000
vt 0.0374 0.9490 0.0000
vt 0.0179 0.9571 0.0000
vt 0.5043 0.7407 0.0000
vt 0.5165 0.6939 0.0000
vt 0.5202 0.6887 0.0000
vt 0.5128 0.6991 0.0000
vt 0.5091 0.7044 0.0000
vt 0.5054 0.7096 0.0000
vt 0.5016 0.7148 0.0000
vt 0.4979 0.7200 0.0000
vt 0.0336 0.9440 0.0000
vt 0.0750 0.9687 0.0000
vt 0.0784 0.9739 0.0000
vt 0.0715 0.9634 0.0000
vt 0.0679 0.9582 0.0000
vt 0.0644 0.9529 0.0000
vt 0.0608 0.9477 0.0000
vt 0.0572 0.9425 0.0000
vt 0.4943 0.7253 0.0000
vt 0.4906 0.7305 0.0000
vt 0.4993 0.6830 0.0000
vt 0.5026 0.6775 0.0000
vt 0.4960 0.6885 0.0000
vt 0.4927 0.6940 0.0000
vt 0.4894 0.6995 0.0000
vt 0.4860 0.7050 0.0000
vt 0.0537 0.9373 0.0000
vt 0.0503 0.9320 0.0000
vt 0.0897 0.9599 0.0000
vt 0.0927 0.9654 0.0000
vt 0.0867 0.9544 0.0000
vt 0.0835 0.9489 0.0000
vt 0.0803 0.9434 0.0000
vt 0.0772 0.9379 0.0000
vt 0.4827 0.7105 0.0000
vt 0.4794 0.7160 0.0000
vt 0.4762 0.7215 0.0000
vt 0.4814 0.6735 0.0000
vt 0.4843 0.6678 0.0000
vt 0.4785 0.6792 0.0000
vt 0.4756 0.6850 0.0000
vt 0.4726 0.6907 0.0000
vt 0.0740 0.9324 0.0000
vt 0.0709 0.9269 0.0000
vt 0.0679 0.9214 0.0000
vt 0.1052 0.9523 0.0000
vt 0.1078 0.9580 0.0000
vt 0.1025 0.9466 0.0000
vt 0.0998 0.9409 0.0000
vt 0.0970 0.9352 0.0000
vt 0.4697 0.6964 0.0000
vt 0.4667 0.7021 0.0000
vt 0.4639 0.7078 0.0000
vt 0.4611 0.7136 0.0000
vt 0.4630 0.6654 0.0000
vt 0.4654 0.6595 0.0000
vt 0.4605 0.6713 0.0000
vt 0.4579 0.6772 0.0000
vt 0.0942 0.9294 0.0000
vt 0.0915 0.9237 0.0000
vt 0.0888 0.9180 0.0000
vt 0.0862 0.9123 0.0000
vt 0.1213 0.9460 0.0000
vt 0.1234 0.9519 0.0000
vt 0.1190 0.9401 0.0000
vt 0.1167 0.9342 0.0000
vt 0.4553 0.6831 0.0000
vt 0.4527 0.6890 0.0000
vt 0.4502 0.6949 0.0000
vt 0.4477 0.7008 0.0000
vt 0.4453 0.7068 0.0000
vt 0.4441 0.6585 0.0000
vt 0.4461 0.6525 0.0000
vt 0.4419 0.6646 0.0000
vt 0.1143 0.9283 0.0000
vt 0.1119 0.9224 0.0000
vt 0.1095 0.9165 0.0000
vt 0.1072 0.9106 0.0000
vt 0.1050 0.9047 0.0000
vt 0.1378 0.9408 0.0000
vt 0.1396 0.9468 0.0000
vt 0.1360 0.9348 0.0000
vt 0.2852 0.1579 0.0000
vt 0.2855 0.1641 0.0000
vt 0.2667 0.1651 0.0000
vt 0.2663 0.1589 0.0000
vt 0.2858 0.1702 0.0000
vt 0.2671 0.1712 0.0000
vt 0.2861 0.1764 0.0000
vt 0.2675 0.1774 0.0000
vt 0.2864 0.1827 0.0000
vt 0.2680 0.1836 0.0000
vt 0.2867 0.1889 0.0000
vt 0.2684 0.1899 0.0000
vt 0.2870 0.1951 0.0000
vt 0.2689 0.1961 0.0000
vt 0.2873 0.2013 0.0000
vt 0.3055 0.0315 0.0000
vt 0.2693 0.2023 0.0000
vt 0.3053 0.0247 0.0000
vt 0.3247 0.0242 0.0000
vt 0.3249 0.0310 0.0000
vt 0.3052 0.0179 0.0000
vt 0.3245 0.0173 0.0000
vt 0.3050 0.0111 0.0000
vt 0.3243 0.0105 0.0000
vt 0.3440 0.0235 0.0000
vt 0.3443 0.0303 0.0000
vt 0.3025 0.0666 0.0000
vt 0.3029 0.0606 0.0000
vt 0.3219 0.0622 0.0000
vt 0.3214 0.0681 0.0000
vt 0.3034 0.0547 0.0000
vt 0.3224 0.0563 0.0000
vt 0.3037 0.0487 0.0000
vt 0.3229 0.0503 0.0000
vt 0.2876 0.2075 0.0000
vt 0.2697 0.2084 0.0000
vt 0.2478 0.1662 0.0000
vt 0.2473 0.1601 0.0000
vt 0.2483 0.1724 0.0000
vt 0.2489 0.1786 0.0000
vt 0.2496 0.1848 0.0000
vt 0.2502 0.1910 0.0000
vt 0.3438 0.0167 0.0000
vt 0.3436 0.0099 0.0000
vt 0.3634 0.0229 0.0000
vt 0.3636 0.0297 0.0000
vt 0.3632 0.0161 0.0000
vt 0.3630 0.0093 0.0000
vt 0.3042 0.0428 0.0000
vt 0.3233 0.0444 0.0000
vt 0.3409 0.0637 0.0000
vt 0.3404 0.0696 0.0000
vt 0.2508 0.1972 0.0000
vt 0.2514 0.2034 0.0000
vt 0.2519 0.2096 0.0000
vt 0.2288 0.1677 0.0000
vt 0.2282 0.1616 0.0000
vt 0.2295 0.1739 0.0000
vt 0.2303 0.1800 0.0000
vt 0.3827 0.0224 0.0000
vt 0.3828 0.0293 0.0000
vt 0.3826 0.0156 0.0000
vt 0.3825 0.0088 0.0000
vt 0.4020 0.0222 0.0000
vt 0.4020 0.0290 0.0000
vt 0.3414 0.0577 0.0000
vt 0.3420 0.0518 0.0000
vt 0.3425 0.0459 0.0000
vt 0.3599 0.0653 0.0000
vt 0.2311 0.1863 0.0000
vt 0.2320 0.1925 0.0000
vt 0.2328 0.1987 0.0000
vt 0.2335 0.2049 0.0000
vt 0.2342 0.2110 0.0000
vt 0.2098 0.1696 0.0000
vt 0.2090 0.1635 0.0000
vt 0.4020 0.0153 0.0000
vt 0.4020 0.0085 0.0000
vt 0.4213 0.0222 0.0000
vt 0.4212 0.0290 0.0000
vt 0.4215 0.0154 0.0000
vt 0.3593 0.0712 0.0000
vt 0.3605 0.0593 0.0000
vt 0.3611 0.0534 0.0000
vt 0.3616 0.0475 0.0000
vt 0.3788 0.0670 0.0000
vt 0.2107 0.1758 0.0000
vt 0.2117 0.1820 0.0000
vt 0.2128 0.1881 0.0000
vt 0.2138 0.1943 0.0000
vt 0.2148 0.2005 0.0000
vt 0.2157 0.2067 0.0000
vt 0.2166 0.2128 0.0000
vt 0.4216 0.0085 0.0000
vt 0.4406 0.0226 0.0000
vt 0.4403 0.0294 0.0000
vt 0.4409 0.0158 0.0000
vt 0.4412 0.0090 0.0000
vt 0.3782 0.0729 0.0000
vt 0.3795 0.0611 0.0000
vt 0.3802 0.0552 0.0000
vt 0.3808 0.0493 0.0000
vt 0.3977 0.0690 0.0000
vt 0.1907 0.1722 0.0000
vt 0.1897 0.1662 0.0000
vt 0.1919 0.1783 0.0000
vt 0.1931 0.1844 0.0000
vt 0.1944 0.1906 0.0000
vt 0.1957 0.1967 0.0000
vt 0.1970 0.2028 0.0000
vt 0.4599 0.0236 0.0000
vt 0.4593 0.0304 0.0000
vt 0.4604 0.0168 0.0000
vt 0.4609 0.0100 0.0000
vt 0.4790 0.0252 0.0000
vt 0.3970 0.0749 0.0000
vt 0.3985 0.0631 0.0000
vt 0.3992 0.0572 0.0000
vt 0.4000 0.0513 0.0000
vt 0.4166 0.0713 0.0000
vt 0.1981 0.2089 0.0000
vt 0.1991 0.2150 0.0000
vt 0.1716 0.1753 0.0000
vt 0.1703 0.1692 0.0000
vt 0.1730 0.1814 0.0000
vt 0.1746 0.1874 0.0000
vt 0.4783 0.0320 0.0000
vt 0.1761 0.1935 0.0000
vt 0.4798 0.0184 0.0000
vt 0.4806 0.0116 0.0000
vt 0.4981 0.0276 0.0000
vt 0.4971 0.0343 0.0000
vt 0.4158 0.0772 0.0000
vt 0.4175 0.0654 0.0000
vt 0.4183 0.0595 0.0000
vt 0.4192 0.0536 0.0000
vt 0.4354 0.0739 0.0000
vt 0.1777 0.1996 0.0000
vt 0.1792 0.2057 0.0000
vt 0.1807 0.2118 0.0000
vt 0.1819 0.2178 0.0000
vt 0.1525 0.1792 0.0000
vt 0.1508 0.1732 0.0000
vt 0.1542 0.1852 0.0000
vt 0.4992 0.0208 0.0000
vt 0.5003 0.0141 0.0000
vt 0.5171 0.0308 0.0000
vt 0.5157 0.0375 0.0000
vt 0.5185 0.0241 0.0000
vt 0.4344 0.0798 0.0000
vt 0.4364 0.0681 0.0000
vt 0.4374 0.0622 0.0000
vt 0.4384 0.0563 0.0000
vt 0.1561 0.1913 0.0000
vt 0.1580 0.1973 0.0000
vt 0.1599 0.2034 0.0000
vt 0.1617 0.2093 0.0000
vt 0.1634 0.2153 0.0000
vt 0.1651 0.2213 0.0000
vt 0.1336 0.1847 0.0000
vt 0.5199 0.0174 0.0000
vt 0.5358 0.0349 0.0000
vt 0.5341 0.0415 0.0000
vt 0.5376 0.0283 0.0000
vt 0.5393 0.0217 0.0000
vt 0.5543 0.0400 0.0000
vt 0.4540 0.0771 0.0000
vt 0.4529 0.0829 0.0000
vt 0.4552 0.0712 0.0000
vt 0.4564 0.0654 0.0000
vt 0.1316 0.1788 0.0000
vt 0.1357 0.1906 0.0000
vt 0.1379 0.1965 0.0000
vt 0.1401 0.2024 0.0000
vt 0.1423 0.2083 0.0000
vt 0.1445 0.2142 0.0000
vt 0.1466 0.2201 0.0000
vt 0.5522 0.0465 0.0000
vt 0.5564 0.0335 0.0000
vt 0.5585 0.0270 0.0000
vt 0.5724 0.0461 0.0000
vt 0.5700 0.0525 0.0000
vt 0.5749 0.0397 0.0000
vt 0.4576 0.0595 0.0000
vt 0.4726 0.0808 0.0000
vt 0.4712 0.0866 0.0000
vt 0.4740 0.0750 0.0000
vt 0.1486 0.2259 0.0000
vt 0.1149 0.1913 0.0000
vt 0.1125 0.1856 0.0000
vt 0.1174 0.1970 0.0000
vt 0.1200 0.2027 0.0000
vt 0.1226 0.2085 0.0000
vt 0.1251 0.2143 0.0000
vt 0.5774 0.0333 0.0000
vt 0.5901 0.0531 0.0000
vt 0.5875 0.0594 0.0000
vt 0.5930 0.0469 0.0000
vt 0.5959 0.0408 0.0000
vt 0.0178 0.0398 0.0000
vt 0.4754 0.0692 0.0000
vt 0.4768 0.0634 0.0000
vt 0.4909 0.0851 0.0000
vt 0.4893 0.0909 0.0000
vt 0.1277 0.2200 0.0000
vt 0.1302 0.2257 0.0000
vt 0.1325 0.2314 0.0000
vt 0.0967 0.1991 0.0000
vt 0.0939 0.1936 0.0000
vt 0.0995 0.2046 0.0000
vt 0.1025 0.2102 0.0000
vt 0.0163 0.0332 0.0000
vt 0.0350 0.0293 0.0000
vt 0.0363 0.0360 0.0000
vt 0.0146 0.0266 0.0000
vt 0.0337 0.0226 0.0000
vt 0.4926 0.0794 0.0000
vt 0.4942 0.0737 0.0000
vt 0.4959 0.0679 0.0000
vt 0.5090 0.0903 0.0000
vt 0.5071 0.0960 0.0000
vt 0.1054 0.2158 0.0000
vt 0.1084 0.2213 0.0000
vt 0.1113 0.2269 0.0000
vt 0.1141 0.2324 0.0000
vt 0.1169 0.2380 0.0000
vt 0.0789 0.2082 0.0000
vt 0.0757 0.2029 0.0000
vt 0.0129 0.0200 0.0000
vt 0.0324 0.0159 0.0000
vt 0.0540 0.0264 0.0000
vt 0.0549 0.0332 0.0000
vt 0.0531 0.0197 0.0000
vt 0.5109 0.0847 0.0000
vt 0.5129 0.0790 0.0000
vt 0.5148 0.0734 0.0000
vt 0.5267 0.0964 0.0000
vt 0.5245 0.1020 0.0000
vt 0.0822 0.2136 0.0000
vt 0.0855 0.2189 0.0000
vt 0.0888 0.2242 0.0000
vt 0.0922 0.2296 0.0000
vt 0.0955 0.2349 0.0000
vt 0.0987 0.2402 0.0000
vt 0.1019 0.2456 0.0000
vt 0.0521 0.0129 0.0000
vt 0.0731 0.0245 0.0000
vt 0.0737 0.0313 0.0000
vt 0.0725 0.0177 0.0000
vt 0.0719 0.0110 0.0000
vt 0.5290 0.0909 0.0000
vt 0.5313 0.0854 0.0000
vt 0.5755 0.3234 0.0000
vt 0.5335 0.0798 0.0000
vt 0.5708 0.3275 0.0000
vt 0.5571 0.3129 0.0000
vt 0.5616 0.3086 0.0000
vt 0.5659 0.3316 0.0000
vt 0.5526 0.3172 0.0000
vt 0.5609 0.3355 0.0000
vt 0.5481 0.3214 0.0000
vt 0.5558 0.3393 0.0000
vt 0.5434 0.3256 0.0000
vt 0.0174 0.2060 0.0000
vt 0.0143 0.1998 0.0000
vt 0.0318 0.1916 0.0000
vt 0.0924 0.0237 0.0000
vt 0.5440 0.1035 0.0000
vt 0.5414 0.1089 0.0000
vt 0.5467 0.0982 0.0000
vt 0.5508 0.3430 0.0000
vt 0.5493 0.0928 0.0000
vt 0.5387 0.3298 0.0000
vt 0.5460 0.3468 0.0000
vt 0.5341 0.3341 0.0000
vt 0.5413 0.3508 0.0000
vt 0.5296 0.3384 0.0000
vt 0.5367 0.3549 0.0000
vt 0.5251 0.3428 0.0000
vt 0.5425 0.2993 0.0000
vt 0.5467 0.2947 0.0000
vt 0.0347 0.1979 0.0000
vt 0.0110 0.1937 0.0000
vt 0.0288 0.1853 0.0000
vt 0.0434 0.1628 0.0000
vt 0.0391 0.1585 0.0000
vt 0.0530 0.1464 0.0000
vt 0.0570 0.1510 0.0000
vt 0.5383 0.3039 0.0000
vt 0.5341 0.3085 0.0000
vt 0.5298 0.3130 0.0000
vt 0.5255 0.3176 0.0000
vt 0.5213 0.3222 0.0000
vt 0.5171 0.3269 0.0000
vt 0.5129 0.3315 0.0000
vt 0.5268 0.2869 0.0000
vt 0.5306 0.2820 0.0000
vt 0.5230 0.2918 0.0000
vt 0.5191 0.2967 0.0000
vt 0.5152 0.3016 0.0000
vt 0.5113 0.3065 0.0000
vt 0.5074 0.3114 0.0000
vt 0.5036 0.3163 0.0000
vt 0.4998 0.3212 0.0000
vt 0.5102 0.2757 0.0000
vt 0.5136 0.2706 0.0000
vt 0.0076 0.1876 0.0000
vt 0.0259 0.1790 0.0000
vt 0.0497 0.1843 0.0000
vt 0.0523 0.1907 0.0000
vt 0.0471 0.1778 0.0000
vt 0.0445 0.1714 0.0000
vt 0.0681 0.1778 0.0000
vt 0.0704 0.1844 0.0000
vt 0.0348 0.1543 0.0000
vt 0.0491 0.1419 0.0000
vt 0.0306 0.1499 0.0000
vt 0.0453 0.1373 0.0000
vt 0.0265 0.1454 0.0000
vt 0.5067 0.2809 0.0000
vt 0.5032 0.2861 0.0000
vt 0.4997 0.2913 0.0000
vt 0.4962 0.2964 0.0000
vt 0.4927 0.3016 0.0000
vt 0.4893 0.3068 0.0000
vt 0.4859 0.3120 0.0000
vt 0.4928 0.2659 0.0000
vt 0.4958 0.2605 0.0000
vt 0.4897 0.2713 0.0000
vt 0.4866 0.2767 0.0000
vt 0.4835 0.2821 0.0000
vt 0.4804 0.2875 0.0000
vt 0.0658 0.1713 0.0000
vt 0.0635 0.1647 0.0000
vt 0.0867 0.1722 0.0000
vt 0.0887 0.1788 0.0000
vt 0.0415 0.1327 0.0000
vt 0.0679 0.1353 0.0000
vt 0.4773 0.2929 0.0000
vt 0.4742 0.2984 0.0000
vt 0.4712 0.3038 0.0000
vt 0.4748 0.2573 0.0000
vt 0.4774 0.2517 0.0000
vt 0.4721 0.2629 0.0000
vt 0.4694 0.2686 0.0000
vt 0.4666 0.2742 0.0000
vt 0.4639 0.2798 0.0000
vt 0.4612 0.2854 0.0000
vt 0.4585 0.2910 0.0000
vt 0.0847 0.1656 0.0000
vt 0.0827 0.1589 0.0000
vt 0.1056 0.1672 0.0000
vt 0.1074 0.1739 0.0000
vt 0.0714 0.1401 0.0000
vt 0.0643 0.1305 0.0000
vt 0.4560 0.2966 0.0000
vt 0.4562 0.2502 0.0000
vt 0.4584 0.2444 0.0000
vt 0.4540 0.2560 0.0000
vt 0.4516 0.2617 0.0000
vt 0.4492 0.2675 0.0000
vt 0.4469 0.2733 0.0000
vt 0.4445 0.2791 0.0000
vt 0.4422 0.2848 0.0000
vt 0.4401 0.2906 0.0000
vt 0.4374 0.2441 0.0000
vt 0.1038 0.1605 0.0000
vt 0.1020 0.1538 0.0000
vt 0.1246 0.1628 0.0000
vt 0.0608 0.1256 0.0000
vt 0.0573 0.1208 0.0000
vt 0.0834 0.1252 0.0000
vt 0.4393 0.2382 0.0000
vt 0.4355 0.2500 0.0000
vt 0.4335 0.2559 0.0000
vt 0.4315 0.2618 0.0000
vt 0.4295 0.2677 0.0000
vt 0.4275 0.2737 0.0000
vt 0.4256 0.2796 0.0000
vt 0.4237 0.2855 0.0000
vt 0.4183 0.2392 0.0000
vt 0.4198 0.2332 0.0000
vt 0.4167 0.2452 0.0000
vt 0.1262 0.1696 0.0000
vt 0.1230 0.1561 0.0000
vt 0.1214 0.1493 0.0000
vt 0.0866 0.1303 0.0000
vt 0.0803 0.1202 0.0000
vt 0.0771 0.1151 0.0000
vt 0.4151 0.2512 0.0000
vt 0.4134 0.2572 0.0000
vt 0.4117 0.2632 0.0000
vt 0.4101 0.2692 0.0000
vt 0.4085 0.2753 0.0000
vt 0.4071 0.2812 0.0000
vt 0.3990 0.2353 0.0000
vt 0.4002 0.2292 0.0000
vt 0.3978 0.2414 0.0000
vt 0.3964 0.2475 0.0000
vt 0.3951 0.2536 0.0000
vt 0.1438 0.1588 0.0000
vt 0.1452 0.1656 0.0000
vt 0.1423 0.1521 0.0000
vt 0.0739 0.1101 0.0000
vt 0.0997 0.1163 0.0000
vt 0.3938 0.2597 0.0000
vt 0.1025 0.1216 0.0000
vt 0.3925 0.2658 0.0000
vt 0.3912 0.2718 0.0000
vt 0.3901 0.2779 0.0000
vt 0.3796 0.2324 0.0000
vt 0.3805 0.2263 0.0000
vt 0.3787 0.2385 0.0000
vt 0.3777 0.2447 0.0000
vt 0.3766 0.2508 0.0000
vt 0.3756 0.2570 0.0000
vt 0.3746 0.2631 0.0000
vt 0.1409 0.1453 0.0000
vt 0.1630 0.1553 0.0000
vt 0.1643 0.1621 0.0000
vt 0.0969 0.1110 0.0000
vt 0.0941 0.1057 0.0000
vt 0.0913 0.1005 0.0000
vt 0.3737 0.2693 0.0000
vt 0.3728 0.2754 0.0000
vt 0.3602 0.2303 0.0000
vt 0.3608 0.2242 0.0000
vt 0.3596 0.2365 0.0000
vt 0.3588 0.2427 0.0000
vt 0.3581 0.2489 0.0000
vt 0.3573 0.2551 0.0000
vt 0.3566 0.2613 0.0000
vt 0.3559 0.2674 0.0000
vt 0.3554 0.2736 0.0000
vt 0.1617 0.1485 0.0000
vt 0.1604 0.1417 0.0000
vt 0.1823 0.1520 0.0000
vt 0.1166 0.1085 0.0000
vt 0.1190 0.1140 0.0000
vt 0.3408 0.2291 0.0000
vt 0.3412 0.2229 0.0000
vt 0.3404 0.2352 0.0000
vt 0.3400 0.2414 0.0000
vt 0.3395 0.2477 0.0000
vt 0.3390 0.2539 0.0000
vt 0.3385 0.2601 0.0000
vt 0.3381 0.2663 0.0000
vt 0.3378 0.2724 0.0000
vt 0.3215 0.2284 0.0000
vt 0.3216 0.2223 0.0000
vt 0.1835 0.1589 0.0000
vt 0.1812 0.1452 0.0000
vt 0.1800 0.1384 0.0000
vt 0.2017 0.1491 0.0000
vt 0.1142 0.1031 0.0000
vt 0.1118 0.0976 0.0000
vt 0.3213 0.2346 0.0000
vt 0.3211 0.2408 0.0000
vt 0.3208 0.2470 0.0000
vt 0.3206 0.2533 0.0000
vt 0.3204 0.2595 0.0000
vt 0.3202 0.2657 0.0000
vt 0.3201 0.2719 0.0000
vt 0.3021 0.2284 0.0000
vt 0.3021 0.2222 0.0000
vt 0.3022 0.2345 0.0000
vt 0.3022 0.2408 0.0000
vt 0.2027 0.1560 0.0000
vt 0.2007 0.1423 0.0000
vt 0.1996 0.1354 0.0000
vt 0.2211 0.1465 0.0000
vt 0.1094 0.0922 0.0000
vt 0.1340 0.1020 0.0000
vt 0.3022 0.2470 0.0000
vt 0.3022 0.2532 0.0000
vt 0.3022 0.2594 0.0000
vt 0.3022 0.2656 0.0000
vt 0.3023 0.2718 0.0000
vt 0.2828 0.2288 0.0000
vt 0.2826 0.2227 0.0000
vt 0.2831 0.2350 0.0000
vt 0.2833 0.2412 0.0000
vt 0.2835 0.2474 0.0000
vt 0.2838 0.2536 0.0000
vt 0.2220 0.1534 0.0000
vt 0.2202 0.1396 0.0000
vt 0.2193 0.1328 0.0000
vt 0.2406 0.1442 0.0000
vt 0.1360 0.1077 0.0000
vt 0.1321 0.0964 0.0000
vt 0.2840 0.2598 0.0000
vt 0.2843 0.2660 0.0000
vt 0.2845 0.2722 0.0000
vt 0.2635 0.2297 0.0000
vt 0.2631 0.2236 0.0000
vt 0.2640 0.2359 0.0000
vt 0.2644 0.2421 0.0000
vt 0.2649 0.2483 0.0000
vt 0.2654 0.2545 0.0000
vt 0.2658 0.2607 0.0000
vt 0.2663 0.2669 0.0000
vt 0.2414 0.1511 0.0000
vt 0.2398 0.1373 0.0000
vt 0.2390 0.1304 0.0000
vt 0.1301 0.0908 0.0000
vt 0.1281 0.0852 0.0000
vt 0.1519 0.0968 0.0000
vt 0.2667 0.2730 0.0000
vt 0.2442 0.2312 0.0000
vt 0.2436 0.2251 0.0000
vt 0.2449 0.2373 0.0000
vt 0.2456 0.2435 0.0000
vt 0.2463 0.2497 0.0000
vt 0.2470 0.2559 0.0000
vt 0.2477 0.2621 0.0000
vt 0.2484 0.2682 0.0000
vt 0.2490 0.2744 0.0000
vt 0.2249 0.2332 0.0000
vt 0.2601 0.1422 0.0000
vt 0.2608 0.1491 0.0000
vt 0.2594 0.1353 0.0000
vt 0.1535 0.1026 0.0000
vt 0.1504 0.0911 0.0000
vt 0.1488 0.0854 0.0000
vt 0.2241 0.2271 0.0000
vt 0.2258 0.2393 0.0000
vt 0.2268 0.2455 0.0000
vt 0.2278 0.2517 0.0000
vt 0.2287 0.2578 0.0000
vt 0.2297 0.2639 0.0000
vt 0.2306 0.2700 0.0000
vt 0.2314 0.2761 0.0000
vt 0.2056 0.2355 0.0000
vt 0.2045 0.2295 0.0000
vt 0.2067 0.2416 0.0000
vt 0.2587 0.1284 0.0000
vt 0.2796 0.1405 0.0000
vt 0.2802 0.1474 0.0000
vt 0.1472 0.0796 0.0000
vt 0.1702 0.0929 0.0000
vt 0.2079 0.2476 0.0000
vt 0.1713 0.0987 0.0000
vt 0.2092 0.2536 0.0000
vt 0.2104 0.2599 0.0000
vt 0.2117 0.2661 0.0000
vt 0.2129 0.2723 0.0000
vt 0.2139 0.2784 0.0000
vt 0.1863 0.2392 0.0000
vt 0.1850 0.2332 0.0000
vt 0.1878 0.2453 0.0000
vt 0.1893 0.2513 0.0000
vt 0.1909 0.2574 0.0000
vt 0.2791 0.1336 0.0000
vt 0.2786 0.1267 0.0000
vt 0.2992 0.1393 0.0000
vt 0.1690 0.0871 0.0000
vt 0.1679 0.0812 0.0000
vt 0.1667 0.0754 0.0000
vt 0.1925 0.2634 0.0000
vt 0.1940 0.2695 0.0000
vt 0.1954 0.2755 0.0000
vt 0.1968 0.2815 0.0000
vt 0.1672 0.2437 0.0000
vt 0.1655 0.2378 0.0000
vt 0.1690 0.2496 0.0000
vt 0.1708 0.2556 0.0000
vt 0.1727 0.2616 0.0000
vt 0.1746 0.2675 0.0000
vt 0.1764 0.2735 0.0000
vt 0.2996 0.1462 0.0000
vt 0.2988 0.1324 0.0000
vt 0.2984 0.1255 0.0000
vt 0.1887 0.0902 0.0000
vt 0.1895 0.0961 0.0000
vt 0.1782 0.2794 0.0000
vt 0.1799 0.2854 0.0000
vt 0.1482 0.2492 0.0000
vt 0.1462 0.2433 0.0000
vt 0.1504 0.2550 0.0000
vt 0.1525 0.2608 0.0000
vt 0.1548 0.2667 0.0000
vt 0.1570 0.2725 0.0000
vt 0.1592 0.2784 0.0000
vt 0.1613 0.2842 0.0000
vt 0.1633 0.2901 0.0000
vt 0.3187 0.1384 0.0000
vt 0.3190 0.1453 0.0000
vt 0.3185 0.1315 0.0000
vt 0.3183 0.1245 0.0000
vt 0.1879 0.0843 0.0000
vt 0.1871 0.0784 0.0000
vt 0.1295 0.2558 0.0000
vt 0.1271 0.2501 0.0000
vt 0.1320 0.2614 0.0000
vt 0.1346 0.2671 0.0000
vt 0.1372 0.2728 0.0000
vt 0.1397 0.2785 0.0000
vt 0.1423 0.2842 0.0000
vt 0.1448 0.2899 0.0000
vt 0.1471 0.2956 0.0000
vt 0.1112 0.2636 0.0000
vt 0.1084 0.2581 0.0000
vt 0.3383 0.1379 0.0000
vt 0.3384 0.1449 0.0000
vt 0.3383 0.1310 0.0000
vt 0.3382 0.1241 0.0000
vt 0.1864 0.0725 0.0000
vt 0.2074 0.0886 0.0000
vt 0.1141 0.2691 0.0000
vt 0.1170 0.2746 0.0000
vt 0.1200 0.2801 0.0000
vt 0.1230 0.2856 0.0000
vt 0.1259 0.2912 0.0000
vt 0.1287 0.2967 0.0000
vt 0.1315 0.3022 0.0000
vt 0.0935 0.2727 0.0000
vt 0.0903 0.2674 0.0000
vt 0.0968 0.2780 0.0000
vt 0.1001 0.2833 0.0000
vt 0.3579 0.1380 0.0000
vt 0.3578 0.1449 0.0000
vt 0.3580 0.1311 0.0000
vt 0.3582 0.1241 0.0000
vt 0.2078 0.0946 0.0000
vt 0.2070 0.0827 0.0000
vt 0.1034 0.2886 0.0000
vt 0.1067 0.2939 0.0000
vt 0.1100 0.2992 0.0000
vt 0.1133 0.3045 0.0000
vt 0.1164 0.3098 0.0000
vt 0.0765 0.2832 0.0000
vt 0.0729 0.2781 0.0000
vt 0.0801 0.2882 0.0000
vt 0.0838 0.2933 0.0000
vt 0.0875 0.2983 0.0000
vt 0.0912 0.3033 0.0000
vt 0.3774 0.1386 0.0000
vt 0.3771 0.1455 0.0000
vt 0.3778 0.1317 0.0000
vt 0.2065 0.0768 0.0000
vt 0.2061 0.0709 0.0000
vt 0.2262 0.0881 0.0000
vt 0.0949 0.3084 0.0000
vt 0.0985 0.3134 0.0000
vt 0.1021 0.3185 0.0000
vt 0.0603 0.2950 0.0000
vt 0.0563 0.2902 0.0000
vt 0.0643 0.2997 0.0000
vt 0.0684 0.3045 0.0000
vt 0.0725 0.3092 0.0000
vt 0.0766 0.3139 0.0000
vt 0.0806 0.3187 0.0000
vt 0.0846 0.3235 0.0000
vt 0.3782 0.1248 0.0000
vt 0.3969 0.1398 0.0000
vt 0.3963 0.1467 0.0000
vt 0.2263 0.0940 0.0000
vt 0.2261 0.0821 0.0000
vt 0.2259 0.0762 0.0000
vt 0.0886 0.3282 0.0000
vt 0.0451 0.3080 0.0000
vt 0.0408 0.3036 0.0000
vt 0.0494 0.3125 0.0000
vt 0.0539 0.3169 0.0000
vt 0.0584 0.3212 0.0000
vt 0.0629 0.3256 0.0000
vt 0.0673 0.3300 0.0000
vt 0.0716 0.3345 0.0000
vt 0.0760 0.3391 0.0000
vt 0.0309 0.3222 0.0000
vt 0.3976 0.1329 0.0000
vt 0.3982 0.1260 0.0000
vt 0.4164 0.1417 0.0000
vt 0.2258 0.0703 0.0000
vt 0.2451 0.0883 0.0000
vt 0.0264 0.3178 0.0000
vt 0.2450 0.0943 0.0000
vt 0.0356 0.3264 0.0000
vt 0.0405 0.3305 0.0000
vt 0.0454 0.3345 0.0000
vt 0.0503 0.3384 0.0000
vt 0.0550 0.3423 0.0000
vt 0.0595 0.3465 0.0000
vt 0.0640 0.3508 0.0000
vt 0.4155 0.1486 0.0000
vt 0.4173 0.1349 0.0000
vt 0.4181 0.1280 0.0000
vt 0.2452 0.0824 0.0000
vt 0.2452 0.0764 0.0000
vt 0.2454 0.0705 0.0000
vt 0.4357 0.1444 0.0000
vt 0.4346 0.1512 0.0000
vt 0.4369 0.1375 0.0000
vt 0.2640 0.0892 0.0000
vt 0.2637 0.0952 0.0000
vt 0.4380 0.1307 0.0000
vt 0.4549 0.1477 0.0000
vt 0.4535 0.1545 0.0000
vt 0.4564 0.1410 0.0000
vt 0.2643 0.0833 0.0000
vt 0.2645 0.0773 0.0000
vt 0.4578 0.1342 0.0000
vt 0.4739 0.1520 0.0000
vt 0.4721 0.1587 0.0000
vt 0.4757 0.1453 0.0000
vt 0.2648 0.0714 0.0000
vt 0.2830 0.0905 0.0000
vt 0.4775 0.1386 0.0000
vt 0.4927 0.1571 0.0000
vt 0.4906 0.1637 0.0000
vt 0.4948 0.1505 0.0000
vt 0.2825 0.0964 0.0000
vt 0.2833 0.0846 0.0000
vt 0.4969 0.1439 0.0000
vt 0.5111 0.1632 0.0000
vt 0.5086 0.1697 0.0000
vt 0.2837 0.0786 0.0000
vt 0.2841 0.0727 0.0000
vt 0.3019 0.0920 0.0000
vt 0.0619 0.2187 0.0000
vt 0.5136 0.1567 0.0000
vt 0.5161 0.1502 0.0000
vt 0.5292 0.1702 0.0000
vt 0.5518 0.0874 0.0000
vt 0.5608 0.1117 0.0000
vt 0.5578 0.1169 0.0000
vt 0.5638 0.1066 0.0000
vt 0.0583 0.2137 0.0000
vt 0.0655 0.2238 0.0000
vt 0.0692 0.2289 0.0000
vt 0.0729 0.2339 0.0000
vt 0.0767 0.2390 0.0000
vt 0.0804 0.2441 0.0000
vt 0.0840 0.2492 0.0000
vt 0.0876 0.2542 0.0000
vt 0.0927 0.0305 0.0000
vt 0.0920 0.0169 0.0000
vt 0.0917 0.0100 0.0000
vt 0.1117 0.0229 0.0000
vt 0.1118 0.0297 0.0000
vt 0.5667 0.1014 0.0000
vt 0.5696 0.0962 0.0000
vt 0.5769 0.1212 0.0000
vt 0.5734 0.1261 0.0000
vt 0.5803 0.1162 0.0000
vt 0.0457 0.2305 0.0000
vt 0.0417 0.2257 0.0000
vt 0.0497 0.2353 0.0000
vt 0.0537 0.2401 0.0000
vt 0.0579 0.2448 0.0000
vt 0.0620 0.2496 0.0000
vt 0.1115 0.0161 0.0000
vt 0.0660 0.2544 0.0000
vt 0.1113 0.0093 0.0000
vt 0.1310 0.0228 0.0000
vt 0.1310 0.0296 0.0000
vt 0.1309 0.0160 0.0000
vt 0.5836 0.1111 0.0000
vt 0.5868 0.1059 0.0000
vt 0.0394 0.1242 0.0000
vt 0.0353 0.1197 0.0000
vt 0.0501 0.1085 0.0000
vt 0.0701 0.2592 0.0000
vt 0.0740 0.2640 0.0000
vt 0.0304 0.2435 0.0000
vt 0.0261 0.2390 0.0000
vt 0.0348 0.2480 0.0000
vt 0.0392 0.2525 0.0000
vt 0.0437 0.2569 0.0000
vt 0.1309 0.0091 0.0000
vt 0.0482 0.2613 0.0000
vt 0.1503 0.0230 0.0000
vt 0.1502 0.0299 0.0000
vt 0.1504 0.0162 0.0000
vt 0.0537 0.1133 0.0000
vt 0.0313 0.1152 0.0000
vt 0.0465 0.1037 0.0000
vt 0.0274 0.1105 0.0000
vt 0.0527 0.2658 0.0000
vt 0.0570 0.2703 0.0000
vt 0.0613 0.2748 0.0000
vt 0.0162 0.2576 0.0000
vt 0.0117 0.2533 0.0000
vt 0.0209 0.2619 0.0000
vt 0.0258 0.2660 0.0000
vt 0.0307 0.2700 0.0000
vt 0.0356 0.2740 0.0000
vt 0.0403 0.2780 0.0000
vt 0.0449 0.2822 0.0000
vt 0.0493 0.2865 0.0000
vt 0.5642 0.2364 0.0000
vt 0.5599 0.2409 0.0000
vt 0.5450 0.2275 0.0000
vt 0.1505 0.0094 0.0000
vt 0.5491 0.2228 0.0000
vt 0.1696 0.0235 0.0000
vt 0.1695 0.0303 0.0000
vt 0.1698 0.0167 0.0000
vt 0.1700 0.0099 0.0000
vt 0.1890 0.0241 0.0000
vt 0.1888 0.0309 0.0000
vt 0.1892 0.0173 0.0000
vt 0.1894 0.0105 0.0000
vt 0.2084 0.0247 0.0000
vt 0.0429 0.0989 0.0000
vt 0.0236 0.1058 0.0000
vt 0.0394 0.0940 0.0000
vt 0.0656 0.0983 0.0000
vt 0.0689 0.1034 0.0000
vt 0.0624 0.0933 0.0000
vt 0.0592 0.0882 0.0000
vt 0.0560 0.0832 0.0000
vt 0.5554 0.2454 0.0000
vt 0.5409 0.2321 0.0000
vt 0.5507 0.2497 0.0000
vt 0.5366 0.2368 0.0000
vt 0.5459 0.2540 0.0000
vt 0.5323 0.2414 0.0000
vt 0.5412 0.2581 0.0000
vt 0.5280 0.2460 0.0000
vt 0.2082 0.0315 0.0000
vt 0.2085 0.0179 0.0000
vt 0.2087 0.0110 0.0000
vt 0.2277 0.0251 0.0000
vt 0.2276 0.0319 0.0000
vt 0.2279 0.0183 0.0000
vt 0.0819 0.0892 0.0000
vt 0.0847 0.0945 0.0000
vt 0.0790 0.0840 0.0000
vt 0.0762 0.0787 0.0000
vt 0.5367 0.2623 0.0000
vt 0.5238 0.2506 0.0000
vt 0.5324 0.2667 0.0000
vt 0.5197 0.2554 0.0000
vt 0.5281 0.2712 0.0000
vt 0.5156 0.2601 0.0000
vt 0.5292 0.2151 0.0000
vt 0.2280 0.0115 0.0000
vt 0.2471 0.0254 0.0000
vt 0.2471 0.0322 0.0000
vt 0.2472 0.0185 0.0000
vt 0.2472 0.0117 0.0000
vt 0.2665 0.0254 0.0000
vt 0.0734 0.0735 0.0000
vt 0.0988 0.0813 0.0000
vt 0.1012 0.0868 0.0000
vt 0.0963 0.0759 0.0000
vt 0.5330 0.2102 0.0000
vt 0.5254 0.2200 0.0000
vt 0.5216 0.2250 0.0000
vt 0.5177 0.2299 0.0000
vt 0.5138 0.2349 0.0000
vt 0.5099 0.2399 0.0000
vt 0.5062 0.2448 0.0000
vt 0.2666 0.0322 0.0000
vt 0.2665 0.0186 0.0000
vt 0.2665 0.0117 0.0000
vt 0.2859 0.0251 0.0000
vt 0.2860 0.0320 0.0000
vt 0.0939 0.0705 0.0000
vt 0.0914 0.0650 0.0000
vt 0.1162 0.0747 0.0000
vt 0.1182 0.0803 0.0000
vt 0.1141 0.0691 0.0000
vt 0.5024 0.2498 0.0000
vt 0.5125 0.2040 0.0000
vt 0.5158 0.1988 0.0000
vt 0.5091 0.2092 0.0000
vt 0.5056 0.2144 0.0000
vt 0.5021 0.2197 0.0000
vt 0.4987 0.2249 0.0000
vt 0.2858 0.0183 0.0000
vt 0.2857 0.0115 0.0000
vt 0.5263 0.1766 0.0000
vt 0.5320 0.1639 0.0000
vt 0.5348 0.1575 0.0000
vt 0.1121 0.0635 0.0000
vt 0.1100 0.0579 0.0000
vt 0.1341 0.0692 0.0000
vt 0.1357 0.0749 0.0000
vt 0.1324 0.0635 0.0000
vt 0.4952 0.2302 0.0000
vt 0.4918 0.2354 0.0000
vt 0.4885 0.2406 0.0000
vt 0.4950 0.1942 0.0000
vt 0.4979 0.1888 0.0000
vt 0.4920 0.1997 0.0000
vt 0.4889 0.2051 0.0000
vt 0.5468 0.1783 0.0000
vt 0.5436 0.1844 0.0000
vt 0.5500 0.1721 0.0000
vt 0.5532 0.1659 0.0000
vt 0.5639 0.1872 0.0000
vt 0.1307 0.0578 0.0000
vt 0.1291 0.0520 0.0000
vt 0.1523 0.0649 0.0000
vt 0.1536 0.0708 0.0000
vt 0.1510 0.0591 0.0000
vt 0.4858 0.2106 0.0000
vt 0.4828 0.2161 0.0000
vt 0.4797 0.2216 0.0000
vt 0.4767 0.2271 0.0000
vt 0.4738 0.2325 0.0000
vt 0.4768 0.1858 0.0000
vt 0.5604 0.1933 0.0000
vt 0.4793 0.1802 0.0000
vt 0.5675 0.1812 0.0000
vt 0.5710 0.1752 0.0000
vt 0.5805 0.1971 0.0000
vt 0.5768 0.2029 0.0000
vt 0.1497 0.0533 0.0000
vt 0.1484 0.0475 0.0000
vt 0.1708 0.0618 0.0000
vt 0.1717 0.0677 0.0000
vt 0.1698 0.0559 0.0000
vt 0.4742 0.1915 0.0000
vt 0.4716 0.1971 0.0000
vt 0.4689 0.2028 0.0000
vt 0.4662 0.2085 0.0000
vt 0.4636 0.2142 0.0000
vt 0.4610 0.2199 0.0000
vt 0.4585 0.2255 0.0000
vt 0.5844 0.1913 0.0000
vt 0.5883 0.1856 0.0000
vt 0.1689 0.0500 0.0000
vt 0.1679 0.0442 0.0000
vt 0.1895 0.0597 0.0000
vt 0.1901 0.0656 0.0000
vt 0.4581 0.1788 0.0000
vt 0.4603 0.1730 0.0000
vt 0.4560 0.1846 0.0000
vt 0.4537 0.1904 0.0000
vt 0.4514 0.1963 0.0000
vt 0.4492 0.2022 0.0000
vt 0.4470 0.2080 0.0000
vt 0.1888 0.0538 0.0000
vt 0.1882 0.0478 0.0000
vt 0.1876 0.0419 0.0000
vt 0.2083 0.0584 0.0000
vt 0.4448 0.2139 0.0000
vt 0.4427 0.2197 0.0000
vt 0.4391 0.1731 0.0000
vt 0.4408 0.1671 0.0000
vt 0.4373 0.1790 0.0000
vt 0.4355 0.1850 0.0000
vt 0.4336 0.1910 0.0000
vt 0.2086 0.0644 0.0000
vt 0.2079 0.0525 0.0000
vt 0.2075 0.0466 0.0000
vt 0.2072 0.0406 0.0000
vt 0.4317 0.1970 0.0000
vt 0.4299 0.2030 0.0000
vt 0.4281 0.2090 0.0000
vt 0.4265 0.2149 0.0000
vt 0.7280 0.9895 0.0000
vt 0.7112 0.9856 0.0000
vt 0.7168 0.9661 0.0000
vt 0.7315 0.9695 0.0000
vt 0.7450 0.9916 0.0000
vt 0.7465 0.9714 0.0000
vt 0.7622 0.9919 0.0000
vt 0.7615 0.9716 0.0000
vt 0.7794 0.9904 0.0000
vt 0.7766 0.9703 0.0000
vt 0.7963 0.9871 0.0000
vt 0.7914 0.9674 0.0000
vt 0.8127 0.9821 0.0000
vt 0.8058 0.9630 0.0000
vt 0.8285 0.9753 0.0000
vt 0.8197 0.9571 0.0000
vt 0.8436 0.9670 0.0000
vt 0.8329 0.9498 0.0000
vt 0.8577 0.9571 0.0000
vt 0.8452 0.9412 0.0000
vt 0.8707 0.9458 0.0000
vt 0.8566 0.9313 0.0000
vt 0.8824 0.9333 0.0000
vt 0.8669 0.9203 0.0000
vt 0.8927 0.9195 0.0000
vt 0.8760 0.9082 0.0000
vt 0.9016 0.9048 0.0000
vt 0.8837 0.8953 0.0000
vt 0.9089 0.8892 0.0000
vt 0.8901 0.8816 0.0000
vt 0.9145 0.8729 0.0000
vt 0.8950 0.8673 0.0000
vt 0.9183 0.8562 0.0000
vt 0.8984 0.8527 0.0000
vt 0.9204 0.8391 0.0000
vt 0.9003 0.8377 0.0000
vt 0.9207 0.8219 0.0000
vt 0.9005 0.8226 0.0000
vt 0.9192 0.8048 0.0000
vt 0.8992 0.8076 0.0000
vt 0.9160 0.7879 0.0000
vt 0.8963 0.7928 0.0000
vt 0.9109 0.7714 0.0000
vt 0.8919 0.7783 0.0000
vt 0.9042 0.7556 0.0000
vt 0.8860 0.7645 0.0000
vt 0.8959 0.7405 0.0000
vt 0.8787 0.7513 0.0000
vt 0.8860 0.7265 0.0000
vt 0.8701 0.7389 0.0000
vt 0.8747 0.7135 0.0000
vt 0.8602 0.7275 0.0000
vt 0.8621 0.7017 0.0000
vt 0.8491 0.7172 0.0000
vt 0.8484 0.6914 0.0000
vt 0.8371 0.7082 0.0000
vt 0.8337 0.6825 0.0000
vt 0.8242 0.7004 0.0000
vt 0.8181 0.6753 0.0000
vt 0.8105 0.6940 0.0000
vt 0.8018 0.6697 0.0000
vt 0.7962 0.6891 0.0000
vt 0.7850 0.6658 0.0000
vt 0.7815 0.6857 0.0000
vt 0.7680 0.6637 0.0000
vt 0.7666 0.6839 0.0000
vt 0.7508 0.6634 0.0000
vt 0.7515 0.6836 0.0000
vt 0.7336 0.6649 0.0000
vt 0.7364 0.6849 0.0000
vt 0.7167 0.6682 0.0000
vt 0.7216 0.6878 0.0000
vt 0.7003 0.6732 0.0000
vt 0.7072 0.6922 0.0000
vt 0.6845 0.6799 0.0000
vt 0.6933 0.6981 0.0000
vt 0.6694 0.6883 0.0000
vt 0.6801 0.7054 0.0000
vt 0.6553 0.6981 0.0000
vt 0.6678 0.7141 0.0000
vt 0.6423 0.7094 0.0000
vt 0.6564 0.7240 0.0000
vt 0.6306 0.7220 0.0000
vt 0.6461 0.7350 0.0000
vt 0.6203 0.7357 0.0000
vt 0.6370 0.7470 0.0000
vt 0.6114 0.7505 0.0000
vt 0.6293 0.7600 0.0000
vt 0.6041 0.7661 0.0000
vt 0.6229 0.7736 0.0000
vt 0.5985 0.7823 0.0000
vt 0.6180 0.7879 0.0000
vt 0.5947 0.7991 0.0000
vt 0.6146 0.8026 0.0000
vt 0.5926 0.8162 0.0000
vt 0.6128 0.8176 0.0000
vt 0.5923 0.8334 0.0000
vt 0.6125 0.8327 0.0000
vt 0.5938 0.8505 0.0000
vt 0.6138 0.8477 0.0000
vt 0.5970 0.8674 0.0000
vt 0.6167 0.8625 0.0000
vt 0.6021 0.8838 0.0000
vt 0.6211 0.8769 0.0000
vt 0.6088 0.8997 0.0000
vt 0.6270 0.8908 0.0000
vt 0.6171 0.9147 0.0000
vt 0.6343 0.9040 0.0000
vt 0.6270 0.9288 0.0000
vt 0.6429 0.9163 0.0000
vt 0.6383 0.9418 0.0000
vt 0.6528 0.9277 0.0000
vt 0.6509 0.9535 0.0000
vt 0.6639 0.9380 0.0000
vt 0.6646 0.9639 0.0000
vt 0.6759 0.9471 0.0000
vt 0.6794 0.9727 0.0000
vt 0.6889 0.9549 0.0000
vt 0.6949 0.9800 0.0000
vt 0.7025 0.9612 0.0000
vt 0.7611 0.8117 0.0000
vt 0.7565 0.8276 0.0000
vt 0.7382 0.8224 0.0000
vt 0.7428 0.8065 0.0000
vt 0.7519 0.8436 0.0000
vt 0.7748 0.8329 0.0000
vt 0.7702 0.8487 0.0000
vt 0.7976 0.8224 0.0000
vt 0.7933 0.8382 0.0000
vt 0.7793 0.8170 0.0000
vt 0.7154 0.8329 0.0000
vt 0.7197 0.8171 0.0000
vt 0.7337 0.8383 0.0000
vt 0.7244 0.8014 0.0000
vt 0.7009 0.8117 0.0000
vt 0.7056 0.7962 0.0000
vt 0.7886 0.8539 0.0000
vt 0.8121 0.8436 0.0000
vt 0.8074 0.8590 0.0000
vt 0.6815 0.8061 0.0000
vt 0.6862 0.7910 0.0000
vt 0.8315 0.8491 0.0000
vt 0.8268 0.8643 0.0000
vt 0.6614 0.8004 0.0000
vt 0.6662 0.7856 0.0000
vt 0.8516 0.8549 0.0000
vt 0.8468 0.8697 0.0000
vt 0.8763 0.8461 0.0000
vt 0.8727 0.8609 0.0000
vt 0.8554 0.8398 0.0000
vt 0.6367 0.8091 0.0000
vt 0.6403 0.7943 0.0000
vt 0.6576 0.8154 0.0000
vt 0.7225 0.9462 0.0000
vt 0.7076 0.9412 0.0000
vt 0.7279 0.9274 0.0000
vt 0.7123 0.9224 0.0000
vt 0.7330 0.9096 0.0000
vt 0.7167 0.9045 0.0000
vt 0.7379 0.8925 0.0000
vt 0.7209 0.8873 0.0000
vt 0.7427 0.8759 0.0000
vt 0.7251 0.8706 0.0000
vt 0.7473 0.8596 0.0000
vt 0.7294 0.8543 0.0000
vt 0.7752 0.7054 0.0000
vt 0.7905 0.7091 0.0000
vt 0.7692 0.7238 0.0000
vt 0.7851 0.7279 0.0000
vt 0.7635 0.7413 0.0000
vt 0.7800 0.7457 0.0000
vt 0.7580 0.7582 0.0000
vt 0.7751 0.7628 0.0000
vt 0.7527 0.7745 0.0000
vt 0.7703 0.7794 0.0000
vt 0.7477 0.7906 0.0000
vt 0.7657 0.7956 0.0000
vt 0.8054 0.7140 0.0000
vt 0.8007 0.7328 0.0000
vt 0.7963 0.7507 0.0000
vt 0.7921 0.7679 0.0000
vt 0.7879 0.7846 0.0000
vt 0.7836 0.8009 0.0000
vt 0.7378 0.9499 0.0000
vt 0.7438 0.9314 0.0000
vt 0.7495 0.9139 0.0000
vt 0.7550 0.8971 0.0000
vt 0.7603 0.8807 0.0000
vt 0.7654 0.8647 0.0000
vt 0.7533 0.9524 0.0000
vt 0.7599 0.9346 0.0000
vt 0.7663 0.9176 0.0000
vt 0.7724 0.9013 0.0000
vt 0.7782 0.8853 0.0000
vt 0.7836 0.8695 0.0000
vt 0.8199 0.7201 0.0000
vt 0.8161 0.7388 0.0000
vt 0.8125 0.7565 0.0000
vt 0.8090 0.7736 0.0000
vt 0.8054 0.7902 0.0000
vt 0.8017 0.8064 0.0000
vt 0.7597 0.7029 0.0000
vt 0.7531 0.7207 0.0000
vt 0.7467 0.7376 0.0000
vt 0.7406 0.7540 0.0000
vt 0.7348 0.7699 0.0000
vt 0.7294 0.7857 0.0000
vt 0.6931 0.9351 0.0000
vt 0.6969 0.9165 0.0000
vt 0.7005 0.8988 0.0000
vt 0.7040 0.8817 0.0000
vt 0.7076 0.8651 0.0000
vt 0.7113 0.8488 0.0000
vt 0.6791 0.9279 0.0000
vt 0.6818 0.9097 0.0000
vt 0.6844 0.8923 0.0000
vt 0.6870 0.8755 0.0000
vt 0.6898 0.8591 0.0000
vt 0.6930 0.8431 0.0000
vt 0.6967 0.8273 0.0000
vt 0.7440 0.7016 0.0000
vt 0.7367 0.7184 0.0000
vt 0.7296 0.7345 0.0000
vt 0.7229 0.7502 0.0000
vt 0.7166 0.7656 0.0000
vt 0.7108 0.7809 0.0000
vt 0.8339 0.7274 0.0000
vt 0.8312 0.7455 0.0000
vt 0.8286 0.7629 0.0000
vt 0.8261 0.7798 0.0000
vt 0.8232 0.7962 0.0000
vt 0.8200 0.8122 0.0000
vt 0.8163 0.8280 0.0000
vt 0.7690 0.9537 0.0000
vt 0.7763 0.9368 0.0000
vt 0.7834 0.9207 0.0000
vt 0.7901 0.9051 0.0000
vt 0.7964 0.8897 0.0000
vt 0.8022 0.8744 0.0000
vt 0.6656 0.9197 0.0000
vt 0.6669 0.9022 0.0000
vt 0.6682 0.8853 0.0000
vt 0.6697 0.8689 0.0000
vt 0.6717 0.8528 0.0000
vt 0.6742 0.8370 0.0000
vt 0.6775 0.8215 0.0000
vt 0.7282 0.7014 0.0000
vt 0.7200 0.7169 0.0000
vt 0.7122 0.7319 0.0000
vt 0.7047 0.7466 0.0000
vt 0.6979 0.7613 0.0000
vt 0.6917 0.7761 0.0000
vt 0.8474 0.7356 0.0000
vt 0.8461 0.7531 0.0000
vt 0.8448 0.7699 0.0000
vt 0.8433 0.7864 0.0000
vt 0.8413 0.8024 0.0000
vt 0.8388 0.8182 0.0000
vt 0.8355 0.8338 0.0000
vt 0.7848 0.9538 0.0000
vt 0.7930 0.9383 0.0000
vt 0.8008 0.9234 0.0000
vt 0.8083 0.9086 0.0000
vt 0.8151 0.8939 0.0000
vt 0.8213 0.8792 0.0000
vt 0.6526 0.9105 0.0000
vt 0.6520 0.8940 0.0000
vt 0.6517 0.8779 0.0000
vt 0.6519 0.8620 0.0000
vt 0.6529 0.8462 0.0000
vt 0.6548 0.8307 0.0000
vt 0.7123 0.7022 0.0000
vt 0.7031 0.7160 0.0000
vt 0.6942 0.7295 0.0000
vt 0.6860 0.7431 0.0000
vt 0.6785 0.7570 0.0000
vt 0.6719 0.7711 0.0000
vt 0.8604 0.7447 0.0000
vt 0.8610 0.7612 0.0000
vt 0.8613 0.7774 0.0000
vt 0.8611 0.7933 0.0000
vt 0.8601 0.8090 0.0000
vt 0.8582 0.8245 0.0000
vt 0.8007 0.9530 0.0000
vt 0.8099 0.9393 0.0000
vt 0.8188 0.9258 0.0000
vt 0.8270 0.9122 0.0000
vt 0.8345 0.8983 0.0000
vt 0.8411 0.8842 0.0000
vt 0.8166 0.9515 0.0000
vt 0.8273 0.9401 0.0000
vt 0.8373 0.9283 0.0000
vt 0.8465 0.9159 0.0000
vt 0.8547 0.9030 0.0000
vt 0.8619 0.8895 0.0000
vt 0.8679 0.8754 0.0000
vt 0.8731 0.7545 0.0000
vt 0.8761 0.7698 0.0000
vt 0.8783 0.7851 0.0000
vt 0.8796 0.8004 0.0000
vt 0.8797 0.8158 0.0000
vt 0.8786 0.8310 0.0000
vt 0.6964 0.7038 0.0000
vt 0.6857 0.7152 0.0000
vt 0.6757 0.7270 0.0000
vt 0.6665 0.7394 0.0000
vt 0.6583 0.7523 0.0000
vt 0.6512 0.7658 0.0000
vt 0.6451 0.7798 0.0000
vt 0.6399 0.9008 0.0000
vt 0.6369 0.8855 0.0000
vt 0.6347 0.8702 0.0000
vt 0.6334 0.8548 0.0000
vt 0.6333 0.8395 0.0000
vt 0.6344 0.8242 0.0000
vt 0.7919 0.3254 0.0000
vt 0.7883 0.3461 0.0000
vt 0.7728 0.3442 0.0000
vt 0.7742 0.3233 0.0000
vt 0.8093 0.3295 0.0000
vt 0.8035 0.3496 0.0000
vt 0.8261 0.3353 0.0000
vt 0.8183 0.3547 0.0000
vt 0.8423 0.3428 0.0000
vt 0.8324 0.3613 0.0000
vt 0.8575 0.3520 0.0000
vt 0.8458 0.3693 0.0000
vt 0.8718 0.3627 0.0000
vt 0.8583 0.3787 0.0000
vt 0.8848 0.3748 0.0000
vt 0.8697 0.3894 0.0000
vt 0.8965 0.3883 0.0000
vt 0.8800 0.4012 0.0000
vt 0.9067 0.4029 0.0000
vt 0.8889 0.4140 0.0000
vt 0.9153 0.4184 0.0000
vt 0.8965 0.4276 0.0000
vt 0.9223 0.4348 0.0000
vt 0.9026 0.4420 0.0000
vt 0.9275 0.4519 0.0000
vt 0.9072 0.4570 0.0000
vt 0.9309 0.4694 0.0000
vt 0.9101 0.4723 0.0000
vt 0.9325 0.4871 0.0000
vt 0.9115 0.4879 0.0000
vt 0.9321 0.5049 0.0000
vt 0.9112 0.5035 0.0000
vt 0.9300 0.5226 0.0000
vt 0.9093 0.5190 0.0000
vt 0.9260 0.5400 0.0000
vt 0.9058 0.5342 0.0000
vt 0.9202 0.5568 0.0000
vt 0.9007 0.5490 0.0000
vt 0.9126 0.5730 0.0000
vt 0.8941 0.5631 0.0000
vt 0.9035 0.5882 0.0000
vt 0.8861 0.5765 0.0000
vt 0.8927 0.6025 0.0000
vt 0.8767 0.5890 0.0000
vt 0.8806 0.6155 0.0000
vt 0.8660 0.6004 0.0000
vt 0.8671 0.6272 0.0000
vt 0.8542 0.6107 0.0000
vt 0.8526 0.6374 0.0000
vt 0.8414 0.6196 0.0000
vt 0.8370 0.6460 0.0000
vt 0.8278 0.6272 0.0000
vt 0.8206 0.6530 0.0000
vt 0.8134 0.6333 0.0000
vt 0.8035 0.6582 0.0000
vt 0.7985 0.6379 0.0000
vt 0.7861 0.6616 0.0000
vt 0.7831 0.6408 0.0000
vt 0.7683 0.6632 0.0000
vt 0.7676 0.6422 0.0000
vt 0.7505 0.6628 0.0000
vt 0.7520 0.6419 0.0000
vt 0.7328 0.6607 0.0000
vt 0.7364 0.6400 0.0000
vt 0.7154 0.6567 0.0000
vt 0.7212 0.6365 0.0000
vt 0.6986 0.6509 0.0000
vt 0.7065 0.6314 0.0000
vt 0.6825 0.6433 0.0000
vt 0.6923 0.6248 0.0000
vt 0.6672 0.6342 0.0000
vt 0.6789 0.6168 0.0000
vt 0.6530 0.6234 0.0000
vt 0.6664 0.6074 0.0000
vt 0.6399 0.6113 0.0000
vt 0.6550 0.5967 0.0000
vt 0.6282 0.5978 0.0000
vt 0.6448 0.5849 0.0000
vt 0.6180 0.5833 0.0000
vt 0.6358 0.5721 0.0000
vt 0.6094 0.5677 0.0000
vt 0.6282 0.5585 0.0000
vt 0.6024 0.5513 0.0000
vt 0.6221 0.5441 0.0000
vt 0.5972 0.5342 0.0000
vt 0.6176 0.5292 0.0000
vt 0.5938 0.5167 0.0000
vt 0.6146 0.5138 0.0000
vt 0.5923 0.4990 0.0000
vt 0.6132 0.4983 0.0000
vt 0.5926 0.4812 0.0000
vt 0.6135 0.4826 0.0000
vt 0.5947 0.4635 0.0000
vt 0.6154 0.4671 0.0000
vt 0.5988 0.4461 0.0000
vt 0.6189 0.4519 0.0000
vt 0.6046 0.4293 0.0000
vt 0.6240 0.4372 0.0000
vt 0.6121 0.4132 0.0000
vt 0.6306 0.4230 0.0000
vt 0.6213 0.3979 0.0000
vt 0.6386 0.4096 0.0000
vt 0.6320 0.3837 0.0000
vt 0.6480 0.3971 0.0000
vt 0.6441 0.3706 0.0000
vt 0.6587 0.3857 0.0000
vt 0.6576 0.3589 0.0000
vt 0.6705 0.3755 0.0000
vt 0.6722 0.3487 0.0000
vt 0.6833 0.3665 0.0000
vt 0.6878 0.3401 0.0000
vt 0.6969 0.3589 0.0000
vt 0.7042 0.3331 0.0000
vt 0.7113 0.3528 0.0000
vt 0.7212 0.3279 0.0000
vt 0.7263 0.3483 0.0000
vt 0.7387 0.3245 0.0000
vt 0.7416 0.3453 0.0000
vt 0.7564 0.3230 0.0000
vt 0.7572 0.3439 0.0000
vt 0.7612 0.5102 0.0000
vt 0.7416 0.5088 0.0000
vt 0.7427 0.4917 0.0000
vt 0.7624 0.4931 0.0000
vt 0.7636 0.4759 0.0000
vt 0.7832 0.4774 0.0000
vt 0.7821 0.4944 0.0000
vt 0.8006 0.5127 0.0000
vt 0.7808 0.5115 0.0000
vt 0.8019 0.4958 0.0000
vt 0.7242 0.4734 0.0000
vt 0.7440 0.4746 0.0000
vt 0.7228 0.4903 0.0000
vt 0.7218 0.5072 0.0000
vt 0.7017 0.5056 0.0000
vt 0.7026 0.4889 0.0000
vt 0.8029 0.4789 0.0000
vt 0.8230 0.4806 0.0000
vt 0.8222 0.4972 0.0000
vt 0.6810 0.5038 0.0000
vt 0.6818 0.4874 0.0000
vt 0.8437 0.4823 0.0000
vt 0.8430 0.4987 0.0000
vt 0.6596 0.5020 0.0000
vt 0.6602 0.4859 0.0000
vt 0.8652 0.4841 0.0000
vt 0.8646 0.5002 0.0000
vt 0.8855 0.5175 0.0000
vt 0.8629 0.5162 0.0000
vt 0.8872 0.5018 0.0000
vt 0.6393 0.4686 0.0000
vt 0.6618 0.4699 0.0000
vt 0.6375 0.4843 0.0000
vt 0.7713 0.3657 0.0000
vt 0.7550 0.3652 0.0000
vt 0.7699 0.3858 0.0000
vt 0.7529 0.3852 0.0000
vt 0.7685 0.4050 0.0000
vt 0.7508 0.4041 0.0000
vt 0.7672 0.4234 0.0000
vt 0.7489 0.4224 0.0000
vt 0.7660 0.4412 0.0000
vt 0.7471 0.4401 0.0000
vt 0.7648 0.4587 0.0000
vt 0.7454 0.4575 0.0000
vt 0.7373 0.6187 0.0000
vt 0.7535 0.6205 0.0000
vt 0.7380 0.5986 0.0000
vt 0.7549 0.6003 0.0000
vt 0.7386 0.5795 0.0000
vt 0.7562 0.5811 0.0000
vt 0.7392 0.5612 0.0000
vt 0.7575 0.5627 0.0000
vt 0.7398 0.5434 0.0000
vt 0.7587 0.5449 0.0000
vt 0.7406 0.5260 0.0000
vt 0.7600 0.5274 0.0000
vt 0.7697 0.6209 0.0000
vt 0.7718 0.6010 0.0000
vt 0.7739 0.5820 0.0000
vt 0.7758 0.5638 0.0000
vt 0.7777 0.5460 0.0000
vt 0.7793 0.5287 0.0000
vt 0.7874 0.3675 0.0000
vt 0.7868 0.3875 0.0000
vt 0.7862 0.4066 0.0000
vt 0.7855 0.4249 0.0000
vt 0.7849 0.4427 0.0000
vt 0.7841 0.4602 0.0000
vt 0.8034 0.3705 0.0000
vt 0.8036 0.3902 0.0000
vt 0.8038 0.4090 0.0000
vt 0.8039 0.4270 0.0000
vt 0.8039 0.4446 0.0000
vt 0.8036 0.4619 0.0000
vt 0.7860 0.6201 0.0000
vt 0.7889 0.6006 0.0000
vt 0.7917 0.5821 0.0000
vt 0.7943 0.5642 0.0000
vt 0.7967 0.5468 0.0000
vt 0.7988 0.5297 0.0000
vt 0.7213 0.6156 0.0000
vt 0.7212 0.5959 0.0000
vt 0.7209 0.5772 0.0000
vt 0.7208 0.5591 0.0000
vt 0.7208 0.5415 0.0000
vt 0.7212 0.5243 0.0000
vt 0.7388 0.3660 0.0000
vt 0.7359 0.3855 0.0000
vt 0.7330 0.4040 0.0000
vt 0.7304 0.4219 0.0000
vt 0.7280 0.4393 0.0000
vt 0.7259 0.4564 0.0000
vt 0.7226 0.3681 0.0000
vt 0.7188 0.3867 0.0000
vt 0.7151 0.4046 0.0000
vt 0.7116 0.4218 0.0000
vt 0.7086 0.4388 0.0000
vt 0.7060 0.4556 0.0000
vt 0.7040 0.4722 0.0000
vt 0.7056 0.6113 0.0000
vt 0.7044 0.5923 0.0000
vt 0.7032 0.5741 0.0000
vt 0.7022 0.5565 0.0000
vt 0.7016 0.5393 0.0000
vt 0.7014 0.5224 0.0000
vt 0.8021 0.6180 0.0000
vt 0.8059 0.5994 0.0000
vt 0.8097 0.5816 0.0000
vt 0.8131 0.5643 0.0000
vt 0.8161 0.5473 0.0000
vt 0.8187 0.5306 0.0000
vt 0.8207 0.5139 0.0000
vt 0.8191 0.3748 0.0000
vt 0.8203 0.3938 0.0000
vt 0.8215 0.4120 0.0000
vt 0.8225 0.4296 0.0000
vt 0.8232 0.4468 0.0000
vt 0.8234 0.4638 0.0000
vt 0.7065 0.3713 0.0000
vt 0.7016 0.3888 0.0000
vt 0.6968 0.4056 0.0000
vt 0.6925 0.4221 0.0000
vt 0.6887 0.4385 0.0000
vt 0.6856 0.4548 0.0000
vt 0.6833 0.4711 0.0000
vt 0.6901 0.6059 0.0000
vt 0.6877 0.5879 0.0000
vt 0.6853 0.5705 0.0000
vt 0.6833 0.5536 0.0000
vt 0.6818 0.5368 0.0000
vt 0.6811 0.5203 0.0000
vt 0.8182 0.6148 0.0000
vt 0.8231 0.5973 0.0000
vt 0.8279 0.5805 0.0000
vt 0.8322 0.5640 0.0000
vt 0.8360 0.5476 0.0000
vt 0.8391 0.5313 0.0000
vt 0.8414 0.5150 0.0000
vt 0.8346 0.3803 0.0000
vt 0.8371 0.3983 0.0000
vt 0.8394 0.4156 0.0000
vt 0.8414 0.4326 0.0000
vt 0.8429 0.4493 0.0000
vt 0.8437 0.4658 0.0000
vt 0.6906 0.3756 0.0000
vt 0.6842 0.3915 0.0000
vt 0.6782 0.4071 0.0000
vt 0.6728 0.4226 0.0000
vt 0.6682 0.4383 0.0000
vt 0.6645 0.4540 0.0000
vt 0.6750 0.5994 0.0000
vt 0.6708 0.5828 0.0000
vt 0.6670 0.5665 0.0000
vt 0.6638 0.5503 0.0000
vt 0.6615 0.5342 0.0000
vt 0.6600 0.5181 0.0000
vt 0.8341 0.6106 0.0000
vt 0.8405 0.5947 0.0000
vt 0.8466 0.5791 0.0000
vt 0.8520 0.5635 0.0000
vt 0.8566 0.5479 0.0000
vt 0.8602 0.5321 0.0000
vt 0.8498 0.3867 0.0000
vt 0.8539 0.4033 0.0000
vt 0.8577 0.4196 0.0000
vt 0.8609 0.4358 0.0000
vt 0.8633 0.4519 0.0000
vt 0.8647 0.4680 0.0000
vt 0.8648 0.3938 0.0000
vt 0.8710 0.4087 0.0000
vt 0.8766 0.4237 0.0000
vt 0.8812 0.4390 0.0000
vt 0.8846 0.4545 0.0000
vt 0.8868 0.4702 0.0000
vt 0.8877 0.4860 0.0000
vt 0.8500 0.6056 0.0000
vt 0.8582 0.5917 0.0000
vt 0.8658 0.5776 0.0000
vt 0.8725 0.5631 0.0000
vt 0.8780 0.5482 0.0000
vt 0.8824 0.5330 0.0000
vt 0.6600 0.5923 0.0000
vt 0.6537 0.5774 0.0000
vt 0.6481 0.5624 0.0000
vt 0.6436 0.5471 0.0000
vt 0.6401 0.5316 0.0000
vt 0.6379 0.5159 0.0000
vt 0.6371 0.5001 0.0000
vt 0.6748 0.3805 0.0000
vt 0.6665 0.3944 0.0000
vt 0.6589 0.4085 0.0000
vt 0.6522 0.4230 0.0000
vt 0.6467 0.4379 0.0000
vt 0.6423 0.4531 0.0000
vt 0.1340 0.9287 0.0000
vt 0.1319 0.9227 0.0000
vt 0.1299 0.9166 0.0000
vt 0.1279 0.9106 0.0000
vt 0.1260 0.9045 0.0000
vt 0.1242 0.8985 0.0000
vt 0.1548 0.9367 0.0000
vt 0.1562 0.9429 0.0000
vt 0.1533 0.9306 0.0000
vt 0.1516 0.9244 0.0000
vt 0.1499 0.9183 0.0000
vt 0.1482 0.9121 0.0000
vt 0.1466 0.9059 0.0000
vt 0.1450 0.8998 0.0000
vt 0.1436 0.8937 0.0000
vt 0.1720 0.9336 0.0000
vt 0.1731 0.9398 0.0000
vt 0.1708 0.9274 0.0000
vt 0.1695 0.9212 0.0000
vt 0.1681 0.9149 0.0000
vt 0.1667 0.9087 0.0000
vt 0.1653 0.9024 0.0000
vt 0.1641 0.8962 0.0000
vt 0.1630 0.8900 0.0000
vt 0.1895 0.9313 0.0000
vt 0.1903 0.9375 0.0000
vt 0.1886 0.9250 0.0000
vt 0.1875 0.9188 0.0000
vt 0.1864 0.9125 0.0000
vt 0.1852 0.9062 0.0000
vt 0.4398 0.6707 0.0000
vt 0.1842 0.8999 0.0000
vt 0.4375 0.6767 0.0000
vt 0.1832 0.8936 0.0000
vt 0.4353 0.6828 0.0000
vt 0.4331 0.6889 0.0000
vt 0.4310 0.6949 0.0000
vt 0.4290 0.7010 0.0000
vt 0.4249 0.6529 0.0000
vt 0.4265 0.6467 0.0000
vt 0.1824 0.8874 0.0000
vt 0.2072 0.9296 0.0000
vt 0.2078 0.9359 0.0000
vt 0.2065 0.9233 0.0000
vt 0.2056 0.9170 0.0000
vt 0.2047 0.9107 0.0000
vt 0.2038 0.9044 0.0000
vt 0.2029 0.8981 0.0000
vt 0.2022 0.8918 0.0000
vt 0.2016 0.8856 0.0000
vt 0.2251 0.9284 0.0000
vt 0.2255 0.9346 0.0000
vt 0.2244 0.9221 0.0000
vt 0.2238 0.9158 0.0000
vt 0.2231 0.9094 0.0000
vt 0.2223 0.9031 0.0000
vt 0.2217 0.8968 0.0000
vt 0.2211 0.8906 0.0000
vt 0.2207 0.8843 0.0000
vt 0.2430 0.9274 0.0000
vt 0.2434 0.9336 0.0000
vt 0.2425 0.9211 0.0000
vt 0.2420 0.9148 0.0000
vt 0.2414 0.9085 0.0000
vt 0.2409 0.9022 0.0000
vt 0.2403 0.8959 0.0000
vt 0.2399 0.8896 0.0000
vt 0.2395 0.8834 0.0000
vt 0.2610 0.9264 0.0000
vt 0.2614 0.9327 0.0000
vt 0.2606 0.9202 0.0000
vt 0.2602 0.9139 0.0000
vt 0.2598 0.9076 0.0000
vt 0.2593 0.9013 0.0000
vt 0.2589 0.8950 0.0000
vt 0.2586 0.8888 0.0000
vt 0.2582 0.8825 0.0000
vt 0.4231 0.6591 0.0000
vt 0.4213 0.6653 0.0000
vt 0.4194 0.6715 0.0000
vt 0.4175 0.6777 0.0000
vt 0.4157 0.6839 0.0000
vt 0.4140 0.6901 0.0000
vt 0.4123 0.6962 0.0000
vt 0.4055 0.6484 0.0000
vt 0.4068 0.6422 0.0000
vt 0.4040 0.6547 0.0000
vt 0.4025 0.6610 0.0000
vt 0.4010 0.6673 0.0000
vt 0.3995 0.6736 0.0000
vt 0.3980 0.6799 0.0000
vt 0.3966 0.6861 0.0000
vt 0.3953 0.6924 0.0000
vt 0.3860 0.6450 0.0000
vt 0.3870 0.6387 0.0000
vt 0.3849 0.6513 0.0000
vt 0.3837 0.6577 0.0000
vt 0.3824 0.6640 0.0000
vt 0.3812 0.6704 0.0000
vt 0.3800 0.6767 0.0000
vt 0.3789 0.6831 0.0000
vt 0.3779 0.6894 0.0000
vt 0.3664 0.6424 0.0000
vt 0.3672 0.6361 0.0000
vt 0.3656 0.6488 0.0000
vt 0.3647 0.6552 0.0000
vt 0.3637 0.6616 0.0000
vt 0.3628 0.6680 0.0000
vt 0.3619 0.6744 0.0000
vt 0.3611 0.6807 0.0000
vt 0.3603 0.6871 0.0000
vt 0.3469 0.6406 0.0000
vt 0.3474 0.6342 0.0000
vt 0.3463 0.6470 0.0000
vt 0.3456 0.6534 0.0000
vt 0.3450 0.6598 0.0000
vt 0.3443 0.6663 0.0000
vt 0.3437 0.6727 0.0000
vt 0.3431 0.6791 0.0000
vt 0.3425 0.6855 0.0000
vt 0.3274 0.6395 0.0000
vt 0.3277 0.6331 0.0000
vt 0.3270 0.6459 0.0000
vt 0.3266 0.6523 0.0000
vt 0.3262 0.6587 0.0000
vt 0.3257 0.6652 0.0000
vt 0.3253 0.6716 0.0000
vt 0.3250 0.6780 0.0000
vt 0.3247 0.6844 0.0000
vt 0.3079 0.6389 0.0000
vt 0.3080 0.6325 0.0000
vt 0.3077 0.6453 0.0000
vt 0.3075 0.6517 0.0000
vt 0.3073 0.6581 0.0000
vt 0.3071 0.6646 0.0000
vt 0.3070 0.6710 0.0000
vt 0.3068 0.6775 0.0000
vt 0.3067 0.6839 0.0000
vt 0.2790 0.9255 0.0000
vt 0.2794 0.9318 0.0000
vt 0.2787 0.9192 0.0000
vt 0.2784 0.9129 0.0000
vt 0.2781 0.9066 0.0000
vt 0.2778 0.9003 0.0000
vt 0.2775 0.8941 0.0000
vt 0.2772 0.8878 0.0000
vt 0.2768 0.8816 0.0000
vt 0.0166 0.8070 0.0000
vt 0.0124 0.8023 0.0000
vt 0.0210 0.8116 0.0000
vt 0.0255 0.8161 0.0000
vt 0.0302 0.8205 0.0000
vt 0.0347 0.8247 0.0000
vt 0.0391 0.8291 0.0000
vt 0.0433 0.8336 0.0000
vt 0.0475 0.8383 0.0000
vt 0.2894 0.3117 0.0000
vt 0.2894 0.3181 0.0000
vt 0.2699 0.3185 0.0000
vt 0.2697 0.3121 0.0000
vt 0.2895 0.3245 0.0000
vt 0.2702 0.3249 0.0000
vt 0.2895 0.3310 0.0000
vt 0.2704 0.3313 0.0000
vt 0.2895 0.3374 0.0000
vt 0.2707 0.3378 0.0000
vt 0.2896 0.3439 0.0000
vt 0.2710 0.3442 0.0000
vt 0.2896 0.3503 0.0000
vt 0.2712 0.3506 0.0000
vt 0.2897 0.3567 0.0000
vt 0.2715 0.3571 0.0000
vt 0.2897 0.3631 0.0000
vt 0.2717 0.3635 0.0000
vt 0.2984 0.6101 0.0000
vt 0.2981 0.6038 0.0000
vt 0.3161 0.6029 0.0000
vt 0.3163 0.6092 0.0000
vt 0.2979 0.5975 0.0000
vt 0.3159 0.5966 0.0000
vt 0.2977 0.5912 0.0000
vt 0.3159 0.5903 0.0000
vt 0.2975 0.5849 0.0000
vt 0.3158 0.5839 0.0000
vt 0.2973 0.5786 0.0000
vt 0.3158 0.5776 0.0000
vt 0.2971 0.5723 0.0000
vt 0.3157 0.5713 0.0000
vt 0.2969 0.5661 0.0000
vt 0.3156 0.5650 0.0000
vt 0.2965 0.5598 0.0000
vt 0.3153 0.5587 0.0000
vt 0.2505 0.3193 0.0000
vt 0.2501 0.3130 0.0000
vt 0.2509 0.3257 0.0000
vt 0.2514 0.3322 0.0000
vt 0.2519 0.3386 0.0000
vt 0.2524 0.3450 0.0000
vt 0.2529 0.3515 0.0000
vt 0.2533 0.3579 0.0000
vt 0.2537 0.3643 0.0000
vt 0.3340 0.6022 0.0000
vt 0.3341 0.6085 0.0000
vt 0.3340 0.5959 0.0000
vt 0.3341 0.5895 0.0000
vt 0.3342 0.5831 0.0000
vt 0.3343 0.5768 0.0000
vt 0.3344 0.5704 0.0000
vt 0.3344 0.5641 0.0000
vt 0.3342 0.5578 0.0000
vt 0.2310 0.3207 0.0000
vt 0.2304 0.3144 0.0000
vt 0.2316 0.3271 0.0000
vt 0.2323 0.3335 0.0000
vt 0.2331 0.3399 0.0000
vt 0.2338 0.3464 0.0000
vt 0.2345 0.3528 0.0000
vt 0.2352 0.3592 0.0000
vt 0.2358 0.3655 0.0000
vt 0.3517 0.6018 0.0000
vt 0.3517 0.6081 0.0000
vt 0.3519 0.5955 0.0000
vt 0.3522 0.5891 0.0000
vt 0.3525 0.5827 0.0000
vt 0.3529 0.5763 0.0000
vt 0.3531 0.5700 0.0000
vt 0.3533 0.5636 0.0000
vt 0.3534 0.5574 0.0000
vt 0.2114 0.3228 0.0000
vt 0.2106 0.3164 0.0000
vt 0.2124 0.3291 0.0000
vt 0.2133 0.3355 0.0000
vt 0.2143 0.3419 0.0000
vt 0.2153 0.3483 0.0000
vt 0.2163 0.3547 0.0000
vt 0.2172 0.3610 0.0000
vt 0.2181 0.3674 0.0000
vt 0.3694 0.6020 0.0000
vt 0.3692 0.6083 0.0000
vt 0.3699 0.5957 0.0000
vt 0.3704 0.5893 0.0000
vt 0.3709 0.5829 0.0000
vt 0.3715 0.5765 0.0000
vt 0.3720 0.5702 0.0000
vt 0.3724 0.5639 0.0000
vt 0.3727 0.5576 0.0000
vt 0.1919 0.3255 0.0000
vt 0.1908 0.3192 0.0000
vt 0.1931 0.3319 0.0000
vt 0.1944 0.3382 0.0000
vt 0.1957 0.3445 0.0000
vt 0.1970 0.3509 0.0000
vt 0.1982 0.3572 0.0000
vt 0.1994 0.3635 0.0000
vt 0.2005 0.3699 0.0000
vt 0.3870 0.6029 0.0000
vt 0.3864 0.6091 0.0000
vt 0.3877 0.5966 0.0000
vt 0.3885 0.5903 0.0000
vt 0.3893 0.5839 0.0000
vt 0.3901 0.5775 0.0000
vt 0.3909 0.5712 0.0000
vt 0.3916 0.5649 0.0000
vt 0.3922 0.5586 0.0000
vt 0.1725 0.3292 0.0000
vt 0.1711 0.3230 0.0000
vt 0.1740 0.3355 0.0000
vt 0.1755 0.3417 0.0000
vt 0.1771 0.3480 0.0000
vt 0.1787 0.3543 0.0000
vt 0.1803 0.3605 0.0000
vt 0.1818 0.3668 0.0000
vt 0.1832 0.3731 0.0000
vt 0.4044 0.6046 0.0000
vt 0.4035 0.6108 0.0000
vt 0.4054 0.5984 0.0000
vt 0.4065 0.5921 0.0000
vt 0.4076 0.5858 0.0000
vt 0.4088 0.5795 0.0000
vt 0.4099 0.5732 0.0000
vt 0.4109 0.5670 0.0000
vt 0.4118 0.5607 0.0000
vt 0.1531 0.3339 0.0000
vt 0.1514 0.3277 0.0000
vt 0.1550 0.3400 0.0000
vt 0.1569 0.3462 0.0000
vt 0.1588 0.3524 0.0000
vt 0.1607 0.3586 0.0000
vt 0.1626 0.3647 0.0000
vt 0.1644 0.3709 0.0000
vt 0.1661 0.3771 0.0000
vt 0.4216 0.6073 0.0000
vt 0.4203 0.6135 0.0000
vt 0.4229 0.6012 0.0000
vt 0.4244 0.5950 0.0000
vt 0.4258 0.5888 0.0000
vt 0.4273 0.5825 0.0000
vt 0.4288 0.5763 0.0000
vt 0.4301 0.5701 0.0000
vt 0.4314 0.5640 0.0000
vt 0.1340 0.3397 0.0000
vt 0.1319 0.3336 0.0000
vt 0.1362 0.3457 0.0000
vt 0.1384 0.3518 0.0000
vt 0.1407 0.3578 0.0000
vt 0.1430 0.3639 0.0000
vt 0.1452 0.3699 0.0000
vt 0.1474 0.3760 0.0000
vt 0.1494 0.3820 0.0000
vt 0.4385 0.6111 0.0000
vt 0.4369 0.6172 0.0000
vt 0.4402 0.6051 0.0000
vt 0.4420 0.5990 0.0000
vt 0.4439 0.5928 0.0000
vt 0.4457 0.5867 0.0000
vt 0.4475 0.5806 0.0000
vt 0.4493 0.5746 0.0000
vt 0.4509 0.5685 0.0000
vt 0.1152 0.3467 0.0000
vt 0.1127 0.3408 0.0000
vt 0.1177 0.3525 0.0000
vt 0.1204 0.3584 0.0000
vt 0.1230 0.3643 0.0000
vt 0.1256 0.3702 0.0000
vt 0.1282 0.3761 0.0000
vt 0.1308 0.3820 0.0000
vt 0.1332 0.3879 0.0000
vt 0.4551 0.6160 0.0000
vt 0.4530 0.6220 0.0000
vt 0.4572 0.6101 0.0000
vt 0.4594 0.6041 0.0000
vt 0.4616 0.5982 0.0000
vt 0.4638 0.5922 0.0000
vt 0.4660 0.5862 0.0000
vt 0.4682 0.5803 0.0000
vt 0.4702 0.5744 0.0000
vt 0.0968 0.3550 0.0000
vt 0.0939 0.3492 0.0000
vt 0.0997 0.3607 0.0000
vt 0.1027 0.3663 0.0000
vt 0.1057 0.3720 0.0000
vt 0.1087 0.3777 0.0000
vt 0.1117 0.3834 0.0000
vt 0.1146 0.3892 0.0000
vt 0.1175 0.3949 0.0000
vt 0.4712 0.6221 0.0000
vt 0.4687 0.6278 0.0000
vt 0.4737 0.6163 0.0000
vt 0.4763 0.6105 0.0000
vt 0.4789 0.6047 0.0000
vt 0.4816 0.5989 0.0000
vt 0.4842 0.5931 0.0000
vt 0.4867 0.5874 0.0000
vt 0.4892 0.5816 0.0000
vt 0.0790 0.3646 0.0000
vt 0.0757 0.3591 0.0000
vt 0.0823 0.3700 0.0000
vt 0.0857 0.3755 0.0000
vt 0.0891 0.3810 0.0000
vt 0.0925 0.3865 0.0000
vt 0.0958 0.3919 0.0000
vt 0.0991 0.3974 0.0000
vt 0.1024 0.4029 0.0000
vt 0.4868 0.6293 0.0000
vt 0.4839 0.6349 0.0000
vt 0.4898 0.6237 0.0000
vt 0.4927 0.6182 0.0000
vt 0.4958 0.6126 0.0000
vt 0.4988 0.6070 0.0000
vt 0.5018 0.6014 0.0000
vt 0.5048 0.5959 0.0000
vt 0.5077 0.5903 0.0000
vt 0.0618 0.3756 0.0000
vt 0.0582 0.3703 0.0000
vt 0.0656 0.3808 0.0000
vt 0.0693 0.3860 0.0000
vt 0.0731 0.3912 0.0000
vt 0.0769 0.3963 0.0000
vt 0.0806 0.4016 0.0000
vt 0.0843 0.4068 0.0000
vt 0.0880 0.4120 0.0000
vt 0.5018 0.6377 0.0000
vt 0.4985 0.6431 0.0000
vt 0.5052 0.6324 0.0000
vt 0.5085 0.6271 0.0000
vt 0.5120 0.6217 0.0000
vt 0.5154 0.6164 0.0000
vt 0.5188 0.6111 0.0000
vt 0.5222 0.6057 0.0000
vt 0.5255 0.6004 0.0000
vt 0.0456 0.3879 0.0000
vt 0.0415 0.3829 0.0000
vt 0.0497 0.3928 0.0000
vt 0.0538 0.3977 0.0000
vt 0.0580 0.4025 0.0000
vt 0.0621 0.4074 0.0000
vt 0.0663 0.4123 0.0000
vt 0.0703 0.4173 0.0000
vt 0.0744 0.4222 0.0000
vt 0.5161 0.6473 0.0000
vt 0.5124 0.6524 0.0000
vt 0.5198 0.6422 0.0000
vt 0.5236 0.6372 0.0000
vt 0.5274 0.6321 0.0000
vt 0.5313 0.6271 0.0000
vt 0.5350 0.6220 0.0000
vt 0.5388 0.6170 0.0000
vt 0.5425 0.6120 0.0000
vt 0.0303 0.4015 0.0000
vt 0.0259 0.3969 0.0000
vt 0.0347 0.4061 0.0000
vt 0.0392 0.4106 0.0000
vt 0.0438 0.4151 0.0000
vt 0.0483 0.4196 0.0000
vt 0.0528 0.4242 0.0000
vt 0.0573 0.4288 0.0000
vt 0.0616 0.4335 0.0000
vt 0.5295 0.6580 0.0000
vt 0.5254 0.6628 0.0000
vt 0.5336 0.6532 0.0000
vt 0.5377 0.6484 0.0000
vt 0.5420 0.6437 0.0000
vt 0.5462 0.6390 0.0000
vt 0.5504 0.6343 0.0000
vt 0.5545 0.6296 0.0000
vt 0.5585 0.6248 0.0000
vt 0.0160 0.4162 0.0000
vt 0.0114 0.4117 0.0000
vt 0.0208 0.4206 0.0000
vt 0.0257 0.4248 0.0000
vt 0.0307 0.4289 0.0000
vt 0.0357 0.4329 0.0000
vt 0.0404 0.4370 0.0000
vt 0.0450 0.4413 0.0000
vt 0.0496 0.4457 0.0000
vt 0.5421 0.6695 0.0000
vt 0.5379 0.6741 0.0000
vt 0.5464 0.6650 0.0000
vt 0.5509 0.6607 0.0000
vt 0.5555 0.6565 0.0000
vt 0.5602 0.6522 0.0000
vt 0.5648 0.6478 0.0000
vt 0.5693 0.6432 0.0000
vt 0.5735 0.6386 0.0000
vt 0.5702 0.4805 0.0000
vt 0.5662 0.4854 0.0000
vt 0.5504 0.4730 0.0000
vt 0.5542 0.4680 0.0000
vt 0.5620 0.4903 0.0000
vt 0.5466 0.4779 0.0000
vt 0.5574 0.4951 0.0000
vt 0.5426 0.4827 0.0000
vt 0.5527 0.4995 0.0000
vt 0.5385 0.4875 0.0000
vt 0.5483 0.5039 0.0000
vt 0.5344 0.4923 0.0000
vt 0.5440 0.5082 0.0000
vt 0.5304 0.4972 0.0000
vt 0.5400 0.5128 0.0000
vt 0.5265 0.5023 0.0000
vt 0.5361 0.5177 0.0000
vt 0.5227 0.5073 0.0000
vt 0.0460 0.6042 0.0000
vt 0.0411 0.5999 0.0000
vt 0.0529 0.5864 0.0000
vt 0.0576 0.5909 0.0000
vt 0.0361 0.5957 0.0000
vt 0.0481 0.5819 0.0000
vt 0.0310 0.5917 0.0000
vt 0.0433 0.5774 0.0000
vt 0.0258 0.5878 0.0000
vt 0.0384 0.5729 0.0000
vt 0.0204 0.5839 0.0000
vt 0.0335 0.5685 0.0000
vt 0.0152 0.5798 0.0000
vt 0.0286 0.5641 0.0000
vt 0.0101 0.5755 0.0000
vt 0.0239 0.5596 0.0000
vt 0.0051 0.5712 0.0000
vt 0.0191 0.5551 0.0000
vt 0.5343 0.4611 0.0000
vt 0.5378 0.4559 0.0000
vt 0.5307 0.4662 0.0000
vt 0.5271 0.4714 0.0000
vt 0.5235 0.4765 0.0000
vt 0.5198 0.4817 0.0000
vt 0.5161 0.4869 0.0000
vt 0.5126 0.4921 0.0000
vt 0.5091 0.4973 0.0000
vt 0.0654 0.5737 0.0000
vt 0.0699 0.5785 0.0000
vt 0.0610 0.5688 0.0000
vt 0.0565 0.5639 0.0000
vt 0.0520 0.5590 0.0000
vt 0.0475 0.5541 0.0000
vt 0.0431 0.5494 0.0000
vt 0.0387 0.5445 0.0000
vt 0.0343 0.5397 0.0000
vt 0.5174 0.4504 0.0000
vt 0.5205 0.4450 0.0000
vt 0.5142 0.4559 0.0000
vt 0.5109 0.4613 0.0000
vt 0.5076 0.4667 0.0000
vt 0.5043 0.4721 0.0000
vt 0.5011 0.4775 0.0000
vt 0.4979 0.4830 0.0000
vt 0.4947 0.4884 0.0000
vt 0.0791 0.5621 0.0000
vt 0.0831 0.5673 0.0000
vt 0.0751 0.5569 0.0000
vt 0.0710 0.5516 0.0000
vt 0.0669 0.5464 0.0000
vt 0.0629 0.5412 0.0000
vt 0.0588 0.5361 0.0000
vt 0.0548 0.5309 0.0000
vt 0.0508 0.5257 0.0000
vt 0.4998 0.4411 0.0000
vt 0.5025 0.4355 0.0000
vt 0.4969 0.4468 0.0000
vt 0.4940 0.4524 0.0000
vt 0.4911 0.4581 0.0000
vt 0.4882 0.4637 0.0000
vt 0.4853 0.4693 0.0000
vt 0.4825 0.4750 0.0000
vt 0.4798 0.4806 0.0000
vt 0.0939 0.5520 0.0000
vt 0.0974 0.5575 0.0000
vt 0.0902 0.5465 0.0000
vt 0.0866 0.5409 0.0000
vt 0.0830 0.5353 0.0000
vt 0.0794 0.5298 0.0000
vt 0.0757 0.5243 0.0000
vt 0.0721 0.5189 0.0000
vt 0.0685 0.5133 0.0000
vt 0.4816 0.4332 0.0000
vt 0.4840 0.4273 0.0000
vt 0.4791 0.4390 0.0000
vt 0.4766 0.4448 0.0000
vt 0.4740 0.4506 0.0000
vt 0.4715 0.4564 0.0000
vt 0.4690 0.4623 0.0000
vt 0.4665 0.4681 0.0000
vt 0.4642 0.4739 0.0000
vt 0.1095 0.5431 0.0000
vt 0.1125 0.5489 0.0000
vt 0.1063 0.5374 0.0000
vt 0.1032 0.5318 0.0000
vt 0.1001 0.5260 0.0000
vt 0.0968 0.5201 0.0000
vt 0.0935 0.5142 0.0000
vt 0.0903 0.5084 0.0000
vt 0.0872 0.5026 0.0000
vt 0.4630 0.4264 0.0000
vt 0.4651 0.4205 0.0000
vt 0.4609 0.4324 0.0000
vt 0.4588 0.4384 0.0000
vt 0.4565 0.4443 0.0000
vt 0.4543 0.4503 0.0000
vt 0.4522 0.4563 0.0000
vt 0.4501 0.4622 0.0000
vt 0.4481 0.4682 0.0000
vt 0.1257 0.5353 0.0000
vt 0.1283 0.5413 0.0000
vt 0.1229 0.5293 0.0000
vt 0.1202 0.5233 0.0000
vt 0.1174 0.5173 0.0000
vt 0.1145 0.5112 0.0000
vt 0.1118 0.5052 0.0000
vt 0.1090 0.4992 0.0000
vt 0.1064 0.4932 0.0000
vt 0.4442 0.4209 0.0000
vt 0.4459 0.4148 0.0000
vt 0.4424 0.4269 0.0000
vt 0.4406 0.4330 0.0000
vt 0.4387 0.4391 0.0000
vt 0.4368 0.4452 0.0000
vt 0.4350 0.4513 0.0000
vt 0.4332 0.4573 0.0000
vt 0.4316 0.4634 0.0000
vt 0.1425 0.5289 0.0000
vt 0.1447 0.5351 0.0000
vt 0.1402 0.5227 0.0000
vt 0.1379 0.5165 0.0000
vt 0.1355 0.5103 0.0000
vt 0.1331 0.5041 0.0000
vt 0.1307 0.4978 0.0000
vt 0.1284 0.4917 0.0000
vt 0.1262 0.4855 0.0000
vt 0.4252 0.4163 0.0000
vt 0.4266 0.4102 0.0000
vt 0.4237 0.4225 0.0000
vt 0.4222 0.4287 0.0000
vt 0.4206 0.4348 0.0000
vt 0.4191 0.4410 0.0000
vt 0.4175 0.4472 0.0000
vt 0.4161 0.4533 0.0000
vt 0.4147 0.4595 0.0000
vt 0.1600 0.5240 0.0000
vt 0.1617 0.5303 0.0000
vt 0.1581 0.5177 0.0000
vt 0.1562 0.5114 0.0000
vt 0.1542 0.5051 0.0000
vt 0.1522 0.4988 0.0000
vt 0.1502 0.4924 0.0000
vt 0.1483 0.4860 0.0000
vt 0.1465 0.4796 0.0000
vt 0.4061 0.4127 0.0000
vt 0.4072 0.4065 0.0000
vt 0.4049 0.4190 0.0000
vt 0.4037 0.4252 0.0000
vt 0.4024 0.4314 0.0000
vt 0.4011 0.4377 0.0000
vt 0.3998 0.4439 0.0000
vt 0.3987 0.4501 0.0000
vt 0.3976 0.4563 0.0000
vt 0.1777 0.5197 0.0000
vt 0.1791 0.5261 0.0000
vt 0.1762 0.5133 0.0000
vt 0.1746 0.5068 0.0000
vt 0.1729 0.5003 0.0000
vt 0.1713 0.4939 0.0000
vt 0.1697 0.4874 0.0000
vt 0.1682 0.4810 0.0000
vt 0.1667 0.4745 0.0000
vt 0.3870 0.4100 0.0000
vt 0.3878 0.4037 0.0000
vt 0.3860 0.4162 0.0000
vt 0.3850 0.4225 0.0000
vt 0.3840 0.4288 0.0000
vt 0.3830 0.4351 0.0000
vt 0.3820 0.4413 0.0000
vt 0.3811 0.4476 0.0000
vt 0.3802 0.4538 0.0000
vt 0.1957 0.5164 0.0000
vt 0.1967 0.5229 0.0000
vt 0.1945 0.5099 0.0000
vt 0.1933 0.5034 0.0000
vt 0.1920 0.4968 0.0000
vt 0.1907 0.4902 0.0000
vt 0.1894 0.4837 0.0000
vt 0.1882 0.4772 0.0000
vt 0.1871 0.4707 0.0000
vt 0.3678 0.4079 0.0000
vt 0.3685 0.4016 0.0000
vt 0.3671 0.4142 0.0000
vt 0.3664 0.4205 0.0000
vt 0.3656 0.4268 0.0000
vt 0.3648 0.4331 0.0000
vt 0.3640 0.4394 0.0000
vt 0.3633 0.4457 0.0000
vt 0.3627 0.4519 0.0000
vt 0.2139 0.5142 0.0000
vt 0.2146 0.5207 0.0000
vt 0.2131 0.5076 0.0000
vt 0.2121 0.5010 0.0000
vt 0.2111 0.4944 0.0000
vt 0.2102 0.4877 0.0000
vt 0.2092 0.4811 0.0000
vt 0.2084 0.4746 0.0000
vt 0.2076 0.4680 0.0000
vt 0.3487 0.4064 0.0000
vt 0.3492 0.4001 0.0000
vt 0.3482 0.4127 0.0000
vt 0.3477 0.4190 0.0000
vt 0.3471 0.4253 0.0000
vt 0.3465 0.4317 0.0000
vt 0.3460 0.4380 0.0000
vt 0.3455 0.4443 0.0000
vt 0.3450 0.4506 0.0000
vt 0.2323 0.5127 0.0000
vt 0.2328 0.5193 0.0000
vt 0.2317 0.5061 0.0000
vt 0.2311 0.4995 0.0000
vt 0.2304 0.4928 0.0000
vt 0.2297 0.4862 0.0000
vt 0.2291 0.4796 0.0000
vt 0.2285 0.4730 0.0000
vt 0.2280 0.4664 0.0000
vt 0.3297 0.4054 0.0000
vt 0.3299 0.3991 0.0000
vt 0.3293 0.4117 0.0000
vt 0.3290 0.4180 0.0000
vt 0.3286 0.4244 0.0000
vt 0.3282 0.4307 0.0000
vt 0.3279 0.4370 0.0000
vt 0.3275 0.4433 0.0000
vt 0.3272 0.4496 0.0000
vt 0.2509 0.5120 0.0000
vt 0.2511 0.5185 0.0000
vt 0.2505 0.5053 0.0000
vt 0.2501 0.4987 0.0000
vt 0.2497 0.4920 0.0000
vt 0.2493 0.4854 0.0000
vt 0.2489 0.4788 0.0000
vt 0.2485 0.4722 0.0000
vt 0.2483 0.4656 0.0000
vt 0.3106 0.4048 0.0000
vt 0.3108 0.3986 0.0000
vt 0.3105 0.4111 0.0000
vt 0.3103 0.4175 0.0000
vt 0.3101 0.4238 0.0000
vt 0.3099 0.4301 0.0000
vt 0.3097 0.4365 0.0000
vt 0.3095 0.4428 0.0000
vt 0.3094 0.4491 0.0000
vt 0.2695 0.5117 0.0000
vt 0.2696 0.5183 0.0000
vt 0.2694 0.5051 0.0000
vt 0.2692 0.4984 0.0000
vt 0.2690 0.4918 0.0000
vt 0.2688 0.4851 0.0000
vt 0.2687 0.4785 0.0000
vt 0.2685 0.4719 0.0000
vt 0.2685 0.4654 0.0000
vt 0.2916 0.4046 0.0000
vt 0.2916 0.3984 0.0000
vt 0.2916 0.4109 0.0000
vt 0.2916 0.4173 0.0000
vt 0.2916 0.4236 0.0000
vt 0.2915 0.4299 0.0000
vt 0.2915 0.4363 0.0000
vt 0.2915 0.4426 0.0000
vt 0.2915 0.4489 0.0000
vt 0.2882 0.5118 0.0000
vt 0.2881 0.5184 0.0000
vt 0.2883 0.5052 0.0000
vt 0.2883 0.4986 0.0000
vt 0.2883 0.4919 0.0000
vt 0.2884 0.4853 0.0000
vt 0.2884 0.4787 0.0000
vt 0.2885 0.4721 0.0000
vt 0.2885 0.4655 0.0000
vt 0.2726 0.4048 0.0000
vt 0.2724 0.3985 0.0000
vt 0.2727 0.4111 0.0000
vt 0.2729 0.4174 0.0000
vt 0.2730 0.4238 0.0000
vt 0.2732 0.4301 0.0000
vt 0.2734 0.4364 0.0000
vt 0.2735 0.4428 0.0000
vt 0.2736 0.4490 0.0000
vt 0.3069 0.5123 0.0000
vt 0.3067 0.5189 0.0000
vt 0.3072 0.5057 0.0000
vt 0.3074 0.4991 0.0000
vt 0.3076 0.4924 0.0000
vt 0.3079 0.4858 0.0000
vt 0.3081 0.4792 0.0000
vt 0.3083 0.4726 0.0000
vt 0.3086 0.4660 0.0000
vt 0.2535 0.4053 0.0000
vt 0.2532 0.3990 0.0000
vt 0.2538 0.4116 0.0000
vt 0.2542 0.4179 0.0000
vt 0.2545 0.4243 0.0000
vt 0.2549 0.4306 0.0000
vt 0.2552 0.4369 0.0000
vt 0.2555 0.4433 0.0000
vt 0.2558 0.4495 0.0000
vt 0.3257 0.5131 0.0000
vt 0.3253 0.5196 0.0000
vt 0.3261 0.5064 0.0000
vt 0.3265 0.4998 0.0000
vt 0.3269 0.4932 0.0000
vt 0.3274 0.4866 0.0000
vt 0.3278 0.4800 0.0000
vt 0.3282 0.4734 0.0000
vt 0.3286 0.4668 0.0000
vt 0.2344 0.4062 0.0000
vt 0.2340 0.4000 0.0000
vt 0.2349 0.4125 0.0000
vt 0.2355 0.4188 0.0000
vt 0.2360 0.4252 0.0000
vt 0.2366 0.4315 0.0000
vt 0.2371 0.4378 0.0000
vt 0.2376 0.4441 0.0000
vt 0.2380 0.4504 0.0000
vt 0.3443 0.5142 0.0000
vt 0.3438 0.5207 0.0000
vt 0.3449 0.5076 0.0000
vt 0.3456 0.5009 0.0000
vt 0.3462 0.4943 0.0000
vt 0.3469 0.4877 0.0000
vt 0.3476 0.4811 0.0000
vt 0.3482 0.4745 0.0000
vt 0.3487 0.4680 0.0000
vt 0.2153 0.4077 0.0000
vt 0.2147 0.4014 0.0000
vt 0.2160 0.4139 0.0000
vt 0.2168 0.4202 0.0000
vt 0.2175 0.4266 0.0000
vt 0.2183 0.4329 0.0000
vt 0.2190 0.4392 0.0000
vt 0.2197 0.4455 0.0000
vt 0.2203 0.4517 0.0000
vt 0.3629 0.5157 0.0000
vt 0.3622 0.5222 0.0000
vt 0.3637 0.5091 0.0000
vt 0.3646 0.5025 0.0000
vt 0.3655 0.4959 0.0000
vt 0.3664 0.4893 0.0000
vt 0.3673 0.4827 0.0000
vt 0.3681 0.4762 0.0000
vt 0.3688 0.4696 0.0000
vt 0.1962 0.4097 0.0000
vt 0.1954 0.4035 0.0000
vt 0.1971 0.4159 0.0000
vt 0.1981 0.4222 0.0000
vt 0.1991 0.4285 0.0000
vt 0.2001 0.4348 0.0000
vt 0.2011 0.4411 0.0000
vt 0.2020 0.4473 0.0000
vt 0.2028 0.4536 0.0000
vt 0.3813 0.5178 0.0000
vt 0.3804 0.5243 0.0000
vt 0.3824 0.5113 0.0000
vt 0.3835 0.5047 0.0000
vt 0.3847 0.4981 0.0000
vt 0.3859 0.4916 0.0000
vt 0.3871 0.4850 0.0000
vt 0.3881 0.4785 0.0000
vt 0.3891 0.4720 0.0000
vt 0.1771 0.4124 0.0000
vt 0.1760 0.4062 0.0000
vt 0.1782 0.4186 0.0000
vt 0.1795 0.4249 0.0000
vt 0.1807 0.4311 0.0000
vt 0.1820 0.4374 0.0000
vt 0.1832 0.4436 0.0000
vt 0.1843 0.4498 0.0000
vt 0.1854 0.4560 0.0000
vt 0.3995 0.5206 0.0000
vt 0.3983 0.5271 0.0000
vt 0.4009 0.5142 0.0000
vt 0.4024 0.5076 0.0000
vt 0.4038 0.5011 0.0000
vt 0.4053 0.4946 0.0000
vt 0.4068 0.4881 0.0000
vt 0.4082 0.4816 0.0000
vt 0.4094 0.4752 0.0000
vt 0.1580 0.4160 0.0000
vt 0.1567 0.4098 0.0000
vt 0.1594 0.4222 0.0000
vt 0.1609 0.4284 0.0000
vt 0.1625 0.4345 0.0000
vt 0.1640 0.4407 0.0000
vt 0.1655 0.4468 0.0000
vt 0.1669 0.4530 0.0000
vt 0.1682 0.4591 0.0000
vt 0.4175 0.5243 0.0000
vt 0.4160 0.5307 0.0000
vt 0.4192 0.5179 0.0000
vt 0.4210 0.5115 0.0000
vt 0.4228 0.5051 0.0000
vt 0.4246 0.4986 0.0000
vt 0.4264 0.4922 0.0000
vt 0.4281 0.4858 0.0000
vt 0.4297 0.4794 0.0000
vt 0.1389 0.4202 0.0000
vt 0.1373 0.4141 0.0000
vt 0.1407 0.4263 0.0000
vt 0.1425 0.4325 0.0000
vt 0.1444 0.4386 0.0000
vt 0.1462 0.4446 0.0000
vt 0.1480 0.4506 0.0000
vt 0.1497 0.4567 0.0000
vt 0.1513 0.4628 0.0000
vt 0.4352 0.5290 0.0000
vt 0.4333 0.5353 0.0000
vt 0.4373 0.5227 0.0000
vt 0.4394 0.5164 0.0000
vt 0.4415 0.5101 0.0000
vt 0.4437 0.5038 0.0000
vt 0.4459 0.4974 0.0000
vt 0.4479 0.4911 0.0000
vt 0.4499 0.4849 0.0000
vt 0.1199 0.4253 0.0000
vt 0.1179 0.4193 0.0000
vt 0.1220 0.4312 0.0000
vt 0.1241 0.4371 0.0000
vt 0.1263 0.4430 0.0000
vt 0.1285 0.4491 0.0000
vt 0.1307 0.4551 0.0000
vt 0.1328 0.4611 0.0000
vt 0.1347 0.4671 0.0000
vt 0.4525 0.5347 0.0000
vt 0.4502 0.5409 0.0000
vt 0.4549 0.5286 0.0000
vt 0.4574 0.5224 0.0000
vt 0.4599 0.5163 0.0000
vt 0.4625 0.5101 0.0000
vt 0.4650 0.5039 0.0000
vt 0.4675 0.4978 0.0000
vt 0.4698 0.4917 0.0000
vt 0.1012 0.4319 0.0000
vt 0.0988 0.4261 0.0000
vt 0.1037 0.4377 0.0000
vt 0.1062 0.4434 0.0000
vt 0.1087 0.4492 0.0000
vt 0.1114 0.4551 0.0000
vt 0.1139 0.4610 0.0000
vt 0.1164 0.4668 0.0000
vt 0.1187 0.4727 0.0000
vt 0.4693 0.5417 0.0000
vt 0.4665 0.5476 0.0000
vt 0.4721 0.5357 0.0000
vt 0.4750 0.5297 0.0000
vt 0.4779 0.5237 0.0000
vt 0.4808 0.5177 0.0000
vt 0.4837 0.5118 0.0000
vt 0.4866 0.5058 0.0000
vt 0.4894 0.4998 0.0000
vt 0.0831 0.4402 0.0000
vt 0.0802 0.4346 0.0000
vt 0.0860 0.4458 0.0000
vt 0.0889 0.4515 0.0000
vt 0.0919 0.4571 0.0000
vt 0.0949 0.4627 0.0000
vt 0.0977 0.4682 0.0000
vt 0.1006 0.4738 0.0000
vt 0.1033 0.4794 0.0000
vt 0.4855 0.5498 0.0000
vt 0.4823 0.5555 0.0000
vt 0.4887 0.5440 0.0000
vt 0.4920 0.5383 0.0000
vt 0.4953 0.5325 0.0000
vt 0.4986 0.5267 0.0000
vt 0.5019 0.5210 0.0000
vt 0.5051 0.5152 0.0000
vt 0.5083 0.5095 0.0000
vt 0.0655 0.4497 0.0000
vt 0.0622 0.4443 0.0000
vt 0.0687 0.4551 0.0000
vt 0.0721 0.4605 0.0000
vt 0.0754 0.4658 0.0000
vt 0.0788 0.4712 0.0000
vt 0.0821 0.4766 0.0000
vt 0.0853 0.4819 0.0000
vt 0.0885 0.4873 0.0000
vt 0.5010 0.5591 0.0000
vt 0.4975 0.5646 0.0000
vt 0.5047 0.5535 0.0000
vt 0.5083 0.5480 0.0000
vt 0.5120 0.5425 0.0000
vt 0.5157 0.5370 0.0000
vt 0.5193 0.5315 0.0000
vt 0.5229 0.5261 0.0000
vt 0.5265 0.5206 0.0000
vt 0.0486 0.4606 0.0000
vt 0.0450 0.4555 0.0000
vt 0.0523 0.4657 0.0000
vt 0.0560 0.4708 0.0000
vt 0.0598 0.4759 0.0000
vt 0.0635 0.4810 0.0000
vt 0.0672 0.4861 0.0000
vt 0.0709 0.4912 0.0000
vt 0.0745 0.4964 0.0000
vt 0.5158 0.5696 0.0000
vt 0.5119 0.5749 0.0000
vt 0.5198 0.5642 0.0000
vt 0.5239 0.5589 0.0000
vt 0.5280 0.5536 0.0000
vt 0.5321 0.5485 0.0000
vt 0.5361 0.5434 0.0000
vt 0.5399 0.5382 0.0000
vt 0.5438 0.5329 0.0000
vt 0.0327 0.4729 0.0000
vt 0.0287 0.4681 0.0000
vt 0.0367 0.4777 0.0000
vt 0.0408 0.4825 0.0000
vt 0.0449 0.4872 0.0000
vt 0.0491 0.4920 0.0000
vt 0.0532 0.4968 0.0000
vt 0.0572 0.5017 0.0000
vt 0.0612 0.5065 0.0000
vt 0.5304 0.5801 0.0000
vt 0.5263 0.5851 0.0000
vt 0.5347 0.5751 0.0000
vt 0.5391 0.5702 0.0000
vt 0.5436 0.5654 0.0000
vt 0.5481 0.5605 0.0000
vt 0.5526 0.5555 0.0000
vt 0.5570 0.5504 0.0000
vt 0.5612 0.5454 0.0000
vt 0.0177 0.4863 0.0000
vt 0.0135 0.4816 0.0000
vt 0.0220 0.4910 0.0000
vt 0.0266 0.4955 0.0000
vt 0.0312 0.4998 0.0000
vt 0.0358 0.5041 0.0000
vt 0.0402 0.5085 0.0000
vt 0.0444 0.5130 0.0000
vt 0.0485 0.5176 0.0000
vt 0.5436 0.5922 0.0000
vt 0.5392 0.5970 0.0000
vt 0.5480 0.5876 0.0000
vt 0.5527 0.5832 0.0000
vt 0.5577 0.5789 0.0000
vt 0.5627 0.5744 0.0000
vt 0.5676 0.5698 0.0000
vt 0.5723 0.5649 0.0000
vt 0.5768 0.5601 0.0000
vt 0.5683 0.4090 0.0000
vt 0.5637 0.4135 0.0000
vt 0.5492 0.3991 0.0000
vt 0.5535 0.3944 0.0000
vt 0.5590 0.4180 0.0000
vt 0.5448 0.4037 0.0000
vt 0.5541 0.4223 0.0000
vt 0.5404 0.4082 0.0000
vt 0.5490 0.4264 0.0000
vt 0.5359 0.4128 0.0000
vt 0.5441 0.4305 0.0000
vt 0.5313 0.4173 0.0000
vt 0.5394 0.4346 0.0000
vt 0.5268 0.4219 0.0000
vt 0.5348 0.4389 0.0000
vt 0.5225 0.4266 0.0000
vt 0.5303 0.4434 0.0000
vt 0.5181 0.4313 0.0000
vt 0.0528 0.6736 0.0000
vt 0.0489 0.6688 0.0000
vt 0.0621 0.6580 0.0000
vt 0.0658 0.6630 0.0000
vt 0.0448 0.6642 0.0000
vt 0.0582 0.6530 0.0000
vt 0.0406 0.6597 0.0000
vt 0.0543 0.6480 0.0000
vt 0.0361 0.6552 0.0000
vt 0.0503 0.6431 0.0000
vt 0.0317 0.6507 0.0000
vt 0.0462 0.6382 0.0000
vt 0.0272 0.6461 0.0000
vt 0.0423 0.6333 0.0000
vt 0.0230 0.6413 0.0000
vt 0.0385 0.6284 0.0000
vt 0.0190 0.6364 0.0000
vt 0.0347 0.6234 0.0000
vt 0.5339 0.3855 0.0000
vt 0.5379 0.3806 0.0000
vt 0.5298 0.3904 0.0000
vt 0.5257 0.3954 0.0000
vt 0.5216 0.4003 0.0000
vt 0.5175 0.4052 0.0000
vt 0.5134 0.4101 0.0000
vt 0.5093 0.4151 0.0000
vt 0.5053 0.4200 0.0000
vt 0.0760 0.6480 0.0000
vt 0.0794 0.6533 0.0000
vt 0.0725 0.6428 0.0000
vt 0.0690 0.6375 0.0000
vt 0.0654 0.6323 0.0000
vt 0.0618 0.6271 0.0000
vt 0.0583 0.6219 0.0000
vt 0.0548 0.6166 0.0000
vt 0.0513 0.6114 0.0000
vt 0.5176 0.3733 0.0000
vt 0.5212 0.3680 0.0000
vt 0.5139 0.3785 0.0000
vt 0.5102 0.3837 0.0000
vt 0.5064 0.3889 0.0000
vt 0.5027 0.3942 0.0000
vt 0.4990 0.3994 0.0000
vt 0.4953 0.4046 0.0000
vt 0.4917 0.4099 0.0000
vt 0.0908 0.6392 0.0000
vt 0.0938 0.6447 0.0000
vt 0.0877 0.6338 0.0000
vt 0.0846 0.6283 0.0000
vt 0.0814 0.6228 0.0000
vt 0.0782 0.6173 0.0000
vt 0.0750 0.6118 0.0000
vt 0.0719 0.6063 0.0000
vt 0.0689 0.6008 0.0000
vt 0.5004 0.3624 0.0000
vt 0.5036 0.3569 0.0000
vt 0.4971 0.3679 0.0000
vt 0.4938 0.3734 0.0000
vt 0.4904 0.3789 0.0000
vt 0.4871 0.3844 0.0000
vt 0.4837 0.3898 0.0000
vt 0.4805 0.3953 0.0000
vt 0.4773 0.4009 0.0000
vt 0.1063 0.6317 0.0000
vt 0.1088 0.6374 0.0000
vt 0.1036 0.6260 0.0000
vt 0.1009 0.6203 0.0000
vt 0.0981 0.6145 0.0000
vt 0.0953 0.6088 0.0000
vt 0.0925 0.6031 0.0000
vt 0.0898 0.5974 0.0000
vt 0.0872 0.5917 0.0000
vt 0.4825 0.3529 0.0000
vt 0.4853 0.3471 0.0000
vt 0.4796 0.3586 0.0000
vt 0.4766 0.3643 0.0000
vt 0.4737 0.3700 0.0000
vt 0.4707 0.3758 0.0000
vt 0.4678 0.3815 0.0000
vt 0.4649 0.3872 0.0000
vt 0.4621 0.3930 0.0000
vt 0.1223 0.6253 0.0000
vt 0.1245 0.6312 0.0000
vt 0.1201 0.6195 0.0000
vt 0.1177 0.6136 0.0000
vt 0.1153 0.6076 0.0000
vt 0.1129 0.6017 0.0000
vt 0.1105 0.5958 0.0000
vt 0.1082 0.5899 0.0000
vt 0.1061 0.5841 0.0000
vt 0.4640 0.3447 0.0000
vt 0.4664 0.3388 0.0000
vt 0.4615 0.3506 0.0000
vt 0.4589 0.3566 0.0000
vt 0.4564 0.3625 0.0000
vt 0.4538 0.3684 0.0000
vt 0.4512 0.3743 0.0000
vt 0.4487 0.3802 0.0000
vt 0.4464 0.3861 0.0000
vt 0.1389 0.6202 0.0000
vt 0.1406 0.6262 0.0000
vt 0.1370 0.6142 0.0000
vt 0.1350 0.6081 0.0000
vt 0.1330 0.6020 0.0000
vt 0.1310 0.5960 0.0000
vt 0.1290 0.5899 0.0000
vt 0.1270 0.5839 0.0000
vt 0.1252 0.5779 0.0000
vt 0.4451 0.3379 0.0000
vt 0.4472 0.3318 0.0000
vt 0.4430 0.3440 0.0000
vt 0.4408 0.3500 0.0000
vt 0.4386 0.3561 0.0000
vt 0.4364 0.3622 0.0000
vt 0.4342 0.3682 0.0000
vt 0.4321 0.3743 0.0000
vt 0.4301 0.3804 0.0000
vt 0.1558 0.6161 0.0000
vt 0.1572 0.6222 0.0000
vt 0.1543 0.6100 0.0000
vt 0.1527 0.6038 0.0000
vt 0.1510 0.5976 0.0000
vt 0.1493 0.5915 0.0000
vt 0.1476 0.5853 0.0000
vt 0.1460 0.5791 0.0000
vt 0.1446 0.5730 0.0000
vt 0.4259 0.3323 0.0000
vt 0.4276 0.3261 0.0000
vt 0.4242 0.3385 0.0000
vt 0.4223 0.3447 0.0000
vt 0.4205 0.3509 0.0000
vt 0.4186 0.3571 0.0000
vt 0.4168 0.3632 0.0000
vt 0.4150 0.3694 0.0000
vt 0.4134 0.3756 0.0000
vt 0.1731 0.6130 0.0000
vt 0.1742 0.6192 0.0000
vt 0.1719 0.6068 0.0000
vt 0.1705 0.6005 0.0000
vt 0.1691 0.5943 0.0000
vt 0.1677 0.5880 0.0000
vt 0.1664 0.5818 0.0000
vt 0.1651 0.5756 0.0000
vt 0.1641 0.5694 0.0000
vt 0.4065 0.3278 0.0000
vt 0.4079 0.3216 0.0000
vt 0.4051 0.3341 0.0000
vt 0.4036 0.3404 0.0000
vt 0.4021 0.3466 0.0000
vt 0.4005 0.3529 0.0000
vt 0.3990 0.3592 0.0000
vt 0.3976 0.3655 0.0000
vt 0.3963 0.3718 0.0000
vt 0.1906 0.6107 0.0000
vt 0.1914 0.6169 0.0000
vt 0.1896 0.6044 0.0000
vt 0.1885 0.5981 0.0000
vt 0.1874 0.5918 0.0000
vt 0.1863 0.5855 0.0000
vt 0.1852 0.5792 0.0000
vt 0.1842 0.5730 0.0000
vt 0.1834 0.5667 0.0000
vt 0.3870 0.3243 0.0000
vt 0.3881 0.3180 0.0000
vt 0.3859 0.3307 0.0000
vt 0.3847 0.3370 0.0000
vt 0.3835 0.3434 0.0000
vt 0.3823 0.3497 0.0000
vt 0.3811 0.3561 0.0000
vt 0.3800 0.3624 0.0000
vt 0.3789 0.3687 0.0000
vt 0.2083 0.6090 0.0000
vt 0.2089 0.6152 0.0000
vt 0.2075 0.6027 0.0000
vt 0.2067 0.5964 0.0000
vt 0.2057 0.5901 0.0000
vt 0.2048 0.5838 0.0000
vt 0.2040 0.5774 0.0000
vt 0.2033 0.5712 0.0000
vt 0.2027 0.5649 0.0000
vt 0.3675 0.3218 0.0000
vt 0.3682 0.3154 0.0000
vt 0.3666 0.3281 0.0000
vt 0.3657 0.3345 0.0000
vt 0.3648 0.3409 0.0000
vt 0.3639 0.3473 0.0000
vt 0.3630 0.3537 0.0000
vt 0.3621 0.3601 0.0000
vt 0.3614 0.3665 0.0000
vt 0.2261 0.6077 0.0000
vt 0.2266 0.6140 0.0000
vt 0.2255 0.6014 0.0000
vt 0.2248 0.5951 0.0000
vt 0.2241 0.5888 0.0000
vt 0.2234 0.5825 0.0000
vt 0.2227 0.5762 0.0000
vt 0.2221 0.5699 0.0000
vt 0.2217 0.5637 0.0000
vt 0.3479 0.3200 0.0000
vt 0.3485 0.3136 0.0000
vt 0.3473 0.3264 0.0000
vt 0.3467 0.3328 0.0000
vt 0.3460 0.3392 0.0000
vt 0.3454 0.3456 0.0000
vt 0.3447 0.3521 0.0000
vt 0.3441 0.3585 0.0000
vt 0.3436 0.3648 0.0000
vt 0.2440 0.6067 0.0000
vt 0.2444 0.6130 0.0000
vt 0.2436 0.6004 0.0000
vt 0.2430 0.5941 0.0000
vt 0.2425 0.5878 0.0000
vt 0.2419 0.5815 0.0000
vt 0.2414 0.5753 0.0000
vt 0.2409 0.5690 0.0000
vt 0.2406 0.5627 0.0000
vt 0.3284 0.3188 0.0000
vt 0.3287 0.3124 0.0000
vt 0.3280 0.3252 0.0000
vt 0.3276 0.3317 0.0000
vt 0.3272 0.3381 0.0000
vt 0.3268 0.3445 0.0000
vt 0.3264 0.3510 0.0000
vt 0.3260 0.3574 0.0000
vt 0.3257 0.3638 0.0000
vt 0.2621 0.6058 0.0000
vt 0.2624 0.6121 0.0000
vt 0.2617 0.5995 0.0000
vt 0.2612 0.5932 0.0000
vt 0.2608 0.5869 0.0000
vt 0.2604 0.5807 0.0000
vt 0.2600 0.5744 0.0000
vt 0.2596 0.5681 0.0000
vt 0.2593 0.5619 0.0000
vt 0.3089 0.3182 0.0000
vt 0.3090 0.3118 0.0000
vt 0.3088 0.3246 0.0000
vt 0.3086 0.3311 0.0000
vt 0.3084 0.3375 0.0000
vt 0.3082 0.3440 0.0000
vt 0.3080 0.3504 0.0000
vt 0.3079 0.3568 0.0000
vt 0.3077 0.3632 0.0000
vt 0.2801 0.6049 0.0000
vt 0.2804 0.6111 0.0000
vt 0.2798 0.5986 0.0000
vt 0.2795 0.5923 0.0000
vt 0.2792 0.5860 0.0000
vt 0.2789 0.5797 0.0000
vt 0.2786 0.5735 0.0000
vt 0.2782 0.5672 0.0000
vt 0.2779 0.5610 0.0000
vt 0.4199 0.1687 0.0000
vt 0.4212 0.1626 0.0000
vt 0.4185 0.1747 0.0000
vt 0.2271 0.0579 0.0000
vt 0.2273 0.0639 0.0000
vt 0.2270 0.0520 0.0000
vt 0.2268 0.0460 0.0000
vt 0.4170 0.1808 0.0000
vt 0.4155 0.1870 0.0000
vt 0.4140 0.1931 0.0000
vt 0.4125 0.1992 0.0000
vt 0.4111 0.2052 0.0000
vt 0.4099 0.2113 0.0000
vt 0.4005 0.1655 0.0000
vt 0.4014 0.1594 0.0000
vt 0.2267 0.0401 0.0000
vt 0.2461 0.0580 0.0000
vt 0.2460 0.0640 0.0000
vt 0.2461 0.0521 0.0000
vt 0.2461 0.0461 0.0000
vt 0.3015 0.0979 0.0000
vt 0.3024 0.0861 0.0000
vt 0.3028 0.0801 0.0000
vt 0.3033 0.0742 0.0000
vt 0.3209 0.0935 0.0000
vt 0.3204 0.0995 0.0000
vt 0.3214 0.0876 0.0000
vt 0.3219 0.0817 0.0000
vt 0.3224 0.0758 0.0000
vt 0.3400 0.0951 0.0000
vt 0.3394 0.1010 0.0000
vt 0.3405 0.0892 0.0000
vt 0.3410 0.0833 0.0000
vt 0.3415 0.0773 0.0000
vt 0.3590 0.0966 0.0000
vt 0.3585 0.1025 0.0000
vt 0.3595 0.0907 0.0000
vt 0.3601 0.0848 0.0000
vt 0.3606 0.0788 0.0000
vt 0.3780 0.0981 0.0000
vt 0.3774 0.1040 0.0000
vt 0.3786 0.0922 0.0000
vt 0.3792 0.0863 0.0000
vt 0.3797 0.0804 0.0000
vt 0.3969 0.0997 0.0000
vt 0.3963 0.1057 0.0000
vt 0.3976 0.0938 0.0000
vt 0.3983 0.0879 0.0000
vt 0.3989 0.0820 0.0000
vt 0.4158 0.1017 0.0000
vt 0.4150 0.1076 0.0000
vt 0.4166 0.0958 0.0000
vt 0.4174 0.0899 0.0000
vt 0.4182 0.0841 0.0000
vt 0.4345 0.1042 0.0000
vt 0.4335 0.1101 0.0000
vt 0.4355 0.0983 0.0000
vt 0.4366 0.0925 0.0000
vt 0.4376 0.0866 0.0000
vt 0.4531 0.1074 0.0000
vt 0.4518 0.1132 0.0000
vt 0.4544 0.1016 0.0000
vt 0.4557 0.0958 0.0000
vt 0.4569 0.0899 0.0000
vt 0.4714 0.1114 0.0000
vt 0.4699 0.1172 0.0000
vt 0.4730 0.1057 0.0000
vt 0.4746 0.0999 0.0000
vt 0.4762 0.0942 0.0000
vt 0.4895 0.1164 0.0000
vt 0.4876 0.1221 0.0000
vt 0.4914 0.1108 0.0000
vt 0.4933 0.1052 0.0000
vt 0.4952 0.0995 0.0000
vt 0.5071 0.1226 0.0000
vt 0.5048 0.1281 0.0000
vt 0.5094 0.1171 0.0000
vt 0.5117 0.1116 0.0000
vt 0.5139 0.1061 0.0000
vt 0.5243 0.1298 0.0000
vt 0.5216 0.1352 0.0000
vt 0.5269 0.1245 0.0000
vt 0.5296 0.1192 0.0000
vt 0.5322 0.1138 0.0000
vt 0.5409 0.1383 0.0000
vt 0.5379 0.1434 0.0000
vt 0.5439 0.1331 0.0000
vt 0.5469 0.1280 0.0000
vt 0.5499 0.1228 0.0000
vt 0.5568 0.1478 0.0000
vt 0.5534 0.1527 0.0000
vt 0.5602 0.1429 0.0000
vt 0.5636 0.1379 0.0000
vt 0.5669 0.1330 0.0000
vt 0.5720 0.1584 0.0000
vt 0.5682 0.1631 0.0000
vt 0.5759 0.1537 0.0000
vt 0.5795 0.1489 0.0000
vt 0.5831 0.1441 0.0000
vt 0.3994 0.1717 0.0000
vt 0.3983 0.1778 0.0000
vt 0.3972 0.1840 0.0000
vt 0.3960 0.1902 0.0000
vt 0.3949 0.1964 0.0000
vt 0.3939 0.2026 0.0000
vt 0.3930 0.2087 0.0000
vt 0.3811 0.1635 0.0000
vt 0.3817 0.1574 0.0000
vt 0.3804 0.1697 0.0000
vt 0.3796 0.1759 0.0000
vt 0.3787 0.1822 0.0000
vt 0.3779 0.1884 0.0000
vt 0.3771 0.1946 0.0000
vt 0.3764 0.2008 0.0000
vt 0.3758 0.2070 0.0000
vt 0.3617 0.1625 0.0000
vt 0.3620 0.1563 0.0000
vt 0.3613 0.1687 0.0000
vt 0.3608 0.1749 0.0000
vt 0.3602 0.1812 0.0000
vt 0.3597 0.1875 0.0000
vt 0.3592 0.1937 0.0000
vt 0.3587 0.1999 0.0000
vt 0.3584 0.2061 0.0000
vt 0.3425 0.1622 0.0000
vt 0.3426 0.1560 0.0000
vt 0.3423 0.1684 0.0000
vt 0.3421 0.1747 0.0000
vt 0.3418 0.1809 0.0000
vt 0.3414 0.1872 0.0000
vt 0.3412 0.1935 0.0000
vt 0.3410 0.1997 0.0000
vt 0.3409 0.2059 0.0000
vt 0.3234 0.1625 0.0000
vt 0.3233 0.1564 0.0000
vt 0.3234 0.1687 0.0000
vt 0.3234 0.1750 0.0000
vt 0.3233 0.1812 0.0000
vt 0.3232 0.1875 0.0000
vt 0.3231 0.1937 0.0000
vt 0.3231 0.1999 0.0000
vt 0.3232 0.2061 0.0000
vt 0.3045 0.1632 0.0000
vt 0.3042 0.1571 0.0000
vt 0.3046 0.1694 0.0000
vt 0.3047 0.1756 0.0000
vt 0.3048 0.1818 0.0000
vt 0.3049 0.1881 0.0000
vt 0.3051 0.1943 0.0000
vt 0.3052 0.2005 0.0000
vt 0.3054 0.2067 0.0000
vt 0.2462 0.0402 0.0000
vt 0.2650 0.0586 0.0000
vt 0.2648 0.0645 0.0000
vt 0.2652 0.0526 0.0000
vt 0.2654 0.0467 0.0000
vt 0.2656 0.0407 0.0000
vt 0.2840 0.0594 0.0000
vt 0.2837 0.0654 0.0000
vt 0.2843 0.0535 0.0000
vt 0.2846 0.0476 0.0000
vt 0.2849 0.0416 0.0000
# 3978 texture coords

g InflatablePool
usemtl InflatablePool
s 1
f 1/1/1 2/2/2 18/3/3 17/4/4 
f 2/2/5 3/5/6 19/6/7 18/3/8 
f 3/5/9 4/7/10 20/8/11 19/6/12 
f 4/7/13 5/9/14 21/10/15 20/8/16 
f 5/9/17 6/11/18 22/12/19 21/10/20 
f 6/11/21 7/13/22 23/14/23 22/12/24 
f 7/13/25 8/15/26 24/16/27 23/14/28 
f 8/15/29 9/33/30 25/34/31 24/16/32 
f 9/17/33 10/18/34 26/19/35 25/20/36 
f 10/18/37 11/21/38 27/22/39 26/19/40 
f 11/21/41 12/23/42 28/24/43 27/22/44 
f 12/23/45 13/25/46 29/26/47 28/24/48 
f 13/25/49 14/27/50 30/28/51 29/26/52 
f 14/27/53 15/29/54 31/30/55 30/28/56 
f 15/29/57 16/31/58 32/32/59 31/30/60 
f 16/31/61 1/41/62 17/42/63 32/32/64 
f 17/4/65 18/3/66 34/35/67 33/36/68 
f 18/3/69 19/6/70 35/37/71 34/35/72 
f 19/6/73 20/8/74 36/38/75 35/37/76 
f 20/8/77 21/10/78 37/39/79 36/38/80 
f 21/10/81 22/12/82 38/40/83 37/39/84 
f 22/12/85 23/14/86 39/49/87 38/40/88 
f 23/14/89 24/16/90 40/50/91 39/49/92 
f 24/16/93 25/34/94 41/51/95 40/50/96 
f 25/20/97 26/19/98 42/43/99 41/44/100 
f 26/19/101 27/22/102 43/45/103 42/43/104 
f 27/22/105 28/24/106 44/46/107 43/45/108 
f 28/24/109 29/26/110 45/47/111 44/46/112 
f 29/26/113 30/28/114 46/48/115 45/47/116 
f 30/28/117 31/30/118 47/57/119 46/48/120 
f 31/30/121 32/32/122 48/58/123 47/57/124 
f 32/32/125 17/42/126 33/59/127 48/58/128 
f 33/36/129 34/35/130 50/52/131 49/53/132 
f 34/35/133 35/37/134 51/54/135 50/52/136 
f 35/37/137 36/38/138 52/55/139 51/54/140 
f 36/38/141 37/39/142 53/56/143 52/55/144 
f 37/39/145 38/40/146 54/65/147 53/56/148 
f 38/40/149 39/49/150 55/66/151 54/65/152 
f 39/49/153 40/50/154 56/67/155 55/66/156 
f 40/50/157 41/51/158 57/68/159 56/67/160 
f 41/44/161 42/43/162 58/60/163 57/61/164 
f 42/43/165 43/45/166 59/62/167 58/60/168 
f 43/45/169 44/46/170 60/63/171 59/62/172 
f 44/46/173 45/47/174 61/64/175 60/63/176 
f 45/47/177 46/48/178 62/73/179 61/64/180 
f 46/48/181 47/57/182 63/74/183 62/73/184 
f 47/57/185 48/58/186 64/75/187 63/74/188 
f 48/58/189 33/59/190 49/76/191 64/75/192 
f 49/53/193 50/52/194 66/69/195 65/70/196 
f 50/52/197 51/54/198 67/71/199 66/69/200 
f 51/54/201 52/55/202 68/72/203 67/71/204 
f 52/55/205 53/56/206 69/81/207 68/72/208 
f 53/56/209 54/65/210 70/82/211 69/81/212 
f 54/65/213 55/66/214 71/83/215 70/82/216 
f 55/66/217 56/67/218 72/84/219 71/83/220 
f 56/67/221 57/68/222 73/85/223 72/84/224 
f 57/61/225 58/60/226 74/77/227 73/78/228 
f 58/60/229 59/62/230 75/79/231 74/77/232 
f 59/62/233 60/63/234 76/80/235 75/79/236 
f 60/63/237 61/64/238 77/89/239 76/80/240 
f 61/64/241 62/73/242 78/90/243 77/89/244 
f 62/73/245 63/74/246 79/91/247 78/90/248 
f 63/74/249 64/75/250 80/92/251 79/91/252 
f 64/75/253 49/76/254 65/93/255 80/92/256 
f 65/70/257 66/69/258 82/86/259 81/87/260 
f 66/69/261 67/71/262 83/88/263 82/86/264 
f 67/71/265 68/72/266 84/97/267 83/88/268 
f 68/72/269 69/81/270 85/98/271 84/97/272 
f 69/81/273 70/82/274 86/99/275 85/98/276 
f 70/82/277 71/83/278 87/100/279 86/99/280 
f 71/83/281 72/84/282 88/101/283 87/100/284 
f 72/84/285 73/85/286 89/102/287 88/101/288 
f 73/78/289 74/77/290 90/94/291 89/95/292 
f 74/77/293 75/79/294 91/96/295 90/94/296 
f 75/79/297 76/80/298 92/105/299 91/96/300 
f 76/80/301 77/89/302 93/106/303 92/105/304 
f 77/89/305 78/90/306 94/107/307 93/106/308 
f 78/90/309 79/91/310 95/108/311 94/107/312 
f 79/91/313 80/92/314 96/109/315 95/108/316 
f 80/92/317 65/93/318 81/110/319 96/109/320 
f 81/87/321 82/86/322 98/103/323 97/104/324 
f 82/86/325 83/88/326 99/113/327 98/103/328 
f 83/88/329 84/97/330 100/114/331 99/113/332 
f 84/97/333 85/98/334 101/115/335 100/114/336 
f 85/98/337 86/99/338 102/116/339 101/115/340 
f 86/99/341 87/100/342 103/117/343 102/116/344 
f 87/100/345 88/101/346 104/118/347 103/117/348 
f 88/101/349 89/102/350 105/119/351 104/118/352 
f 89/95/353 90/94/354 106/111/355 105/112/356 
f 90/94/357 91/96/358 107/121/359 106/111/360 
f 91/96/361 92/105/362 108/122/363 107/121/364 
f 92/105/365 93/106/366 109/123/367 108/122/368 
f 93/106/369 94/107/370 110/124/371 109/123/372 
f 94/107/373 95/108/374 111/125/375 110/124/376 
f 95/108/377 96/109/378 112/126/379 111/125/380 
f 96/109/381 81/110/382 97/127/383 112/126/384 
f 97/104/385 98/103/386 114/120/387 113/129/388 
f 98/103/389 99/113/390 115/130/391 114/120/392 
f 99/113/393 100/114/394 116/131/395 115/130/396 
f 100/114/397 101/115/398 117/132/399 116/131/400 
f 101/115/401 102/116/402 118/133/403 117/132/404 
f 102/116/405 103/117/406 119/134/407 118/133/408 
f 103/117/409 104/118/410 120/135/411 119/134/412 
f 104/118/413 105/119/414 121/136/415 120/135/416 
f 105/112/417 106/111/418 122/128/419 121/137/420 
f 106/111/421 107/121/422 123/138/423 122/128/424 
f 107/121/425 108/122/426 124/139/427 123/138/428 
f 108/122/429 109/123/430 125/140/431 124/139/432 
f 109/123/433 110/124/434 126/141/435 125/140/436 
f 110/124/437 111/125/438 127/142/439 126/141/440 
f 111/125/441 112/126/442 128/143/443 127/142/444 
f 112/126/445 97/127/446 113/144/447 128/143/448 
f 113/129/449 114/120/450 130/145/451 129/146/452 
f 114/120/453 115/130/454 131/147/455 130/145/456 
f 115/130/457 116/131/458 132/148/459 131/147/460 
f 116/131/461 117/132/462 133/149/463 132/148/464 
f 117/132/465 118/133/466 134/150/467 133/149/468 
f 118/133/469 119/134/470 135/151/471 134/150/472 
f 119/134/473 120/135/474 136/152/475 135/151/476 
f 120/135/477 121/136/478 137/161/479 136/152/480 
f 121/137/481 122/128/482 138/153/483 137/154/484 
f 122/128/485 123/138/486 139/155/487 138/153/488 
f 123/138/489 124/139/490 140/156/491 139/155/492 
f 124/139/493 125/140/494 141/157/495 140/156/496 
f 125/140/497 126/141/498 142/158/499 141/157/500 
f 126/141/501 127/142/502 143/159/503 142/158/504 
f 127/142/505 128/143/506 144/160/507 143/159/508 
f 128/143/509 113/144/510 129/169/511 144/160/512 
f 129/146/513 130/145/514 146/162/515 145/163/516 
f 130/145/517 131/147/518 147/164/519 146/162/520 
f 131/147/521 132/148/522 148/165/523 147/164/524 
f 132/148/525 133/149/526 149/166/527 148/165/528 
f 133/149/529 134/150/530 150/167/531 149/166/532 
f 134/150/533 135/151/534 151/168/535 150/167/536 
f 135/151/537 136/152/538 152/177/539 151/168/540 
f 136/152/541 137/161/542 153/178/543 152/177/544 
f 137/154/545 138/153/546 154/170/547 153/171/548 
f 138/153/549 139/155/550 155/172/551 154/170/552 
f 139/155/553 140/156/554 156/173/555 155/172/556 
f 140/156/557 141/157/558 157/174/559 156/173/560 
f 141/157/561 142/158/562 158/175/563 157/174/564 
f 142/158/565 143/159/566 159/176/567 158/175/568 
f 143/159/569 144/160/570 160/185/571 159/176/572 
f 144/160/573 129/169/574 145/186/575 160/185/576 
f 145/163/577 146/162/578 162/179/579 161/180/580 
f 146/162/581 147/164/582 163/181/583 162/179/584 
f 147/164/585 148/165/586 164/182/587 163/181/588 
f 148/165/589 149/166/590 165/183/591 164/182/592 
f 149/166/593 150/167/594 166/184/595 165/183/596 
f 150/167/597 151/168/598 167/193/599 166/184/600 
f 151/168/601 152/177/602 168/194/603 167/193/604 
f 152/177/605 153/178/606 169/195/607 168/194/608 
f 153/171/609 154/170/610 170/187/611 169/188/612 
f 154/170/613 155/172/614 171/189/615 170/187/616 
f 155/172/617 156/173/618 172/190/619 171/189/620 
f 156/173/621 157/174/622 173/191/623 172/190/624 
f 157/174/625 158/175/626 174/192/627 173/191/628 
f 158/175/629 159/176/630 175/201/631 174/192/632 
f 159/176/633 160/185/634 176/202/635 175/201/636 
f 160/185/637 145/186/638 161/203/639 176/202/640 
f 161/180/641 162/179/642 178/196/643 177/197/644 
f 162/179/645 163/181/646 179/198/647 178/196/648 
f 163/181/649 164/182/650 180/199/651 179/198/652 
f 164/182/653 165/183/654 181/200/655 180/199/656 
f 165/183/657 166/184/658 182/209/659 181/200/660 
f 166/184/661 167/193/662 183/210/663 182/209/664 
f 167/193/665 168/194/666 184/211/667 183/210/668 
f 168/194/669 169/195/670 185/212/671 184/211/672 
f 169/188/673 170/187/674 186/204/675 185/205/676 
f 170/187/677 171/189/678 187/206/679 186/204/680 
f 171/189/681 172/190/682 188/207/683 187/206/684 
f 172/190/685 173/191/686 189/208/687 188/207/688 
f 173/191/689 174/192/690 190/217/691 189/208/692 
f 174/192/693 175/201/694 191/218/695 190/217/696 
f 175/201/697 176/202/698 192/219/699 191/218/700 
f 176/202/701 161/203/702 177/220/703 192/219/704 
f 177/197/705 178/196/706 194/213/707 193/214/708 
f 178/196/709 179/198/710 195/215/711 194/213/712 
f 179/198/713 180/199/714 196/216/715 195/215/716 
f 180/199/717 181/200/718 197/225/719 196/216/720 
f 181/200/721 182/209/722 198/226/723 197/225/724 
f 182/209/725 183/210/726 199/227/727 198/226/728 
f 183/210/729 184/211/730 200/228/731 199/227/732 
f 184/211/733 185/212/734 201/229/735 200/228/736 
f 185/205/737 186/204/738 202/221/739 201/222/740 
f 186/204/741 187/206/742 203/223/743 202/221/744 
f 187/206/745 188/207/746 204/224/747 203/223/748 
f 188/207/749 189/208/750 205/233/751 204/224/752 
f 189/208/753 190/217/754 206/234/755 205/233/756 
f 190/217/757 191/218/758 207/235/759 206/234/760 
f 191/218/761 192/219/762 208/236/763 207/235/764 
f 192/219/765 177/220/766 193/237/767 208/236/768 
f 193/214/769 194/213/770 210/230/771 209/231/772 
f 194/213/773 195/215/774 211/232/775 210/230/776 
f 195/215/777 196/216/778 212/241/779 211/232/780 
f 196/216/781 197/225/782 213/242/783 212/241/784 
f 197/225/785 198/226/786 214/243/787 213/242/788 
f 198/226/789 199/227/790 215/244/791 214/243/792 
f 199/227/793 200/228/794 216/245/795 215/244/796 
f 200/228/797 201/229/798 217/246/799 216/245/800 
f 201/222/801 202/221/802 218/238/803 217/239/804 
f 202/221/805 203/223/806 219/240/807 218/238/808 
f 203/223/809 204/224/810 220/249/811 219/240/812 
f 204/224/813 205/233/814 221/250/815 220/249/816 
f 205/233/817 206/234/818 222/251/819 221/250/820 
f 206/234/821 207/235/822 223/252/823 222/251/824 
f 207/235/825 208/236/826 224/253/827 223/252/828 
f 208/236/829 193/237/830 209/254/831 224/253/832 
f 209/231/833 210/230/834 226/247/835 225/248/836 
f 210/230/837 211/232/838 227/257/839 226/247/840 
f 211/232/841 212/241/842 228/258/843 227/257/844 
f 212/241/845 213/242/846 229/259/847 228/258/848 
f 213/242/849 214/243/850 230/260/851 229/259/852 
f 214/243/853 215/244/854 231/261/855 230/260/856 
f 215/244/857 216/245/858 232/262/859 231/261/860 
f 216/245/861 217/246/862 233/263/863 232/262/864 
f 217/239/865 218/238/866 234/255/867 233/256/868 
f 218/238/869 219/240/870 235/265/871 234/255/872 
f 219/240/873 220/249/874 236/266/875 235/265/876 
f 220/249/877 221/250/878 237/267/879 236/266/880 
f 221/250/881 222/251/882 238/268/883 237/267/884 
f 222/251/885 223/252/886 239/269/887 238/268/888 
f 223/252/889 224/253/890 240/270/891 239/269/892 
f 224/253/893 209/254/894 225/271/895 240/270/896 
f 225/248/897 226/247/898 242/264/899 241/273/900 
f 226/247/901 227/257/902 243/274/903 242/264/904 
f 227/257/905 228/258/906 244/275/907 243/274/908 
f 228/258/909 229/259/910 245/276/911 244/275/912 
f 229/259/913 230/260/914 246/277/915 245/276/916 
f 230/260/917 231/261/918 247/278/919 246/277/920 
f 231/261/921 232/262/922 248/279/923 247/278/924 
f 232/262/925 233/263/926 249/280/927 248/279/928 
f 233/256/929 234/255/930 250/831/931 249/832/932 
f 234/255/933 235/265/934 251/841/935 250/831/936 
f 235/265/937 236/266/938 252/842/939 251/841/940 
f 236/266/941 237/267/942 253/843/943 252/842/944 
f 237/267/945 238/268/946 254/844/947 253/843/948 
f 238/268/949 239/269/950 255/845/951 254/844/952 
f 239/269/953 240/270/954 256/846/955 255/845/956 
f 240/270/957 225/271/958 241/847/959 256/846/960 
f 241/289/961 242/290/962 258/291/963 257/292/964 
f 242/290/965 243/293/966 259/294/967 258/291/968 
f 243/293/969 244/295/970 260/296/971 259/294/972 
f 244/295/973 245/305/974 261/306/975 260/296/976 
f 245/305/977 246/307/978 262/308/979 261/306/980 
f 246/307/981 247/309/982 263/310/983 262/308/984 
f 247/309/985 248/311/986 264/312/987 263/310/988 
f 248/311/989 249/321/990 265/322/991 264/312/992 
f 249/272/993 250/281/994 266/282/995 265/283/996 
f 250/281/997 251/284/998 267/285/999 266/282/1000 
f 251/284/1001 252/286/1002 268/287/1003 267/285/1004 
f 252/286/1005 253/288/1006 269/297/1007 268/287/1008 
f 253/288/1009 254/298/1010 270/299/1011 269/297/1012 
f 254/298/1013 255/300/1014 271/301/1015 270/299/1016 
f 255/300/1017 256/302/1018 272/303/1019 271/301/1020 
f 256/302/1021 241/304/1022 257/313/1023 272/303/1024 
f 257/292/1025 258/291/1026 274/323/1027 273/324/1028 
f 258/291/1029 259/294/1030 275/325/1031 274/323/1032 
f 259/294/1033 260/296/1034 276/326/1035 275/325/1036 
f 260/296/1037 261/306/1038 277/327/1039 276/326/1040 
f 261/306/1041 262/308/1042 278/328/1043 277/327/1044 
f 262/308/1045 263/310/1046 279/337/1047 278/328/1048 
f 263/310/1049 264/312/1050 280/338/1051 279/337/1052 
f 264/312/1053 265/322/1054 281/339/1055 280/338/1056 
f 265/283/1057 266/282/1058 282/314/1059 281/315/1060 
f 266/282/1061 267/285/1062 283/316/1063 282/314/1064 
f 267/285/1065 268/287/1066 284/317/1067 283/316/1068 
f 268/287/1069 269/297/1070 285/318/1071 284/317/1072 
f 269/297/1073 270/299/1074 286/319/1075 285/318/1076 
f 270/299/1077 271/301/1078 287/320/1079 286/319/1080 
f 271/301/1081 272/303/1082 288/329/1083 287/320/1084 
f 272/303/1085 257/313/1086 273/330/1087 288/329/1088 
f 273/324/1089 274/323/1090 290/340/1091 289/341/1092 
f 274/323/1093 275/325/1094 291/342/1095 290/340/1096 
f 275/325/1097 276/326/1098 292/343/1099 291/342/1100 
f 276/326/1101 277/327/1102 293/344/1103 292/343/1104 
f 277/327/1105 278/328/1106 294/353/1107 293/344/1108 
f 278/328/1109 279/337/1110 295/354/1111 294/353/1112 
f 279/337/1113 280/338/1114 296/355/1115 295/354/1116 
f 280/338/1117 281/339/1118 297/356/1119 296/355/1120 
f 281/315/1121 282/314/1122 298/331/1123 297/332/1124 
f 282/314/1125 283/316/1126 299/333/1127 298/331/1128 
f 283/316/1129 284/317/1130 300/334/1131 299/333/1132 
f 284/317/1133 285/318/1134 301/335/1135 300/334/1136 
f 285/318/1137 286/319/1138 302/336/1139 301/335/1140 
f 286/319/1141 287/320/1142 303/345/1143 302/336/1144 
f 287/320/1145 288/329/1146 304/346/1147 303/345/1148 
f 288/329/1149 273/330/1150 289/347/1151 304/346/1152 
f 289/341/1153 290/340/1154 306/357/1155 305/358/1156 
f 290/340/1157 291/342/1158 307/359/1159 306/357/1160 
f 291/342/1161 292/343/1162 308/360/1163 307/359/1164 
f 292/343/1165 293/344/1166 309/369/1167 308/360/1168 
f 293/344/1169 294/353/1170 310/370/1171 309/369/1172 
f 294/353/1173 295/354/1174 311/371/1175 310/370/1176 
f 295/354/1177 296/355/1178 312/372/1179 311/371/1180 
f 296/355/1181 297/356/1182 313/373/1183 312/372/1184 
f 297/332/1185 298/331/1186 314/348/1187 313/349/1188 
f 298/331/1189 299/333/1190 315/350/1191 314/348/1192 
f 299/333/1193 300/334/1194 316/351/1195 315/350/1196 
f 300/334/1197 301/335/1198 317/352/1199 316/351/1200 
f 301/335/1201 302/336/1202 318/361/1203 317/352/1204 
f 302/336/1205 303/345/1206 319/362/1207 318/361/1208 
f 303/345/1209 304/346/1210 320/363/1211 319/362/1212 
f 304/346/1213 289/347/1214 305/364/1215 320/363/1216 
f 305/358/1217 306/357/1218 322/374/1219 321/375/1220 
f 306/357/1221 307/359/1222 323/376/1223 322/374/1224 
f 307/359/1225 308/360/1226 324/385/1227 323/376/1228 
f 308/360/1229 309/369/1230 325/386/1231 324/385/1232 
f 309/369/1233 310/370/1234 326/387/1235 325/386/1236 
f 310/370/1237 311/371/1238 327/388/1239 326/387/1240 
f 311/371/1241 312/372/1242 328/389/1243 327/388/1244 
f 312/372/1245 313/373/1246 329/390/1247 328/389/1248 
f 313/349/1249 314/348/1250 330/365/1251 329/366/1252 
f 314/348/1253 315/350/1254 331/367/1255 330/365/1256 
f 315/350/1257 316/351/1258 332/368/1259 331/367/1260 
f 316/351/1261 317/352/1262 333/377/1263 332/368/1264 
f 317/352/1265 318/361/1266 334/378/1267 333/377/1268 
f 318/361/1269 319/362/1270 335/379/1271 334/378/1272 
f 319/362/1273 320/363/1274 336/380/1275 335/379/1276 
f 320/363/1277 305/364/1278 321/381/1279 336/380/1280 
f 321/375/1281 322/374/1282 338/391/1283 337/392/1284 
f 322/374/1285 323/376/1286 339/401/1287 338/391/1288 
f 323/376/1289 324/385/1290 340/402/1291 339/401/1292 
f 324/385/1293 325/386/1294 341/403/1295 340/402/1296 
f 325/386/1297 326/387/1298 342/404/1299 341/403/1300 
f 326/387/1301 327/388/1302 343/405/1303 342/404/1304 
f 327/388/1305 328/389/1306 344/406/1307 343/405/1308 
f 328/389/1309 329/390/1310 345/407/1311 344/406/1312 
f 329/366/1313 330/365/1314 346/382/1315 345/383/1316 
f 330/365/1317 331/367/1318 347/384/1319 346/382/1320 
f 331/367/1321 332/368/1322 348/393/1323 347/384/1324 
f 332/368/1325 333/377/1326 349/394/1327 348/393/1328 
f 333/377/1329 334/378/1330 350/395/1331 349/394/1332 
f 334/378/1333 335/379/1334 351/396/1335 350/395/1336 
f 335/379/1337 336/380/1338 352/397/1339 351/396/1340 
f 336/380/1341 321/381/1342 337/398/1343 352/397/1344 
f 337/392/1345 338/391/1346 354/408/1347 353/417/1348 
f 338/391/1349 339/401/1350 355/418/1351 354/408/1352 
f 339/401/1353 340/402/1354 356/419/1355 355/418/1356 
f 340/402/1357 341/403/1358 357/420/1359 356/419/1360 
f 341/403/1361 342/404/1362 358/421/1363 357/420/1364 
f 342/404/1365 343/405/1366 359/422/1367 358/421/1368 
f 343/405/1369 344/406/1370 360/423/1371 359/422/1372 
f 344/406/1373 345/407/1374 361/424/1375 360/423/1376 
f 345/383/1377 346/382/1378 362/399/1379 361/400/1380 
f 346/382/1381 347/384/1382 363/409/1383 362/399/1384 
f 347/384/1385 348/393/1386 364/410/1387 363/409/1388 
f 348/393/1389 349/394/1390 365/411/1391 364/410/1392 
f 349/394/1393 350/395/1394 366/412/1395 365/411/1396 
f 350/395/1397 351/396/1398 367/413/1399 366/412/1400 
f 351/396/1401 352/397/1402 368/414/1403 367/413/1404 
f 352/397/1405 337/398/1406 353/415/1407 368/414/1408 
f 353/417/1409 354/408/1410 370/433/1411 369/434/1412 
f 354/408/1413 355/418/1414 371/435/1415 370/433/1416 
f 355/418/1417 356/419/1418 372/436/1419 371/435/1420 
f 356/419/1421 357/420/1422 373/437/1423 372/436/1424 
f 357/420/1425 358/421/1426 374/438/1427 373/437/1428 
f 358/421/1429 359/422/1430 375/439/1431 374/438/1432 
f 359/422/1433 360/423/1434 376/440/1435 375/439/1436 
f 360/423/1437 361/424/1438 377/449/1439 376/440/1440 
f 361/400/1441 362/399/1442 378/416/1443 377/425/1444 
f 362/399/1445 363/409/1446 379/426/1447 378/416/1448 
f 363/409/1449 364/410/1450 380/427/1451 379/426/1452 
f 364/410/1453 365/411/1454 381/428/1455 380/427/1456 
f 365/411/1457 366/412/1458 382/429/1459 381/428/1460 
f 366/412/1461 367/413/1462 383/430/1463 382/429/1464 
f 367/413/1465 368/414/1466 384/431/1467 383/430/1468 
f 368/414/1469 353/415/1470 369/432/1471 384/431/1472 
f 369/434/1473 370/433/1474 386/450/1475 385/451/1476 
f 370/433/1477 371/435/1478 387/452/1479 386/450/1480 
f 371/435/1481 372/436/1482 388/453/1483 387/452/1484 
f 372/436/1485 373/437/1486 389/454/1487 388/453/1488 
f 373/437/1489 374/438/1490 390/455/1491 389/454/1492 
f 374/438/1493 375/439/1494 391/456/1495 390/455/1496 
f 375/439/1497 376/440/1498 392/465/1499 391/456/1500 
f 376/440/1501 377/449/1502 393/466/1503 392/465/1504 
f 377/425/1505 378/416/1506 394/441/1507 393/442/1508 
f 378/416/1509 379/426/1510 395/443/1511 394/441/1512 
f 379/426/1513 380/427/1514 396/444/1515 395/443/1516 
f 380/427/1517 381/428/1518 397/445/1519 396/444/1520 
f 381/428/1521 382/429/1522 398/446/1523 397/445/1524 
f 382/429/1525 383/430/1526 399/447/1527 398/446/1528 
f 383/430/1529 384/431/1530 400/448/1531 399/447/1532 
f 384/431/1533 369/432/1534 385/457/1535 400/448/1536 
f 385/451/1537 386/450/1538 402/467/1539 401/468/1540 
f 386/450/1541 387/452/1542 403/469/1543 402/467/1544 
f 387/452/1545 388/453/1546 404/470/1547 403/469/1548 
f 388/453/1549 389/454/1550 405/471/1551 404/470/1552 
f 389/454/1553 390/455/1554 406/472/1555 405/471/1556 
f 390/455/1557 391/456/1558 407/481/1559 406/472/1560 
f 391/456/1561 392/465/1562 408/482/1563 407/481/1564 
f 392/465/1565 393/466/1566 409/483/1567 408/482/1568 
f 393/442/1569 394/441/1570 410/458/1571 409/459/1572 
f 394/441/1573 395/443/1574 411/460/1575 410/458/1576 
f 395/443/1577 396/444/1578 412/461/1579 411/460/1580 
f 396/444/1581 397/445/1582 413/462/1583 412/461/1584 
f 397/445/1585 398/446/1586 414/463/1587 413/462/1588 
f 398/446/1589 399/447/1590 415/464/1591 414/463/1592 
f 399/447/1593 400/448/1594 416/473/1595 415/464/1596 
f 400/448/1597 385/457/1598 401/474/1599 416/473/1600 
f 401/468/1601 402/467/1602 418/484/1603 417/485/1604 
f 402/467/1605 403/469/1606 419/486/1607 418/484/1608 
f 403/469/1609 404/470/1610 420/487/1611 419/486/1612 
f 404/470/1613 405/471/1614 421/488/1615 420/487/1616 
f 405/471/1617 406/472/1618 422/497/1619 421/488/1620 
f 406/472/1621 407/481/1622 423/498/1623 422/497/1624 
f 407/481/1625 408/482/1626 424/499/1627 423/498/1628 
f 408/482/1629 409/483/1630 425/500/1631 424/499/1632 
f 409/459/1633 410/458/1634 426/475/1635 425/476/1636 
f 410/458/1637 411/460/1638 427/477/1639 426/475/1640 
f 411/460/1641 412/461/1642 428/478/1643 427/477/1644 
f 412/461/1645 413/462/1646 429/479/1647 428/478/1648 
f 413/462/1649 414/463/1650 430/480/1651 429/479/1652 
f 414/463/1653 415/464/1654 431/489/1655 430/480/1656 
f 415/464/1657 416/473/1658 432/490/1659 431/489/1660 
f 416/473/1661 401/474/1662 417/491/1663 432/490/1664 
f 417/485/1665 418/484/1666 434/501/1667 433/502/1668 
f 418/484/1669 419/486/1670 435/503/1671 434/501/1672 
f 419/486/1673 420/487/1674 436/504/1675 435/503/1676 
f 420/487/1677 421/488/1678 437/513/1679 436/504/1680 
f 421/488/1681 422/497/1682 438/514/1683 437/513/1684 
f 422/497/1685 423/498/1686 439/515/1687 438/514/1688 
f 423/498/1689 424/499/1690 440/516/1691 439/515/1692 
f 424/499/1693 425/500/1694 441/517/1695 440/516/1696 
f 425/476/1697 426/475/1698 442/492/1699 441/493/1700 
f 426/475/1701 427/477/1702 443/494/1703 442/492/1704 
f 427/477/1705 428/478/1706 444/495/1707 443/494/1708 
f 428/478/1709 429/479/1710 445/496/1711 444/495/1712 
f 429/479/1713 430/480/1714 446/505/1715 445/496/1716 
f 430/480/1717 431/489/1718 447/506/1719 446/505/1720 
f 431/489/1721 432/490/1722 448/507/1723 447/506/1724 
f 432/490/1725 417/491/1726 433/508/1727 448/507/1728 
f 433/502/1729 434/501/1730 450/518/1731 449/519/1732 
f 434/501/1733 435/503/1734 451/520/1735 450/518/1736 
f 435/503/1737 436/504/1738 452/529/1739 451/520/1740 
f 436/504/1741 437/513/1742 453/530/1743 452/529/1744 
f 437/513/1745 438/514/1746 454/531/1747 453/530/1748 
f 438/514/1749 439/515/1750 455/532/1751 454/531/1752 
f 439/515/1753 440/516/1754 456/533/1755 455/532/1756 
f 440/516/1757 441/517/1758 457/534/1759 456/533/1760 
f 441/493/1761 442/492/1762 458/509/1763 457/510/1764 
f 442/492/1765 443/494/1766 459/511/1767 458/509/1768 
f 443/494/1769 444/495/1770 460/512/1771 459/511/1772 
f 444/495/1773 445/496/1774 461/521/1775 460/512/1776 
f 445/496/1777 446/505/1778 462/522/1779 461/521/1780 
f 446/505/1781 447/506/1782 463/523/1783 462/522/1784 
f 447/506/1785 448/507/1786 464/524/1787 463/523/1788 
f 448/507/1789 433/508/1790 449/525/1791 464/524/1792 
f 449/519/1793 450/518/1794 466/535/1795 465/536/1796 
f 450/518/1797 451/520/1798 467/545/1799 466/535/1800 
f 451/520/1801 452/529/1802 468/546/1803 467/545/1804 
f 452/529/1805 453/530/1806 469/547/1807 468/546/1808 
f 453/530/1809 454/531/1810 470/548/1811 469/547/1812 
f 454/531/1813 455/532/1814 471/549/1815 470/548/1816 
f 455/532/1817 456/533/1818 472/550/1819 471/549/1820 
f 456/533/1821 457/534/1822 473/551/1823 472/550/1824 
f 457/510/1825 458/509/1826 474/526/1827 473/527/1828 
f 458/509/1829 459/511/1830 475/528/1831 474/526/1832 
f 459/511/1833 460/512/1834 476/537/1835 475/528/1836 
f 460/512/1837 461/521/1838 477/538/1839 476/537/1840 
f 461/521/1841 462/522/1842 478/539/1843 477/538/1844 
f 462/522/1845 463/523/1846 479/540/1847 478/539/1848 
f 463/523/1849 464/524/1850 480/541/1851 479/540/1852 
f 464/524/1853 449/525/1854 465/542/1855 480/541/1856 
f 465/536/1857 466/535/1858 482/552/1859 481/561/1860 
f 466/535/1861 467/545/1862 483/562/1863 482/552/1864 
f 467/545/1865 468/546/1866 484/563/1867 483/562/1868 
f 468/546/1869 469/547/1870 485/564/1871 484/563/1872 
f 469/547/1873 470/548/1874 486/565/1875 485/564/1876 
f 470/548/1877 471/549/1878 487/566/1879 486/565/1880 
f 471/549/1881 472/550/1882 488/567/1883 487/566/1884 
f 472/550/1885 473/551/1886 489/568/1887 488/567/1888 
f 473/527/1889 474/526/1890 490/543/1891 489/544/1892 
f 474/526/1893 475/528/1894 491/553/1895 490/543/1896 
f 475/528/1897 476/537/1898 492/554/1899 491/553/1900 
f 476/537/1901 477/538/1902 493/555/1903 492/554/1904 
f 477/538/1905 478/539/1906 494/556/1907 493/555/1908 
f 478/539/1909 479/540/1910 495/557/1911 494/556/1912 
f 479/540/1913 480/541/1914 496/558/1915 495/557/1916 
f 480/541/1917 465/542/1918 481/559/1919 496/558/1920 
f 481/561/1921 482/552/1922 498/577/1923 497/578/1924 
f 482/552/1925 483/562/1926 499/579/1927 498/577/1928 
f 483/562/1929 484/563/1930 500/580/1931 499/579/1932 
f 484/563/1933 485/564/1934 501/581/1935 500/580/1936 
f 485/564/1937 486/565/1938 502/582/1939 501/581/1940 
f 486/565/1941 487/566/1942 503/583/1943 502/582/1944 
f 487/566/1945 488/567/1946 504/584/1947 503/583/1948 
f 488/567/1949 489/568/1950 505/593/1951 504/584/1952 
f 489/544/1953 490/543/1954 506/560/1955 505/569/1956 
f 490/543/1957 491/553/1958 507/570/1959 506/560/1960 
f 491/553/1961 492/554/1962 508/571/1963 507/570/1964 
f 492/554/1965 493/555/1966 509/572/1967 508/571/1968 
f 493/555/1969 494/556/1970 510/573/1971 509/572/1972 
f 494/556/1973 495/557/1974 511/574/1975 510/573/1976 
f 495/557/1977 496/558/1978 512/575/1979 511/574/1980 
f 496/558/1981 481/559/1982 497/576/1983 512/575/1984 
f 497/578/1985 498/577/1986 514/594/1987 513/595/1988 
f 498/577/1989 499/579/1990 515/596/1991 514/594/1992 
f 499/579/1993 500/580/1994 516/597/1995 515/596/1996 
f 500/580/1997 501/581/1998 517/598/1999 516/597/2000 
f 501/581/2001 502/582/2002 518/599/2003 517/598/2004 
f 502/582/2005 503/583/2006 519/600/2007 518/599/2008 
f 503/583/2009 504/584/2010 520/609/2011 519/600/2012 
f 504/584/2013 505/593/2014 521/610/2015 520/609/2016 
f 505/569/2017 506/560/2018 522/585/2019 521/586/2020 
f 506/560/2021 507/570/2022 523/587/2023 522/585/2024 
f 507/570/2025 508/571/2026 524/588/2027 523/587/2028 
f 508/571/2029 509/572/2030 525/589/2031 524/588/2032 
f 509/572/2033 510/573/2034 526/590/2035 525/589/2036 
f 510/573/2037 511/574/2038 527/591/2039 526/590/2040 
f 511/574/2041 512/575/2042 528/592/2043 527/591/2044 
f 512/575/2045 497/576/2046 513/601/2047 528/592/2048 
f 513/595/2049 514/594/2050 530/611/2051 529/612/2052 
f 514/594/2053 515/596/2054 531/613/2055 530/611/2056 
f 515/596/2057 516/597/2058 532/614/2059 531/613/2060 
f 516/597/2061 517/598/2062 533/615/2063 532/614/2064 
f 517/598/2065 518/599/2066 534/616/2067 533/615/2068 
f 518/599/2069 519/600/2070 535/625/2071 534/616/2072 
f 519/600/2073 520/609/2074 536/626/2075 535/625/2076 
f 520/609/2077 521/610/2078 537/627/2079 536/626/2080 
f 521/586/2081 522/585/2082 538/602/2083 537/603/2084 
f 522/585/2085 523/587/2086 539/604/2087 538/602/2088 
f 523/587/2089 524/588/2090 540/605/2091 539/604/2092 
f 524/588/2093 525/589/2094 541/606/2095 540/605/2096 
f 525/589/2097 526/590/2098 542/607/2099 541/606/2100 
f 526/590/2101 527/591/2102 543/608/2103 542/607/2104 
f 527/591/2105 528/592/2106 544/617/2107 543/608/2108 
f 528/592/2109 513/601/2110 529/618/2111 544/617/2112 
f 529/612/2113 530/611/2114 546/628/2115 545/629/2116 
f 530/611/2117 531/613/2118 547/630/2119 546/628/2120 
f 531/613/2121 532/614/2122 548/631/2123 547/630/2124 
f 532/614/2125 533/615/2126 549/632/2127 548/631/2128 
f 533/615/2129 534/616/2130 550/641/2131 549/632/2132 
f 534/616/2133 535/625/2134 551/642/2135 550/641/2136 
f 535/625/2137 536/626/2138 552/643/2139 551/642/2140 
f 536/626/2141 537/627/2142 553/644/2143 552/643/2144 
f 537/603/2145 538/602/2146 554/619/2147 553/620/2148 
f 538/602/2149 539/604/2150 555/621/2151 554/619/2152 
f 539/604/2153 540/605/2154 556/622/2155 555/621/2156 
f 540/605/2157 541/606/2158 557/623/2159 556/622/2160 
f 541/606/2161 542/607/2162 558/624/2163 557/623/2164 
f 542/607/2165 543/608/2166 559/633/2167 558/624/2168 
f 543/608/2169 544/617/2170 560/634/2171 559/633/2172 
f 544/617/2173 529/618/2174 545/635/2175 560/634/2176 
f 545/629/2177 546/628/2178 562/645/2179 561/646/2180 
f 546/628/2181 547/630/2182 563/647/2183 562/645/2184 
f 547/630/2185 548/631/2186 564/648/2187 563/647/2188 
f 548/631/2189 549/632/2190 565/657/2191 564/648/2192 
f 549/632/2193 550/641/2194 566/658/2195 565/657/2196 
f 550/641/2197 551/642/2198 567/659/2199 566/658/2200 
f 551/642/2201 552/643/2202 568/660/2203 567/659/2204 
f 552/643/2205 553/644/2206 569/661/2207 568/660/2208 
f 553/620/2209 554/619/2210 570/636/2211 569/637/2212 
f 554/619/2213 555/621/2214 571/638/2215 570/636/2216 
f 555/621/2217 556/622/2218 572/639/2219 571/638/2220 
f 556/622/2221 557/623/2222 573/640/2223 572/639/2224 
f 557/623/2225 558/624/2226 574/649/2227 573/640/2228 
f 558/624/2229 559/633/2230 575/650/2231 574/649/2232 
f 559/633/2233 560/634/2234 576/651/2235 575/650/2236 
f 560/634/2237 545/635/2238 561/652/2239 576/651/2240 
f 561/646/2241 562/645/2242 578/662/2243 577/663/2244 
f 562/645/2245 563/647/2246 579/664/2247 578/662/2248 
f 563/647/2249 564/648/2250 580/673/2251 579/664/2252 
f 564/648/2253 565/657/2254 581/674/2255 580/673/2256 
f 565/657/2257 566/658/2258 582/675/2259 581/674/2260 
f 566/658/2261 567/659/2262 583/676/2263 582/675/2264 
f 567/659/2265 568/660/2266 584/677/2267 583/676/2268 
f 568/660/2269 569/661/2270 585/678/2271 584/677/2272 
f 569/637/2273 570/636/2274 586/653/2275 585/654/2276 
f 570/636/2277 571/638/2278 587/655/2279 586/653/2280 
f 571/638/2281 572/639/2282 588/656/2283 587/655/2284 
f 572/639/2285 573/640/2286 589/665/2287 588/656/2288 
f 573/640/2289 574/649/2290 590/666/2291 589/665/2292 
f 574/649/2293 575/650/2294 591/667/2295 590/666/2296 
f 575/650/2297 576/651/2298 592/668/2299 591/667/2300 
f 576/651/2301 561/652/2302 577/669/2303 592/668/2304 
f 577/663/2305 578/662/2306 594/679/2307 593/680/2308 
f 578/662/2309 579/664/2310 595/689/2311 594/679/2312 
f 579/664/2313 580/673/2314 596/690/2315 595/689/2316 
f 580/673/2317 581/674/2318 597/691/2319 596/690/2320 
f 581/674/2321 582/675/2322 598/692/2323 597/691/2324 
f 582/675/2325 583/676/2326 599/693/2327 598/692/2328 
f 583/676/2329 584/677/2330 600/694/2331 599/693/2332 
f 584/677/2333 585/678/2334 601/695/2335 600/694/2336 
f 585/654/2337 586/653/2338 602/670/2339 601/671/2340 
f 586/653/2341 587/655/2342 603/672/2343 602/670/2344 
f 587/655/2345 588/656/2346 604/681/2347 603/672/2348 
f 588/656/2349 589/665/2350 605/682/2351 604/681/2352 
f 589/665/2353 590/666/2354 606/683/2355 605/682/2356 
f 590/666/2357 591/667/2358 607/684/2359 606/683/2360 
f 591/667/2361 592/668/2362 608/685/2363 607/684/2364 
f 592/668/2365 577/669/2366 593/686/2367 608/685/2368 
f 593/680/2369 594/679/2370 610/696/2371 609/705/2372 
f 594/679/2373 595/689/2374 611/706/2375 610/696/2376 
f 595/689/2377 596/690/2378 612/707/2379 611/706/2380 
f 596/690/2381 597/691/2382 613/708/2383 612/707/2384 
f 597/691/2385 598/692/2386 614/709/2387 613/708/2388 
f 598/692/2389 599/693/2390 615/710/2391 614/709/2392 
f 599/693/2393 600/694/2394 616/711/2395 615/710/2396 
f 600/694/2397 601/695/2398 617/712/2399 616/711/2400 
f 601/671/2401 602/670/2402 618/687/2403 617/688/2404 
f 602/670/2405 603/672/2406 619/697/2407 618/687/2408 
f 603/672/2409 604/681/2410 620/698/2411 619/697/2412 
f 604/681/2413 605/682/2414 621/699/2415 620/698/2416 
f 605/682/2417 606/683/2418 622/700/2419 621/699/2420 
f 606/683/2421 607/684/2422 623/701/2423 622/700/2424 
f 607/684/2425 608/685/2426 624/702/2427 623/701/2428 
f 608/685/2429 593/686/2430 609/703/2431 624/702/2432 
f 609/705/2433 610/696/2434 626/721/2435 625/722/2436 
f 610/696/2437 611/706/2438 627/723/2439 626/721/2440 
f 611/706/2441 612/707/2442 628/724/2443 627/723/2444 
f 612/707/2445 613/708/2446 629/725/2447 628/724/2448 
f 613/708/2449 614/709/2450 630/726/2451 629/725/2452 
f 614/709/2453 615/710/2454 631/727/2455 630/726/2456 
f 615/710/2457 616/711/2458 632/728/2459 631/727/2460 
f 616/711/2461 617/712/2462 633/737/2463 632/728/2464 
f 617/688/2465 618/687/2466 634/704/2467 633/713/2468 
f 618/687/2469 619/697/2470 635/714/2471 634/704/2472 
f 619/697/2473 620/698/2474 636/715/2475 635/714/2476 
f 620/698/2477 621/699/2478 637/716/2479 636/715/2480 
f 621/699/2481 622/700/2482 638/717/2483 637/716/2484 
f 622/700/2485 623/701/2486 639/718/2487 638/717/2488 
f 623/701/2489 624/702/2490 640/719/2491 639/718/2492 
f 624/702/2493 609/703/2494 625/720/2495 640/719/2496 
f 625/722/2497 626/721/2498 642/738/2499 641/739/2500 
f 626/721/2501 627/723/2502 643/740/2503 642/738/2504 
f 627/723/2505 628/724/2506 644/741/2507 643/740/2508 
f 628/724/2509 629/725/2510 645/742/2511 644/741/2512 
f 629/725/2513 630/726/2514 646/743/2515 645/742/2516 
f 630/726/2517 631/727/2518 647/744/2519 646/743/2520 
f 631/727/2521 632/728/2522 648/753/2523 647/744/2524 
f 632/728/2525 633/737/2526 649/754/2527 648/753/2528 
f 633/713/2529 634/704/2530 650/729/2531 649/730/2532 
f 634/704/2533 635/714/2534 651/731/2535 650/729/2536 
f 635/714/2537 636/715/2538 652/732/2539 651/731/2540 
f 636/715/2541 637/716/2542 653/733/2543 652/732/2544 
f 637/716/2545 638/717/2546 654/734/2547 653/733/2548 
f 638/717/2549 639/718/2550 655/735/2551 654/734/2552 
f 639/718/2553 640/719/2554 656/736/2555 655/735/2556 
f 640/719/2557 625/720/2558 641/745/2559 656/736/2560 
f 641/739/2561 642/738/2562 658/755/2563 657/756/2564 
f 642/738/2565 643/740/2566 659/757/2567 658/755/2568 
f 643/740/2569 644/741/2570 660/758/2571 659/757/2572 
f 644/741/2573 645/742/2574 661/759/2575 660/758/2576 
f 645/742/2577 646/743/2578 662/760/2579 661/759/2580 
f 646/743/2581 647/744/2582 663/769/2583 662/760/2584 
f 647/744/2585 648/753/2586 664/770/2587 663/769/2588 
f 648/753/2589 649/754/2590 665/771/2591 664/770/2592 
f 649/730/2593 650/729/2594 666/746/2595 665/747/2596 
f 650/729/2597 651/731/2598 667/748/2599 666/746/2600 
f 651/731/2601 652/732/2602 668/749/2603 667/748/2604 
f 652/732/2605 653/733/2606 669/750/2607 668/749/2608 
f 653/733/2609 654/734/2610 670/751/2611 669/750/2612 
f 654/734/2613 655/735/2614 671/752/2615 670/751/2616 
f 655/735/2617 656/736/2618 672/761/2619 671/752/2620 
f 656/736/2621 641/745/2622 657/762/2623 672/761/2624 
f 657/756/2625 658/755/2626 674/772/2627 673/773/2628 
f 658/755/2629 659/757/2630 675/774/2631 674/772/2632 
f 659/757/2633 660/758/2634 676/775/2635 675/774/2636 
f 660/758/2637 661/759/2638 677/776/2639 676/775/2640 
f 661/759/2641 662/760/2642 678/785/2643 677/776/2644 
f 662/760/2645 663/769/2646 679/786/2647 678/785/2648 
f 663/769/2649 664/770/2650 680/787/2651 679/786/2652 
f 664/770/2653 665/771/2654 681/788/2655 680/787/2656 
f 665/747/2657 666/746/2658 682/763/2659 681/764/2660 
f 666/746/2661 667/748/2662 683/765/2663 682/763/2664 
f 667/748/2665 668/749/2666 684/766/2667 683/765/2668 
f 668/749/2669 669/750/2670 685/767/2671 684/766/2672 
f 669/750/2673 670/751/2674 686/768/2675 685/767/2676 
f 670/751/2677 671/752/2678 687/777/2679 686/768/2680 
f 671/752/2681 672/761/2682 688/778/2683 687/777/2684 
f 672/761/2685 657/762/2686 673/779/2687 688/778/2688 
f 673/773/2689 674/772/2690 690/789/2691 689/790/2692 
f 674/772/2693 675/774/2694 691/791/2695 690/789/2696 
f 675/774/2697 676/775/2698 692/792/2699 691/791/2700 
f 676/775/2701 677/776/2702 693/801/2703 692/792/2704 
f 677/776/2705 678/785/2706 694/802/2707 693/801/2708 
f 678/785/2709 679/786/2710 695/803/2711 694/802/2712 
f 679/786/2713 680/787/2714 696/804/2715 695/803/2716 
f 680/787/2717 681/788/2718 697/805/2719 696/804/2720 
f 681/764/2721 682/763/2722 698/780/2723 697/781/2724 
f 682/763/2725 683/765/2726 699/782/2727 698/780/2728 
f 683/765/2729 684/766/2730 700/783/2731 699/782/2732 
f 684/766/2733 685/767/2734 701/784/2735 700/783/2736 
f 685/767/2737 686/768/2738 702/793/2739 701/784/2740 
f 686/768/2741 687/777/2742 703/794/2743 702/793/2744 
f 687/777/2745 688/778/2746 704/795/2747 703/794/2748 
f 688/778/2749 673/779/2750 689/796/2751 704/795/2752 
f 689/790/2753 690/789/2754 706/806/2755 705/807/2756 
f 690/789/2757 691/791/2758 707/808/2759 706/806/2760 
f 691/791/2761 692/792/2762 708/817/2763 707/808/2764 
f 692/792/2765 693/801/2766 709/818/2767 708/817/2768 
f 693/801/2769 694/802/2770 710/819/2771 709/818/2772 
f 694/802/2773 695/803/2774 711/820/2775 710/819/2776 
f 695/803/2777 696/804/2778 712/821/2779 711/820/2780 
f 696/804/2781 697/805/2782 713/822/2783 712/821/2784 
f 697/781/2785 698/780/2786 714/797/2787 713/798/2788 
f 698/780/2789 699/782/2790 715/799/2791 714/797/2792 
f 699/782/2793 700/783/2794 716/800/2795 715/799/2796 
f 700/783/2797 701/784/2798 717/809/2799 716/800/2800 
f 701/784/2801 702/793/2802 718/810/2803 717/809/2804 
f 702/793/2805 703/794/2806 719/811/2807 718/810/2808 
f 703/794/2809 704/795/2810 720/812/2811 719/811/2812 
f 704/795/2813 689/796/2814 705/813/2815 720/812/2816 
f 705/807/2817 706/806/2818 722/2692/2819 721/2693/2820 
f 706/806/2821 707/808/2822 723/2694/2823 722/2692/2824 
f 707/808/2825 708/817/2826 724/2695/2827 723/2694/2828 
f 708/817/2829 709/818/2830 725/2696/2831 724/2695/2832 
f 709/818/2833 710/819/2834 726/2697/2835 725/2696/2836 
f 710/819/2837 711/820/2838 727/2698/2839 726/2697/2840 
f 711/820/2841 712/821/2842 728/2699/2843 727/2698/2844 
f 712/821/2845 713/822/2846 729/2700/2847 728/2699/2848 
f 713/798/2849 714/797/2850 730/814/2851 729/815/2852 
f 714/797/2853 715/799/2854 731/816/2855 730/814/2856 
f 715/799/2857 716/800/2858 732/825/2859 731/816/2860 
f 716/800/2861 717/809/2862 733/826/2863 732/825/2864 
f 717/809/2865 718/810/2866 734/827/2867 733/826/2868 
f 718/810/2869 719/811/2870 735/828/2871 734/827/2872 
f 719/811/2873 720/812/2874 736/829/2875 735/828/2876 
f 720/812/2877 705/813/2878 721/830/2879 736/829/2880 
f 721/823/2881 722/824/2882 738/833/2883 737/834/2884 
f 722/824/2885 723/835/2886 739/836/2887 738/833/2888 
f 723/835/2889 724/837/2890 740/838/2891 739/836/2892 
f 724/837/2893 725/839/2894 741/840/2895 740/838/2896 
f 725/839/2897 726/849/2898 742/850/2899 741/840/2900 
f 726/849/2901 727/851/2902 743/852/2903 742/850/2904 
f 727/851/2905 728/853/2906 744/854/2907 743/852/2908 
f 728/853/2909 729/855/2910 745/856/2911 744/854/2912 
f 729/848/2913 730/857/2914 746/858/2915 745/859/2916 
f 730/857/2917 731/860/2918 747/861/2919 746/858/2920 
f 731/860/2921 732/862/2922 748/863/2923 747/861/2924 
f 732/862/2925 733/864/2926 749/873/2927 748/863/2928 
f 733/864/2929 734/874/2930 750/875/2931 749/873/2932 
f 734/874/2933 735/876/2934 751/877/2935 750/875/2936 
f 735/876/2937 736/878/2938 752/879/2939 751/877/2940 
f 736/878/2941 721/880/2942 737/889/2943 752/879/2944 
f 737/834/2945 738/833/2946 754/865/2947 753/866/2948 
f 738/833/2949 739/836/2950 755/867/2951 754/865/2952 
f 739/836/2953 740/838/2954 756/868/2955 755/867/2956 
f 740/838/2957 741/840/2958 757/869/2959 756/868/2960 
f 741/840/2961 742/850/2962 758/870/2963 757/869/2964 
f 742/850/2965 743/852/2966 759/871/2967 758/870/2968 
f 743/852/2969 744/854/2970 760/872/2971 759/871/2972 
f 744/854/2973 745/856/2974 761/881/2975 760/872/2976 
f 745/859/2977 746/858/2978 762/890/2979 761/891/2980 
f 746/858/2981 747/861/2982 763/892/2983 762/890/2984 
f 747/861/2985 748/863/2986 764/893/2987 763/892/2988 
f 748/863/2989 749/873/2990 765/894/2991 764/893/2992 
f 749/873/2993 750/875/2994 766/895/2995 765/894/2996 
f 750/875/2997 751/877/2998 767/896/2999 766/895/3000 
f 751/877/3001 752/879/3002 768/905/3003 767/896/3004 
f 752/879/3005 737/889/3006 753/906/3007 768/905/3008 
f 753/866/3009 754/865/3010 770/882/3011 769/883/3012 
f 754/865/3013 755/867/3014 771/884/3015 770/882/3016 
f 755/867/3017 756/868/3018 772/885/3019 771/884/3020 
f 756/868/3021 757/869/3022 773/886/3023 772/885/3024 
f 757/869/3025 758/870/3026 774/887/3027 773/886/3028 
f 758/870/3029 759/871/3030 775/888/3031 774/887/3032 
f 759/871/3033 760/872/3034 776/897/3035 775/888/3036 
f 760/872/3037 761/881/3038 777/898/3039 776/897/3040 
f 761/891/3041 762/890/3042 778/907/3043 777/908/3044 
f 762/890/3045 763/892/3046 779/909/3047 778/907/3048 
f 763/892/3049 764/893/3050 780/910/3051 779/909/3052 
f 764/893/3053 765/894/3054 781/911/3055 780/910/3056 
f 765/894/3057 766/895/3058 782/912/3059 781/911/3060 
f 766/895/3061 767/896/3062 783/921/3063 782/912/3064 
f 767/896/3065 768/905/3066 784/922/3067 783/921/3068 
f 768/905/3069 753/906/3070 769/923/3071 784/922/3072 
f 769/883/3073 770/882/3074 786/899/3075 785/900/3076 
f 770/882/3077 771/884/3078 787/901/3079 786/899/3080 
f 771/884/3081 772/885/3082 788/902/3083 787/901/3084 
f 772/885/3085 773/886/3086 789/903/3087 788/902/3088 
f 773/886/3089 774/887/3090 790/904/3091 789/903/3092 
f 774/887/3093 775/888/3094 791/913/3095 790/904/3096 
f 775/888/3097 776/897/3098 792/914/3099 791/913/3100 
f 776/897/3101 777/898/3102 793/915/3103 792/914/3104 
f 777/908/3105 778/907/3106 794/924/3107 793/925/3108 
f 778/907/3109 779/909/3110 795/926/3111 794/924/3112 
f 779/909/3113 780/910/3114 796/927/3115 795/926/3116 
f 780/910/3117 781/911/3118 797/928/3119 796/927/3120 
f 781/911/3121 782/912/3122 798/937/3123 797/928/3124 
f 782/912/3125 783/921/3126 799/938/3127 798/937/3128 
f 783/921/3129 784/922/3130 800/939/3131 799/938/3132 
f 784/922/3133 769/923/3134 785/940/3135 800/939/3136 
f 785/900/3137 786/899/3138 802/916/3139 801/917/3140 
f 786/899/3141 787/901/3142 803/918/3143 802/916/3144 
f 787/901/3145 788/902/3146 804/919/3147 803/918/3148 
f 788/902/3149 789/903/3150 805/920/3151 804/919/3152 
f 789/903/3153 790/904/3154 806/929/3155 805/920/3156 
f 790/904/3157 791/913/3158 807/930/3159 806/929/3160 
f 791/913/3161 792/914/3162 808/931/3163 807/930/3164 
f 792/914/3165 793/915/3166 809/932/3167 808/931/3168 
f 793/925/3169 794/924/3170 810/941/3171 809/942/3172 
f 794/924/3173 795/926/3174 811/943/3175 810/941/3176 
f 795/926/3177 796/927/3178 812/944/3179 811/943/3180 
f 796/927/3181 797/928/3182 813/953/3183 812/944/3184 
f 797/928/3185 798/937/3186 814/954/3187 813/953/3188 
f 798/937/3189 799/938/3190 815/955/3191 814/954/3192 
f 799/938/3193 800/939/3194 816/956/3195 815/955/3196 
f 800/939/3197 785/940/3198 801/957/3199 816/956/3200 
f 801/917/3201 802/916/3202 818/933/3203 817/934/3204 
f 802/916/3205 803/918/3206 819/935/3207 818/933/3208 
f 803/918/3209 804/919/3210 820/936/3211 819/935/3212 
f 804/919/3213 805/920/3214 821/945/3215 820/936/3216 
f 805/920/3217 806/929/3218 822/946/3219 821/945/3220 
f 806/929/3221 807/930/3222 823/947/3223 822/946/3224 
f 807/930/3225 808/931/3226 824/948/3227 823/947/3228 
f 808/931/3229 809/932/3230 825/949/3231 824/948/3232 
f 809/942/3233 810/941/3234 826/958/3235 825/959/3236 
f 810/941/3237 811/943/3238 827/960/3239 826/958/3240 
f 811/943/3241 812/944/3242 828/2545/3243 827/960/3244 
f 812/944/3245 813/953/3246 829/2546/3247 828/2545/3248 
f 813/953/3249 814/954/3250 830/2547/3251 829/2546/3252 
f 814/954/3253 815/955/3254 831/2548/3255 830/2547/3256 
f 815/955/3257 816/956/3258 832/2549/3259 831/2548/3260 
f 816/956/3261 801/957/3262 817/2550/3263 832/2549/3264 
f 817/934/3265 818/933/3266 834/950/3267 833/951/3268 
f 818/933/3269 819/935/3270 835/952/3271 834/950/3272 
f 819/935/3273 820/936/3274 836/2575/3275 835/952/3276 
f 820/936/3277 821/945/3278 837/2577/3279 836/2575/3280 
f 821/945/3281 822/946/3282 838/2579/3283 837/2577/3284 
f 822/946/3285 823/947/3286 839/2580/3287 838/2579/3288 
f 823/947/3289 824/948/3290 840/2581/3291 839/2580/3292 
f 824/948/3293 825/949/3294 841/2582/3295 840/2581/3296 
f 825/959/3297 826/958/3298 842/2551/3299 841/2552/3300 
f 826/958/3301 827/960/3302 843/2553/3303 842/2551/3304 
f 827/960/3305 828/2545/3306 844/2554/3307 843/2553/3308 
f 828/2545/3309 829/2546/3310 845/2555/3311 844/2554/3312 
f 829/2546/3313 830/2547/3314 846/2556/3315 845/2555/3316 
f 830/2547/3317 831/2548/3318 847/2557/3319 846/2556/3320 
f 831/2548/3321 832/2549/3322 848/2558/3323 847/2557/3324 
f 832/2549/3325 817/2550/3326 833/2559/3327 848/2558/3328 
f 833/951/3329 834/950/3330 850/2583/3331 849/2584/3332 
f 834/950/3333 835/952/3334 851/2622/3335 850/2583/3336 
f 835/952/3337 836/2575/3338 852/2623/3339 851/2622/3340 
f 836/2575/3341 837/2577/3342 853/2624/3343 852/2623/3344 
f 837/2577/3345 838/2579/3346 854/2625/3347 853/2624/3348 
f 838/2579/3349 839/2580/3350 855/2626/3351 854/2625/3352 
f 839/2580/3353 840/2581/3354 856/2627/3355 855/2626/3356 
f 840/2581/3357 841/2582/3358 857/2628/3359 856/2627/3360 
f 841/2552/3361 842/2551/3362 858/2560/3363 857/2561/3364 
f 842/2551/3365 843/2553/3366 859/2562/3367 858/2560/3368 
f 843/2553/3369 844/2554/3370 860/2563/3371 859/2562/3372 
f 844/2554/3373 845/2555/3374 861/2564/3375 860/2563/3376 
f 845/2555/3377 846/2556/3378 862/2565/3379 861/2564/3380 
f 846/2556/3381 847/2557/3382 863/2566/3383 862/2565/3384 
f 847/2557/3385 848/2558/3386 864/2567/3387 863/2566/3388 
f 848/2558/3389 833/2559/3390 849/2568/3391 864/2567/3392 
f 849/2584/3393 850/2583/3394 866/2629/3395 865/2630/3396 
f 850/2583/3397 851/2622/3398 867/2631/3399 866/2629/3400 
f 851/2622/3401 852/2623/3402 868/2632/3403 867/2631/3404 
f 852/2623/3405 853/2624/3406 869/2633/3407 868/2632/3408 
f 853/2624/3409 854/2625/3410 870/2634/3411 869/2633/3412 
f 854/2625/3413 855/2626/3414 871/2635/3415 870/2634/3416 
f 855/2626/3417 856/2627/3418 872/2636/3419 871/2635/3420 
f 856/2627/3421 857/2628/3422 873/2637/3423 872/2636/3424 
f 857/2561/3425 858/2560/3426 874/2569/3427 873/2570/3428 
f 858/2560/3429 859/2562/3430 875/2571/3431 874/2569/3432 
f 859/2562/3433 860/2563/3434 876/2572/3435 875/2571/3436 
f 860/2563/3437 861/2564/3438 877/2573/3439 876/2572/3440 
f 861/2564/3441 862/2565/3442 878/2574/3443 877/2573/3444 
f 862/2565/3445 863/2566/3446 879/2576/3447 878/2574/3448 
f 863/2566/3449 864/2567/3450 880/2578/3451 879/2576/3452 
f 864/2567/3453 849/2568/3454 865/2585/3455 880/2578/3456 
f 865/2630/3457 866/2629/3458 882/2638/3459 881/2639/3460 
f 866/2629/3461 867/2631/3462 883/2640/3463 882/2638/3464 
f 867/2631/3465 868/2632/3466 884/2641/3467 883/2640/3468 
f 868/2632/3469 869/2633/3470 885/2642/3471 884/2641/3472 
f 869/2633/3473 870/2634/3474 886/2643/3475 885/2642/3476 
f 870/2634/3477 871/2635/3478 887/2644/3479 886/2643/3480 
f 871/2635/3481 872/2636/3482 888/2645/3483 887/2644/3484 
f 872/2636/3485 873/2637/3486 889/2646/3487 888/2645/3488 
f 873/2570/3489 874/2569/3490 890/2586/3491 889/2587/3492 
f 874/2569/3493 875/2571/3494 891/2588/3495 890/2586/3496 
f 875/2571/3497 876/2572/3498 892/2589/3499 891/2588/3500 
f 876/2572/3501 877/2573/3502 893/2590/3503 892/2589/3504 
f 877/2573/3505 878/2574/3506 894/2591/3507 893/2590/3508 
f 878/2574/3509 879/2576/3510 895/2592/3511 894/2591/3512 
f 879/2576/3513 880/2578/3514 896/2593/3515 895/2592/3516 
f 880/2578/3517 865/2585/3518 881/2594/3519 896/2593/3520 
f 881/2639/3521 882/2638/3522 898/2647/3523 897/2648/3524 
f 882/2638/3525 883/2640/3526 899/2649/3527 898/2647/3528 
f 883/2640/3529 884/2641/3530 900/2650/3531 899/2649/3532 
f 884/2641/3533 885/2642/3534 901/2651/3535 900/2650/3536 
f 885/2642/3537 886/2643/3538 902/2652/3539 901/2651/3540 
f 886/2643/3541 887/2644/3542 903/2653/3543 902/2652/3544 
f 887/2644/3545 888/2645/3546 904/2654/3547 903/2653/3548 
f 888/2645/3549 889/2646/3550 905/2655/3551 904/2654/3552 
f 889/2587/3553 890/2586/3554 906/2595/3555 905/2596/3556 
f 890/2586/3557 891/2588/3558 907/2597/3559 906/2595/3560 
f 891/2588/3561 892/2589/3562 908/2598/3563 907/2597/3564 
f 892/2589/3565 893/2590/3566 909/2599/3567 908/2598/3568 
f 893/2590/3569 894/2591/3570 910/2600/3571 909/2599/3572 
f 894/2591/3573 895/2592/3574 911/2601/3575 910/2600/3576 
f 895/2592/3577 896/2593/3578 912/2602/3579 911/2601/3580 
f 896/2593/3581 881/2594/3582 897/2603/3583 912/2602/3584 
f 897/2648/3585 898/2647/3586 914/2656/3587 913/2657/3588 
f 898/2647/3589 899/2649/3590 915/2658/3591 914/2656/3592 
f 899/2649/3593 900/2650/3594 916/2659/3595 915/2658/3596 
f 900/2650/3597 901/2651/3598 917/2660/3599 916/2659/3600 
f 901/2651/3601 902/2652/3602 918/2661/3603 917/2660/3604 
f 902/2652/3605 903/2653/3606 919/2662/3607 918/2661/3608 
f 903/2653/3609 904/2654/3610 920/2663/3611 919/2662/3612 
f 904/2654/3613 905/2655/3614 921/2664/3615 920/2663/3616 
f 905/2596/3617 906/2595/3618 922/2604/3619 921/2605/3620 
f 906/2595/3621 907/2597/3622 923/2606/3623 922/2604/3624 
f 907/2597/3625 908/2598/3626 924/2607/3627 923/2606/3628 
f 908/2598/3629 909/2599/3630 925/2608/3631 924/2607/3632 
f 909/2599/3633 910/2600/3634 926/2609/3635 925/2608/3636 
f 910/2600/3637 911/2601/3638 927/2610/3639 926/2609/3640 
f 911/2601/3641 912/2602/3642 928/2611/3643 927/2610/3644 
f 912/2602/3645 897/2603/3646 913/2612/3647 928/2611/3648 
f 913/2657/3649 914/2656/3650 930/2665/3651 929/2666/3652 
f 914/2656/3653 915/2658/3654 931/2667/3655 930/2665/3656 
f 915/2658/3657 916/2659/3658 932/2668/3659 931/2667/3660 
f 916/2659/3661 917/2660/3662 933/2669/3663 932/2668/3664 
f 917/2660/3665 918/2661/3666 934/2670/3667 933/2669/3668 
f 918/2661/3669 919/2662/3670 935/2671/3671 934/2670/3672 
f 919/2662/3673 920/2663/3674 936/2672/3675 935/2671/3676 
f 920/2663/3677 921/2664/3678 937/2673/3679 936/2672/3680 
f 921/2605/3681 922/2604/3682 938/2613/3683 937/2614/3684 
f 922/2604/3685 923/2606/3686 939/2615/3687 938/2613/3688 
f 923/2606/3689 924/2607/3690 940/2616/3691 939/2615/3692 
f 924/2607/3693 925/2608/3694 941/2617/3695 940/2616/3696 
f 925/2608/3697 926/2609/3698 942/2618/3699 941/2617/3700 
f 926/2609/3701 927/2610/3702 943/2619/3703 942/2618/3704 
f 927/2610/3705 928/2611/3706 944/2620/3707 943/2619/3708 
f 928/2611/3709 913/2612/3710 929/2621/3711 944/2620/3712 
f 929/2666/3713 930/2665/3714 946/2674/3715 945/2675/3716 
f 930/2665/3717 931/2667/3718 947/2676/3719 946/2674/3720 
f 931/2667/3721 932/2668/3722 948/2677/3723 947/2676/3724 
f 932/2668/3725 933/2669/3726 949/2678/3727 948/2677/3728 
f 933/2669/3729 934/2670/3730 950/2679/3731 949/2678/3732 
f 934/2670/3733 935/2671/3734 951/2680/3735 950/2679/3736 
f 935/2671/3737 936/2672/3738 952/2681/3739 951/2680/3740 
f 936/2672/3741 937/2673/3742 953/2682/3743 952/2681/3744 
f 937/2614/3745 938/2613/3746 954/2683/3747 953/2684/3748 
f 938/2613/3749 939/2615/3750 955/2685/3751 954/2683/3752 
f 939/2615/3753 940/2616/3754 956/2686/3755 955/2685/3756 
f 940/2616/3757 941/2617/3758 957/2687/3759 956/2686/3760 
f 941/2617/3761 942/2618/3762 958/2688/3763 957/2687/3764 
f 942/2618/3765 943/2619/3766 959/2689/3767 958/2688/3768 
f 943/2619/3769 944/2620/3770 960/2690/3771 959/2689/3772 
f 944/2620/3773 929/2621/3774 945/2691/3775 960/2690/3776 
f 945/2675/3777 946/2674/3778 2/2/3779 1/1/3780 
f 946/2674/3781 947/2676/3782 3/5/3783 2/2/3784 
f 947/2676/3785 948/2677/3786 4/7/3787 3/5/3788 
f 948/2677/3789 949/2678/3790 5/9/3791 4/7/3792 
f 949/2678/3793 950/2679/3794 6/11/3795 5/9/3796 
f 950/2679/3797 951/2680/3798 7/13/3799 6/11/3800 
f 951/2680/3801 952/2681/3802 8/15/3803 7/13/3804 
f 952/2681/3805 953/2682/3806 9/33/3807 8/15/3808 
f 953/2684/3809 954/2683/3810 10/18/3811 9/17/3812 
f 954/2683/3813 955/2685/3814 11/21/3815 10/18/3816 
f 955/2685/3817 956/2686/3818 12/23/3819 11/21/3820 
f 956/2686/3821 957/2687/3822 13/25/3823 12/23/3824 
f 957/2687/3825 958/2688/3826 14/27/3827 13/25/3828 
f 958/2688/3829 959/2689/3830 15/29/3831 14/27/3832 
f 959/2689/3833 960/2690/3834 16/31/3835 15/29/3836 
f 960/2690/3837 945/2691/3838 1/41/3839 16/31/3840 
f 961/2701/3841 962/2702/3842 978/2703/3843 977/2704/3844 
f 962/2702/3845 963/2705/3846 979/2706/3847 978/2703/3848 
f 963/2705/3849 964/2707/3850 980/2708/3851 979/2706/3852 
f 964/2707/3853 965/2709/3854 981/2710/3855 980/2708/3856 
f 965/2709/3857 966/2711/3858 982/2712/3859 981/2710/3860 
f 966/2711/3861 967/2713/3862 983/2714/3863 982/2712/3864 
f 967/2713/3865 968/2715/3866 984/2716/3867 983/2714/3868 
f 968/2715/3869 969/2717/3870 985/2718/3871 984/2716/3872 
f 969/2719/3873 970/2720/3874 986/2721/3875 985/2722/3876 
f 970/2720/3877 971/2723/3878 987/2724/3879 986/2721/3880 
f 971/2723/3881 972/2725/3882 988/2726/3883 987/2724/3884 
f 972/2725/3885 973/2727/3886 989/2728/3887 988/2726/3888 
f 973/2727/3889 974/2729/3890 990/2730/3891 989/2728/3892 
f 974/2729/3893 975/2731/3894 991/2732/3895 990/2730/3896 
f 975/2731/3897 976/2733/3898 992/2734/3899 991/2732/3900 
f 976/2733/3901 961/2735/3902 977/2736/3903 992/2734/3904 
f 977/2704/3905 978/2703/3906 994/2737/3907 993/2738/3908 
f 978/2703/3909 979/2706/3910 995/2739/3911 994/2737/3912 
f 979/2706/3913 980/2708/3914 996/2740/3915 995/2739/3916 
f 980/2708/3917 981/2710/3918 997/2741/3919 996/2740/3920 
f 981/2710/3921 982/2712/3922 998/2742/3923 997/2741/3924 
f 982/2712/3925 983/2714/3926 999/2743/3927 998/2742/3928 
f 983/2714/3929 984/2716/3930 1000/2744/3931 999/2743/3932 
f 984/2716/3933 985/2718/3934 1001/2745/3935 1000/2744/3936 
f 985/2722/3937 986/2721/3938 1002/2746/3939 1001/2747/3940 
f 986/2721/3941 987/2724/3942 1003/2748/3943 1002/2746/3944 
f 987/2724/3945 988/2726/3946 1004/2749/3947 1003/2748/3948 
f 988/2726/3949 989/2728/3950 1005/2750/3951 1004/2749/3952 
f 989/2728/3953 990/2730/3954 1006/2751/3955 1005/2750/3956 
f 990/2730/3957 991/2732/3958 1007/2752/3959 1006/2751/3960 
f 991/2732/3961 992/2734/3962 1008/2753/3963 1007/2752/3964 
f 992/2734/3965 977/2736/3966 993/2754/3967 1008/2753/3968 
f 993/2738/3969 994/2737/3970 1010/2755/3971 1009/2756/3972 
f 994/2737/3973 995/2739/3974 1011/2757/3975 1010/2755/3976 
f 995/2739/3977 996/2740/3978 1012/2758/3979 1011/2757/3980 
f 996/2740/3981 997/2741/3982 1013/2759/3983 1012/2758/3984 
f 997/2741/3985 998/2742/3986 1014/2760/3987 1013/2759/3988 
f 998/2742/3989 999/2743/3990 1015/2761/3991 1014/2760/3992 
f 999/2743/3993 1000/2744/3994 1016/2762/3995 1015/2761/3996 
f 1000/2744/3997 1001/2745/3998 1017/2763/3999 1016/2762/4000 
f 1001/2747/4001 1002/2746/4002 1018/2764/4003 1017/2765/4004 
f 1002/2746/4005 1003/2748/4006 1019/2766/4007 1018/2764/4008 
f 1003/2748/4009 1004/2749/4010 1020/2767/4011 1019/2766/4012 
f 1004/2749/4013 1005/2750/4014 1021/2768/4015 1020/2767/4016 
f 1005/2750/4017 1006/2751/4018 1022/2769/4019 1021/2768/4020 
f 1006/2751/4021 1007/2752/4022 1023/2770/4023 1022/2769/4024 
f 1007/2752/4025 1008/2753/4026 1024/2771/4027 1023/2770/4028 
f 1008/2753/4029 993/2754/4030 1009/2772/4031 1024/2771/4032 
f 1009/2756/4033 1010/2755/4034 1026/2773/4035 1025/2774/4036 
f 1010/2755/4037 1011/2757/4038 1027/2775/4039 1026/2773/4040 
f 1011/2757/4041 1012/2758/4042 1028/2776/4043 1027/2775/4044 
f 1012/2758/4045 1013/2759/4046 1029/2777/4047 1028/2776/4048 
f 1013/2759/4049 1014/2760/4050 1030/2778/4051 1029/2777/4052 
f 1014/2760/4053 1015/2761/4054 1031/2779/4055 1030/2778/4056 
f 1015/2761/4057 1016/2762/4058 1032/2780/4059 1031/2779/4060 
f 1016/2762/4061 1017/2763/4062 1033/2781/4063 1032/2780/4064 
f 1017/2765/4065 1018/2764/4066 1034/2782/4067 1033/2783/4068 
f 1018/2764/4069 1019/2766/4070 1035/2784/4071 1034/2782/4072 
f 1019/2766/4073 1020/2767/4074 1036/2785/4075 1035/2784/4076 
f 1020/2767/4077 1021/2768/4078 1037/2786/4079 1036/2785/4080 
f 1021/2768/4081 1022/2769/4082 1038/2787/4083 1037/2786/4084 
f 1022/2769/4085 1023/2770/4086 1039/2788/4087 1038/2787/4088 
f 1023/2770/4089 1024/2771/4090 1040/2789/4091 1039/2788/4092 
f 1024/2771/4093 1009/2772/4094 1025/2790/4095 1040/2789/4096 
f 1025/2774/4097 1026/2773/4098 1042/2791/4099 1041/2792/4100 
f 1026/2773/4101 1027/2775/4102 1043/2793/4103 1042/2791/4104 
f 1027/2775/4105 1028/2776/4106 1044/2794/4107 1043/2793/4108 
f 1028/2776/4109 1029/2777/4110 1045/2795/4111 1044/2794/4112 
f 1029/2777/4113 1030/2778/4114 1046/2796/4115 1045/2795/4116 
f 1030/2778/4117 1031/2779/4118 1047/2797/4119 1046/2796/4120 
f 1031/2779/4121 1032/2780/4122 1048/2798/4123 1047/2797/4124 
f 1032/2780/4125 1033/2781/4126 1049/2799/4127 1048/2798/4128 
f 1033/2783/4129 1034/2782/4130 1050/2800/4131 1049/2801/4132 
f 1034/2782/4133 1035/2784/4134 1051/2802/4135 1050/2800/4136 
f 1035/2784/4137 1036/2785/4138 1052/2803/4139 1051/2802/4140 
f 1036/2785/4141 1037/2786/4142 1053/2804/4143 1052/2803/4144 
f 1037/2786/4145 1038/2787/4146 1054/2805/4147 1053/2804/4148 
f 1038/2787/4149 1039/2788/4150 1055/2806/4151 1054/2805/4152 
f 1039/2788/4153 1040/2789/4154 1056/2807/4155 1055/2806/4156 
f 1040/2789/4157 1025/2790/4158 1041/2808/4159 1056/2807/4160 
f 1041/2792/4161 1042/2791/4162 1058/2809/4163 1057/2810/4164 
f 1042/2791/4165 1043/2793/4166 1059/2811/4167 1058/2809/4168 
f 1043/2793/4169 1044/2794/4170 1060/2812/4171 1059/2811/4172 
f 1044/2794/4173 1045/2795/4174 1061/2813/4175 1060/2812/4176 
f 1045/2795/4177 1046/2796/4178 1062/2814/4179 1061/2813/4180 
f 1046/2796/4181 1047/2797/4182 1063/2815/4183 1062/2814/4184 
f 1047/2797/4185 1048/2798/4186 1064/2816/4187 1063/2815/4188 
f 1048/2798/4189 1049/2799/4190 1065/2817/4191 1064/2816/4192 
f 1049/2801/4193 1050/2800/4194 1066/2818/4195 1065/2819/4196 
f 1050/2800/4197 1051/2802/4198 1067/2820/4199 1066/2818/4200 
f 1051/2802/4201 1052/2803/4202 1068/2821/4203 1067/2820/4204 
f 1052/2803/4205 1053/2804/4206 1069/2822/4207 1068/2821/4208 
f 1053/2804/4209 1054/2805/4210 1070/2823/4211 1069/2822/4212 
f 1054/2805/4213 1055/2806/4214 1071/2824/4215 1070/2823/4216 
f 1055/2806/4217 1056/2807/4218 1072/2825/4219 1071/2824/4220 
f 1056/2807/4221 1041/2808/4222 1057/2826/4223 1072/2825/4224 
f 1057/2810/4225 1058/2809/4226 1074/2827/4227 1073/2828/4228 
f 1058/2809/4229 1059/2811/4230 1075/2829/4231 1074/2827/4232 
f 1059/2811/4233 1060/2812/4234 1076/2830/4235 1075/2829/4236 
f 1060/2812/4237 1061/2813/4238 1077/2831/4239 1076/2830/4240 
f 1061/2813/4241 1062/2814/4242 1078/2832/4243 1077/2831/4244 
f 1062/2814/4245 1063/2815/4246 1079/2833/4247 1078/2832/4248 
f 1063/2815/4249 1064/2816/4250 1080/2834/4251 1079/2833/4252 
f 1064/2816/4253 1065/2817/4254 1081/2835/4255 1080/2834/4256 
f 1065/2819/4257 1066/2818/4258 1082/2836/4259 1081/2837/4260 
f 1066/2818/4261 1067/2820/4262 1083/2838/4263 1082/2836/4264 
f 1067/2820/4265 1068/2821/4266 1084/2839/4267 1083/2838/4268 
f 1068/2821/4269 1069/2822/4270 1085/2840/4271 1084/2839/4272 
f 1069/2822/4273 1070/2823/4274 1086/2841/4275 1085/2840/4276 
f 1070/2823/4277 1071/2824/4278 1087/2842/4279 1086/2841/4280 
f 1071/2824/4281 1072/2825/4282 1088/2843/4283 1087/2842/4284 
f 1072/2825/4285 1057/2826/4286 1073/2844/4287 1088/2843/4288 
f 1073/2828/4289 1074/2827/4290 1090/2845/4291 1089/2846/4292 
f 1074/2827/4293 1075/2829/4294 1091/2847/4295 1090/2845/4296 
f 1075/2829/4297 1076/2830/4298 1092/2848/4299 1091/2847/4300 
f 1076/2830/4301 1077/2831/4302 1093/2849/4303 1092/2848/4304 
f 1077/2831/4305 1078/2832/4306 1094/2850/4307 1093/2849/4308 
f 1078/2832/4309 1079/2833/4310 1095/2851/4311 1094/2850/4312 
f 1079/2833/4313 1080/2834/4314 1096/2852/4315 1095/2851/4316 
f 1080/2834/4317 1081/2835/4318 1097/2853/4319 1096/2852/4320 
f 1081/2837/4321 1082/2836/4322 1098/2854/4323 1097/2855/4324 
f 1082/2836/4325 1083/2838/4326 1099/2856/4327 1098/2854/4328 
f 1083/2838/4329 1084/2839/4330 1100/2857/4331 1099/2856/4332 
f 1084/2839/4333 1085/2840/4334 1101/2858/4335 1100/2857/4336 
f 1085/2840/4337 1086/2841/4338 1102/2859/4339 1101/2858/4340 
f 1086/2841/4341 1087/2842/4342 1103/2860/4343 1102/2859/4344 
f 1087/2842/4345 1088/2843/4346 1104/2861/4347 1103/2860/4348 
f 1088/2843/4349 1073/2844/4350 1089/2862/4351 1104/2861/4352 
f 1089/2846/4353 1090/2845/4354 1106/2863/4355 1105/2864/4356 
f 1090/2845/4357 1091/2847/4358 1107/2865/4359 1106/2863/4360 
f 1091/2847/4361 1092/2848/4362 1108/2866/4363 1107/2865/4364 
f 1092/2848/4365 1093/2849/4366 1109/2867/4367 1108/2866/4368 
f 1093/2849/4369 1094/2850/4370 1110/2868/4371 1109/2867/4372 
f 1094/2850/4373 1095/2851/4374 1111/2869/4375 1110/2868/4376 
f 1095/2851/4377 1096/2852/4378 1112/2870/4379 1111/2869/4380 
f 1096/2852/4381 1097/2853/4382 1113/2871/4383 1112/2870/4384 
f 1097/2855/4385 1098/2854/4386 1114/2872/4387 1113/2873/4388 
f 1098/2854/4389 1099/2856/4390 1115/2874/4391 1114/2872/4392 
f 1099/2856/4393 1100/2857/4394 1116/2875/4395 1115/2874/4396 
f 1100/2857/4397 1101/2858/4398 1117/2876/4399 1116/2875/4400 
f 1101/2858/4401 1102/2859/4402 1118/2877/4403 1117/2876/4404 
f 1102/2859/4405 1103/2860/4406 1119/2878/4407 1118/2877/4408 
f 1103/2860/4409 1104/2861/4410 1120/2879/4411 1119/2878/4412 
f 1104/2861/4413 1089/2862/4414 1105/2880/4415 1120/2879/4416 
f 1105/2864/4417 1106/2863/4418 1122/2881/4419 1121/2882/4420 
f 1106/2863/4421 1107/2865/4422 1123/2883/4423 1122/2881/4424 
f 1107/2865/4425 1108/2866/4426 1124/2884/4427 1123/2883/4428 
f 1108/2866/4429 1109/2867/4430 1125/2885/4431 1124/2884/4432 
f 1109/2867/4433 1110/2868/4434 1126/2886/4435 1125/2885/4436 
f 1110/2868/4437 1111/2869/4438 1127/2887/4439 1126/2886/4440 
f 1111/2869/4441 1112/2870/4442 1128/2888/4443 1127/2887/4444 
f 1112/2870/4445 1113/2871/4446 1129/2889/4447 1128/2888/4448 
f 1113/2873/4449 1114/2872/4450 1130/2890/4451 1129/2891/4452 
f 1114/2872/4453 1115/2874/4454 1131/2892/4455 1130/2890/4456 
f 1115/2874/4457 1116/2875/4458 1132/2893/4459 1131/2892/4460 
f 1116/2875/4461 1117/2876/4462 1133/2894/4463 1132/2893/4464 
f 1117/2876/4465 1118/2877/4466 1134/2895/4467 1133/2894/4468 
f 1118/2877/4469 1119/2878/4470 1135/2896/4471 1134/2895/4472 
f 1119/2878/4473 1120/2879/4474 1136/2897/4475 1135/2896/4476 
f 1120/2879/4477 1105/2880/4478 1121/2898/4479 1136/2897/4480 
f 1121/2882/4481 1122/2881/4482 1138/2899/4483 1137/2900/4484 
f 1122/2881/4485 1123/2883/4486 1139/2901/4487 1138/2899/4488 
f 1123/2883/4489 1124/2884/4490 1140/2902/4491 1139/2901/4492 
f 1124/2884/4493 1125/2885/4494 1141/2903/4495 1140/2902/4496 
f 1125/2885/4497 1126/2886/4498 1142/2904/4499 1141/2903/4500 
f 1126/2886/4501 1127/2887/4502 1143/2905/4503 1142/2904/4504 
f 1127/2887/4505 1128/2888/4506 1144/2906/4507 1143/2905/4508 
f 1128/2888/4509 1129/2889/4510 1145/2907/4511 1144/2906/4512 
f 1129/2891/4513 1130/2890/4514 1146/2908/4515 1145/2909/4516 
f 1130/2890/4517 1131/2892/4518 1147/2910/4519 1146/2908/4520 
f 1131/2892/4521 1132/2893/4522 1148/2911/4523 1147/2910/4524 
f 1132/2893/4525 1133/2894/4526 1149/2912/4527 1148/2911/4528 
f 1133/2894/4529 1134/2895/4530 1150/2913/4531 1149/2912/4532 
f 1134/2895/4533 1135/2896/4534 1151/2914/4535 1150/2913/4536 
f 1135/2896/4537 1136/2897/4538 1152/2915/4539 1151/2914/4540 
f 1136/2897/4541 1121/2898/4542 1137/2916/4543 1152/2915/4544 
f 1137/2900/4545 1138/2899/4546 1154/2917/4547 1153/2918/4548 
f 1138/2899/4549 1139/2901/4550 1155/2919/4551 1154/2917/4552 
f 1139/2901/4553 1140/2902/4554 1156/2920/4555 1155/2919/4556 
f 1140/2902/4557 1141/2903/4558 1157/2921/4559 1156/2920/4560 
f 1141/2903/4561 1142/2904/4562 1158/2922/4563 1157/2921/4564 
f 1142/2904/4565 1143/2905/4566 1159/2923/4567 1158/2922/4568 
f 1143/2905/4569 1144/2906/4570 1160/2924/4571 1159/2923/4572 
f 1144/2906/4573 1145/2907/4574 1161/2925/4575 1160/2924/4576 
f 1145/2909/4577 1146/2908/4578 1162/2926/4579 1161/2927/4580 
f 1146/2908/4581 1147/2910/4582 1163/2928/4583 1162/2926/4584 
f 1147/2910/4585 1148/2911/4586 1164/2929/4587 1163/2928/4588 
f 1148/2911/4589 1149/2912/4590 1165/2930/4591 1164/2929/4592 
f 1149/2912/4593 1150/2913/4594 1166/2931/4595 1165/2930/4596 
f 1150/2913/4597 1151/2914/4598 1167/2932/4599 1166/2931/4600 
f 1151/2914/4601 1152/2915/4602 1168/2933/4603 1167/2932/4604 
f 1152/2915/4605 1137/2916/4606 1153/2934/4607 1168/2933/4608 
f 1153/2918/4609 1154/2917/4610 1170/2935/4611 1169/2936/4612 
f 1154/2917/4613 1155/2919/4614 1171/2937/4615 1170/2935/4616 
f 1155/2919/4617 1156/2920/4618 1172/2938/4619 1171/2937/4620 
f 1156/2920/4621 1157/2921/4622 1173/2939/4623 1172/2938/4624 
f 1157/2921/4625 1158/2922/4626 1174/2940/4627 1173/2939/4628 
f 1158/2922/4629 1159/2923/4630 1175/2941/4631 1174/2940/4632 
f 1159/2923/4633 1160/2924/4634 1176/2942/4635 1175/2941/4636 
f 1160/2924/4637 1161/2925/4638 1177/2943/4639 1176/2942/4640 
f 1161/2927/4641 1162/2926/4642 1178/2944/4643 1177/2945/4644 
f 1162/2926/4645 1163/2928/4646 1179/2946/4647 1178/2944/4648 
f 1163/2928/4649 1164/2929/4650 1180/2947/4651 1179/2946/4652 
f 1164/2929/4653 1165/2930/4654 1181/2948/4655 1180/2947/4656 
f 1165/2930/4657 1166/2931/4658 1182/2949/4659 1181/2948/4660 
f 1166/2931/4661 1167/2932/4662 1183/2950/4663 1182/2949/4664 
f 1167/2932/4665 1168/2933/4666 1184/2951/4667 1183/2950/4668 
f 1168/2933/4669 1153/2934/4670 1169/2952/4671 1184/2951/4672 
f 1169/2936/4673 1170/2935/4674 1186/2953/4675 1185/2954/4676 
f 1170/2935/4677 1171/2937/4678 1187/2955/4679 1186/2953/4680 
f 1171/2937/4681 1172/2938/4682 1188/2956/4683 1187/2955/4684 
f 1172/2938/4685 1173/2939/4686 1189/2957/4687 1188/2956/4688 
f 1173/2939/4689 1174/2940/4690 1190/2958/4691 1189/2957/4692 
f 1174/2940/4693 1175/2941/4694 1191/2959/4695 1190/2958/4696 
f 1175/2941/4697 1176/2942/4698 1192/2960/4699 1191/2959/4700 
f 1176/2942/4701 1177/2943/4702 1193/2961/4703 1192/2960/4704 
f 1177/2945/4705 1178/2944/4706 1194/2962/4707 1193/2963/4708 
f 1178/2944/4709 1179/2946/4710 1195/2964/4711 1194/2962/4712 
f 1179/2946/4713 1180/2947/4714 1196/2965/4715 1195/2964/4716 
f 1180/2947/4717 1181/2948/4718 1197/2966/4719 1196/2965/4720 
f 1181/2948/4721 1182/2949/4722 1198/2967/4723 1197/2966/4724 
f 1182/2949/4725 1183/2950/4726 1199/2968/4727 1198/2967/4728 
f 1183/2950/4729 1184/2951/4730 1200/2969/4731 1199/2968/4732 
f 1184/2951/4733 1169/2952/4734 1185/2970/4735 1200/2969/4736 
f 1185/2954/4737 1186/2953/4738 1202/2971/4739 1201/2972/4740 
f 1186/2953/4741 1187/2955/4742 1203/2973/4743 1202/2971/4744 
f 1187/2955/4745 1188/2956/4746 1204/2974/4747 1203/2973/4748 
f 1188/2956/4749 1189/2957/4750 1205/2975/4751 1204/2974/4752 
f 1189/2957/4753 1190/2958/4754 1206/2976/4755 1205/2975/4756 
f 1190/2958/4757 1191/2959/4758 1207/2977/4759 1206/2976/4760 
f 1191/2959/4761 1192/2960/4762 1208/2978/4763 1207/2977/4764 
f 1192/2960/4765 1193/2961/4766 1209/2979/4767 1208/2978/4768 
f 1193/2963/4769 1194/2962/4770 1210/2980/4771 1209/2981/4772 
f 1194/2962/4773 1195/2964/4774 1211/2982/4775 1210/2980/4776 
f 1195/2964/4777 1196/2965/4778 1212/2983/4779 1211/2982/4780 
f 1196/2965/4781 1197/2966/4782 1213/2984/4783 1212/2983/4784 
f 1197/2966/4785 1198/2967/4786 1214/2985/4787 1213/2984/4788 
f 1198/2967/4789 1199/2968/4790 1215/2986/4791 1214/2985/4792 
f 1199/2968/4793 1200/2969/4794 1216/2987/4795 1215/2986/4796 
f 1200/2969/4797 1185/2970/4798 1201/2988/4799 1216/2987/4800 
f 1201/2989/4801 1202/2990/4802 1218/2991/4803 1217/2992/4804 
f 1202/2990/4805 1203/2993/4806 1219/2994/4807 1218/2991/4808 
f 1203/2993/4809 1204/2995/4810 1220/2996/4811 1219/2994/4812 
f 1204/2995/4813 1205/2997/4814 1221/2998/4815 1220/2996/4816 
f 1205/2997/4817 1206/2999/4818 1222/3000/4819 1221/2998/4820 
f 1206/2999/4821 1207/3001/4822 1223/3002/4823 1222/3000/4824 
f 1207/3001/4825 1208/3003/4826 1224/3004/4827 1223/3002/4828 
f 1208/3003/4829 1209/3005/4830 1225/3006/4831 1224/3004/4832 
f 1209/3007/4833 1210/3008/4834 1226/3009/4835 1225/3010/4836 
f 1210/3008/4837 1211/3011/4838 1227/3012/4839 1226/3009/4840 
f 1211/3011/4841 1212/3013/4842 1228/3014/4843 1227/3012/4844 
f 1212/3013/4845 1213/3015/4846 1229/3016/4847 1228/3014/4848 
f 1213/3015/4849 1214/3017/4850 1230/3018/4851 1229/3016/4852 
f 1214/3017/4853 1215/3019/4854 1231/3020/4855 1230/3018/4856 
f 1215/3019/4857 1216/3021/4858 1232/3022/4859 1231/3020/4860 
f 1216/3021/4861 1201/3023/4862 1217/3024/4863 1232/3022/4864 
f 1217/2992/4865 1218/2991/4866 1234/3025/4867 1233/3026/4868 
f 1218/2991/4869 1219/2994/4870 1235/3027/4871 1234/3025/4872 
f 1219/2994/4873 1220/2996/4874 1236/3028/4875 1235/3027/4876 
f 1220/2996/4877 1221/2998/4878 1237/3029/4879 1236/3028/4880 
f 1221/2998/4881 1222/3000/4882 1238/3030/4883 1237/3029/4884 
f 1222/3000/4885 1223/3002/4886 1239/3031/4887 1238/3030/4888 
f 1223/3002/4889 1224/3004/4890 1240/3032/4891 1239/3031/4892 
f 1224/3004/4893 1225/3006/4894 1241/3033/4895 1240/3032/4896 
f 1225/3010/4897 1226/3009/4898 1242/3034/4899 1241/3035/4900 
f 1226/3009/4901 1227/3012/4902 1243/3036/4903 1242/3034/4904 
f 1227/3012/4905 1228/3014/4906 1244/3037/4907 1243/3036/4908 
f 1228/3014/4909 1229/3016/4910 1245/3038/4911 1244/3037/4912 
f 1229/3016/4913 1230/3018/4914 1246/3039/4915 1245/3038/4916 
f 1230/3018/4917 1231/3020/4918 1247/3040/4919 1246/3039/4920 
f 1231/3020/4921 1232/3022/4922 1248/3041/4923 1247/3040/4924 
f 1232/3022/4925 1217/3024/4926 1233/3042/4927 1248/3041/4928 
f 1233/3026/4929 1234/3025/4930 1250/3043/4931 1249/3044/4932 
f 1234/3025/4933 1235/3027/4934 1251/3045/4935 1250/3043/4936 
f 1235/3027/4937 1236/3028/4938 1252/3046/4939 1251/3045/4940 
f 1236/3028/4941 1237/3029/4942 1253/3047/4943 1252/3046/4944 
f 1237/3029/4945 1238/3030/4946 1254/3048/4947 1253/3047/4948 
f 1238/3030/4949 1239/3031/4950 1255/3049/4951 1254/3048/4952 
f 1239/3031/4953 1240/3032/4954 1256/3050/4955 1255/3049/4956 
f 1240/3032/4957 1241/3033/4958 1257/3051/4959 1256/3050/4960 
f 1241/3035/4961 1242/3034/4962 1258/3052/4963 1257/3053/4964 
f 1242/3034/4965 1243/3036/4966 1259/3054/4967 1258/3052/4968 
f 1243/3036/4969 1244/3037/4970 1260/3055/4971 1259/3054/4972 
f 1244/3037/4973 1245/3038/4974 1261/3056/4975 1260/3055/4976 
f 1245/3038/4977 1246/3039/4978 1262/3057/4979 1261/3056/4980 
f 1246/3039/4981 1247/3040/4982 1263/3058/4983 1262/3057/4984 
f 1247/3040/4985 1248/3041/4986 1264/3059/4987 1263/3058/4988 
f 1248/3041/4989 1233/3042/4990 1249/3060/4991 1264/3059/4992 
f 1249/3044/4993 1250/3043/4994 1266/3061/4995 1265/3062/4996 
f 1250/3043/4997 1251/3045/4998 1267/3063/4999 1266/3061/5000 
f 1251/3045/5001 1252/3046/5002 1268/3064/5003 1267/3063/5004 
f 1252/3046/5005 1253/3047/5006 1269/3065/5007 1268/3064/5008 
f 1253/3047/5009 1254/3048/5010 1270/3066/5011 1269/3065/5012 
f 1254/3048/5013 1255/3049/5014 1271/3067/5015 1270/3066/5016 
f 1255/3049/5017 1256/3050/5018 1272/3068/5019 1271/3067/5020 
f 1256/3050/5021 1257/3051/5022 1273/3069/5023 1272/3068/5024 
f 1257/3053/5025 1258/3052/5026 1274/3070/5027 1273/3071/5028 
f 1258/3052/5029 1259/3054/5030 1275/3072/5031 1274/3070/5032 
f 1259/3054/5033 1260/3055/5034 1276/3073/5035 1275/3072/5036 
f 1260/3055/5037 1261/3056/5038 1277/3074/5039 1276/3073/5040 
f 1261/3056/5041 1262/3057/5042 1278/3075/5043 1277/3074/5044 
f 1262/3057/5045 1263/3058/5046 1279/3076/5047 1278/3075/5048 
f 1263/3058/5049 1264/3059/5050 1280/3077/5051 1279/3076/5052 
f 1264/3059/5053 1249/3060/5054 1265/3078/5055 1280/3077/5056 
f 1265/3062/5057 1266/3061/5058 1282/3079/5059 1281/3080/5060 
f 1266/3061/5061 1267/3063/5062 1283/3081/5063 1282/3079/5064 
f 1267/3063/5065 1268/3064/5066 1284/3082/5067 1283/3081/5068 
f 1268/3064/5069 1269/3065/5070 1285/3083/5071 1284/3082/5072 
f 1269/3065/5073 1270/3066/5074 1286/3084/5075 1285/3083/5076 
f 1270/3066/5077 1271/3067/5078 1287/3085/5079 1286/3084/5080 
f 1271/3067/5081 1272/3068/5082 1288/3086/5083 1287/3085/5084 
f 1272/3068/5085 1273/3069/5086 1289/3087/5087 1288/3086/5088 
f 1273/3071/5089 1274/3070/5090 1290/3088/5091 1289/3089/5092 
f 1274/3070/5093 1275/3072/5094 1291/3090/5095 1290/3088/5096 
f 1275/3072/5097 1276/3073/5098 1292/3091/5099 1291/3090/5100 
f 1276/3073/5101 1277/3074/5102 1293/3092/5103 1292/3091/5104 
f 1277/3074/5105 1278/3075/5106 1294/3093/5107 1293/3092/5108 
f 1278/3075/5109 1279/3076/5110 1295/3094/5111 1294/3093/5112 
f 1279/3076/5113 1280/3077/5114 1296/3095/5115 1295/3094/5116 
f 1280/3077/5117 1265/3078/5118 1281/3096/5119 1296/3095/5120 
f 1281/3080/5121 1282/3079/5122 1298/3097/5123 1297/3098/5124 
f 1282/3079/5125 1283/3081/5126 1299/3099/5127 1298/3097/5128 
f 1283/3081/5129 1284/3082/5130 1300/3100/5131 1299/3099/5132 
f 1284/3082/5133 1285/3083/5134 1301/3101/5135 1300/3100/5136 
f 1285/3083/5137 1286/3084/5138 1302/3102/5139 1301/3101/5140 
f 1286/3084/5141 1287/3085/5142 1303/3103/5143 1302/3102/5144 
f 1287/3085/5145 1288/3086/5146 1304/3104/5147 1303/3103/5148 
f 1288/3086/5149 1289/3087/5150 1305/3105/5151 1304/3104/5152 
f 1289/3089/5153 1290/3088/5154 1306/3106/5155 1305/3107/5156 
f 1290/3088/5157 1291/3090/5158 1307/3108/5159 1306/3106/5160 
f 1291/3090/5161 1292/3091/5162 1308/3109/5163 1307/3108/5164 
f 1292/3091/5165 1293/3092/5166 1309/3110/5167 1308/3109/5168 
f 1293/3092/5169 1294/3093/5170 1310/3111/5171 1309/3110/5172 
f 1294/3093/5173 1295/3094/5174 1311/3112/5175 1310/3111/5176 
f 1295/3094/5177 1296/3095/5178 1312/3113/5179 1311/3112/5180 
f 1296/3095/5181 1281/3096/5182 1297/3114/5183 1312/3113/5184 
f 1297/3098/5185 1298/3097/5186 1314/3115/5187 1313/3116/5188 
f 1298/3097/5189 1299/3099/5190 1315/3117/5191 1314/3115/5192 
f 1299/3099/5193 1300/3100/5194 1316/3118/5195 1315/3117/5196 
f 1300/3100/5197 1301/3101/5198 1317/3119/5199 1316/3118/5200 
f 1301/3101/5201 1302/3102/5202 1318/3120/5203 1317/3119/5204 
f 1302/3102/5205 1303/3103/5206 1319/3121/5207 1318/3120/5208 
f 1303/3103/5209 1304/3104/5210 1320/3122/5211 1319/3121/5212 
f 1304/3104/5213 1305/3105/5214 1321/3123/5215 1320/3122/5216 
f 1305/3107/5217 1306/3106/5218 1322/3124/5219 1321/3125/5220 
f 1306/3106/5221 1307/3108/5222 1323/3126/5223 1322/3124/5224 
f 1307/3108/5225 1308/3109/5226 1324/3127/5227 1323/3126/5228 
f 1308/3109/5229 1309/3110/5230 1325/3128/5231 1324/3127/5232 
f 1309/3110/5233 1310/3111/5234 1326/3129/5235 1325/3128/5236 
f 1310/3111/5237 1311/3112/5238 1327/3130/5239 1326/3129/5240 
f 1311/3112/5241 1312/3113/5242 1328/3131/5243 1327/3130/5244 
f 1312/3113/5245 1297/3114/5246 1313/3132/5247 1328/3131/5248 
f 1313/3116/5249 1314/3115/5250 1330/3133/5251 1329/3134/5252 
f 1314/3115/5253 1315/3117/5254 1331/3135/5255 1330/3133/5256 
f 1315/3117/5257 1316/3118/5258 1332/3136/5259 1331/3135/5260 
f 1316/3118/5261 1317/3119/5262 1333/3137/5263 1332/3136/5264 
f 1317/3119/5265 1318/3120/5266 1334/3138/5267 1333/3137/5268 
f 1318/3120/5269 1319/3121/5270 1335/3139/5271 1334/3138/5272 
f 1319/3121/5273 1320/3122/5274 1336/3140/5275 1335/3139/5276 
f 1320/3122/5277 1321/3123/5278 1337/3141/5279 1336/3140/5280 
f 1321/3125/5281 1322/3124/5282 1338/3142/5283 1337/3143/5284 
f 1322/3124/5285 1323/3126/5286 1339/3144/5287 1338/3142/5288 
f 1323/3126/5289 1324/3127/5290 1340/3145/5291 1339/3144/5292 
f 1324/3127/5293 1325/3128/5294 1341/3146/5295 1340/3145/5296 
f 1325/3128/5297 1326/3129/5298 1342/3147/5299 1341/3146/5300 
f 1326/3129/5301 1327/3130/5302 1343/3148/5303 1342/3147/5304 
f 1327/3130/5305 1328/3131/5306 1344/3149/5307 1343/3148/5308 
f 1328/3131/5309 1313/3132/5310 1329/3150/5311 1344/3149/5312 
f 1329/3134/5313 1330/3133/5314 1346/3151/5315 1345/3152/5316 
f 1330/3133/5317 1331/3135/5318 1347/3153/5319 1346/3151/5320 
f 1331/3135/5321 1332/3136/5322 1348/3154/5323 1347/3153/5324 
f 1332/3136/5325 1333/3137/5326 1349/3155/5327 1348/3154/5328 
f 1333/3137/5329 1334/3138/5330 1350/3156/5331 1349/3155/5332 
f 1334/3138/5333 1335/3139/5334 1351/3157/5335 1350/3156/5336 
f 1335/3139/5337 1336/3140/5338 1352/3158/5339 1351/3157/5340 
f 1336/3140/5341 1337/3141/5342 1353/3159/5343 1352/3158/5344 
f 1337/3143/5345 1338/3142/5346 1354/3160/5347 1353/3161/5348 
f 1338/3142/5349 1339/3144/5350 1355/3162/5351 1354/3160/5352 
f 1339/3144/5353 1340/3145/5354 1356/3163/5355 1355/3162/5356 
f 1340/3145/5357 1341/3146/5358 1357/3164/5359 1356/3163/5360 
f 1341/3146/5361 1342/3147/5362 1358/3165/5363 1357/3164/5364 
f 1342/3147/5365 1343/3148/5366 1359/3166/5367 1358/3165/5368 
f 1343/3148/5369 1344/3149/5370 1360/3167/5371 1359/3166/5372 
f 1344/3149/5373 1329/3150/5374 1345/3168/5375 1360/3167/5376 
f 1345/3152/5377 1346/3151/5378 1362/3169/5379 1361/3170/5380 
f 1346/3151/5381 1347/3153/5382 1363/3171/5383 1362/3169/5384 
f 1347/3153/5385 1348/3154/5386 1364/3172/5387 1363/3171/5388 
f 1348/3154/5389 1349/3155/5390 1365/3173/5391 1364/3172/5392 
f 1349/3155/5393 1350/3156/5394 1366/3174/5395 1365/3173/5396 
f 1350/3156/5397 1351/3157/5398 1367/3175/5399 1366/3174/5400 
f 1351/3157/5401 1352/3158/5402 1368/3176/5403 1367/3175/5404 
f 1352/3158/5405 1353/3159/5406 1369/3177/5407 1368/3176/5408 
f 1353/3161/5409 1354/3160/5410 1370/3178/5411 1369/3179/5412 
f 1354/3160/5413 1355/3162/5414 1371/3180/5415 1370/3178/5416 
f 1355/3162/5417 1356/3163/5418 1372/3181/5419 1371/3180/5420 
f 1356/3163/5421 1357/3164/5422 1373/3182/5423 1372/3181/5424 
f 1357/3164/5425 1358/3165/5426 1374/3183/5427 1373/3182/5428 
f 1358/3165/5429 1359/3166/5430 1375/3184/5431 1374/3183/5432 
f 1359/3166/5433 1360/3167/5434 1376/3185/5435 1375/3184/5436 
f 1360/3167/5437 1345/3168/5438 1361/3186/5439 1376/3185/5440 
f 1361/3170/5441 1362/3169/5442 1378/3187/5443 1377/3188/5444 
f 1362/3169/5445 1363/3171/5446 1379/3189/5447 1378/3187/5448 
f 1363/3171/5449 1364/3172/5450 1380/3190/5451 1379/3189/5452 
f 1364/3172/5453 1365/3173/5454 1381/3191/5455 1380/3190/5456 
f 1365/3173/5457 1366/3174/5458 1382/3192/5459 1381/3191/5460 
f 1366/3174/5461 1367/3175/5462 1383/3193/5463 1382/3192/5464 
f 1367/3175/5465 1368/3176/5466 1384/3194/5467 1383/3193/5468 
f 1368/3176/5469 1369/3177/5470 1385/3195/5471 1384/3194/5472 
f 1369/3179/5473 1370/3178/5474 1386/3196/5475 1385/3197/5476 
f 1370/3178/5477 1371/3180/5478 1387/3198/5479 1386/3196/5480 
f 1371/3180/5481 1372/3181/5482 1388/3199/5483 1387/3198/5484 
f 1372/3181/5485 1373/3182/5486 1389/3200/5487 1388/3199/5488 
f 1373/3182/5489 1374/3183/5490 1390/3201/5491 1389/3200/5492 
f 1374/3183/5493 1375/3184/5494 1391/3202/5495 1390/3201/5496 
f 1375/3184/5497 1376/3185/5498 1392/3203/5499 1391/3202/5500 
f 1376/3185/5501 1361/3186/5502 1377/3204/5503 1392/3203/5504 
f 1377/3188/5505 1378/3187/5506 1394/3205/5507 1393/3206/5508 
f 1378/3187/5509 1379/3189/5510 1395/3207/5511 1394/3205/5512 
f 1379/3189/5513 1380/3190/5514 1396/3208/5515 1395/3207/5516 
f 1380/3190/5517 1381/3191/5518 1397/3209/5519 1396/3208/5520 
f 1381/3191/5521 1382/3192/5522 1398/3210/5523 1397/3209/5524 
f 1382/3192/5525 1383/3193/5526 1399/3211/5527 1398/3210/5528 
f 1383/3193/5529 1384/3194/5530 1400/3212/5531 1399/3211/5532 
f 1384/3194/5533 1385/3195/5534 1401/3213/5535 1400/3212/5536 
f 1385/3197/5537 1386/3196/5538 1402/3214/5539 1401/3215/5540 
f 1386/3196/5541 1387/3198/5542 1403/3216/5543 1402/3214/5544 
f 1387/3198/5545 1388/3199/5546 1404/3217/5547 1403/3216/5548 
f 1388/3199/5549 1389/3200/5550 1405/3218/5551 1404/3217/5552 
f 1389/3200/5553 1390/3201/5554 1406/3219/5555 1405/3218/5556 
f 1390/3201/5557 1391/3202/5558 1407/3220/5559 1406/3219/5560 
f 1391/3202/5561 1392/3203/5562 1408/3221/5563 1407/3220/5564 
f 1392/3203/5565 1377/3204/5566 1393/3222/5567 1408/3221/5568 
f 1393/3206/5569 1394/3205/5570 1410/3223/5571 1409/3224/5572 
f 1394/3205/5573 1395/3207/5574 1411/3225/5575 1410/3223/5576 
f 1395/3207/5577 1396/3208/5578 1412/3226/5579 1411/3225/5580 
f 1396/3208/5581 1397/3209/5582 1413/3227/5583 1412/3226/5584 
f 1397/3209/5585 1398/3210/5586 1414/3228/5587 1413/3227/5588 
f 1398/3210/5589 1399/3211/5590 1415/3229/5591 1414/3228/5592 
f 1399/3211/5593 1400/3212/5594 1416/3230/5595 1415/3229/5596 
f 1400/3212/5597 1401/3213/5598 1417/3231/5599 1416/3230/5600 
f 1401/3215/5601 1402/3214/5602 1418/3232/5603 1417/3233/5604 
f 1402/3214/5605 1403/3216/5606 1419/3234/5607 1418/3232/5608 
f 1403/3216/5609 1404/3217/5610 1420/3235/5611 1419/3234/5612 
f 1404/3217/5613 1405/3218/5614 1421/3236/5615 1420/3235/5616 
f 1405/3218/5617 1406/3219/5618 1422/3237/5619 1421/3236/5620 
f 1406/3219/5621 1407/3220/5622 1423/3238/5623 1422/3237/5624 
f 1407/3220/5625 1408/3221/5626 1424/3239/5627 1423/3238/5628 
f 1408/3221/5629 1393/3222/5630 1409/3240/5631 1424/3239/5632 
f 1409/3224/5633 1410/3223/5634 1426/3241/5635 1425/3242/5636 
f 1410/3223/5637 1411/3225/5638 1427/3243/5639 1426/3241/5640 
f 1411/3225/5641 1412/3226/5642 1428/3244/5643 1427/3243/5644 
f 1412/3226/5645 1413/3227/5646 1429/3245/5647 1428/3244/5648 
f 1413/3227/5649 1414/3228/5650 1430/3246/5651 1429/3245/5652 
f 1414/3228/5653 1415/3229/5654 1431/3247/5655 1430/3246/5656 
f 1415/3229/5657 1416/3230/5658 1432/3248/5659 1431/3247/5660 
f 1416/3230/5661 1417/3231/5662 1433/3249/5663 1432/3248/5664 
f 1417/3233/5665 1418/3232/5666 1434/3250/5667 1433/3251/5668 
f 1418/3232/5669 1419/3234/5670 1435/3252/5671 1434/3250/5672 
f 1419/3234/5673 1420/3235/5674 1436/3253/5675 1435/3252/5676 
f 1420/3235/5677 1421/3236/5678 1437/3254/5679 1436/3253/5680 
f 1421/3236/5681 1422/3237/5682 1438/3255/5683 1437/3254/5684 
f 1422/3237/5685 1423/3238/5686 1439/3256/5687 1438/3255/5688 
f 1423/3238/5689 1424/3239/5690 1440/3257/5691 1439/3256/5692 
f 1424/3239/5693 1409/3240/5694 1425/3258/5695 1440/3257/5696 
f 1425/3242/5697 1426/3241/5698 1442/3259/5699 1441/3260/5700 
f 1426/3241/5701 1427/3243/5702 1443/3261/5703 1442/3259/5704 
f 1427/3243/5705 1428/3244/5706 1444/3262/5707 1443/3261/5708 
f 1428/3244/5709 1429/3245/5710 1445/3263/5711 1444/3262/5712 
f 1429/3245/5713 1430/3246/5714 1446/3264/5715 1445/3263/5716 
f 1430/3246/5717 1431/3247/5718 1447/3265/5719 1446/3264/5720 
f 1431/3247/5721 1432/3248/5722 1448/3266/5723 1447/3265/5724 
f 1432/3248/5725 1433/3249/5726 1449/3267/5727 1448/3266/5728 
f 1433/3251/5729 1434/3250/5730 1450/3268/5731 1449/3269/5732 
f 1434/3250/5733 1435/3252/5734 1451/3270/5735 1450/3268/5736 
f 1435/3252/5737 1436/3253/5738 1452/3271/5739 1451/3270/5740 
f 1436/3253/5741 1437/3254/5742 1453/3272/5743 1452/3271/5744 
f 1437/3254/5745 1438/3255/5746 1454/3273/5747 1453/3272/5748 
f 1438/3255/5749 1439/3256/5750 1455/3274/5751 1454/3273/5752 
f 1439/3256/5753 1440/3257/5754 1456/3275/5755 1455/3274/5756 
f 1440/3257/5757 1425/3258/5758 1441/3276/5759 1456/3275/5760 
f 1441/3260/5761 1442/3259/5762 1458/3277/5763 1457/3278/5764 
f 1442/3259/5765 1443/3261/5766 1459/3279/5767 1458/3277/5768 
f 1443/3261/5769 1444/3262/5770 1460/3280/5771 1459/3279/5772 
f 1444/3262/5773 1445/3263/5774 1461/3281/5775 1460/3280/5776 
f 1445/3263/5777 1446/3264/5778 1462/3282/5779 1461/3281/5780 
f 1446/3264/5781 1447/3265/5782 1463/3283/5783 1462/3282/5784 
f 1447/3265/5785 1448/3266/5786 1464/3284/5787 1463/3283/5788 
f 1448/3266/5789 1449/3267/5790 1465/3285/5791 1464/3284/5792 
f 1449/3269/5793 1450/3268/5794 1466/3286/5795 1465/3287/5796 
f 1450/3268/5797 1451/3270/5798 1467/3288/5799 1466/3286/5800 
f 1451/3270/5801 1452/3271/5802 1468/3289/5803 1467/3288/5804 
f 1452/3271/5805 1453/3272/5806 1469/3290/5807 1468/3289/5808 
f 1453/3272/5809 1454/3273/5810 1470/3291/5811 1469/3290/5812 
f 1454/3273/5813 1455/3274/5814 1471/3292/5815 1470/3291/5816 
f 1455/3274/5817 1456/3275/5818 1472/3293/5819 1471/3292/5820 
f 1456/3275/5821 1441/3276/5822 1457/3294/5823 1472/3293/5824 
f 1457/3278/5825 1458/3277/5826 1474/3295/5827 1473/3296/5828 
f 1458/3277/5829 1459/3279/5830 1475/3297/5831 1474/3295/5832 
f 1459/3279/5833 1460/3280/5834 1476/3298/5835 1475/3297/5836 
f 1460/3280/5837 1461/3281/5838 1477/3299/5839 1476/3298/5840 
f 1461/3281/5841 1462/3282/5842 1478/3300/5843 1477/3299/5844 
f 1462/3282/5845 1463/3283/5846 1479/3301/5847 1478/3300/5848 
f 1463/3283/5849 1464/3284/5850 1480/3302/5851 1479/3301/5852 
f 1464/3284/5853 1465/3285/5854 1481/3303/5855 1480/3302/5856 
f 1465/3287/5857 1466/3286/5858 1482/3304/5859 1481/3305/5860 
f 1466/3286/5861 1467/3288/5862 1483/3306/5863 1482/3304/5864 
f 1467/3288/5865 1468/3289/5866 1484/3307/5867 1483/3306/5868 
f 1468/3289/5869 1469/3290/5870 1485/3308/5871 1484/3307/5872 
f 1469/3290/5873 1470/3291/5874 1486/3309/5875 1485/3308/5876 
f 1470/3291/5877 1471/3292/5878 1487/3310/5879 1486/3309/5880 
f 1471/3292/5881 1472/3293/5882 1488/3311/5883 1487/3310/5884 
f 1472/3293/5885 1457/3294/5886 1473/3312/5887 1488/3311/5888 
f 1473/3296/5889 1474/3295/5890 1490/3313/5891 1489/3314/5892 
f 1474/3295/5893 1475/3297/5894 1491/3315/5895 1490/3313/5896 
f 1475/3297/5897 1476/3298/5898 1492/3316/5899 1491/3315/5900 
f 1476/3298/5901 1477/3299/5902 1493/3317/5903 1492/3316/5904 
f 1477/3299/5905 1478/3300/5906 1494/3318/5907 1493/3317/5908 
f 1478/3300/5909 1479/3301/5910 1495/3319/5911 1494/3318/5912 
f 1479/3301/5913 1480/3302/5914 1496/3320/5915 1495/3319/5916 
f 1480/3302/5917 1481/3303/5918 1497/3321/5919 1496/3320/5920 
f 1481/3305/5921 1482/3304/5922 1498/3322/5923 1497/3323/5924 
f 1482/3304/5925 1483/3306/5926 1499/3324/5927 1498/3322/5928 
f 1483/3306/5929 1484/3307/5930 1500/3325/5931 1499/3324/5932 
f 1484/3307/5933 1485/3308/5934 1501/3326/5935 1500/3325/5936 
f 1485/3308/5937 1486/3309/5938 1502/3327/5939 1501/3326/5940 
f 1486/3309/5941 1487/3310/5942 1503/3328/5943 1502/3327/5944 
f 1487/3310/5945 1488/3311/5946 1504/3329/5947 1503/3328/5948 
f 1488/3311/5949 1473/3312/5950 1489/3330/5951 1504/3329/5952 
f 1489/3314/5953 1490/3313/5954 1506/3331/5955 1505/3332/5956 
f 1490/3313/5957 1491/3315/5958 1507/3333/5959 1506/3331/5960 
f 1491/3315/5961 1492/3316/5962 1508/3334/5963 1507/3333/5964 
f 1492/3316/5965 1493/3317/5966 1509/3335/5967 1508/3334/5968 
f 1493/3317/5969 1494/3318/5970 1510/3336/5971 1509/3335/5972 
f 1494/3318/5973 1495/3319/5974 1511/3337/5975 1510/3336/5976 
f 1495/3319/5977 1496/3320/5978 1512/3338/5979 1511/3337/5980 
f 1496/3320/5981 1497/3321/5982 1513/3339/5983 1512/3338/5984 
f 1497/3323/5985 1498/3322/5986 1514/3340/5987 1513/3341/5988 
f 1498/3322/5989 1499/3324/5990 1515/3342/5991 1514/3340/5992 
f 1499/3324/5993 1500/3325/5994 1516/3343/5995 1515/3342/5996 
f 1500/3325/5997 1501/3326/5998 1517/3344/5999 1516/3343/6000 
f 1501/3326/6001 1502/3327/6002 1518/3345/6003 1517/3344/6004 
f 1502/3327/6005 1503/3328/6006 1519/3346/6007 1518/3345/6008 
f 1503/3328/6009 1504/3329/6010 1520/3347/6011 1519/3346/6012 
f 1504/3329/6013 1489/3330/6014 1505/3348/6015 1520/3347/6016 
f 1505/3332/6017 1506/3331/6018 1522/3349/6019 1521/3350/6020 
f 1506/3331/6021 1507/3333/6022 1523/3351/6023 1522/3349/6024 
f 1507/3333/6025 1508/3334/6026 1524/3352/6027 1523/3351/6028 
f 1508/3334/6029 1509/3335/6030 1525/3353/6031 1524/3352/6032 
f 1509/3335/6033 1510/3336/6034 1526/3354/6035 1525/3353/6036 
f 1510/3336/6037 1511/3337/6038 1527/3355/6039 1526/3354/6040 
f 1511/3337/6041 1512/3338/6042 1528/3356/6043 1527/3355/6044 
f 1512/3338/6045 1513/3339/6046 1529/3357/6047 1528/3356/6048 
f 1513/3341/6049 1514/3340/6050 1530/3358/6051 1529/3359/6052 
f 1514/3340/6053 1515/3342/6054 1531/3360/6055 1530/3358/6056 
f 1515/3342/6057 1516/3343/6058 1532/3361/6059 1531/3360/6060 
f 1516/3343/6061 1517/3344/6062 1533/3362/6063 1532/3361/6064 
f 1517/3344/6065 1518/3345/6066 1534/3363/6067 1533/3362/6068 
f 1518/3345/6069 1519/3346/6070 1535/3364/6071 1534/3363/6072 
f 1519/3346/6073 1520/3347/6074 1536/3365/6075 1535/3364/6076 
f 1520/3347/6077 1505/3348/6078 1521/3366/6079 1536/3365/6080 
f 1521/3350/6081 1522/3349/6082 1538/3367/6083 1537/3368/6084 
f 1522/3349/6085 1523/3351/6086 1539/3369/6087 1538/3367/6088 
f 1523/3351/6089 1524/3352/6090 1540/3370/6091 1539/3369/6092 
f 1524/3352/6093 1525/3353/6094 1541/3371/6095 1540/3370/6096 
f 1525/3353/6097 1526/3354/6098 1542/3372/6099 1541/3371/6100 
f 1526/3354/6101 1527/3355/6102 1543/3373/6103 1542/3372/6104 
f 1527/3355/6105 1528/3356/6106 1544/3374/6107 1543/3373/6108 
f 1528/3356/6109 1529/3357/6110 1545/3375/6111 1544/3374/6112 
f 1529/3359/6113 1530/3358/6114 1546/3376/6115 1545/3377/6116 
f 1530/3358/6117 1531/3360/6118 1547/3378/6119 1546/3376/6120 
f 1531/3360/6121 1532/3361/6122 1548/3379/6123 1547/3378/6124 
f 1532/3361/6125 1533/3362/6126 1549/3380/6127 1548/3379/6128 
f 1533/3362/6129 1534/3363/6130 1550/3381/6131 1549/3380/6132 
f 1534/3363/6133 1535/3364/6134 1551/3382/6135 1550/3381/6136 
f 1535/3364/6137 1536/3365/6138 1552/3383/6139 1551/3382/6140 
f 1536/3365/6141 1521/3366/6142 1537/3384/6143 1552/3383/6144 
f 1537/3368/6145 1538/3367/6146 1554/3385/6147 1553/3386/6148 
f 1538/3367/6149 1539/3369/6150 1555/3387/6151 1554/3385/6152 
f 1539/3369/6153 1540/3370/6154 1556/3388/6155 1555/3387/6156 
f 1540/3370/6157 1541/3371/6158 1557/3389/6159 1556/3388/6160 
f 1541/3371/6161 1542/3372/6162 1558/3390/6163 1557/3389/6164 
f 1542/3372/6165 1543/3373/6166 1559/3391/6167 1558/3390/6168 
f 1543/3373/6169 1544/3374/6170 1560/3392/6171 1559/3391/6172 
f 1544/3374/6173 1545/3375/6174 1561/3393/6175 1560/3392/6176 
f 1545/3377/6177 1546/3376/6178 1562/3394/6179 1561/3395/6180 
f 1546/3376/6181 1547/3378/6182 1563/3396/6183 1562/3394/6184 
f 1547/3378/6185 1548/3379/6186 1564/3397/6187 1563/3396/6188 
f 1548/3379/6189 1549/3380/6190 1565/3398/6191 1564/3397/6192 
f 1549/3380/6193 1550/3381/6194 1566/3399/6195 1565/3398/6196 
f 1550/3381/6197 1551/3382/6198 1567/3400/6199 1566/3399/6200 
f 1551/3382/6201 1552/3383/6202 1568/3401/6203 1567/3400/6204 
f 1552/3383/6205 1537/3384/6206 1553/3402/6207 1568/3401/6208 
f 1553/3386/6209 1554/3385/6210 1570/3403/6211 1569/3404/6212 
f 1554/3385/6213 1555/3387/6214 1571/3405/6215 1570/3403/6216 
f 1555/3387/6217 1556/3388/6218 1572/3406/6219 1571/3405/6220 
f 1556/3388/6221 1557/3389/6222 1573/3407/6223 1572/3406/6224 
f 1557/3389/6225 1558/3390/6226 1574/3408/6227 1573/3407/6228 
f 1558/3390/6229 1559/3391/6230 1575/3409/6231 1574/3408/6232 
f 1559/3391/6233 1560/3392/6234 1576/3410/6235 1575/3409/6236 
f 1560/3392/6237 1561/3393/6238 1577/3411/6239 1576/3410/6240 
f 1561/3395/6241 1562/3394/6242 1578/3412/6243 1577/3413/6244 
f 1562/3394/6245 1563/3396/6246 1579/3414/6247 1578/3412/6248 
f 1563/3396/6249 1564/3397/6250 1580/3415/6251 1579/3414/6252 
f 1564/3397/6253 1565/3398/6254 1581/3416/6255 1580/3415/6256 
f 1565/3398/6257 1566/3399/6258 1582/3417/6259 1581/3416/6260 
f 1566/3399/6261 1567/3400/6262 1583/3418/6263 1582/3417/6264 
f 1567/3400/6265 1568/3401/6266 1584/3419/6267 1583/3418/6268 
f 1568/3401/6269 1553/3402/6270 1569/3420/6271 1584/3419/6272 
f 1569/3404/6273 1570/3403/6274 1586/3421/6275 1585/3422/6276 
f 1570/3403/6277 1571/3405/6278 1587/3423/6279 1586/3421/6280 
f 1571/3405/6281 1572/3406/6282 1588/3424/6283 1587/3423/6284 
f 1572/3406/6285 1573/3407/6286 1589/3425/6287 1588/3424/6288 
f 1573/3407/6289 1574/3408/6290 1590/3426/6291 1589/3425/6292 
f 1574/3408/6293 1575/3409/6294 1591/3427/6295 1590/3426/6296 
f 1575/3409/6297 1576/3410/6298 1592/3428/6299 1591/3427/6300 
f 1576/3410/6301 1577/3411/6302 1593/3429/6303 1592/3428/6304 
f 1577/3413/6305 1578/3412/6306 1594/3430/6307 1593/3431/6308 
f 1578/3412/6309 1579/3414/6310 1595/3432/6311 1594/3430/6312 
f 1579/3414/6313 1580/3415/6314 1596/3433/6315 1595/3432/6316 
f 1580/3415/6317 1581/3416/6318 1597/3434/6319 1596/3433/6320 
f 1581/3416/6321 1582/3417/6322 1598/3435/6323 1597/3434/6324 
f 1582/3417/6325 1583/3418/6326 1599/3436/6327 1598/3435/6328 
f 1583/3418/6329 1584/3419/6330 1600/3437/6331 1599/3436/6332 
f 1584/3419/6333 1569/3420/6334 1585/3438/6335 1600/3437/6336 
f 1585/3422/6337 1586/3421/6338 1602/3439/6339 1601/3440/6340 
f 1586/3421/6341 1587/3423/6342 1603/3441/6343 1602/3439/6344 
f 1587/3423/6345 1588/3424/6346 1604/3442/6347 1603/3441/6348 
f 1588/3424/6349 1589/3425/6350 1605/3443/6351 1604/3442/6352 
f 1589/3425/6353 1590/3426/6354 1606/3444/6355 1605/3443/6356 
f 1590/3426/6357 1591/3427/6358 1607/3445/6359 1606/3444/6360 
f 1591/3427/6361 1592/3428/6362 1608/3446/6363 1607/3445/6364 
f 1592/3428/6365 1593/3429/6366 1609/3447/6367 1608/3446/6368 
f 1593/3431/6369 1594/3430/6370 1610/3448/6371 1609/3449/6372 
f 1594/3430/6373 1595/3432/6374 1611/3450/6375 1610/3448/6376 
f 1595/3432/6377 1596/3433/6378 1612/3451/6379 1611/3450/6380 
f 1596/3433/6381 1597/3434/6382 1613/3452/6383 1612/3451/6384 
f 1597/3434/6385 1598/3435/6386 1614/3453/6387 1613/3452/6388 
f 1598/3435/6389 1599/3436/6390 1615/3454/6391 1614/3453/6392 
f 1599/3436/6393 1600/3437/6394 1616/3455/6395 1615/3454/6396 
f 1600/3437/6397 1585/3438/6398 1601/3456/6399 1616/3455/6400 
f 1601/3440/6401 1602/3439/6402 1618/3457/6403 1617/3458/6404 
f 1602/3439/6405 1603/3441/6406 1619/3459/6407 1618/3457/6408 
f 1603/3441/6409 1604/3442/6410 1620/3460/6411 1619/3459/6412 
f 1604/3442/6413 1605/3443/6414 1621/3461/6415 1620/3460/6416 
f 1605/3443/6417 1606/3444/6418 1622/3462/6419 1621/3461/6420 
f 1606/3444/6421 1607/3445/6422 1623/3463/6423 1622/3462/6424 
f 1607/3445/6425 1608/3446/6426 1624/3464/6427 1623/3463/6428 
f 1608/3446/6429 1609/3447/6430 1625/3465/6431 1624/3464/6432 
f 1609/3449/6433 1610/3448/6434 1626/3466/6435 1625/3467/6436 
f 1610/3448/6437 1611/3450/6438 1627/3468/6439 1626/3466/6440 
f 1611/3450/6441 1612/3451/6442 1628/3469/6443 1627/3468/6444 
f 1612/3451/6445 1613/3452/6446 1629/3470/6447 1628/3469/6448 
f 1613/3452/6449 1614/3453/6450 1630/3471/6451 1629/3470/6452 
f 1614/3453/6453 1615/3454/6454 1631/3472/6455 1630/3471/6456 
f 1615/3454/6457 1616/3455/6458 1632/3473/6459 1631/3472/6460 
f 1616/3455/6461 1601/3456/6462 1617/3474/6463 1632/3473/6464 
f 1617/3458/6465 1618/3457/6466 1634/3475/6467 1633/3476/6468 
f 1618/3457/6469 1619/3459/6470 1635/3477/6471 1634/3475/6472 
f 1619/3459/6473 1620/3460/6474 1636/3478/6475 1635/3477/6476 
f 1620/3460/6477 1621/3461/6478 1637/3479/6479 1636/3478/6480 
f 1621/3461/6481 1622/3462/6482 1638/3480/6483 1637/3479/6484 
f 1622/3462/6485 1623/3463/6486 1639/3481/6487 1638/3480/6488 
f 1623/3463/6489 1624/3464/6490 1640/3482/6491 1639/3481/6492 
f 1624/3464/6493 1625/3465/6494 1641/3483/6495 1640/3482/6496 
f 1625/3467/6497 1626/3466/6498 1642/3484/6499 1641/3485/6500 
f 1626/3466/6501 1627/3468/6502 1643/3486/6503 1642/3484/6504 
f 1627/3468/6505 1628/3469/6506 1644/3487/6507 1643/3486/6508 
f 1628/3469/6509 1629/3470/6510 1645/3488/6511 1644/3487/6512 
f 1629/3470/6513 1630/3471/6514 1646/3489/6515 1645/3488/6516 
f 1630/3471/6517 1631/3472/6518 1647/3490/6519 1646/3489/6520 
f 1631/3472/6521 1632/3473/6522 1648/3491/6523 1647/3490/6524 
f 1632/3473/6525 1617/3474/6526 1633/3492/6527 1648/3491/6528 
f 1633/3476/6529 1634/3475/6530 1650/3493/6531 1649/3494/6532 
f 1634/3475/6533 1635/3477/6534 1651/3495/6535 1650/3493/6536 
f 1635/3477/6537 1636/3478/6538 1652/3496/6539 1651/3495/6540 
f 1636/3478/6541 1637/3479/6542 1653/3497/6543 1652/3496/6544 
f 1637/3479/6545 1638/3480/6546 1654/3498/6547 1653/3497/6548 
f 1638/3480/6549 1639/3481/6550 1655/3499/6551 1654/3498/6552 
f 1639/3481/6553 1640/3482/6554 1656/3500/6555 1655/3499/6556 
f 1640/3482/6557 1641/3483/6558 1657/3501/6559 1656/3500/6560 
f 1641/3485/6561 1642/3484/6562 1658/3502/6563 1657/3503/6564 
f 1642/3484/6565 1643/3486/6566 1659/3504/6567 1658/3502/6568 
f 1643/3486/6569 1644/3487/6570 1660/3505/6571 1659/3504/6572 
f 1644/3487/6573 1645/3488/6574 1661/3506/6575 1660/3505/6576 
f 1645/3488/6577 1646/3489/6578 1662/3507/6579 1661/3506/6580 
f 1646/3489/6581 1647/3490/6582 1663/3508/6583 1662/3507/6584 
f 1647/3490/6585 1648/3491/6586 1664/3509/6587 1663/3508/6588 
f 1648/3491/6589 1633/3492/6590 1649/3510/6591 1664/3509/6592 
f 1649/3494/6593 1650/3493/6594 1666/3511/6595 1665/3512/6596 
f 1650/3493/6597 1651/3495/6598 1667/3513/6599 1666/3511/6600 
f 1651/3495/6601 1652/3496/6602 1668/3514/6603 1667/3513/6604 
f 1652/3496/6605 1653/3497/6606 1669/3515/6607 1668/3514/6608 
f 1653/3497/6609 1654/3498/6610 1670/3516/6611 1669/3515/6612 
f 1654/3498/6613 1655/3499/6614 1671/3517/6615 1670/3516/6616 
f 1655/3499/6617 1656/3500/6618 1672/3518/6619 1671/3517/6620 
f 1656/3500/6621 1657/3501/6622 1673/3519/6623 1672/3518/6624 
f 1657/3503/6625 1658/3502/6626 1674/3520/6627 1673/3521/6628 
f 1658/3502/6629 1659/3504/6630 1675/3522/6631 1674/3520/6632 
f 1659/3504/6633 1660/3505/6634 1676/3523/6635 1675/3522/6636 
f 1660/3505/6637 1661/3506/6638 1677/3524/6639 1676/3523/6640 
f 1661/3506/6641 1662/3507/6642 1678/3525/6643 1677/3524/6644 
f 1662/3507/6645 1663/3508/6646 1679/3526/6647 1678/3525/6648 
f 1663/3508/6649 1664/3509/6650 1680/3527/6651 1679/3526/6652 
f 1664/3509/6653 1649/3510/6654 1665/3528/6655 1680/3527/6656 
f 1665/3512/6657 1666/3511/6658 1682/3529/6659 1681/3530/6660 
f 1666/3511/6661 1667/3513/6662 1683/3531/6663 1682/3529/6664 
f 1667/3513/6665 1668/3514/6666 1684/3532/6667 1683/3531/6668 
f 1668/3514/6669 1669/3515/6670 1685/3533/6671 1684/3532/6672 
f 1669/3515/6673 1670/3516/6674 1686/3534/6675 1685/3533/6676 
f 1670/3516/6677 1671/3517/6678 1687/3535/6679 1686/3534/6680 
f 1671/3517/6681 1672/3518/6682 1688/3536/6683 1687/3535/6684 
f 1672/3518/6685 1673/3519/6686 1689/3537/6687 1688/3536/6688 
f 1673/3521/6689 1674/3520/6690 1690/3538/6691 1689/3539/6692 
f 1674/3520/6693 1675/3522/6694 1691/3540/6695 1690/3538/6696 
f 1675/3522/6697 1676/3523/6698 1692/3541/6699 1691/3540/6700 
f 1676/3523/6701 1677/3524/6702 1693/3542/6703 1692/3541/6704 
f 1677/3524/6705 1678/3525/6706 1694/3543/6707 1693/3542/6708 
f 1678/3525/6709 1679/3526/6710 1695/3544/6711 1694/3543/6712 
f 1679/3526/6713 1680/3527/6714 1696/3545/6715 1695/3544/6716 
f 1680/3527/6717 1665/3528/6718 1681/3546/6719 1696/3545/6720 
f 1681/3547/6721 1682/3548/6722 1698/3549/6723 1697/3550/6724 
f 1682/3548/6725 1683/3551/6726 1699/3552/6727 1698/3549/6728 
f 1683/3551/6729 1684/3553/6730 1700/3554/6731 1699/3552/6732 
f 1684/3553/6733 1685/3555/6734 1701/3556/6735 1700/3554/6736 
f 1685/3555/6737 1686/3557/6738 1702/3558/6739 1701/3556/6740 
f 1686/3557/6741 1687/3559/6742 1703/3560/6743 1702/3558/6744 
f 1687/3559/6745 1688/3561/6746 1704/3562/6747 1703/3560/6748 
f 1688/3561/6749 1689/3563/6750 1705/3564/6751 1704/3562/6752 
f 1689/3565/6753 1690/3566/6754 1706/3567/6755 1705/3568/6756 
f 1690/3566/6757 1691/3569/6758 1707/3570/6759 1706/3567/6760 
f 1691/3569/6761 1692/3571/6762 1708/3572/6763 1707/3570/6764 
f 1692/3571/6765 1693/3573/6766 1709/3574/6767 1708/3572/6768 
f 1693/3573/6769 1694/3575/6770 1710/3576/6771 1709/3574/6772 
f 1694/3575/6773 1695/3577/6774 1711/3578/6775 1710/3576/6776 
f 1695/3577/6777 1696/3579/6778 1712/3580/6779 1711/3578/6780 
f 1696/3579/6781 1681/3581/6782 1697/3582/6783 1712/3580/6784 
f 1697/3550/6785 1698/3549/6786 1714/3583/6787 1713/3584/6788 
f 1698/3549/6789 1699/3552/6790 1715/3585/6791 1714/3583/6792 
f 1699/3552/6793 1700/3554/6794 1716/3586/6795 1715/3585/6796 
f 1700/3554/6797 1701/3556/6798 1717/3587/6799 1716/3586/6800 
f 1701/3556/6801 1702/3558/6802 1718/3588/6803 1717/3587/6804 
f 1702/3558/6805 1703/3560/6806 1719/3589/6807 1718/3588/6808 
f 1703/3560/6809 1704/3562/6810 1720/3590/6811 1719/3589/6812 
f 1704/3562/6813 1705/3564/6814 1721/3591/6815 1720/3590/6816 
f 1705/3568/6817 1706/3567/6818 1722/3592/6819 1721/3593/6820 
f 1706/3567/6821 1707/3570/6822 1723/3594/6823 1722/3592/6824 
f 1707/3570/6825 1708/3572/6826 1724/3595/6827 1723/3594/6828 
f 1708/3572/6829 1709/3574/6830 1725/3596/6831 1724/3595/6832 
f 1709/3574/6833 1710/3576/6834 1726/3597/6835 1725/3596/6836 
f 1710/3576/6837 1711/3578/6838 1727/3598/6839 1726/3597/6840 
f 1711/3578/6841 1712/3580/6842 1728/3599/6843 1727/3598/6844 
f 1712/3580/6845 1697/3582/6846 1713/3600/6847 1728/3599/6848 
f 1713/3584/6849 1714/3583/6850 1730/3601/6851 1729/3602/6852 
f 1714/3583/6853 1715/3585/6854 1731/3603/6855 1730/3601/6856 
f 1715/3585/6857 1716/3586/6858 1732/3604/6859 1731/3603/6860 
f 1716/3586/6861 1717/3587/6862 1733/3605/6863 1732/3604/6864 
f 1717/3587/6865 1718/3588/6866 1734/3606/6867 1733/3605/6868 
f 1718/3588/6869 1719/3589/6870 1735/3607/6871 1734/3606/6872 
f 1719/3589/6873 1720/3590/6874 1736/3608/6875 1735/3607/6876 
f 1720/3590/6877 1721/3591/6878 1737/3609/6879 1736/3608/6880 
f 1721/3593/6881 1722/3592/6882 1738/3610/6883 1737/3611/6884 
f 1722/3592/6885 1723/3594/6886 1739/3612/6887 1738/3610/6888 
f 1723/3594/6889 1724/3595/6890 1740/3613/6891 1739/3612/6892 
f 1724/3595/6893 1725/3596/6894 1741/3614/6895 1740/3613/6896 
f 1725/3596/6897 1726/3597/6898 1742/3615/6899 1741/3614/6900 
f 1726/3597/6901 1727/3598/6902 1743/3616/6903 1742/3615/6904 
f 1727/3598/6905 1728/3599/6906 1744/3617/6907 1743/3616/6908 
f 1728/3599/6909 1713/3600/6910 1729/3618/6911 1744/3617/6912 
f 1729/3602/6913 1730/3601/6914 1746/3619/6915 1745/3620/6916 
f 1730/3601/6917 1731/3603/6918 1747/3621/6919 1746/3619/6920 
f 1731/3603/6921 1732/3604/6922 1748/3622/6923 1747/3621/6924 
f 1732/3604/6925 1733/3605/6926 1749/3623/6927 1748/3622/6928 
f 1733/3605/6929 1734/3606/6930 1750/3624/6931 1749/3623/6932 
f 1734/3606/6933 1735/3607/6934 1751/3625/6935 1750/3624/6936 
f 1735/3607/6937 1736/3608/6938 1752/3626/6939 1751/3625/6940 
f 1736/3608/6941 1737/3609/6942 1753/3627/6943 1752/3626/6944 
f 1737/3611/6945 1738/3610/6946 1754/3628/6947 1753/3629/6948 
f 1738/3610/6949 1739/3612/6950 1755/3630/6951 1754/3628/6952 
f 1739/3612/6953 1740/3613/6954 1756/3631/6955 1755/3630/6956 
f 1740/3613/6957 1741/3614/6958 1757/3632/6959 1756/3631/6960 
f 1741/3614/6961 1742/3615/6962 1758/3633/6963 1757/3632/6964 
f 1742/3615/6965 1743/3616/6966 1759/3634/6967 1758/3633/6968 
f 1743/3616/6969 1744/3617/6970 1760/3635/6971 1759/3634/6972 
f 1744/3617/6973 1729/3618/6974 1745/3636/6975 1760/3635/6976 
f 1745/3620/6977 1746/3619/6978 1762/3637/6979 1761/3638/6980 
f 1746/3619/6981 1747/3621/6982 1763/3639/6983 1762/3637/6984 
f 1747/3621/6985 1748/3622/6986 1764/3640/6987 1763/3639/6988 
f 1748/3622/6989 1749/3623/6990 1765/3641/6991 1764/3640/6992 
f 1749/3623/6993 1750/3624/6994 1766/3642/6995 1765/3641/6996 
f 1750/3624/6997 1751/3625/6998 1767/3643/6999 1766/3642/7000 
f 1751/3625/7001 1752/3626/7002 1768/3644/7003 1767/3643/7004 
f 1752/3626/7005 1753/3627/7006 1769/3645/7007 1768/3644/7008 
f 1753/3629/7009 1754/3628/7010 1770/3646/7011 1769/3647/7012 
f 1754/3628/7013 1755/3630/7014 1771/3648/7015 1770/3646/7016 
f 1755/3630/7017 1756/3631/7018 1772/3649/7019 1771/3648/7020 
f 1756/3631/7021 1757/3632/7022 1773/3650/7023 1772/3649/7024 
f 1757/3632/7025 1758/3633/7026 1774/3651/7027 1773/3650/7028 
f 1758/3633/7029 1759/3634/7030 1775/3652/7031 1774/3651/7032 
f 1759/3634/7033 1760/3635/7034 1776/3653/7035 1775/3652/7036 
f 1760/3635/7037 1745/3636/7038 1761/3654/7039 1776/3653/7040 
f 1761/3638/7041 1762/3637/7042 1778/3655/7043 1777/3656/7044 
f 1762/3637/7045 1763/3639/7046 1779/3657/7047 1778/3655/7048 
f 1763/3639/7049 1764/3640/7050 1780/3658/7051 1779/3657/7052 
f 1764/3640/7053 1765/3641/7054 1781/3659/7055 1780/3658/7056 
f 1765/3641/7057 1766/3642/7058 1782/3660/7059 1781/3659/7060 
f 1766/3642/7061 1767/3643/7062 1783/3661/7063 1782/3660/7064 
f 1767/3643/7065 1768/3644/7066 1784/3662/7067 1783/3661/7068 
f 1768/3644/7069 1769/3645/7070 1785/3663/7071 1784/3662/7072 
f 1769/3647/7073 1770/3646/7074 1786/3664/7075 1785/3665/7076 
f 1770/3646/7077 1771/3648/7078 1787/3666/7079 1786/3664/7080 
f 1771/3648/7081 1772/3649/7082 1788/3667/7083 1787/3666/7084 
f 1772/3649/7085 1773/3650/7086 1789/3668/7087 1788/3667/7088 
f 1773/3650/7089 1774/3651/7090 1790/3669/7091 1789/3668/7092 
f 1774/3651/7093 1775/3652/7094 1791/3670/7095 1790/3669/7096 
f 1775/3652/7097 1776/3653/7098 1792/3671/7099 1791/3670/7100 
f 1776/3653/7101 1761/3654/7102 1777/3672/7103 1792/3671/7104 
f 1777/3656/7105 1778/3655/7106 1794/3673/7107 1793/3674/7108 
f 1778/3655/7109 1779/3657/7110 1795/3675/7111 1794/3673/7112 
f 1779/3657/7113 1780/3658/7114 1796/3676/7115 1795/3675/7116 
f 1780/3658/7117 1781/3659/7118 1797/3677/7119 1796/3676/7120 
f 1781/3659/7121 1782/3660/7122 1798/3678/7123 1797/3677/7124 
f 1782/3660/7125 1783/3661/7126 1799/3679/7127 1798/3678/7128 
f 1783/3661/7129 1784/3662/7130 1800/3680/7131 1799/3679/7132 
f 1784/3662/7133 1785/3663/7134 1801/3681/7135 1800/3680/7136 
f 1785/3665/7137 1786/3664/7138 1802/3682/7139 1801/3683/7140 
f 1786/3664/7141 1787/3666/7142 1803/3684/7143 1802/3682/7144 
f 1787/3666/7145 1788/3667/7146 1804/3685/7147 1803/3684/7148 
f 1788/3667/7149 1789/3668/7150 1805/3686/7151 1804/3685/7152 
f 1789/3668/7153 1790/3669/7154 1806/3687/7155 1805/3686/7156 
f 1790/3669/7157 1791/3670/7158 1807/3688/7159 1806/3687/7160 
f 1791/3670/7161 1792/3671/7162 1808/3689/7163 1807/3688/7164 
f 1792/3671/7165 1777/3672/7166 1793/3690/7167 1808/3689/7168 
f 1793/3674/7169 1794/3673/7170 1810/3691/7171 1809/3692/7172 
f 1794/3673/7173 1795/3675/7174 1811/3693/7175 1810/3691/7176 
f 1795/3675/7177 1796/3676/7178 1812/3694/7179 1811/3693/7180 
f 1796/3676/7181 1797/3677/7182 1813/3695/7183 1812/3694/7184 
f 1797/3677/7185 1798/3678/7186 1814/3696/7187 1813/3695/7188 
f 1798/3678/7189 1799/3679/7190 1815/3697/7191 1814/3696/7192 
f 1799/3679/7193 1800/3680/7194 1816/3698/7195 1815/3697/7196 
f 1800/3680/7197 1801/3681/7198 1817/3699/7199 1816/3698/7200 
f 1801/3683/7201 1802/3682/7202 1818/3700/7203 1817/3701/7204 
f 1802/3682/7205 1803/3684/7206 1819/3702/7207 1818/3700/7208 
f 1803/3684/7209 1804/3685/7210 1820/3703/7211 1819/3702/7212 
f 1804/3685/7213 1805/3686/7214 1821/3704/7215 1820/3703/7216 
f 1805/3686/7217 1806/3687/7218 1822/3705/7219 1821/3704/7220 
f 1806/3687/7221 1807/3688/7222 1823/3706/7223 1822/3705/7224 
f 1807/3688/7225 1808/3689/7226 1824/3707/7227 1823/3706/7228 
f 1808/3689/7229 1793/3690/7230 1809/3708/7231 1824/3707/7232 
f 1809/3692/7233 1810/3691/7234 1826/3709/7235 1825/3710/7236 
f 1810/3691/7237 1811/3693/7238 1827/3711/7239 1826/3709/7240 
f 1811/3693/7241 1812/3694/7242 1828/3712/7243 1827/3711/7244 
f 1812/3694/7245 1813/3695/7246 1829/3713/7247 1828/3712/7248 
f 1813/3695/7249 1814/3696/7250 1830/3714/7251 1829/3713/7252 
f 1814/3696/7253 1815/3697/7254 1831/3715/7255 1830/3714/7256 
f 1815/3697/7257 1816/3698/7258 1832/3716/7259 1831/3715/7260 
f 1816/3698/7261 1817/3699/7262 1833/3717/7263 1832/3716/7264 
f 1817/3701/7265 1818/3700/7266 1834/3718/7267 1833/3719/7268 
f 1818/3700/7269 1819/3702/7270 1835/3720/7271 1834/3718/7272 
f 1819/3702/7273 1820/3703/7274 1836/3721/7275 1835/3720/7276 
f 1820/3703/7277 1821/3704/7278 1837/3722/7279 1836/3721/7280 
f 1821/3704/7281 1822/3705/7282 1838/3723/7283 1837/3722/7284 
f 1822/3705/7285 1823/3706/7286 1839/3724/7287 1838/3723/7288 
f 1823/3706/7289 1824/3707/7290 1840/3725/7291 1839/3724/7292 
f 1824/3707/7293 1809/3708/7294 1825/3726/7295 1840/3725/7296 
f 1825/3710/7297 1826/3709/7298 1842/3727/7299 1841/3728/7300 
f 1826/3709/7301 1827/3711/7302 1843/3729/7303 1842/3727/7304 
f 1827/3711/7305 1828/3712/7306 1844/3730/7307 1843/3729/7308 
f 1828/3712/7309 1829/3713/7310 1845/3731/7311 1844/3730/7312 
f 1829/3713/7313 1830/3714/7314 1846/3732/7315 1845/3731/7316 
f 1830/3714/7317 1831/3715/7318 1847/3733/7319 1846/3732/7320 
f 1831/3715/7321 1832/3716/7322 1848/3734/7323 1847/3733/7324 
f 1832/3716/7325 1833/3717/7326 1849/3735/7327 1848/3734/7328 
f 1833/3719/7329 1834/3718/7330 1850/3736/7331 1849/3737/7332 
f 1834/3718/7333 1835/3720/7334 1851/3738/7335 1850/3736/7336 
f 1835/3720/7337 1836/3721/7338 1852/3739/7339 1851/3738/7340 
f 1836/3721/7341 1837/3722/7342 1853/3740/7343 1852/3739/7344 
f 1837/3722/7345 1838/3723/7346 1854/3741/7347 1853/3740/7348 
f 1838/3723/7349 1839/3724/7350 1855/3742/7351 1854/3741/7352 
f 1839/3724/7353 1840/3725/7354 1856/3743/7355 1855/3742/7356 
f 1840/3725/7357 1825/3726/7358 1841/3744/7359 1856/3743/7360 
f 1841/3728/7361 1842/3727/7362 1858/3745/7363 1857/3746/7364 
f 1842/3727/7365 1843/3729/7366 1859/3747/7367 1858/3745/7368 
f 1843/3729/7369 1844/3730/7370 1860/3748/7371 1859/3747/7372 
f 1844/3730/7373 1845/3731/7374 1861/3749/7375 1860/3748/7376 
f 1845/3731/7377 1846/3732/7378 1862/3750/7379 1861/3749/7380 
f 1846/3732/7381 1847/3733/7382 1863/3751/7383 1862/3750/7384 
f 1847/3733/7385 1848/3734/7386 1864/3752/7387 1863/3751/7388 
f 1848/3734/7389 1849/3735/7390 1865/3753/7391 1864/3752/7392 
f 1849/3737/7393 1850/3736/7394 1866/3754/7395 1865/3755/7396 
f 1850/3736/7397 1851/3738/7398 1867/3756/7399 1866/3754/7400 
f 1851/3738/7401 1852/3739/7402 1868/3757/7403 1867/3756/7404 
f 1852/3739/7405 1853/3740/7406 1869/3758/7407 1868/3757/7408 
f 1853/3740/7409 1854/3741/7410 1870/3759/7411 1869/3758/7412 
f 1854/3741/7413 1855/3742/7414 1871/3760/7415 1870/3759/7416 
f 1855/3742/7417 1856/3743/7418 1872/3761/7419 1871/3760/7420 
f 1856/3743/7421 1841/3744/7422 1857/3762/7423 1872/3761/7424 
f 1857/3746/7425 1858/3745/7426 1874/3763/7427 1873/3764/7428 
f 1858/3745/7429 1859/3747/7430 1875/3765/7431 1874/3763/7432 
f 1859/3747/7433 1860/3748/7434 1876/3766/7435 1875/3765/7436 
f 1860/3748/7437 1861/3749/7438 1877/3767/7439 1876/3766/7440 
f 1861/3749/7441 1862/3750/7442 1878/3768/7443 1877/3767/7444 
f 1862/3750/7445 1863/3751/7446 1879/3769/7447 1878/3768/7448 
f 1863/3751/7449 1864/3752/7450 1880/3770/7451 1879/3769/7452 
f 1864/3752/7453 1865/3753/7454 1881/3771/7455 1880/3770/7456 
f 1865/3755/7457 1866/3754/7458 1882/3772/7459 1881/3773/7460 
f 1866/3754/7461 1867/3756/7462 1883/3774/7463 1882/3772/7464 
f 1867/3756/7465 1868/3757/7466 1884/3775/7467 1883/3774/7468 
f 1868/3757/7469 1869/3758/7470 1885/3776/7471 1884/3775/7472 
f 1869/3758/7473 1870/3759/7474 1886/3777/7475 1885/3776/7476 
f 1870/3759/7477 1871/3760/7478 1887/3778/7479 1886/3777/7480 
f 1871/3760/7481 1872/3761/7482 1888/3779/7483 1887/3778/7484 
f 1872/3761/7485 1857/3762/7486 1873/3780/7487 1888/3779/7488 
f 1873/3764/7489 1874/3763/7490 1890/3781/7491 1889/3782/7492 
f 1874/3763/7493 1875/3765/7494 1891/3783/7495 1890/3781/7496 
f 1875/3765/7497 1876/3766/7498 1892/3784/7499 1891/3783/7500 
f 1876/3766/7501 1877/3767/7502 1893/3785/7503 1892/3784/7504 
f 1877/3767/7505 1878/3768/7506 1894/3786/7507 1893/3785/7508 
f 1878/3768/7509 1879/3769/7510 1895/3787/7511 1894/3786/7512 
f 1879/3769/7513 1880/3770/7514 1896/3788/7515 1895/3787/7516 
f 1880/3770/7517 1881/3771/7518 1897/3789/7519 1896/3788/7520 
f 1881/3773/7521 1882/3772/7522 1898/3790/7523 1897/3791/7524 
f 1882/3772/7525 1883/3774/7526 1899/3792/7527 1898/3790/7528 
f 1883/3774/7529 1884/3775/7530 1900/3793/7531 1899/3792/7532 
f 1884/3775/7533 1885/3776/7534 1901/3794/7535 1900/3793/7536 
f 1885/3776/7537 1886/3777/7538 1902/3795/7539 1901/3794/7540 
f 1886/3777/7541 1887/3778/7542 1903/3796/7543 1902/3795/7544 
f 1887/3778/7545 1888/3779/7546 1904/3797/7547 1903/3796/7548 
f 1888/3779/7549 1873/3780/7550 1889/3798/7551 1904/3797/7552 
f 1889/3782/7553 1890/3781/7554 1906/3799/7555 1905/3800/7556 
f 1890/3781/7557 1891/3783/7558 1907/3801/7559 1906/3799/7560 
f 1891/3783/7561 1892/3784/7562 1908/3802/7563 1907/3801/7564 
f 1892/3784/7565 1893/3785/7566 1909/3803/7567 1908/3802/7568 
f 1893/3785/7569 1894/3786/7570 1910/3804/7571 1909/3803/7572 
f 1894/3786/7573 1895/3787/7574 1911/3805/7575 1910/3804/7576 
f 1895/3787/7577 1896/3788/7578 1912/3806/7579 1911/3805/7580 
f 1896/3788/7581 1897/3789/7582 1913/3807/7583 1912/3806/7584 
f 1897/3791/7585 1898/3790/7586 1914/3808/7587 1913/3809/7588 
f 1898/3790/7589 1899/3792/7590 1915/3810/7591 1914/3808/7592 
f 1899/3792/7593 1900/3793/7594 1916/3811/7595 1915/3810/7596 
f 1900/3793/7597 1901/3794/7598 1917/3812/7599 1916/3811/7600 
f 1901/3794/7601 1902/3795/7602 1918/3813/7603 1917/3812/7604 
f 1902/3795/7605 1903/3796/7606 1919/3814/7607 1918/3813/7608 
f 1903/3796/7609 1904/3797/7610 1920/3815/7611 1919/3814/7612 
f 1904/3797/7613 1889/3798/7614 1905/3816/7615 1920/3815/7616 
f 1905/3800/7617 1906/3799/7618 962/2702/7619 961/2701/7620 
f 1906/3799/7621 1907/3801/7622 963/2705/7623 962/2702/7624 
f 1907/3801/7625 1908/3802/7626 964/2707/7627 963/2705/7628 
f 1908/3802/7629 1909/3803/7630 965/2709/7631 964/2707/7632 
f 1909/3803/7633 1910/3804/7634 966/2711/7635 965/2709/7636 
f 1910/3804/7637 1911/3805/7638 967/2713/7639 966/2711/7640 
f 1911/3805/7641 1912/3806/7642 968/2715/7643 967/2713/7644 
f 1912/3806/7645 1913/3807/7646 969/2717/7647 968/2715/7648 
f 1913/3809/7649 1914/3808/7650 970/2720/7651 969/2719/7652 
f 1914/3808/7653 1915/3810/7654 971/2723/7655 970/2720/7656 
f 1915/3810/7657 1916/3811/7658 972/2725/7659 971/2723/7660 
f 1916/3811/7661 1917/3812/7662 973/2727/7663 972/2725/7664 
f 1917/3812/7665 1918/3813/7666 974/2729/7667 973/2727/7668 
f 1918/3813/7669 1919/3814/7670 975/2731/7671 974/2729/7672 
f 1919/3814/7673 1920/3815/7674 976/2733/7675 975/2731/7676 
f 1920/3815/7677 1905/3816/7678 961/2735/7679 976/2733/7680 
f 1921/961/7681 1922/962/7682 1937/963/7683 1936/964/7684 
f 1922/962/7685 1923/965/7686 1938/966/7687 1937/963/7688 
f 1923/965/7689 1924/967/7690 1939/968/7691 1938/966/7692 
f 1924/967/7693 1925/969/7694 1940/970/7695 1939/968/7696 
f 1925/969/7697 1926/971/7698 1941/972/7699 1940/970/7700 
f 1926/971/7701 1927/973/7702 1942/974/7703 1941/972/7704 
f 1927/973/7705 1928/975/7706 1943/977/7707 1942/974/7708 
f 1928/975/7709 1929/995/7710 1944/996/7711 1943/977/7712 
f 1929/976/7713 1930/978/7714 1945/979/7715 1944/980/7716 
f 1930/978/7717 1931/981/7718 1946/982/7719 1945/979/7720 
f 1931/981/7721 1932/983/7722 1947/984/7723 1946/982/7724 
f 3107/987/7725 1933/988/7726 1948/989/7727 3106/990/7728 
f 1933/988/7729 1934/991/7730 1949/992/7731 1948/989/7732 
f 1934/991/7733 1935/993/7734 1950/994/7735 1949/992/7736 
f 1935/993/7737 1921/1009/7738 1936/1010/7739 1950/994/7740 
f 1936/964/7741 1937/963/7742 1952/997/7743 1951/998/7744 
f 1937/963/7745 1938/966/7746 1953/999/7747 1952/997/7748 
f 1938/966/7749 1939/968/7750 1954/1000/7751 1953/999/7752 
f 1939/968/7753 1940/970/7754 1955/1001/7755 1954/1000/7756 
f 1940/970/7757 1941/972/7758 1956/1002/7759 1955/1001/7760 
f 1941/972/7761 1942/974/7762 1957/1013/7763 1956/1002/7764 
f 1942/974/7765 1943/977/7766 1958/1014/7767 1957/1013/7768 
f 1943/977/7769 1944/996/7770 1959/1015/7771 1958/1014/7772 
f 1944/980/7773 1945/979/7774 1960/985/7775 1959/986/7776 
f 1945/979/7777 1946/982/7778 1961/1003/7779 1960/985/7780 
f 1946/982/7781 1947/984/7782 1962/1004/7783 1961/1003/7784 
f 3106/990/7785 1948/989/7786 1963/1011/7787 3110/1012/7788 
f 1948/989/7789 1949/992/7790 1964/1026/7791 1963/1011/7792 
f 1949/992/7793 1950/994/7794 1965/1027/7795 1964/1026/7796 
f 1950/994/7797 1936/1010/7798 1951/1028/7799 1965/1027/7800 
f 1951/998/7801 1952/997/7802 1967/1016/7803 1966/1017/7804 
f 1952/997/7805 1953/999/7806 1968/1018/7807 1967/1016/7808 
f 1953/999/7809 1954/1000/7810 1969/1019/7811 1968/1018/7812 
f 1954/1000/7813 1955/1001/7814 1970/1030/7815 1969/1019/7816 
f 1955/1001/7817 1956/1002/7818 1971/1031/7819 1970/1030/7820 
f 1956/1002/7821 1957/1013/7822 1972/1032/7823 1971/1031/7824 
f 1957/1013/7825 1958/1014/7826 1973/1033/7827 1972/1032/7828 
f 1958/1014/7829 1959/1015/7830 1974/1034/7831 1973/1033/7832 
f 1959/986/7833 1960/985/7834 1975/1005/7835 1974/1006/7836 
f 1960/985/7837 1961/1003/7838 1976/1007/7839 1975/1005/7840 
f 1961/1003/7841 1962/1004/7842 1977/1008/7843 1976/1007/7844 
f 3110/1012/7845 1963/1011/7846 1978/1029/7847 3112/1042/7848 
f 1963/1011/7849 1964/1026/7850 1979/1043/7851 1978/1029/7852 
f 1964/1026/7853 1965/1027/7854 1980/1044/7855 1979/1043/7856 
f 1965/1027/7857 1951/1028/7858 1966/1045/7859 1980/1044/7860 
f 1966/1017/7861 1967/1016/7862 1982/1035/7863 1981/1036/7864 
f 1967/1016/7865 1968/1018/7866 1983/1047/7867 1982/1035/7868 
f 1968/1018/7869 1969/1019/7870 1984/1048/7871 1983/1047/7872 
f 1969/1019/7873 1970/1030/7874 1985/1049/7875 1984/1048/7876 
f 1970/1030/7877 1971/1031/7878 1986/1050/7879 1985/1049/7880 
f 1971/1031/7881 1972/1032/7882 1987/1051/7883 1986/1050/7884 
f 1972/1032/7885 1973/1033/7886 1988/1052/7887 1987/1051/7888 
f 1973/1033/7889 1974/1034/7890 1989/1053/7891 1988/1052/7892 
f 1974/1006/7893 1975/1005/7894 1990/1020/7895 1989/1021/7896 
f 1975/1005/7897 1976/1007/7898 1991/1022/7899 1990/1020/7900 
f 1976/1007/7901 1977/1008/7902 1992/1023/7903 1991/1022/7904 
f 3112/1042/7905 1978/1029/7906 1993/1046/7907 3114/1059/7908 
f 1978/1029/7909 1979/1043/7910 1994/1060/7911 1993/1046/7912 
f 1979/1043/7913 1980/1044/7914 1995/1061/7915 1994/1060/7916 
f 1980/1044/7917 1966/1045/7918 1981/1062/7919 1995/1061/7920 
f 1981/1036/7921 1982/1035/7922 1997/1064/7923 1996/1065/7924 
f 1982/1035/7925 1983/1047/7926 1998/1066/7927 1997/1064/7928 
f 1983/1047/7929 1984/1048/7930 1999/1067/7931 1998/1066/7932 
f 1984/1048/7933 1985/1049/7934 2000/1068/7935 1999/1067/7936 
f 1985/1049/7937 1986/1050/7938 2001/1069/7939 2000/1068/7940 
f 1986/1050/7941 1987/1051/7942 2002/1070/7943 2001/1069/7944 
f 1987/1051/7945 1988/1052/7946 2003/1081/7947 2002/1070/7948 
f 1988/1052/7949 1989/1053/7950 2004/1082/7951 2003/1081/7952 
f 1989/1021/7953 1990/1020/7954 2005/1024/7955 2004/1025/7956 
f 1990/1020/7957 1991/1022/7958 2006/1037/7959 2005/1024/7960 
f 1991/1022/7961 1992/1023/7962 2007/1038/7963 2006/1037/7964 
f 3114/1059/7965 1993/1046/7966 2008/1063/7967 3116/1076/7968 
f 1993/1046/7969 1994/1060/7970 2009/1077/7971 2008/1063/7972 
f 1994/1060/7973 1995/1061/7974 2010/1078/7975 2009/1077/7976 
f 1995/1061/7977 1981/1062/7978 1996/1079/7979 2010/1078/7980 
f 1996/1065/7981 1997/1064/7982 2012/1083/7983 2011/1084/7984 
f 1997/1064/7985 1998/1066/7986 2013/1085/7987 2012/1083/7988 
f 1998/1066/7989 1999/1067/7990 2014/1086/7991 2013/1085/7992 
f 1999/1067/7993 2000/1068/7994 2015/1088/7995 2014/1086/7996 
f 2000/1068/7997 2001/1069/7998 2016/1098/7999 2015/1088/8000 
f 2001/1069/8001 2002/1070/8002 2017/1099/8003 2016/1098/8004 
f 2002/1070/8005 2003/1081/8006 2018/1100/8007 2017/1099/8008 
f 2003/1081/8009 2004/1082/8010 2019/1101/8011 2018/1100/8012 
f 2004/1025/8013 2005/1024/8014 2020/1039/8015 2019/1040/8016 
f 2005/1024/8017 2006/1037/8018 2021/1041/8019 2020/1039/8020 
f 2006/1037/8021 2007/1038/8022 2022/1054/8023 2021/1041/8024 
f 3116/1076/8025 2008/1063/8026 2023/1080/8027 3118/1093/8028 
f 2008/1063/8029 2009/1077/8030 2024/1094/8031 2023/1080/8032 
f 2009/1077/8033 2010/1078/8034 2025/1095/8035 2024/1094/8036 
f 2010/1078/8037 1996/1079/8038 2011/1096/8039 2025/1095/8040 
f 2011/1084/8041 2012/1083/8042 2027/1102/8043 2026/1103/8044 
f 2012/1083/8045 2013/1085/8046 2028/1104/8047 2027/1102/8048 
f 2013/1085/8049 2014/1086/8050 2029/1114/8051 2028/1104/8052 
f 2014/1086/8053 2015/1088/8054 2030/1115/8055 2029/1114/8056 
f 2015/1088/8057 2016/1098/8058 2031/1116/8059 2030/1115/8060 
f 2016/1098/8061 2017/1099/8062 2032/1117/8063 2031/1116/8064 
f 2017/1099/8065 2018/1100/8066 2033/1118/8067 2032/1117/8068 
f 2018/1100/8069 2019/1101/8070 2034/1119/8071 2033/1118/8072 
f 2019/1040/8073 2020/1039/8074 2035/1055/8075 2034/1056/8076 
f 2020/1039/8077 2021/1041/8078 2036/1057/8079 2035/1055/8080 
f 2021/1041/8081 2022/1054/8082 2037/1058/8083 2036/1057/8084 
f 3118/1093/8085 2023/1080/8086 2038/1097/8087 3120/1110/8088 
f 2023/1080/8089 2024/1094/8090 2039/1111/8091 2038/1097/8092 
f 2024/1094/8093 2025/1095/8094 2040/1112/8095 2039/1111/8096 
f 2025/1095/8097 2011/1096/8098 2026/1113/8099 2040/1112/8100 
f 2026/1103/8101 2027/1102/8102 2042/1120/8103 2041/1131/8104 
f 2027/1102/8105 2028/1104/8106 2043/1132/8107 2042/1120/8108 
f 2028/1104/8109 2029/1114/8110 2044/1133/8111 2043/1132/8112 
f 2029/1114/8113 2030/1115/8114 2045/1134/8115 2044/1133/8116 
f 2030/1115/8117 2031/1116/8118 2046/1135/8119 2045/1134/8120 
f 2031/1116/8121 2032/1117/8122 2047/1136/8123 2046/1135/8124 
f 2032/1117/8125 2033/1118/8126 2048/1137/8127 2047/1136/8128 
f 2033/1118/8129 2034/1119/8130 2049/1148/8131 2048/1137/8132 
f 2034/1056/8133 2035/1055/8134 2050/1071/8135 2049/1072/8136 
f 2035/1055/8137 2036/1057/8138 2051/1073/8139 2050/1071/8140 
f 2036/1057/8141 2037/1058/8142 2052/1074/8143 2051/1073/8144 
f 3120/1110/8145 2038/1097/8146 2053/1127/8147 3122/1128/8148 
f 2038/1097/8149 2039/1111/8150 2054/1129/8151 2053/1127/8152 
f 2039/1111/8153 2040/1112/8154 2055/1130/8155 2054/1129/8156 
f 2040/1112/8157 2026/1113/8158 2041/1144/8159 2055/1130/8160 
f 2041/1131/8161 2042/1120/8162 2057/1149/8163 2056/1150/8164 
f 2042/1120/8165 2043/1132/8166 2058/1151/8167 2057/1149/8168 
f 2043/1132/8169 2044/1133/8170 2059/1152/8171 2058/1151/8172 
f 2044/1133/8173 2045/1134/8174 2060/1153/8175 2059/1152/8176 
f 2045/1134/8177 2046/1135/8178 2061/1154/8179 2060/1153/8180 
f 2046/1135/8181 2047/1136/8182 2062/1165/8183 2061/1154/8184 
f 2047/1136/8185 2048/1137/8186 2063/1166/8187 2062/1165/8188 
f 2048/1137/8189 2049/1148/8190 2064/1167/8191 2063/1166/8192 
f 2049/1072/8193 2050/1071/8194 2065/1075/8195 2064/1087/8196 
f 2050/1071/8197 2051/1073/8198 2066/1089/8199 2065/1075/8200 
f 2051/1073/8201 2052/1074/8202 2067/1090/8203 2066/1089/8204 
f 3122/1128/8205 2053/1127/8206 2068/1145/8207 3124/1146/8208 
f 2053/1127/8209 2054/1129/8210 2069/1147/8211 2068/1145/8212 
f 2054/1129/8213 2055/1130/8214 2070/1161/8215 2069/1147/8216 
f 2055/1130/8217 2041/1144/8218 2056/1162/8219 2070/1161/8220 
f 2056/1150/8221 2057/1149/8222 2072/1168/8223 2071/1169/8224 
f 2057/1149/8225 2058/1151/8226 2073/1170/8227 2072/1168/8228 
f 2058/1151/8229 2059/1152/8230 2074/1171/8231 2073/1170/8232 
f 2059/1152/8233 2060/1153/8234 2075/1182/8235 2074/1171/8236 
f 2060/1153/8237 2061/1154/8238 2076/1183/8239 2075/1182/8240 
f 2061/1154/8241 2062/1165/8242 2077/1184/8243 2076/1183/8244 
f 2062/1165/8245 2063/1166/8246 2078/1185/8247 2077/1184/8248 
f 2063/1166/8249 2064/1167/8250 2079/1186/8251 2078/1185/8252 
f 2064/1087/8253 2065/1075/8254 2080/1091/8255 2079/1092/8256 
f 2065/1075/8257 2066/1089/8258 2081/1105/8259 2080/1091/8260 
f 2066/1089/8261 2067/1090/8262 2082/1106/8263 2081/1105/8264 
f 3124/1146/8265 2068/1145/8266 2083/1163/8267 3126/1164/8268 
f 2068/1145/8269 2069/1147/8270 2084/1177/8271 2083/1163/8272 
f 2069/1147/8273 2070/1161/8274 2085/1178/8275 2084/1177/8276 
f 2070/1161/8277 2056/1162/8278 2071/1179/8279 2085/1178/8280 
f 2071/1169/8281 2072/1168/8282 2087/1187/8283 2086/1188/8284 
f 2072/1168/8285 2073/1170/8286 2088/1199/8287 2087/1187/8288 
f 2073/1170/8289 2074/1171/8290 2089/1200/8291 2088/1199/8292 
f 2074/1171/8293 2075/1182/8294 2090/1201/8295 2089/1200/8296 
f 2075/1182/8297 2076/1183/8298 2091/1202/8299 2090/1201/8300 
f 2076/1183/8301 2077/1184/8302 2092/1203/8303 2091/1202/8304 
f 2077/1184/8305 2078/1185/8306 2093/1204/8307 2092/1203/8308 
f 2078/1185/8309 2079/1186/8310 2094/1205/8311 2093/1204/8312 
f 2079/1092/8313 2080/1091/8314 2095/1107/8315 2094/1108/8316 
f 2080/1091/8317 2081/1105/8318 2096/1109/8319 2095/1107/8320 
f 2081/1105/8321 2082/1106/8322 2097/1121/8323 2096/1109/8324 
f 3126/1164/8325 2083/1163/8326 2098/1180/8327 3128/1181/8328 
f 2083/1163/8329 2084/1177/8330 2099/1194/8331 2098/1180/8332 
f 2084/1177/8333 2085/1178/8334 2100/1195/8335 2099/1194/8336 
f 2085/1178/8337 2071/1179/8338 2086/1196/8339 2100/1195/8340 
f 2086/1188/8341 2087/1187/8342 2102/1680/8343 2101/1688/8344 
f 2087/1187/8345 2088/1199/8346 2103/1689/8347 2102/1680/8348 
f 2088/1199/8349 2089/1200/8350 2104/1690/8351 2103/1689/8352 
f 2089/1200/8353 2090/1201/8354 2105/1691/8355 2104/1690/8356 
f 2090/1201/8357 2091/1202/8358 2106/1692/8359 2105/1691/8360 
f 2091/1202/8361 2092/1203/8362 2107/1693/8363 2106/1692/8364 
f 2092/1203/8365 2093/1204/8366 2108/1694/8367 2107/1693/8368 
f 2093/1204/8369 2094/1205/8370 2109/1695/8371 2108/1694/8372 
f 2094/1108/8373 2095/1107/8374 2110/1122/8375 2109/1123/8376 
f 2095/1107/8377 2096/1109/8378 2111/1124/8379 2110/1122/8380 
f 2096/1109/8381 2097/1121/8382 2112/1125/8383 2111/1124/8384 
f 3128/1181/8385 2098/1180/8386 2113/1197/8387 3130/1198/8388 
f 2098/1180/8389 2099/1194/8390 2114/1211/8391 2113/1197/8392 
f 2099/1194/8393 2100/1195/8394 2115/1212/8395 2114/1211/8396 
f 2100/1195/8397 2086/1196/8398 2101/1214/8399 2115/1212/8400 
f 2101/1688/8401 2102/1680/8402 2117/1706/8403 2116/1707/8404 
f 2102/1680/8405 2103/1689/8406 2118/1708/8407 2117/1706/8408 
f 2103/1689/8409 2104/1690/8410 2119/1709/8411 2118/1708/8412 
f 2104/1690/8413 2105/1691/8414 2120/1710/8415 2119/1709/8416 
f 2105/1691/8417 2106/1692/8418 2121/1711/8419 2120/1710/8420 
f 2106/1692/8421 2107/1693/8422 2122/1713/8423 2121/1711/8424 
f 2107/1693/8425 2108/1694/8426 2123/1723/8427 2122/1713/8428 
f 2108/1694/8429 2109/1695/8430 2124/1724/8431 2123/1723/8432 
f 2109/1123/8433 2110/1122/8434 2125/1126/8435 2124/1138/8436 
f 2110/1122/8437 2111/1124/8438 2126/1139/8439 2125/1126/8440 
f 2111/1124/8441 2112/1125/8442 2127/1140/8443 2126/1139/8444 
f 3130/1198/8445 2113/1197/8446 2128/1228/8447 3132/1229/8448 
f 2113/1197/8449 2114/1211/8450 2129/1230/8451 2128/1228/8452 
f 2114/1211/8453 2115/1212/8454 2130/1232/8455 2129/1230/8456 
f 2115/1212/8457 2101/1214/8458 2116/1684/8459 2130/1232/8460 
f 2116/1707/8461 2117/1706/8462 2132/1725/8463 2131/1726/8464 
f 2117/1706/8465 2118/1708/8466 2133/1727/8467 2132/1725/8468 
f 2118/1708/8469 2119/1709/8470 2134/1728/8471 2133/1727/8472 
f 2119/1709/8473 2120/1710/8474 2135/1729/8475 2134/1728/8476 
f 2120/1710/8477 2121/1711/8478 2136/1731/8479 2135/1729/8480 
f 2121/1711/8481 2122/1713/8482 2137/1739/8483 2136/1731/8484 
f 2122/1713/8485 2123/1723/8486 2138/1740/8487 2137/1739/8488 
f 2123/1723/8489 2124/1724/8490 2139/1741/8491 2138/1740/8492 
f 2124/1138/8493 2125/1126/8494 2140/1141/8495 2139/1142/8496 
f 2125/1126/8497 2126/1139/8498 2141/1143/8499 2140/1141/8500 
f 2126/1139/8501 2127/1140/8502 2142/1155/8503 2141/1143/8504 
f 3132/1229/8505 2128/1228/8506 2143/1685/8507 3134/1686/8508 
f 2128/1228/8509 2129/1230/8510 2144/1687/8511 2143/1685/8512 
f 2129/1230/8513 2130/1232/8514 2145/1701/8515 2144/1687/8516 
f 2130/1232/8517 2116/1684/8518 2131/1702/8519 2145/1701/8520 
f 2131/1726/8521 2132/1725/8522 2147/1742/8523 2146/1743/8524 
f 2132/1725/8525 2133/1727/8526 2148/1744/8527 2147/1742/8528 
f 2133/1727/8529 2134/1728/8530 2149/1745/8531 2148/1744/8532 
f 2134/1728/8533 2135/1729/8534 2150/1746/8535 2149/1745/8536 
f 2135/1729/8537 2136/1731/8538 2151/1747/8539 2150/1746/8540 
f 2136/1731/8541 2137/1739/8542 2152/1748/8543 2151/1747/8544 
f 2137/1739/8545 2138/1740/8546 2153/1749/8547 2152/1748/8548 
f 2138/1740/8549 2139/1741/8550 2154/1750/8551 2153/1749/8552 
f 2139/1142/8553 2140/1141/8554 2155/1156/8555 2154/1157/8556 
f 2140/1141/8557 2141/1143/8558 2156/1158/8559 2155/1156/8560 
f 2141/1143/8561 2142/1155/8562 2157/1159/8563 2156/1158/8564 
f 3134/1686/8565 2143/1685/8566 2158/1703/8567 3136/1704/8568 
f 2143/1685/8569 2144/1687/8570 2159/1705/8571 2158/1703/8572 
f 2144/1687/8573 2145/1701/8574 2160/1718/8575 2159/1705/8576 
f 2145/1701/8577 2131/1702/8578 2146/1719/8579 2160/1718/8580 
f 2146/1213/8581 2147/1215/8582 2162/1216/8583 2161/1217/8584 
f 2147/1215/8585 2148/1218/8586 2163/1219/8587 2162/1216/8588 
f 2148/1218/8589 2149/1220/8590 2164/1221/8591 2163/1219/8592 
f 2149/1220/8593 2150/1222/8594 2165/1223/8595 2164/1221/8596 
f 2150/1222/8597 2151/1231/8598 2166/1233/8599 2165/1223/8600 
f 2151/1231/8601 2152/1234/8602 2167/1235/8603 2166/1233/8604 
f 2152/1234/8605 2153/1236/8606 2168/1237/8607 2167/1235/8608 
f 2153/1236/8609 2154/1238/8610 2169/1239/8611 2168/1237/8612 
f 2154/1224/8613 2155/1225/8614 2170/1226/8615 2169/1242/8616 
f 2155/1225/8617 2156/1243/8618 2171/1244/8619 2170/1226/8620 
f 2156/1243/8621 2157/1267/8622 2172/1268/8623 2171/1244/8624 
f 3136/1245/8625 2158/1246/8626 2173/1247/8627 3138/1248/8628 
f 2158/1246/8629 2159/1275/8630 2174/1276/8631 2173/1247/8632 
f 2159/1275/8633 2160/1277/8634 2175/1278/8635 2174/1276/8636 
f 2160/1277/8637 2146/1279/8638 2161/1297/8639 2175/1278/8640 
f 2161/1217/8641 2162/1216/8642 2177/1240/8643 2176/1241/8644 
f 2162/1216/8645 2163/1219/8646 2178/1249/8647 2177/1240/8648 
f 2163/1219/8649 2164/1221/8650 2179/1250/8651 2178/1249/8652 
f 2164/1221/8653 2165/1223/8654 2180/1251/8655 2179/1250/8656 
f 2165/1223/8657 2166/1233/8658 2181/1252/8659 2180/1251/8660 
f 2166/1233/8661 2167/1235/8662 2182/1253/8663 2181/1252/8664 
f 2167/1235/8665 2168/1237/8666 2183/1254/8667 2182/1253/8668 
f 2168/1237/8669 2169/1239/8670 2184/1255/8671 2183/1254/8672 
f 2169/1242/8673 2170/1226/8674 2185/1269/8675 2184/1270/8676 
f 2170/1226/8677 2171/1244/8678 2186/1271/8679 2185/1269/8680 
f 2171/1244/8681 2172/1268/8682 2187/1272/8683 2186/1271/8684 
f 3138/1248/8685 2173/1247/8686 2188/1298/8687 3140/1314/8688 
f 2173/1247/8689 2174/1276/8690 2189/1315/8691 2188/1298/8692 
f 2174/1276/8693 2175/1278/8694 2190/1330/8695 2189/1315/8696 
f 2175/1278/8697 2161/1297/8698 2176/1331/8699 2190/1330/8700 
f 2176/1241/8701 2177/1240/8702 2192/1256/8703 2191/1257/8704 
f 2177/1240/8705 2178/1249/8706 2193/1258/8707 2192/1256/8708 
f 2178/1249/8709 2179/1250/8710 2194/1259/8711 2193/1258/8712 
f 2179/1250/8713 2180/1251/8714 2195/1260/8715 2194/1259/8716 
f 2180/1251/8717 2181/1252/8718 2196/1261/8719 2195/1260/8720 
f 2181/1252/8721 2182/1253/8722 2197/1262/8723 2196/1261/8724 
f 2182/1253/8725 2183/1254/8726 2198/1263/8727 2197/1262/8728 
f 2183/1254/8729 2184/1255/8730 2199/1264/8731 2198/1263/8732 
f 2184/1270/8733 2185/1269/8734 2200/1273/8735 2199/1274/8736 
f 2185/1269/8737 2186/1271/8738 2201/1293/8739 2200/1273/8740 
f 2186/1271/8741 2187/1272/8742 2202/1294/8743 2201/1293/8744 
f 3140/1314/8745 2188/1298/8746 2203/1332/8747 3142/1347/8748 
f 2188/1298/8749 2189/1315/8750 2204/1348/8751 2203/1332/8752 
f 2189/1315/8753 2190/1330/8754 2205/1349/8755 2204/1348/8756 
f 2190/1330/8757 2176/1331/8758 2191/1364/8759 2205/1349/8760 
f 2191/1257/8761 2192/1256/8762 2207/1265/8763 2206/1266/8764 
f 2192/1256/8765 2193/1258/8766 2208/1280/8767 2207/1265/8768 
f 2193/1258/8769 2194/1259/8770 2209/1281/8771 2208/1280/8772 
f 2194/1259/8773 2195/1260/8774 2210/1282/8775 2209/1281/8776 
f 2195/1260/8777 2196/1261/8778 2211/1283/8779 2210/1282/8780 
f 2196/1261/8781 2197/1262/8782 2212/1284/8783 2211/1283/8784 
f 2197/1262/8785 2198/1263/8786 2213/1285/8787 2212/1284/8788 
f 2198/1263/8789 2199/1264/8790 2214/1286/8791 2213/1285/8792 
f 2199/1274/8793 2200/1273/8794 2215/1295/8795 2214/1296/8796 
f 2200/1273/8797 2201/1293/8798 2216/1310/8799 2215/1295/8800 
f 2201/1293/8801 2202/1294/8802 2217/1311/8803 2216/1310/8804 
f 3142/1347/8805 2203/1332/8806 2218/1365/8807 3144/1367/8808 
f 2203/1332/8809 2204/1348/8810 2219/1381/8811 2218/1365/8812 
f 2204/1348/8813 2205/1349/8814 2220/1382/8815 2219/1381/8816 
f 2205/1349/8817 2191/1364/8818 2206/1383/8819 2220/1382/8820 
f 2206/1266/8821 2207/1265/8822 2222/1287/8823 2221/1288/8824 
f 2207/1265/8825 2208/1280/8826 2223/1289/8827 2222/1287/8828 
f 2208/1280/8829 2209/1281/8830 2224/1290/8831 2223/1289/8832 
f 2209/1281/8833 2210/1282/8834 2225/1291/8835 2224/1290/8836 
f 2210/1282/8837 2211/1283/8838 2226/1292/8839 2225/1291/8840 
f 2211/1283/8841 2212/1284/8842 2227/1299/8843 2226/1292/8844 
f 2212/1284/8845 2213/1285/8846 2228/1300/8847 2227/1299/8848 
f 2213/1285/8849 2214/1286/8850 2229/1301/8851 2228/1300/8852 
f 2214/1296/8853 2215/1295/8854 2230/1312/8855 2229/1313/8856 
f 2215/1295/8857 2216/1310/8858 2231/1327/8859 2230/1312/8860 
f 2216/1310/8861 2217/1311/8862 2232/1328/8863 2231/1327/8864 
f 3144/1367/8865 2218/1365/8866 2233/1398/8867 3146/1399/8868 
f 2218/1365/8869 2219/1381/8870 2234/1415/8871 2233/1398/8872 
f 2219/1381/8873 2220/1382/8874 2235/1416/8875 2234/1415/8876 
f 2220/1382/8877 2206/1383/8878 2221/1432/8879 2235/1416/8880 
f 2221/1288/8881 2222/1287/8882 2237/1302/8883 2236/1303/8884 
f 2222/1287/8885 2223/1289/8886 2238/1304/8887 2237/1302/8888 
f 2223/1289/8889 2224/1290/8890 2239/1305/8891 2238/1304/8892 
f 2224/1290/8893 2225/1291/8894 2240/1306/8895 2239/1305/8896 
f 2225/1291/8897 2226/1292/8898 2241/1307/8899 2240/1306/8900 
f 2226/1292/8901 2227/1299/8902 2242/1308/8903 2241/1307/8904 
f 2227/1299/8905 2228/1300/8906 2243/1309/8907 2242/1308/8908 
f 2228/1300/8909 2229/1301/8910 2244/1316/8911 2243/1309/8912 
f 2229/1313/8913 2230/1312/8914 2245/1329/8915 2244/1344/8916 
f 2230/1312/8917 2231/1327/8918 2246/1345/8919 2245/1329/8920 
f 2231/1327/8921 2232/1328/8922 2247/1346/8923 2246/1345/8924 
f 3146/1399/8925 2233/1398/8926 2248/1433/8927 3148/1449/8928 
f 2233/1398/8929 2234/1415/8930 2249/1450/8931 2248/1433/8932 
f 2234/1415/8933 2235/1416/8934 2250/1465/8935 2249/1450/8936 
f 2235/1416/8937 2221/1432/8938 2236/1466/8939 2250/1465/8940 
f 2236/1303/8941 2237/1302/8942 2252/1317/8943 2251/1318/8944 
f 2237/1302/8945 2238/1304/8946 2253/1319/8947 2252/1317/8948 
f 2238/1304/8949 2239/1305/8950 2254/1320/8951 2253/1319/8952 
f 2239/1305/8953 2240/1306/8954 2255/1321/8955 2254/1320/8956 
f 2240/1306/8957 2241/1307/8958 2256/1322/8959 2255/1321/8960 
f 2241/1307/8961 2242/1308/8962 2257/1323/8963 2256/1322/8964 
f 2242/1308/8965 2243/1309/8966 2258/1324/8967 2257/1323/8968 
f 2243/1309/8969 2244/1316/8970 2259/1325/8971 2258/1324/8972 
f 2244/1344/8973 2245/1329/8974 2260/1361/8975 2259/1362/8976 
f 2245/1329/8977 2246/1345/8978 2261/1363/8979 2260/1361/8980 
f 2246/1345/8981 2247/1346/8982 2262/1378/8983 2261/1363/8984 
f 3148/1449/8985 2248/1433/8986 2263/1467/8987 3150/1482/8988 
f 2248/1433/8989 2249/1450/8990 2264/1483/8991 2263/1467/8992 
f 2249/1450/8993 2250/1465/8994 2265/1484/8995 2264/1483/8996 
f 2250/1465/8997 2236/1466/8998 2251/1499/8999 2265/1484/9000 
f 2251/1318/9001 2252/1317/9002 2267/1326/9003 2266/1333/9004 
f 2252/1317/9005 2253/1319/9006 2268/1334/9007 2267/1326/9008 
f 2253/1319/9009 2254/1320/9010 2269/1335/9011 2268/1334/9012 
f 2254/1320/9013 2255/1321/9014 2270/1336/9015 2269/1335/9016 
f 2255/1321/9017 2256/1322/9018 2271/1337/9019 2270/1336/9020 
f 2256/1322/9021 2257/1323/9022 2272/1338/9023 2271/1337/9024 
f 2257/1323/9025 2258/1324/9026 2273/1339/9027 2272/1338/9028 
f 2258/1324/9029 2259/1325/9030 2274/1340/9031 2273/1339/9032 
f 2259/1362/9033 2260/1361/9034 2275/1379/9035 2274/1380/9036 
f 2260/1361/9037 2261/1363/9038 2276/1395/9039 2275/1379/9040 
f 2261/1363/9041 2262/1378/9042 2277/1396/9043 2276/1395/9044 
f 3150/1482/9045 2263/1467/9046 2279/1500/9047 2278/1502/9048 
f 2263/1467/9049 2264/1483/9050 2280/1516/9051 2279/1500/9052 
f 2264/1483/9053 2265/1484/9054 2281/1517/9055 2280/1516/9056 
f 2265/1484/9057 2251/1499/9058 2266/1518/9059 2281/1517/9060 
f 2266/1333/9061 2267/1326/9062 2283/1341/9063 2282/1342/9064 
f 2267/1326/9065 2268/1334/9066 2284/1343/9067 2283/1341/9068 
f 2268/1334/9069 2269/1335/9070 2285/1350/9071 2284/1343/9072 
f 2269/1335/9073 2270/1336/9074 2286/1351/9075 2285/1350/9076 
f 2270/1336/9077 2271/1337/9078 2287/1352/9079 2286/1351/9080 
f 2271/1337/9081 2272/1338/9082 2288/1353/9083 2287/1352/9084 
f 2272/1338/9085 2273/1339/9086 2289/1354/9087 2288/1353/9088 
f 2273/1339/9089 2274/1340/9090 2290/1355/9091 2289/1354/9092 
f 2274/1380/9093 2275/1379/9094 2291/1397/9095 2290/1411/9096 
f 2275/1379/9097 2276/1395/9098 2292/1412/9099 2291/1397/9100 
f 2276/1395/9101 2277/1396/9102 2293/1413/9103 2292/1412/9104 
f 2278/1502/9105 2279/1500/9106 2295/1533/9107 2294/1534/9108 
f 2279/1500/9109 2280/1516/9110 2296/1550/9111 2295/1533/9112 
f 2280/1516/9113 2281/1517/9114 2297/1551/9115 2296/1550/9116 
f 2281/1517/9117 2266/1518/9118 2282/1567/9119 2297/1551/9120 
f 2282/1342/9121 2283/1341/9122 2299/1356/9123 2298/1357/9124 
f 2283/1341/9125 2284/1343/9126 2300/1358/9127 2299/1356/9128 
f 2284/1343/9129 2285/1350/9130 2301/1359/9131 2300/1358/9132 
f 2285/1350/9133 2286/1351/9134 2302/1360/9135 2301/1359/9136 
f 2286/1351/9137 2287/1352/9138 2303/1366/9139 2302/1360/9140 
f 2287/1352/9141 2288/1353/9142 2304/1368/9143 2303/1366/9144 
f 2288/1353/9145 2289/1354/9146 2305/1369/9147 2304/1368/9148 
f 2289/1354/9149 2290/1355/9150 2306/1370/9151 2305/1369/9152 
f 2290/1411/9153 2291/1397/9154 2307/1414/9155 2306/1428/9156 
f 2291/1397/9157 2292/1412/9158 2308/1429/9159 2307/1414/9160 
f 2292/1412/9161 2293/1413/9162 2309/1430/9163 2308/1429/9164 
f 2294/1534/9165 2295/1533/9166 2311/1568/9167 2310/1584/9168 
f 2295/1533/9169 2296/1550/9170 2312/1585/9171 2311/1568/9172 
f 2296/1550/9173 2297/1551/9174 2313/1600/9175 2312/1585/9176 
f 2297/1551/9177 2282/1567/9178 2298/1601/9179 2313/1600/9180 
f 2298/1357/9181 2299/1356/9182 2315/1371/9183 2314/1372/9184 
f 2299/1356/9185 2300/1358/9186 2316/1373/9187 2315/1371/9188 
f 2300/1358/9189 2301/1359/9190 2317/1374/9191 2316/1373/9192 
f 2301/1359/9193 2302/1360/9194 2318/1375/9195 2317/1374/9196 
f 2302/1360/9197 2303/1366/9198 2319/1376/9199 2318/1375/9200 
f 2303/1366/9201 2304/1368/9202 2320/1377/9203 2319/1376/9204 
f 2304/1368/9205 2305/1369/9206 2321/1384/9207 2320/1377/9208 
f 2305/1369/9209 2306/1370/9210 2322/1385/9211 2321/1384/9212 
f 2306/1428/9213 2307/1414/9214 2323/1431/9215 2322/1445/9216 
f 2307/1414/9217 2308/1429/9218 2324/1446/9219 2323/1431/9220 
f 2308/1429/9221 2309/1430/9222 2325/1447/9223 2324/1446/9224 
f 2310/1584/9225 2311/1568/9226 2327/1602/9227 2326/1617/9228 
f 2311/1568/9229 2312/1585/9230 2328/1618/9231 2327/1602/9232 
f 2312/1585/9233 2313/1600/9234 2329/1619/9235 2328/1618/9236 
f 2313/1600/9237 2298/1601/9238 2314/1634/9239 2329/1619/9240 
f 2314/1372/9241 2315/1371/9242 2331/1386/9243 2330/1387/9244 
f 2315/1371/9245 2316/1373/9246 2332/1388/9247 2331/1386/9248 
f 2316/1373/9249 2317/1374/9250 2333/1389/9251 2332/1388/9252 
f 2317/1374/9253 2318/1375/9254 2334/1390/9255 2333/1389/9256 
f 2318/1375/9257 2319/1376/9258 2335/1391/9259 2334/1390/9260 
f 2319/1376/9261 2320/1377/9262 2336/1392/9263 2335/1391/9264 
f 2320/1377/9265 2321/1384/9266 2337/1393/9267 2336/1392/9268 
f 2321/1384/9269 2322/1385/9270 2338/1394/9271 2337/1393/9272 
f 2322/1445/9273 2323/1431/9274 2339/1448/9275 2338/1462/9276 
f 2323/1431/9277 2324/1446/9278 2340/1463/9279 2339/1448/9280 
f 2324/1446/9281 2325/1447/9282 2341/1464/9283 2340/1463/9284 
f 2326/1617/9285 2327/1602/9286 2343/1635/9287 2342/1637/9288 
f 2327/1602/9289 2328/1618/9290 2344/1648/9291 2343/1635/9292 
f 2328/1618/9293 2329/1619/9294 2345/1649/9295 2344/1648/9296 
f 2329/1619/9297 2314/1634/9298 2330/1650/9299 2345/1649/9300 
f 2330/1387/9301 2331/1386/9302 2347/1400/9303 2346/1401/9304 
f 2331/1386/9305 2332/1388/9306 2348/1402/9307 2347/1400/9308 
f 2332/1388/9309 2333/1389/9310 2349/1403/9311 2348/1402/9312 
f 2333/1389/9313 2334/1390/9314 2350/1404/9315 2349/1403/9316 
f 2334/1390/9317 2335/1391/9318 2351/1405/9319 2350/1404/9320 
f 2335/1391/9321 2336/1392/9322 2352/1406/9323 2351/1405/9324 
f 2336/1392/9325 2337/1393/9326 2353/1407/9327 2352/1406/9328 
f 2337/1393/9329 2338/1394/9330 2354/1408/9331 2353/1407/9332 
f 2338/1462/9333 2339/1448/9334 2355/1479/9335 2354/1480/9336 
f 2339/1448/9337 2340/1463/9338 2356/1481/9339 2355/1479/9340 
f 2340/1463/9341 2341/1464/9342 2357/1496/9343 2356/1481/9344 
f 2342/1637/9345 2343/1635/9346 2359/1654/9347 2358/1655/9348 
f 2343/1635/9349 2344/1648/9350 2360/1660/9351 2359/1654/9352 
f 2344/1648/9353 2345/1649/9354 2361/1661/9355 2360/1660/9356 
f 2345/1649/9357 2330/1650/9358 2346/1666/9359 2361/1661/9360 
f 2346/1401/9361 2347/1400/9362 2363/1409/9363 2362/1410/9364 
f 2347/1400/9365 2348/1402/9366 2364/1417/9367 2363/1409/9368 
f 2348/1402/9369 2349/1403/9370 2365/1418/9371 2364/1417/9372 
f 2349/1403/9373 2350/1404/9374 2366/1419/9375 2365/1418/9376 
f 2350/1404/9377 2351/1405/9378 2367/1420/9379 2366/1419/9380 
f 2351/1405/9381 2352/1406/9382 2368/1421/9383 2367/1420/9384 
f 2352/1406/9385 2353/1407/9386 2369/1422/9387 2368/1421/9388 
f 2353/1407/9389 2354/1408/9390 2370/1423/9391 2369/1422/9392 
f 2354/1480/9393 2355/1479/9394 2371/1497/9395 2370/1498/9396 
f 2355/1479/9397 2356/1481/9398 2372/1513/9399 2371/1497/9400 
f 2356/1481/9401 2357/1496/9402 2373/1514/9403 2372/1513/9404 
f 2358/1655/9405 2359/1654/9406 2375/1667/9407 2374/1672/9408 
f 2359/1654/9409 2360/1660/9410 2376/1673/9411 2375/1667/9412 
f 2360/1660/9413 2361/1661/9414 2377/1677/9415 2376/1673/9416 
f 2361/1661/9417 2346/1666/9418 2362/1678/9419 2377/1677/9420 
f 2362/1410/9421 2363/1409/9422 2379/1424/9423 2378/1425/9424 
f 2363/1409/9425 2364/1417/9426 2380/1426/9427 2379/1424/9428 
f 2364/1417/9429 2365/1418/9430 2381/1427/9431 2380/1426/9432 
f 2365/1418/9433 2366/1419/9434 2382/1434/9435 2381/1427/9436 
f 2366/1419/9437 2367/1420/9438 2383/1435/9439 2382/1434/9440 
f 2367/1420/9441 2368/1421/9442 2384/1436/9443 2383/1435/9444 
f 2368/1421/9445 2369/1422/9446 2385/1437/9447 2384/1436/9448 
f 2369/1422/9449 2370/1423/9450 2386/1438/9451 2385/1437/9452 
f 2370/1498/9453 2371/1497/9454 2387/1515/9455 2386/1530/9456 
f 2371/1497/9457 2372/1513/9458 2388/1531/9459 2387/1515/9460 
f 2372/1513/9461 2373/1514/9462 2389/1532/9463 2388/1531/9464 
f 2374/1672/9465 2375/1667/9466 2391/1679/9467 2390/3837/9468 
f 2375/1667/9469 2376/1673/9470 2392/3838/9471 2391/1679/9472 
f 2376/1673/9473 2377/1677/9474 2393/3839/9475 2392/3838/9476 
f 2377/1677/9477 2362/1678/9478 2378/3840/9479 2393/3839/9480 
f 2378/1425/9481 2379/1424/9482 2395/1439/9483 2394/1440/9484 
f 2379/1424/9485 2380/1426/9486 2396/1441/9487 2395/1439/9488 
f 2380/1426/9489 2381/1427/9490 2397/1442/9491 2396/1441/9492 
f 2381/1427/9493 2382/1434/9494 2398/1443/9495 2397/1442/9496 
f 2382/1434/9497 2383/1435/9498 2399/1444/9499 2398/1443/9500 
f 2383/1435/9501 2384/1436/9502 2400/1451/9503 2399/1444/9504 
f 2384/1436/9505 2385/1437/9506 2401/1452/9507 2400/1451/9508 
f 2385/1437/9509 2386/1438/9510 2402/1453/9511 2401/1452/9512 
f 2386/1530/9513 2387/1515/9514 2403/1546/9515 2402/1547/9516 
f 2387/1515/9517 2388/1531/9518 2404/1548/9519 2403/1546/9520 
f 2388/1531/9521 2389/1532/9522 2405/1549/9523 2404/1548/9524 
f 2390/3837/9525 2391/1679/9526 2407/3841/9527 2406/3842/9528 
f 2391/1679/9529 2392/3838/9530 2408/3843/9531 2407/3841/9532 
f 2392/3838/9533 2393/3839/9534 2409/3844/9535 2408/3843/9536 
f 2393/3839/9537 2378/3840/9538 2394/3845/9539 2409/3844/9540 
f 2394/1440/9541 2395/1439/9542 2411/1454/9543 2410/1455/9544 
f 2395/1439/9545 2396/1441/9546 2412/1456/9547 2411/1454/9548 
f 2396/1441/9549 2397/1442/9550 2413/1457/9551 2412/1456/9552 
f 2397/1442/9553 2398/1443/9554 2414/1458/9555 2413/1457/9556 
f 2398/1443/9557 2399/1444/9558 2415/1459/9559 2414/1458/9560 
f 2399/1444/9561 2400/1451/9562 2416/1460/9563 2415/1459/9564 
f 2400/1451/9565 2401/1452/9566 2417/1461/9567 2416/1460/9568 
f 2401/1452/9569 2402/1453/9570 2418/1468/9571 2417/1461/9572 
f 2402/1547/9573 2403/1546/9574 2419/1563/9575 2418/1564/9576 
f 2403/1546/9577 2404/1548/9578 2420/1565/9579 2419/1563/9580 
f 2404/1548/9581 2405/1549/9582 2421/1566/9583 2420/1565/9584 
f 2406/3842/9585 2407/3841/9586 2423/3846/9587 2422/3847/9588 
f 2407/3841/9589 2408/3843/9590 2424/3848/9591 2423/3846/9592 
f 2408/3843/9593 2409/3844/9594 2425/3849/9595 2424/3848/9596 
f 2409/3844/9597 2394/3845/9598 2410/3850/9599 2425/3849/9600 
f 2410/1455/9601 2411/1454/9602 2427/1469/9603 2426/1470/9604 
f 2411/1454/9605 2412/1456/9606 2428/1471/9607 2427/1469/9608 
f 2412/1456/9609 2413/1457/9610 2429/1472/9611 2428/1471/9612 
f 2413/1457/9613 2414/1458/9614 2430/1473/9615 2429/1472/9616 
f 2414/1458/9617 2415/1459/9618 2431/1474/9619 2430/1473/9620 
f 2415/1459/9621 2416/1460/9622 2432/1475/9623 2431/1474/9624 
f 2416/1460/9625 2417/1461/9626 2433/1476/9627 2432/1475/9628 
f 2417/1461/9629 2418/1468/9630 2434/1477/9631 2433/1476/9632 
f 2418/1564/9633 2419/1563/9634 2435/1580/9635 2434/1581/9636 
f 2419/1563/9637 2420/1565/9638 2436/1582/9639 2435/1580/9640 
f 2420/1565/9641 2421/1566/9642 2437/1583/9643 2436/1582/9644 
f 2422/3847/9645 2423/3846/9646 2439/3851/9647 2438/3852/9648 
f 2423/3846/9649 2424/3848/9650 2440/3853/9651 2439/3851/9652 
f 2424/3848/9653 2425/3849/9654 2441/3854/9655 2440/3853/9656 
f 2425/3849/9657 2410/3850/9658 2426/3855/9659 2441/3854/9660 
f 2426/1470/9661 2427/1469/9662 2443/1478/9663 2442/1485/9664 
f 2427/1469/9665 2428/1471/9666 2444/1486/9667 2443/1478/9668 
f 2428/1471/9669 2429/1472/9670 2445/1487/9671 2444/1486/9672 
f 2429/1472/9673 2430/1473/9674 2446/1488/9675 2445/1487/9676 
f 2430/1473/9677 2431/1474/9678 2447/1489/9679 2446/1488/9680 
f 2431/1474/9681 2432/1475/9682 2448/1490/9683 2447/1489/9684 
f 2432/1475/9685 2433/1476/9686 2449/1491/9687 2448/1490/9688 
f 2433/1476/9689 2434/1477/9690 2450/1492/9691 2449/1491/9692 
f 2434/1581/9693 2435/1580/9694 2451/1597/9695 2450/1598/9696 
f 2435/1580/9697 2436/1582/9698 2452/1599/9699 2451/1597/9700 
f 2436/1582/9701 2437/1583/9702 2453/1614/9703 2452/1599/9704 
f 2438/3852/9705 2439/3851/9706 2455/3856/9707 2454/3857/9708 
f 2439/3851/9709 2440/3853/9710 2456/3858/9711 2455/3856/9712 
f 2440/3853/9713 2441/3854/9714 2457/3859/9715 2456/3858/9716 
f 2441/3854/9717 2426/3855/9718 2442/3860/9719 2457/3859/9720 
f 2442/1485/9721 2443/1478/9722 2459/1493/9723 2458/1494/9724 
f 2443/1478/9725 2444/1486/9726 2460/1495/9727 2459/1493/9728 
f 2444/1486/9729 2445/1487/9730 2461/1501/9731 2460/1495/9732 
f 2445/1487/9733 2446/1488/9734 2462/1503/9735 2461/1501/9736 
f 2446/1488/9737 2447/1489/9738 2463/1504/9739 2462/1503/9740 
f 2447/1489/9741 2448/1490/9742 2464/1505/9743 2463/1504/9744 
f 2448/1490/9745 2449/1491/9746 2465/1506/9747 2464/1505/9748 
f 2449/1491/9749 2450/1492/9750 2466/1507/9751 2465/1506/9752 
f 2450/1598/9753 2451/1597/9754 2467/1615/9755 2466/1616/9756 
f 2451/1597/9757 2452/1599/9758 2468/1631/9759 2467/1615/9760 
f 2452/1599/9761 2453/1614/9762 2469/1632/9763 2468/1631/9764 
f 2454/3857/9765 2455/3856/9766 2471/3861/9767 2470/3862/9768 
f 2455/3856/9769 2456/3858/9770 2472/3863/9771 2471/3861/9772 
f 2456/3858/9773 2457/3859/9774 2473/3864/9775 2472/3863/9776 
f 2457/3859/9777 2442/3860/9778 2458/3865/9779 2473/3864/9780 
f 2458/1494/9781 2459/1493/9782 2475/1508/9783 2474/1509/9784 
f 2459/1493/9785 2460/1495/9786 2476/1510/9787 2475/1508/9788 
f 2460/1495/9789 2461/1501/9790 2477/1511/9791 2476/1510/9792 
f 2461/1501/9793 2462/1503/9794 2478/1512/9795 2477/1511/9796 
f 2462/1503/9797 2463/1504/9798 2479/1519/9799 2478/1512/9800 
f 2463/1504/9801 2464/1505/9802 2480/1520/9803 2479/1519/9804 
f 2464/1505/9805 2465/1506/9806 2481/1521/9807 2480/1520/9808 
f 2465/1506/9809 2466/1507/9810 2482/1522/9811 2481/1521/9812 
f 2466/1616/9813 2467/1615/9814 2483/1633/9815 2482/1645/9816 
f 2467/1615/9817 2468/1631/9818 2484/1646/9819 2483/1633/9820 
f 2468/1631/9821 2469/1632/9822 2485/1647/9823 2484/1646/9824 
f 2470/3862/9825 2471/3861/9826 2487/3866/9827 2486/3867/9828 
f 2471/3861/9829 2472/3863/9830 2488/3868/9831 2487/3866/9832 
f 2472/3863/9833 2473/3864/9834 2489/3869/9835 2488/3868/9836 
f 2473/3864/9837 2458/3865/9838 2474/3870/9839 2489/3869/9840 
f 2474/1509/9841 2475/1508/9842 2491/1523/9843 2490/1524/9844 
f 2475/1508/9845 2476/1510/9846 2492/1525/9847 2491/1523/9848 
f 2476/1510/9849 2477/1511/9850 2493/1526/9851 2492/1525/9852 
f 2477/1511/9853 2478/1512/9854 2494/1527/9855 2493/1526/9856 
f 2478/1512/9857 2479/1519/9858 2495/1528/9859 2494/1527/9860 
f 2479/1519/9861 2480/1520/9862 2496/1529/9863 2495/1528/9864 
f 2480/1520/9865 2481/1521/9866 2497/1535/9867 2496/1529/9868 
f 2481/1521/9869 2482/1522/9870 2498/1536/9871 2497/1535/9872 
f 2482/1645/9873 2483/1633/9874 2499/1651/9875 2498/1652/9876 
f 2483/1633/9877 2484/1646/9878 2500/1653/9879 2499/1651/9880 
f 2484/1646/9881 2485/1647/9882 2501/1656/9883 2500/1653/9884 
f 2486/3867/9885 2487/3866/9886 2503/3871/9887 2502/3872/9888 
f 2487/3866/9889 2488/3868/9890 2504/3873/9891 2503/3871/9892 
f 2488/3868/9893 2489/3869/9894 2505/3874/9895 2504/3873/9896 
f 2489/3869/9897 2474/3870/9898 2490/3875/9899 2505/3874/9900 
f 2490/1524/9901 2491/1523/9902 2507/1537/9903 2506/1538/9904 
f 2491/1523/9905 2492/1525/9906 2508/1539/9907 2507/1537/9908 
f 2492/1525/9909 2493/1526/9910 2509/1540/9911 2508/1539/9912 
f 2493/1526/9913 2494/1527/9914 2510/1541/9915 2509/1540/9916 
f 2494/1527/9917 2495/1528/9918 2511/1542/9919 2510/1541/9920 
f 2495/1528/9921 2496/1529/9922 2512/1543/9923 2511/1542/9924 
f 2496/1529/9925 2497/1535/9926 2513/1544/9927 2512/1543/9928 
f 2497/1535/9929 2498/1536/9930 2514/1545/9931 2513/1544/9932 
f 2498/1652/9933 2499/1651/9934 2515/1657/9935 2514/1658/9936 
f 2499/1651/9937 2500/1653/9938 2516/1659/9939 2515/1657/9940 
f 2500/1653/9941 2501/1656/9942 2517/1662/9943 2516/1659/9944 
f 2502/3872/9945 2503/3871/9946 2519/3876/9947 2518/3877/9948 
f 2503/3871/9949 2504/3873/9950 2520/3878/9951 2519/3876/9952 
f 2504/3873/9953 2505/3874/9954 2521/3879/9955 2520/3878/9956 
f 2505/3874/9957 2490/3875/9958 2506/3880/9959 2521/3879/9960 
f 2506/1538/9961 2507/1537/9962 2523/1552/9963 2522/1553/9964 
f 2507/1537/9965 2508/1539/9966 2524/1554/9967 2523/1552/9968 
f 2508/1539/9969 2509/1540/9970 2525/1555/9971 2524/1554/9972 
f 2509/1540/9973 2510/1541/9974 2526/1556/9975 2525/1555/9976 
f 2510/1541/9977 2511/1542/9978 2527/1557/9979 2526/1556/9980 
f 2511/1542/9981 2512/1543/9982 2528/1558/9983 2527/1557/9984 
f 2512/1543/9985 2513/1544/9986 2529/1559/9987 2528/1558/9988 
f 2513/1544/9989 2514/1545/9990 2530/1560/9991 2529/1559/9992 
f 2514/1658/9993 2515/1657/9994 2531/1663/9995 2530/1664/9996 
f 2515/1657/9997 2516/1659/9998 2532/1665/9999 2531/1663/10000 
f 2516/1659/10001 2517/1662/10002 2533/1668/10003 2532/1665/10004 
f 2518/3877/10005 2519/3876/10006 2535/3881/10007 2534/3882/10008 
f 2519/3876/10009 2520/3878/10010 2536/3883/10011 2535/3881/10012 
f 2520/3878/10013 2521/3879/10014 2537/3884/10015 2536/3883/10016 
f 2521/3879/10017 2506/3880/10018 2522/3885/10019 2537/3884/10020 
f 2522/1553/10021 2523/1552/10022 2539/1561/10023 2538/1562/10024 
f 2523/1552/10025 2524/1554/10026 2540/1569/10027 2539/1561/10028 
f 2524/1554/10029 2525/1555/10030 2541/1570/10031 2540/1569/10032 
f 2525/1555/10033 2526/1556/10034 2542/1571/10035 2541/1570/10036 
f 2526/1556/10037 2527/1557/10038 2543/1572/10039 2542/1571/10040 
f 2527/1557/10041 2528/1558/10042 2544/1573/10043 2543/1572/10044 
f 2528/1558/10045 2529/1559/10046 2545/1574/10047 2544/1573/10048 
f 2529/1559/10049 2530/1560/10050 2546/1575/10051 2545/1574/10052 
f 2530/1664/10053 2531/1663/10054 2547/1669/10055 2546/1670/10056 
f 2531/1663/10057 2532/1665/10058 2548/1671/10059 2547/1669/10060 
f 2532/1665/10061 2533/1668/10062 2549/1674/10063 2548/1671/10064 
f 2534/3882/10065 2535/3881/10066 2551/3886/10067 2550/3887/10068 
f 2535/3881/10069 2536/3883/10070 2552/3888/10071 2551/3886/10072 
f 2536/3883/10073 2537/3884/10074 2553/3889/10075 2552/3888/10076 
f 2537/3884/10077 2522/3885/10078 2538/3890/10079 2553/3889/10080 
f 2538/1562/10081 2539/1561/10082 2555/1576/10083 2554/1577/10084 
f 2539/1561/10085 2540/1569/10086 2556/1578/10087 2555/1576/10088 
f 2540/1569/10089 2541/1570/10090 2557/1579/10091 2556/1578/10092 
f 2541/1570/10093 2542/1571/10094 2558/1586/10095 2557/1579/10096 
f 2542/1571/10097 2543/1572/10098 2559/1587/10099 2558/1586/10100 
f 2543/1572/10101 2544/1573/10102 2560/1588/10103 2559/1587/10104 
f 2544/1573/10105 2545/1574/10106 2561/1589/10107 2560/1588/10108 
f 2545/1574/10109 2546/1575/10110 2562/1590/10111 2561/1589/10112 
f 2546/1670/10113 2547/1669/10114 2563/1675/10115 2562/1676/10116 
f 2547/1669/10117 2548/1671/10118 2564/1681/10119 2563/1675/10120 
f 2548/1671/10121 2549/1674/10122 2565/1682/10123 2564/1681/10124 
f 2550/3887/10125 2551/3886/10126 2567/3891/10127 2566/3892/10128 
f 2551/3886/10129 2552/3888/10130 2568/3893/10131 2567/3891/10132 
f 2552/3888/10133 2553/3889/10134 2569/3894/10135 2568/3893/10136 
f 2553/3889/10137 2538/3890/10138 2554/3895/10139 2569/3894/10140 
f 2554/1577/10141 2555/1576/10142 2571/1591/10143 2570/1592/10144 
f 2555/1576/10145 2556/1578/10146 2572/1593/10147 2571/1591/10148 
f 2556/1578/10149 2557/1579/10150 2573/1594/10151 2572/1593/10152 
f 2557/1579/10153 2558/1586/10154 2574/1595/10155 2573/1594/10156 
f 2558/1586/10157 2559/1587/10158 2575/1596/10159 2574/1595/10160 
f 2559/1587/10161 2560/1588/10162 2576/1603/10163 2575/1596/10164 
f 2560/1588/10165 2561/1589/10166 2577/1604/10167 2576/1603/10168 
f 2561/1589/10169 2562/1590/10170 2578/1605/10171 2577/1604/10172 
f 2562/1676/10173 2563/1675/10174 2579/1683/10175 2578/1834/10176 
f 2563/1675/10177 2564/1681/10178 2580/1835/10179 2579/1683/10180 
f 2564/1681/10181 2565/1682/10182 2581/1836/10183 2580/1835/10184 
f 2566/3892/10185 2567/3891/10186 2583/3896/10187 2582/3897/10188 
f 2567/3891/10189 2568/3893/10190 2584/3898/10191 2583/3896/10192 
f 2568/3893/10193 2569/3894/10194 2585/3899/10195 2584/3898/10196 
f 2569/3894/10197 2554/3895/10198 2570/3900/10199 2585/3899/10200 
f 2570/1592/10201 2571/1591/10202 2587/1606/10203 2586/1607/10204 
f 2571/1591/10205 2572/1593/10206 2588/1608/10207 2587/1606/10208 
f 2572/1593/10209 2573/1594/10210 2589/1609/10211 2588/1608/10212 
f 2573/1594/10213 2574/1595/10214 2590/1610/10215 2589/1609/10216 
f 2574/1595/10217 2575/1596/10218 2591/1611/10219 2590/1610/10220 
f 2575/1596/10221 2576/1603/10222 2592/1612/10223 2591/1611/10224 
f 2576/1603/10225 2577/1604/10226 2593/1613/10227 2592/1612/10228 
f 2577/1604/10229 2578/1605/10230 2594/1620/10231 2593/1613/10232 
f 2578/1834/10233 2579/1683/10234 2595/1849/10235 2594/1850/10236 
f 2579/1683/10237 2580/1835/10238 2596/1851/10239 2595/1849/10240 
f 2580/1835/10241 2581/1836/10242 2597/1852/10243 2596/1851/10244 
f 2582/3897/10245 2583/3896/10246 2599/3901/10247 2598/3902/10248 
f 2583/3896/10249 2584/3898/10250 2600/3903/10251 2599/3901/10252 
f 2584/3898/10253 2585/3899/10254 2601/3904/10255 2600/3903/10256 
f 2585/3899/10257 2570/3900/10258 2586/3905/10259 2601/3904/10260 
f 2586/1607/10261 2587/1606/10262 2603/1621/10263 2602/1622/10264 
f 2587/1606/10265 2588/1608/10266 2604/1623/10267 2603/1621/10268 
f 2588/1608/10269 2589/1609/10270 2605/1624/10271 2604/1623/10272 
f 2589/1609/10273 2590/1610/10274 2606/1625/10275 2605/1624/10276 
f 2590/1610/10277 2591/1611/10278 2607/1626/10279 2606/1625/10280 
f 2591/1611/10281 2592/1612/10282 2608/1627/10283 2607/1626/10284 
f 2592/1612/10285 2593/1613/10286 2609/1628/10287 2608/1627/10288 
f 2593/1613/10289 2594/1620/10290 2610/1629/10291 2609/1628/10292 
f 2594/1850/10293 2595/1849/10294 2611/1853/10295 2610/1865/10296 
f 2595/1849/10297 2596/1851/10298 2612/1867/10299 2611/1853/10300 
f 2596/1851/10301 2597/1852/10302 2613/1868/10303 2612/1867/10304 
f 2598/3902/10305 2599/3901/10306 2615/3906/10307 2614/3907/10308 
f 2599/3901/10309 2600/3903/10310 2616/3908/10311 2615/3906/10312 
f 2600/3903/10313 2601/3904/10314 2617/3909/10315 2616/3908/10316 
f 2601/3904/10317 2586/3905/10318 2602/3910/10319 2617/3909/10320 
f 2602/1622/10321 2603/1621/10322 2619/1630/10323 2618/1636/10324 
f 2603/1621/10325 2604/1623/10326 2620/1638/10327 2619/1630/10328 
f 2604/1623/10329 2605/1624/10330 2621/1639/10331 2620/1638/10332 
f 2605/1624/10333 2606/1625/10334 2622/1640/10335 2621/1639/10336 
f 2606/1625/10337 2607/1626/10338 2623/1641/10339 2622/1640/10340 
f 2607/1626/10341 2608/1627/10342 2624/1642/10343 2623/1641/10344 
f 2608/1627/10345 2609/1628/10346 2625/1643/10347 2624/1642/10348 
f 2609/1628/10349 2610/1629/10350 2626/1644/10351 2625/1643/10352 
f 2610/1865/10353 2611/1853/10354 2627/1869/10355 2626/1870/10356 
f 2611/1853/10357 2612/1867/10358 2628/1883/10359 2627/1869/10360 
f 2612/1867/10361 2613/1868/10362 2629/1884/10363 2628/1883/10364 
f 2614/3907/10365 2615/3906/10366 2631/3911/10367 2630/3912/10368 
f 2615/3906/10369 2616/3908/10370 2632/3913/10371 2631/3911/10372 
f 2616/3908/10373 2617/3909/10374 2633/3914/10375 2632/3913/10376 
f 2617/3909/10377 2602/3910/10378 2618/3915/10379 2633/3914/10380 
f 2618/1751/10381 2619/1752/10382 2635/1753/10383 2634/1755/10384 
f 2619/1752/10385 2620/1773/10386 2636/1774/10387 2635/1753/10388 
f 2620/1773/10389 2621/1775/10390 2637/1776/10391 2636/1774/10392 
f 2621/1775/10393 2622/1777/10394 2638/1778/10395 2637/1776/10396 
f 2622/1777/10397 2623/1779/10398 2639/1780/10399 2638/1778/10400 
f 2623/1779/10401 2624/1791/10402 2640/1792/10403 2639/1780/10404 
f 2624/1791/10405 2625/1793/10406 2641/1794/10407 2640/1792/10408 
f 2625/1793/10409 2626/1795/10410 2642/1796/10411 2641/1794/10412 
f 2626/1160/10413 2627/1172/10414 2643/1173/10415 2642/1174/10416 
f 2627/1172/10417 2628/1175/10418 2644/1176/10419 2643/1173/10420 
f 2628/1175/10421 2629/1189/10422 2645/1190/10423 2644/1176/10424 
f 2630/1720/10425 2631/1721/10426 2647/1722/10427 2646/1735/10428 
f 2631/1721/10429 2632/1736/10430 2648/1737/10431 2647/1722/10432 
f 2632/1736/10433 2633/1738/10434 2649/1765/10435 2648/1737/10436 
f 2633/1738/10437 2618/1766/10438 2634/1767/10439 2649/1765/10440 
f 2634/1755/10441 2635/1753/10442 2651/1797/10443 2650/1808/10444 
f 2635/1753/10445 2636/1774/10446 2652/1809/10447 2651/1797/10448 
f 2636/1774/10449 2637/1776/10450 2653/1810/10451 2652/1809/10452 
f 2637/1776/10453 2638/1778/10454 2654/1811/10455 2653/1810/10456 
f 2638/1778/10457 2639/1780/10458 2655/1812/10459 2654/1811/10460 
f 2639/1780/10461 2640/1792/10462 2656/1813/10463 2655/1812/10464 
f 2640/1792/10465 2641/1794/10466 2657/1814/10467 2656/1813/10468 
f 2641/1794/10469 2642/1796/10470 2658/1825/10471 2657/1814/10472 
f 2642/1174/10473 2643/1173/10474 2659/1191/10475 2658/1192/10476 
f 2643/1173/10477 2644/1176/10478 2660/1193/10479 2659/1191/10480 
f 2644/1176/10481 2645/1190/10482 2661/1206/10483 2660/1193/10484 
f 2646/1735/10485 2647/1722/10486 2663/1768/10487 2662/1769/10488 
f 2647/1722/10489 2648/1737/10490 2664/1770/10491 2663/1768/10492 
f 2648/1737/10493 2649/1765/10494 2665/1771/10495 2664/1770/10496 
f 2649/1765/10497 2634/1767/10498 2650/1772/10499 2665/1771/10500 
f 2650/1808/10501 2651/1797/10502 2667/1826/10503 2666/1827/10504 
f 2651/1797/10505 2652/1809/10506 2668/1828/10507 2667/1826/10508 
f 2652/1809/10509 2653/1810/10510 2669/1829/10511 2668/1828/10512 
f 2653/1810/10513 2654/1811/10514 2670/1830/10515 2669/1829/10516 
f 2654/1811/10517 2655/1812/10518 2671/1831/10519 2670/1830/10520 
f 2655/1812/10521 2656/1813/10522 2672/1842/10523 2671/1831/10524 
f 2656/1813/10525 2657/1814/10526 2673/1843/10527 2672/1842/10528 
f 2657/1814/10529 2658/1825/10530 2674/1844/10531 2673/1843/10532 
f 2658/1192/10533 2659/1191/10534 2675/1207/10535 2674/1208/10536 
f 2659/1191/10537 2660/1193/10538 2676/1209/10539 2675/1207/10540 
f 2660/1193/10541 2661/1206/10542 2677/1210/10543 2676/1209/10544 
f 2662/1769/10545 2663/1768/10546 2679/1787/10547 2678/1788/10548 
f 2663/1768/10549 2664/1770/10550 2680/1789/10551 2679/1787/10552 
f 2664/1770/10553 2665/1771/10554 2681/1790/10555 2680/1789/10556 
f 2665/1771/10557 2650/1772/10558 2666/1804/10559 2681/1790/10560 
f 2666/1827/10561 2667/1826/10562 2683/1845/10563 2682/1846/10564 
f 2667/1826/10565 2668/1828/10566 2684/1847/10567 2683/1845/10568 
f 2668/1828/10569 2669/1829/10570 2685/1848/10571 2684/1847/10572 
f 2669/1829/10573 2670/1830/10574 2686/1859/10575 2685/1848/10576 
f 2670/1830/10577 2671/1831/10578 2687/1860/10579 2686/1859/10580 
f 2671/1831/10581 2672/1842/10582 2688/1861/10583 2687/1860/10584 
f 2672/1842/10585 2673/1843/10586 2689/1862/10587 2688/1861/10588 
f 2673/1843/10589 2674/1844/10590 2690/1863/10591 2689/1862/10592 
f 2674/1208/10593 2675/1207/10594 2691/1227/10595 2690/1696/10596 
f 2675/1207/10597 2676/1209/10598 2692/1697/10599 2691/1227/10600 
f 2676/1209/10601 2677/1210/10602 2693/1698/10603 2692/1697/10604 
f 2678/1788/10605 2679/1787/10606 2695/1805/10607 2694/1806/10608 
f 2679/1787/10609 2680/1789/10610 2696/1807/10611 2695/1805/10612 
f 2680/1789/10613 2681/1790/10614 2697/1820/10615 2696/1807/10616 
f 2681/1790/10617 2666/1804/10618 2682/1821/10619 2697/1820/10620 
f 2682/1846/10621 2683/1845/10622 2699/1864/10623 2698/1866/10624 
f 2683/1845/10625 2684/1847/10626 2700/1876/10627 2699/1864/10628 
f 2684/1847/10629 2685/1848/10630 2701/1877/10631 2700/1876/10632 
f 2685/1848/10633 2686/1859/10634 2702/1878/10635 2701/1877/10636 
f 2686/1859/10637 2687/1860/10638 2703/1879/10639 2702/1878/10640 
f 2687/1860/10641 2688/1861/10642 2704/1880/10643 2703/1879/10644 
f 2688/1861/10645 2689/1862/10646 2705/1881/10647 2704/1880/10648 
f 2689/1862/10649 2690/1863/10650 2706/1882/10651 2705/1881/10652 
f 2690/1696/10653 2691/1227/10654 2707/1699/10655 2706/1700/10656 
f 2691/1227/10657 2692/1697/10658 2708/1712/10659 2707/1699/10660 
f 2692/1697/10661 2693/1698/10662 2709/1714/10663 2708/1712/10664 
f 2694/1806/10665 2695/1805/10666 2711/1822/10667 2710/1823/10668 
f 2695/1805/10669 2696/1807/10670 2712/1824/10671 2711/1822/10672 
f 2696/1807/10673 2697/1820/10674 2713/1837/10675 2712/1824/10676 
f 2697/1820/10677 2682/1821/10678 2698/1838/10679 2713/1837/10680 
f 2698/1866/10681 2699/1864/10682 2715/1889/10683 2714/1890/10684 
f 2699/1864/10685 2700/1876/10686 2716/1891/10687 2715/1889/10688 
f 2700/1876/10689 2701/1877/10690 2717/1892/10691 2716/1891/10692 
f 2701/1877/10693 2702/1878/10694 2718/1893/10695 2717/1892/10696 
f 2702/1878/10697 2703/1879/10698 2719/1894/10699 2718/1893/10700 
f 2703/1879/10701 2704/1880/10702 2720/1895/10703 2719/1894/10704 
f 2704/1880/10705 2705/1881/10706 2721/1900/10707 2720/1895/10708 
f 2705/1881/10709 2706/1882/10710 2722/1901/10711 2721/1900/10712 
f 2706/1700/10713 2707/1699/10714 2723/1715/10715 2722/1716/10716 
f 2707/1699/10717 2708/1712/10718 2724/1717/10719 2723/1715/10720 
f 2708/1712/10721 2709/1714/10722 2725/1730/10723 2724/1717/10724 
f 2710/1823/10725 2711/1822/10726 2727/1839/10727 2726/1840/10728 
f 2711/1822/10729 2712/1824/10730 2728/1841/10731 2727/1839/10732 
f 2712/1824/10733 2713/1837/10734 2729/1854/10735 2728/1841/10736 
f 2713/1837/10737 2698/1838/10738 2714/1855/10739 2729/1854/10740 
f 2714/1890/10741 2715/1889/10742 2731/1902/10743 2730/1903/10744 
f 2715/1889/10745 2716/1891/10746 2732/1904/10747 2731/1902/10748 
f 2716/1891/10749 2717/1892/10750 2733/1905/10751 2732/1904/10752 
f 2717/1892/10753 2718/1893/10754 2734/1906/10755 2733/1905/10756 
f 2718/1893/10757 2719/1894/10758 2735/1911/10759 2734/1906/10760 
f 2719/1894/10761 2720/1895/10762 2736/1912/10763 2735/1911/10764 
f 2720/1895/10765 2721/1900/10766 2737/1913/10767 2736/1912/10768 
f 2721/1900/10769 2722/1901/10770 2738/1914/10771 2737/1913/10772 
f 2722/1716/10773 2723/1715/10774 2739/1732/10775 2738/1733/10776 
f 2723/1715/10777 2724/1717/10778 2740/1734/10779 2739/1732/10780 
f 2724/1717/10781 2725/1730/10782 2741/1754/10783 2740/1734/10784 
f 2726/1840/10785 2727/1839/10786 2743/1856/10787 2742/1857/10788 
f 2727/1839/10789 2728/1841/10790 2744/1858/10791 2743/1856/10792 
f 2728/1841/10793 2729/1854/10794 2745/1871/10795 2744/1858/10796 
f 2729/1854/10797 2714/1855/10798 2730/1872/10799 2745/1871/10800 
f 2730/1903/10801 2731/1902/10802 2747/3817/10803 2746/3818/10804 
f 2731/1902/10805 2732/1904/10806 2748/3819/10807 2747/3817/10808 
f 2732/1904/10809 2733/1905/10810 2749/3824/10811 2748/3819/10812 
f 2733/1905/10813 2734/1906/10814 2750/3825/10815 2749/3824/10816 
f 2734/1906/10817 2735/1911/10818 2751/3826/10819 2750/3825/10820 
f 2735/1911/10821 2736/1912/10822 2752/3827/10823 2751/3826/10824 
f 2736/1912/10825 2737/1913/10826 2753/3828/10827 2752/3827/10828 
f 2737/1913/10829 2738/1914/10830 2754/3829/10831 2753/3828/10832 
f 2738/1733/10833 2739/1732/10834 2755/1756/10835 2754/1757/10836 
f 2739/1732/10837 2740/1734/10838 2756/1758/10839 2755/1756/10840 
f 2740/1734/10841 2741/1754/10842 2757/1759/10843 2756/1758/10844 
f 2742/1857/10845 2743/1856/10846 2758/1873/10847 3182/1874/10848 
f 2743/1856/10849 2744/1858/10850 2759/1875/10851 2758/1873/10852 
f 2744/1858/10853 2745/1871/10854 2760/1885/10855 2759/1875/10856 
f 2745/1871/10857 2730/1872/10858 2746/1886/10859 2760/1885/10860 
f 2746/3818/10861 2747/3817/10862 2762/3830/10863 2761/3831/10864 
f 2747/3817/10865 2748/3819/10866 2763/3916/10867 2762/3830/10868 
f 2748/3819/10869 2749/3824/10870 2764/3917/10871 2763/3916/10872 
f 2749/3824/10873 2750/3825/10874 2765/3918/10875 2764/3917/10876 
f 2750/3825/10877 2751/3826/10878 2766/3919/10879 2765/3918/10880 
f 2751/3826/10881 2752/3827/10882 2767/3920/10883 2766/3919/10884 
f 2752/3827/10885 2753/3828/10886 2768/3921/10887 2767/3920/10888 
f 2753/3828/10889 2754/3829/10890 2769/3922/10891 2768/3921/10892 
f 2754/1757/10893 2755/1756/10894 2770/1760/10895 2769/1761/10896 
f 2755/1756/10897 2756/1758/10898 2771/1762/10899 2770/1760/10900 
f 2756/1758/10901 2757/1759/10902 2772/1763/10903 2771/1762/10904 
f 3182/1874/10905 2758/1873/10906 2773/1887/10907 3184/1888/10908 
f 2758/1873/10909 2759/1875/10910 2774/1896/10911 2773/1887/10912 
f 2759/1875/10913 2760/1885/10914 2775/1897/10915 2774/1896/10916 
f 2760/1885/10917 2746/1886/10918 2761/1898/10919 2775/1897/10920 
f 2761/3831/10921 2762/3830/10922 2777/3923/10923 2776/3924/10924 
f 2762/3830/10925 2763/3916/10926 2778/3925/10927 2777/3923/10928 
f 2763/3916/10929 2764/3917/10930 2779/3926/10931 2778/3925/10932 
f 2764/3917/10933 2765/3918/10934 2780/3927/10935 2779/3926/10936 
f 2765/3918/10937 2766/3919/10938 2781/3928/10939 2780/3927/10940 
f 2766/3919/10941 2767/3920/10942 2782/3929/10943 2781/3928/10944 
f 2767/3920/10945 2768/3921/10946 2783/3930/10947 2782/3929/10948 
f 2768/3921/10949 2769/3922/10950 2784/3931/10951 2783/3930/10952 
f 2769/1761/10953 2770/1760/10954 2785/1764/10955 2784/1781/10956 
f 2770/1760/10957 2771/1762/10958 2786/1782/10959 2785/1764/10960 
f 2771/1762/10961 2772/1763/10962 2787/1783/10963 2786/1782/10964 
f 3184/1888/10965 2773/1887/10966 2788/1899/10967 3186/1907/10968 
f 2773/1887/10969 2774/1896/10970 2789/1908/10971 2788/1899/10972 
f 2774/1896/10973 2775/1897/10974 2790/1909/10975 2789/1908/10976 
f 2775/1897/10977 2761/1898/10978 2776/1910/10979 2790/1909/10980 
f 2776/3924/10981 2777/3923/10982 2792/3932/10983 2791/3933/10984 
f 2777/3923/10985 2778/3925/10986 2793/3934/10987 2792/3932/10988 
f 2778/3925/10989 2779/3926/10990 2794/3935/10991 2793/3934/10992 
f 2779/3926/10993 2780/3927/10994 2795/3936/10995 2794/3935/10996 
f 2780/3927/10997 2781/3928/10998 2796/3937/10999 2795/3936/11000 
f 2781/3928/11001 2782/3929/11002 2797/3938/11003 2796/3937/11004 
f 2782/3929/11005 2783/3930/11006 2798/3939/11007 2797/3938/11008 
f 2783/3930/11009 2784/3931/11010 2799/3940/11011 2798/3939/11012 
f 2784/1781/11013 2785/1764/11014 2800/1784/11015 2799/1785/11016 
f 2785/1764/11017 2786/1782/11018 2801/1786/11019 2800/1784/11020 
f 2786/1782/11021 2787/1783/11022 2802/1798/11023 2801/1786/11024 
f 3186/1907/11025 2788/1899/11026 2803/3820/11027 3188/3821/11028 
f 2788/1899/11029 2789/1908/11030 2804/3822/11031 2803/3820/11032 
f 2789/1908/11033 2790/1909/11034 2805/3823/11035 2804/3822/11036 
f 2790/1909/11037 2776/1910/11038 2791/3832/11039 2805/3823/11040 
f 2791/3933/11041 2792/3932/11042 2807/3941/11043 2806/3942/11044 
f 2792/3932/11045 2793/3934/11046 2808/3943/11047 2807/3941/11048 
f 2793/3934/11049 2794/3935/11050 2809/3944/11051 2808/3943/11052 
f 2794/3935/11053 2795/3936/11054 2810/3945/11055 2809/3944/11056 
f 2795/3936/11057 2796/3937/11058 2811/3946/11059 2810/3945/11060 
f 2796/3937/11061 2797/3938/11062 2812/3947/11063 2811/3946/11064 
f 2797/3938/11065 2798/3939/11066 2813/3948/11067 2812/3947/11068 
f 2798/3939/11069 2799/3940/11070 2814/3949/11071 2813/3948/11072 
f 2799/1785/11073 2800/1784/11074 2815/1799/11075 2814/1800/11076 
f 2800/1784/11077 2801/1786/11078 2816/1801/11079 2815/1799/11080 
f 2801/1786/11081 2802/1798/11082 2817/1802/11083 2816/1801/11084 
f 3188/3821/11085 2803/3820/11086 2818/3833/11087 3190/3834/11088 
f 2803/3820/11089 2804/3822/11090 2819/3835/11091 2818/3833/11092 
f 2804/3822/11093 2805/3823/11094 2820/3836/11095 2819/3835/11096 
f 2805/3823/11097 2791/3832/11098 2806/3968/11099 2820/3836/11100 
f 2806/3942/11101 2807/3941/11102 2822/3950/11103 2821/3951/11104 
f 2807/3941/11105 2808/3943/11106 2823/3952/11107 2822/3950/11108 
f 2808/3943/11109 2809/3944/11110 2824/3953/11111 2823/3952/11112 
f 2809/3944/11113 2810/3945/11114 2825/3954/11115 2824/3953/11116 
f 2810/3945/11117 2811/3946/11118 2826/3955/11119 2825/3954/11120 
f 2811/3946/11121 2812/3947/11122 2827/3956/11123 2826/3955/11124 
f 2812/3947/11125 2813/3948/11126 2828/3957/11127 2827/3956/11128 
f 2813/3948/11129 2814/3949/11130 2829/3958/11131 2828/3957/11132 
f 2814/1800/11133 2815/1799/11134 2830/1803/11135 2829/1815/11136 
f 2815/1799/11137 2816/1801/11138 2831/1816/11139 2830/1803/11140 
f 2816/1801/11141 2817/1802/11142 2832/1817/11143 2831/1816/11144 
f 3190/3834/11145 2818/3833/11146 2833/3969/11147 3192/3970/11148 
f 2818/3833/11149 2819/3835/11150 2834/3971/11151 2833/3969/11152 
f 2819/3835/11153 2820/3836/11154 2835/3972/11155 2834/3971/11156 
f 2820/3836/11157 2806/3968/11158 2821/3973/11159 2835/3972/11160 
f 2821/3951/11161 2822/3950/11162 2837/3959/11163 2836/3960/11164 
f 2822/3950/11165 2823/3952/11166 2838/3961/11167 2837/3959/11168 
f 2823/3952/11169 2824/3953/11170 2839/3962/11171 2838/3961/11172 
f 2824/3953/11173 2825/3954/11174 2840/3963/11175 2839/3962/11176 
f 2825/3954/11177 2826/3955/11178 2841/3964/11179 2840/3963/11180 
f 2826/3955/11181 2827/3956/11182 2842/3965/11183 2841/3964/11184 
f 2827/3956/11185 2828/3957/11186 2843/3966/11187 2842/3965/11188 
f 2828/3957/11189 2829/3958/11190 2844/3967/11191 2843/3966/11192 
f 2829/1815/11193 2830/1803/11194 2845/1818/11195 2844/1819/11196 
f 2830/1803/11197 2831/1816/11198 2846/1832/11199 2845/1818/11200 
f 2831/1816/11201 2832/1817/11202 2847/1833/11203 2846/1832/11204 
f 3192/3970/11205 2833/3969/11206 2848/3974/11207 3194/3975/11208 
f 2833/3969/11209 2834/3971/11210 2849/3976/11211 2848/3974/11212 
f 2834/3971/11213 2835/3972/11214 2850/3977/11215 2849/3976/11216 
f 2835/3972/11217 2821/3973/11218 2836/3978/11219 2850/3977/11220 
f 2836/3960/11221 2837/3959/11222 1922/962/11223 1921/961/11224 
f 2837/3959/11225 2838/3961/11226 1923/965/11227 1922/962/11228 
f 2838/3961/11229 2839/3962/11230 1924/967/11231 1923/965/11232 
f 2839/3962/11233 2840/3963/11234 1925/969/11235 1924/967/11236 
f 2840/3963/11237 2841/3964/11238 1926/971/11239 1925/969/11240 
f 2841/3964/11241 2842/3965/11242 1927/973/11243 1926/971/11244 
f 2842/3965/11245 2843/3966/11246 1928/975/11247 1927/973/11248 
f 2843/3966/11249 2844/3967/11250 1929/995/11251 1928/975/11252 
f 2844/1819/11253 2845/1818/11254 1930/978/11255 1929/976/11256 
f 2845/1818/11257 2846/1832/11258 1931/981/11259 1930/978/11260 
f 2846/1832/11261 2847/1833/11262 1932/983/11263 1931/981/11264 
f 3194/3975/11265 2848/3974/11266 1933/988/11267 3107/987/11268 
f 2848/3974/11269 2849/3976/11270 1934/991/11271 1933/988/11272 
f 2849/3976/11273 2850/3977/11274 1935/993/11275 1934/991/11276 
f 2850/3977/11277 2836/3978/11278 1921/1009/11279 1935/993/11280 
s 2
f 1947/1915/11281 1932/1916/11282 3073/1917/11283 2851/1918/11284 
f 1962/1919/11285 1947/1915/11286 2851/1918/11287 2852/1920/11288 
f 1977/1921/11289 1962/1919/11290 2852/1920/11291 3074/1922/11292 
f 1992/1923/11293 1977/1921/11294 3074/1922/11295 3075/1924/11296 
f 2007/1925/11297 1992/1923/11298 3075/1924/11299 2853/1926/11300 
f 2022/1927/11301 2007/1925/11302 2853/1926/11303 2854/1928/11304 
f 2037/1929/11305 2022/1927/11306 2854/1928/11307 2855/1930/11308 
f 2052/1931/11309 2037/1929/11310 2855/1930/11311 3076/1932/11312 
f 2067/1933/11313 2052/1931/11314 3076/1932/11315 3077/1934/11316 
f 2082/1935/11317 2067/1933/11318 3077/1934/11319 3078/1936/11320 
f 2097/1937/11321 2082/1935/11322 3078/1936/11323 2856/1938/11324 
f 2112/1939/11325 2097/1937/11326 2856/1938/11327 2857/1940/11328 
f 2127/1941/11329 2112/1939/11330 2857/1940/11331 3079/1942/11332 
f 2142/1943/11333 2127/1941/11334 3079/1942/11335 2858/1944/11336 
f 2157/1945/11337 2142/1943/11338 2858/1944/11339 2859/1946/11340 
f 2172/1947/11341 2157/1945/11342 2859/1946/11343 2860/1948/11344 
f 2187/1949/11345 2172/1947/11346 2860/1948/11347 2861/1950/11348 
f 2202/1951/11349 2187/1949/11350 2861/1950/11351 3080/1952/11352 
f 2217/1953/11353 2202/1951/11354 3080/1952/11355 2862/1954/11356 
f 2232/1955/11357 2217/1953/11358 2862/1954/11359 3081/1956/11360 
f 2247/1957/11361 2232/1955/11362 3081/1956/11363 2863/1958/11364 
f 2262/1959/11365 2247/1957/11366 2863/1958/11367 3082/1960/11368 
f 2277/1961/11369 2262/1959/11370 3082/1960/11371 3083/1962/11372 
f 2293/1963/11373 2277/1961/11374 3083/1962/11375 3084/1964/11376 
f 2309/1965/11377 2293/1963/11378 3084/1964/11379 2864/1966/11380 
f 2325/1967/11381 2309/1965/11382 2864/1966/11383 2865/1968/11384 
f 2341/1969/11385 2325/1967/11386 2865/1968/11387 3085/1970/11388 
f 2357/1971/11389 2341/1969/11390 3085/1970/11391 2866/1972/11392 
f 2373/1973/11393 2357/1971/11394 2866/1972/11395 3086/1974/11396 
f 2389/1975/11397 2373/1973/11398 3086/1974/11399 3087/1976/11400 
f 2405/1977/11401 2389/1975/11402 3087/1976/11403 3088/1978/11404 
f 2421/1979/11405 2405/1977/11406 3088/1978/11407 3089/1980/11408 
f 2437/1981/11409 2421/1979/11410 3089/1980/11411 3090/1982/11412 
f 2453/1983/11413 2437/1981/11414 3090/1982/11415 3091/1984/11416 
f 2469/1985/11417 2453/1983/11418 3091/1984/11419 3092/1986/11420 
f 2485/1987/11421 2469/1985/11422 3092/1986/11423 3093/1988/11424 
f 2501/1989/11425 2485/1987/11426 3093/1988/11427 2867/1990/11428 
f 2517/1991/11429 2501/1989/11430 2867/1990/11431 3094/1992/11432 
f 2533/1993/11433 2517/1991/11434 3094/1992/11435 2868/1994/11436 
f 2549/1995/11437 2533/1993/11438 2868/1994/11439 3095/1996/11440 
f 2565/1997/11441 2549/1995/11442 3095/1996/11443 2869/1998/11444 
f 2581/1999/11445 2565/1997/11446 2869/1998/11447 2870/2000/11448 
f 2597/2001/11449 2581/1999/11450 2870/2000/11451 3096/2002/11452 
f 2613/2003/11453 2597/2001/11454 3096/2002/11455 3097/2004/11456 
f 2629/2005/11457 2613/2003/11458 3097/2004/11459 3098/2006/11460 
f 2645/2007/11461 2629/2005/11462 3098/2006/11463 3099/2008/11464 
f 2661/2009/11465 2645/2007/11466 3099/2008/11467 3100/2010/11468 
f 2677/2011/11469 2661/2009/11470 3100/2010/11471 2871/2012/11472 
f 2693/2013/11473 2677/2011/11474 2871/2012/11475 2872/2014/11476 
f 2709/2015/11477 2693/2013/11478 2872/2014/11479 2873/2016/11480 
f 2725/2017/11481 2709/2015/11482 2873/2016/11483 2874/2018/11484 
f 2741/2019/11485 2725/2017/11486 2874/2018/11487 3101/2020/11488 
f 2757/2021/11489 2741/2019/11490 3101/2020/11491 2875/2022/11492 
f 2772/2023/11493 2757/2021/11494 2875/2022/11495 3102/2024/11496 
f 2787/2025/11497 2772/2023/11498 3102/2024/11499 3103/2026/11500 
f 2802/2027/11501 2787/2025/11502 3103/2026/11503 3104/2028/11504 
f 2817/2029/11505 2802/2027/11506 3104/2028/11507 3105/2030/11508 
f 2832/2031/11509 2817/2029/11510 3105/2030/11511 2876/2032/11512 
f 2847/2033/11513 2832/2031/11514 2876/2032/11515 2877/2034/11516 
f 1932/1916/11517 2847/2033/11518 2877/2034/11519 3073/1917/11520 
f 2884/2035/11521 2885/2036/11522 2900/2037/11523 2901/2038/11524 
f 2886/2039/11525 2885/2036/11526 2915/2040/11527 2916/2041/11528 
f 2929/2042/11529 2930/2043/11530 2915/2040/11531 2914/2044/11532 
f 2944/2045/11533 2945/2046/11534 2900/2037/11535 2899/2047/11536 
f 2946/2048/11537 2945/2046/11538 2960/2049/11539 2961/2050/11540 
f 2931/2051/11541 2930/2043/11542 2975/2052/11543 2976/2053/11544 
f 2961/2050/11545 2960/2049/11546 2990/2054/11547 2991/2055/11548 
f 2976/2053/11549 2975/2052/11550 3005/2056/11551 3006/2057/11552 
f 2991/2055/11553 2990/2054/11554 3020/2058/11555 3021/2059/11556 
f 3006/2057/11557 3005/2056/11558 3035/2060/11559 3036/2061/11560 
f 3049/2062/11561 3050/2063/11562 3035/2060/11563 3034/2064/11564 
f 3064/2065/11565 3065/2066/11566 3020/2058/11567 3019/2067/11568 
f 2892/2068/11569 3073/1917/11570 2877/2034/11571 2893/2069/11572 
f 2891/2070/11573 2892/2068/11574 2893/2069/11575 2894/2071/11576 
f 2890/2072/11577 2891/2070/11578 2894/2071/11579 2895/2073/11580 
f 2889/2074/11581 2890/2072/11582 2895/2073/11583 2896/2075/11584 
f 2888/2076/11585 2889/2074/11586 2896/2075/11587 2897/2077/11588 
f 2887/2078/11589 2888/2076/11590 2897/2077/11591 2898/2079/11592 
f 2886/2039/11593 2887/2078/11594 2898/2079/11595 2899/2047/11596 
f 2885/2036/11597 2886/2039/11598 2899/2047/11599 2900/2037/11600 
f 2907/2080/11601 3088/1978/11602 3087/1976/11603 2878/2081/11604 
f 2906/2082/11605 2907/2080/11606 2878/2081/11607 2879/2083/11608 
f 2905/2084/11609 2906/2082/11610 2879/2083/11611 2880/2085/11612 
f 2904/2086/11613 2905/2084/11614 2880/2085/11615 2881/2087/11616 
f 2903/2088/11617 2904/2086/11618 2881/2087/11619 2882/2089/11620 
f 2902/2090/11621 2903/2088/11622 2882/2089/11623 2883/2091/11624 
f 2901/2038/11625 2902/2090/11626 2883/2091/11627 2884/2035/11628 
f 2878/2081/11629 3087/1976/11630 3086/1974/11631 2908/2092/11632 
f 2879/2083/11633 2878/2081/11634 2908/2092/11635 2909/2093/11636 
f 2880/2085/11637 2879/2083/11638 2909/2093/11639 2910/2094/11640 
f 2881/2087/11641 2880/2085/11642 2910/2094/11643 2911/2095/11644 
f 2882/2089/11645 2881/2087/11646 2911/2095/11647 2912/2096/11648 
f 2883/2091/11649 2882/2089/11650 2912/2096/11651 2913/2097/11652 
f 2884/2035/11653 2883/2091/11654 2913/2097/11655 2914/2044/11656 
f 2885/2036/11657 2884/2035/11658 2914/2044/11659 2915/2040/11660 
f 2922/2098/11661 2851/1918/11662 3073/1917/11663 2892/2068/11664 
f 2921/2099/11665 2922/2098/11666 2892/2068/11667 2891/2070/11668 
f 2920/2100/11669 2921/2099/11670 2891/2070/11671 2890/2072/11672 
f 2919/2101/11673 2920/2100/11674 2890/2072/11675 2889/2074/11676 
f 2918/2102/11677 2919/2101/11678 2889/2074/11679 2888/2076/11680 
f 2917/2103/11681 2918/2102/11682 2888/2076/11683 2887/2078/11684 
f 2916/2041/11685 2917/2103/11686 2887/2078/11687 2886/2039/11688 
f 2937/2104/11689 2852/1920/11690 2851/1918/11691 2922/2098/11692 
f 2936/2105/11693 2937/2104/11694 2922/2098/11695 2921/2099/11696 
f 2935/2106/11697 2936/2105/11698 2921/2099/11699 2920/2100/11700 
f 2934/2107/11701 2935/2106/11702 2920/2100/11703 2919/2101/11704 
f 2933/2108/11705 2934/2107/11706 2919/2101/11707 2918/2102/11708 
f 2932/2109/11709 2933/2108/11710 2918/2102/11711 2917/2103/11712 
f 2931/2051/11713 2932/2109/11714 2917/2103/11715 2916/2041/11716 
f 2930/2043/11717 2931/2051/11718 2916/2041/11719 2915/2040/11720 
f 2908/2092/11721 3086/1974/11722 2866/1972/11723 2923/2110/11724 
f 2909/2093/11725 2908/2092/11726 2923/2110/11727 2924/2111/11728 
f 2910/2094/11729 2909/2093/11730 2924/2111/11731 2925/2112/11732 
f 2911/2095/11733 2910/2094/11734 2925/2112/11735 2926/2113/11736 
f 2912/2096/11737 2911/2095/11738 2926/2113/11739 2927/2114/11740 
f 2913/2097/11741 2912/2096/11742 2927/2114/11743 2928/2115/11744 
f 2914/2044/11745 2913/2097/11746 2928/2115/11747 2929/2042/11748 
f 2952/2116/11749 3089/1980/11750 3088/1978/11751 2907/2080/11752 
f 2951/2117/11753 2952/2116/11754 2907/2080/11755 2906/2082/11756 
f 2950/2118/11757 2951/2117/11758 2906/2082/11759 2905/2084/11760 
f 2949/2119/11761 2950/2118/11762 2905/2084/11763 2904/2086/11764 
f 2948/2120/11765 2949/2119/11766 2904/2086/11767 2903/2088/11768 
f 2947/2121/11769 2948/2120/11770 2903/2088/11771 2902/2090/11772 
f 2946/2048/11773 2947/2121/11774 2902/2090/11775 2901/2038/11776 
f 2945/2046/11777 2946/2048/11778 2901/2038/11779 2900/2037/11780 
f 2893/2069/11781 2877/2034/11782 2876/2032/11783 2938/2122/11784 
f 2894/2071/11785 2893/2069/11786 2938/2122/11787 2939/2123/11788 
f 2895/2073/11789 2894/2071/11790 2939/2123/11791 2940/2124/11792 
f 2896/2075/11793 2895/2073/11794 2940/2124/11795 2941/2125/11796 
f 2897/2077/11797 2896/2075/11798 2941/2125/11799 2942/2126/11800 
f 2898/2079/11801 2897/2077/11802 2942/2126/11803 2943/2127/11804 
f 2899/2047/11805 2898/2079/11806 2943/2127/11807 2944/2045/11808 
f 2938/2122/11809 2876/2032/11810 3105/2030/11811 2953/2128/11812 
f 2939/2123/11813 2938/2122/11814 2953/2128/11815 2954/2129/11816 
f 2940/2124/11817 2939/2123/11818 2954/2129/11819 2955/2130/11820 
f 2941/2125/11821 2940/2124/11822 2955/2130/11823 2956/2131/11824 
f 2942/2126/11825 2941/2125/11826 2956/2131/11827 2957/2132/11828 
f 2943/2127/11829 2942/2126/11830 2957/2132/11831 2958/2133/11832 
f 2944/2045/11833 2943/2127/11834 2958/2133/11835 2959/2134/11836 
f 2945/2046/11837 2944/2045/11838 2959/2134/11839 2960/2049/11840 
f 2967/2135/11841 3090/1982/11842 3089/1980/11843 2952/2116/11844 
f 2966/2136/11845 2967/2135/11846 2952/2116/11847 2951/2117/11848 
f 2965/2137/11849 2966/2136/11850 2951/2117/11851 2950/2118/11852 
f 2964/2138/11853 2965/2137/11854 2950/2118/11855 2949/2119/11856 
f 2963/2139/11857 2964/2138/11858 2949/2119/11859 2948/2120/11860 
f 2962/2140/11861 2963/2139/11862 2948/2120/11863 2947/2121/11864 
f 2961/2050/11865 2962/2140/11866 2947/2121/11867 2946/2048/11868 
f 2923/2110/11869 2866/1972/11870 3085/1970/11871 2968/2141/11872 
f 2924/2111/11873 2923/2110/11874 2968/2141/11875 2969/2142/11876 
f 2925/2112/11877 2924/2111/11878 2969/2142/11879 2970/2143/11880 
f 2926/2113/11881 2925/2112/11882 2970/2143/11883 2971/2144/11884 
f 2927/2114/11885 2926/2113/11886 2971/2144/11887 2972/2145/11888 
f 2928/2115/11889 2927/2114/11890 2972/2145/11891 2973/2146/11892 
f 2929/2042/11893 2928/2115/11894 2973/2146/11895 2974/2147/11896 
f 2930/2043/11897 2929/2042/11898 2974/2147/11899 2975/2052/11900 
f 2982/2148/11901 3074/1922/11902 2852/1920/11903 2937/2104/11904 
f 2981/2149/11905 2982/2148/11906 2937/2104/11907 2936/2105/11908 
f 2980/2150/11909 2981/2149/11910 2936/2105/11911 2935/2106/11912 
f 2979/2151/11913 2980/2150/11914 2935/2106/11915 2934/2107/11916 
f 2978/2152/11917 2979/2151/11918 2934/2107/11919 2933/2108/11920 
f 2977/2153/11921 2978/2152/11922 2933/2108/11923 2932/2109/11924 
f 2976/2053/11925 2977/2153/11926 2932/2109/11927 2931/2051/11928 
f 2953/2128/11929 3105/2030/11930 3104/2028/11931 2983/2154/11932 
f 2954/2129/11933 2953/2128/11934 2983/2154/11935 2984/2155/11936 
f 2955/2130/11937 2954/2129/11938 2984/2155/11939 2985/2156/11940 
f 2956/2131/11941 2955/2130/11942 2985/2156/11943 2986/2157/11944 
f 2957/2132/11945 2956/2131/11946 2986/2157/11947 2987/2158/11948 
f 2958/2133/11949 2957/2132/11950 2987/2158/11951 2988/2159/11952 
f 2959/2134/11953 2958/2133/11954 2988/2159/11955 2989/2160/11956 
f 2960/2049/11957 2959/2134/11958 2989/2160/11959 2990/2054/11960 
f 2997/2161/11961 3091/1984/11962 3090/1982/11963 2967/2135/11964 
f 2996/2162/11965 2997/2161/11966 2967/2135/11967 2966/2136/11968 
f 2995/2163/11969 2996/2162/11970 2966/2136/11971 2965/2137/11972 
f 2994/2164/11973 2995/2163/11974 2965/2137/11975 2964/2138/11976 
f 2993/2165/11977 2994/2164/11978 2964/2138/11979 2963/2139/11980 
f 2992/2166/11981 2993/2165/11982 2963/2139/11983 2962/2140/11984 
f 2991/2055/11985 2992/2166/11986 2962/2140/11987 2961/2050/11988 
f 2968/2141/11989 3085/1970/11990 2865/1968/11991 2998/2167/11992 
f 2969/2142/11993 2968/2141/11994 2998/2167/11995 2999/2168/11996 
f 2970/2143/11997 2969/2142/11998 2999/2168/11999 3000/2169/12000 
f 2971/2144/12001 2970/2143/12002 3000/2169/12003 3001/2170/12004 
f 2972/2145/12005 2971/2144/12006 3001/2170/12007 3002/2171/12008 
f 2973/2146/12009 2972/2145/12010 3002/2171/12011 3003/2172/12012 
f 2974/2147/12013 2973/2146/12014 3003/2172/12015 3004/2173/12016 
f 2975/2052/12017 2974/2147/12018 3004/2173/12019 3005/2056/12020 
f 3012/2174/12021 3075/1924/12022 3074/1922/12023 2982/2148/12024 
f 3011/2175/12025 3012/2174/12026 2982/2148/12027 2981/2149/12028 
f 3010/2176/12029 3011/2175/12030 2981/2149/12031 2980/2150/12032 
f 3009/2177/12033 3010/2176/12034 2980/2150/12035 2979/2151/12036 
f 3008/2178/12037 3009/2177/12038 2979/2151/12039 2978/2152/12040 
f 3007/2179/12041 3008/2178/12042 2978/2152/12043 2977/2153/12044 
f 3006/2057/12045 3007/2179/12046 2977/2153/12047 2976/2053/12048 
f 2983/2154/12049 3104/2028/12050 3103/2026/12051 3013/2180/12052 
f 2984/2155/12053 2983/2154/12054 3013/2180/12055 3014/2181/12056 
f 2985/2156/12057 2984/2155/12058 3014/2181/12059 3015/2182/12060 
f 2986/2157/12061 2985/2156/12062 3015/2182/12063 3016/2183/12064 
f 2987/2158/12065 2986/2157/12066 3016/2183/12067 3017/2184/12068 
f 2988/2159/12069 2987/2158/12070 3017/2184/12071 3018/2185/12072 
f 2989/2160/12073 2988/2159/12074 3018/2185/12075 3019/2067/12076 
f 2990/2054/12077 2989/2160/12078 3019/2067/12079 3020/2058/12080 
f 3027/2186/12081 3092/1986/12082 3091/1984/12083 2997/2161/12084 
f 3026/2187/12085 3027/2186/12086 2997/2161/12087 2996/2162/12088 
f 3025/2188/12089 3026/2187/12090 2996/2162/12091 2995/2163/12092 
f 3024/2189/12093 3025/2188/12094 2995/2163/12095 2994/2164/12096 
f 3023/2190/12097 3024/2189/12098 2994/2164/12099 2993/2165/12100 
f 3022/2191/12101 3023/2190/12102 2993/2165/12103 2992/2166/12104 
f 3021/2059/12105 3022/2191/12106 2992/2166/12107 2991/2055/12108 
f 2998/2167/12109 2865/1968/12110 2864/1966/12111 3028/2192/12112 
f 2999/2168/12113 2998/2167/12114 3028/2192/12115 3029/2193/12116 
f 3000/2169/12117 2999/2168/12118 3029/2193/12119 3030/2194/12120 
f 3001/2170/12121 3000/2169/12122 3030/2194/12123 3031/2195/12124 
f 3002/2171/12125 3001/2170/12126 3031/2195/12127 3032/2196/12128 
f 3003/2172/12129 3002/2171/12130 3032/2196/12131 3033/2197/12132 
f 3004/2173/12133 3003/2172/12134 3033/2197/12135 3034/2064/12136 
f 3005/2056/12137 3004/2173/12138 3034/2064/12139 3035/2060/12140 
f 3042/2198/12141 2853/1926/12142 3075/1924/12143 3012/2174/12144 
f 3041/2199/12145 3042/2198/12146 3012/2174/12147 3011/2175/12148 
f 3040/2200/12149 3041/2199/12150 3011/2175/12151 3010/2176/12152 
f 3039/2201/12153 3040/2200/12154 3010/2176/12155 3009/2177/12156 
f 3038/2202/12157 3039/2201/12158 3009/2177/12159 3008/2178/12160 
f 3037/2203/12161 3038/2202/12162 3008/2178/12163 3007/2179/12164 
f 3036/2061/12165 3037/2203/12166 3007/2179/12167 3006/2057/12168 
f 3057/2204/12169 2854/1928/12170 2853/1926/12171 3042/2198/12172 
f 3056/2205/12173 3057/2204/12174 3042/2198/12175 3041/2199/12176 
f 3055/2206/12177 3056/2205/12178 3041/2199/12179 3040/2200/12180 
f 3054/2207/12181 3055/2206/12182 3040/2200/12183 3039/2201/12184 
f 3053/2208/12185 3054/2207/12186 3039/2201/12187 3038/2202/12188 
f 3052/2209/12189 3053/2208/12190 3038/2202/12191 3037/2203/12192 
f 3051/2210/12193 3052/2209/12194 3037/2203/12195 3036/2061/12196 
f 3050/2063/12197 3051/2210/12198 3036/2061/12199 3035/2060/12200 
f 3028/2192/12201 2864/1966/12202 3084/1964/12203 3043/2211/12204 
f 3029/2193/12205 3028/2192/12206 3043/2211/12207 3044/2212/12208 
f 3030/2194/12209 3029/2193/12210 3044/2212/12211 3045/2213/12212 
f 3031/2195/12213 3030/2194/12214 3045/2213/12215 3046/2214/12216 
f 3032/2196/12217 3031/2195/12218 3046/2214/12219 3047/2215/12220 
f 3033/2197/12221 3032/2196/12222 3047/2215/12223 3048/2216/12224 
f 3034/2064/12225 3033/2197/12226 3048/2216/12227 3049/2062/12228 
f 3072/2217/12229 3093/1988/12230 3092/1986/12231 3027/2186/12232 
f 3071/2218/12233 3072/2217/12234 3027/2186/12235 3026/2187/12236 
f 3070/2219/12237 3071/2218/12238 3026/2187/12239 3025/2188/12240 
f 3069/2220/12241 3070/2219/12242 3025/2188/12243 3024/2189/12244 
f 3068/2221/12245 3069/2220/12246 3024/2189/12247 3023/2190/12248 
f 3067/2222/12249 3068/2221/12250 3023/2190/12251 3022/2191/12252 
f 3066/2223/12253 3067/2222/12254 3022/2191/12255 3021/2059/12256 
f 3065/2066/12257 3066/2223/12258 3021/2059/12259 3020/2058/12260 
f 3013/2180/12261 3103/2026/12262 3102/2024/12263 3058/2224/12264 
f 3014/2181/12265 3013/2180/12266 3058/2224/12267 3059/2225/12268 
f 3015/2182/12269 3014/2181/12270 3059/2225/12271 3060/2226/12272 
f 3016/2183/12273 3015/2182/12274 3060/2226/12275 3061/2227/12276 
f 3017/2184/12277 3016/2183/12278 3061/2227/12279 3062/2228/12280 
f 3018/2185/12281 3017/2184/12282 3062/2228/12283 3063/2229/12284 
f 3019/2067/12285 3018/2185/12286 3063/2229/12287 3064/2065/12288 
f 3076/1932/12289 2855/1930/12290 2854/1928/12291 3057/2204/12292 
f 3077/1934/12293 3076/1932/12294 3057/2204/12295 3056/2205/12296 
f 3056/2205/12297 3055/2206/12298 3078/1936/12299 3077/1934/12300 
f 2856/1938/12301 3078/1936/12302 3055/2206/12303 3054/2207/12304 
f 2857/1940/12305 2856/1938/12306 3054/2207/12307 3053/2208/12308 
f 3079/1942/12309 2857/1940/12310 3053/2208/12311 3052/2209/12312 
f 3052/2209/12313 3051/2210/12314 2858/1944/12315 3079/1942/12316 
f 2859/1946/12317 2858/1944/12318 3051/2210/12319 3050/2063/12320 
f 2860/1948/12321 2859/1946/12322 3050/2063/12323 3049/2062/12324 
f 3049/2062/12325 3048/2216/12326 2861/1950/12327 2860/1948/12328 
f 3080/1952/12329 2861/1950/12330 3048/2216/12331 3047/2215/12332 
f 3047/2215/12333 3046/2214/12334 2862/1954/12335 3080/1952/12336 
f 3081/1956/12337 2862/1954/12338 3046/2214/12339 3045/2213/12340 
f 3045/2213/12341 3044/2212/12342 2863/1958/12343 3081/1956/12344 
f 3082/1960/12345 2863/1958/12346 3044/2212/12347 3043/2211/12348 
f 3043/2211/12349 3084/1964/12350 3083/1962/12351 3082/1960/12352 
f 3094/1992/12353 2867/1990/12354 3093/1988/12355 3072/2217/12356 
f 3072/2217/12357 3071/2218/12358 2868/1994/12359 3094/1992/12360 
f 3095/1996/12361 2868/1994/12362 3071/2218/12363 3070/2219/12364 
f 3070/2219/12365 3069/2220/12366 2869/1998/12367 3095/1996/12368 
f 2870/2000/12369 2869/1998/12370 3069/2220/12371 3068/2221/12372 
f 3068/2221/12373 3067/2222/12374 3096/2002/12375 2870/2000/12376 
f 3097/2004/12377 3096/2002/12378 3067/2222/12379 3066/2223/12380 
f 3066/2223/12381 3065/2066/12382 3098/2006/12383 3097/2004/12384 
f 3099/2008/12385 3098/2006/12386 3065/2066/12387 3064/2065/12388 
f 3064/2065/12389 3063/2229/12390 3100/2010/12391 3099/2008/12392 
f 2871/2012/12393 3100/2010/12394 3063/2229/12395 3062/2228/12396 
f 3062/2228/12397 3061/2227/12398 2872/2014/12399 2871/2012/12400 
f 3061/2227/12401 3060/2226/12402 2873/2016/12403 2872/2014/12404 
f 2874/2018/12405 2873/2016/12406 3060/2226/12407 3059/2225/12408 
f 3059/2225/12409 3058/2224/12410 3101/2020/12411 2874/2018/12412 
f 2875/2022/12413 3101/2020/12414 3058/2224/12415 3102/2024/12416 
f 3106/2230/12417 3109/2231/12418 3108/2232/12419 3107/2233/12420 
f 3110/2234/12421 3111/2235/12422 3109/2231/12423 3106/2230/12424 
f 3112/2236/12425 3113/2237/12426 3111/2235/12427 3110/2234/12428 
f 3114/2238/12429 3115/2239/12430 3113/2237/12431 3112/2236/12432 
f 3116/2240/12433 3117/2241/12434 3115/2239/12435 3114/2238/12436 
f 3118/2242/12437 3119/2243/12438 3117/2241/12439 3116/2240/12440 
f 3120/2244/12441 3121/2245/12442 3119/2243/12443 3118/2242/12444 
f 3122/2246/12445 3123/2247/12446 3121/2245/12447 3120/2244/12448 
f 3124/2248/12449 3125/2249/12450 3123/2247/12451 3122/2246/12452 
f 3126/2250/12453 3127/2251/12454 3125/2249/12455 3124/2248/12456 
f 3128/2252/12457 3129/2253/12458 3127/2251/12459 3126/2250/12460 
f 3130/2254/12461 3131/2255/12462 3129/2253/12463 3128/2252/12464 
f 3132/2256/12465 3133/2257/12466 3131/2255/12467 3130/2254/12468 
f 3134/2258/12469 3135/2259/12470 3133/2257/12471 3132/2256/12472 
f 3136/2260/12473 3137/2261/12474 3135/2259/12475 3134/2258/12476 
f 3138/2262/12477 3139/2263/12478 3137/2261/12479 3136/2260/12480 
f 3140/2264/12481 3141/2265/12482 3139/2263/12483 3138/2262/12484 
f 3142/2266/12485 3143/2267/12486 3141/2265/12487 3140/2264/12488 
f 3144/2268/12489 3145/2269/12490 3143/2267/12491 3142/2266/12492 
f 3146/2270/12493 3147/2271/12494 3145/2269/12495 3144/2268/12496 
f 3148/2272/12497 3149/2273/12498 3147/2271/12499 3146/2270/12500 
f 3150/2274/12501 3151/2275/12502 3149/2273/12503 3148/2272/12504 
f 2278/2276/12505 3152/2277/12506 3151/2275/12507 3150/2274/12508 
f 2294/2278/12509 3153/2279/12510 3152/2277/12511 2278/2276/12512 
f 2310/2280/12513 3154/2281/12514 3153/2279/12515 2294/2278/12516 
f 2326/2282/12517 3155/2283/12518 3154/2281/12519 2310/2280/12520 
f 2342/2284/12521 3156/2285/12522 3155/2283/12523 2326/2282/12524 
f 2358/2286/12525 3157/2287/12526 3156/2285/12527 2342/2284/12528 
f 2374/2288/12529 3158/2289/12530 3157/2287/12531 2358/2286/12532 
f 2390/2290/12533 3159/2291/12534 3158/2289/12535 2374/2288/12536 
f 2406/2292/12537 3160/2293/12538 3159/2291/12539 2390/2290/12540 
f 2422/2294/12541 3161/2295/12542 3160/2293/12543 2406/2292/12544 
f 2438/2296/12545 3162/2297/12546 3161/2295/12547 2422/2294/12548 
f 2454/2298/12549 3163/2299/12550 3162/2297/12551 2438/2296/12552 
f 2470/2300/12553 3164/2301/12554 3163/2299/12555 2454/2298/12556 
f 2486/2302/12557 3165/2303/12558 3164/2301/12559 2470/2300/12560 
f 2502/2304/12561 3166/2305/12562 3165/2303/12563 2486/2302/12564 
f 2518/2306/12565 3167/2307/12566 3166/2305/12567 2502/2304/12568 
f 2534/2308/12569 3168/2309/12570 3167/2307/12571 2518/2306/12572 
f 2550/2310/12573 3169/2311/12574 3168/2309/12575 2534/2308/12576 
f 2566/2312/12577 3170/2313/12578 3169/2311/12579 2550/2310/12580 
f 2582/2314/12581 3171/2315/12582 3170/2313/12583 2566/2312/12584 
f 2598/2316/12585 3172/2317/12586 3171/2315/12587 2582/2314/12588 
f 2614/2318/12589 3173/2319/12590 3172/2317/12591 2598/2316/12592 
f 2630/2320/12593 3174/2321/12594 3173/2319/12595 2614/2318/12596 
f 2646/2322/12597 3175/2323/12598 3174/2321/12599 2630/2320/12600 
f 2662/2324/12601 3176/2325/12602 3175/2323/12603 2646/2322/12604 
f 2678/2326/12605 3177/2327/12606 3176/2325/12607 2662/2324/12608 
f 2694/2328/12609 3178/2329/12610 3177/2327/12611 2678/2326/12612 
f 2710/2330/12613 3179/2331/12614 3178/2329/12615 2694/2328/12616 
f 2726/2332/12617 3180/2333/12618 3179/2331/12619 2710/2330/12620 
f 2742/2334/12621 3181/2335/12622 3180/2333/12623 2726/2332/12624 
f 3182/2336/12625 3183/2337/12626 3181/2335/12627 2742/2334/12628 
f 3184/2338/12629 3185/2339/12630 3183/2337/12631 3182/2336/12632 
f 3186/2340/12633 3187/2341/12634 3185/2339/12635 3184/2338/12636 
f 3188/2342/12637 3189/2343/12638 3187/2341/12639 3186/2340/12640 
f 3190/2344/12641 3191/2345/12642 3189/2343/12643 3188/2342/12644 
f 3192/2346/12645 3193/2347/12646 3191/2345/12647 3190/2344/12648 
f 3194/2348/12649 3195/2349/12650 3193/2347/12651 3192/2346/12652 
f 3107/2233/12653 3108/2232/12654 3195/2349/12655 3194/2348/12656 
f 3196/2350/12657 3199/2351/12658 3198/2352/12659 3197/2353/12660 
f 3200/2354/12661 3202/2355/12662 3201/2356/12663 3197/2353/12664 
f 3203/2357/12665 3205/2358/12666 3201/2356/12667 3204/2359/12668 
f 3206/2360/12669 3208/2361/12670 3198/2352/12671 3207/2362/12672 
f 3209/2363/12673 3211/2364/12674 3210/2365/12675 3207/2362/12676 
f 3212/2366/12677 3214/2367/12678 3213/2368/12679 3204/2359/12680 
f 3211/2364/12681 3216/2369/12682 3215/2370/12683 3210/2365/12684 
f 3214/2367/12685 3218/2371/12686 3217/2372/12687 3213/2368/12688 
f 3216/2369/12689 3220/2373/12690 3219/2374/12691 3215/2370/12692 
f 3218/2371/12693 3222/2375/12694 3221/2376/12695 3217/2372/12696 
f 3223/2377/12697 3225/2378/12698 3221/2376/12699 3224/2379/12700 
f 3226/2380/12701 3228/2381/12702 3219/2374/12703 3227/2382/12704 
f 3229/2383/12705 3230/2384/12706 3195/2349/12707 3108/2232/12708 
f 3231/2385/12709 3232/2386/12710 3230/2384/12711 3229/2383/12712 
f 3233/2387/12713 3234/2388/12714 3232/2386/12715 3231/2385/12716 
f 3235/2389/12717 3236/2390/12718 3234/2388/12719 3233/2387/12720 
f 3237/2391/12721 3238/2392/12722 3236/2390/12723 3235/2389/12724 
f 3239/2393/12725 3240/2394/12726 3238/2392/12727 3237/2391/12728 
f 3200/2354/12729 3208/2361/12730 3240/2394/12731 3239/2393/12732 
f 3197/2353/12733 3198/2352/12734 3208/2361/12735 3200/2354/12736 
f 3241/2395/12737 3242/2396/12738 3159/2291/12739 3160/2293/12740 
f 3243/2397/12741 3244/2398/12742 3242/2396/12743 3241/2395/12744 
f 3245/2399/12745 3246/2400/12746 3244/2398/12747 3243/2397/12748 
f 3247/2401/12749 3248/2402/12750 3246/2400/12751 3245/2399/12752 
f 3249/2403/12753 3250/2404/12754 3248/2402/12755 3247/2401/12756 
f 3251/2405/12757 3252/2406/12758 3250/2404/12759 3249/2403/12760 
f 3199/2351/12761 3196/2350/12762 3252/2406/12763 3251/2405/12764 
f 3242/2396/12765 3253/2407/12766 3158/2289/12767 3159/2291/12768 
f 3244/2398/12769 3254/2408/12770 3253/2407/12771 3242/2396/12772 
f 3246/2400/12773 3255/2409/12774 3254/2408/12775 3244/2398/12776 
f 3248/2402/12777 3256/2410/12778 3255/2409/12779 3246/2400/12780 
f 3250/2404/12781 3257/2411/12782 3256/2410/12783 3248/2402/12784 
f 3252/2406/12785 3258/2412/12786 3257/2411/12787 3250/2404/12788 
f 3196/2350/12789 3205/2358/12790 3258/2412/12791 3252/2406/12792 
f 3197/2353/12793 3201/2356/12794 3205/2358/12795 3196/2350/12796 
f 3259/2413/12797 3229/2383/12798 3108/2232/12799 3109/2231/12800 
f 3260/2414/12801 3231/2385/12802 3229/2383/12803 3259/2413/12804 
f 3261/2415/12805 3233/2387/12806 3231/2385/12807 3260/2414/12808 
f 3262/2416/12809 3235/2389/12810 3233/2387/12811 3261/2415/12812 
f 3263/2417/12813 3237/2391/12814 3235/2389/12815 3262/2416/12816 
f 3264/2418/12817 3239/2393/12818 3237/2391/12819 3263/2417/12820 
f 3202/2355/12821 3200/2354/12822 3239/2393/12823 3264/2418/12824 
f 3265/2419/12825 3259/2413/12826 3109/2231/12827 3111/2235/12828 
f 3266/2420/12829 3260/2414/12830 3259/2413/12831 3265/2419/12832 
f 3267/2421/12833 3261/2415/12834 3260/2414/12835 3266/2420/12836 
f 3268/2422/12837 3262/2416/12838 3261/2415/12839 3267/2421/12840 
f 3269/2423/12841 3263/2417/12842 3262/2416/12843 3268/2422/12844 
f 3270/2424/12845 3264/2418/12846 3263/2417/12847 3269/2423/12848 
f 3212/2366/12849 3202/2355/12850 3264/2418/12851 3270/2424/12852 
f 3204/2359/12853 3201/2356/12854 3202/2355/12855 3212/2366/12856 
f 3253/2407/12857 3271/2425/12858 3157/2287/12859 3158/2289/12860 
f 3254/2408/12861 3272/2426/12862 3271/2425/12863 3253/2407/12864 
f 3255/2409/12865 3273/2427/12866 3272/2426/12867 3254/2408/12868 
f 3256/2410/12869 3274/2428/12870 3273/2427/12871 3255/2409/12872 
f 3257/2411/12873 3275/2429/12874 3274/2428/12875 3256/2410/12876 
f 3258/2412/12877 3276/2430/12878 3275/2429/12879 3257/2411/12880 
f 3205/2358/12881 3203/2357/12882 3276/2430/12883 3258/2412/12884 
f 3277/2431/12885 3241/2395/12886 3160/2293/12887 3161/2295/12888 
f 3278/2432/12889 3243/2397/12890 3241/2395/12891 3277/2431/12892 
f 3279/2433/12893 3245/2399/12894 3243/2397/12895 3278/2432/12896 
f 3280/2434/12897 3247/2401/12898 3245/2399/12899 3279/2433/12900 
f 3281/2435/12901 3249/2403/12902 3247/2401/12903 3280/2434/12904 
f 3282/2436/12905 3251/2405/12906 3249/2403/12907 3281/2435/12908 
f 3209/2363/12909 3199/2351/12910 3251/2405/12911 3282/2436/12912 
f 3207/2362/12913 3198/2352/12914 3199/2351/12915 3209/2363/12916 
f 3230/2384/12917 3283/2437/12918 3193/2347/12919 3195/2349/12920 
f 3232/2386/12921 3284/2438/12922 3283/2437/12923 3230/2384/12924 
f 3234/2388/12925 3285/2439/12926 3284/2438/12927 3232/2386/12928 
f 3236/2390/12929 3286/2440/12930 3285/2439/12931 3234/2388/12932 
f 3238/2392/12933 3287/2441/12934 3286/2440/12935 3236/2390/12936 
f 3240/2394/12937 3288/2442/12938 3287/2441/12939 3238/2392/12940 
f 3208/2361/12941 3206/2360/12942 3288/2442/12943 3240/2394/12944 
f 3283/2437/12945 3289/2443/12946 3191/2345/12947 3193/2347/12948 
f 3284/2438/12949 3290/2444/12950 3289/2443/12951 3283/2437/12952 
f 3285/2439/12953 3291/2445/12954 3290/2444/12955 3284/2438/12956 
f 3286/2440/12957 3292/2446/12958 3291/2445/12959 3285/2439/12960 
f 3287/2441/12961 3293/2447/12962 3292/2446/12963 3286/2440/12964 
f 3288/2442/12965 3294/2448/12966 3293/2447/12967 3287/2441/12968 
f 3206/2360/12969 3295/2449/12970 3294/2448/12971 3288/2442/12972 
f 3207/2362/12973 3210/2365/12974 3295/2449/12975 3206/2360/12976 
f 3296/2450/12977 3277/2431/12978 3161/2295/12979 3162/2297/12980 
f 3297/2451/12981 3278/2432/12982 3277/2431/12983 3296/2450/12984 
f 3298/2452/12985 3279/2433/12986 3278/2432/12987 3297/2451/12988 
f 3299/2453/12989 3280/2434/12990 3279/2433/12991 3298/2452/12992 
f 3300/2454/12993 3281/2435/12994 3280/2434/12995 3299/2453/12996 
f 3301/2455/12997 3282/2436/12998 3281/2435/12999 3300/2454/13000 
f 3211/2364/13001 3209/2363/13002 3282/2436/13003 3301/2455/13004 
f 3271/2425/13005 3302/2456/13006 3156/2285/13007 3157/2287/13008 
f 3272/2426/13009 3303/2457/13010 3302/2456/13011 3271/2425/13012 
f 3273/2427/13013 3304/2458/13014 3303/2457/13015 3272/2426/13016 
f 3274/2428/13017 3305/2459/13018 3304/2458/13019 3273/2427/13020 
f 3275/2429/13021 3306/2460/13022 3305/2459/13023 3274/2428/13024 
f 3276/2430/13025 3307/2461/13026 3306/2460/13027 3275/2429/13028 
f 3203/2357/13029 3308/2462/13030 3307/2461/13031 3276/2430/13032 
f 3204/2359/13033 3213/2368/13034 3308/2462/13035 3203/2357/13036 
f 3309/2463/13037 3265/2419/13038 3111/2235/13039 3113/2237/13040 
f 3310/2464/13041 3266/2420/13042 3265/2419/13043 3309/2463/13044 
f 3311/2465/13045 3267/2421/13046 3266/2420/13047 3310/2464/13048 
f 3312/2466/13049 3268/2422/13050 3267/2421/13051 3311/2465/13052 
f 3313/2467/13053 3269/2423/13054 3268/2422/13055 3312/2466/13056 
f 3314/2468/13057 3270/2424/13058 3269/2423/13059 3313/2467/13060 
f 3214/2367/13061 3212/2366/13062 3270/2424/13063 3314/2468/13064 
f 3289/2443/13065 3315/2469/13066 3189/2343/13067 3191/2345/13068 
f 3290/2444/13069 3316/2470/13070 3315/2469/13071 3289/2443/13072 
f 3291/2445/13073 3317/2471/13074 3316/2470/13075 3290/2444/13076 
f 3292/2446/13077 3318/2472/13078 3317/2471/13079 3291/2445/13080 
f 3293/2447/13081 3319/2473/13082 3318/2472/13083 3292/2446/13084 
f 3294/2448/13085 3320/2474/13086 3319/2473/13087 3293/2447/13088 
f 3295/2449/13089 3321/2475/13090 3320/2474/13091 3294/2448/13092 
f 3210/2365/13093 3215/2370/13094 3321/2475/13095 3295/2449/13096 
f 3322/2476/13097 3296/2450/13098 3162/2297/13099 3163/2299/13100 
f 3323/2477/13101 3297/2451/13102 3296/2450/13103 3322/2476/13104 
f 3324/2478/13105 3298/2452/13106 3297/2451/13107 3323/2477/13108 
f 3325/2479/13109 3299/2453/13110 3298/2452/13111 3324/2478/13112 
f 3326/2480/13113 3300/2454/13114 3299/2453/13115 3325/2479/13116 
f 3327/2481/13117 3301/2455/13118 3300/2454/13119 3326/2480/13120 
f 3216/2369/13121 3211/2364/13122 3301/2455/13123 3327/2481/13124 
f 3302/2456/13125 3328/2482/13126 3155/2283/13127 3156/2285/13128 
f 3303/2457/13129 3329/2483/13130 3328/2482/13131 3302/2456/13132 
f 3304/2458/13133 3330/2484/13134 3329/2483/13135 3303/2457/13136 
f 3305/2459/13137 3331/2485/13138 3330/2484/13139 3304/2458/13140 
f 3306/2460/13141 3332/2486/13142 3331/2485/13143 3305/2459/13144 
f 3307/2461/13145 3333/2487/13146 3332/2486/13147 3306/2460/13148 
f 3308/2462/13149 3334/2488/13150 3333/2487/13151 3307/2461/13152 
f 3213/2368/13153 3217/2372/13154 3334/2488/13155 3308/2462/13156 
f 3335/2489/13157 3309/2463/13158 3113/2237/13159 3115/2239/13160 
f 3336/2490/13161 3310/2464/13162 3309/2463/13163 3335/2489/13164 
f 3337/2491/13165 3311/2465/13166 3310/2464/13167 3336/2490/13168 
f 3338/2492/13169 3312/2466/13170 3311/2465/13171 3337/2491/13172 
f 3339/2493/13173 3313/2467/13174 3312/2466/13175 3338/2492/13176 
f 3340/2494/13177 3314/2468/13178 3313/2467/13179 3339/2493/13180 
f 3218/2371/13181 3214/2367/13182 3314/2468/13183 3340/2494/13184 
f 3315/2469/13185 3341/2495/13186 3187/2341/13187 3189/2343/13188 
f 3316/2470/13189 3342/2496/13190 3341/2495/13191 3315/2469/13192 
f 3317/2471/13193 3343/2497/13194 3342/2496/13195 3316/2470/13196 
f 3318/2472/13197 3344/2498/13198 3343/2497/13199 3317/2471/13200 
f 3319/2473/13201 3345/2499/13202 3344/2498/13203 3318/2472/13204 
f 3320/2474/13205 3346/2500/13206 3345/2499/13207 3319/2473/13208 
f 3321/2475/13209 3228/2381/13210 3346/2500/13211 3320/2474/13212 
f 3215/2370/13213 3219/2374/13214 3228/2381/13215 3321/2475/13216 
f 3347/2501/13217 3322/2476/13218 3163/2299/13219 3164/2301/13220 
f 3348/2502/13221 3323/2477/13222 3322/2476/13223 3347/2501/13224 
f 3349/2503/13225 3324/2478/13226 3323/2477/13227 3348/2502/13228 
f 3350/2504/13229 3325/2479/13230 3324/2478/13231 3349/2503/13232 
f 3351/2505/13233 3326/2480/13234 3325/2479/13235 3350/2504/13236 
f 3352/2506/13237 3327/2481/13238 3326/2480/13239 3351/2505/13240 
f 3220/2373/13241 3216/2369/13242 3327/2481/13243 3352/2506/13244 
f 3328/2482/13245 3353/2507/13246 3154/2281/13247 3155/2283/13248 
f 3329/2483/13249 3354/2508/13250 3353/2507/13251 3328/2482/13252 
f 3330/2484/13253 3355/2509/13254 3354/2508/13255 3329/2483/13256 
f 3331/2485/13257 3356/2510/13258 3355/2509/13259 3330/2484/13260 
f 3332/2486/13261 3357/2511/13262 3356/2510/13263 3331/2485/13264 
f 3333/2487/13265 3358/2512/13266 3357/2511/13267 3332/2486/13268 
f 3334/2488/13269 3225/2378/13270 3358/2512/13271 3333/2487/13272 
f 3217/2372/13273 3221/2376/13274 3225/2378/13275 3334/2488/13276 
f 3359/2513/13277 3335/2489/13278 3115/2239/13279 3117/2241/13280 
f 3360/2514/13281 3336/2490/13282 3335/2489/13283 3359/2513/13284 
f 3361/2515/13285 3337/2491/13286 3336/2490/13287 3360/2514/13288 
f 3362/2516/13289 3338/2492/13290 3337/2491/13291 3361/2515/13292 
f 3363/2517/13293 3339/2493/13294 3338/2492/13295 3362/2516/13296 
f 3364/2518/13297 3340/2494/13298 3339/2493/13299 3363/2517/13300 
f 3222/2375/13301 3218/2371/13302 3340/2494/13303 3364/2518/13304 
f 3365/2519/13305 3359/2513/13306 3117/2241/13307 3119/2243/13308 
f 3366/2520/13309 3360/2514/13310 3359/2513/13311 3365/2519/13312 
f 3367/2521/13313 3361/2515/13314 3360/2514/13315 3366/2520/13316 
f 3368/2522/13317 3362/2516/13318 3361/2515/13319 3367/2521/13320 
f 3369/2523/13321 3363/2517/13322 3362/2516/13323 3368/2522/13324 
f 3370/2524/13325 3364/2518/13326 3363/2517/13327 3369/2523/13328 
f 3371/2525/13329 3222/2375/13330 3364/2518/13331 3370/2524/13332 
f 3224/2379/13333 3221/2376/13334 3222/2375/13335 3371/2525/13336 
f 3353/2507/13337 3372/2526/13338 3153/2279/13339 3154/2281/13340 
f 3354/2508/13341 3373/2527/13342 3372/2526/13343 3353/2507/13344 
f 3355/2509/13345 3374/2528/13346 3373/2527/13347 3354/2508/13348 
f 3356/2510/13349 3375/2529/13350 3374/2528/13351 3355/2509/13352 
f 3357/2511/13353 3376/2530/13354 3375/2529/13355 3356/2510/13356 
f 3358/2512/13357 3377/2531/13358 3376/2530/13359 3357/2511/13360 
f 3225/2378/13361 3223/2377/13362 3377/2531/13363 3358/2512/13364 
f 3378/2532/13365 3347/2501/13366 3164/2301/13367 3165/2303/13368 
f 3379/2533/13369 3348/2502/13370 3347/2501/13371 3378/2532/13372 
f 3380/2534/13373 3349/2503/13374 3348/2502/13375 3379/2533/13376 
f 3381/2535/13377 3350/2504/13378 3349/2503/13379 3380/2534/13380 
f 3382/2536/13381 3351/2505/13382 3350/2504/13383 3381/2535/13384 
f 3383/2537/13385 3352/2506/13386 3351/2505/13387 3382/2536/13388 
f 3384/2538/13389 3220/2373/13390 3352/2506/13391 3383/2537/13392 
f 3227/2382/13393 3219/2374/13394 3220/2373/13395 3384/2538/13396 
f 3341/2495/13397 3385/2539/13398 3185/2339/13399 3187/2341/13400 
f 3342/2496/13401 3386/2540/13402 3385/2539/13403 3341/2495/13404 
f 3343/2497/13405 3387/2541/13406 3386/2540/13407 3342/2496/13408 
f 3344/2498/13409 3388/2542/13410 3387/2541/13411 3343/2497/13412 
f 3345/2499/13413 3389/2543/13414 3388/2542/13415 3344/2498/13416 
f 3346/2500/13417 3390/2544/13418 3389/2543/13419 3345/2499/13420 
f 3228/2381/13421 3226/2380/13422 3390/2544/13423 3346/2500/13424 
f 3123/2247/13425 3365/2519/13426 3119/2243/13427 3121/2245/13428 
f 3125/2249/13429 3366/2520/13430 3365/2519/13431 3123/2247/13432 
f 3366/2520/13433 3125/2249/13434 3127/2251/13435 3367/2521/13436 
f 3129/2253/13437 3368/2522/13438 3367/2521/13439 3127/2251/13440 
f 3131/2255/13441 3369/2523/13442 3368/2522/13443 3129/2253/13444 
f 3133/2257/13445 3370/2524/13446 3369/2523/13447 3131/2255/13448 
f 3370/2524/13449 3133/2257/13450 3135/2259/13451 3371/2525/13452 
f 3137/2261/13453 3224/2379/13454 3371/2525/13455 3135/2259/13456 
f 3139/2263/13457 3223/2377/13458 3224/2379/13459 3137/2261/13460 
f 3223/2377/13461 3139/2263/13462 3141/2265/13463 3377/2531/13464 
f 3143/2267/13465 3376/2530/13466 3377/2531/13467 3141/2265/13468 
f 3376/2530/13469 3143/2267/13470 3145/2269/13471 3375/2529/13472 
f 3147/2271/13473 3374/2528/13474 3375/2529/13475 3145/2269/13476 
f 3374/2528/13477 3147/2271/13478 3149/2273/13479 3373/2527/13480 
f 3151/2275/13481 3372/2526/13482 3373/2527/13483 3149/2273/13484 
f 3372/2526/13485 3151/2275/13486 3152/2277/13487 3153/2279/13488 
f 3167/2307/13489 3378/2532/13490 3165/2303/13491 3166/2305/13492 
f 3378/2532/13493 3167/2307/13494 3168/2309/13495 3379/2533/13496 
f 3169/2311/13497 3380/2534/13498 3379/2533/13499 3168/2309/13500 
f 3380/2534/13501 3169/2311/13502 3170/2313/13503 3381/2535/13504 
f 3171/2315/13505 3382/2536/13506 3381/2535/13507 3170/2313/13508 
f 3382/2536/13509 3171/2315/13510 3172/2317/13511 3383/2537/13512 
f 3173/2319/13513 3384/2538/13514 3383/2537/13515 3172/2317/13516 
f 3384/2538/13517 3173/2319/13518 3174/2321/13519 3227/2382/13520 
f 3175/2323/13521 3226/2380/13522 3227/2382/13523 3174/2321/13524 
f 3226/2380/13525 3175/2323/13526 3176/2325/13527 3390/2544/13528 
f 3177/2327/13529 3389/2543/13530 3390/2544/13531 3176/2325/13532 
f 3389/2543/13533 3177/2327/13534 3178/2329/13535 3388/2542/13536 
f 3388/2542/13537 3178/2329/13538 3179/2331/13539 3387/2541/13540 
f 3180/2333/13541 3386/2540/13542 3387/2541/13543 3179/2331/13544 
f 3386/2540/13545 3180/2333/13546 3181/2335/13547 3385/2539/13548 
f 3183/2337/13549 3185/2339/13550 3385/2539/13551 3181/2335/13552 
# 3388 polygons

