# File generated by ImageToStl.com - Free Image and 3D model conversion tools

mtllib round_bomb.mtl

o obj1
v -0.02466898 0.06496974 -0.01193436
v -0.02493 0.06595872 0
v -0.02282615 0.06687846 0
v -0.02109051 0.06656743 -0.00872513
v -0.0160882 0.06706487 -0.01608846
v -0.01193436 0.06496974 0.02466898
v 0 0.06595872 0.02493
v 0 0.06687846 0.02282615
v -0.00874641 0.06658128 0.02108821
v -0.01608846 0.06706487 0.01608846
v 0.01193436 0.06496974 0.02466898
v 0.01608846 0.06706487 0.0160882
v 0.00872513 0.06656743 0.02109051
v -0.01193436 0.06496974 -0.02466898
v -0.00874538 0.06656667 -0.02108667
v 0 0.06687846 -0.02282641
v 0 0.06595872 -0.02493
v 0.02108667 0.06656667 0.00874538
v 0.02466898 0.06496974 0.01193436
v 0.02493 0.06595872 0
v 0.02282641 0.06687846 0
v -0.02466898 0.06496974 0.01193436
v -0.02108821 0.06658128 0.00874641
v 0.02109256 0.06658205 -0.0087259
v 0.02466898 0.06496974 -0.01193436
v 0.01608846 0.06706487 -0.01608846
v 0.0087259 0.06658205 -0.02109256
v 0.01193436 0.06496974 -0.02466898
v 0.01517128 0.08407513 0
v 0.01401641 0.08407513 -0.0058059
v 0 0.06532615 0
v -0.01072744 0.08407513 0.01072744
v -0.00580564 0.08407513 0.01401615
v 0 0.06532615 0
v 0.01072769 0.08407513 0.01072744
v 0.01401641 0.08407513 0.00580564
v -0.00580564 0.08407513 -0.01401641
v -0.01072744 0.08407513 -0.01072769
v 0 0.08407513 0.01517103
v 0.0058059 0.08407513 0.01401615
v 0.01517128 0.08407513 0
v 0 0.08407513 -0.01517128
v -0.01517103 0.08407513 0
v -0.01401615 0.08407513 0.00580564
v 0.0058059 0.08407513 -0.01401641
v 0.01072769 0.08407513 -0.01072769
v -0.01401615 0.08407513 -0.0058059
v -0.01517103 0.08407513 0
v 0.03233949 0.09493923 0.03204744
v 0.03214154 0.0915241 0.0286059
v 0.03421205 0.09090846 0.02426103
v 0.03733795 0.09345154 0.02155769
v 0.03968769 0.09766487 0.02208051
v 0.03988564 0.10107975 0.02552205
v 0.03781513 0.10169539 0.02986692
v 0.03468923 0.09915231 0.03257026
v 0.04494333 -0.03053282 -0.04494333
v 0.04071051 -0.04071051 -0.04071051
v 0.03053282 -0.04494333 -0.04494333
v 0.03370744 -0.03370744 -0.05195846
v 0.04071051 -0.04071051 -0.04071051
v 0.04494333 -0.04494333 -0.03053282
v 0.03370744 -0.05195846 -0.03370744
v 0.03053282 -0.04494333 -0.04494333
v 0.02035539 -0.04773744 -0.04773744
v 0.02247154 -0.03580308 -0.05643769
v 0.04071051 -0.04071051 -0.04071051
v 0.04494333 -0.03053282 -0.04494333
v 0.05195846 -0.03370744 -0.03370744
v 0.04494333 -0.04494333 -0.03053282
v 0.03580308 -0.02247154 -0.05643769
v 0.04773744 -0.02035539 -0.04773744
v 0.02386872 -0.02386872 -0.0619082
v 0.02247154 -0.05643769 -0.03580308
v 0.02035539 -0.04773744 -0.04773744
v 0.01017769 -0.04933795 -0.04933795
v 0.0112359 -0.03700359 -0.05896231
v 0.01193436 -0.02466898 -0.06496974
v 0.03700359 -0.0112359 -0.05896231
v 0.04933795 -0.01017769 -0.04933795
v 0.02466898 -0.01193436 -0.06496974
v 0.03580308 -0.05643769 -0.02247154
v 0.04773744 -0.04773744 -0.02035539
v 0.01233462 -0.01233462 -0.06832103
v 0.05643769 -0.03580308 -0.02247154
v 0.04773744 -0.04773744 -0.02035539
v 0.05643769 -0.02247154 -0.03580308
v 0.04773744 -0.02035539 -0.04773744
v 0.02386872 -0.0619082 -0.02386872
v 0.0112359 -0.05896231 -0.03700359
v 0.01017769 -0.04933795 -0.04933795
v 0 -0.03739513 -0.05978026
v 0 -0.02493 -0.06595872
v 0 -0.01246513 -0.06940231
v 0.05896231 -0.03700359 -0.0112359
v 0.04933795 -0.04933795 -0.01017769
v 0.0619082 -0.02386872 -0.02386872
v 0.04933795 -0.01017769 -0.04933795
v 0.05896231 -0.0112359 -0.03700359
v 0.03739513 0 -0.05978026
v 0.04986 0 -0.04986
v 0.02493 0 -0.06595872
v 0.01246513 0 -0.06940231
v 0.03700359 -0.05896231 -0.0112359
v 0.04933795 -0.04933795 -0.01017769
v 0 -0.04986 -0.04986
v 0 0 -0.07051282
v 0.04986 -0.04986 -0
v 0.03739513 -0.05978026 -0
v 0.02466898 -0.06496974 -0.01193436
v 0.01193436 -0.06496974 -0.02466898
v 0 -0.05978026 -0.03739513
v 0 -0.04986 -0.04986
v -0.01017769 -0.04933795 -0.04933795
v -0.0112359 -0.03700359 -0.05896231
v -0.01193436 -0.02466898 -0.06496974
v -0.01233462 -0.01233462 -0.06832103
v -0.01246513 0 -0.06940231
v 0.05978026 -0.03739513 -0
v 0.04986 -0.04986 -0
v 0.06496974 -0.02466898 -0.01193436
v 0.06496974 -0.01193436 -0.02466898
v 0.04986 0 -0.04986
v 0.05978026 0 -0.03739513
v 0.03700359 0.0112359 -0.05896231
v 0.04933795 0.01017769 -0.04933795
v 0.02466898 0.01193436 -0.06496974
v 0.01233462 0.01233462 -0.06832103
v 0 0.01246513 -0.06940231
v -0.01233462 0.01233462 -0.06832103
v 0.04933795 -0.04933795 0.01017769
v 0.03700359 -0.05896231 0.0112359
v 0.02493 -0.06595872 -0
v 0.01233462 -0.06832103 -0.01233462
v 0 -0.06595872 -0.02493
v -0.0112359 -0.05896231 -0.03700359
v -0.01017769 -0.04933795 -0.04933795
v -0.02035539 -0.04773744 -0.04773744
v -0.02247154 -0.03580308 -0.05643769
v -0.02386872 -0.02386872 -0.0619082
v -0.02466898 -0.01193436 -0.06496974
v -0.02493 0 -0.06595872
v -0.02466898 0.01193436 -0.06496974
v -0.01193436 0.02466898 -0.06496974
v 0 0.02493 -0.06595872
v 0.05896231 -0.03700359 0.0112359
v 0.04933795 -0.04933795 0.01017769
v 0.06595872 -0.02493 -0
v 0.06832103 -0.01233462 -0.01233462
v 0.06595872 0 -0.02493
v 0.04933795 0.01017769 -0.04933795
v 0.05896231 0.0112359 -0.03700359
v 0.03580308 0.02247154 -0.05643769
v 0.04773744 0.02035539 -0.04773744
v 0.02386872 0.02386872 -0.0619082
v 0.01193436 0.02466898 -0.06496974
v -0.02386872 0.02386872 -0.0619082
v 0.04773744 -0.04773744 0.02035539
v 0.03580308 -0.05643769 0.02247154
v 0.02466898 -0.06496974 0.01193436
v 0.01246513 -0.06940231 -0
v 0 -0.06940231 -0.01246513
v -0.01193436 -0.06496974 -0.02466898
v -0.02247154 -0.05643769 -0.03580308
v -0.02035539 -0.04773744 -0.04773744
v -0.03053282 -0.04494333 -0.04494333
v -0.03370744 -0.03370744 -0.05195846
v -0.03580308 -0.02247154 -0.05643769
v -0.03700359 -0.0112359 -0.05896231
v -0.03739513 0 -0.05978026
v -0.03700359 0.0112359 -0.05896231
v -0.03580308 0.02247154 -0.05643769
v -0.0112359 0.03700359 -0.05896231
v 0 0.03739513 -0.05978026
v -0.02247154 0.03580308 -0.05643769
v 0.05643769 -0.03580308 0.02247154
v 0.04773744 -0.04773744 0.02035539
v 0.06496974 -0.02466898 0.01193436
v 0.06940231 -0.01246513 -0
v 0.06940231 0 -0.01246513
v 0.06496974 0.01193436 -0.02466898
v 0.04773744 0.02035539 -0.04773744
v 0.05643769 0.02247154 -0.03580308
v 0.03370744 0.03370744 -0.05195846
v 0.04494333 0.03053282 -0.04494333
v 0.02247154 0.03580308 -0.05643769
v 0.0112359 0.03700359 -0.05896231
v -0.03370744 0.03370744 -0.05195846
v 0.04494333 -0.04494333 0.03053282
v 0.03370744 -0.05195846 0.03370744
v 0.02386872 -0.0619082 0.02386872
v 0.01233462 -0.06832103 0.01233462
v 0 -0.07051282 -0
v -0.01233462 -0.06832103 -0.01233462
v -0.02386872 -0.0619082 -0.02386872
v -0.03370744 -0.05195846 -0.03370744
v -0.03053282 -0.04494333 -0.04494333
v -0.04071051 -0.04071051 -0.04071051
v -0.04494333 -0.03053282 -0.04494333
v -0.04773744 -0.02035539 -0.04773744
v -0.04933795 -0.01017769 -0.04933795
v -0.04986 0 -0.04986
v -0.04933795 0.01017769 -0.04933795
v -0.04773744 0.02035539 -0.04773744
v -0.04494333 0.03053282 -0.04494333
v -0.04071051 0.04071051 -0.04071051
v -0.03053282 0.04494333 -0.04494333
v 0 0.04986 -0.04986
v -0.01017769 0.04933795 -0.04933795
v -0.02035539 0.04773744 -0.04773744
v 0.05195846 -0.03370744 0.03370744
v 0.04494333 -0.04494333 0.03053282
v 0.0619082 -0.02386872 0.02386872
v 0.06832103 -0.01233462 0.01233462
v 0.07051282 0 0
v 0.06832103 0.01233462 -0.01233462
v 0.0619082 0.02386872 -0.02386872
v 0.05195846 0.03370744 -0.03370744
v 0.04494333 0.03053282 -0.04494333
v 0.04071051 0.04071051 -0.04071051
v 0.03053282 0.04494333 -0.04494333
v 0.02035539 0.04773744 -0.04773744
v 0.01017769 0.04933795 -0.04933795
v 0.04071051 -0.04071051 0.04071051
v 0.03053282 -0.04494333 0.04494333
v 0.02247154 -0.05643769 0.03580308
v 0.01193436 -0.06496974 0.02466898
v 0 -0.06940231 0.01246513
v -0.01246513 -0.06940231 -0
v -0.02466898 -0.06496974 -0.01193436
v -0.03580308 -0.05643769 -0.02247154
v -0.04494333 -0.04494333 -0.03053282
v -0.04071051 -0.04071051 -0.04071051
v -0.04494333 -0.03053282 -0.04494333
v -0.04071051 -0.04071051 -0.04071051
v -0.04494333 -0.04494333 -0.03053282
v -0.05195846 -0.03370744 -0.03370744
v -0.04773744 -0.02035539 -0.04773744
v -0.05643769 -0.02247154 -0.03580308
v -0.04933795 -0.01017769 -0.04933795
v -0.05896231 -0.0112359 -0.03700359
v -0.04986 0 -0.04986
v -0.05978026 0 -0.03739513
v -0.04933795 0.01017769 -0.04933795
v -0.05896231 0.0112359 -0.03700359
v -0.04773744 0.02035539 -0.04773744
v -0.05643769 0.02247154 -0.03580308
v -0.04494333 0.03053282 -0.04494333
v -0.05195846 0.03370744 -0.03370744
v -0.04071051 0.04071051 -0.04071051
v -0.04494333 0.04494333 -0.03053282
v -0.01017769 0.04933795 -0.04933795
v -0.0112359 0.05896231 -0.03700359
v 0 0.05978026 -0.03739513
v 0 0.04986 -0.04986
v -0.02035539 0.04773744 -0.04773744
v -0.02247154 0.05643769 -0.03580308
v -0.03053282 0.04494333 -0.04494333
v -0.03370744 0.05195846 -0.03370744
v -0.04071051 0.04071051 -0.04071051
v -0.04494333 0.04494333 -0.03053282
v 0.04494333 -0.03053282 0.04494333
v 0.04071051 -0.04071051 0.04071051
v 0.05643769 -0.02247154 0.03580308
v 0.06496974 -0.01193436 0.02466898
v 0.06940231 -0 0.01246513
v 0.06940231 0.01246513 0
v 0.06496974 0.02466898 -0.01193436
v 0.05643769 0.03580308 -0.02247154
v 0.04071051 0.04071051 -0.04071051
v 0.04494333 0.04494333 -0.03053282
v 0.03053282 0.04494333 -0.04494333
v 0.03370744 0.05195846 -0.03370744
v 0.04494333 0.04494333 -0.03053282
v 0.04071051 0.04071051 -0.04071051
v 0.02035539 0.04773744 -0.04773744
v 0.02247154 0.05643769 -0.03580308
v 0.01017769 0.04933795 -0.04933795
v 0.0112359 0.05896231 -0.03700359
v -0.01233462 -0.06832103 0.01233462
v -0.02493 -0.06595872 -0
v 0.06832103 0.01233462 0.01233462
v 0.06595872 0.02493 0
v 0.04071051 -0.04071051 0.04071051
v 0.04494333 -0.03053282 0.04494333
v 0.03370744 -0.03370744 0.05195846
v 0.03053282 -0.04494333 0.04494333
v 0.02035539 -0.04773744 0.04773744
v 0.0112359 -0.05896231 0.03700359
v 0 -0.06595872 0.02493
v -0.03700359 -0.05896231 -0.0112359
v -0.04773744 -0.04773744 -0.02035539
v -0.04773744 -0.04773744 -0.02035539
v -0.05643769 -0.03580308 -0.02247154
v -0.0619082 -0.02386872 -0.02386872
v -0.06496974 -0.01193436 -0.02466898
v -0.06595872 0 -0.02493
v -0.06496974 0.01193436 -0.02466898
v -0.0619082 0.02386872 -0.02386872
v -0.05643769 0.03580308 -0.02247154
v -0.04773744 0.04773744 -0.02035539
v -0.02386872 0.0619082 -0.02386872
v -0.03580308 0.05643769 -0.02247154
v -0.04773744 0.04773744 -0.02035539
v 0.04773744 -0.02035539 0.04773744
v 0.05896231 -0.0112359 0.03700359
v 0.06595872 -0 0.02493
v 0.05896231 0.03700359 -0.0112359
v 0.04773744 0.04773744 -0.02035539
v 0.03580308 0.05643769 -0.02247154
v 0.04773744 0.04773744 -0.02035539
v 0.02386872 0.0619082 -0.02386872
v -0.01193436 -0.06496974 0.02466898
v -0.02466898 -0.06496974 0.01193436
v -0.03739513 -0.05978026 -0
v -0.06832103 0.01233462 -0.01233462
v -0.06496974 0.02466898 -0.01193436
v -0.05896231 0.03700359 -0.0112359
v -0.04933795 0.04933795 -0.01017769
v 0.00998949 0.07611488 -0.02411667
v 0 0.07622923 -0.02610359
v 0 0.08407513 -0.02610359
v 0.00998949 0.08407513 -0.02411667
v -0.03700359 0.05896231 -0.0112359
v -0.04933795 0.04933795 -0.01017769
v 0.04933795 -0.01017769 0.04933795
v 0.05978026 -0 0.03739513
v 0.06496974 0.01193436 0.02466898
v 0.06496974 0.02466898 0.01193436
v 0.05978026 0.03739513 0
v 0.04933795 0.04933795 -0.01017769
v 0.03700359 0.05896231 -0.0112359
v 0.04933795 0.04933795 -0.01017769
v 0.0184582 0.07637436 -0.0184582
v 0.0184582 0.08407513 -0.0184582
v 0.02411667 0.07611488 -0.00998949
v 0.02411667 0.08407513 -0.00998949
v 0.02247154 -0.03580308 0.05643769
v 0.02035539 -0.04773744 0.04773744
v 0.03580308 -0.02247154 0.05643769
v 0.04773744 -0.02035539 0.04773744
v 0.01017769 -0.04933795 0.04933795
v 0 -0.05978026 0.03739513
v -0.0112359 -0.05896231 0.03700359
v -0.02386872 -0.0619082 0.02386872
v -0.03700359 -0.05896231 0.0112359
v -0.04986 -0.04986 -0
v -0.04933795 -0.04933795 -0.01017769
v -0.04933795 -0.04933795 -0.01017769
v -0.05896231 -0.03700359 -0.0112359
v -0.06496974 -0.02466898 -0.01193436
v -0.06832103 -0.01233462 -0.01233462
v -0.06940231 0 -0.01246513
v 0.05896231 0.0112359 0.03700359
v 0.0619082 0.02386872 0.02386872
v 0.05896231 0.03700359 0.0112359
v 0.04986 0.04986 0
v 0.0112359 -0.03700359 0.05896231
v 0.01017769 -0.04933795 0.04933795
v 0.02386872 -0.02386872 0.0619082
v 0.04933795 -0.01017769 0.04933795
v 0.03700359 -0.0112359 0.05896231
v 0 -0.04986 0.04986
v -0.04986 -0.04986 -0
v -0.05978026 -0.03739513 -0
v -0.06595872 -0.02493 -0
v -0.06940231 -0.01246513 -0
v -0.07051282 0 0
v -0.06940231 0.01246513 0
v -0.06595872 0.02493 0
v -0.05978026 0.03739513 0
v -0.04986 0.04986 0
v 0.02610359 0.07622923 0
v 0.02610359 0.08407513 0
v -0.03739513 0.05978026 0
v -0.04986 0.04986 0
v 0.04986 -0 0.04986
v 0.03739513 0.05978026 0
v 0.04986 0.04986 0
v -0.01017769 -0.04933795 0.04933795
v -0.02247154 -0.05643769 0.03580308
v -0.03580308 -0.05643769 0.02247154
v -0.04933795 -0.04933795 0.01017769
v 0.04933795 0.01017769 0.04933795
v 0.05643769 0.02247154 0.03580308
v 0.05643769 0.03580308 0.02247154
v 0.04933795 0.04933795 0.01017769
v 0 -0.03739513 0.05978026
v 0 -0.04986 0.04986
v 0.01193436 -0.02466898 0.06496974
v 0.02466898 -0.01193436 0.06496974
v 0.04986 -0 0.04986
v 0.03739513 -0 0.05978026
v -0.04933795 -0.04933795 0.01017769
v -0.05896231 -0.03700359 0.0112359
v -0.06496974 -0.02466898 0.01193436
v -0.06832103 -0.01233462 0.01233462
v -0.06940231 -0 0.01246513
v -0.06832103 0.01233462 0.01233462
v -0.06496974 0.02466898 0.01193436
v -0.05896231 0.03700359 0.0112359
v -0.04933795 0.04933795 0.01017769
v -0.03700359 0.05896231 0.0112359
v -0.04933795 0.04933795 0.01017769
v 0.03700359 0.05896231 0.0112359
v 0.04933795 0.04933795 0.01017769
v 0.02411667 0.07611205 0.00998923
v 0.02610359 0.07622923 0
v 0.02610359 0.08407513 0
v 0.02411667 0.08407513 0.00998923
v -0.0112359 -0.03700359 0.05896231
v -0.01017769 -0.04933795 0.04933795
v -0.02035539 -0.04773744 0.04773744
v -0.03370744 -0.05195846 0.03370744
v -0.04773744 -0.04773744 0.02035539
v -0.06595872 -0 0.02493
v -0.06496974 0.01193436 0.02466898
v 0.04933795 0.01017769 0.04933795
v 0.03700359 0.0112359 0.05896231
v 0.04773744 0.02035539 0.04773744
v 0.05195846 0.03370744 0.03370744
v 0.04773744 0.04773744 0.02035539
v 0 -0.02493 0.06595872
v 0.01233462 -0.01233462 0.06832103
v 0.02493 -0 0.06595872
v -0.04773744 -0.04773744 0.02035539
v -0.05643769 -0.03580308 0.02247154
v -0.0619082 -0.02386872 0.02386872
v -0.06496974 -0.01193436 0.02466898
v -0.0619082 0.02386872 0.02386872
v -0.05643769 0.03580308 0.02247154
v -0.04773744 0.04773744 0.02035539
v -0.03580308 0.05643769 0.02247154
v -0.02386872 0.0619082 0.02386872
v -0.04773744 0.04773744 0.02035539
v 0.03580308 0.05643769 0.02247154
v 0.04773744 0.04773744 0.02035539
v 0.02386872 0.0619082 0.02386872
v -0.02247154 -0.03580308 0.05643769
v -0.02035539 -0.04773744 0.04773744
v -0.01193436 -0.02466898 0.06496974
v -0.03053282 -0.04494333 0.04494333
v -0.04494333 -0.04494333 0.03053282
v -0.05978026 -0 0.03739513
v -0.05896231 0.0112359 0.03700359
v -0.05643769 0.02247154 0.03580308
v -0.02610359 0.07622923 0
v -0.02411641 0.07611488 0.00998923
v -0.02411641 0.08407513 0.00998923
v -0.02610359 0.08407513 0
v 0.02466898 0.01193436 0.06496974
v 0.04773744 0.02035539 0.04773744
v 0.03580308 0.02247154 0.05643769
v 0.04494333 0.03053282 0.04494333
v 0.04494333 0.04494333 0.03053282
v 0.00998949 0.07611205 0.02411641
v 0.0184582 0.07637436 0.01845795
v 0.0184582 0.08407513 0.01845795
v 0.00998949 0.08407513 0.02411641
v 0 -0.01246513 0.06940231
v 0.01246513 -0 0.06940231
v -0.04494333 -0.04494333 0.03053282
v -0.05195846 -0.03370744 0.03370744
v -0.05643769 -0.02247154 0.03580308
v -0.05896231 -0.0112359 0.03700359
v -0.05195846 0.03370744 0.03370744
v -0.04494333 0.04494333 0.03053282
v -0.03370744 0.05195846 0.03370744
v -0.02247154 0.05643769 0.03580308
v -0.04494333 0.04494333 0.03053282
v -0.0112359 0.05896231 0.03700359
v 0.03370744 0.05195846 0.03370744
v 0.04494333 0.04494333 0.03053282
v 0.02247154 0.05643769 0.03580308
v 0.0112359 0.05896231 0.03700359
v 0 0.05978026 0.03739513
v -0.03370744 -0.03370744 0.05195846
v -0.03053282 -0.04494333 0.04494333
v -0.02386872 -0.02386872 0.0619082
v -0.01233462 -0.01233462 0.06832103
v -0.04071051 -0.04071051 0.04071051
v -0.04986 -0 0.04986
v -0.04933795 0.01017769 0.04933795
v -0.04773744 0.02035539 0.04773744
v -0.04494333 0.03053282 0.04494333
v 0.01233462 0.01233462 0.06832103
v 0.02386872 0.02386872 0.0619082
v 0.04494333 0.03053282 0.04494333
v 0.03370744 0.03370744 0.05195846
v 0.04071051 0.04071051 0.04071051
v 0 -0 0.07051282
v -0.04071051 -0.04071051 0.04071051
v -0.04494333 -0.03053282 0.04494333
v -0.04773744 -0.02035539 0.04773744
v -0.04933795 -0.01017769 0.04933795
v -0.04071051 0.04071051 0.04071051
v -0.03053282 0.04494333 0.04494333
v -0.02035539 0.04773744 0.04773744
v -0.04071051 0.04071051 0.04071051
v -0.01017769 0.04933795 0.04933795
v 0.03053282 0.04494333 0.04494333
v 0.04071051 0.04071051 0.04071051
v 0.02035539 0.04773744 0.04773744
v 0.01017769 0.04933795 0.04933795
v 0 0.04986 0.04986
v -0.04494333 -0.03053282 0.04494333
v -0.04071051 -0.04071051 0.04071051
v -0.03580308 -0.02247154 0.05643769
v -0.02466898 -0.01193436 0.06496974
v -0.01246513 -0 0.06940231
v -0.04933795 0.01017769 0.04933795
v -0.04986 -0 0.04986
v -0.03739513 -0 0.05978026
v -0.03700359 0.0112359 0.05896231
v -0.04773744 0.02035539 0.04773744
v -0.03580308 0.02247154 0.05643769
v -0.04494333 0.03053282 0.04494333
v -0.03370744 0.03370744 0.05195846
v -0.04071051 0.04071051 0.04071051
v -0.03053282 0.04494333 0.04494333
v 0 0.01246513 0.06940231
v 0.01193436 0.02466898 0.06496974
v 0.02247154 0.03580308 0.05643769
v 0.04071051 0.04071051 0.04071051
v 0.03053282 0.04494333 0.04494333
v -0.04773744 -0.02035539 0.04773744
v -0.04933795 -0.01017769 0.04933795
v -0.03700359 -0.0112359 0.05896231
v -0.02247154 0.03580308 0.05643769
v -0.02035539 0.04773744 0.04773744
v -0.0112359 0.03700359 0.05896231
v -0.01017769 0.04933795 0.04933795
v -0.01233462 0.01233462 0.06832103
v 0 0.02493 0.06595872
v 0 0.04986 0.04986
v 0 0.03739513 0.05978026
v 0.0112359 0.03700359 0.05896231
v 0.01017769 0.04933795 0.04933795
v -0.02493 -0 0.06595872
v -0.02466898 0.01193436 0.06496974
v -0.02386872 0.02386872 0.0619082
v 0.02035539 0.04773744 0.04773744
v -0.01193436 0.02466898 0.06496974
v -0.00998923 0.07611205 -0.02411667
v -0.00998923 0.08407513 -0.02411667
v -0.00998923 0.07611488 0.02411641
v 0 0.07622923 0.02610359
v 0 0.08407513 0.02610359
v -0.00998923 0.08407513 0.02411641
v -0.01845795 0.07637436 -0.0184582
v -0.02411641 0.07611205 -0.00998949
v -0.02411641 0.08407513 -0.00998949
v -0.01845795 0.08407513 -0.0184582
v -0.02610359 0.07622923 0
v -0.02610359 0.08407513 0
v -0.01845795 0.07637436 0.01845795
v -0.01845795 0.08407513 0.01845795
v -0.0080841 0.0688018 -0.01951718
v 0 0.06908974 -0.02112538
v 0 0.06687846 -0.02282641
v -0.00874538 0.06656667 -0.02108667
v 0.00808436 0.06880897 -0.01951718
v 0.0087259 0.06658205 -0.02109256
v 0.01493795 0.06944616 -0.01493795
v 0.01608846 0.06706487 -0.01608846
v -0.02112513 0.06908974 0
v -0.01951718 0.0688018 -0.00808436
v -0.02109051 0.06656743 -0.00872513
v -0.02282615 0.06687846 0
v -0.01493769 0.06944616 -0.01493795
v -0.0160882 0.06706487 -0.01608846
v 0.01951718 0.06880897 -0.00808436
v 0.02109256 0.06658205 -0.0087259
v 0.02112538 0.06908974 0
v 0.02282641 0.06687846 0
v 0.01951718 0.0688018 0.0080841
v 0.01493795 0.06944616 0.01493769
v 0.01608846 0.06706487 0.0160882
v 0.02108667 0.06656667 0.00874538
v 0.02112538 0.06908974 0
v 0.02282641 0.06687846 0
v -0.01951718 0.06880897 0.0080841
v -0.02112513 0.06908974 0
v -0.02282615 0.06687846 0
v -0.02108821 0.06658128 0.00874641
v 0.00808436 0.0688018 0.01951718
v 0.00872513 0.06656743 0.02109051
v 0 0.06908974 0.02112513
v 0 0.06687846 0.02282615
v -0.01493769 0.06944616 0.01493769
v -0.01608846 0.06706487 0.01608846
v -0.0080841 0.06880897 0.01951718
v -0.00874641 0.06658128 0.02108821
v -0.00998923 0.07611488 0.02411641
v -0.01845795 0.07637436 0.01845795
v -0.02411641 0.07611488 0.00998923
v 0.00998949 0.07611205 0.02411641
v 0 0.07622923 0.02610359
v -0.01845795 0.07637436 -0.0184582
v -0.00998923 0.07611205 -0.02411667
v -0.02610359 0.07622923 0
v -0.02411641 0.07611205 -0.00998949
v 0.02411667 0.07611205 0.00998923
v 0.0184582 0.07637436 0.01845795
v 0 0.07622923 -0.02610359
v -0.02610359 0.07622923 0
v 0.02610359 0.07622923 0
v 0.02411667 0.07611488 -0.00998949
v 0.02610359 0.07622923 0
v 0.0184582 0.07637436 -0.0184582
v 0.00998949 0.07611488 -0.02411667
v -0.01072744 0.08407513 -0.01072769
v -0.00580564 0.08407513 -0.01401641
v -0.00998923 0.08407513 -0.02411667
v -0.01845795 0.08407513 -0.0184582
v 0 0.08407513 -0.01517128
v 0 0.08407513 -0.02610359
v 0.0058059 0.08407513 -0.01401641
v 0.00998949 0.08407513 -0.02411667
v 0.01072769 0.08407513 -0.01072769
v 0.0184582 0.08407513 -0.0184582
v -0.01517103 0.08407513 0
v -0.01401615 0.08407513 -0.0058059
v -0.02411641 0.08407513 -0.00998949
v -0.02610359 0.08407513 0
v 0.01401641 0.08407513 -0.0058059
v 0.02411667 0.08407513 -0.00998949
v 0.01517128 0.08407513 0
v 0.02610359 0.08407513 0
v 0.01401641 0.08407513 0.00580564
v 0.01072769 0.08407513 0.01072744
v 0.0184582 0.08407513 0.01845795
v 0.02411667 0.08407513 0.00998923
v -0.01401615 0.08407513 0.00580564
v -0.02411641 0.08407513 0.00998923
v 0.0058059 0.08407513 0.01401615
v 0.00998949 0.08407513 0.02411641
v 0 0.08407513 0.01517103
v -0.00580564 0.08407513 0.01401615
v -0.00998923 0.08407513 0.02411641
v 0 0.08407513 0.02610359
v -0.01072744 0.08407513 0.01072744
v -0.01845795 0.08407513 0.01845795
v 0.00094615 0.07029564 -0.00624487
v 0.00380333 0.0802259 -0.00588846
v 0.00782846 0.07919103 -0.00338385
v 0.00483128 0.06878872 -0.00375897
v -0.00349538 0.07184846 -0.00505846
v -0.00079154 0.08126077 -0.00472231
v -0.0058918 0.07253769 -0.00089564
v -0.00326538 0.08168974 -0.00056974
v -0.00483821 0.07195898 0.00380538
v -0.00216718 0.08126077 0.00413718
v -0.00095308 0.07045205 0.00629154
v 0.00185795 0.0802259 0.0066418
v 0.00348846 0.06889923 0.00510487
v 0.00645282 0.07919103 0.00547564
v 0.00588487 0.06821 0.00094231
v 0.00892641 0.07876231 0.00132308
v 0.00645282 0.07919103 0.00547564
v 0.00348846 0.06889923 0.00510487
v 0.00557385 0.0899159 -0.00552974
v 0.00964923 0.08913641 -0.00301436
v 0.00091154 0.09061051 -0.00437821
v -0.00160667 0.09081385 -0.00023538
v -0.00050436 0.09040641 0.00447256
v 0.00357103 0.08962718 0.00698821
v 0.00823333 0.08893231 0.00583641
v 0.01075154 0.08872897 0.00169359
v 0.00823333 0.08893231 0.00583641
v 0.00687205 0.09916949 -0.00496667
v 0.01093718 0.09832487 -0.00245564
v 0.00219795 0.09978974 -0.00382
v -0.00034718 0.09982231 0.00031128
v 0.00072897 0.09924821 0.00500795
v 0.0047941 0.09840385 0.00751897
v 0.00946821 0.09778359 0.00637231
v 0.01201333 0.09775077 0.00224103
v 0.00946821 0.09778359 0.00637231
v 0.00833077 0.10778795 -0.00398538
v 0.01230795 0.10648283 -0.00153103
v 0.00370487 0.10865949 -0.00280795
v 0.00113974 0.10858744 0.00131051
v 0.00213923 0.10761333 0.00595795
v 0.00611667 0.1063082 0.00841231
v 0.01074256 0.10543667 0.00723462
v 0.01330769 0.10550898 0.00311641
v 0.01074256 0.10543667 0.00723462
v 0.01061769 0.11555436 -0.00235564
v 0.01430308 0.11334437 -0.00010179
v 0.00619256 0.1170482 -0.00104
v 0.00361949 0.1169518 0.00307308
v 0.00440718 0.11532051 0.00757462
v 0.00809256 0.11311052 0.00982821
v 0.01251769 0.11161642 0.00851256
v 0.01509077 0.11171308 0.00439974
v 0.01251769 0.11161642 0.00851256
v 0.01453615 0.12239513 0.00026128
v 0.01757872 0.11906667 0.00205308
v 0.01049846 0.12456359 0.00185538
v 0.00783103 0.12430282 0.00590051
v 0.00809718 0.12176436 0.01002744
v 0.01114 0.11843615 0.01181923
v 0.01517744 0.11626744 0.01022487
v 0.01784487 0.11652846 0.00617974
v 0.01517744 0.11626744 0.01022487
v 0.01953359 0.12727257 0.00438103
v 0.0214741 0.12290128 0.00520077
v 0.01593 0.12985154 0.00635769
v 0.0127741 0.12912846 0.00997205
v 0.01191564 0.1255259 0.01310718
v 0.0138559 0.12115462 0.01392692
v 0.01745974 0.11857565 0.01195026
v 0.02061539 0.11929872 0.0083359
v 0.01745974 0.11857565 0.01195026
v 0.02412641 0.12853052 0.00979256
v 0.02457385 0.12378667 0.0088759
v 0.02107 0.13124615 0.0124059
v 0.0171959 0.13034384 0.01518487
v 0.01477333 0.12635077 0.01650103
v 0.01522077 0.12160667 0.01558436
v 0.01827718 0.11889103 0.01297103
v 0.02215128 0.11979359 0.01019205
v 0.01827718 0.11889103 0.01297103
v 0.02754231 0.12614102 0.01493846
v 0.02676667 0.12217872 0.01224692
v 0.02505513 0.12849282 0.01837769
v 0.02076282 0.1278577 0.02054974
v 0.01717974 0.12460642 0.0201818
v 0.01640385 0.12064436 0.01749026
v 0.01889103 0.11829231 0.01405128
v 0.02318333 0.11892743 0.01187897
v 0.01889103 0.11829231 0.01405128
v 0.02981615 0.12148385 0.01875615
v 0.02837744 0.11876257 0.01500513
v 0.02772359 0.12309692 0.02282615
v 0.02332667 0.12265744 0.02483128
v 0.01920103 0.12042205 0.02359615
v 0.01776231 0.11770052 0.01984513
v 0.01985487 0.11608744 0.01577513
v 0.02425154 0.11652718 0.01377
v 0.01985487 0.11608744 0.01577513
v 0.03148872 0.11547974 0.02116872
v 0.02969615 0.11393821 0.01693154
v 0.02966461 0.11619898 0.02560744
v 0.02529333 0.11567462 0.02764744
v 0.02093513 0.11421359 0.02609308
v 0.01914231 0.11267179 0.02185564
v 0.02096641 0.11195282 0.01741718
v 0.02533769 0.11247718 0.01537692
v 0.02096641 0.11195282 0.01741718
v 0.0327859 0.10913307 0.02197308
v 0.03091077 0.10788308 0.0176759
v 0.03112282 0.10928077 0.02652923
v 0.02689744 0.10824001 0.02867564
v 0.02258385 0.10662001 0.02715385
v 0.02070898 0.10537 0.02285667
v 0.02237205 0.10522206 0.01830051
v 0.02659744 0.10626308 0.0161541
v 0.02237205 0.10522206 0.01830051
v 0.03459615 0.10483 0.02258846
v 0.03328179 0.10247052 0.01855718
v 0.03285256 0.10513718 0.02710641
v 0.02907359 0.10321282 0.02946462
v 0.02547231 0.10018385 0.02828103
v 0.02415795 0.09782436 0.02424974
v 0.02590154 0.09751718 0.0197318
v 0.02968051 0.09944129 0.01737333
v 0.02590154 0.09751718 0.0197318
v 0.03777205 0.10219257 0.02430359
v 0.03742744 0.09887436 0.02078
v 0.03574667 0.1027782 0.0286741
v 0.03253846 0.10028974 0.03133128
v 0.03002667 0.09618359 0.03071744
v 0.02968231 0.09286539 0.02719385
v 0.03170744 0.09227975 0.02282333
v 0.03491564 0.09476821 0.02016615
v 0.03170744 0.09227975 0.02282333
v 0.03988564 0.10107975 0.02552205
v 0.03968769 0.09766487 0.02208051
v 0.03781513 0.10169539 0.02986692
v 0.03468923 0.09915231 0.03257026
v 0.03233949 0.09493923 0.03204744
v 0.03214154 0.0915241 0.0286059
v 0.03421205 0.09090846 0.02426103
v 0.03733795 0.09345154 0.02155769
v 0.03421205 0.09090846 0.02426103
vn -0.38103 0.17353 0.90813
vn -0.39043 -0.00021 0.92063
vn -0.33758 -0.00043 0.9413
vn -0.33446 0.11139 0.93581
vn -0.27724 0.27718 0.91995
vn -0.1738 -0.38164 0.90782
vn -0.00021 -0.39043 0.92063
vn -0.00043 -0.33758 0.9413
vn -0.11225 -0.33645 0.93499
vn -0.27766 -0.27766 0.91968
vn 0.17353 -0.38103 0.90813
vn 0.27718 -0.27724 0.91995
vn 0.11139 -0.33446 0.93581
vn -0.17353 0.38105 0.90812
vn -0.11142 0.33454 0.93577
vn 0.0004 0.3376 0.94129
vn 0.00018 0.39043 0.92063
vn 0.33454 -0.11142 0.93577
vn 0.38105 -0.17353 0.90812
vn 0.39043 0.00018 0.92063
vn 0.3376 0.0004 0.94129
vn -0.38164 -0.1738 0.90782
vn -0.33645 -0.11225 0.93499
vn 0.33638 0.11222 0.93502
vn 0.38164 0.1738 0.90782
vn 0.27761 0.27761 0.91971
vn 0.11222 0.33638 0.93502
vn 0.17378 0.38164 0.90783
vn -0.77738 0 0.62903
vn -0.71821 -0.29747 0.62904
vn 0 0 1
vn 0.54969 0.54969 0.62904
vn 0.29747 0.71821 0.62904
vn -0.54969 0.54969 0.62904
vn -0.71821 0.29747 0.62904
vn 0.29747 -0.71821 0.62904
vn 0.54969 -0.54969 0.62904
vn 0 0.77738 0.62903
vn -0.29747 0.71821 0.62904
vn 0 -0.77738 0.62903
vn 0.77738 0 0.62903
vn 0.71821 0.29747 0.62904
vn -0.29747 -0.71821 0.62904
vn -0.54969 -0.54969 0.62904
vn 0.71821 -0.29747 0.62904
vn 0.7638 -0.43196 -0.4796
vn 0.634 0.634 -0.44283
vn 0.57735 0.57735 -0.57735
vn 0.44283 0.634 -0.634
vn 0.47721 0.73794 -0.47721
vn 0.634 0.44283 -0.634
vn 0.47721 0.47721 -0.73794
vn 0.29586 0.67545 -0.67545
vn 0.31722 0.79948 -0.5101
vn 0.73794 0.47721 -0.47721
vn 0.5101 0.79948 -0.31722
vn 0.67545 0.67545 -0.29586
vn 0.33916 0.87746 -0.33916
vn 0.31722 0.5101 -0.79948
vn 0.14805 0.69931 -0.69931
vn 0.15839 0.83406 -0.52844
vn 0.16938 0.92079 -0.35137
vn 0.52844 0.83406 -0.15839
vn 0.69931 0.69931 -0.14805
vn 0.35137 0.92079 -0.16938
vn 0.5101 0.31722 -0.79948
vn 0.67545 0.29586 -0.67545
vn 0.17548 0.96872 -0.17548
vn 0.79948 0.31722 -0.5101
vn 0.79948 0.5101 -0.31722
vn 0.33916 0.33916 -0.87746
vn 0.15839 0.52844 -0.83406
vn 0 0.84526 -0.53436
vn 0 0.93475 -0.35531
vn 0 0.98413 -0.17744
vn 0.83406 0.15839 -0.52844
vn 0.69931 0.14805 -0.69931
vn 0.87746 0.33916 -0.33916
vn 0.83406 0.52844 -0.15839
vn 0.53436 0.84526 0
vn 0.70711 0.70711 0
vn 0.35531 0.93475 0
vn 0.17744 0.98413 0
vn 0.52844 0.15839 -0.83406
vn 0 0.70711 -0.70711
vn 0 1 0
vn 0.70711 0 -0.70711
vn 0.53436 0 -0.84526
vn 0.35137 0.16938 -0.92079
vn 0.16938 0.35137 -0.92079
vn 0 0.53436 -0.84526
vn -0.14805 0.69931 -0.69931
vn -0.15839 0.83406 -0.52844
vn -0.16938 0.92079 -0.35137
vn -0.17548 0.96872 -0.17548
vn -0.17744 0.98413 0
vn 0.84526 0 -0.53436
vn 0.92079 0.16938 -0.35137
vn 0.92079 0.35137 -0.16938
vn 0.84526 0.53436 0
vn 0.52844 0.83406 0.15839
vn 0.69931 0.69931 0.14805
vn 0.35137 0.92079 0.16938
vn 0.17548 0.96872 0.17548
vn 0 0.98413 0.17744
vn -0.17548 0.96872 0.17548
vn 0.69931 -0.14805 -0.69931
vn 0.52844 -0.15839 -0.83406
vn 0.35531 0 -0.93475
vn 0.17548 0.17548 -0.96872
vn 0 0.35531 -0.93475
vn -0.15839 0.52844 -0.83406
vn -0.29586 0.67545 -0.67545
vn -0.31722 0.79948 -0.5101
vn -0.33916 0.87746 -0.33916
vn -0.35137 0.92079 -0.16938
vn -0.35531 0.93475 0
vn -0.35137 0.92079 0.16938
vn -0.16938 0.92079 0.35137
vn 0 0.93475 0.35531
vn 0.83406 -0.15839 -0.52844
vn 0.93475 0 -0.35531
vn 0.96872 0.17548 -0.17548
vn 0.93475 0.35531 0
vn 0.83406 0.52844 0.15839
vn 0.5101 0.79948 0.31722
vn 0.67545 0.67545 0.29586
vn 0.33916 0.87746 0.33916
vn 0.16938 0.92079 0.35137
vn -0.33916 0.87746 0.33916
vn 0.67545 -0.29586 -0.67545
vn 0.5101 -0.31722 -0.79948
vn 0.35137 -0.16938 -0.92079
vn 0.17744 0 -0.98413
vn 0 0.17744 -0.98413
vn -0.16938 0.35137 -0.92079
vn -0.31722 0.5101 -0.79948
vn -0.44283 0.634 -0.634
vn -0.47721 0.73794 -0.47721
vn -0.5101 0.79948 -0.31722
vn -0.52844 0.83406 -0.15839
vn -0.53436 0.84526 0
vn -0.52844 0.83406 0.15839
vn -0.5101 0.79948 0.31722
vn -0.15839 0.83406 0.52844
vn 0 0.84526 0.53436
vn -0.31722 0.79948 0.5101
vn 0.79948 -0.31722 -0.5101
vn 0.92079 -0.16938 -0.35137
vn 0.98413 0 -0.17744
vn 0.98413 0.17744 0
vn 0.92079 0.35137 0.16938
vn 0.79948 0.5101 0.31722
vn 0.47721 0.73794 0.47721
vn 0.634 0.634 0.44283
vn 0.31722 0.79948 0.5101
vn 0.15839 0.83406 0.52844
vn -0.47721 0.73794 0.47721
vn 0.634 -0.44283 -0.634
vn 0.47721 -0.47721 -0.73794
vn 0.33916 -0.33916 -0.87746
vn 0.17548 -0.17548 -0.96872
vn 0 0 -1
vn -0.17548 0.17548 -0.96872
vn -0.33916 0.33916 -0.87746
vn -0.47721 0.47721 -0.73794
vn -0.57735 0.57735 -0.57735
vn -0.634 0.634 -0.44283
vn -0.67545 0.67545 -0.29586
vn -0.69931 0.69931 -0.14805
vn -0.70711 0.70711 0
vn -0.69931 0.69931 0.14805
vn -0.67545 0.67545 0.29586
vn -0.634 0.634 0.44283
vn -0.57735 0.57735 0.57735
vn -0.44283 0.634 0.634
vn 0 0.70711 0.70711
vn -0.14805 0.69931 0.69931
vn -0.29586 0.67545 0.67545
vn 0.73794 -0.47721 -0.47721
vn 0.87746 -0.33916 -0.33916
vn 0.96872 -0.17548 -0.17548
vn 1 0 0
vn 0.96872 0.17548 0.17548
vn 0.87746 0.33916 0.33916
vn 0.73794 0.47721 0.47721
vn 0.57735 0.57735 0.57735
vn 0.44283 0.634 0.634
vn 0.29586 0.67545 0.67545
vn 0.14805 0.69931 0.69931
vn 0.57735 -0.57735 -0.57735
vn 0.44283 -0.634 -0.634
vn 0.31722 -0.5101 -0.79948
vn 0.16938 -0.35137 -0.92079
vn 0 -0.17744 -0.98413
vn -0.17744 0 -0.98413
vn -0.35137 0.16938 -0.92079
vn -0.5101 0.31722 -0.79948
vn -0.634 0.44283 -0.634
vn -0.73794 0.47721 -0.47721
vn -0.79948 0.5101 -0.31722
vn -0.83406 0.52844 -0.15839
vn -0.84526 0.53436 0
vn -0.83406 0.52844 0.15839
vn -0.79948 0.5101 0.31722
vn -0.73794 0.47721 0.47721
vn -0.634 0.44283 0.634
vn -0.15839 0.52844 0.83406
vn 0 0.53436 0.84526
vn -0.31722 0.5101 0.79948
vn -0.47721 0.47721 0.73794
vn 0.634 -0.634 -0.44283
vn 0.79948 -0.5101 -0.31722
vn 0.92079 -0.35137 -0.16938
vn 0.98413 -0.17744 0
vn 0.98413 0 0.17744
vn 0.92079 0.16938 0.35137
vn 0.79948 0.31722 0.5101
vn 0.634 0.44283 0.634
vn 0.47721 0.47721 0.73794
vn 0.31722 0.5101 0.79948
vn 0.15839 0.52844 0.83406
vn -0.17548 -0.17548 -0.96872
vn -0.35531 0 -0.93475
vn 0.96872 -0.17548 0.17548
vn 0.93475 0 0.35531
vn 0.47721 -0.73794 -0.47721
vn 0.29586 -0.67545 -0.67545
vn 0.15839 -0.52844 -0.83406
vn 0 -0.35531 -0.93475
vn -0.52844 0.15839 -0.83406
vn -0.67545 0.29586 -0.67545
vn -0.79948 0.31722 -0.5101
vn -0.87746 0.33916 -0.33916
vn -0.92079 0.35137 -0.16938
vn -0.93475 0.35531 0
vn -0.92079 0.35137 0.16938
vn -0.87746 0.33916 0.33916
vn -0.79948 0.31722 0.5101
vn -0.67545 0.29586 0.67545
vn -0.34947 0.34947 0.86933
vn -0.5101 0.31722 0.79948
vn 0.67545 -0.67545 -0.29586
vn 0.83406 -0.52844 -0.15839
vn 0.93475 -0.35531 0
vn 0.83406 0.15839 0.52844
vn 0.67545 0.29586 0.67545
vn 0.5101 0.31722 0.79948
vn 0.34947 0.34947 0.86933
vn -0.16938 -0.35137 -0.92079
vn -0.35137 -0.16938 -0.92079
vn -0.53436 0 -0.84526
vn -0.96872 0.17548 0.17548
vn -0.92079 0.16938 0.35137
vn -0.83406 0.15839 0.52844
vn -0.69931 0.14805 0.69931
vn 0.38183 0.92423 0
vn 0.38268 0.92388 0
vn -0.52844 0.15839 0.83406
vn 0.69931 -0.69931 -0.14805
vn 0.84526 -0.53436 0
vn 0.92079 -0.35137 0.16938
vn 0.92079 -0.16938 0.35137
vn 0.84526 0 0.53436
vn 0.69931 0.14805 0.69931
vn 0.52844 0.15839 0.83406
vn 0.92423 0.38183 0
vn 0.92388 0.38268 0
vn 0.31722 -0.79948 -0.5101
vn 0.5101 -0.79948 -0.31722
vn 0.14805 -0.69931 -0.69931
vn 0 -0.53436 -0.84526
vn -0.15839 -0.52844 -0.83406
vn -0.33916 -0.33916 -0.87746
vn -0.52844 -0.15839 -0.83406
vn -0.70711 0 -0.70711
vn -0.69931 0.14805 -0.69931
vn -0.83406 0.15839 -0.52844
vn -0.92079 0.16938 -0.35137
vn -0.96872 0.17548 -0.17548
vn -0.98413 0.17744 0
vn 0.83406 -0.52844 0.15839
vn 0.87746 -0.33916 0.33916
vn 0.83406 -0.15839 0.52844
vn 0.70711 0 0.70711
vn 0.15839 -0.83406 -0.52844
vn 0.33916 -0.87746 -0.33916
vn 0.52844 -0.83406 -0.15839
vn 0 -0.70711 -0.70711
vn -0.84526 0 -0.53436
vn -0.93475 0 -0.35531
vn -0.98413 0 -0.17744
vn -1 0 0
vn -0.98413 0 0.17744
vn -0.93475 0 0.35531
vn -0.84526 0 0.53436
vn -0.70711 0 0.70711
vn -0.53436 0 0.84526
vn 0.70711 -0.70711 0
vn 0.53436 0 0.84526
vn -0.14805 -0.69931 -0.69931
vn -0.31722 -0.5101 -0.79948
vn -0.5101 -0.31722 -0.79948
vn -0.69931 -0.14805 -0.69931
vn 0.69931 -0.69931 0.14805
vn 0.79948 -0.5101 0.31722
vn 0.79948 -0.31722 0.5101
vn 0.69931 -0.14805 0.69931
vn 0 -0.84526 -0.53436
vn 0.16938 -0.92079 -0.35137
vn 0.35137 -0.92079 -0.16938
vn 0.53436 -0.84526 0
vn -0.83406 -0.15839 -0.52844
vn -0.92079 -0.16938 -0.35137
vn -0.96872 -0.17548 -0.17548
vn -0.98413 -0.17744 0
vn -0.96872 -0.17548 0.17548
vn -0.92079 -0.16938 0.35137
vn -0.83406 -0.15839 0.52844
vn -0.69931 -0.14805 0.69931
vn -0.52844 -0.15839 0.83406
vn 0.52844 -0.15839 0.83406
vn 0.92423 -0.38183 0
vn 0.92388 -0.38268 0
vn -0.15839 -0.83406 -0.52844
vn -0.29586 -0.67545 -0.67545
vn -0.47721 -0.47721 -0.73794
vn -0.67545 -0.29586 -0.67545
vn -0.93475 -0.35531 0
vn -0.92079 -0.35137 0.16938
vn 0.52844 -0.83406 0.15839
vn 0.67545 -0.67545 0.29586
vn 0.73794 -0.47721 0.47721
vn 0.67545 -0.29586 0.67545
vn 0 -0.93475 -0.35531
vn 0.17548 -0.96872 -0.17548
vn 0.35531 -0.93475 0
vn -0.79948 -0.31722 -0.5101
vn -0.87746 -0.33916 -0.33916
vn -0.92079 -0.35137 -0.16938
vn -0.87746 -0.33916 0.33916
vn -0.79948 -0.31722 0.5101
vn -0.67545 -0.29586 0.67545
vn -0.5101 -0.31722 0.79948
vn -0.34947 -0.34947 0.86933
vn 0.5101 -0.31722 0.79948
vn 0.34947 -0.34947 0.86933
vn -0.31722 -0.79948 -0.5101
vn -0.16938 -0.92079 -0.35137
vn -0.44283 -0.634 -0.634
vn -0.634 -0.44283 -0.634
vn -0.84526 -0.53436 0
vn -0.83406 -0.52844 0.15839
vn -0.79948 -0.5101 0.31722
vn -0.92423 -0.38183 0
vn -0.92388 -0.38268 0
vn 0.35137 -0.92079 0.16938
vn 0.5101 -0.79948 0.31722
vn 0.634 -0.634 0.44283
vn 0.634 -0.44283 0.634
vn 0.38183 -0.92423 0
vn 0.38268 -0.92388 0
vn 0 -0.98413 -0.17744
vn 0.17744 -0.98413 0
vn -0.73794 -0.47721 -0.47721
vn -0.79948 -0.5101 -0.31722
vn -0.83406 -0.52844 -0.15839
vn -0.73794 -0.47721 0.47721
vn -0.634 -0.44283 0.634
vn -0.47721 -0.47721 0.73794
vn -0.31722 -0.5101 0.79948
vn -0.15839 -0.52844 0.83406
vn 0.47721 -0.47721 0.73794
vn 0.31722 -0.5101 0.79948
vn 0.15839 -0.52844 0.83406
vn 0 -0.53436 0.84526
vn -0.47721 -0.73794 -0.47721
vn -0.33916 -0.87746 -0.33916
vn -0.17548 -0.96872 -0.17548
vn -0.57735 -0.57735 -0.57735
vn -0.70711 -0.70711 0
vn -0.69931 -0.69931 0.14805
vn -0.67545 -0.67545 0.29586
vn -0.634 -0.634 0.44283
vn 0.17548 -0.96872 0.17548
vn 0.33916 -0.87746 0.33916
vn 0.47721 -0.73794 0.47721
vn 0.57735 -0.57735 0.57735
vn 0 -1 0
vn -0.634 -0.634 -0.44283
vn -0.67545 -0.67545 -0.29586
vn -0.69931 -0.69931 -0.14805
vn -0.57735 -0.57735 0.57735
vn -0.44283 -0.634 0.634
vn -0.29586 -0.67545 0.67545
vn -0.14805 -0.69931 0.69931
vn 0.44283 -0.634 0.634
vn 0.29586 -0.67545 0.67545
vn 0.14805 -0.69931 0.69931
vn 0 -0.70711 0.70711
vn -0.5101 -0.79948 -0.31722
vn -0.35137 -0.92079 -0.16938
vn -0.17744 -0.98413 0
vn -0.53436 -0.84526 0
vn -0.52844 -0.83406 0.15839
vn -0.5101 -0.79948 0.31722
vn -0.47721 -0.73794 0.47721
vn 0 -0.98413 0.17744
vn 0.16938 -0.92079 0.35137
vn 0.31722 -0.79948 0.5101
vn -0.52844 -0.83406 -0.15839
vn -0.31722 -0.79948 0.5101
vn -0.15839 -0.83406 0.52844
vn -0.17548 -0.96872 0.17548
vn 0 -0.93475 0.35531
vn 0 -0.84526 0.53436
vn 0.15839 -0.83406 0.52844
vn -0.35531 -0.93475 0
vn -0.35137 -0.92079 0.16938
vn -0.33916 -0.87746 0.33916
vn -0.16938 -0.92079 0.35137
vn -0.38183 0.92423 0
vn -0.38268 0.92388 0
vn -0.38183 -0.92423 0
vn -0.38268 -0.92388 0
vn -0.92423 0.38183 0
vn -0.92388 0.38268 0
vn -0.3828 0.92306 0.03769
vn -0.00018 0.99989 0.01495
vn -0.00052 0.79234 0.61008
vn -0.30229 0.74552 0.59399
vn 0.38307 0.92295 0.0376
vn 0.30147 0.7454 0.59455
vn 0.70696 0.70696 -0.02011
vn 0.57163 0.57163 0.58863
vn -0.99989 0.00018 0.01495
vn -0.92296 0.38308 0.03735
vn -0.74602 0.30175 0.59364
vn -0.79234 0.00052 0.61008
vn -0.70703 0.70688 -0.02063
vn -0.57194 0.57172 0.58823
vn 0.92295 0.38307 0.0376
vn 0.7454 0.30147 0.59455
vn 0.99989 -0.00018 0.01495
vn 0.79234 -0.00052 0.61008
vn 0.92306 -0.3828 0.03769
vn 0.70688 -0.70703 -0.02063
vn 0.57172 -0.57194 0.58823
vn 0.74552 -0.30229 0.59399
vn -0.92306 -0.38277 0.0379
vn -0.74492 -0.30202 0.59488
vn 0.38308 -0.92296 0.03735
vn 0.30175 -0.74602 0.59364
vn 0.00018 -0.99989 0.01495
vn 0.00052 -0.79234 0.61008
vn -0.70697 -0.70697 -0.01965
vn -0.57123 -0.57123 0.58939
vn -0.38277 -0.92306 0.0379
vn -0.30202 -0.74492 0.59488
vn -0.32128 -0.75459 -0.57217
vn -0.58068 -0.58068 -0.57064
vn -0.75459 -0.32128 -0.57217
vn 0.32131 -0.75464 -0.57208
vn -0.00015 -0.82417 -0.56634
vn -0.58075 0.58075 -0.57049
vn -0.32131 0.75464 -0.57208
vn -0.82417 -0.00015 -0.56634
vn -0.75464 0.32131 -0.57208
vn 0.75464 -0.32131 -0.57208
vn 0.58075 -0.58075 -0.57049
vn 0.00015 0.82417 -0.56634
vn 0.82417 0.00015 -0.56634
vn 0.75459 0.32128 -0.57217
vn 0.58068 0.58068 -0.57064
vn 0.32128 0.75459 -0.57217
vn 0.16666 0.98593 -0.01263
vn 0.16483 0.98632 -0.00281
vn 0.79221 0.58761 -0.16465
vn 0.78428 0.5856 -0.20488
vn -0.55527 0.81005 0.18843
vn -0.5635 0.81022 0.16129
vn -0.94912 0.14841 0.27776
vn -0.96127 0.1514 0.2303
vn -0.77246 -0.60266 0.20026
vn -0.78436 -0.59885 0.16176
vn -0.13602 -0.9907 0.00348
vn -0.14188 -0.98988 -0.00284
vn 0.57404 -0.79552 -0.19399
vn 0.57895 -0.79847 -0.16511
vn 0.94916 -0.14618 -0.27879
vn 0.96166 -0.14731 -0.23133
vn 0.16227 0.9865 0.02203
vn 0.80122 0.58987 -0.10047
vn -0.57292 0.80896 0.13176
vn -0.97404 0.1558 0.16422
vn -0.80054 -0.59091 0.09986
vn -0.15339 -0.98789 -0.0235
vn 0.58215 -0.80213 -0.13297
vn 0.97509 -0.14863 -0.16462
vn 0.15958 0.98528 0.06131
vn 0.80123 0.59406 -0.07163
vn -0.57267 0.80425 0.15886
vn -0.97371 0.15781 0.16428
vn -0.80927 -0.58275 0.07407
vn -0.16788 -0.98401 -0.05942
vn 0.5745 -0.80321 -0.15748
vn 0.97575 -0.14679 -0.16236
vn 0.15979 0.97969 0.1211
vn 0.79287 0.60355 -0.08414
vn -0.55881 0.7886 0.25661
vn -0.95759 0.15027 0.24583
vn -0.81124 -0.57706 0.0943
vn -0.18929 -0.97549 -0.11222
vn 0.55185 -0.7952 -0.25123
vn 0.96159 -0.13471 -0.23914
vn 0.17313 0.963 0.20652
vn 0.76498 0.62821 -0.14198
vn -0.50659 0.74562 0.43292
vn -0.90163 0.11463 0.41705
vn -0.79332 -0.58524 0.16773
vn -0.22398 -0.95799 -0.17914
vn 0.48989 -0.76274 -0.42217
vn 0.90802 -0.09384 -0.40829
vn 0.24703 0.9089 0.33596
vn 0.73332 0.65425 -0.18492
vn -0.36773 0.65476 0.66035
vn -0.78139 0.04297 0.62256
vn -0.76039 -0.6044 0.23772
vn -0.28483 -0.91461 -0.28697
vn 0.37261 -0.67036 -0.6417
vn 0.79823 -0.00311 -0.60235
vn 0.43096 0.74379 0.51093
vn 0.74757 0.64569 -0.15564
vn -0.11072 0.43865 0.89181
vn -0.59359 -0.09906 0.79864
vn -0.75878 -0.59504 0.26491
vn -0.46472 -0.76584 -0.44444
vn 0.14899 -0.45156 -0.87971
vn 0.64811 0.15767 -0.74505
vn 0.68241 0.44326 0.58124
vn 0.78554 0.60419 -0.1337
vn 0.21873 0.04691 0.97466
vn -0.36012 -0.37416 0.85458
vn -0.75572 -0.59672 0.26985
vn -0.73231 -0.47222 -0.49063
vn -0.22722 -0.03461 -0.97323
vn 0.43563 0.42168 -0.79524
vn 0.86572 0.17946 0.46726
vn 0.78019 0.60827 -0.146
vn 0.47626 -0.33767 0.81188
vn -0.16697 -0.67338 0.7202
vn -0.73137 -0.64094 0.23302
vn -0.89403 -0.21583 -0.3926
vn -0.51206 0.36068 -0.77956
vn 0.21052 0.70044 -0.68195
vn 0.94621 0.05817 0.31828
vn 0.74508 0.65777 -0.11042
vn 0.60967 -0.56127 0.55971
vn -0.05933 -0.86916 0.49096
vn -0.70255 -0.69568 0.14988
vn -0.95416 -0.1113 -0.27782
vn -0.63462 0.55329 -0.53956
vn 0.08371 0.87694 -0.47326
vn 0.97326 0.02567 0.22828
vn 0.70911 0.70499 -0.01257
vn 0.67569 -0.6554 0.33748
vn 0.00229 -0.96653 0.25654
vn -0.67481 -0.73738 0.02994
vn -0.97321 -0.08277 -0.21448
vn -0.7002 0.63235 -0.33144
vn 0.00681 0.96895 -0.24717
vn 0.95544 0.068 0.28725
vn 0.64105 0.76203 0.09146
vn 0.68348 -0.66249 0.30654
vn 0.00491 -0.98918 0.14664
vn -0.66983 -0.73481 -0.10669
vn -0.95069 -0.06275 -0.30372
vn -0.6959 0.6388 -0.32811
vn -0.04956 0.98484 -0.16623
vn 0.82384 0.1756 0.53894
vn 0.58252 0.79979 0.14493
vn 0.54055 -0.59085 0.59891
vn -0.09601 -0.95958 0.26454
vn -0.64613 -0.73292 -0.21297
vn -0.82184 -0.10416 -0.56012
vn -0.55164 0.57691 -0.60239
vn 0.01718 0.9477 -0.31871
vn 0.63144 0.24465 0.73582
vn 0.57327 0.79657 0.19193
vn 0.30355 -0.45599 0.83662
vn -0.20502 -0.88149 0.42538
vn -0.59403 -0.76986 -0.23335
vn -0.64053 -0.20908 -0.73892
vn -0.32872 0.46264 -0.82335
vn 0.16856 0.87744 -0.4491
vn 0.56271 0.25841 0.78523
vn 0.57486 0.78397 0.23438
vn 0.22957 -0.40749 0.88388
vn -0.23326 -0.8452 0.48086
vn -0.56964 -0.79584 -0.2053
vn -0.57562 -0.27025 -0.77177
vn -0.23857 0.41802 -0.87655
vn 0.24236 0.85549 -0.45761
vt 0.74655 0.35994
vt 0.74727 0.39609
vt 0.75419 0.3959
vt 0.75842 0.36962
vt 0.77289 0.34733
vt 0.78795 0.46994
vt 0.82407 0.46951
vt 0.82392 0.46262
vt 0.79764 0.45812
vt 0.77559 0.44349
vt 0.86001 0.46827
vt 0.87105 0.44144
vt 0.84975 0.45698
vt 0.78394 0.3205
vt 0.79413 0.3318
vt 0.82003 0.32615
vt 0.81987 0.31926
vt 0.88551 0.41921
vt 0.8974 0.42883
vt 0.89668 0.39268
vt 0.88975 0.39286
vt 0.74848 0.43233
vt 0.75986 0.42207
vt 0.88409 0.36677
vt 0.89546 0.35644
vt 0.86836 0.34528
vt 0.84624 0.33064
vt 0.85599 0.31883
vt 0.46965 0.43526
vt 0.46887 0.41635
vt 0.39282 0.42897
vt 0.60081 0.35053
vt 0.5827 0.356
vt 0.61387 0.4265
vt 0.54337 0.39533
vt 0.5379 0.41344
vt 0.4244 0.35865
vt 0.40632 0.35307
vt 0.56646 0.36571
vt 0.55308 0.37909
vt 0.537 0.43234
vt 0.44058 0.36846
vt 0.63826 0.35337
vt 0.61971 0.34963
vt 0.45388 0.38192
vt 0.4635 0.39821
vt 0.38743 0.35207
vt 0.36886 0.3557
vt 0.7707 0.02124
vt 0.7707 0.03675
vt 0.78167 0.04771
vt 0.79718 0.04771
vt 0.80814 0.03674
vt 0.80814 0.02123
vt 0.79717 0.01027
vt 0.78166 0.01027
vt 0.01639 0.93998
vt 0.02756 0.98014
vt 0.06825 0.98922
vt 0.06293 0.9429
vt 0.64508 0.32014
vt 0.65415 0.27945
vt 0.60783 0.28477
vt 0.60492 0.33131
vt 0.10609 0.99483
vt 0.10306 0.94481
vt 0.97705 0.97191
vt 0.98667 0.93135
vt 0.94028 0.93605
vt 0.93674 0.98254
vt 0.05895 0.90292
vt 0.00884 0.90248
vt 0.10064 0.90318
vt 0.56785 0.28876
vt 0.56742 0.33886
vt 0.14211 0.99741
vt 0.14006 0.94555
vt 0.13842 0.90304
vt 0.05629 0.86601
vt 0.00439 0.86665
vt 0.09883 0.86545
vt 0.60974 0.24464
vt 0.65976 0.24161
vt 0.13708 0.86481
vt 0.90025 0.9395
vt 0.89915 0.9896
vt 0.94272 0.89595
vt 0.99278 0.89358
vt 0.56812 0.24706
vt 0.53094 0.29141
vt 0.53158 0.34331
vt 0.17565 0.94522
vt 0.17455 0.90246
vt 0.17355 0.86406
vt 0.86331 0.94166
vt 0.86326 0.99357
vt 0.90107 0.89781
vt 0.99584 0.8576
vt 0.94396 0.85896
vt 0.05478 0.83044
vt 0.00259 0.8318
vt 0.09754 0.82934
vt 0.13594 0.82834
vt 0.61048 0.20764
vt 0.66235 0.2056
vt 0.177 0.99741
vt 0.1726 0.8274
vt 0.66235 0.1707
vt 0.61015 0.17205
vt 0.56797 0.20928
vt 0.53038 0.24887
vt 0.49538 0.29292
vt 0.49673 0.34512
vt 0.21186 0.99561
vt 0.21121 0.94371
vt 0.21066 0.90117
vt 0.21002 0.86292
vt 0.20927 0.82645
vt 0.82773 0.9427
vt 0.82838 0.99491
vt 0.86331 0.89912
vt 0.90143 0.86004
vt 0.99631 0.82271
vt 0.9441 0.82337
vt 0.05445 0.79485
vt 0.00259 0.7969
vt 0.09696 0.79321
vt 0.13519 0.79187
vt 0.17166 0.79073
vt 0.20813 0.78998
vt 0.66054 0.13585
vt 0.60864 0.13649
vt 0.56739 0.17316
vt 0.52975 0.21063
vt 0.49427 0.25016
vt 0.45979 0.29325
vt 0.46183 0.34512
vt 0.24769 0.99116
vt 0.24813 0.94105
vt 0.24839 0.89936
vt 0.24825 0.86158
vt 0.24767 0.82545
vt 0.24638 0.78934
vt 0.20679 0.75175
vt 0.17066 0.75233
vt 0.79213 0.94256
vt 0.79349 0.99445
vt 0.82719 0.89993
vt 0.86319 0.86087
vt 0.90133 0.8239
vt 0.99497 0.78784
vt 0.94306 0.78779
vt 0.05519 0.75785
vt 0.00517 0.76088
vt 0.09682 0.75543
vt 0.13455 0.75362
vt 0.24457 0.75161
vt 0.6561 0.10001
vt 0.60599 0.09957
vt 0.5661 0.13704
vt 0.529 0.17415
vt 0.49328 0.21177
vt 0.45814 0.25074
vt 0.42279 0.29251
vt 0.42581 0.34253
vt 0.28519 0.98361
vt 0.2881 0.93707
vt 0.29002 0.89694
vt 0.29076 0.85994
vt 0.29043 0.82435
vt 0.28892 0.78879
vt 0.28626 0.75187
vt 0.20515 0.70924
vt 0.16956 0.70957
vt 0.24215 0.70998
vt 0.75515 0.94133
vt 0.75751 0.99138
vt 0.79106 0.90003
vt 0.82671 0.86152
vt 0.86292 0.82439
vt 0.90052 0.78778
vt 0.991 0.75195
vt 0.9409 0.75084
vt 0.0571 0.71772
vt 0.01078 0.72304
vt 0.09708 0.71374
vt 0.13399 0.71108
vt 0.28228 0.7119
vt 0.64854 0.06251
vt 0.602 0.0596
vt 0.56429 0.09931
vt 0.52786 0.13768
vt 0.49233 0.1751
vt 0.4568 0.21252
vt 0.42036 0.25089
vt 0.38266 0.2906
vt 0.38797 0.33692
vt 0.32535 0.97244
vt 0.33443 0.93175
vt 0.34004 0.89391
vt 0.34262 0.85789
vt 0.34262 0.823
vt 0.34082 0.78814
vt 0.33637 0.75231
vt 0.32882 0.71481
vt 0.31765 0.67465
vt 0.27696 0.66557
vt 0.1682 0.65738
vt 0.2031 0.65738
vt 0.23912 0.65996
vt 0.71505 0.93888
vt 0.71975 0.98527
vt 0.75328 0.89967
vt 0.79022 0.86179
vt 0.82624 0.82485
vt 0.86227 0.78791
vt 0.89921 0.75002
vt 0.93744 0.71082
vt 0.98394 0.71435
vt 0.01986 0.68235
vt 0.06002 0.67118
vt 0.09752 0.66363
vt 0.13335 0.65918
vt 0.63737 0.02235
vt 0.59668 0.01327
vt 0.56187 0.05768
vt 0.52651 0.09945
vt 0.49138 0.13843
vt 0.45566 0.17605
vt 0.41855 0.21315
vt 0.37867 0.25062
vt 0.33612 0.28768
vt 0.34729 0.32785
vt 0.01639 0.50558
vt 0.02756 0.54574
vt 0.06825 0.55482
vt 0.06293 0.50849
vt 0.00884 0.46808
vt 0.05894 0.46851
vt 0.00439 0.43224
vt 0.05629 0.4316
vt 0.00259 0.39739
vt 0.05478 0.39604
vt 0.00259 0.36249
vt 0.05445 0.36045
vt 0.00517 0.32648
vt 0.05519 0.32345
vt 0.01078 0.28863
vt 0.0571 0.28332
vt 0.01986 0.24795
vt 0.06002 0.23678
vt 0.78284 0.22624
vt 0.78342 0.27804
vt 0.81889 0.27659
vt 0.81762 0.22449
vt 0.74707 0.23063
vt 0.74659 0.28065
vt 0.70961 0.23814
vt 0.70668 0.28461
vt 0.66949 0.24928
vt 0.66041 0.28991
vt 0.66855 0.93535
vt 0.67918 0.97565
vt 0.71159 0.89885
vt 0.75197 0.86192
vt 0.78957 0.82531
vt 0.82578 0.78817
vt 0.86143 0.74966
vt 0.89734 0.70837
vt 0.97331 0.67404
vt 0.93274 0.66442
vt 0.92622 0.2328
vt 0.93148 0.27909
vt 0.97798 0.28205
vt 0.96686 0.24191
vt 0.88843 0.22716
vt 0.89139 0.27712
vt 0.85247 0.22453
vt 0.85444 0.27633
vt 0.45491 0.13957
vt 0.41727 0.17704
vt 0.7893 0.78882
vt 0.8253 0.74977
vt 0.64695 0.76421
vt 0.65657 0.72365
vt 0.61018 0.72835
vt 0.60665 0.77485
vt 0.55884 0.00767
vt 0.52487 0.05694
vt 0.49039 0.10004
vt 0.37602 0.21371
vt 0.32856 0.25019
vt 0.10609 0.56042
vt 0.10306 0.5104
vt 0.10064 0.46878
vt 0.09883 0.43104
vt 0.09754 0.39493
vt 0.09696 0.3588
vt 0.09682 0.32103
vt 0.09708 0.27933
vt 0.09752 0.22922
vt 0.74631 0.32223
vt 0.70477 0.32468
vt 0.65481 0.32772
vt 0.66149 0.89775
vt 0.70943 0.86191
vt 0.75116 0.82579
vt 0.86036 0.70714
vt 0.89498 0.65831
vt 0.93542 0.31904
vt 0.98549 0.31952
vt 0.89374 0.3187
vt 0.45428 0.10132
vt 0.41668 0.14091
vt 0.3745 0.17815
vt 0.13519 0.35746
vt 0.13455 0.31921
vt 0.13399 0.27668
vt 0.13335 0.22478
vt 0.4685 0.85158
vt 0.50106 0.85121
vt 0.50106 0.82613
vt 0.4685 0.82613
vt 0.70406 0.36164
vt 0.65223 0.3637
vt 0.65752 0.86186
vt 0.70839 0.82633
vt 0.75106 0.78966
vt 0.78918 0.75057
vt 0.82476 0.70699
vt 0.859 0.65525
vt 0.93803 0.35595
vt 0.98992 0.35534
vt 0.43595 0.85075
vt 0.43595 0.82613
vt 0.40339 0.85158
vt 0.40339 0.82613
vt 0.57015 0.7318
vt 0.56905 0.7819
vt 0.61263 0.68825
vt 0.66268 0.68589
vt 0.52283 0.00508
vt 0.48928 0.05727
vt 0.45372 0.05878
vt 0.41654 0.10313
vt 0.37417 0.14256
vt 0.32231 0.1795
vt 0.32412 0.21435
vt 0.14211 0.56301
vt 0.14006 0.51115
vt 0.13842 0.46864
vt 0.13707 0.43041
vt 0.13594 0.39394
vt 0.70853 0.79074
vt 0.75142 0.75188
vt 0.78918 0.70803
vt 0.82411 0.65478
vt 0.53321 0.73397
vt 0.53316 0.78587
vt 0.57097 0.69012
vt 0.66575 0.64991
vt 0.61386 0.65126
vt 0.48793 0.00508
vt 0.177 0.56301
vt 0.17565 0.51082
vt 0.17455 0.46805
vt 0.17355 0.42966
vt 0.1726 0.39299
vt 0.17166 0.35632
vt 0.17066 0.31793
vt 0.16956 0.27517
vt 0.16821 0.22297
vt 0.37084 0.85121
vt 0.37084 0.82613
vt 0.70442 0.39723
vt 0.65223 0.39859
vt 0.65618 0.82699
vt 0.93952 0.39154
vt 0.99172 0.39018
vt 0.45308 0.00688
vt 0.4168 0.06144
vt 0.37491 0.10556
vt 0.32231 0.1446
vt 0.65665 0.79209
vt 0.70977 0.75375
vt 0.75224 0.71019
vt 0.78923 0.65613
vt 0.49763 0.735
vt 0.49829 0.78721
vt 0.53322 0.69142
vt 0.57133 0.65234
vt 0.66621 0.61501
vt 0.61401 0.61567
vt 0.21185 0.5612
vt 0.21121 0.5093
vt 0.21066 0.46677
vt 0.21002 0.42852
vt 0.20927 0.39204
vt 0.20813 0.35557
vt 0.20679 0.31735
vt 0.20515 0.27484
vt 0.2031 0.22297
vt 0.70591 0.43282
vt 0.65402 0.43343
vt 0.93988 0.42713
vt 0.99171 0.42507
vt 0.59659 0.89583
vt 0.62914 0.89545
vt 0.62914 0.87037
vt 0.59659 0.87037
vt 0.46204 0.73486
vt 0.46339 0.78675
vt 0.41724 0.01133
vt 0.37683 0.06543
vt 0.3249 0.10858
vt 0.24767 0.39105
vt 0.24638 0.35494
vt 0.66487 0.58014
vt 0.61297 0.58009
vt 0.65971 0.75611
vt 0.71221 0.71365
vt 0.75334 0.6601
vt 0.49709 0.69223
vt 0.53309 0.65317
vt 0.57123 0.61621
vt 0.24769 0.55676
vt 0.24813 0.50665
vt 0.24839 0.46496
vt 0.24825 0.42718
vt 0.24457 0.3172
vt 0.24215 0.27558
vt 0.23912 0.22556
vt 0.70853 0.46973
vt 0.7502 0.47006
vt 0.65845 0.46925
vt 0.93917 0.46409
vt 0.98914 0.46105
vt 0.89763 0.46654
vt 0.42505 0.73362
vt 0.42741 0.78368
vt 0.46096 0.69233
vt 0.37974 0.01889
vt 0.3305 0.07074
vt 0.29043 0.38994
vt 0.28892 0.35438
vt 0.28626 0.31747
vt 0.3687 0.89545
vt 0.40126 0.89582
vt 0.40126 0.87037
vt 0.3687 0.87037
vt 0.57043 0.58008
vt 0.6609 0.54425
vt 0.61081 0.54315
vt 0.66582 0.71835
vt 0.71575 0.66715
vt 0.53148 0.89583
vt 0.56403 0.89499
vt 0.56403 0.87037
vt 0.53148 0.87037
vt 0.49661 0.65382
vt 0.53283 0.61669
vt 0.28519 0.5492
vt 0.2881 0.50266
vt 0.29002 0.46253
vt 0.29076 0.42553
vt 0.28228 0.27749
vt 0.27696 0.23117
vt 0.71246 0.50968
vt 0.75255 0.51165
vt 0.66597 0.50672
vt 0.78951 0.51244
vt 0.93727 0.50416
vt 0.98353 0.49886
vt 0.89736 0.50812
vt 0.86053 0.51073
vt 0.82505 0.51218
vt 0.38495 0.73118
vt 0.38965 0.77757
vt 0.42318 0.69197
vt 0.46013 0.65409
vt 0.33958 0.03006
vt 0.34262 0.38859
vt 0.34082 0.35374
vt 0.33637 0.31791
vt 0.32882 0.28041
vt 0.53218 0.58021
vt 0.56912 0.54233
vt 0.65385 0.50665
vt 0.60735 0.50312
vt 0.67544 0.67779
vt 0.49615 0.61715
vt 0.32535 0.53803
vt 0.33443 0.49735
vt 0.34004 0.45951
vt 0.34262 0.42349
vt 0.31765 0.24024
vt 0.71772 0.55597
vt 0.75551 0.56161
vt 0.67709 0.54686
vt 0.79147 0.56424
vt 0.93433 0.55063
vt 0.97445 0.53949
vt 0.89688 0.55814
vt 0.8611 0.56253
vt 0.82632 0.56428
vt 0.33845 0.72764
vt 0.34909 0.76795
vt 0.3815 0.69115
vt 0.42188 0.65421
vt 0.45948 0.61761
vt 0.32655 0.58439
vt 0.32609 0.61928
vt 0.3783 0.61863
vt 0.37844 0.58303
vt 0.32962 0.54841
vt 0.37968 0.54605
vt 0.33573 0.51065
vt 0.38212 0.50595
vt 0.34535 0.47008
vt 0.38566 0.45945
vt 0.49569 0.58047
vt 0.53134 0.54197
vt 0.56725 0.50067
vt 0.64322 0.46635
vt 0.60265 0.45673
vt 0.3314 0.69005
vt 0.32743 0.65415
vt 0.37933 0.65421
vt 0.42215 0.50249
vt 0.42325 0.4524
vt 0.45909 0.50033
vt 0.45914 0.44843
vt 0.45921 0.58112
vt 0.49521 0.54207
vt 0.49402 0.44709
vt 0.49467 0.49929
vt 0.53027 0.49944
vt 0.52891 0.44755
vt 0.42107 0.61809
vt 0.42097 0.58196
vt 0.42133 0.54418
vt 0.56489 0.45062
vt 0.45909 0.54287
vt 0.53361 0.85159
vt 0.53361 0.82613
vt 0.46637 0.89582
vt 0.49892 0.89545
vt 0.49892 0.87037
vt 0.46637 0.87037
vt 0.56616 0.85075
vt 0.59872 0.85159
vt 0.59872 0.82613
vt 0.56616 0.82613
vt 0.63127 0.85121
vt 0.63127 0.82613
vt 0.43381 0.89499
vt 0.43381 0.87037
vt 0.85525 0.62303
vt 0.82661 0.62272
vt 0.82661 0.63133
vt 0.85485 0.63248
vt 0.79797 0.62301
vt 0.79843 0.63244
vt 0.76933 0.62441
vt 0.77021 0.63326
vt 0.93802 0.63283
vt 0.91185 0.62883
vt 0.91067 0.63792
vt 0.93773 0.64097
vt 0.88386 0.62441
vt 0.88298 0.63325
vt 0.74132 0.62881
vt 0.7425 0.63789
vt 0.71513 0.63282
vt 0.71542 0.64097
vt 0.25049 0.62997
vt 0.22249 0.62554
vt 0.22161 0.63439
vt 0.24924 0.63907
vt 0.2767 0.63397
vt 0.2764 0.64212
vt 0.07999 0.62994
vt 0.0538 0.63395
vt 0.0541 0.6421
vt 0.08124 0.63902
vt 0.19386 0.62416
vt 0.19339 0.6336
vt 0.16523 0.62385
vt 0.16523 0.63246
vt 0.10798 0.62554
vt 0.10886 0.63438
vt 0.13659 0.62414
vt 0.13699 0.63357
vt 0.1352 0.59631
vt 0.10513 0.59768
vt 0.07528 0.60236
vt 0.19525 0.59632
vt 0.16523 0.59517
vt 0.88671 0.59655
vt 0.85664 0.59519
vt 0.94678 0.60789
vt 0.91657 0.60125
vt 0.25521 0.60236
vt 0.22534 0.59767
vt 0.82661 0.59403
vt 0.04505 0.609
vt 0.28545 0.609
vt 0.73661 0.60122
vt 0.70637 0.60786
vt 0.76649 0.59654
vt 0.79658 0.59517
vt 0.13453 0.08079
vt 0.15003 0.06993
vt 0.13594 0.03795
vt 0.10928 0.05663
vt 0.1685 0.06583
vt 0.16772 0.03089
vt 0.18713 0.06911
vt 0.19979 0.03654
vt 0.20309 0.07927
vt 0.22725 0.05402
vt 0.12109 0.11538
vt 0.12437 0.09675
vt 0.0918 0.08409
vt 0.08616 0.11615
vt 0.21395 0.09476
vt 0.24593 0.08068
vt 0.21805 0.11323
vt 0.25299 0.11246
vt 0.21477 0.13187
vt 0.20461 0.14783
vt 0.22986 0.17198
vt 0.24734 0.14452
vt 0.12519 0.13385
vt 0.09321 0.14794
vt 0.18911 0.15869
vt 0.2032 0.19067
vt 0.17064 0.16279
vt 0.15201 0.15951
vt 0.13936 0.19208
vt 0.17142 0.19772
vt 0.13605 0.14935
vt 0.11189 0.1746
vt 0.98938 0.16127
vt 0.95373 0.16183
vt 0.95352 0.17814
vt 0.99046 0.17823
vt 0.988 0.14435
vt 0.95376 0.14512
vt 0.98715 0.12749
vt 0.95363 0.12799
vt 0.98738 0.11067
vt 0.95316 0.1107
vt 0.98847 0.09376
vt 0.95267 0.0935
vt 0.98968 0.07683
vt 0.9522 0.0765
vt 0.99057 0.19515
vt 0.95313 0.19433
vt 0.95245 0.21086
vt 0.98962 0.21208
vt 0.921 0.16091
vt 0.92025 0.17672
vt 0.9214 0.14498
vt 0.9213 0.12871
vt 0.92049 0.11218
vt 0.91926 0.09549
vt 0.91786 0.0787
vt 0.91934 0.19275
vt 0.91836 0.20918
vt 0.89143 0.15944
vt 0.89029 0.17463
vt 0.89198 0.14461
vt 0.89178 0.1297
vt 0.89074 0.1144
vt 0.889 0.09851
vt 0.88699 0.08193
vt 0.88887 0.19053
vt 0.88754 0.20708
vt 0.86554 0.15766
vt 0.86406 0.17207
vt 0.86611 0.14418
vt 0.86572 0.13091
vt 0.86449 0.11712
vt 0.86226 0.10137
vt 0.85968 0.08398
vt 0.86205 0.18788
vt 0.86031 0.20474
vt 0.84348 0.15611
vt 0.8419 0.16941
vt 0.84367 0.14389
vt 0.84295 0.13237
vt 0.84145 0.11973
vt 0.83877 0.10324
vt 0.83585 0.08425
vt 0.8393 0.18496
vt 0.83686 0.20218
vt 0.82378 0.15651
vt 0.82243 0.16914
vt 0.82397 0.14521
vt 0.82329 0.13341
vt 0.82141 0.12066
vt 0.81823 0.10399
vt 0.81641 0.08471
vt 0.81966 0.18403
vt 0.81737 0.20138
vt 0.80784 0.15805
vt 0.807 0.17027
vt 0.8067 0.1464
vt 0.80678 0.13393
vt 0.80662 0.11946
vt 0.80576 0.10295
vt 0.80519 0.08465
vt 0.80536 0.18568
vt 0.80509 0.20301
vt 0.79531 0.15808
vt 0.79532 0.17134
vt 0.79542 0.14558
vt 0.79559 0.13365
vt 0.79609 0.11894
vt 0.79755 0.10298
vt 0.7987 0.08506
vt 0.79656 0.18671
vt 0.79858 0.20308
vt 0.78214 0.15751
vt 0.7839 0.17189
vt 0.7825 0.14409
vt 0.78316 0.13274
vt 0.78504 0.11927
vt 0.78834 0.1033
vt 0.79159 0.08498
vt 0.78832 0.18747
vt 0.79178 0.2034
vt 0.76765 0.15652
vt 0.77023 0.17212
vt 0.76778 0.14401
vt 0.76863 0.13231
vt 0.77102 0.11966
vt 0.77549 0.10375
vt 0.77965 0.08535
vt 0.77636 0.18856
vt 0.78069 0.20364
vt 0.74999 0.1581
vt 0.75305 0.17339
vt 0.75001 0.14421
vt 0.7505 0.13048
vt 0.75296 0.11683
vt 0.75783 0.10246
vt 0.7638 0.08531
vt 0.75937 0.19025
vt 0.76582 0.20759
vt 0.72786 0.162
vt 0.73116 0.18052
vt 0.72825 0.14342
vt 0.72789 0.12522
vt 0.7302 0.10911
vt 0.73472 0.09391
vt 0.73969 0.07761
vt 0.7364 0.19842
vt 0.74117 0.21623
vt 0.70686 0.16504
vt 0.70803 0.18554
vt 0.70678 0.14354
vt 0.70572 0.1225
vt 0.7065 0.10396
vt 0.70792 0.08723
vt 0.70961 0.07066
vt 0.70897 0.20406
vt 0.70965 0.22173
vt 0.68748 0.1644
vt 0.68505 0.18343
vt 0.68794 0.14402
vt 0.68597 0.12416
vt 0.68314 0.10603
vt 0.68072 0.08894
vt 0.67891 0.07135
vt 0.68195 0.2011
vt 0.67887 0.21872
vt 0.67703 0.16314
vt 0.67463 0.18091
vt 0.67727 0.14453
vt 0.67569 0.12613
vt 0.67274 0.10856
vt 0.66959 0.0911
vt 0.66698 0.07312
vt 0.67105 0.19827
vt 0.66725 0.21592
usemtl mat0
f 1/1/1 2/2/2 3/3/3
f 4/4/4 5/5/5 1/1/1
f 1/1/1 3/3/3 4/4/4
f 6/6/6 7/7/7 8/8/8
f 9/9/9 10/10/10 6/6/6
f 6/6/6 8/8/8 9/9/9
f 11/11/11 12/12/12 13/13/13
f 13/13/13 8/8/8 7/7/7
f 11/11/11 13/13/13 7/7/7
f 14/14/14 5/5/5 15/15/15
f 15/15/15 16/16/16 17/17/17
f 14/14/14 15/15/15 17/17/17
f 18/18/18 12/12/12 19/19/19
f 19/19/19 20/20/20 21/21/21
f 18/18/18 19/19/19 21/21/21
f 22/22/22 10/10/10 23/23/23
f 23/23/23 3/3/3 2/2/2
f 22/22/22 23/23/23 2/2/2
f 24/24/24 21/21/21 20/20/20
f 25/25/25 26/26/26 24/24/24
f 20/20/20 25/25/25 24/24/24
f 17/17/17 16/16/16 27/27/27
f 27/27/27 26/26/26 28/28/28
f 27/27/27 28/28/28 17/17/17
f 29/29/29 30/30/30 31/31/31
f 32/32/32 33/33/33 34/34/31
f 35/35/34 36/36/35 34/34/31
f 37/37/36 38/38/37 31/31/31
f 39/39/38 40/40/39 34/34/31
f 36/36/35 41/41/29 34/34/31
f 42/42/40 37/37/36 31/31/31
f 43/43/41 44/44/42 34/34/31
f 45/45/43 42/42/40 31/31/31
f 40/40/39 35/35/34 34/34/31
f 46/46/44 45/45/43 31/31/31
f 33/33/33 39/39/38 34/34/31
f 47/47/45 48/48/41 31/31/31
f 38/38/37 47/47/45 31/31/31
f 30/30/30 46/46/44 31/31/31
f 44/44/42 32/32/32 34/34/31
f 49/49/46 50/50/46 51/51/46
f 51/51/46 52/52/46 53/53/46
f 53/53/46 54/54/46 55/55/46
f 55/55/46 56/56/46 49/49/46
f 49/49/46 51/51/46 53/53/46
f 53/53/46 55/55/46 49/49/46
f 57/57/47 58/58/48 59/59/49
f 57/57/47 59/59/49 60/60/50
f 61/61/48 62/62/51 63/63/52
f 61/61/48 63/63/52 64/64/49
f 60/60/50 59/59/49 65/65/53
f 60/60/50 65/65/53 66/66/54
f 67/67/48 68/68/47 69/69/55
f 67/67/48 69/69/55 70/70/51
f 60/60/50 71/71/56 72/72/57
f 60/60/50 72/72/57 57/57/47
f 71/71/56 60/60/50 66/66/54
f 71/71/56 66/66/54 73/73/58
f 64/64/49 63/63/52 74/74/59
f 64/64/49 74/74/59 75/75/53
f 66/66/54 65/65/53 76/76/60
f 66/66/54 76/76/60 77/77/61
f 73/73/58 66/66/54 77/77/61
f 73/73/58 77/77/61 78/78/62
f 71/71/56 79/79/63 80/80/64
f 71/71/56 80/80/64 72/72/57
f 73/73/58 81/81/65 79/79/63
f 73/73/58 79/79/63 71/71/56
f 82/82/66 63/63/52 62/62/51
f 82/82/66 62/62/51 83/83/67
f 78/78/62 84/84/68 81/81/65
f 78/78/62 81/81/65 73/73/58
f 85/85/69 86/86/67 70/70/51
f 85/85/69 70/70/51 69/69/55
f 87/87/70 69/69/55 68/68/47
f 87/87/70 68/68/47 88/88/57
f 63/63/52 82/82/66 89/89/71
f 63/63/52 89/89/71 74/74/59
f 75/75/53 74/74/59 90/90/72
f 75/75/53 90/90/72 91/91/60
f 78/78/62 77/77/61 92/92/73
f 78/78/62 92/92/73 93/93/74
f 84/84/68 78/78/62 93/93/74
f 84/84/68 93/93/74 94/94/75
f 86/86/67 85/85/69 95/95/76
f 86/86/67 95/95/76 96/96/77
f 69/69/55 87/87/70 97/97/78
f 69/69/55 97/97/78 85/85/69
f 88/88/57 98/98/64 99/99/79
f 88/88/57 99/99/79 87/87/70
f 79/79/63 100/100/80 101/101/81
f 79/79/63 101/101/81 80/80/64
f 81/81/65 102/102/82 100/100/80
f 81/81/65 100/100/80 79/79/63
f 84/84/68 103/103/83 102/102/82
f 84/84/68 102/102/82 81/81/65
f 104/104/84 82/82/66 83/83/67
f 104/104/84 83/83/67 105/105/77
f 106/106/85 92/92/73 77/77/61
f 106/106/85 77/77/61 76/76/60
f 103/103/83 84/84/68 94/94/75
f 103/103/83 94/94/75 107/107/86
f 105/105/77 108/108/87 109/109/88
f 105/105/77 109/109/88 104/104/84
f 82/82/66 104/104/84 110/110/89
f 82/82/66 110/110/89 89/89/71
f 74/74/59 89/89/71 111/111/90
f 74/74/59 111/111/90 90/90/72
f 91/91/60 90/90/72 112/112/91
f 91/91/60 112/112/91 113/113/85
f 92/92/73 106/106/85 114/114/92
f 92/92/73 114/114/92 115/115/93
f 93/93/74 92/92/73 115/115/93
f 93/93/74 115/115/93 116/116/94
f 94/94/75 93/93/74 116/116/94
f 94/94/75 116/116/94 117/117/95
f 107/107/86 94/94/75 117/117/95
f 107/107/86 117/117/95 118/118/96
f 96/96/77 95/95/76 119/119/97
f 96/96/77 119/119/97 120/120/87
f 85/85/69 97/97/78 121/121/98
f 85/85/69 121/121/98 95/95/76
f 87/87/70 99/99/79 122/122/99
f 87/87/70 122/122/99 97/97/78
f 98/98/64 123/123/81 124/124/100
f 98/98/64 124/124/100 99/99/79
f 100/100/80 125/125/101 126/126/102
f 100/100/80 126/126/102 101/101/81
f 102/102/82 127/127/103 125/125/101
f 102/102/82 125/125/101 100/100/80
f 103/103/83 128/128/104 127/127/103
f 103/103/83 127/127/103 102/102/82
f 107/107/86 129/129/105 128/128/104
f 107/107/86 128/128/104 103/103/83
f 107/107/86 118/118/96 130/130/106
f 107/107/86 130/130/106 129/129/105
f 108/108/87 131/131/107 132/132/108
f 108/108/87 132/132/108 109/109/88
f 104/104/84 109/109/88 133/133/109
f 104/104/84 133/133/109 110/110/89
f 89/89/71 110/110/89 134/134/110
f 89/89/71 134/134/110 111/111/90
f 90/90/72 111/111/90 135/135/111
f 90/90/72 135/135/111 112/112/91
f 113/113/85 112/112/91 136/136/112
f 113/113/85 136/136/112 137/137/92
f 115/115/93 114/114/92 138/138/113
f 115/115/93 138/138/113 139/139/114
f 116/116/94 115/115/93 139/139/114
f 116/116/94 139/139/114 140/140/115
f 117/117/95 116/116/94 140/140/115
f 117/117/95 140/140/115 141/141/116
f 118/118/96 117/117/95 141/141/116
f 118/118/96 141/141/116 142/142/117
f 130/130/106 118/118/96 142/142/117
f 130/130/106 142/142/117 143/143/118
f 130/130/106 144/144/119 145/145/120
f 130/130/106 145/145/120 129/129/105
f 120/120/87 119/119/97 146/146/121
f 120/120/87 146/146/121 147/147/107
f 95/95/76 121/121/98 148/148/122
f 95/95/76 148/148/122 119/119/97
f 97/97/78 122/122/99 149/149/123
f 97/97/78 149/149/123 121/121/98
f 99/99/79 124/124/100 150/150/124
f 99/99/79 150/150/124 122/122/99
f 123/123/81 151/151/102 152/152/125
f 123/123/81 152/152/125 124/124/100
f 125/125/101 153/153/126 154/154/127
f 125/125/101 154/154/127 126/126/102
f 127/127/103 155/155/128 153/153/126
f 127/127/103 153/153/126 125/125/101
f 128/128/104 156/156/129 155/155/128
f 128/128/104 155/155/128 127/127/103
f 129/129/105 145/145/120 156/156/129
f 129/129/105 156/156/129 128/128/104
f 144/144/119 130/130/106 143/143/118
f 144/144/119 143/143/118 157/157/130
f 131/131/107 158/158/131 159/159/132
f 131/131/107 159/159/132 132/132/108
f 109/109/88 132/132/108 160/160/133
f 109/109/88 160/160/133 133/133/109
f 110/110/89 133/133/109 161/161/134
f 110/110/89 161/161/134 134/134/110
f 111/111/90 134/134/110 162/162/135
f 111/111/90 162/162/135 135/135/111
f 112/112/91 135/135/111 163/163/136
f 112/112/91 163/163/136 136/136/112
f 137/137/92 136/136/112 164/164/137
f 137/137/92 164/164/137 165/165/113
f 139/139/114 138/138/113 166/166/138
f 139/139/114 166/166/138 167/167/139
f 140/140/115 139/139/114 167/167/139
f 140/140/115 167/167/139 168/168/140
f 141/141/116 140/140/115 168/168/140
f 141/141/116 168/168/140 169/169/141
f 142/142/117 141/141/116 169/169/141
f 142/142/117 169/169/141 170/170/142
f 143/143/118 142/142/117 170/170/142
f 143/143/118 170/170/142 171/171/143
f 157/157/130 143/143/118 171/171/143
f 157/157/130 171/171/143 172/172/144
f 144/144/119 173/173/145 174/174/146
f 144/144/119 174/174/146 145/145/120
f 157/157/130 175/175/147 173/173/145
f 157/157/130 173/173/145 144/144/119
f 147/147/107 146/146/121 176/176/148
f 147/147/107 176/176/148 177/177/131
f 119/119/97 148/148/122 178/178/149
f 119/119/97 178/178/149 146/146/121
f 121/121/98 149/149/123 179/179/150
f 121/121/98 179/179/150 148/148/122
f 122/122/99 150/150/124 180/180/151
f 122/122/99 180/180/151 149/149/123
f 124/124/100 152/152/125 181/181/152
f 124/124/100 181/181/152 150/150/124
f 151/151/102 182/182/127 183/183/153
f 151/151/102 183/183/153 152/152/125
f 153/153/126 184/184/154 185/185/155
f 153/153/126 185/185/155 154/154/127
f 155/155/128 186/186/156 184/184/154
f 155/155/128 184/184/154 153/153/126
f 156/156/129 187/187/157 186/186/156
f 156/156/129 186/186/156 155/155/128
f 145/145/120 174/174/146 187/187/157
f 145/145/120 187/187/157 156/156/129
f 175/175/147 157/157/130 172/172/144
f 175/175/147 172/172/144 188/188/158
f 158/158/131 189/189/159 190/190/160
f 158/158/131 190/190/160 159/159/132
f 132/132/108 159/159/132 191/191/161
f 132/132/108 191/191/161 160/160/133
f 133/133/109 160/160/133 192/192/162
f 133/133/109 192/192/162 161/161/134
f 134/134/110 161/161/134 193/193/163
f 134/134/110 193/193/163 162/162/135
f 135/135/111 162/162/135 194/194/164
f 135/135/111 194/194/164 163/163/136
f 136/136/112 163/163/136 195/195/165
f 136/136/112 195/195/165 164/164/137
f 165/165/113 164/164/137 196/196/166
f 165/165/113 196/196/166 197/197/138
f 167/167/139 166/166/138 198/198/167
f 167/167/139 198/198/167 199/199/168
f 168/168/140 167/167/139 199/199/168
f 168/168/140 199/199/168 200/200/169
f 169/169/141 168/168/140 200/200/169
f 169/169/141 200/200/169 201/201/170
f 201/201/170 202/202/171 170/170/142
f 201/201/170 170/170/142 169/169/141
f 202/202/171 203/203/172 171/171/143
f 202/202/171 171/171/143 170/170/142
f 203/203/172 204/204/173 172/172/144
f 203/203/172 172/172/144 171/171/143
f 204/204/173 205/205/174 188/188/158
f 204/204/173 188/188/158 172/172/144
f 205/205/174 206/206/175 207/207/176
f 205/205/174 207/207/176 188/188/158
f 208/208/177 174/174/146 173/173/145
f 208/208/177 173/173/145 209/209/178
f 209/209/178 173/173/145 175/175/147
f 209/209/178 175/175/147 210/210/179
f 210/210/179 175/175/147 188/188/158
f 210/210/179 188/188/158 207/207/176
f 211/211/180 212/212/159 177/177/131
f 211/211/180 177/177/131 176/176/148
f 213/213/181 176/176/148 146/146/121
f 213/213/181 146/146/121 178/178/149
f 214/214/182 178/178/149 148/148/122
f 214/214/182 148/148/122 179/179/150
f 215/215/183 179/179/150 149/149/123
f 215/215/183 149/149/123 180/180/151
f 216/216/184 180/180/151 150/150/124
f 216/216/184 150/150/124 181/181/152
f 217/217/185 181/181/152 152/152/125
f 217/217/185 152/152/125 183/183/153
f 218/218/186 183/183/153 182/182/127
f 218/218/186 182/182/127 219/219/155
f 220/220/187 185/185/155 184/184/154
f 220/220/187 184/184/154 221/221/188
f 221/221/188 184/184/154 186/186/156
f 221/221/188 186/186/156 222/222/189
f 222/222/189 186/186/156 187/187/157
f 222/222/189 187/187/157 223/223/190
f 223/223/190 187/187/157 174/174/146
f 223/223/190 174/174/146 208/208/177
f 189/189/159 224/224/191 225/225/192
f 189/189/159 225/225/192 190/190/160
f 159/159/132 190/190/160 226/226/193
f 159/159/132 226/226/193 191/191/161
f 160/160/133 191/191/161 227/227/194
f 160/160/133 227/227/194 192/192/162
f 161/161/134 192/192/162 228/228/195
f 161/161/134 228/228/195 193/193/163
f 193/193/163 229/229/196 194/194/164
f 193/193/163 194/194/164 162/162/135
f 163/163/136 194/194/164 230/230/197
f 163/163/136 230/230/197 195/195/165
f 164/164/137 195/195/165 231/231/198
f 164/164/137 231/231/198 196/196/166
f 197/197/138 196/196/166 232/232/199
f 197/197/138 232/232/199 233/233/167
f 234/234/168 235/235/167 236/236/199
f 234/234/168 236/236/199 237/237/200
f 238/238/169 234/234/168 237/237/200
f 238/238/169 237/237/200 239/239/201
f 240/240/170 238/238/169 239/239/201
f 240/240/170 239/239/201 241/241/202
f 242/242/171 240/240/170 241/241/202
f 242/242/171 241/241/202 243/243/203
f 244/244/172 242/242/171 243/243/203
f 244/244/172 243/243/203 245/245/204
f 246/246/173 244/244/172 245/245/204
f 246/246/173 245/245/204 247/247/205
f 248/248/174 246/246/173 247/247/205
f 248/248/174 247/247/205 249/249/206
f 250/250/175 248/248/174 249/249/206
f 250/250/175 249/249/206 251/251/207
f 252/252/178 253/253/208 254/254/209
f 252/252/178 254/254/209 255/255/177
f 256/256/179 257/257/210 253/253/208
f 256/256/179 253/253/208 252/252/178
f 258/258/176 259/259/211 257/257/210
f 258/258/176 257/257/210 256/256/179
f 260/260/175 261/261/207 259/259/211
f 260/260/175 259/259/211 258/258/176
f 212/212/159 211/211/180 262/262/212
f 212/212/159 262/262/212 263/263/191
f 176/176/148 213/213/181 264/264/213
f 176/176/148 264/264/213 211/211/180
f 178/178/149 214/214/182 265/265/214
f 178/178/149 265/265/214 213/213/181
f 179/179/150 215/215/183 266/266/215
f 179/179/150 266/266/215 214/214/182
f 215/215/183 180/180/151 216/216/184
f 215/215/183 216/216/184 267/267/216
f 181/181/152 217/217/185 268/268/217
f 181/181/152 268/268/217 216/216/184
f 183/183/153 218/218/186 269/269/218
f 183/183/153 269/269/218 217/217/185
f 219/219/155 270/270/187 271/271/219
f 219/219/155 271/271/219 218/218/186
f 272/272/188 273/273/220 274/274/219
f 272/272/188 274/274/219 275/275/187
f 276/276/189 277/277/221 273/273/220
f 276/276/189 273/273/220 272/272/188
f 278/278/190 279/279/222 277/277/221
f 278/278/190 277/277/221 276/276/189
f 255/255/177 254/254/209 279/279/222
f 255/255/177 279/279/222 278/278/190
f 193/193/163 228/228/195 280/280/223
f 193/193/163 280/280/223 229/229/196
f 194/194/164 229/229/196 281/281/224
f 194/194/164 281/281/224 230/230/197
f 215/215/183 267/267/216 282/282/225
f 215/215/183 282/282/225 266/266/215
f 216/216/184 268/268/217 283/283/226
f 216/216/184 283/283/226 267/267/216
f 284/284/191 285/285/212 286/286/227
f 284/284/191 286/286/227 287/287/192
f 190/190/160 225/225/192 288/288/228
f 190/190/160 288/288/228 226/226/193
f 191/191/161 226/226/193 289/289/229
f 191/191/161 289/289/229 227/227/194
f 192/192/162 227/227/194 290/290/230
f 192/192/162 290/290/230 228/228/195
f 195/195/165 230/230/197 291/291/231
f 195/195/165 291/291/231 231/231/198
f 196/196/166 231/231/198 292/292/232
f 196/196/166 292/292/232 232/232/199
f 237/237/200 236/236/199 293/293/232
f 237/237/200 293/293/232 294/294/233
f 239/239/201 237/237/200 294/294/233
f 239/239/201 294/294/233 295/295/234
f 241/241/202 239/239/201 295/295/234
f 241/241/202 295/295/234 296/296/235
f 243/243/203 241/241/202 296/296/235
f 243/243/203 296/296/235 297/297/236
f 245/245/204 243/243/203 297/297/236
f 245/245/204 297/297/236 298/298/237
f 247/247/205 245/245/204 298/298/237
f 247/247/205 298/298/237 299/299/238
f 249/249/206 247/247/205 299/299/238
f 249/249/206 299/299/238 300/300/239
f 251/251/207 249/249/206 300/300/239
f 251/251/207 300/300/239 301/301/240
f 253/253/208 14/14/14 17/17/17
f 253/253/208 17/17/17 254/254/209
f 257/257/210 302/302/241 14/14/14
f 257/257/210 14/14/14 253/253/208
f 259/259/211 303/303/242 302/302/241
f 259/259/211 302/302/241 257/257/210
f 261/261/207 304/304/240 303/303/242
f 261/261/207 303/303/242 259/259/211
f 211/211/180 264/264/213 305/305/243
f 211/211/180 305/305/243 262/262/212
f 213/213/181 265/265/214 306/306/244
f 213/213/181 306/306/244 264/264/213
f 214/214/182 266/266/215 307/307/245
f 214/214/182 307/307/245 265/265/214
f 217/217/185 269/269/218 308/308/246
f 217/217/185 308/308/246 268/268/217
f 218/218/186 271/271/219 309/309/247
f 218/218/186 309/309/247 269/269/218
f 273/273/220 310/310/248 311/311/247
f 273/273/220 311/311/247 274/274/219
f 277/277/221 312/312/249 310/310/248
f 277/277/221 310/310/248 273/273/220
f 279/279/222 28/28/28 312/312/249
f 279/279/222 312/312/249 277/277/221
f 254/254/209 17/17/17 28/28/28
f 254/254/209 28/28/28 279/279/222
f 228/228/195 290/290/230 313/313/250
f 228/228/195 313/313/250 280/280/223
f 229/229/196 280/280/223 314/314/251
f 229/229/196 314/314/251 281/281/224
f 230/230/197 281/281/224 315/315/252
f 230/230/197 315/315/252 291/291/231
f 299/299/238 298/298/237 316/316/253
f 299/299/238 316/316/253 317/317/254
f 300/300/239 299/299/238 317/317/254
f 300/300/239 317/317/254 318/318/255
f 301/301/240 300/300/239 318/318/255
f 301/301/240 318/318/255 319/319/256
f 320/320/257 321/321/86 322/322/86
f 320/320/257 322/322/86 323/323/258
f 303/303/242 324/324/259 1/1/1
f 303/303/242 1/1/1 302/302/241
f 304/304/240 325/325/256 324/324/259
f 304/304/240 324/324/259 303/303/242
f 264/264/213 306/306/244 326/326/260
f 264/264/213 326/326/260 305/305/243
f 265/265/214 307/307/245 327/327/261
f 265/265/214 327/327/261 306/306/244
f 328/328/262 307/307/245 266/266/215
f 328/328/262 266/266/215 282/282/225
f 329/329/263 282/282/225 267/267/216
f 329/329/263 267/267/216 283/283/226
f 330/330/264 283/283/226 268/268/217
f 330/330/264 268/268/217 308/308/246
f 269/269/218 309/309/247 331/331/265
f 269/269/218 331/331/265 308/308/246
f 310/310/248 332/332/266 333/333/265
f 310/310/248 333/333/265 311/311/247
f 312/312/249 25/25/25 332/332/266
f 312/312/249 332/332/266 310/310/248
f 334/334/81 320/320/257 323/323/258
f 334/334/81 323/323/258 335/335/81
f 336/336/267 334/334/81 335/335/81
f 336/336/267 335/335/81 337/337/268
f 338/338/269 339/339/228 287/287/192
f 338/338/269 287/287/192 286/286/227
f 340/340/270 286/286/227 285/285/212
f 340/340/270 285/285/212 341/341/243
f 342/342/271 289/289/229 226/226/193
f 342/342/271 226/226/193 288/288/228
f 343/343/272 290/290/230 227/227/194
f 343/343/272 227/227/194 289/289/229
f 290/290/230 343/343/272 344/344/273
f 290/290/230 344/344/273 313/313/250
f 280/280/223 313/313/250 345/345/274
f 280/280/223 345/345/274 314/314/251
f 281/281/224 314/314/251 346/346/275
f 281/281/224 346/346/275 315/315/252
f 291/291/231 315/315/252 347/347/276
f 291/291/231 347/347/276 348/348/277
f 348/348/277 292/292/232 231/231/198
f 348/348/277 231/231/198 291/291/231
f 349/349/277 350/350/278 294/294/233
f 349/349/277 294/294/233 293/293/232
f 350/350/278 351/351/279 295/295/234
f 350/350/278 295/295/234 294/294/233
f 351/351/279 352/352/280 296/296/235
f 351/351/279 296/296/235 295/295/234
f 352/352/280 353/353/281 297/297/236
f 352/352/280 297/297/236 296/296/235
f 353/353/281 316/316/253 298/298/237
f 353/353/281 298/298/237 297/297/236
f 307/307/245 328/328/262 354/354/282
f 307/307/245 354/354/282 327/327/261
f 282/282/225 329/329/263 355/355/283
f 282/282/225 355/355/283 328/328/262
f 283/283/226 330/330/264 356/356/284
f 283/283/226 356/356/284 329/329/263
f 308/308/246 331/331/265 357/357/285
f 308/308/246 357/357/285 330/330/264
f 339/339/228 338/338/269 358/358/286
f 339/339/228 358/358/286 359/359/271
f 286/286/227 340/340/270 360/360/287
f 286/286/227 360/360/287 338/338/269
f 341/341/243 361/361/260 362/362/288
f 341/341/243 362/362/288 340/340/270
f 289/289/229 342/342/271 363/363/289
f 289/289/229 363/363/289 343/343/272
f 350/350/278 349/349/277 364/364/276
f 350/350/278 364/364/276 365/365/290
f 351/351/279 350/350/278 365/365/290
f 351/351/279 365/365/290 366/366/291
f 352/352/280 351/351/279 366/366/291
f 352/352/280 366/366/291 367/367/292
f 353/353/281 352/352/280 367/367/292
f 353/353/281 367/367/292 368/368/293
f 316/316/253 353/353/281 368/368/293
f 316/316/253 368/368/293 369/369/294
f 317/317/254 316/316/253 369/369/294
f 317/317/254 369/369/294 370/370/295
f 318/318/255 317/317/254 370/370/295
f 318/318/255 370/370/295 371/371/296
f 319/319/256 318/318/255 371/371/296
f 319/319/256 371/371/296 372/372/297
f 373/373/183 336/336/267 337/337/268
f 373/373/183 337/337/268 374/374/183
f 324/324/259 375/375/298 2/2/2
f 324/324/259 2/2/2 1/1/1
f 325/325/256 376/376/297 375/375/298
f 325/325/256 375/375/298 324/324/259
f 306/306/244 327/327/261 377/377/299
f 306/306/244 377/377/299 326/326/260
f 332/332/266 378/378/300 379/379/285
f 332/332/266 379/379/285 333/333/265
f 25/25/25 20/20/20 378/378/300
f 25/25/25 378/378/300 332/332/266
f 343/343/272 363/363/289 380/380/301
f 343/343/272 380/380/301 344/344/273
f 313/313/250 344/344/273 381/381/302
f 313/313/250 381/381/302 345/345/274
f 314/314/251 345/345/274 382/382/303
f 314/314/251 382/382/303 346/346/275
f 315/315/252 346/346/275 383/383/304
f 315/315/252 383/383/304 347/347/276
f 327/327/261 354/354/282 384/384/305
f 327/327/261 384/384/305 377/377/299
f 328/328/262 355/355/283 385/385/306
f 328/328/262 385/385/306 354/354/282
f 329/329/263 356/356/284 386/386/307
f 329/329/263 386/386/307 355/355/283
f 330/330/264 357/357/285 387/387/308
f 330/330/264 387/387/308 356/356/284
f 359/359/271 358/358/286 388/388/309
f 359/359/271 388/388/309 389/389/289
f 338/338/269 360/360/287 390/390/310
f 338/338/269 390/390/310 358/358/286
f 340/340/270 362/362/288 391/391/311
f 340/340/270 391/391/311 360/360/287
f 361/361/260 392/392/299 393/393/312
f 361/361/260 393/393/312 362/362/288
f 365/365/290 364/364/276 394/394/304
f 365/365/290 394/394/304 395/395/313
f 366/366/291 365/365/290 395/395/313
f 366/366/291 395/395/313 396/396/314
f 367/367/292 366/366/291 396/396/314
f 367/367/292 396/396/314 397/397/315
f 368/368/293 367/367/292 397/397/315
f 368/368/293 397/397/315 398/398/316
f 368/368/293 398/398/316 399/399/317
f 368/368/293 399/399/317 369/369/294
f 370/370/295 369/369/294 399/399/317
f 370/370/295 399/399/317 400/400/318
f 371/371/296 370/370/295 400/400/318
f 371/371/296 400/400/318 401/401/319
f 372/372/297 371/371/296 401/401/319
f 372/372/297 401/401/319 402/402/320
f 375/375/298 403/403/321 22/22/22
f 375/375/298 22/22/22 2/2/2
f 376/376/297 404/404/320 403/403/321
f 376/376/297 403/403/321 375/375/298
f 378/378/300 405/405/322 406/406/308
f 378/378/300 406/406/308 379/379/285
f 20/20/20 19/19/19 405/405/322
f 20/20/20 405/405/322 378/378/300
f 407/407/323 408/408/183 409/409/183
f 407/407/323 409/409/183 410/410/324
f 389/389/289 388/388/309 411/411/325
f 389/389/289 411/411/325 412/412/301
f 344/344/273 380/380/301 413/413/326
f 344/344/273 413/413/326 381/381/302
f 345/345/274 381/381/302 414/414/327
f 345/345/274 414/414/327 382/382/303
f 346/346/275 382/382/303 415/415/328
f 346/346/275 415/415/328 383/383/304
f 399/399/317 398/398/316 416/416/329
f 399/399/317 416/416/329 417/417/330
f 392/392/299 418/418/305 419/419/331
f 392/392/299 419/419/331 393/393/312
f 354/354/282 385/385/306 420/420/332
f 354/354/282 420/420/332 384/384/305
f 355/355/283 386/386/307 421/421/333
f 355/355/283 421/421/333 385/385/306
f 356/356/284 387/387/308 422/422/334
f 356/356/284 422/422/334 386/386/307
f 358/358/286 390/390/310 423/423/335
f 358/358/286 423/423/335 388/388/309
f 360/360/287 391/391/311 424/424/336
f 360/360/287 424/424/336 390/390/310
f 362/362/288 393/393/312 425/425/337
f 362/362/288 425/425/337 391/391/311
f 395/395/313 394/394/304 426/426/328
f 395/395/313 426/426/328 427/427/338
f 396/396/314 395/395/313 427/427/338
f 396/396/314 427/427/338 428/428/339
f 397/397/315 396/396/314 428/428/339
f 397/397/315 428/428/339 429/429/340
f 398/398/316 397/397/315 429/429/340
f 398/398/316 429/429/340 416/416/329
f 417/417/330 430/430/341 400/400/318
f 417/417/330 400/400/318 399/399/317
f 401/401/319 400/400/318 430/430/341
f 401/401/319 430/430/341 431/431/342
f 402/402/320 401/401/319 431/431/342
f 402/402/320 431/431/342 432/432/343
f 403/403/321 433/433/344 434/434/345
f 403/403/321 434/434/345 22/22/22
f 404/404/320 435/435/343 433/433/344
f 404/404/320 433/433/344 403/403/321
f 405/405/322 436/436/346 437/437/334
f 405/405/322 437/437/334 406/406/308
f 19/19/19 438/438/347 436/436/346
f 19/19/19 436/436/346 405/405/322
f 412/412/301 411/411/325 439/439/348
f 412/412/301 439/439/348 440/440/326
f 388/388/309 423/423/335 441/441/349
f 388/388/309 441/441/349 411/411/325
f 381/381/302 413/413/326 442/442/350
f 381/381/302 442/442/350 414/414/327
f 382/382/303 414/414/327 443/443/351
f 382/382/303 443/443/351 415/415/328
f 417/417/330 416/416/329 444/444/352
f 417/417/330 444/444/352 445/445/353
f 430/430/341 417/417/330 445/445/353
f 430/430/341 445/445/353 446/446/354
f 447/447/293 448/448/355 449/449/356
f 447/447/293 449/449/356 450/450/293
f 393/393/312 419/419/331 451/451/357
f 393/393/312 451/451/357 425/425/337
f 418/418/305 452/452/332 453/453/358
f 418/418/305 453/453/358 419/419/331
f 385/385/306 421/421/333 454/454/359
f 385/385/306 454/454/359 420/420/332
f 386/386/307 422/422/334 455/455/360
f 386/386/307 455/455/360 421/421/333
f 456/456/361 457/457/299 458/458/299
f 456/456/361 458/458/299 459/459/362
f 390/390/310 424/424/336 460/460/363
f 390/390/310 460/460/363 423/423/335
f 391/391/311 425/425/337 461/461/364
f 391/391/311 461/461/364 424/424/336
f 427/427/338 426/426/328 462/462/351
f 427/427/338 462/462/351 463/463/365
f 428/428/339 427/427/338 463/463/365
f 428/428/339 463/463/365 464/464/366
f 429/429/340 428/428/339 464/464/366
f 429/429/340 464/464/366 465/465/367
f 416/416/329 429/429/340 465/465/367
f 416/416/329 465/465/367 444/444/352
f 446/446/354 466/466/368 431/431/342
f 446/446/354 431/431/342 430/430/341
f 432/432/343 431/431/342 466/466/368
f 432/432/343 466/466/368 467/467/369
f 433/433/344 468/468/370 469/469/371
f 433/433/344 469/469/371 434/434/345
f 435/435/343 470/470/369 468/468/370
f 435/435/343 468/468/370 433/433/344
f 434/434/345 469/469/371 471/471/372
f 434/434/345 471/471/372 6/6/6
f 436/436/346 472/472/373 473/473/360
f 436/436/346 473/473/360 437/437/334
f 438/438/347 474/474/374 472/472/373
f 438/438/347 472/472/373 436/436/346
f 11/11/11 475/475/375 474/474/374
f 11/11/11 474/474/374 438/438/347
f 7/7/7 476/476/376 475/475/375
f 7/7/7 475/475/375 11/11/11
f 440/440/326 439/439/348 477/477/377
f 440/440/326 477/477/377 478/478/350
f 411/411/325 441/441/349 479/479/378
f 411/411/325 479/479/378 439/439/348
f 423/423/335 460/460/363 480/480/379
f 423/423/335 480/480/379 441/441/349
f 414/414/327 442/442/350 481/481/380
f 414/414/327 481/481/380 443/443/351
f 445/445/353 444/444/352 482/482/381
f 445/445/353 482/482/381 483/483/382
f 446/446/354 445/445/353 483/483/382
f 446/446/354 483/483/382 484/484/383
f 466/466/368 446/446/354 484/484/383
f 466/466/368 484/484/383 485/485/384
f 425/425/337 451/451/357 486/486/385
f 425/425/337 486/486/385 461/461/364
f 419/419/331 453/453/358 487/487/386
f 419/419/331 487/487/386 451/451/357
f 452/452/332 488/488/359 489/489/387
f 452/452/332 489/489/387 453/453/358
f 421/421/333 455/455/360 490/490/388
f 421/421/333 490/490/388 454/454/359
f 476/476/376 7/7/7 6/6/6
f 476/476/376 6/6/6 471/471/372
f 424/424/336 461/461/364 491/491/389
f 424/424/336 491/491/389 460/460/363
f 463/463/365 462/462/351 492/492/380
f 463/463/365 492/492/380 493/493/390
f 464/464/366 463/463/365 493/493/390
f 464/464/366 493/493/390 494/494/391
f 465/465/367 464/464/366 494/494/391
f 465/465/367 494/494/391 495/495/392
f 444/444/352 465/465/367 495/495/392
f 444/444/352 495/495/392 482/482/381
f 485/485/384 496/496/393 467/467/369
f 485/485/384 467/467/369 466/466/368
f 468/468/370 497/497/394 498/498/395
f 468/468/370 498/498/395 469/469/371
f 470/470/369 499/499/393 497/497/394
f 470/470/369 497/497/394 468/468/370
f 469/469/371 498/498/395 500/500/396
f 469/469/371 500/500/396 471/471/372
f 472/472/373 501/501/397 502/502/388
f 472/472/373 502/502/388 473/473/360
f 474/474/374 503/503/398 501/501/397
f 474/474/374 501/501/397 472/472/373
f 475/475/375 504/504/399 503/503/398
f 475/475/375 503/503/398 474/474/374
f 476/476/376 505/505/400 504/504/399
f 476/476/376 504/504/399 475/475/375
f 471/471/372 500/500/396 505/505/400
f 471/471/372 505/505/400 476/476/376
f 478/478/350 477/477/377 506/506/390
f 478/478/350 506/506/390 507/507/380
f 439/439/348 479/479/378 508/508/401
f 439/439/348 508/508/401 477/477/377
f 441/441/349 480/480/379 509/509/402
f 441/441/349 509/509/402 479/479/378
f 460/460/363 491/491/389 510/510/403
f 460/460/363 510/510/403 480/480/379
f 511/511/382 512/512/381 513/513/404
f 511/511/382 513/513/404 514/514/405
f 515/515/383 511/511/382 514/514/405
f 515/515/383 514/514/405 516/516/406
f 517/517/384 515/515/383 516/516/406
f 517/517/384 516/516/406 518/518/407
f 519/519/393 517/517/384 518/518/407
f 519/519/393 518/518/407 520/520/394
f 491/491/389 461/461/364 486/486/385
f 491/491/389 486/486/385 521/521/408
f 451/451/357 487/487/386 522/522/409
f 451/451/357 522/522/409 486/486/385
f 453/453/358 489/489/387 523/523/410
f 453/453/358 523/523/410 487/487/386
f 488/488/359 524/524/388 525/525/397
f 488/488/359 525/525/397 489/489/387
f 526/526/391 506/506/390 477/477/377
f 526/526/391 477/477/377 508/508/401
f 527/527/392 526/526/391 508/508/401
f 527/527/392 508/508/401 528/528/411
f 512/512/381 527/527/392 528/528/411
f 512/512/381 528/528/411 513/513/404
f 520/520/394 518/518/407 529/529/412
f 520/520/394 529/529/412 530/530/395
f 530/530/395 529/529/412 531/531/413
f 530/530/395 531/531/413 532/532/396
f 491/491/389 521/521/408 533/533/414
f 491/491/389 533/533/414 510/510/403
f 486/486/385 522/522/409 534/534/415
f 486/486/385 534/534/415 521/521/408
f 535/535/400 536/536/416 537/537/417
f 535/535/400 537/537/417 538/538/399
f 479/479/378 509/509/402 528/528/411
f 479/479/378 528/528/411 508/508/401
f 480/480/379 510/510/403 539/539/418
f 480/480/379 539/539/418 509/509/402
f 514/514/405 513/513/404 539/539/418
f 514/514/405 539/539/418 540/540/419
f 516/516/406 514/514/405 540/540/419
f 516/516/406 540/540/419 541/541/420
f 518/518/407 516/516/406 541/541/420
f 518/518/407 541/541/420 529/529/412
f 487/487/386 523/523/410 537/537/417
f 487/487/386 537/537/417 522/522/409
f 489/489/387 525/525/397 542/542/398
f 489/489/387 542/542/398 523/523/410
f 523/523/410 542/542/398 538/538/399
f 523/523/410 538/538/399 537/537/417
f 536/536/416 535/535/400 532/532/396
f 536/536/416 532/532/396 531/531/413
f 513/513/404 528/528/411 509/509/402
f 513/513/404 509/509/402 539/539/418
f 529/529/412 541/541/420 543/543/421
f 529/529/412 543/543/421 531/531/413
f 521/521/408 534/534/415 543/543/421
f 521/521/408 543/543/421 533/533/414
f 536/536/416 534/534/415 522/522/409
f 536/536/416 522/522/409 537/537/417
f 540/540/419 539/539/418 510/510/403
f 540/540/419 510/510/403 533/533/414
f 534/534/415 536/536/416 531/531/413
f 534/534/415 531/531/413 543/543/421
f 533/533/414 543/543/421 541/541/420
f 533/533/414 541/541/420 540/540/419
f 28/28/28 26/26/26 25/25/25
f 28/28/28 25/25/25 312/312/249
f 22/22/22 434/434/345 6/6/6
f 22/22/22 6/6/6 10/10/10
f 321/321/86 544/544/422 545/545/423
f 321/321/86 545/545/423 322/322/86
f 12/12/12 11/11/11 438/438/347
f 12/12/12 438/438/347 19/19/19
f 546/546/424 547/547/389 548/548/389
f 546/546/424 548/548/389 549/549/425
f 550/550/171 551/551/426 552/552/427
f 550/550/171 552/552/427 553/553/171
f 457/457/299 407/407/323 410/410/324
f 457/457/299 410/410/324 458/458/299
f 551/551/426 554/554/293 555/555/293
f 551/551/426 555/555/293 552/552/427
f 302/302/241 1/1/1 5/5/5
f 302/302/241 5/5/5 14/14/14
f 544/544/422 550/550/171 553/553/171
f 544/544/422 553/553/171 545/545/423
f 547/547/389 456/456/361 459/459/362
f 547/547/389 459/459/362 548/548/389
f 448/448/355 556/556/381 557/557/381
f 448/448/355 557/557/381 449/449/356
f 556/556/381 546/546/424 549/549/425
f 556/556/381 549/549/425 557/557/381
f 558/558/428 559/559/429 560/560/430
f 558/558/428 560/560/430 561/561/431
f 559/559/429 562/562/432 563/563/433
f 559/559/429 563/563/433 560/560/430
f 562/562/432 564/564/434 565/565/435
f 562/562/432 565/565/435 563/563/433
f 566/566/436 567/567/437 568/568/438
f 566/566/436 568/568/438 569/569/439
f 567/567/437 570/570/440 571/571/441
f 567/567/437 571/571/441 568/568/438
f 564/564/434 572/572/442 573/573/443
f 564/564/434 573/573/443 565/565/435
f 572/572/442 574/574/444 575/575/445
f 572/572/442 575/575/445 573/573/443
f 576/576/446 577/577/447 578/578/448
f 576/576/446 578/578/448 579/579/449
f 580/580/444 576/576/446 579/579/449
f 580/580/444 579/579/449 581/581/445
f 582/582/450 583/583/436 584/584/439
f 582/582/450 584/584/439 585/585/451
f 577/577/447 586/586/452 587/587/453
f 577/577/447 587/587/453 578/578/448
f 586/586/452 588/588/454 589/589/455
f 586/586/452 589/589/455 587/587/453
f 570/570/440 558/558/428 561/561/431
f 570/570/440 561/561/431 571/571/441
f 590/590/456 582/582/450 585/585/451
f 590/590/456 585/585/451 591/591/457
f 592/592/458 590/590/456 591/591/457
f 592/592/458 591/591/457 593/593/459
f 588/588/454 592/592/458 593/593/459
f 588/588/454 593/593/459 589/589/455
f 590/590/456 592/592/458 594/594/460
f 590/590/456 594/594/460 595/595/461
f 582/582/450 590/590/456 595/595/461
f 582/582/450 595/595/461 596/596/462
f 588/588/454 586/586/452 597/597/463
f 588/588/454 597/597/463 598/598/464
f 558/558/428 570/570/440 599/599/465
f 558/558/428 599/599/465 600/600/466
f 567/567/437 566/566/436 601/601/467
f 567/567/437 601/601/467 602/602/468
f 577/577/447 576/576/446 603/603/469
f 577/577/447 603/603/469 604/604/470
f 570/570/440 567/567/437 602/602/468
f 570/570/440 602/602/468 599/599/465
f 592/592/458 588/588/454 598/598/464
f 592/592/458 598/598/464 594/594/460
f 559/559/429 558/558/428 600/600/466
f 559/559/429 600/600/466 605/605/471
f 586/586/452 577/577/447 604/604/470
f 586/586/452 604/604/470 597/597/463
f 583/583/436 582/582/450 596/596/462
f 583/583/436 596/596/462 606/606/467
f 576/576/446 580/580/444 607/607/472
f 576/576/446 607/607/472 603/603/469
f 574/574/444 572/572/442 608/608/473
f 574/574/444 608/608/473 609/609/472
f 572/572/442 564/564/434 610/610/474
f 572/572/442 610/610/474 608/608/473
f 564/564/434 562/562/432 611/611/475
f 564/564/434 611/611/475 610/610/474
f 562/562/432 559/559/429 605/605/471
f 562/562/432 605/605/471 611/611/475
f 612/612/31 613/613/31 614/614/31
f 612/612/31 614/614/31 615/615/31
f 613/613/31 616/616/31 617/617/31
f 613/613/31 617/617/31 614/614/31
f 616/616/31 618/618/31 619/619/31
f 616/616/31 619/619/31 617/617/31
f 618/618/31 620/620/31 621/621/31
f 618/618/31 621/621/31 619/619/31
f 622/622/31 623/623/31 624/624/31
f 622/622/31 624/624/31 625/625/31
f 620/620/31 626/626/31 627/627/31
f 620/620/31 627/627/31 621/621/31
f 626/626/31 628/628/31 629/629/31
f 626/626/31 629/629/31 627/627/31
f 630/630/31 631/631/31 632/632/31
f 630/630/31 632/632/31 633/633/31
f 628/628/31 630/630/31 633/633/31
f 628/628/31 633/633/31 629/629/31
f 634/634/31 622/622/31 625/625/31
f 634/634/31 625/625/31 635/635/31
f 631/631/31 636/636/31 637/637/31
f 631/631/31 637/637/31 632/632/31
f 638/638/31 639/639/31 640/640/31
f 638/638/31 640/640/31 641/641/31
f 623/623/31 612/612/31 615/615/31
f 623/623/31 615/615/31 624/624/31
f 642/642/31 634/634/31 635/635/31
f 642/642/31 635/635/31 643/643/31
f 639/639/31 642/642/31 643/643/31
f 639/639/31 643/643/31 640/640/31
f 636/636/31 638/638/31 641/641/31
f 636/636/31 641/641/31 637/637/31
f 644/644/476 645/645/477 646/646/478
f 644/644/476 646/646/478 647/647/479
f 648/648/480 649/649/481 645/645/477
f 648/648/480 645/645/477 644/644/476
f 650/650/482 651/651/483 649/649/481
f 650/650/482 649/649/481 648/648/480
f 652/652/484 653/653/485 651/651/483
f 652/652/484 651/651/483 650/650/482
f 654/654/486 655/655/487 653/653/485
f 654/654/486 653/653/485 652/652/484
f 656/656/488 657/657/489 655/655/487
f 656/656/488 655/655/487 654/654/486
f 658/658/490 659/659/491 660/660/489
f 658/658/490 660/660/489 661/661/488
f 647/647/479 646/646/478 659/659/491
f 647/647/479 659/659/491 658/658/490
f 645/645/477 662/662/492 663/663/493
f 645/645/477 663/663/493 646/646/478
f 649/649/481 664/664/494 662/662/492
f 649/649/481 662/662/492 645/645/477
f 651/651/483 665/665/495 664/664/494
f 651/651/483 664/664/494 649/649/481
f 653/653/485 666/666/496 665/665/495
f 653/653/485 665/665/495 651/651/483
f 655/655/487 667/667/497 666/666/496
f 655/655/487 666/666/496 653/653/485
f 657/657/489 668/668/498 667/667/497
f 657/657/489 667/667/497 655/655/487
f 659/659/491 669/669/499 670/670/498
f 659/659/491 670/670/498 660/660/489
f 646/646/478 663/663/493 669/669/499
f 646/646/478 669/669/499 659/659/491
f 662/662/492 671/671/500 672/672/501
f 662/662/492 672/672/501 663/663/493
f 664/664/494 673/673/502 671/671/500
f 664/664/494 671/671/500 662/662/492
f 665/665/495 674/674/503 673/673/502
f 665/665/495 673/673/502 664/664/494
f 666/666/496 675/675/504 674/674/503
f 666/666/496 674/674/503 665/665/495
f 667/667/497 676/676/505 675/675/504
f 667/667/497 675/675/504 666/666/496
f 668/668/498 677/677/506 676/676/505
f 668/668/498 676/676/505 667/667/497
f 669/669/499 678/678/507 679/679/506
f 669/669/499 679/679/506 670/670/498
f 663/663/493 672/672/501 678/678/507
f 663/663/493 678/678/507 669/669/499
f 671/671/500 680/680/508 681/681/509
f 671/671/500 681/681/509 672/672/501
f 673/673/502 682/682/510 680/680/508
f 673/673/502 680/680/508 671/671/500
f 674/674/503 683/683/511 682/682/510
f 674/674/503 682/682/510 673/673/502
f 675/675/504 684/684/512 683/683/511
f 675/675/504 683/683/511 674/674/503
f 676/676/505 685/685/513 684/684/512
f 676/676/505 684/684/512 675/675/504
f 677/677/506 686/686/514 685/685/513
f 677/677/506 685/685/513 676/676/505
f 678/678/507 687/687/515 688/688/514
f 678/678/507 688/688/514 679/679/506
f 672/672/501 681/681/509 687/687/515
f 672/672/501 687/687/515 678/678/507
f 680/680/508 689/689/516 690/690/517
f 680/680/508 690/690/517 681/681/509
f 682/682/510 691/691/518 689/689/516
f 682/682/510 689/689/516 680/680/508
f 683/683/511 692/692/519 691/691/518
f 683/683/511 691/691/518 682/682/510
f 684/684/512 693/693/520 692/692/519
f 684/684/512 692/692/519 683/683/511
f 685/685/513 694/694/521 693/693/520
f 685/685/513 693/693/520 684/684/512
f 686/686/514 695/695/522 694/694/521
f 686/686/514 694/694/521 685/685/513
f 687/687/515 696/696/523 697/697/522
f 687/687/515 697/697/522 688/688/514
f 681/681/509 690/690/517 696/696/523
f 681/681/509 696/696/523 687/687/515
f 689/689/516 698/698/524 699/699/525
f 689/689/516 699/699/525 690/690/517
f 691/691/518 700/700/526 698/698/524
f 691/691/518 698/698/524 689/689/516
f 692/692/519 701/701/527 700/700/526
f 692/692/519 700/700/526 691/691/518
f 693/693/520 702/702/528 701/701/527
f 693/693/520 701/701/527 692/692/519
f 694/694/521 703/703/529 702/702/528
f 694/694/521 702/702/528 693/693/520
f 695/695/522 704/704/530 703/703/529
f 695/695/522 703/703/529 694/694/521
f 696/696/523 705/705/531 706/706/530
f 696/696/523 706/706/530 697/697/522
f 690/690/517 699/699/525 705/705/531
f 690/690/517 705/705/531 696/696/523
f 698/698/524 707/707/532 708/708/533
f 698/698/524 708/708/533 699/699/525
f 700/700/526 709/709/534 707/707/532
f 700/700/526 707/707/532 698/698/524
f 701/701/527 710/710/535 709/709/534
f 701/701/527 709/709/534 700/700/526
f 702/702/528 711/711/536 710/710/535
f 702/702/528 710/710/535 701/701/527
f 703/703/529 712/712/537 711/711/536
f 703/703/529 711/711/536 702/702/528
f 704/704/530 713/713/538 712/712/537
f 704/704/530 712/712/537 703/703/529
f 705/705/531 714/714/539 715/715/538
f 705/705/531 715/715/538 706/706/530
f 699/699/525 708/708/533 714/714/539
f 699/699/525 714/714/539 705/705/531
f 707/707/532 716/716/540 717/717/541
f 707/707/532 717/717/541 708/708/533
f 709/709/534 718/718/542 716/716/540
f 709/709/534 716/716/540 707/707/532
f 710/710/535 719/719/543 718/718/542
f 710/710/535 718/718/542 709/709/534
f 711/711/536 720/720/544 719/719/543
f 711/711/536 719/719/543 710/710/535
f 712/712/537 721/721/545 720/720/544
f 712/712/537 720/720/544 711/711/536
f 713/713/538 722/722/546 721/721/545
f 713/713/538 721/721/545 712/712/537
f 714/714/539 723/723/547 724/724/546
f 714/714/539 724/724/546 715/715/538
f 708/708/533 717/717/541 723/723/547
f 708/708/533 723/723/547 714/714/539
f 716/716/540 725/725/548 726/726/549
f 716/716/540 726/726/549 717/717/541
f 718/718/542 727/727/550 725/725/548
f 718/718/542 725/725/548 716/716/540
f 719/719/543 728/728/551 727/727/550
f 719/719/543 727/727/550 718/718/542
f 720/720/544 729/729/552 728/728/551
f 720/720/544 728/728/551 719/719/543
f 721/721/545 730/730/553 729/729/552
f 721/721/545 729/729/552 720/720/544
f 722/722/546 731/731/554 730/730/553
f 722/722/546 730/730/553 721/721/545
f 723/723/547 732/732/555 733/733/554
f 723/723/547 733/733/554 724/724/546
f 717/717/541 726/726/549 732/732/555
f 717/717/541 732/732/555 723/723/547
f 725/725/548 734/734/556 735/735/557
f 725/725/548 735/735/557 726/726/549
f 727/727/550 736/736/558 734/734/556
f 727/727/550 734/734/556 725/725/548
f 728/728/551 737/737/559 736/736/558
f 728/728/551 736/736/558 727/727/550
f 729/729/552 738/738/560 737/737/559
f 729/729/552 737/737/559 728/728/551
f 730/730/553 739/739/561 738/738/560
f 730/730/553 738/738/560 729/729/552
f 731/731/554 740/740/562 739/739/561
f 731/731/554 739/739/561 730/730/553
f 732/732/555 741/741/563 742/742/562
f 732/732/555 742/742/562 733/733/554
f 726/726/549 735/735/557 741/741/563
f 726/726/549 741/741/563 732/732/555
f 734/734/556 743/743/564 744/744/565
f 734/734/556 744/744/565 735/735/557
f 736/736/558 745/745/566 743/743/564
f 736/736/558 743/743/564 734/734/556
f 737/737/559 746/746/567 745/745/566
f 737/737/559 745/745/566 736/736/558
f 738/738/560 747/747/568 746/746/567
f 738/738/560 746/746/567 737/737/559
f 739/739/561 748/748/569 747/747/568
f 739/739/561 747/747/568 738/738/560
f 740/740/562 749/749/570 748/748/569
f 740/740/562 748/748/569 739/739/561
f 741/741/563 750/750/571 751/751/570
f 741/741/563 751/751/570 742/742/562
f 735/735/557 744/744/565 750/750/571
f 735/735/557 750/750/571 741/741/563
f 743/743/564 752/752/572 753/753/573
f 743/743/564 753/753/573 744/744/565
f 745/745/566 754/754/574 752/752/572
f 745/745/566 752/752/572 743/743/564
f 746/746/567 755/755/575 754/754/574
f 746/746/567 754/754/574 745/745/566
f 747/747/568 756/756/576 755/755/575
f 747/747/568 755/755/575 746/746/567
f 748/748/569 757/757/577 756/756/576
f 748/748/569 756/756/576 747/747/568
f 749/749/570 758/758/578 757/757/577
f 749/749/570 757/757/577 748/748/569
f 750/750/571 759/759/579 760/760/578
f 750/750/571 760/760/578 751/751/570
f 744/744/565 753/753/573 759/759/579
f 744/744/565 759/759/579 750/750/571
f 752/752/572 761/761/580 762/762/581
f 752/752/572 762/762/581 753/753/573
f 754/754/574 763/763/582 761/761/580
f 754/754/574 761/761/580 752/752/572
f 755/755/575 764/764/583 763/763/582
f 755/755/575 763/763/582 754/754/574
f 756/756/576 765/765/584 764/764/583
f 756/756/576 764/764/583 755/755/575
f 757/757/577 766/766/585 765/765/584
f 757/757/577 765/765/584 756/756/576
f 758/758/578 767/767/586 766/766/585
f 758/758/578 766/766/585 757/757/577
f 759/759/579 768/768/587 769/769/586
f 759/759/579 769/769/586 760/760/578
f 753/753/573 762/762/581 768/768/587
f 753/753/573 768/768/587 759/759/579
f 761/761/580 770/770/588 771/771/589
f 761/761/580 771/771/589 762/762/581
f 763/763/582 772/772/590 770/770/588
f 763/763/582 770/770/588 761/761/580
f 764/764/583 773/773/591 772/772/590
f 764/764/583 772/772/590 763/763/582
f 765/765/584 774/774/592 773/773/591
f 765/765/584 773/773/591 764/764/583
f 766/766/585 775/775/593 774/774/592
f 766/766/585 774/774/592 765/765/584
f 767/767/586 776/776/594 775/775/593
f 767/767/586 775/775/593 766/766/585
f 768/768/587 777/777/595 778/778/594
f 768/768/587 778/778/594 769/769/586
f 762/762/581 771/771/589 777/777/595
f 762/762/581 777/777/595 768/768/587
f 770/770/588 779/779/596 780/780/597
f 770/770/588 780/780/597 771/771/589
f 772/772/590 781/781/598 779/779/596
f 772/772/590 779/779/596 770/770/588
f 773/773/591 782/782/599 781/781/598
f 773/773/591 781/781/598 772/772/590
f 774/774/592 783/783/600 782/782/599
f 774/774/592 782/782/599 773/773/591
f 775/775/593 784/784/601 783/783/600
f 775/775/593 783/783/600 774/774/592
f 776/776/594 785/785/602 784/784/601
f 776/776/594 784/784/601 775/775/593
f 777/777/595 786/786/603 787/787/602
f 777/777/595 787/787/602 778/778/594
f 771/771/589 780/780/597 786/786/603
f 771/771/589 786/786/603 777/777/595
# Vertices: 787, normals: 603, texture coordinates: 787, faces: 1158

