# Blender 5.0.0
# www.blender.org
mtllib table.mtl
o Object_4
v -0.000000 1.875761 -1.291259
v -0.000000 1.861987 -1.303098
v 0.334202 1.875761 -1.247260
v 0.337266 1.861987 -1.258696
v 0.645629 1.875761 -1.118263
v 0.651549 1.861987 -1.128516
v 0.913058 1.875761 -0.913058
v 0.921429 1.861987 -0.921429
v 1.118263 1.875761 -0.645630
v 1.128516 1.861987 -0.651549
v 1.247260 1.875761 -0.334202
v 1.258696 1.861987 -0.337267
v 1.291259 1.875761 -0.000000
v 1.303098 1.861987 -0.000000
v 1.247260 1.875761 0.334202
v 1.247260 1.875761 0.334202
v 1.258696 1.861987 0.337266
v 1.258696 1.861987 0.337266
v 1.118263 1.875761 0.645629
v 1.128516 1.861987 0.651549
v 0.913058 1.875761 0.913058
v 0.921429 1.861987 0.921429
v 0.645630 1.875761 1.118263
v 0.651549 1.861987 1.128516
v 0.334203 1.875761 1.247260
v 0.337267 1.861987 1.258696
v 0.000000 1.875761 1.291259
v 0.000001 1.861987 1.303098
v -0.334202 1.875761 1.247261
v -0.337266 1.861987 1.258696
v -0.645629 1.875761 1.118264
v -0.651548 1.861987 1.128516
v -0.913057 1.875761 0.913059
v -0.921429 1.861987 0.921430
v -1.118263 1.875761 0.645630
v -1.128515 1.861987 0.651549
v -1.247260 1.875761 0.334203
v -1.258696 1.861987 0.337267
v -1.291259 1.875761 0.000001
v -1.303098 1.861987 0.000001
v -1.247260 1.875761 -0.334202
v -1.247260 1.875761 -0.334202
v -1.258696 1.861987 -0.337266
v -1.258696 1.861987 -0.337266
v -1.118263 1.875761 -0.645629
v -1.128516 1.861987 -0.651548
v -0.913059 1.875761 -0.913058
v -0.921430 1.861987 -0.921429
v -0.645630 1.875761 -1.118263
v -0.651550 1.861987 -1.128516
v -0.334203 1.875761 -1.247260
v -0.337267 1.861987 -1.258696
v -0.000000 1.827537 -1.310314
v -0.000000 1.800338 -1.288753
v -0.000000 1.809512 -1.302270
v 0.339134 1.827537 -1.265666
v 0.337052 1.809512 -1.257896
v 0.333554 1.800338 -1.244840
v 0.655157 1.827537 -1.134765
v 0.651135 1.809512 -1.127799
v 0.644376 1.800338 -1.116093
v 0.926532 1.827537 -0.926532
v 0.920844 1.809512 -0.920844
v 0.911286 1.800338 -0.911286
v 1.134765 1.827537 -0.655157
v 1.127798 1.809512 -0.651135
v 1.116093 1.800338 -0.644376
v 1.265666 1.827537 -0.339134
v 1.257896 1.809512 -0.337052
v 1.244840 1.800338 -0.333554
v 1.310314 1.827537 -0.000000
v 1.302269 1.809512 -0.000000
v 1.288753 1.800338 -0.000000
v 1.265666 1.827537 0.339134
v 1.265666 1.827537 0.339134
v 1.257896 1.809512 0.337052
v 1.257896 1.809512 0.337052
v 1.244840 1.800338 0.333554
v 1.244840 1.800338 0.333554
v 1.134765 1.827537 0.655157
v 1.127799 1.809512 0.651135
v 1.116093 1.800338 0.644376
v 0.926532 1.827537 0.926532
v 0.920844 1.809512 0.920843
v 0.911286 1.800338 0.911286
v 0.655157 1.827537 1.134765
v 0.651135 1.809512 1.127798
v 0.644377 1.800338 1.116093
v 0.339135 1.827537 1.265666
v 0.337053 1.809512 1.257896
v 0.333554 1.800338 1.244840
v 0.000001 1.827537 1.310314
v 0.000001 1.809512 1.302270
v 0.000001 1.800338 1.288753
v -0.339134 1.827537 1.265666
v -0.337052 1.809512 1.257896
v -0.333553 1.800338 1.244840
v -0.655156 1.827537 1.134766
v -0.651134 1.809512 1.127799
v -0.644376 1.800338 1.116093
v -0.926531 1.827537 0.926533
v -0.920843 1.809512 0.920844
v -0.911286 1.800338 0.911287
v -1.134765 1.827537 0.655158
v -1.127798 1.809512 0.651135
v -1.116092 1.800338 0.644377
v -1.265666 1.827537 0.339135
v -1.257895 1.809512 0.337053
v -1.244840 1.800338 0.333554
v -1.310314 1.827537 0.000001
v -1.302269 1.809512 0.000001
v -1.288753 1.800338 0.000001
v -1.265666 1.827537 -0.339134
v -1.265666 1.827537 -0.339134
v -1.257896 1.809512 -0.337052
v -1.257896 1.809512 -0.337052
v -1.244840 1.800338 -0.333553
v -1.244840 1.800338 -0.333553
v -1.134766 1.827537 -0.655156
v -1.127799 1.809512 -0.651134
v -1.116093 1.800338 -0.644376
v -0.926533 1.827537 -0.926532
v -0.920844 1.809512 -0.920843
v -0.911286 1.800338 -0.911286
v -0.655158 1.827537 -1.134765
v -0.651135 1.809512 -1.127798
v -0.644377 1.800338 -1.116093
v -0.339135 1.827537 -1.265666
v -0.337053 1.809512 -1.257896
v -0.333554 1.800338 -1.244840
v -0.000000 1.879176 -1.272277
v 0.329289 1.879176 -1.228924
v 0.636138 1.879176 -1.101824
v 0.899635 1.879176 -0.899635
v 1.101823 1.879176 -0.636138
v 1.228924 1.879176 -0.329289
v 1.272276 1.879176 -0.000000
v 1.228924 1.879176 0.329289
v 1.228924 1.879176 0.329289
v 1.101824 1.879176 0.636138
v 0.899635 1.879176 0.899635
v 0.636138 1.879176 1.101824
v 0.329290 1.879176 1.228924
v 0.000000 1.879176 1.272277
v -0.329289 1.879176 1.228925
v -0.636138 1.879176 1.101824
v -0.899634 1.879176 0.899636
v -1.101823 1.879176 0.636139
v -1.228924 1.879176 0.329290
v -1.272276 1.879176 0.000001
v -1.228924 1.879176 -0.329289
v -1.228924 1.879176 -0.329289
v -1.101824 1.879176 -0.636138
v -0.899636 1.879176 -0.899635
v -0.636139 1.879176 -1.101823
v -0.329290 1.879176 -1.228924
v 0.327440 1.796388 -1.222023
v 0.327440 1.796388 -1.222023
v -0.000000 1.796388 -1.265132
v -0.000000 1.796388 -1.265132
v 0.632566 1.796388 -1.095636
v 0.632566 1.796388 -1.095636
v 0.894583 1.796388 -0.894583
v 0.894583 1.796388 -0.894583
v 1.095636 1.796388 -0.632566
v 1.095636 1.796388 -0.632566
v 1.222023 1.796388 -0.327440
v 1.222023 1.796388 -0.327440
v 1.265132 1.796388 -0.000000
v 1.265132 1.796388 -0.000000
v 1.222023 1.796388 0.327440
v 1.222023 1.796388 0.327440
v 1.222023 1.796388 0.327440
v 1.095636 1.796388 0.632566
v 1.095636 1.796388 0.632566
v 0.894583 1.796388 0.894583
v 0.894583 1.796388 0.894583
v 0.632566 1.796388 1.095636
v 0.632566 1.796388 1.095636
v 0.327440 1.796388 1.222023
v 0.327440 1.796388 1.222023
v 0.000000 1.796388 1.265132
v 0.000000 1.796388 1.265132
v -0.327439 1.796388 1.222023
v -0.327439 1.796388 1.222023
v -0.632565 1.796388 1.095636
v -0.632565 1.796388 1.095636
v -0.894583 1.796388 0.894584
v -0.894583 1.796388 0.894584
v -1.095636 1.796388 0.632566
v -1.095636 1.796388 0.632566
v -1.222023 1.796388 0.327441
v -1.222023 1.796388 0.327441
v -1.265132 1.796388 0.000001
v -1.265132 1.796388 0.000001
v -1.222023 1.796388 -0.327439
v -1.222023 1.796388 -0.327439
v -1.222023 1.796388 -0.327439
v -1.095636 1.796388 -0.632565
v -1.095636 1.796388 -0.632565
v -0.894584 1.796388 -0.894583
v -0.894584 1.796388 -0.894583
v -0.632566 1.796388 -1.095636
v -0.632566 1.796388 -1.095636
v -0.327441 1.796388 -1.222023
v -0.327441 1.796388 -1.222023
v 0.000000 1.879683 0.000000
v -0.000000 1.795801 0.000000
v 0.170086 1.861987 -1.291934
v 0.335806 1.871580 -1.253243
v -0.000000 1.871580 -1.297453
v 0.168541 1.875761 -1.280196
v 0.332235 1.877988 -1.239920
v -0.000000 1.877988 -1.283660
v 0.166063 1.879176 -1.261376
v 0.498668 1.861987 -1.203891
v 0.648726 1.871580 -1.123627
v 0.494137 1.875761 -1.192953
v 0.641830 1.877988 -1.111682
v 0.486873 1.879176 -1.175416
v 0.793266 1.861987 -1.033804
v 0.917438 1.871580 -0.917438
v 0.786059 1.875761 -1.024412
v 0.907684 1.877988 -0.907684
v 0.774503 1.879176 -1.009352
v 1.033804 1.861987 -0.793266
v 1.123627 1.871580 -0.648727
v 1.024412 1.875761 -0.786059
v 1.111682 1.877988 -0.641830
v 1.009352 1.879176 -0.774503
v 1.203890 1.861987 -0.498668
v 1.253243 1.871580 -0.335806
v 1.192953 1.875761 -0.494137
v 1.239920 1.877988 -0.332236
v 1.175415 1.879176 -0.486873
v 1.291933 1.861987 -0.170086
v 1.297453 1.871580 -0.000000
v 1.280196 1.875761 -0.168541
v 1.283659 1.877988 -0.000000
v 1.261376 1.879176 -0.166063
v 1.291933 1.861987 0.170086
v 1.253243 1.871580 0.335805
v 1.253243 1.871580 0.335805
v 1.280196 1.875761 0.168541
v 1.239920 1.877988 0.332235
v 1.239920 1.877988 0.332235
v 1.261376 1.879176 0.166063
v 1.203890 1.861987 0.498668
v 1.123627 1.871580 0.648726
v 1.192953 1.875761 0.494137
v 1.111682 1.877988 0.641830
v 1.175415 1.879176 0.486873
v 1.033804 1.861987 0.793266
v 0.917438 1.871580 0.917438
v 1.024412 1.875761 0.786059
v 0.907684 1.877988 0.907684
v 1.009352 1.879176 0.774503
v 0.793266 1.861987 1.033804
v 0.648727 1.871580 1.123627
v 0.786059 1.875761 1.024412
v 0.641830 1.877988 1.111682
v 0.774503 1.879176 1.009352
v 0.498668 1.861987 1.203891
v 0.335806 1.871580 1.253244
v 0.494138 1.875761 1.192953
v 0.332236 1.877988 1.239920
v 0.486873 1.879176 1.175415
v 0.170087 1.861987 1.291934
v 0.000001 1.871580 1.297453
v 0.168541 1.875761 1.280196
v 0.000000 1.877988 1.283660
v 0.166064 1.879176 1.261376
v -0.170086 1.861987 1.291934
v -0.335805 1.871580 1.253244
v -0.168540 1.875761 1.280196
v -0.332235 1.877988 1.239920
v -0.166063 1.879176 1.261376
v -0.498667 1.861987 1.203891
v -0.648726 1.871580 1.123628
v -0.494137 1.875761 1.192953
v -0.641829 1.877988 1.111682
v -0.486872 1.879176 1.175416
v -0.793265 1.861987 1.033805
v -0.917437 1.871580 0.917438
v -0.786058 1.875761 1.024413
v -0.907684 1.877988 0.907685
v -0.774503 1.879176 1.009353
v -1.033804 1.861987 0.793266
v -1.123627 1.871580 0.648727
v -1.024411 1.875761 0.786059
v -1.111681 1.877988 0.641830
v -1.009352 1.879176 0.774504
v -1.203890 1.861987 0.498668
v -1.253243 1.871580 0.335806
v -1.192953 1.875761 0.494138
v -1.239919 1.877988 0.332236
v -1.175415 1.879176 0.486874
v -1.291933 1.861987 0.170087
v -1.297453 1.871580 0.000001
v -1.280196 1.875761 0.168542
v -1.283659 1.877988 0.000001
v -1.261376 1.879176 0.166064
v -1.291933 1.861987 -0.170086
v -1.253243 1.871580 -0.335805
v -1.253243 1.871580 -0.335805
v -1.280196 1.875761 -0.168540
v -1.239920 1.877988 -0.332235
v -1.239920 1.877988 -0.332235
v -1.261376 1.879176 -0.166063
v -1.203891 1.861987 -0.498667
v -1.123627 1.871580 -0.648726
v -1.192953 1.875761 -0.494137
v -1.111682 1.877988 -0.641829
v -1.175416 1.879176 -0.486872
v -1.033804 1.861987 -0.793265
v -0.917438 1.871580 -0.917437
v -1.024412 1.875761 -0.786058
v -0.907685 1.877988 -0.907684
v -1.009353 1.879176 -0.774503
v -0.793266 1.861987 -1.033804
v -0.648727 1.871580 -1.123627
v -0.786060 1.875761 -1.024412
v -0.641830 1.877988 -1.111682
v -0.774504 1.879176 -1.009352
v -0.498669 1.861987 -1.203890
v -0.335806 1.871580 -1.253243
v -0.494138 1.875761 -1.192953
v -0.332236 1.877988 -1.239920
v -0.486874 1.879176 -1.175415
v -0.170087 1.861987 -1.291933
v -0.168541 1.875761 -1.280196
v -0.166064 1.879176 -1.261376
v -0.000000 1.816230 -1.307784
v 0.171028 1.827537 -1.299088
v 0.338479 1.816230 -1.263222
v 0.169978 1.809512 -1.291112
v -0.000000 1.804330 -1.295896
v 0.335402 1.804330 -1.251739
v 0.168214 1.800338 -1.277712
v -0.000000 1.797762 -1.279755
v 0.331225 1.797762 -1.236148
v 0.165131 1.796388 -1.254293
v 0.165131 1.796388 -1.254293
v 0.501429 1.827537 -1.210558
v 0.653892 1.816230 -1.132574
v 0.498351 1.809512 -1.203125
v 0.647948 1.804330 -1.122279
v 0.493178 1.800338 -1.190638
v 0.639877 1.797762 -1.108300
v 0.484139 1.796388 -1.168815
v 0.484139 1.796388 -1.168815
v 0.797659 1.827537 -1.039529
v 0.924743 1.816230 -0.924743
v 0.792762 1.809512 -1.033147
v 0.916337 1.804330 -0.916337
v 0.784533 1.800338 -1.022424
v 0.904923 1.797762 -0.904923
v 0.770154 1.796388 -1.003684
v 0.770154 1.796388 -1.003684
v 1.039529 1.827537 -0.797659
v 1.132574 1.816230 -0.653892
v 1.033147 1.809512 -0.792762
v 1.122278 1.804330 -0.647948
v 1.022424 1.800338 -0.784533
v 1.108300 1.797762 -0.639877
v 1.003684 1.796388 -0.770154
v 1.003684 1.796388 -0.770154
v 1.210557 1.827537 -0.501429
v 1.263222 1.816230 -0.338479
v 1.203125 1.809512 -0.498351
v 1.251739 1.804330 -0.335403
v 1.190638 1.800338 -0.493178
v 1.236148 1.797762 -0.331225
v 1.168815 1.796388 -0.484139
v 1.168815 1.796388 -0.484139
v 1.299088 1.827537 -0.171028
v 1.307784 1.816230 -0.000000
v 1.291112 1.809512 -0.169978
v 1.295895 1.804330 -0.000000
v 1.277712 1.800338 -0.168214
v 1.279754 1.797762 -0.000000
v 1.254292 1.796388 -0.165131
v 1.254292 1.796388 -0.165131
v 1.299088 1.827537 0.171028
v 1.263222 1.816230 0.338479
v 1.263222 1.816230 0.338479
v 1.291112 1.809512 0.169978
v 1.251739 1.804330 0.335402
v 1.251739 1.804330 0.335402
v 1.277712 1.800338 0.168214
v 1.236148 1.797762 0.331225
v 1.236148 1.797762 0.331225
v 1.254292 1.796388 0.165131
v 1.254292 1.796388 0.165131
v 1.210557 1.827537 0.501429
v 1.132574 1.816230 0.653892
v 1.203125 1.809512 0.498351
v 1.122279 1.804330 0.647948
v 1.190638 1.800338 0.493178
v 1.108300 1.797762 0.639877
v 1.168815 1.796388 0.484139
v 1.168815 1.796388 0.484139
v 1.039529 1.827537 0.797659
v 0.924743 1.816230 0.924743
v 1.033147 1.809512 0.792762
v 0.916337 1.804330 0.916337
v 1.022424 1.800338 0.784533
v 0.904923 1.797762 0.904923
v 1.003684 1.796388 0.770154
v 1.003684 1.796388 0.770154
v 0.797659 1.827537 1.039529
v 0.653892 1.816230 1.132574
v 0.792762 1.809512 1.033147
v 0.647948 1.804330 1.122278
v 0.784534 1.800338 1.022424
v 0.639877 1.797762 1.108300
v 0.770154 1.796388 1.003684
v 0.770154 1.796388 1.003684
v 0.501430 1.827537 1.210557
v 0.338480 1.816230 1.263222
v 0.498351 1.809512 1.203125
v 0.335403 1.804330 1.251739
v 0.493179 1.800338 1.190638
v 0.331225 1.797762 1.236148
v 0.484139 1.796388 1.168815
v 0.484139 1.796388 1.168815
v 0.171029 1.827537 1.299088
v 0.000001 1.816230 1.307784
v 0.169979 1.809512 1.291112
v 0.000001 1.804330 1.295896
v 0.168214 1.800338 1.277712
v 0.000000 1.797762 1.279755
v 0.165131 1.796388 1.254293
v 0.165131 1.796388 1.254293
v -0.171028 1.827537 1.299088
v -0.338479 1.816230 1.263223
v -0.169978 1.809512 1.291113
v -0.335402 1.804330 1.251740
v -0.168213 1.800338 1.277712
v -0.331224 1.797762 1.236148
v -0.165130 1.796388 1.254293
v -0.165130 1.796388 1.254293
v -0.501429 1.827537 1.210558
v -0.653891 1.816230 1.132574
v -0.498350 1.809512 1.203126
v -0.647947 1.804330 1.122279
v -0.493178 1.800338 1.190638
v -0.639876 1.797762 1.108300
v -0.484138 1.796388 1.168815
v -0.484138 1.796388 1.168815
v -0.797658 1.827537 1.039530
v -0.924742 1.816230 0.924743
v -0.792761 1.809512 1.033148
v -0.916336 1.804330 0.916337
v -0.784533 1.800338 1.022424
v -0.904923 1.797762 0.904924
v -0.770153 1.796388 1.003684
v -0.770153 1.796388 1.003684
v -1.039529 1.827537 0.797659
v -1.132574 1.816230 0.653892
v -1.033147 1.809512 0.792762
v -1.122278 1.804330 0.647948
v -1.022423 1.800338 0.784534
v -1.108300 1.797762 0.639878
v -1.003683 1.796388 0.770154
v -1.003683 1.796388 0.770154
v -1.210557 1.827537 0.501430
v -1.263222 1.816230 0.338480
v -1.203125 1.809512 0.498351
v -1.251739 1.804330 0.335403
v -1.190637 1.800338 0.493179
v -1.236148 1.797762 0.331225
v -1.168814 1.796388 0.484139
v -1.168814 1.796388 0.484139
v -1.299088 1.827537 0.171029
v -1.307784 1.816230 0.000001
v -1.291112 1.809512 0.169979
v -1.295895 1.804330 0.000001
v -1.277712 1.800338 0.168214
v -1.279754 1.797762 0.000001
v -1.254292 1.796388 0.165131
v -1.254292 1.796388 0.165131
v -1.299088 1.827537 -0.171028
v -1.263222 1.816230 -0.338479
v -1.263222 1.816230 -0.338479
v -1.291112 1.809512 -0.169978
v -1.251739 1.804330 -0.335402
v -1.251739 1.804330 -0.335402
v -1.277712 1.800338 -0.168213
v -1.236148 1.797762 -0.331224
v -1.236148 1.797762 -0.331224
v -1.254292 1.796388 -0.165130
v -1.254292 1.796388 -0.165130
v -1.210558 1.827537 -0.501429
v -1.132574 1.816230 -0.653891
v -1.203125 1.809512 -0.498350
v -1.122279 1.804330 -0.647947
v -1.190638 1.800338 -0.493178
v -1.108300 1.797762 -0.639877
v -1.168815 1.796388 -0.484138
v -1.168815 1.796388 -0.484138
v -1.039529 1.827537 -0.797658
v -0.924743 1.816230 -0.924742
v -1.033148 1.809512 -0.792761
v -0.916337 1.804330 -0.916336
v -1.022424 1.800338 -0.784533
v -0.904923 1.797762 -0.904923
v -1.003684 1.796388 -0.770153
v -1.003684 1.796388 -0.770153
v -0.797659 1.827537 -1.039529
v -0.653893 1.816230 -1.132574
v -0.792762 1.809512 -1.033147
v -0.647948 1.804330 -1.122278
v -0.784534 1.800338 -1.022424
v -0.639878 1.797762 -1.108300
v -0.770154 1.796388 -1.003684
v -0.770154 1.796388 -1.003684
v -0.501430 1.827537 -1.210557
v -0.338480 1.816230 -1.263222
v -0.498352 1.809512 -1.203125
v -0.335403 1.804330 -1.251739
v -0.493179 1.800338 -1.190638
v -0.331225 1.797762 -1.236148
v -0.484140 1.796388 -1.168815
v -0.484140 1.796388 -1.168815
v -0.171029 1.827537 -1.299088
v -0.169979 1.809512 -1.291112
v -0.168214 1.800338 -1.277712
v -0.165131 1.796388 -1.254293
v -0.165131 1.796388 -1.254293
v -0.000000 1.879620 -1.236173
v -0.000000 1.879620 -1.236173
v 0.319945 1.879620 -1.194052
v 0.319945 1.879620 -1.194052
v 0.618087 1.879620 -1.070557
v 0.618087 1.879620 -1.070557
v 0.874106 1.879620 -0.874106
v 0.874106 1.879620 -0.874106
v 1.070557 1.879620 -0.618087
v 1.070557 1.879620 -0.618087
v 1.194051 1.879620 -0.319945
v 1.194051 1.879620 -0.319945
v 1.236173 1.879620 -0.000000
v 1.236173 1.879620 -0.000000
v 1.194051 1.879620 0.319945
v 1.194051 1.879620 0.319945
v 1.194051 1.879620 0.319945
v 1.070557 1.879620 0.618086
v 1.070557 1.879620 0.618086
v 0.874107 1.879620 0.874106
v 0.874107 1.879620 0.874106
v 0.618087 1.879620 1.070557
v 0.618087 1.879620 1.070557
v 0.319946 1.879620 1.194052
v 0.319946 1.879620 1.194052
v 0.000000 1.879620 1.236173
v 0.000000 1.879620 1.236173
v -0.319945 1.879620 1.194052
v -0.319945 1.879620 1.194052
v -0.618086 1.879620 1.070558
v -0.618086 1.879620 1.070558
v -0.874106 1.879620 0.874107
v -0.874106 1.879620 0.874107
v -1.070557 1.879620 0.618087
v -1.070557 1.879620 0.618087
v -1.194051 1.879620 0.319946
v -1.194051 1.879620 0.319946
v -1.236173 1.879620 0.000001
v -1.236173 1.879620 0.000001
v -1.194051 1.879620 -0.319945
v -1.194051 1.879620 -0.319945
v -1.194051 1.879620 -0.319945
v -1.070558 1.879620 -0.618086
v -1.070558 1.879620 -0.618086
v -0.874107 1.879620 -0.874106
v -0.874107 1.879620 -0.874106
v -0.618087 1.879620 -1.070557
v -0.618087 1.879620 -1.070557
v -0.319946 1.879620 -1.194052
v -0.319946 1.879620 -1.194052
v 0.316673 1.795874 -1.181840
v -0.000000 1.795874 -1.223530
v 0.611765 1.795874 -1.059608
v 0.865166 1.795874 -0.865166
v 1.059608 1.795874 -0.611765
v 1.181839 1.795874 -0.316673
v 1.223530 1.795874 -0.000000
v 1.181839 1.795874 0.316673
v 1.059608 1.795874 0.611765
v 0.865167 1.795874 0.865166
v 0.611765 1.795874 1.059608
v 0.316673 1.795874 1.181840
v 0.000000 1.795874 1.223530
v -0.316672 1.795874 1.181840
v -0.611764 1.795874 1.059609
v -0.865166 1.795874 0.865167
v -1.059608 1.795874 0.611766
v -1.181839 1.795874 0.316673
v -1.223530 1.795874 0.000001
v -1.181839 1.795874 -0.316672
v -1.059608 1.795874 -0.611764
v -0.865167 1.795874 -0.865166
v -0.611766 1.795874 -1.059608
v -0.316673 1.795874 -1.181839
v -0.654065 1.845058 -1.132872
v -0.924987 1.845058 -0.924986
v -1.132872 1.845058 -0.654064
v -1.263555 1.845058 -0.338568
v -1.263555 1.845058 -0.338568
v -1.308128 1.845058 0.000001
v -1.263555 1.845058 0.338569
v -1.132872 1.845058 0.654065
v -0.924986 1.845058 0.924987
v -0.654064 1.845058 1.132873
v -0.338568 1.845058 1.263555
v 0.000001 1.845058 1.308128
v 0.338569 1.845058 1.263555
v -0.338569 1.845058 -1.263555
v -0.000000 1.845058 -1.308128
v 0.338569 1.845058 -1.263555
v 0.654064 1.845058 -1.132873
v 0.924986 1.845058 -0.924986
v 1.132872 1.845058 -0.654064
v 1.263555 1.845058 -0.338569
v 1.308128 1.845058 -0.000000
v 1.263555 1.845058 0.338568
v 1.263555 1.845058 0.338568
v 1.132872 1.845058 0.654064
v 0.924987 1.845058 0.924986
v 0.654065 1.845058 1.132873
v 0.169349 1.871580 -1.286337
v 0.167549 1.877988 -1.272662
v 0.496508 1.871580 -1.198675
v 0.491229 1.877988 -1.185932
v 0.789829 1.871580 -1.029326
v 0.781433 1.877988 -1.018383
v 1.029326 1.871580 -0.789830
v 1.018383 1.877988 -0.781433
v 1.198675 1.871580 -0.496508
v 1.185932 1.877988 -0.491229
v 1.286337 1.871580 -0.169350
v 1.272662 1.877988 -0.167549
v 1.286337 1.871580 0.169349
v 1.272662 1.877988 0.167549
v 1.198675 1.871580 0.496507
v 1.185932 1.877988 0.491229
v 1.029326 1.871580 0.789829
v 1.018383 1.877988 0.781433
v 0.789830 1.871580 1.029326
v 0.781433 1.877988 1.018383
v 0.496508 1.871580 1.198675
v 0.491229 1.877988 1.185932
v 0.169350 1.871580 1.286337
v 0.167550 1.877988 1.272662
v -0.169349 1.871580 1.286337
v -0.167549 1.877988 1.272662
v -0.496507 1.871580 1.198676
v -0.491229 1.877988 1.185932
v -0.789829 1.871580 1.029326
v -0.781432 1.877988 1.018383
v -1.029325 1.871580 0.789830
v -1.018382 1.877988 0.781433
v -1.198675 1.871580 0.496508
v -1.185931 1.877988 0.491230
v -1.286337 1.871580 0.169350
v -1.272661 1.877988 0.167550
v -1.286337 1.871580 -0.169349
v -1.272662 1.877988 -0.167548
v -1.198675 1.871580 -0.496507
v -1.185932 1.877988 -0.491228
v -1.029326 1.871580 -0.789829
v -1.018383 1.877988 -0.781432
v -0.789830 1.871580 -1.029325
v -0.781433 1.877988 -1.018382
v -0.496508 1.871580 -1.198675
v -0.491230 1.877988 -1.185932
v 1.296921 1.845058 -0.170743
v -0.169350 1.871580 -1.286337
v -0.167550 1.877988 -1.272662
v 0.170698 1.816230 -1.296580
v 0.169146 1.804330 -1.284793
v 0.167039 1.797762 -1.268790
v 0.500461 1.816230 -1.208220
v 0.495912 1.804330 -1.197237
v 0.489735 1.797762 -1.182324
v 0.796118 1.816230 -1.037522
v 0.788881 1.804330 -1.028091
v 0.779055 1.797762 -1.015285
v 1.037522 1.816230 -0.796118
v 1.028090 1.804330 -0.788881
v 1.015285 1.797762 -0.779056
v 1.208220 1.816230 -0.500461
v 1.197236 1.804330 -0.495912
v 1.182324 1.797762 -0.489735
v 1.296579 1.816230 -0.170698
v 1.284793 1.804330 -0.169146
v 1.268790 1.797762 -0.167039
v 1.296579 1.816230 0.170698
v 1.284793 1.804330 0.169146
v 1.268790 1.797762 0.167039
v 1.208220 1.816230 0.500461
v 1.197237 1.804330 0.495911
v 1.182324 1.797762 0.489735
v 1.037522 1.816230 0.796118
v 1.028090 1.804330 0.788881
v 1.015285 1.797762 0.779055
v 0.796119 1.816230 1.037522
v 0.788882 1.804330 1.028090
v 0.779056 1.797762 1.015285
v 0.500461 1.816230 1.208220
v 0.495912 1.804330 1.197237
v 0.489735 1.797762 1.182324
v 0.170698 1.816230 1.296579
v 0.169147 1.804330 1.284793
v 0.167040 1.797762 1.268790
v -0.170697 1.816230 1.296580
v -0.169146 1.804330 1.284793
v -0.167039 1.797762 1.268791
v -0.500460 1.816230 1.208220
v -0.495911 1.804330 1.197237
v -0.489734 1.797762 1.182324
v -0.796118 1.816230 1.037522
v -0.788881 1.804330 1.028091
v -0.779055 1.797762 1.015285
v -1.037521 1.816230 0.796119
v -1.028090 1.804330 0.788882
v -1.015284 1.797762 0.779056
v -1.208219 1.816230 0.500461
v -1.197236 1.804330 0.495912
v -1.182324 1.797762 0.489735
v -1.296579 1.816230 0.170698
v -1.284793 1.804330 0.169147
v -1.268790 1.797762 0.167040
v -1.296579 1.816230 -0.170697
v -1.284793 1.804330 -0.169146
v -1.268790 1.797762 -0.167039
v -1.208220 1.816230 -0.500460
v -1.197237 1.804330 -0.495911
v -1.182324 1.797762 -0.489734
v -1.037522 1.816230 -0.796118
v -1.028091 1.804330 -0.788881
v -1.015285 1.797762 -0.779055
v -0.796119 1.816230 -1.037521
v -0.788882 1.804330 -1.028090
v -0.779056 1.797762 -1.015284
v -0.500462 1.816230 -1.208220
v -0.495912 1.804330 -1.197237
v -0.489735 1.797762 -1.182324
v -0.170698 1.816230 -1.296579
v -0.169147 1.804330 -1.284793
v -0.167040 1.797762 -1.268790
v -1.208538 1.845058 -0.500592
v -1.296921 1.845058 -0.170742
v -1.296921 1.845058 0.170743
v 0.170743 1.845058 1.296921
v 0.500593 1.845058 1.208538
v 0.796328 1.845058 1.037795
v 1.037795 1.845058 0.796328
v 1.208538 1.845058 0.500593
v 1.296921 1.845058 0.170743
v 1.208538 1.845058 -0.500593
v 0.161541 1.879620 -1.227028
v 0.161541 1.879620 -1.227028
v 0.473615 1.879620 -1.143408
v 0.473615 1.879620 -1.143408
v 0.753413 1.879620 -0.981867
v 0.753413 1.879620 -0.981867
v 0.981867 1.879620 -0.753413
v 0.981867 1.879620 -0.753413
v 1.143408 1.879620 -0.473615
v 1.143408 1.879620 -0.473615
v 1.227028 1.879620 -0.161541
v 1.227028 1.879620 -0.161541
v 1.227028 1.879620 0.161541
v 1.227028 1.879620 0.161541
v 1.143408 1.879620 0.473615
v 1.143408 1.879620 0.473615
v 0.981867 1.879620 0.753413
v 0.981867 1.879620 0.753413
v 0.753413 1.879620 0.981867
v 0.753413 1.879620 0.981867
v 0.473616 1.879620 1.143408
v 0.473616 1.879620 1.143408
v 0.161542 1.879620 1.227028
v 0.161542 1.879620 1.227028
v -0.161541 1.879620 1.227028
v -0.161541 1.879620 1.227028
v -0.473615 1.879620 1.143408
v -0.473615 1.879620 1.143408
v -0.753412 1.879620 0.981867
v -0.753412 1.879620 0.981867
v -0.981866 1.879620 0.753414
v -0.981866 1.879620 0.753414
v -1.143408 1.879620 0.473616
v -1.143408 1.879620 0.473616
v -1.227028 1.879620 0.161542
v -1.227028 1.879620 0.161542
v -1.227028 1.879620 -0.161541
v -1.227028 1.879620 -0.161541
v -1.143408 1.879620 -0.473615
v -1.143408 1.879620 -0.473615
v -0.981867 1.879620 -0.753412
v -0.981867 1.879620 -0.753412
v -0.753414 1.879620 -0.981866
v -0.753414 1.879620 -0.981866
v -0.473616 1.879620 -1.143408
v -0.473616 1.879620 -1.143408
v -0.161542 1.879620 -1.227028
v -0.161542 1.879620 -1.227028
v 0.159888 1.795874 -1.214469
v 0.468767 1.795874 -1.131705
v 0.745701 1.795874 -0.971817
v 0.971817 1.795874 -0.745701
v 1.131704 1.795874 -0.468767
v 1.214468 1.795874 -0.159888
v 1.214468 1.795874 0.159888
v 1.131704 1.795874 0.468767
v 0.971817 1.795874 0.745701
v 0.745701 1.795874 0.971817
v 0.468768 1.795874 1.131705
v 0.159888 1.795874 1.214469
v -0.159887 1.795874 1.214469
v -0.468767 1.795874 1.131705
v -0.745701 1.795874 0.971817
v -0.971816 1.795874 0.745702
v -1.131704 1.795874 0.468768
v -1.214468 1.795874 0.159888
v -1.214468 1.795874 -0.159887
v -1.131704 1.795874 -0.468767
v -0.971817 1.795874 -0.745701
v -0.745702 1.795874 -0.971816
v -0.468768 1.795874 -1.131704
v -0.159888 1.795874 -1.214469
v -0.170742 1.845058 1.296921
v -0.500592 1.845058 1.208538
v -0.796328 1.845058 1.037796
v -1.037795 1.845058 0.796329
v -0.500594 1.845058 -1.208538
v -1.208538 1.845058 0.500593
v 0.500593 1.845058 -1.208538
v 0.796328 1.845058 -1.037795
v 1.037795 1.845058 -0.796328
v -0.170743 1.845058 -1.296921
v -1.037795 1.845058 -0.796328
v -0.796329 1.845058 -1.037795
v 0.170743 1.845058 -1.296921
v 0.133140 1.451991 -0.103267
v 0.133140 1.451991 -0.103267
v 0.133140 1.451991 -0.103267
v 0.083711 1.754534 -0.065422
v 0.083711 1.754534 -0.065422
v 0.158272 1.451991 -0.056862
v 0.158272 1.451991 -0.056862
v 0.099567 1.754534 -0.036144
v 0.099567 1.754534 -0.036144
v 0.167834 1.451991 -0.004963
v 0.167834 1.451991 -0.004963
v 0.105600 1.754534 -0.003399
v 0.105600 1.754534 -0.003399
v 0.160890 1.451991 0.047351
v 0.160890 1.451991 0.047351
v 0.101219 1.754534 0.029607
v 0.101219 1.754534 0.029607
v 0.138120 1.451991 0.094959
v 0.138120 1.451991 0.094959
v 0.086853 1.754534 0.059644
v 0.086853 1.754534 0.059644
v 0.101753 1.451991 0.133201
v 0.101753 1.451991 0.133201
v 0.063908 1.754534 0.083772
v 0.063908 1.754534 0.083772
v 0.055348 1.451991 0.158333
v 0.055348 1.451991 0.158333
v 0.034630 1.754534 0.099628
v 0.034630 1.754534 0.099628
v 0.003449 1.451991 0.167895
v 0.003449 1.451991 0.167895
v 0.001885 1.754534 0.105661
v 0.001885 1.754534 0.105661
v -0.048865 1.451991 0.160951
v -0.048865 1.451991 0.160951
v -0.031121 1.754534 0.101280
v -0.031121 1.754534 0.101280
v -0.096473 1.451991 0.138181
v -0.096473 1.451991 0.138181
v -0.061158 1.754534 0.086914
v -0.061158 1.754534 0.086914
v -0.134715 1.451991 0.101813
v -0.134715 1.451991 0.101813
v -0.085286 1.754534 0.063969
v -0.085286 1.754534 0.063969
v -0.159846 1.451991 0.055409
v -0.159846 1.451991 0.055409
v -0.101142 1.754534 0.034691
v -0.101142 1.754534 0.034691
v -0.169408 1.451991 0.003509
v -0.169408 1.451991 0.003509
v -0.107175 1.754534 0.001946
v -0.107175 1.754534 0.001946
v -0.162465 1.451991 -0.048805
v -0.162465 1.451991 -0.048805
v -0.102794 1.754534 -0.031060
v -0.102794 1.754534 -0.031060
v -0.139695 1.451991 -0.096413
v -0.139695 1.451991 -0.096413
v -0.088428 1.754534 -0.061098
v -0.088428 1.754534 -0.061098
v -0.103327 1.451991 -0.134654
v -0.103327 1.451991 -0.134654
v -0.065483 1.754534 -0.085225
v -0.065483 1.754534 -0.085225
v -0.056923 1.451991 -0.159786
v -0.056923 1.451991 -0.159786
v -0.036205 1.754534 -0.101081
v -0.036205 1.754534 -0.101081
v -0.005023 1.451991 -0.169348
v -0.005023 1.451991 -0.169348
v -0.003460 1.754534 -0.107114
v -0.003460 1.754534 -0.107114
v 0.047291 1.451991 -0.162404
v 0.047291 1.451991 -0.162404
v 0.029547 1.754534 -0.102733
v 0.029547 1.754534 -0.102733
v 0.094899 1.451991 -0.139634
v 0.094899 1.451991 -0.139634
v 0.059584 1.754534 -0.088367
v 0.059584 1.754534 -0.088367
v 0.155550 1.466687 -0.120424
v 0.155550 1.466687 -0.120424
v 0.155550 1.466687 -0.120424
v 0.184887 1.466687 -0.066255
v 0.184887 1.466687 -0.066255
v 0.196048 1.466687 -0.005672
v 0.196048 1.466687 -0.005672
v 0.187943 1.466687 0.055396
v 0.187943 1.466687 0.055396
v 0.161363 1.466687 0.110970
v 0.161363 1.466687 0.110970
v 0.118910 1.466687 0.155610
v 0.118910 1.466687 0.155610
v 0.064741 1.466687 0.184947
v 0.064741 1.466687 0.184947
v 0.004158 1.466687 0.196109
v 0.004158 1.466687 0.196109
v -0.056910 1.466687 0.188003
v -0.056910 1.466687 0.188003
v -0.112484 1.466687 0.161423
v -0.112484 1.466687 0.161423
v -0.157124 1.466687 0.118971
v -0.157124 1.466687 0.118971
v -0.186461 1.466687 0.064802
v -0.186461 1.466687 0.064802
v -0.197623 1.466687 0.004218
v -0.197623 1.466687 0.004218
v -0.189517 1.466687 -0.056849
v -0.189517 1.466687 -0.056849
v -0.162937 1.466687 -0.112423
v -0.162937 1.466687 -0.112423
v -0.120485 1.466687 -0.157064
v -0.120485 1.466687 -0.157064
v -0.066316 1.466687 -0.186400
v -0.066316 1.466687 -0.186400
v -0.005732 1.466687 -0.197562
v -0.005732 1.466687 -0.197562
v 0.055336 1.466687 -0.189457
v 0.055336 1.466687 -0.189457
v 0.110909 1.466687 -0.162877
v 0.110909 1.466687 -0.162877
v 0.044786 1.375206 -0.030666
v 0.118257 1.319784 -0.086918
v 0.118257 1.319784 -0.086918
v 0.127868 1.257919 -0.094277
v 0.127868 1.257919 -0.094277
v 0.118257 1.196054 -0.086918
v 0.118257 1.196054 -0.086918
v 0.048548 1.140632 -0.033546
v 0.052889 1.375206 -0.015704
v 0.140147 1.319784 -0.046499
v 0.151562 1.257919 -0.050528
v 0.140147 1.196054 -0.046499
v 0.057357 1.140632 -0.017281
v 0.055972 1.375206 0.001030
v 0.148475 1.319784 -0.001294
v 0.160576 1.257919 -0.001598
v 0.148475 1.196054 -0.001294
v 0.060709 1.140632 0.000911
v 0.053733 1.375206 0.017898
v 0.142427 1.319784 0.044273
v 0.154030 1.257919 0.047723
v 0.142427 1.196054 0.044273
v 0.058275 1.140632 0.019248
v 0.046392 1.375206 0.033248
v 0.122594 1.319784 0.085740
v 0.132563 1.257919 0.092607
v 0.122594 1.196054 0.085740
v 0.050294 1.140632 0.035936
v 0.034666 1.375206 0.045578
v 0.090918 1.319784 0.119049
v 0.098276 1.257919 0.128660
v 0.090918 1.196054 0.119049
v 0.037546 1.140632 0.049340
v 0.019703 1.375206 0.053682
v 0.050499 1.319784 0.140939
v 0.054527 1.257919 0.152354
v 0.050499 1.196054 0.140939
v 0.021280 1.140632 0.058150
v 0.002969 1.375206 0.056765
v 0.005294 1.319784 0.149268
v 0.005598 1.257919 0.161369
v 0.005294 1.196054 0.149268
v 0.003088 1.140632 0.061501
v -0.013898 1.375206 0.054526
v -0.040273 1.319784 0.143219
v -0.043723 1.257919 0.154822
v -0.040273 1.196054 0.143219
v -0.015249 1.140632 0.059067
v -0.029248 1.375206 0.047184
v -0.081740 1.319784 0.123387
v -0.088607 1.257919 0.133355
v -0.081740 1.196054 0.123387
v -0.031936 1.140632 0.051086
v -0.041579 1.375206 0.035458
v -0.115049 1.319784 0.091710
v -0.124661 1.257919 0.099069
v -0.115049 1.196054 0.091710
v -0.045341 1.140632 0.038339
v -0.049682 1.375206 0.020496
v -0.136939 1.319784 0.051291
v -0.148354 1.257919 0.055320
v -0.136939 1.196054 0.051291
v -0.054150 1.140632 0.022073
v -0.052765 1.375206 0.003762
v -0.145268 1.319784 0.006086
v -0.157369 1.257919 0.006390
v -0.145268 1.196054 0.006086
v -0.057502 1.140632 0.003881
v -0.050526 1.375206 -0.013106
v -0.139220 1.319784 -0.039481
v -0.150822 1.257919 -0.042931
v -0.139220 1.196054 -0.039481
v -0.055068 1.140632 -0.014456
v -0.043185 1.375206 -0.028456
v -0.119387 1.319784 -0.080948
v -0.129355 1.257919 -0.087815
v -0.119387 1.196054 -0.080948
v -0.047086 1.140632 -0.031144
v -0.031459 1.375206 -0.040786
v -0.087710 1.319784 -0.114257
v -0.095069 1.257919 -0.123868
v -0.087710 1.196054 -0.114257
v -0.034339 1.140632 -0.044548
v -0.016496 1.375206 -0.048890
v -0.047291 1.319784 -0.136147
v -0.051320 1.257919 -0.147562
v -0.047291 1.196054 -0.136147
v -0.018073 1.140632 -0.053358
v 0.000238 1.375206 -0.051973
v -0.002086 1.319784 -0.144476
v -0.002390 1.257919 -0.156577
v -0.002086 1.196054 -0.144476
v 0.000119 1.140632 -0.056709
v 0.017105 1.375206 -0.049734
v 0.043480 1.319784 -0.138427
v 0.046931 1.257919 -0.150030
v 0.043480 1.196054 -0.138427
v 0.018456 1.140632 -0.054275
v 0.032456 1.375206 -0.042392
v 0.084948 1.319784 -0.118594
v 0.091814 1.257919 -0.128563
v 0.084948 1.196054 -0.118594
v 0.035144 1.140632 -0.046294
v 0.124761 1.377860 -0.096852
v 0.124761 1.377860 -0.096852
v 0.124761 1.377860 -0.096852
v 0.148321 1.377860 -0.053350
v 0.148321 1.377860 -0.053350
v 0.157285 1.377860 -0.004698
v 0.157285 1.377860 -0.004698
v 0.150775 1.377860 0.044343
v 0.150775 1.377860 0.044343
v 0.129430 1.377860 0.088973
v 0.129430 1.377860 0.088973
v 0.095338 1.377860 0.124822
v 0.095338 1.377860 0.124822
v 0.051837 1.377860 0.148382
v 0.051837 1.377860 0.148382
v 0.003184 1.377860 0.157345
v 0.003184 1.377860 0.157345
v -0.045857 1.377860 0.150836
v -0.045857 1.377860 0.150836
v -0.090487 1.377860 0.129490
v -0.090487 1.377860 0.129490
v -0.126336 1.377860 0.095398
v -0.126336 1.377860 0.095398
v -0.149895 1.377860 0.051897
v -0.149895 1.377860 0.051897
v -0.158859 1.377860 0.003244
v -0.158859 1.377860 0.003244
v -0.152350 1.377860 -0.045797
v -0.152350 1.377860 -0.045797
v -0.131004 1.377860 -0.090427
v -0.131004 1.377860 -0.090427
v -0.096912 1.377860 -0.126276
v -0.096912 1.377860 -0.126276
v -0.053411 1.377860 -0.149835
v -0.053411 1.377860 -0.149835
v -0.004758 1.377860 -0.158799
v -0.004758 1.377860 -0.158799
v 0.044283 1.377860 -0.152289
v 0.044283 1.377860 -0.152289
v 0.088913 1.377860 -0.130944
v 0.088913 1.377860 -0.130944
v 0.109614 1.374315 -0.085254
v 0.130330 1.374315 -0.047001
v 0.138213 1.374315 -0.004219
v 0.132489 1.374315 0.038906
v 0.113719 1.374315 0.078150
v 0.083740 1.374315 0.109674
v 0.045487 1.374315 0.130391
v 0.002705 1.374315 0.138273
v -0.040420 1.374315 0.132549
v -0.079664 1.374315 0.113779
v -0.111188 1.374315 0.083801
v -0.131905 1.374315 0.045548
v -0.139787 1.374315 0.002765
v -0.134063 1.374315 -0.040359
v -0.115293 1.374315 -0.079604
v -0.085314 1.374315 -0.111128
v -0.047061 1.374315 -0.131845
v -0.004279 1.374315 -0.139727
v 0.038845 1.374315 -0.134003
v 0.078090 1.374315 -0.115232
v 0.110400 1.140632 -0.036001
v 0.110400 1.140632 -0.036001
v 0.093210 1.140632 -0.067742
v 0.093210 1.140632 -0.067742
v 0.093210 1.140632 -0.067742
v 0.116941 1.140632 -0.000501
v 0.116941 1.140632 -0.000501
v 0.112191 1.140632 0.035282
v 0.112191 1.140632 0.035282
v 0.096616 1.140632 0.067846
v 0.096616 1.140632 0.067846
v 0.071741 1.140632 0.094003
v 0.071741 1.140632 0.094003
v 0.040001 1.140632 0.111193
v 0.040001 1.140632 0.111193
v 0.004501 1.140632 0.117733
v 0.004501 1.140632 0.117733
v -0.031282 1.140632 0.112984
v -0.031282 1.140632 0.112984
v -0.063846 1.140632 0.097409
v -0.063846 1.140632 0.097409
v -0.090003 1.140632 0.072534
v -0.090003 1.140632 0.072534
v -0.107193 1.140632 0.040793
v -0.107193 1.140632 0.040793
v -0.113734 1.140632 0.005294
v -0.113734 1.140632 0.005294
v -0.108984 1.140632 -0.030490
v -0.108984 1.140632 -0.030490
v -0.093409 1.140632 -0.063053
v -0.093409 1.140632 -0.063053
v -0.068534 1.140632 -0.089211
v -0.068534 1.140632 -0.089211
v -0.036793 1.140632 -0.106401
v -0.036793 1.140632 -0.106401
v -0.001294 1.140632 -0.112941
v -0.001294 1.140632 -0.112941
v 0.034489 1.140632 -0.108192
v 0.034489 1.140632 -0.108192
v 0.067053 1.140632 -0.092617
v 0.067053 1.140632 -0.092617
v 0.113570 1.366237 -0.037119
v 0.113570 1.366237 -0.037119
v 0.095879 1.366237 -0.069785
v 0.095879 1.366237 -0.069785
v 0.095879 1.366237 -0.069785
v 0.120301 1.366237 -0.000586
v 0.120301 1.366237 -0.000586
v 0.115413 1.366237 0.036240
v 0.115413 1.366237 0.036240
v 0.099384 1.366237 0.069752
v 0.099384 1.366237 0.069752
v 0.073784 1.366237 0.096671
v 0.073784 1.366237 0.096671
v 0.041119 1.366237 0.114362
v 0.041119 1.366237 0.114362
v 0.004586 1.366237 0.121093
v 0.004586 1.366237 0.121093
v -0.032240 1.366237 0.116205
v -0.032240 1.366237 0.116205
v -0.065752 1.366237 0.100177
v -0.065752 1.366237 0.100177
v -0.092672 1.366237 0.074577
v -0.092672 1.366237 0.074577
v -0.110362 1.366237 0.041911
v -0.110362 1.366237 0.041911
v -0.117093 1.366237 0.005378
v -0.117093 1.366237 0.005378
v -0.112205 1.366237 -0.031448
v -0.112205 1.366237 -0.031448
v -0.096177 1.366237 -0.064960
v -0.096177 1.366237 -0.064960
v -0.070577 1.366237 -0.091879
v -0.070577 1.366237 -0.091879
v -0.037912 1.366237 -0.109570
v -0.037912 1.366237 -0.109570
v -0.001378 1.366237 -0.116301
v -0.001378 1.366237 -0.116301
v 0.035447 1.366237 -0.111413
v 0.035447 1.366237 -0.111413
v 0.068960 1.366237 -0.095385
v 0.068960 1.366237 -0.095385
v 0.090653 1.375206 -0.029032
v 0.090653 1.375206 -0.029032
v 0.076583 1.375206 -0.055011
v 0.076583 1.375206 -0.055011
v 0.096007 1.375206 0.000024
v 0.096007 1.375206 0.000024
v 0.092119 1.375206 0.029313
v 0.092119 1.375206 0.029313
v 0.079371 1.375206 0.055966
v 0.079371 1.375206 0.055966
v 0.059011 1.375206 0.077376
v 0.059011 1.375206 0.077376
v 0.033031 1.375206 0.091446
v 0.033031 1.375206 0.091446
v 0.003975 1.375206 0.096799
v 0.003975 1.375206 0.096799
v -0.025313 1.375206 0.092911
v -0.025313 1.375206 0.092911
v -0.051966 1.375206 0.080164
v -0.051966 1.375206 0.080164
v -0.073376 1.375206 0.059803
v -0.073376 1.375206 0.059803
v -0.087446 1.375206 0.033824
v -0.087446 1.375206 0.033824
v -0.092799 1.375206 0.004768
v -0.092799 1.375206 0.004768
v -0.088912 1.375206 -0.024521
v -0.088912 1.375206 -0.024521
v -0.076164 1.375206 -0.051174
v -0.076164 1.375206 -0.051174
v -0.055804 1.375206 -0.072584
v -0.055804 1.375206 -0.072584
v -0.029824 1.375206 -0.086654
v -0.029824 1.375206 -0.086654
v -0.000768 1.375206 -0.092007
v -0.000768 1.375206 -0.092007
v 0.028520 1.375206 -0.088119
v 0.028520 1.375206 -0.088119
v 0.055173 1.375206 -0.075371
v 0.055173 1.375206 -0.075371
v 0.161152 1.715452 -0.124714
v 0.161152 1.715452 -0.124714
v 0.191540 1.715452 -0.068603
v 0.203102 1.715452 -0.005849
v 0.194706 1.715452 0.057407
v 0.167173 1.715452 0.114973
v 0.123200 1.715452 0.161213
v 0.067089 1.715452 0.191601
v 0.004335 1.715452 0.203162
v -0.058921 1.715452 0.194766
v -0.116487 1.715452 0.167234
v -0.162726 1.715452 0.123260
v -0.193115 1.715452 0.067150
v -0.204677 1.715452 0.004395
v -0.196280 1.715452 -0.058861
v -0.168748 1.715452 -0.116426
v -0.124774 1.715452 -0.162666
v -0.068664 1.715452 -0.193054
v -0.005909 1.715452 -0.204616
v 0.057347 1.715452 -0.196220
v 0.114912 1.715452 -0.168687
v 0.174492 1.753248 -0.062587
v 0.174492 1.753248 -0.062587
v 0.146797 1.753248 -0.113723
v 0.146797 1.753248 -0.113723
v 0.146797 1.753248 -0.113723
v 0.185029 1.753248 -0.005395
v 0.185029 1.753248 -0.005395
v 0.177377 1.753248 0.052254
v 0.177377 1.753248 0.052254
v 0.152285 1.753248 0.104717
v 0.152285 1.753248 0.104717
v 0.112209 1.753248 0.146858
v 0.112209 1.753248 0.146858
v 0.061073 1.753248 0.174552
v 0.061073 1.753248 0.174552
v 0.003881 1.753248 0.185089
v 0.003881 1.753248 0.185089
v -0.053768 1.753248 0.177437
v -0.053768 1.753248 0.177437
v -0.106231 1.753248 0.152346
v -0.106231 1.753248 0.152346
v -0.148372 1.753248 0.112270
v -0.148372 1.753248 0.112270
v -0.176066 1.753248 0.061133
v -0.176066 1.753248 0.061133
v -0.186603 1.753248 0.003941
v -0.186603 1.753248 0.003941
v -0.178951 1.753248 -0.053708
v -0.178951 1.753248 -0.053708
v -0.153859 1.753248 -0.106170
v -0.153859 1.753248 -0.106170
v -0.113784 1.753248 -0.148311
v -0.113784 1.753248 -0.148311
v -0.062647 1.753248 -0.176006
v -0.062647 1.753248 -0.176006
v -0.005455 1.753248 -0.186543
v -0.005455 1.753248 -0.186543
v 0.052194 1.753248 -0.178891
v 0.052194 1.753248 -0.178891
v 0.104656 1.753248 -0.153799
v 0.104656 1.753248 -0.153799
v 0.189717 1.480396 -0.067960
v 0.201169 1.480396 -0.005800
v 0.192852 1.480396 0.056856
v 0.165581 1.480396 0.113875
v 0.122024 1.480396 0.159677
v 0.066446 1.480396 0.189777
v 0.004286 1.480396 0.201229
v -0.058370 1.480396 0.192913
v -0.115389 1.480396 0.165641
v -0.161191 1.480396 0.122085
v -0.191291 1.480396 0.066506
v -0.202743 1.480396 0.004347
v -0.194427 1.480396 -0.058309
v -0.167155 1.480396 -0.115329
v -0.123599 1.480396 -0.161130
v -0.068020 1.480396 -0.191230
v -0.005860 1.480396 -0.202683
v 0.056796 1.480396 -0.194366
v 0.113815 1.480396 -0.167095
v 0.159616 1.480396 -0.123538
v 0.159616 1.480396 -0.123538
v 0.159616 1.495346 -0.123538
v 0.159616 1.495346 -0.123538
v 0.163395 1.500507 -0.126431
v 0.163395 1.500507 -0.126431
v 0.163395 1.500507 -0.126431
v 0.163395 1.500507 -0.126431
v 0.194205 1.500507 -0.069544
v 0.194205 1.500507 -0.069544
v 0.189717 1.495346 -0.067960
v 0.205927 1.500507 -0.005920
v 0.205927 1.500507 -0.005920
v 0.201169 1.495346 -0.005800
v 0.197414 1.500507 0.058213
v 0.197414 1.500507 0.058213
v 0.192852 1.495346 0.056856
v 0.169500 1.500507 0.116575
v 0.169500 1.500507 0.116575
v 0.165581 1.495346 0.113876
v 0.124917 1.500507 0.163456
v 0.124917 1.500507 0.163456
v 0.122024 1.495346 0.159677
v 0.068030 1.500507 0.194265
v 0.068030 1.500507 0.194265
v 0.066446 1.495346 0.189777
v 0.004406 1.500507 0.205987
v 0.004406 1.500507 0.205987
v 0.004286 1.495346 0.201229
v -0.059726 1.500507 0.197475
v -0.059726 1.500507 0.197475
v -0.058370 1.495346 0.192913
v -0.118089 1.500507 0.169561
v -0.118089 1.500507 0.169561
v -0.115390 1.495346 0.165641
v -0.164970 1.500507 0.124978
v -0.164970 1.500507 0.124978
v -0.161191 1.495346 0.122085
v -0.195779 1.500507 0.068090
v -0.195779 1.500507 0.068090
v -0.191291 1.495346 0.066506
v -0.207501 1.500507 0.004466
v -0.207501 1.500507 0.004466
v -0.202743 1.495346 0.004347
v -0.198988 1.500507 -0.059666
v -0.198988 1.500507 -0.059666
v -0.194427 1.495346 -0.058309
v -0.171075 1.500507 -0.118029
v -0.171075 1.500507 -0.118029
v -0.167155 1.495346 -0.115329
v -0.126492 1.500507 -0.164909
v -0.126492 1.500507 -0.164909
v -0.123599 1.495346 -0.161130
v -0.069604 1.500507 -0.195719
v -0.069604 1.500507 -0.195719
v -0.068020 1.495346 -0.191230
v -0.005980 1.500507 -0.207441
v -0.005980 1.500507 -0.207441
v -0.005860 1.495346 -0.202683
v 0.058152 1.500507 -0.198928
v 0.058152 1.500507 -0.198928
v 0.056796 1.495346 -0.194366
v 0.116515 1.500507 -0.171014
v 0.116515 1.500507 -0.171014
v 0.113815 1.495346 -0.167095
v 0.182422 1.492195 -0.065386
v 0.182422 1.492195 -0.065386
v 0.182422 1.485625 -0.065386
v 0.182422 1.485625 -0.065386
v 0.193436 1.492195 -0.005606
v 0.193436 1.492195 -0.005606
v 0.193436 1.485625 -0.005606
v 0.193436 1.485625 -0.005606
v 0.185438 1.492195 0.054651
v 0.185438 1.492195 0.054651
v 0.185438 1.485625 0.054651
v 0.185438 1.485625 0.054651
v 0.159211 1.492195 0.109487
v 0.159211 1.492195 0.109487
v 0.159210 1.485625 0.109487
v 0.159210 1.485625 0.109487
v 0.117322 1.492195 0.153535
v 0.117322 1.492195 0.153535
v 0.117322 1.485625 0.153535
v 0.117322 1.485625 0.153535
v 0.063872 1.492195 0.182483
v 0.063872 1.492195 0.182483
v 0.063872 1.485625 0.182483
v 0.063872 1.485625 0.182483
v 0.004092 1.492195 0.193496
v 0.004092 1.492195 0.193496
v 0.004092 1.485625 0.193496
v 0.004092 1.485625 0.193496
v -0.056165 1.492195 0.185498
v -0.056165 1.492195 0.185498
v -0.056165 1.485625 0.185498
v -0.056165 1.485625 0.185498
v -0.111001 1.492195 0.159271
v -0.111001 1.492195 0.159271
v -0.111001 1.485625 0.159271
v -0.111001 1.485625 0.159271
v -0.155049 1.492195 0.117382
v -0.155049 1.492195 0.117382
v -0.155049 1.485625 0.117382
v -0.155049 1.485625 0.117382
v -0.183997 1.492195 0.063932
v -0.183997 1.492195 0.063932
v -0.183997 1.485625 0.063932
v -0.183997 1.485625 0.063932
v -0.195010 1.492195 0.004153
v -0.195010 1.492195 0.004153
v -0.195010 1.485625 0.004153
v -0.195010 1.485625 0.004153
v -0.187012 1.492195 -0.056105
v -0.187012 1.492195 -0.056105
v -0.187012 1.485625 -0.056105
v -0.187012 1.485625 -0.056105
v -0.160785 1.492195 -0.110941
v -0.160785 1.492195 -0.110941
v -0.160785 1.485625 -0.110941
v -0.160785 1.485625 -0.110941
v -0.118896 1.492195 -0.154988
v -0.118896 1.492195 -0.154988
v -0.118896 1.485625 -0.154988
v -0.118896 1.485625 -0.154988
v -0.065446 1.492195 -0.183936
v -0.065446 1.492195 -0.183936
v -0.065446 1.485625 -0.183936
v -0.065446 1.485625 -0.183936
v -0.005666 1.492195 -0.194950
v -0.005666 1.492195 -0.194950
v -0.005666 1.485625 -0.194950
v -0.005666 1.485625 -0.194950
v 0.054591 1.492195 -0.186952
v 0.054591 1.492195 -0.186952
v 0.054591 1.485625 -0.186952
v 0.054591 1.485625 -0.186952
v 0.109427 1.492195 -0.160724
v 0.109427 1.492195 -0.160724
v 0.109427 1.485625 -0.160724
v 0.109427 1.485625 -0.160724
v 0.153475 1.485625 -0.118836
v 0.153475 1.485625 -0.118836
v 0.153475 1.485625 -0.118836
v 0.153475 1.485625 -0.118836
v 0.153475 1.492195 -0.118836
v 0.153475 1.492195 -0.118836
v 0.153475 1.492195 -0.118836
v 0.153475 1.492195 -0.118836
v 0.163395 1.539163 -0.126431
v 0.163395 1.539163 -0.126431
v 0.163395 1.539163 -0.126431
v 0.163395 1.539163 -0.126431
v 0.194205 1.539163 -0.069544
v 0.194205 1.539163 -0.069544
v 0.205927 1.539163 -0.005920
v 0.205927 1.539163 -0.005920
v 0.197414 1.539163 0.058213
v 0.197414 1.539163 0.058213
v 0.169500 1.539163 0.116575
v 0.169500 1.539163 0.116575
v 0.124917 1.539163 0.163456
v 0.124917 1.539163 0.163456
v 0.068030 1.539163 0.194265
v 0.068030 1.539163 0.194265
v 0.004406 1.539163 0.205987
v 0.004406 1.539163 0.205987
v -0.059726 1.539163 0.197475
v -0.059726 1.539163 0.197475
v -0.118089 1.539163 0.169561
v -0.118089 1.539163 0.169561
v -0.164970 1.539163 0.124978
v -0.164970 1.539163 0.124978
v -0.195779 1.539163 0.068090
v -0.195779 1.539163 0.068090
v -0.207501 1.539163 0.004466
v -0.207501 1.539163 0.004466
v -0.198988 1.539163 -0.059666
v -0.198988 1.539163 -0.059666
v -0.171075 1.539163 -0.118029
v -0.171075 1.539163 -0.118029
v -0.126492 1.539163 -0.164909
v -0.126492 1.539163 -0.164909
v -0.069604 1.539163 -0.195719
v -0.069604 1.539163 -0.195719
v -0.005980 1.539163 -0.207441
v -0.005980 1.539163 -0.207441
v 0.058152 1.539163 -0.198928
v 0.058152 1.539163 -0.198928
v 0.116515 1.539163 -0.171014
v 0.116515 1.539163 -0.171014
v 0.204862 1.531501 -0.073305
v 0.204862 1.507108 -0.073305
v 0.217225 1.531501 -0.006204
v 0.217225 1.507108 -0.006204
v 0.208247 1.531501 0.061434
v 0.208247 1.507108 0.061434
v 0.178808 1.531501 0.122987
v 0.178808 1.507108 0.122987
v 0.131788 1.531501 0.172430
v 0.131788 1.507108 0.172430
v 0.071791 1.531501 0.204923
v 0.071791 1.507108 0.204923
v 0.004690 1.531501 0.217285
v 0.004690 1.507108 0.217285
v -0.062948 1.531501 0.208308
v -0.062948 1.507108 0.208308
v -0.124501 1.531501 0.178868
v -0.124501 1.507108 0.178868
v -0.173944 1.531501 0.131849
v -0.173944 1.507108 0.131849
v -0.206437 1.531501 0.071852
v -0.206437 1.507108 0.071852
v -0.218800 1.531501 0.004750
v -0.218800 1.507108 0.004750
v -0.209822 1.531501 -0.062887
v -0.209822 1.507108 -0.062887
v -0.180382 1.531501 -0.124440
v -0.180382 1.507108 -0.124440
v -0.133363 1.531501 -0.173883
v -0.133363 1.507108 -0.173883
v -0.073365 1.531501 -0.206376
v -0.073365 1.507108 -0.206376
v -0.006264 1.531501 -0.218739
v -0.006264 1.507108 -0.218739
v 0.061374 1.531501 -0.209761
v 0.061374 1.507108 -0.209761
v 0.122926 1.531501 -0.180321
v 0.122926 1.507108 -0.180321
v 0.172369 1.507108 -0.133302
v 0.172369 1.507108 -0.133302
v 0.172369 1.531501 -0.133302
v 0.172369 1.531501 -0.133302
v 0.342570 1.754025 -0.210667
v 0.346358 1.795476 -0.212950
v 0.378722 1.754025 -0.134665
v 0.382896 1.795476 -0.136137
v 0.398282 1.754025 -0.052807
v 0.402665 1.795476 -0.053406
v 0.400396 1.754025 0.031329
v 0.404801 1.795476 0.031628
v 0.384971 1.754025 0.114065
v 0.389211 1.795476 0.115247
v 0.352681 1.754025 0.191787
v 0.356577 1.795476 0.193798
v 0.304937 1.754025 0.261096
v 0.308323 1.795476 0.263848
v 0.243826 1.754025 0.318965
v 0.246560 1.795476 0.322334
v 0.172020 1.754025 0.362863
v 0.173987 1.795476 0.366701
v 0.173987 1.795476 0.366701
v 0.092655 1.754025 0.390873
v 0.093776 1.795476 0.395009
v 0.009201 1.754025 0.401769
v 0.009431 1.795476 0.406022
v -0.074694 1.754025 0.395077
v -0.075360 1.795476 0.399258
v -0.155365 1.754025 0.371088
v -0.156892 1.795476 0.375013
v -0.229286 1.754025 0.330850
v -0.231601 1.795476 0.334346
v -0.293099 1.754025 0.276330
v -0.296097 1.795476 0.279242
v -0.345352 1.795476 0.217144
v -0.401787 1.754025 0.044264
v -0.402260 1.754025 -0.033046
v -0.406421 1.795476 -0.033431
v -0.386789 1.754025 -0.115433
v -0.390786 1.795476 -0.116701
v -0.354499 1.754025 -0.193155
v -0.358151 1.795476 -0.195252
v -0.306756 1.754025 -0.262464
v -0.309898 1.795476 -0.265301
v -0.245645 1.754025 -0.320333
v -0.248135 1.795476 -0.323787
v -0.173839 1.754025 -0.364231
v -0.175562 1.795476 -0.368154
v -0.175562 1.795476 -0.368154
v -0.094474 1.754025 -0.392241
v -0.095351 1.795476 -0.396462
v -0.011020 1.754025 -0.403137
v -0.011006 1.795476 -0.407475
v 0.072875 1.754025 -0.396445
v 0.073785 1.795476 -0.400712
v 0.153546 1.754025 -0.372456
v 0.155317 1.795476 -0.376467
v 0.227467 1.754025 -0.332219
v 0.230026 1.795476 -0.335800
v 0.291406 1.754025 -0.277492
v 0.294648 1.795476 -0.280489
v -0.405933 1.795476 0.044729
v -0.341826 1.754025 0.214914
v -0.385792 1.795476 0.135035
v -0.381860 1.754025 0.133648
v -0.000000 1.754025 0.000000
v 0.294308 1.758034 -0.280166
v 0.294308 1.758034 -0.280166
v 0.229760 1.758034 -0.335414
v 0.229760 1.758034 -0.335414
v 0.155137 1.758034 -0.376034
v 0.155137 1.758034 -0.376034
v 0.073699 1.758034 -0.400251
v 0.073699 1.758034 -0.400251
v -0.010994 1.758034 -0.407006
v -0.010994 1.758034 -0.407006
v -0.095242 1.758034 -0.396006
v -0.095242 1.758034 -0.396006
v -0.175361 1.758034 -0.367730
v -0.175361 1.758034 -0.367730
v -0.175361 1.758034 -0.367730
v -0.247850 1.758034 -0.323415
v -0.247850 1.758034 -0.323415
v -0.309542 1.758034 -0.264996
v -0.309542 1.758034 -0.264996
v -0.357739 1.758034 -0.195027
v -0.357739 1.758034 -0.195027
v -0.390336 1.758034 -0.116567
v -0.390336 1.758034 -0.116567
v -0.405954 1.758034 -0.033393
v -0.405954 1.758034 -0.033393
v -0.405466 1.758034 0.044676
v -0.405466 1.758034 0.044676
v -0.295756 1.758034 0.278919
v -0.295756 1.758034 0.278919
v -0.231335 1.758034 0.333960
v -0.231335 1.758034 0.333960
v -0.156712 1.758034 0.374580
v -0.156712 1.758034 0.374580
v -0.075274 1.758034 0.398797
v -0.075274 1.758034 0.398797
v 0.009419 1.758034 0.405553
v 0.009419 1.758034 0.405553
v 0.093667 1.758034 0.394553
v 0.093667 1.758034 0.394553
v 0.173786 1.758034 0.366277
v 0.173786 1.758034 0.366277
v 0.173786 1.758034 0.366277
v 0.246275 1.758034 0.321961
v 0.246275 1.758034 0.321961
v 0.307967 1.758034 0.263543
v 0.307967 1.758034 0.263543
v 0.356165 1.758034 0.193574
v 0.356165 1.758034 0.193574
v 0.388762 1.758034 0.115114
v 0.388762 1.758034 0.115114
v 0.404334 1.758034 0.031590
v 0.404334 1.758034 0.031590
v 0.402200 1.758034 -0.053345
v 0.402200 1.758034 -0.053345
v 0.382454 1.758034 -0.135981
v 0.382454 1.758034 -0.135981
v 0.345958 1.758034 -0.212706
v 0.345958 1.758034 -0.212706
v -0.344955 1.758034 0.216893
v -0.344955 1.758034 0.216893
v -0.385348 1.758034 0.134879
v -0.385348 1.758034 0.134879
v 0.159358 1.746594 -0.123340
v 0.159358 1.746594 -0.123340
v 0.190481 1.473523 -0.068230
v 0.201979 1.473523 -0.005821
v 0.193629 1.473523 0.057087
v 0.166248 1.473523 0.114335
v 0.122517 1.473523 0.160320
v 0.066716 1.473523 0.190541
v 0.004307 1.473523 0.202039
v -0.058601 1.473523 0.193689
v -0.115849 1.473523 0.166309
v -0.161834 1.473523 0.122577
v -0.192055 1.473523 0.066776
v -0.203553 1.473523 0.004367
v -0.195203 1.473523 -0.058540
v -0.167822 1.473523 -0.115788
v -0.124091 1.473523 -0.161774
v -0.068290 1.473523 -0.191994
v -0.005881 1.473523 -0.203493
v 0.057026 1.473523 -0.195143
v 0.114275 1.473523 -0.167762
v 0.171579 1.462288 -0.061559
v 0.144345 1.462288 -0.111846
v 0.181941 1.462288 -0.005317
v 0.174416 1.462288 0.051374
v 0.149741 1.462288 0.102965
v 0.110332 1.462288 0.144405
v 0.060045 1.462288 0.171640
v 0.003803 1.462288 0.182002
v -0.052887 1.462288 0.174477
v -0.104478 1.462288 0.149802
v -0.145919 1.462288 0.110392
v -0.173154 1.462288 0.060105
v -0.183516 1.462288 0.003864
v -0.175991 1.462288 -0.052827
v -0.151316 1.462288 -0.104418
v -0.111906 1.462288 -0.145859
v -0.061619 1.462288 -0.173093
v -0.005378 1.462288 -0.183455
v 0.051313 1.462288 -0.175930
v 0.102904 1.462288 -0.151255
v -0.152781 1.386361 0.052915
v -0.129813 1.428986 0.098060
v 0.131949 1.386361 0.090709
v 0.154972 1.428986 0.045592
v 0.090648 1.386361 -0.133463
v 0.045531 1.428986 -0.156486
v -0.161918 1.386361 0.003321
v 0.097198 1.386361 0.127251
v 0.127191 1.386361 -0.098712
v 0.127191 1.386361 -0.098712
v -0.155283 1.386361 -0.046669
v 0.052855 1.386361 0.151267
v -0.133524 1.386361 -0.092162
v 0.003261 1.386361 0.160404
v -0.098772 1.386361 -0.128705
v -0.046729 1.386361 0.153768
v 0.151206 1.386361 -0.054369
v -0.054429 1.386361 -0.152720
v -0.092222 1.386361 0.132010
v 0.160343 1.386361 -0.004775
v -0.004835 1.386361 -0.161857
v 0.107206 1.346978 -0.078457
v 0.107206 1.346978 -0.078457
v 0.125434 1.289455 -0.092413
v 0.125434 1.289455 -0.092413
v 0.125434 1.226382 -0.092413
v 0.125434 1.226382 -0.092413
v 0.127022 1.346978 -0.041867
v 0.148671 1.289455 -0.049507
v 0.148671 1.226382 -0.049507
v 0.134562 1.346978 -0.000944
v 0.157512 1.289455 -0.001521
v 0.157512 1.226382 -0.001521
v 0.129086 1.346978 0.040306
v 0.151091 1.289455 0.046849
v 0.151091 1.226382 0.046849
v 0.111132 1.346978 0.077845
v 0.130038 1.289455 0.090868
v 0.130038 1.226382 0.090868
v 0.082457 1.346978 0.107998
v 0.096413 1.289455 0.126226
v 0.096413 1.226382 0.126226
v 0.045867 1.346978 0.127815
v 0.053507 1.289455 0.149463
v 0.053507 1.226382 0.149463
v 0.004944 1.346978 0.135354
v 0.005521 1.289455 0.158304
v 0.005521 1.226382 0.158304
v -0.036306 1.346978 0.129879
v -0.042849 1.289455 0.151884
v -0.042849 1.226382 0.151884
v -0.073845 1.346978 0.111925
v -0.086868 1.289455 0.130831
v -0.086868 1.226382 0.130831
v -0.103999 1.346978 0.083249
v -0.122227 1.289455 0.097205
v -0.122227 1.226382 0.097205
v -0.123815 1.346978 0.046659
v -0.145463 1.289455 0.054299
v -0.145463 1.226382 0.054299
v -0.131355 1.346978 0.005736
v -0.154304 1.289455 0.006313
v -0.154304 1.226382 0.006313
v -0.125879 1.346978 -0.035514
v -0.147884 1.289455 -0.042057
v -0.147884 1.226382 -0.042057
v -0.107925 1.346978 -0.073053
v -0.126831 1.289455 -0.086076
v -0.126831 1.226382 -0.086076
v -0.079249 1.346978 -0.103206
v -0.093205 1.289455 -0.121434
v -0.093205 1.226382 -0.121434
v -0.042659 1.346978 -0.123023
v -0.050299 1.289455 -0.144671
v -0.050299 1.226382 -0.144671
v -0.001737 1.346978 -0.130562
v -0.002313 1.289455 -0.153512
v -0.002313 1.226382 -0.153512
v 0.039513 1.346978 -0.125087
v 0.046057 1.289455 -0.147092
v 0.046057 1.226382 -0.147092
v 0.077052 1.346978 -0.107133
v 0.090075 1.289455 -0.126038
v 0.090075 1.226382 -0.126038
v 0.141126 1.374758 -0.050811
v 0.118704 1.374758 -0.092214
v 0.149657 1.374758 -0.004506
v 0.143462 1.374758 0.042169
v 0.123147 1.374758 0.084645
v 0.090700 1.374758 0.118764
v 0.049297 1.374758 0.141187
v 0.002992 1.374758 0.149718
v -0.043683 1.374758 0.143523
v -0.086159 1.374758 0.123207
v -0.120278 1.374758 0.090760
v -0.142701 1.374758 0.049358
v -0.151232 1.374758 0.003053
v -0.145037 1.374758 -0.043622
v -0.124721 1.374758 -0.086098
v -0.092274 1.374758 -0.120218
v -0.050872 1.374758 -0.142640
v -0.004567 1.374758 -0.151171
v 0.042109 1.374758 -0.144976
v 0.084584 1.374758 -0.124660
v 0.100490 1.140632 -0.032503
v 0.100490 1.140632 -0.032503
v 0.084865 1.140632 -0.061353
v 0.084865 1.140632 -0.061353
v 0.106434 1.140632 -0.000238
v 0.106434 1.140632 -0.000238
v 0.102117 1.140632 0.032286
v 0.102117 1.140632 0.032286
v 0.087961 1.140632 0.061883
v 0.087961 1.140632 0.061883
v 0.065352 1.140632 0.085658
v 0.065352 1.140632 0.085658
v 0.036503 1.140632 0.101282
v 0.036503 1.140632 0.101282
v 0.004237 1.140632 0.107227
v 0.004237 1.140632 0.107227
v -0.028286 1.140632 0.102910
v -0.028286 1.140632 0.102910
v -0.057884 1.140632 0.088754
v -0.057884 1.140632 0.088754
v -0.081658 1.140632 0.066145
v -0.081658 1.140632 0.066145
v -0.097282 1.140632 0.037295
v -0.097282 1.140632 0.037295
v -0.103227 1.140632 0.005030
v -0.103227 1.140632 0.005030
v -0.098910 1.140632 -0.027494
v -0.098910 1.140632 -0.027494
v -0.084754 1.140632 -0.057091
v -0.084754 1.140632 -0.057091
v -0.062145 1.140632 -0.080866
v -0.062145 1.140632 -0.080866
v -0.033295 1.140632 -0.096490
v -0.033295 1.140632 -0.096490
v -0.001030 1.140632 -0.102435
v -0.001030 1.140632 -0.102435
v 0.031493 1.140632 -0.098118
v 0.031493 1.140632 -0.098118
v 0.061091 1.140632 -0.083962
v 0.061091 1.140632 -0.083962
v 0.106872 1.167739 -0.078202
v 0.106872 1.167739 -0.078202
v 0.126626 1.167739 -0.041727
v 0.134142 1.167739 -0.000934
v 0.128684 1.167739 0.040186
v 0.110786 1.167739 0.077606
v 0.082201 1.167739 0.107665
v 0.045727 1.167739 0.127418
v 0.004933 1.167739 0.134934
v -0.036186 1.167739 0.129476
v -0.073607 1.167739 0.111579
v -0.103665 1.167739 0.082994
v -0.123419 1.167739 0.046519
v -0.130935 1.167739 0.005726
v -0.125476 1.167739 -0.035394
v -0.107579 1.167739 -0.072814
v -0.078994 1.167739 -0.102873
v -0.042519 1.167739 -0.122627
v -0.001726 1.167739 -0.130142
v 0.039393 1.167739 -0.124684
v 0.076814 1.167739 -0.106787
v 0.086939 1.374085 -0.062940
v 0.102952 1.374085 -0.033372
v 0.109044 1.374085 -0.000303
v 0.104620 1.374085 0.033030
v 0.090112 1.374085 0.063365
v 0.066939 1.374085 0.087731
v 0.037372 1.374085 0.103744
v 0.004303 1.374085 0.109837
v -0.029030 1.374085 0.105412
v -0.059365 1.374085 0.090904
v -0.083731 1.374085 0.067732
v -0.099745 1.374085 0.038164
v -0.105837 1.374085 0.005095
v -0.101413 1.374085 -0.028238
v -0.086904 1.374085 -0.058573
v -0.063732 1.374085 -0.082939
v -0.034164 1.374085 -0.098952
v -0.001096 1.374085 -0.105045
v 0.032238 1.374085 -0.100620
v 0.062572 1.374085 -0.086112
v 0.001604 1.140632 0.002396
v 0.001604 1.375206 0.002396
v 0.189409 1.746594 -0.067851
v 0.200843 1.746594 -0.005792
v 0.192539 1.746594 0.056763
v 0.165312 1.746594 0.113691
v 0.121826 1.746594 0.159418
v 0.066337 1.746594 0.189470
v 0.004278 1.746594 0.200903
v -0.058277 1.746594 0.192600
v -0.115205 1.746594 0.165373
v -0.160932 1.746594 0.121887
v -0.190984 1.746594 0.066398
v -0.202417 1.746594 0.004339
v -0.194114 1.746594 -0.058217
v -0.166887 1.746594 -0.115144
v -0.123400 1.746594 -0.160871
v -0.067912 1.746594 -0.190923
v -0.005852 1.746594 -0.202357
v 0.056703 1.746594 -0.194054
v 0.113630 1.746594 -0.166826
v -0.000787 1.754534 -0.000727
v -0.066733 1.493876 -0.187583
v -0.158120 1.483684 0.119733
v -0.113195 1.493876 0.162456
v 0.197302 1.493876 -0.005703
v -0.113195 1.483684 0.162456
v -0.121247 1.493876 -0.158059
v -0.057267 1.483684 0.189206
v -0.057267 1.493876 0.189206
v 0.156546 1.493876 -0.121187
v 0.156546 1.493876 -0.121187
v 0.186069 1.493876 -0.066673
v 0.004189 1.483684 0.197363
v 0.156546 1.483684 -0.121187
v 0.156546 1.483684 -0.121187
v -0.190719 1.493876 -0.057207
v -0.163970 1.493876 -0.113135
v 0.065159 1.483684 0.186130
v 0.119673 1.483684 0.156606
v 0.065159 1.493876 0.186130
v 0.004189 1.493876 0.197363
v 0.111621 1.483684 -0.163910
v 0.160260 1.473523 -0.124031
v 0.160260 1.473523 -0.124031
v -0.154024 1.428986 0.053354
v -0.128765 1.386361 0.097258
v 0.133036 1.428986 0.091457
v 0.153708 1.386361 0.045216
v 0.091396 1.428986 -0.134550
v 0.045155 1.386361 -0.155222
v -0.163236 1.428986 0.003354
v 0.098000 1.428986 0.128299
v 0.128238 1.428986 -0.099514
v 0.128238 1.428986 -0.099514
v -0.156547 1.428986 -0.047045
v 0.053294 1.428986 0.152511
v -0.134610 1.428986 -0.092910
v 0.003294 1.428986 0.161723
v -0.099574 1.428986 -0.129752
v -0.047105 1.428986 0.155033
v 0.152450 1.428986 -0.054808
v -0.054868 1.428986 -0.153964
v -0.092971 1.428986 0.133096
v 0.161662 1.428986 -0.004808
v -0.004868 1.428986 -0.163176
v 0.055693 1.483684 -0.190659
v 0.161240 1.498034 -0.124781
v 0.161240 1.498034 -0.124781
v -0.204405 1.536764 -0.061277
v 0.191645 1.498034 -0.068641
v -0.071485 1.501977 -0.201047
v 0.203213 1.498034 -0.005852
v -0.121295 1.501977 0.174215
v 0.194812 1.498034 0.057439
v -0.213150 1.536764 0.004608
v 0.167265 1.498034 0.115036
v 0.211576 1.501977 -0.006062
v 0.123268 1.498034 0.161301
v -0.201108 1.536764 0.069971
v 0.067127 1.498034 0.191706
v -0.129927 1.501977 -0.169396
v 0.004338 1.498034 0.203274
v -0.061337 1.501977 0.202891
v -0.058953 1.498034 0.194873
v -0.169457 1.536764 0.128413
v -0.116550 1.498034 0.167326
v 0.199533 1.501977 -0.071425
v -0.162815 1.498034 0.123328
v -0.121295 1.536764 0.174215
v -0.193220 1.498034 0.067187
v -0.175728 1.501977 -0.121234
v -0.204788 1.498034 0.004398
v -0.204405 1.501977 -0.061277
v -0.196387 1.498034 -0.058892
v 0.004548 1.501977 0.211636
v -0.168840 1.498034 -0.116489
v 0.069910 1.501977 0.199594
v -0.124842 1.498034 -0.162754
v -0.061337 1.536764 0.202891
v -0.068701 1.498034 -0.193159
v 0.167882 1.501977 -0.129867
v 0.167882 1.501977 -0.129867
v -0.005912 1.498034 -0.204727
v 0.119721 1.501977 -0.175668
v 0.057379 1.498034 -0.196326
v 0.069910 1.536764 0.199594
v 0.114975 1.498034 -0.168779
v 0.181054 1.488910 -0.064903
v 0.191986 1.488910 -0.005570
v 0.184047 1.488910 0.054238
v 0.158016 1.488910 0.108665
v 0.116440 1.488910 0.152384
v 0.063389 1.488910 0.181115
v 0.004056 1.488910 0.192046
v -0.055752 1.488910 0.184108
v -0.110179 1.488910 0.158077
v -0.153897 1.488910 0.116501
v -0.182629 1.488910 0.063449
v -0.193560 1.488910 0.004116
v -0.185622 1.488910 -0.055691
v -0.159591 1.488910 -0.110118
v -0.118014 1.488910 -0.153837
v -0.064963 1.488910 -0.182568
v -0.005630 1.488910 -0.193500
v 0.054177 1.488910 -0.185561
v 0.108604 1.488910 -0.159530
v 0.152323 1.488910 -0.117954
v 0.152323 1.488910 -0.117954
v -0.187644 1.483684 0.065219
v 0.189145 1.493876 0.055754
v -0.158120 1.493876 0.119733
v -0.198877 1.483684 0.004250
v -0.005763 1.493876 -0.198816
v -0.190719 1.483684 -0.057207
v 0.162396 1.493876 0.111681
v -0.187644 1.493876 0.065219
v -0.163970 1.483684 -0.113135
v 0.055693 1.493876 -0.190659
v 0.186069 1.483684 -0.066673
v -0.121247 1.483684 -0.158059
v 0.119673 1.493876 0.156606
v 0.197302 1.483684 -0.005703
v -0.198877 1.493876 0.004250
v -0.066733 1.483684 -0.187583
v 0.111621 1.493876 -0.163910
v 0.189145 1.483684 0.055754
v -0.005763 1.483684 -0.198816
v 0.162396 1.483684 0.111681
v 0.004548 1.536764 0.211636
v 0.191873 1.547831 -0.068721
v 0.203455 1.547831 -0.005858
v 0.195044 1.547831 0.057508
v 0.167464 1.547831 0.115173
v 0.123414 1.547831 0.161493
v 0.067207 1.547831 0.191934
v 0.004344 1.547831 0.203516
v -0.059022 1.547831 0.195105
v -0.116687 1.547831 0.167525
v -0.163007 1.547831 0.123475
v -0.193448 1.547831 0.067268
v -0.205030 1.547831 0.004404
v -0.196619 1.547831 -0.058961
v -0.169039 1.547831 -0.116626
v -0.124989 1.547831 -0.162946
v -0.068781 1.547831 -0.193387
v -0.005918 1.547831 -0.204969
v 0.057447 1.547831 -0.196558
v 0.115113 1.547831 -0.168978
v 0.206861 1.519305 -0.074010
v 0.219343 1.519305 -0.006257
v 0.210278 1.519305 0.062038
v 0.180553 1.519305 0.124189
v 0.133076 1.519305 0.174112
v 0.072496 1.519305 0.206921
v 0.004743 1.519305 0.219404
v -0.063552 1.519305 0.210339
v -0.125703 1.519305 0.180613
v -0.175626 1.519305 0.133137
v -0.208435 1.519305 0.072557
v -0.220918 1.519305 0.004803
v -0.211853 1.519305 -0.063492
v -0.182127 1.519305 -0.125642
v -0.134651 1.519305 -0.175566
v -0.074071 1.519305 -0.208375
v -0.006317 1.519305 -0.220857
v 0.061978 1.519305 -0.211792
v 0.124129 1.519305 -0.182067
v 0.174052 1.519305 -0.134590
v 0.174052 1.519305 -0.134590
v 0.202830 1.501977 0.059823
v -0.175728 1.536764 -0.121234
v -0.169457 1.501977 0.128413
v 0.199533 1.536764 -0.071425
v 0.167882 1.536764 -0.129867
v 0.167882 1.536764 -0.129867
v -0.006122 1.501977 -0.213090
v -0.129927 1.536764 -0.169396
v 0.211576 1.536764 -0.006062
v 0.174154 1.501977 0.119781
v -0.071485 1.536764 -0.201047
v -0.201108 1.501977 0.069971
v 0.202830 1.536764 0.059823
v 0.059763 1.501977 -0.204345
v -0.006122 1.536764 -0.213090
v 0.174154 1.536764 0.119781
v 0.128353 1.501977 0.167943
v 0.059763 1.536764 -0.204345
v -0.213150 1.501977 0.004608
v 0.128353 1.536764 0.167943
v 0.119721 1.536764 -0.175668
v 0.161432 1.547831 -0.124928
v 0.161432 1.547831 -0.124928
v 0.294538 1.761518 -0.280385
v 0.293626 1.755611 -0.279530
v 0.229940 1.761518 -0.335675
v 0.229224 1.755611 -0.334652
v 0.155259 1.761518 -0.376327
v 0.154769 1.755611 -0.375180
v 0.073757 1.761518 -0.400563
v 0.073515 1.755611 -0.399343
v -0.011002 1.761518 -0.407324
v -0.010987 1.755611 -0.406083
v -0.095315 1.761518 -0.396315
v -0.095043 1.755611 -0.395108
v -0.175497 1.761518 -0.368017
v -0.175497 1.761518 -0.368017
v -0.174981 1.755611 -0.366896
v -0.248043 1.761518 -0.323667
v -0.247307 1.755611 -0.322680
v -0.309783 1.761518 -0.265202
v -0.308859 1.755611 -0.264393
v -0.358018 1.761518 -0.195179
v -0.356948 1.755611 -0.194583
v -0.390641 1.761518 -0.116657
v -0.389471 1.755611 -0.116300
v -0.406271 1.761518 -0.033419
v -0.405054 1.755611 -0.033315
v -0.405782 1.761518 0.044712
v -0.404568 1.755611 0.044576
v -0.295987 1.761518 0.279138
v -0.295105 1.755611 0.278293
v -0.231515 1.761518 0.334221
v -0.230830 1.755611 0.333209
v -0.156834 1.761518 0.374873
v -0.156375 1.755611 0.373737
v -0.075332 1.761518 0.399109
v -0.075121 1.755611 0.397900
v 0.009427 1.761518 0.405871
v 0.009381 1.755611 0.404641
v 0.093740 1.761518 0.394862
v 0.093438 1.755611 0.393665
v 0.173922 1.761518 0.366564
v 0.173922 1.761518 0.366564
v 0.173376 1.755611 0.365453
v 0.246468 1.761518 0.322214
v 0.245702 1.755611 0.321238
v 0.308208 1.761518 0.263749
v 0.307254 1.755611 0.262951
v 0.356444 1.761518 0.193726
v 0.355343 1.755611 0.193140
v 0.389066 1.761518 0.115204
v 0.387866 1.755611 0.114857
v 0.404650 1.761518 0.031616
v 0.403403 1.755611 0.031523
v 0.402515 1.761518 -0.053386
v 0.401274 1.755611 -0.053221
v 0.382753 1.761518 -0.136087
v 0.381573 1.755611 -0.135670
v 0.346229 1.761518 -0.212871
v 0.345159 1.755611 -0.212222
v -0.345224 1.761518 0.217063
v -0.344191 1.755611 0.216410
v -0.384496 1.755611 0.134578
v -0.385649 1.761518 0.134985
v -0.000787 1.374315 -0.000727
v -0.117297 0.823380 0.121243
v -0.117297 0.823380 0.121243
v -0.073904 0.823380 0.151277
v -0.073904 0.823380 0.151277
v -0.023354 0.823380 0.166431
v -0.023354 0.823380 0.166431
v 0.029405 0.823380 0.165223
v 0.029405 0.823380 0.165223
v 0.079209 0.823380 0.147771
v 0.079209 0.823380 0.147771
v 0.121182 0.823380 0.115783
v 0.121182 0.823380 0.115783
v 0.151215 0.823380 0.072390
v 0.151215 0.823380 0.072390
v 0.166370 0.823380 0.021839
v 0.166370 0.823380 0.021839
v 0.165162 0.823380 -0.030920
v 0.165162 0.823380 -0.030920
v 0.147710 0.823380 -0.080724
v 0.147710 0.823380 -0.080724
v 0.115721 0.823380 -0.122697
v 0.115721 0.823380 -0.122697
v 0.072328 0.823380 -0.152730
v 0.072328 0.823380 -0.152730
v 0.021778 0.823380 -0.167885
v 0.021778 0.823380 -0.167885
v -0.030981 0.823380 -0.166677
v -0.030981 0.823380 -0.166677
v -0.080785 0.823380 -0.149225
v -0.080785 0.823380 -0.149225
v -0.122758 0.823380 -0.117236
v -0.122758 0.823380 -0.117236
v -0.152791 0.823380 -0.073843
v -0.152791 0.823380 -0.073843
v -0.167946 0.823380 -0.023293
v -0.167946 0.823380 -0.023293
v -0.166738 0.823380 0.029466
v -0.166738 0.823380 0.029466
v -0.166738 0.823380 0.029466
v -0.166738 0.823380 0.029466
v -0.149285 0.823380 0.079270
v -0.149285 0.823380 0.079270
v -0.136792 0.816561 0.141651
v -0.086138 0.816561 0.176710
v -0.027130 0.816561 0.194401
v 0.034457 0.816561 0.192991
v 0.092594 0.816561 0.172618
v 0.141590 0.816561 0.135277
v 0.176650 0.816561 0.084623
v 0.194340 0.816561 0.025615
v 0.192930 0.816561 -0.035972
v 0.172557 0.816561 -0.094109
v 0.135216 0.816561 -0.143105
v 0.084562 0.816561 -0.178164
v 0.025554 0.816561 -0.195855
v -0.036033 0.816561 -0.194445
v -0.094170 0.816561 -0.174072
v -0.143166 0.816561 -0.136731
v -0.178225 0.816561 -0.086077
v -0.195915 0.816561 -0.027069
v -0.194505 0.816561 0.034518
v -0.194505 0.816561 0.034518
v -0.174133 0.816561 0.092655
v -0.063920 0.909180 0.065364
v -0.063920 0.909180 0.065364
v -0.040407 0.909180 0.081638
v -0.040407 0.909180 0.081638
v -0.013015 0.909180 0.089850
v -0.013015 0.909180 0.089850
v 0.015573 0.909180 0.089195
v 0.015573 0.909180 0.089195
v 0.042560 0.909180 0.079738
v 0.042560 0.909180 0.079738
v 0.065303 0.909180 0.062405
v 0.065303 0.909180 0.062405
v 0.081577 0.909180 0.038892
v 0.081577 0.909180 0.038892
v 0.089789 0.909180 0.011501
v 0.089789 0.909180 0.011501
v 0.089134 0.909180 -0.017088
v 0.089134 0.909180 -0.017088
v 0.079678 0.909180 -0.044074
v 0.079678 0.909180 -0.044074
v 0.062344 0.909180 -0.066818
v 0.062344 0.909180 -0.066818
v 0.038831 0.909180 -0.083092
v 0.038831 0.909180 -0.083092
v 0.011440 0.909181 -0.091304
v 0.011440 0.909181 -0.091304
v -0.017148 0.909181 -0.090649
v -0.017148 0.909181 -0.090649
v -0.044135 0.909181 -0.081192
v -0.044135 0.909181 -0.081192
v -0.066879 0.909181 -0.063859
v -0.066879 0.909181 -0.063859
v -0.083153 0.909180 -0.040346
v -0.083153 0.909180 -0.040346
v -0.091365 0.909180 -0.012955
v -0.091365 0.909180 -0.012955
v -0.090710 0.909180 0.015634
v -0.090710 0.909180 0.015634
v -0.090710 0.909180 0.015634
v -0.081253 0.909180 0.042620
v -0.081253 0.909180 0.042620
v -0.074937 0.909161 0.060999
v -0.074937 0.909161 0.060999
v -0.115854 0.965495 0.092326
v -0.124661 1.026079 0.099069
v -0.115563 1.087223 0.092103
v -0.075252 1.142390 0.061240
v -0.075252 1.142390 0.061240
v -0.053082 0.909161 0.081783
v -0.053082 0.909161 0.081783
v -0.082315 0.965495 0.124221
v -0.088607 1.026079 0.133355
v -0.082107 1.087223 0.123919
v -0.053307 1.142390 0.082109
v -0.053307 1.142390 0.082109
v -0.025873 0.909161 0.094796
v -0.025873 0.909161 0.094796
v -0.040562 0.965495 0.144190
v -0.043724 1.026079 0.154822
v -0.040458 1.087223 0.143839
v -0.025987 1.142390 0.095176
v -0.025987 1.142390 0.095176
v 0.004024 0.909161 0.098764
v 0.004024 0.909161 0.098764
v 0.005319 0.965495 0.150280
v 0.005597 1.026079 0.161369
v 0.005309 1.087223 0.149914
v 0.004034 1.142390 0.099161
v 0.004034 1.142390 0.099161
v 0.033685 0.909161 0.093300
v 0.033685 0.909161 0.093300
v 0.050835 0.965495 0.141895
v 0.054527 1.026079 0.152354
v 0.050713 1.087223 0.141549
v 0.033817 1.142391 0.093674
v 0.033817 1.142391 0.093674
v 0.060206 0.909161 0.078937
v 0.060206 0.909161 0.078937
v 0.091533 0.965495 0.119853
v 0.098276 1.026079 0.128660
v 0.091310 1.087223 0.119562
v 0.060447 1.142391 0.079252
v 0.060447 1.142391 0.079252
v 0.080990 0.909161 0.057081
v 0.080990 0.909161 0.057081
v 0.123428 0.965495 0.086315
v 0.132562 1.026079 0.092607
v 0.123126 1.087223 0.086107
v 0.081316 1.142390 0.057306
v 0.081316 1.142390 0.057306
v 0.094003 0.909161 0.029873
v 0.094003 0.909161 0.029873
v 0.143398 0.965495 0.044562
v 0.154029 1.026079 0.047723
v 0.143046 1.087223 0.044457
v 0.094383 1.142391 0.029986
v 0.094383 1.142391 0.029986
v 0.097971 0.909161 -0.000025
v 0.097971 0.909161 -0.000025
v 0.149488 0.965495 -0.001319
v 0.160576 1.026079 -0.001597
v 0.149121 1.087223 -0.001310
v 0.098368 1.142391 -0.000035
v 0.098368 1.142391 -0.000035
v 0.092507 0.909161 -0.029686
v 0.092507 0.909161 -0.029686
v 0.141101 0.965495 -0.046836
v 0.151561 1.026079 -0.050527
v 0.140756 1.087223 -0.046714
v 0.092881 1.142391 -0.029818
v 0.092881 1.142391 -0.029818
v 0.078144 0.909161 -0.056206
v 0.078144 0.909161 -0.056206
v 0.119060 0.965495 -0.087534
v 0.127867 1.026079 -0.094277
v 0.118769 1.087223 -0.087311
v 0.078459 1.142391 -0.056447
v 0.078459 1.142391 -0.056447
v 0.056288 0.909161 -0.076990
v 0.056288 0.909161 -0.076990
v 0.085522 0.965495 -0.119428
v 0.091814 1.026079 -0.128563
v 0.085314 1.087223 -0.119126
v 0.056513 1.142391 -0.077317
v 0.056513 1.142391 -0.077317
v 0.029080 0.909161 -0.090003
v 0.029080 0.909161 -0.090003
v 0.043769 0.965495 -0.139398
v 0.046930 1.026079 -0.150030
v 0.043664 1.087223 -0.139046
v 0.029193 1.142390 -0.090383
v 0.029193 1.142390 -0.090383
v -0.000818 0.909161 -0.093972
v -0.000818 0.909161 -0.093972
v -0.002112 0.965495 -0.145488
v -0.002391 1.026079 -0.156576
v -0.002103 1.087223 -0.145121
v -0.000828 1.142390 -0.094368
v -0.000828 1.142390 -0.094368
v -0.030479 0.909161 -0.088507
v -0.030479 0.909161 -0.088507
v -0.047629 0.965495 -0.137102
v -0.051320 1.026079 -0.147562
v -0.047507 1.087223 -0.136756
v -0.030611 1.142390 -0.088881
v -0.030611 1.142390 -0.088881
v -0.056999 0.909161 -0.074144
v -0.056999 0.909161 -0.074144
v -0.056999 0.909161 -0.074144
v -0.088326 0.965495 -0.115061
v -0.088326 0.965495 -0.115061
v -0.095069 1.026079 -0.123868
v -0.095069 1.026079 -0.123868
v -0.088103 1.087223 -0.114770
v -0.088103 1.087223 -0.114770
v -0.057240 1.142390 -0.074459
v -0.057240 1.142390 -0.074459
v -0.057240 1.142390 -0.074459
v -0.077783 0.909161 -0.052289
v -0.077783 0.909161 -0.052289
v -0.120221 0.965495 -0.081522
v -0.129356 1.026079 -0.087814
v -0.119919 1.087223 -0.081314
v -0.078110 1.142390 -0.052514
v -0.078110 1.142390 -0.052514
v -0.090796 0.909161 -0.025081
v -0.090796 0.909161 -0.025081
v -0.140191 0.965495 -0.039769
v -0.150823 1.026079 -0.042931
v -0.139840 1.087223 -0.039664
v -0.091177 1.142390 -0.025194
v -0.091177 1.142390 -0.025194
v -0.094764 0.909161 0.004817
v -0.094764 0.909161 0.004817
v -0.146281 0.965495 0.006112
v -0.157369 1.026079 0.006390
v -0.145914 1.087223 0.006102
v -0.095161 1.142390 0.004827
v -0.095161 1.142390 0.004827
v -0.089300 0.909161 0.034478
v -0.089300 0.909161 0.034478
v -0.137895 0.965495 0.051628
v -0.148354 1.026079 0.055320
v -0.137549 1.087223 0.051506
v -0.089674 1.142390 0.034610
v -0.089674 1.142390 0.034610
v -0.086633 0.380917 0.177739
v -0.086633 0.380917 0.177739
v -0.137580 0.380917 0.142477
v -0.137580 0.380917 0.142477
v -0.027282 0.380917 0.195532
v -0.027282 0.380917 0.195532
v 0.034662 0.380917 0.194114
v 0.034662 0.380917 0.194114
v 0.093136 0.380917 0.173623
v 0.093136 0.380917 0.173623
v 0.142416 0.380917 0.136066
v 0.142416 0.380917 0.136066
v 0.177678 0.380917 0.085118
v 0.177678 0.380917 0.085118
v 0.195471 0.380918 0.025768
v 0.195471 0.380918 0.025768
v 0.194053 0.380918 -0.036177
v 0.194053 0.380918 -0.036177
v 0.173562 0.380918 -0.094651
v 0.173562 0.380918 -0.094651
v 0.136005 0.380918 -0.143931
v 0.136005 0.380918 -0.143931
v 0.085057 0.380918 -0.179193
v 0.085057 0.380918 -0.179193
v 0.025707 0.380917 -0.196986
v 0.025707 0.380917 -0.196986
v -0.036237 0.380917 -0.195568
v -0.036237 0.380917 -0.195568
v -0.094711 0.380917 -0.175077
v -0.094711 0.380917 -0.175077
v -0.143991 0.380917 -0.137520
v -0.143991 0.380917 -0.137520
v -0.179254 0.380917 -0.086572
v -0.179254 0.380917 -0.086572
v -0.197047 0.380917 -0.027222
v -0.197047 0.380917 -0.027222
v -0.195628 0.380917 0.034723
v -0.195628 0.380917 0.034723
v -0.195628 0.380917 0.034723
v -0.175138 0.380917 0.093197
v -0.175138 0.380917 0.093197
v -0.109445 0.899257 0.113023
v -0.068977 0.899257 0.141032
v -0.021833 0.899257 0.155165
v 0.027370 0.899257 0.154039
v 0.073817 0.899257 0.137763
v 0.112961 0.899257 0.107930
v 0.140971 0.899257 0.067462
v 0.155104 0.899257 0.020318
v 0.153978 0.899257 -0.028885
v 0.137702 0.899257 -0.075332
v 0.107869 0.899257 -0.114476
v 0.067401 0.899257 -0.142486
v 0.020257 0.899257 -0.156619
v -0.028946 0.899257 -0.155493
v -0.075393 0.899257 -0.139216
v -0.114537 0.899257 -0.109384
v -0.142547 0.899257 -0.068915
v -0.156680 0.899257 -0.021772
v -0.155553 0.899257 0.027431
v -0.155553 0.899257 0.027431
v -0.139277 0.899257 0.073878
v -0.093297 0.909180 0.096118
v -0.058843 0.909180 0.119965
v -0.018706 0.909180 0.131998
v 0.023186 0.909180 0.131039
v 0.062730 0.909181 0.117182
v 0.096057 0.909181 0.091783
v 0.119904 0.909181 0.057328
v 0.131937 0.909181 0.017191
v 0.130978 0.909181 -0.024701
v 0.117121 0.909181 -0.064245
v 0.091722 0.909181 -0.097572
v 0.057267 0.909181 -0.121419
v 0.017130 0.909181 -0.133452
v -0.024762 0.909181 -0.132493
v -0.064306 0.909181 -0.118636
v -0.097633 0.909181 -0.093237
v -0.121480 0.909180 -0.058782
v -0.133513 0.909180 -0.018645
v -0.132554 0.909180 0.023247
v -0.132554 0.909180 0.023247
v -0.118696 0.909180 0.062791
v -0.141666 0.489473 0.146753
v -0.089197 0.489473 0.183069
v -0.028074 0.489473 0.201393
v 0.035720 0.489473 0.199932
v 0.095941 0.489473 0.178830
v 0.146693 0.489473 0.140151
v 0.183008 0.489473 0.087682
v 0.201332 0.489473 0.026559
v 0.199872 0.489473 -0.037235
v 0.178769 0.489473 -0.097456
v 0.140090 0.489473 -0.148207
v 0.087621 0.489473 -0.184523
v 0.026498 0.489473 -0.202847
v -0.037296 0.489473 -0.201387
v -0.097516 0.489473 -0.180284
v -0.148268 0.489473 -0.141605
v -0.184584 0.489473 -0.089136
v -0.202908 0.489473 -0.028013
v -0.201447 0.489473 0.035781
v -0.201447 0.489473 0.035781
v -0.180345 0.489473 0.096002
v -0.098204 0.924068 0.078813
v -0.069705 0.924068 0.105915
v -0.034226 0.924068 0.122884
v 0.004760 0.924068 0.128059
v 0.043438 0.924068 0.120933
v 0.078020 0.924068 0.102204
v 0.105122 0.924068 0.073705
v 0.122091 0.924068 0.038226
v 0.127266 0.924068 -0.000761
v 0.120140 0.924068 -0.039438
v 0.101411 0.924068 -0.074020
v 0.072912 0.924068 -0.101123
v 0.037433 0.924068 -0.118092
v -0.001554 0.924068 -0.123266
v -0.040231 0.924068 -0.116140
v -0.074813 0.924068 -0.097411
v -0.074813 0.924068 -0.097411
v -0.101915 0.924068 -0.068912
v -0.118884 0.924068 -0.033433
v -0.124059 0.924068 0.005553
v -0.116933 0.924068 0.044231
v -0.096736 1.130915 0.077689
v -0.068656 1.130915 0.104392
v -0.033699 1.130915 0.121112
v 0.004714 1.130915 0.126211
v 0.042822 1.130915 0.119189
v 0.076896 1.130915 0.100736
v 0.103599 1.130915 0.072656
v 0.120319 1.130915 0.037699
v 0.125417 1.130915 -0.000714
v 0.118396 1.130915 -0.038823
v 0.099943 1.130915 -0.072896
v 0.071863 1.130915 -0.099600
v 0.036906 1.130915 -0.116319
v -0.001507 1.130915 -0.121418
v -0.039616 1.130915 -0.114397
v -0.073689 1.130915 -0.095943
v -0.073689 1.130915 -0.095943
v -0.100393 1.130915 -0.067863
v -0.117112 1.130915 -0.032906
v -0.122211 1.130915 0.005507
v -0.115190 1.130915 0.043615
v -0.092020 0.912167 0.074078
v -0.065287 0.912167 0.099501
v -0.032006 0.912167 0.115419
v 0.004565 0.912167 0.120273
v 0.040846 0.912167 0.113589
v 0.073285 0.912167 0.096020
v 0.098708 0.912167 0.069287
v 0.114626 0.912167 0.036006
v 0.119480 0.912167 -0.000565
v 0.112796 0.912167 -0.036846
v 0.095227 0.912167 -0.069286
v 0.068494 0.912167 -0.094709
v 0.035213 0.912167 -0.110626
v -0.001358 0.912167 -0.115480
v -0.037639 0.912167 -0.108796
v -0.070079 0.912167 -0.091227
v -0.070079 0.912167 -0.091227
v -0.095502 0.912167 -0.064494
v -0.111419 0.912167 -0.031213
v -0.116273 0.912167 0.005357
v -0.109589 0.912167 0.041639
v -0.087809 0.785433 0.180186
v -0.087809 0.803348 0.180186
v -0.027644 0.785433 0.198224
v -0.027644 0.803348 0.198224
v 0.035151 0.785433 0.196786
v 0.035151 0.803348 0.196786
v 0.094428 0.785433 0.176014
v 0.094428 0.803348 0.176014
v 0.144384 0.785433 0.137941
v 0.144384 0.803348 0.137941
v 0.180130 0.785433 0.086294
v 0.180130 0.803348 0.086294
v 0.198167 0.785433 0.026129
v 0.198167 0.803348 0.026129
v 0.196730 0.785433 -0.036665
v 0.196730 0.803348 -0.036665
v 0.175958 0.785433 -0.095942
v 0.175958 0.803348 -0.095942
v 0.137885 0.785433 -0.145898
v 0.137885 0.803348 -0.145898
v 0.086238 0.785433 -0.181644
v 0.086238 0.803348 -0.181644
v 0.026073 0.785433 -0.199681
v 0.026073 0.803348 -0.199681
v -0.036721 0.785433 -0.198244
v -0.036721 0.803348 -0.198244
v -0.095998 0.785433 -0.177472
v -0.095998 0.803348 -0.177472
v -0.145954 0.785433 -0.139399
v -0.145954 0.803348 -0.139399
v -0.181701 0.785433 -0.087752
v -0.181701 0.803348 -0.087752
v -0.199738 0.785433 -0.027587
v -0.199738 0.803348 -0.027587
v -0.198300 0.785433 0.035207
v -0.198300 0.785433 0.035207
v -0.198300 0.803348 0.035207
v -0.198300 0.803348 0.035207
v -0.177528 0.785433 0.094484
v -0.177528 0.803348 0.094484
v -0.139455 0.803348 0.144440
v -0.139455 0.785433 0.144440
v -0.082256 0.790175 0.168657
v -0.082256 0.790175 0.168657
v -0.082256 0.797819 0.168657
v -0.082256 0.797819 0.168657
v -0.025923 0.790175 0.185545
v -0.025923 0.790175 0.185545
v -0.025923 0.797819 0.185545
v -0.025923 0.797819 0.185545
v 0.032873 0.790175 0.184199
v 0.032873 0.790175 0.184199
v 0.032873 0.797819 0.184199
v 0.032873 0.797819 0.184199
v 0.088374 0.790175 0.164750
v 0.088374 0.790175 0.164750
v 0.088374 0.797819 0.164750
v 0.088374 0.797819 0.164750
v 0.135149 0.790175 0.129102
v 0.135149 0.790175 0.129102
v 0.135149 0.797819 0.129102
v 0.135149 0.797819 0.129102
v 0.168619 0.790175 0.080744
v 0.168619 0.790175 0.080744
v 0.168619 0.797819 0.080744
v 0.168619 0.797819 0.080744
v 0.185508 0.790175 0.024411
v 0.185508 0.790175 0.024411
v 0.185508 0.797819 0.024411
v 0.185508 0.797819 0.024411
v 0.184162 0.790175 -0.034385
v 0.184162 0.790175 -0.034385
v 0.184162 0.797819 -0.034385
v 0.184162 0.797819 -0.034385
v 0.164713 0.790175 -0.089886
v 0.164713 0.790175 -0.089886
v 0.164713 0.797819 -0.089886
v 0.164713 0.797819 -0.089886
v 0.129064 0.790175 -0.136661
v 0.129064 0.790175 -0.136661
v 0.129064 0.797819 -0.136661
v 0.129064 0.797819 -0.136661
v 0.080707 0.790175 -0.170131
v 0.080707 0.790175 -0.170131
v 0.080707 0.797819 -0.170131
v 0.080707 0.797819 -0.170131
v 0.024373 0.790175 -0.187019
v 0.024373 0.790175 -0.187019
v 0.024373 0.797819 -0.187019
v 0.024373 0.797819 -0.187019
v -0.034422 0.790175 -0.185673
v -0.034422 0.790175 -0.185673
v -0.034422 0.797819 -0.185673
v -0.034422 0.797819 -0.185673
v -0.089924 0.790175 -0.166224
v -0.089924 0.790175 -0.166224
v -0.089924 0.797819 -0.166224
v -0.089924 0.797819 -0.166224
v -0.136699 0.790175 -0.130576
v -0.136699 0.790175 -0.130576
v -0.136699 0.797819 -0.130576
v -0.136699 0.797819 -0.130576
v -0.170168 0.790175 -0.082218
v -0.170168 0.790175 -0.082218
v -0.170168 0.797819 -0.082218
v -0.170168 0.797819 -0.082218
v -0.187057 0.790175 -0.025885
v -0.187057 0.790175 -0.025885
v -0.187057 0.797819 -0.025885
v -0.187057 0.797819 -0.025885
v -0.185711 0.790175 0.032911
v -0.185711 0.790175 0.032911
v -0.185711 0.790175 0.032911
v -0.185711 0.790175 0.032911
v -0.185711 0.797819 0.032911
v -0.185711 0.797819 0.032911
v -0.185711 0.797819 0.032911
v -0.185711 0.797819 0.032911
v -0.166262 0.790175 0.088412
v -0.166262 0.790175 0.088412
v -0.166262 0.797819 0.088412
v -0.166262 0.797819 0.088412
v -0.130613 0.797819 0.135187
v -0.130613 0.797819 0.135187
v -0.130613 0.790175 0.135187
v -0.130613 0.790175 0.135187
v 0.068600 0.837580 -0.144978
v 0.068600 0.859521 -0.144978
v 0.109779 0.859521 -0.116476
v 0.109779 0.837580 -0.116476
v 0.075129 0.837579 0.140195
v 0.075129 0.859521 0.140195
v 0.027866 0.859521 0.156757
v 0.027866 0.837579 0.156757
v -0.141709 0.837579 0.075188
v -0.141709 0.859521 0.075188
v -0.158271 0.859521 0.027925
v -0.158271 0.859521 0.027925
v -0.158271 0.837579 0.027925
v -0.158271 0.837579 0.027925
v 0.020628 0.837580 -0.159359
v 0.020628 0.859521 -0.159359
v 0.114961 0.837579 0.109839
v 0.114961 0.859521 0.109838
v -0.111353 0.837579 0.115020
v -0.111353 0.859521 0.115020
v -0.029439 0.837580 -0.158213
v -0.029439 0.859521 -0.158213
v 0.143463 0.837580 0.068659
v 0.143463 0.859521 0.068659
v -0.076703 0.837579 -0.141651
v -0.076703 0.859521 -0.141651
v 0.157845 0.837580 0.020687
v 0.157845 0.859521 0.020687
v -0.116535 0.837579 -0.111294
v -0.116535 0.859521 -0.111294
v 0.156698 0.837580 -0.029381
v 0.156698 0.859521 -0.029381
v -0.070173 0.837579 0.143522
v -0.070173 0.859521 0.143522
v -0.145036 0.837579 -0.070114
v -0.145036 0.859521 -0.070114
v 0.140136 0.837580 -0.076644
v 0.140136 0.859521 -0.076644
v -0.022202 0.837579 0.157903
v -0.022202 0.859521 0.157903
v -0.159418 0.837579 -0.022143
v -0.159418 0.859521 -0.022143
v 0.065920 0.842628 -0.139400
v 0.065920 0.842628 -0.139400
v 0.065920 0.848089 -0.139400
v 0.065920 0.848089 -0.139400
v 0.105506 0.848089 -0.112001
v 0.105506 0.848089 -0.112001
v 0.105506 0.842628 -0.112001
v 0.105506 0.842628 -0.112001
v 0.072197 0.842628 0.134738
v 0.072197 0.842628 0.134738
v 0.072197 0.842628 0.134738
v 0.072197 0.848089 0.134738
v 0.072197 0.848089 0.134738
v 0.072197 0.848089 0.134738
v 0.026763 0.848089 0.150659
v 0.026763 0.848089 0.150659
v 0.026763 0.842628 0.150659
v 0.026763 0.842628 0.150659
v -0.136251 0.842628 0.072247
v -0.136251 0.842628 0.072247
v -0.136251 0.848089 0.072247
v -0.136251 0.848089 0.072247
v -0.152173 0.848089 0.026813
v -0.152173 0.848089 0.026813
v -0.152173 0.848089 0.026813
v -0.152173 0.842628 0.026813
v -0.152173 0.842628 0.026813
v -0.152173 0.842628 0.026813
v 0.019805 0.842628 -0.153225
v 0.019805 0.842628 -0.153225
v 0.019805 0.848089 -0.153225
v 0.019805 0.848089 -0.153225
v 0.110488 0.842628 0.105556
v 0.110488 0.842628 0.105556
v 0.110488 0.842628 0.105556
v 0.110488 0.848089 0.105556
v 0.110488 0.848089 0.105556
v 0.110488 0.848089 0.105556
v -0.107070 0.842628 0.110538
v -0.107070 0.842628 0.110538
v -0.107070 0.848089 0.110538
v -0.107070 0.848089 0.110538
v -0.028326 0.842628 -0.152123
v -0.028326 0.842628 -0.152123
v -0.028326 0.848089 -0.152123
v -0.028326 0.848089 -0.152123
v 0.137887 0.842628 0.065970
v 0.137887 0.842628 0.065970
v 0.137886 0.848089 0.065970
v 0.137886 0.848089 0.065970
v -0.073760 0.842628 -0.136202
v -0.073760 0.842628 -0.136202
v -0.073760 0.848089 -0.136202
v -0.073760 0.848089 -0.136202
v 0.151712 0.842628 0.019855
v 0.151712 0.842628 0.019855
v 0.151712 0.848089 0.019855
v 0.151712 0.848089 0.019855
v -0.112051 0.842628 -0.107020
v -0.112051 0.842628 -0.107020
v -0.112051 0.848089 -0.107020
v -0.112051 0.848089 -0.107020
v 0.150610 0.842628 -0.028276
v 0.150610 0.842628 -0.028276
v 0.150610 0.848089 -0.028276
v 0.150610 0.848089 -0.028276
v -0.067484 0.842628 0.137937
v -0.067484 0.842628 0.137937
v -0.067484 0.848089 0.137937
v -0.067484 0.848089 0.137937
v -0.139450 0.842628 -0.067433
v -0.139450 0.842628 -0.067433
v -0.139450 0.848089 -0.067433
v -0.139450 0.848089 -0.067433
v 0.134689 0.842628 -0.073710
v 0.134689 0.842628 -0.073710
v 0.134689 0.848089 -0.073710
v 0.134689 0.848089 -0.073710
v -0.021368 0.842628 0.151762
v -0.021368 0.842628 0.151762
v -0.021368 0.848089 0.151762
v -0.021368 0.848089 0.151762
v -0.153275 0.842628 -0.021318
v -0.153275 0.842628 -0.021318
v -0.153275 0.848089 -0.021318
v -0.153275 0.848089 -0.021318
v -0.141666 0.721416 0.146753
v -0.089197 0.721416 0.183069
v -0.028074 0.721416 0.201393
v 0.035720 0.721416 0.199932
v 0.095941 0.721416 0.178830
v 0.146693 0.721416 0.140151
v 0.183008 0.721416 0.087682
v 0.201332 0.721416 0.026559
v 0.199872 0.721416 -0.037235
v 0.178769 0.721416 -0.097456
v 0.140090 0.721416 -0.148207
v 0.087621 0.721416 -0.184523
v 0.026498 0.721416 -0.202847
v -0.037296 0.721416 -0.201386
v -0.097516 0.721416 -0.180284
v -0.148268 0.721416 -0.141605
v -0.184584 0.721416 -0.089136
v -0.202908 0.721416 -0.028013
v -0.201447 0.721416 0.035781
v -0.201447 0.721416 0.035781
v -0.180345 0.721416 0.096002
v -0.141155 0.414964 0.146219
v -0.088641 0.809991 0.181914
v -0.027902 0.809991 0.200123
v 0.035491 0.809991 0.198671
v 0.095333 0.809991 0.177701
v 0.145766 0.809991 0.139266
v 0.181854 0.809991 0.087126
v 0.200063 0.809991 0.026387
v 0.198611 0.809991 -0.037006
v 0.177641 0.809991 -0.096848
v 0.139205 0.809991 -0.147281
v 0.087066 0.809991 -0.183368
v 0.026327 0.809991 -0.201577
v -0.037066 0.809991 -0.200126
v -0.096908 0.809991 -0.179156
v -0.147341 0.809991 -0.140720
v -0.183428 0.809991 -0.088581
v -0.201637 0.809991 -0.027842
v -0.200186 0.809991 0.035552
v -0.200186 0.809991 0.035552
v -0.179216 0.809991 0.095394
v -0.080021 0.819873 0.163993
v -0.127045 0.819873 0.131447
v -0.025242 0.819873 0.180416
v 0.031931 0.819873 0.179107
v 0.085902 0.819873 0.160194
v 0.131386 0.819873 0.125530
v 0.163932 0.819873 0.078507
v 0.180355 0.819873 0.023727
v 0.179046 0.819873 -0.033446
v 0.160134 0.819873 -0.087417
v 0.125469 0.819873 -0.132901
v 0.078445 0.819873 -0.165447
v 0.023666 0.819873 -0.181870
v -0.033507 0.819873 -0.180561
v -0.087477 0.819873 -0.161648
v -0.132962 0.819873 -0.126984
v -0.165508 0.819873 -0.079960
v -0.181931 0.819873 -0.025181
v -0.180622 0.819873 0.031992
v -0.180622 0.819873 0.031992
v -0.161709 0.819873 0.085963
v 0.068952 0.879404 -0.145712
v 0.111323 0.830464 -0.118092
v 0.075515 0.879404 0.140914
v 0.028266 0.830464 0.158958
v -0.142429 0.879404 0.075576
v -0.160473 0.830464 0.028326
v -0.160473 0.830464 0.028326
v 0.020736 0.879404 -0.160167
v 0.115550 0.879404 0.110403
v -0.111917 0.879404 0.115611
v -0.029587 0.879404 -0.159015
v 0.144197 0.879404 0.069013
v -0.077091 0.879404 -0.142368
v 0.158652 0.879404 0.020797
v -0.117126 0.879404 -0.111857
v 0.157500 0.879404 -0.029526
v -0.070528 0.879404 0.144258
v -0.145773 0.879404 -0.070467
v 0.140853 0.879404 -0.077030
v -0.022312 0.879404 0.158713
v -0.160228 0.879404 -0.022251
v -0.106601 0.941159 0.085242
v -0.122327 0.994600 0.097282
v -0.122291 1.057627 0.097255
v -0.089643 1.139843 0.072258
v -0.075704 0.941159 0.114624
v -0.086940 0.994600 0.130935
v -0.086914 1.057627 0.130897
v -0.063589 1.139843 0.097036
v -0.037240 0.941159 0.133020
v -0.042886 0.994600 0.152005
v -0.042873 1.057627 0.151961
v -0.031153 1.139843 0.112549
v 0.005026 0.941159 0.138630
v 0.005523 0.994600 0.158431
v 0.005522 1.057627 0.158385
v 0.004489 1.139843 0.117280
v 0.046957 0.941159 0.130905
v 0.053549 0.994600 0.149583
v 0.053533 1.057627 0.149540
v 0.039849 1.139843 0.110766
v 0.084449 0.941159 0.110600
v 0.096490 0.994600 0.126327
v 0.096462 1.057628 0.126290
v 0.071465 1.139843 0.093643
v 0.113831 0.941159 0.079704
v 0.130142 0.994600 0.090940
v 0.130104 1.057628 0.090914
v 0.096243 1.139843 0.067588
v 0.132227 0.941159 0.041240
v 0.151212 0.994600 0.046886
v 0.151168 1.057628 0.046873
v 0.111756 1.139843 0.035153
v 0.137837 0.941159 -0.001026
v 0.157638 0.994600 -0.001524
v 0.157592 1.057628 -0.001523
v 0.116487 1.139843 -0.000490
v 0.130112 0.941159 -0.042957
v 0.148790 0.994600 -0.049549
v 0.148746 1.057628 -0.049534
v 0.109972 1.139843 -0.035850
v 0.109807 0.941159 -0.080449
v 0.125534 0.994600 -0.092490
v 0.125497 1.057628 -0.092462
v 0.092850 1.139843 -0.067466
v 0.078911 0.941159 -0.109831
v 0.090147 0.994600 -0.126142
v 0.090121 1.057628 -0.126105
v 0.066795 1.139843 -0.092243
v 0.040447 0.941159 -0.128228
v 0.046093 0.994600 -0.147213
v 0.046079 1.057628 -0.147169
v 0.034359 1.139843 -0.107757
v -0.001819 0.941159 -0.133838
v -0.002317 0.994600 -0.153638
v -0.002316 1.057628 -0.153592
v -0.001283 1.139843 -0.112488
v -0.043750 0.941159 -0.126112
v -0.050342 0.994600 -0.144790
v -0.050327 1.057628 -0.144747
v -0.036643 1.139843 -0.105973
v -0.081242 0.941159 -0.105808
v -0.081242 0.941159 -0.105808
v -0.093283 0.994600 -0.121534
v -0.093283 0.994600 -0.121534
v -0.093255 1.057628 -0.121498
v -0.093255 1.057628 -0.121498
v -0.068259 1.139843 -0.088850
v -0.068259 1.139843 -0.088850
v -0.110624 0.941159 -0.074911
v -0.126936 0.994600 -0.086147
v -0.126898 1.057627 -0.086121
v -0.093036 1.139843 -0.062796
v -0.129021 0.941159 -0.036447
v -0.148006 0.994600 -0.042093
v -0.147962 1.057627 -0.042080
v -0.108550 1.139843 -0.030360
v -0.134631 0.941159 0.005819
v -0.154431 0.994600 0.006316
v -0.154385 1.057627 0.006315
v -0.113280 1.139843 0.005282
v -0.126905 0.941159 0.047750
v -0.145583 0.994600 0.054342
v -0.145540 1.057627 0.054326
v -0.106766 1.139843 0.040642
v -0.128788 0.368972 0.133272
v -0.081115 0.368972 0.166267
v -0.025579 0.368972 0.182916
v 0.032383 0.368972 0.181589
v 0.087098 0.368972 0.162416
v 0.133211 0.368972 0.127273
v 0.166206 0.368972 0.079600
v 0.182856 0.368972 0.024064
v 0.181529 0.368973 -0.033898
v 0.162355 0.368973 -0.088613
v 0.127212 0.368973 -0.134726
v 0.079539 0.368973 -0.167721
v 0.024004 0.368972 -0.184371
v -0.033959 0.368972 -0.183043
v -0.088674 0.368972 -0.163870
v -0.134786 0.368972 -0.128727
v -0.167782 0.368972 -0.081054
v -0.184431 0.368972 -0.025518
v -0.183104 0.368972 0.032444
v -0.163931 0.368972 0.087159
v -0.000788 0.367266 -0.000727
v -0.064906 0.907940 0.132570
v -0.102959 0.907940 0.106232
v -0.020577 0.907940 0.145859
v 0.025689 0.907940 0.144800
v 0.069364 0.907940 0.129495
v 0.106171 0.907940 0.101444
v 0.132509 0.907940 0.063391
v 0.145798 0.907940 0.019062
v 0.144739 0.907940 -0.027204
v 0.129435 0.907940 -0.070879
v 0.101383 0.907940 -0.107686
v 0.063330 0.907940 -0.134024
v 0.019001 0.907940 -0.147313
v -0.027265 0.907940 -0.146254
v -0.070940 0.907940 -0.130949
v -0.107747 0.907940 -0.102898
v -0.134084 0.907940 -0.064845
v -0.147374 0.907940 -0.020516
v -0.146315 0.907940 0.025750
v -0.146315 0.907940 0.025750
v -0.131010 0.907940 0.069425
v -0.000788 0.909180 -0.000727
v -0.088876 0.414964 0.182403
v -0.027975 0.414964 0.200660
v 0.035588 0.414964 0.199205
v 0.095590 0.414964 0.178179
v 0.146158 0.414964 0.139640
v 0.182342 0.414964 0.087362
v 0.200600 0.414964 0.026460
v 0.199145 0.414964 -0.037103
v 0.178118 0.414964 -0.097105
v 0.139579 0.414964 -0.147673
v 0.087301 0.414964 -0.183857
v 0.026399 0.414964 -0.202115
v -0.037164 0.414964 -0.200659
v -0.097166 0.414964 -0.179633
v -0.147734 0.414964 -0.141094
v -0.183917 0.414964 -0.088816
v -0.202175 0.414964 -0.027914
v -0.200720 0.414964 0.035649
v -0.200720 0.414964 0.035649
v -0.179694 0.414964 0.095651
v -0.141666 0.609629 0.146753
v -0.093772 0.915539 0.075420
v -0.066539 0.915539 0.101318
v -0.032635 0.915539 0.117534
v 0.004620 0.915539 0.122479
v 0.041580 0.915539 0.115669
v 0.074627 0.915539 0.097772
v 0.100525 0.915539 0.070538
v 0.116741 0.915539 0.036635
v 0.121686 0.915539 -0.000621
v 0.114876 0.915539 -0.037580
v 0.096979 0.915539 -0.070627
v 0.069746 0.915539 -0.096526
v 0.035842 0.915539 -0.112741
v -0.001413 0.915539 -0.117686
v -0.038373 0.915539 -0.110877
v -0.071420 0.915539 -0.092979
v -0.071420 0.915539 -0.092979
v -0.097319 0.915539 -0.065746
v -0.113534 0.915539 -0.031842
v -0.118479 0.915539 0.005413
v -0.111670 0.915539 0.042373
v -0.105726 1.112683 0.084572
v -0.075079 1.112683 0.113716
v -0.036926 1.112683 0.131964
v 0.004998 1.112683 0.137529
v 0.046590 1.112683 0.129866
v 0.083779 1.112683 0.109725
v 0.112923 1.112683 0.079079
v 0.131171 1.112683 0.040926
v 0.136735 1.112683 -0.000998
v 0.129072 1.112683 -0.042590
v 0.108932 1.112683 -0.079779
v 0.078285 1.112683 -0.108923
v 0.040133 1.112683 -0.127171
v -0.001792 1.112683 -0.132736
v -0.043384 1.112683 -0.125073
v -0.080572 1.112683 -0.104933
v -0.080572 1.112683 -0.104933
v -0.109716 1.112683 -0.074286
v -0.127964 1.112683 -0.036133
v -0.133529 1.112683 0.005791
v -0.125866 1.112683 0.047383
v -0.088541 0.910195 0.071415
v -0.062802 0.910195 0.095893
v -0.030757 0.910195 0.111219
v 0.004455 0.910195 0.115893
v 0.039387 0.910195 0.109457
v 0.070622 0.910195 0.092541
v 0.095100 0.910195 0.066801
v 0.110426 0.910195 0.034757
v 0.115100 0.910195 -0.000455
v 0.108664 0.910195 -0.035388
v 0.091748 0.910195 -0.066622
v 0.066008 0.910195 -0.091100
v 0.033964 0.910195 -0.106427
v -0.001248 0.910195 -0.111100
v -0.036181 0.910195 -0.104664
v -0.067415 0.910195 -0.087749
v -0.067415 0.910195 -0.087749
v -0.091893 0.910195 -0.062009
v -0.107219 0.910195 -0.029965
v -0.111893 0.910195 0.005247
v -0.105457 0.910195 0.040180
v -0.089023 0.773619 0.182708
v 0.034012 0.800052 0.190492
v -0.028020 0.773619 0.200997
v -0.193397 0.788040 -0.026736
v 0.035649 0.773619 0.199539
v 0.095752 0.773619 0.178478
v 0.133475 0.800052 -0.141280
v 0.146404 0.773619 0.139875
v 0.182648 0.773619 0.087509
v -0.193397 0.800052 -0.026736
v 0.200937 0.773619 0.026505
v 0.199479 0.773619 -0.037164
v 0.083472 0.788040 -0.175888
v 0.178418 0.773619 -0.097266
v 0.139767 0.800052 0.133522
v 0.139815 0.773619 -0.147919
v 0.087448 0.773619 -0.184163
v -0.192005 0.788040 0.034059
v -0.192005 0.788040 0.034059
v 0.026445 0.773619 -0.202451
v -0.171895 0.788040 0.091448
v -0.037224 0.773619 -0.200994
v -0.092961 0.788040 -0.171848
v -0.097327 0.773619 -0.179932
v -0.147979 0.773619 -0.141329
v 0.025223 0.800052 -0.193350
v -0.184223 0.773619 -0.088963
v 0.083472 0.800052 -0.175888
v -0.202512 0.773619 -0.027960
v 0.139767 0.788040 0.133522
v -0.201054 0.773619 0.035710
v -0.201054 0.773619 0.035710
v 0.174375 0.788040 0.083519
v -0.179993 0.773619 0.095812
v -0.171895 0.800052 0.091448
v -0.192005 0.800052 0.034059
v -0.192005 0.800052 0.034059
v -0.092961 0.800052 -0.171848
v 0.025223 0.788040 -0.193350
v -0.140780 0.809991 0.145826
v -0.035572 0.788040 -0.191958
v -0.081215 0.793997 0.166495
v -0.025600 0.793997 0.183168
v 0.032446 0.793997 0.181839
v 0.087239 0.793997 0.162638
v 0.133418 0.793997 0.127445
v 0.166461 0.793997 0.079704
v 0.183134 0.793997 0.024089
v 0.181805 0.793997 -0.033957
v 0.162604 0.793997 -0.088751
v 0.127410 0.793997 -0.134929
v 0.079669 0.793997 -0.167972
v 0.024054 0.793997 -0.184645
v -0.033991 0.793997 -0.183316
v -0.088785 0.793997 -0.164115
v -0.134963 0.793997 -0.128921
v -0.168006 0.793997 -0.081181
v -0.184679 0.793997 -0.025566
v -0.183350 0.793997 0.032480
v -0.183350 0.793997 0.032480
v -0.164149 0.793997 0.087274
v -0.128956 0.793997 0.133452
v 0.091401 0.800052 0.170382
v 0.133475 0.788040 -0.141280
v -0.175934 0.800052 -0.084985
v 0.091401 0.788040 0.170382
v 0.034012 0.788040 0.190492
v 0.170335 0.800052 -0.092914
v -0.175934 0.788040 -0.084985
v -0.026783 0.800052 0.191884
v 0.170335 0.788040 -0.092914
v -0.141327 0.800052 -0.134987
v -0.026783 0.788040 0.191884
v 0.190446 0.800052 -0.035525
v -0.141327 0.788040 -0.134987
v -0.085032 0.800052 0.174422
v 0.190446 0.788040 -0.035525
v -0.085032 0.788040 0.174422
v 0.191838 0.800052 0.025270
v -0.135034 0.800052 0.139813
v 0.191838 0.788040 0.025270
v -0.035572 0.800052 -0.191958
v -0.135034 0.788040 0.139813
v 0.174375 0.800052 0.083519
v 0.069568 0.830464 -0.146992
v -0.142243 0.840927 -0.068774
v 0.110342 0.879404 -0.117065
v -0.156346 0.840927 -0.021730
v 0.076189 0.830464 0.142165
v 0.020217 0.850588 -0.156292
v 0.028011 0.879404 0.157560
v 0.067260 0.850588 -0.142189
v -0.143680 0.830464 0.076250
v -0.114293 0.850588 -0.109157
v -0.159075 0.879404 0.028072
v -0.159075 0.879404 0.028072
v 0.020927 0.830464 -0.161575
v 0.073663 0.840927 0.137467
v 0.116577 0.830464 0.111384
v -0.112899 0.830464 0.116638
v 0.107643 0.850588 -0.114238
v -0.029841 0.830464 -0.160413
v 0.137412 0.850588 -0.075177
v 0.145477 0.830464 0.069629
v 0.067260 0.840927 -0.142189
v -0.077765 0.830464 -0.143619
v 0.020217 0.840927 -0.156292
v 0.160060 0.830464 0.020987
v -0.118153 0.830464 -0.112838
v -0.114293 0.840927 -0.109157
v 0.158898 0.830464 -0.029780
v 0.137412 0.840927 -0.075177
v -0.071144 0.830464 0.145538
v 0.107643 0.840927 -0.114238
v -0.147053 0.830464 -0.071083
v 0.112724 0.850588 0.107697
v 0.142104 0.830464 -0.077704
v -0.022502 0.830464 0.160121
v 0.153654 0.850588 -0.028829
v -0.161636 0.830464 -0.022441
v 0.154778 0.850588 0.020271
v 0.027315 0.850588 0.153708
v -0.021785 0.850588 0.154832
v 0.112724 0.840927 0.107698
v 0.065418 0.845358 -0.138354
v 0.104705 0.845358 -0.111162
v 0.071647 0.845358 0.133715
v 0.071647 0.845358 0.133715
v 0.026556 0.845358 0.149516
v -0.135228 0.845358 0.071695
v -0.151029 0.845358 0.026604
v 0.019651 0.845358 -0.152075
v 0.109649 0.845358 0.104754
v 0.109649 0.845358 0.104754
v -0.106267 0.845358 0.109697
v -0.028117 0.845358 -0.150981
v 0.136841 0.845358 0.065466
v -0.073209 0.845358 -0.135180
v 0.150562 0.845358 0.019699
v -0.111210 0.845358 -0.106218
v 0.149468 0.845358 -0.028069
v -0.066979 0.845358 0.136889
v -0.138402 0.845358 -0.066931
v 0.133667 0.845358 -0.073160
v -0.021212 0.845358 0.150610
v -0.152123 0.845358 -0.021163
v 0.154778 0.840927 0.020271
v 0.140675 0.840927 0.067315
v 0.073663 0.850588 0.137467
v -0.138980 0.840927 0.073718
v -0.155222 0.840927 0.027369
v -0.155222 0.840927 0.027369
v -0.142243 0.850588 -0.068774
v -0.156346 0.850588 -0.021730
v 0.140675 0.850588 0.067315
v -0.021785 0.840927 0.154832
v -0.068828 0.840927 0.140729
v -0.155222 0.850588 0.027369
v -0.155222 0.850588 0.027369
v -0.138980 0.850588 0.073718
v -0.075231 0.840927 -0.138926
v -0.028883 0.840927 -0.155168
v -0.068828 0.850588 0.140729
v 0.027315 0.840927 0.153708
v -0.028883 0.850588 -0.155168
v -0.075231 0.850588 -0.138926
v 0.153654 0.840927 -0.028829
v -0.109211 0.840927 0.112779
v -0.109211 0.850588 0.112779
v 0.183008 0.609629 0.087682
v 0.201332 0.609629 0.026559
v 0.199872 0.609629 -0.037235
v 0.178769 0.609629 -0.097456
v 0.140090 0.609629 -0.148207
v 0.087621 0.609629 -0.184523
v 0.026498 0.609629 -0.202847
v -0.037296 0.609629 -0.201386
v -0.141389 0.773619 0.146464
v -0.089197 0.609629 0.183069
v -0.028074 0.609629 0.201393
v 0.035720 0.609629 0.199932
v 0.095941 0.609629 0.178830
v 0.146693 0.609629 0.140151
v -0.097516 0.609629 -0.180284
v -0.148268 0.609629 -0.141605
v -0.184584 0.609629 -0.089136
v -0.202908 0.609629 -0.028013
v -0.201447 0.609629 0.035781
v -0.201447 0.609629 0.035781
v -0.180345 0.609629 0.096002
v 0.001603 1.142390 0.002396
v 0.001603 0.909161 0.002396
v 0.116461 0.368759 0.111273
v 0.069498 0.368759 -0.146847
v 0.111212 0.368759 -0.117976
v -0.071074 0.368759 0.145393
v 0.076113 0.368759 0.142023
v 0.141962 0.368759 -0.077627
v -0.029812 0.368759 -0.160254
v -0.118037 0.368759 -0.112727
v -0.077688 0.368759 -0.143477
v -0.146908 0.368759 -0.071013
v -0.143538 0.368759 0.076173
v -0.022480 0.368759 0.159961
v -0.161476 0.368759 -0.022420
v 0.145332 0.368759 0.069559
v 0.028237 0.368759 0.158800
v -0.160315 0.368759 0.028298
v 0.159900 0.368759 0.020966
v -0.112788 0.368759 0.116522
v 0.020905 0.368759 -0.161415
v 0.158739 0.368759 -0.029752
v -0.179142 0.640226 0.085215
v -0.179142 0.640226 0.085215
v -0.129643 0.640226 0.150079
v -0.129643 0.640226 0.150079
v -0.179142 0.464067 0.085215
v -0.179142 0.464067 0.085215
v -0.129643 0.464067 0.150079
v -0.129643 0.464067 0.150079
v -0.255085 0.448863 0.142985
v -0.255085 0.448863 0.142985
v -0.255085 0.625023 0.142985
v -0.255085 0.625023 0.142985
v -0.205586 0.448863 0.207849
v -0.205586 0.448863 0.207849
v -0.205586 0.625023 0.207849
v -0.205586 0.625023 0.207849
v -0.408222 0.358073 0.259479
v -0.408222 0.358073 0.259479
v -0.408223 0.534233 0.259479
v -0.408223 0.534233 0.259479
v -0.358724 0.358073 0.324343
v -0.358724 0.358073 0.324343
v -0.358724 0.534233 0.324343
v -0.358724 0.534233 0.324343
v -0.583581 0.191906 0.392876
v -0.583581 0.191906 0.392876
v -0.583581 0.368066 0.392876
v -0.583581 0.368066 0.392876
v -0.534082 0.191906 0.457740
v -0.534082 0.191906 0.457740
v -0.534082 0.368066 0.457740
v -0.534082 0.368066 0.457740
v -0.759760 0.037705 0.526898
v -0.759760 0.037705 0.526898
v -0.749558 0.213865 0.519087
v -0.749558 0.213865 0.519087
v -0.710261 0.037705 0.591762
v -0.710261 0.037705 0.591762
v -0.700059 0.213865 0.583951
v -0.700059 0.213865 0.583951
v -0.985923 0.007454 0.701172
v -0.985923 0.007454 0.701172
v -0.985923 0.007454 0.701172
v -0.917605 0.182103 0.648865
v -0.917605 0.182103 0.648865
v -0.917605 0.182103 0.648865
v -0.939221 0.007454 0.762369
v -0.939221 0.007454 0.762369
v -0.939221 0.007454 0.762369
v -0.870904 0.182103 0.710063
v -0.870904 0.182103 0.710063
v -0.870904 0.182103 0.710063
v -0.166947 0.641639 0.101196
v -0.166947 0.462457 0.101196
v -0.242889 0.626436 0.158966
v -0.242889 0.447253 0.158966
v -0.396027 0.535645 0.275460
v -0.396027 0.356463 0.275460
v -0.571385 0.369478 0.408857
v -0.571385 0.190296 0.408857
v -0.737277 0.215278 0.535003
v -0.747565 0.036095 0.542879
v -0.908186 0.182809 0.664724
v -0.908186 0.182809 0.664724
v -0.977610 0.006649 0.717878
v -0.977610 0.006649 0.717878
v -0.181295 0.471848 0.082395
v -0.126200 0.471848 0.154591
v -0.257237 0.456644 0.140165
v -0.202142 0.456644 0.212361
v -0.410375 0.365854 0.256659
v -0.355280 0.365854 0.328855
v -0.585733 0.199687 0.390056
v -0.530638 0.199687 0.462252
v -0.761831 0.045486 0.524016
v -0.706736 0.045486 0.596212
v -0.989252 0.014430 0.701472
v -0.989252 0.014430 0.701472
v -0.939753 0.014430 0.766336
v -0.939753 0.014430 0.766336
v -0.982658 0.014430 0.721715
v 0.162193 0.640226 -0.080994
v 0.162193 0.640226 -0.080994
v 0.112694 0.640226 -0.145858
v 0.112694 0.640226 -0.145858
v 0.162193 0.464067 -0.080994
v 0.162193 0.464067 -0.080994
v 0.112694 0.464067 -0.145858
v 0.112694 0.464067 -0.145858
v 0.238135 0.448863 -0.138764
v 0.238135 0.448863 -0.138764
v 0.238135 0.625023 -0.138764
v 0.238135 0.625023 -0.138764
v 0.188636 0.448863 -0.203628
v 0.188636 0.448863 -0.203628
v 0.188636 0.625023 -0.203628
v 0.188636 0.625023 -0.203628
v 0.391273 0.358073 -0.255258
v 0.391273 0.358073 -0.255258
v 0.391273 0.534233 -0.255258
v 0.391273 0.534233 -0.255258
v 0.341774 0.358073 -0.320122
v 0.341774 0.358073 -0.320122
v 0.341774 0.534233 -0.320122
v 0.341774 0.534233 -0.320122
v 0.566631 0.191906 -0.388656
v 0.566631 0.191906 -0.388656
v 0.566631 0.368066 -0.388656
v 0.566631 0.368066 -0.388656
v 0.517132 0.191906 -0.453519
v 0.517132 0.191906 -0.453519
v 0.517132 0.368066 -0.453519
v 0.517132 0.368066 -0.453519
v 0.745605 0.037705 -0.524803
v 0.745605 0.037705 -0.524803
v 0.735815 0.213865 -0.517308
v 0.735815 0.213865 -0.517308
v 0.696106 0.037705 -0.589667
v 0.696106 0.037705 -0.589667
v 0.686316 0.213865 -0.582172
v 0.686316 0.213865 -0.582172
v 0.973164 0.007454 -0.700139
v 0.973164 0.007454 -0.700139
v 0.973164 0.007454 -0.700139
v 0.911387 0.182103 -0.652840
v 0.911387 0.182103 -0.652840
v 0.911387 0.182103 -0.652840
v 0.926463 0.007454 -0.761337
v 0.926463 0.007454 -0.761337
v 0.926463 0.007454 -0.761337
v 0.864686 0.182103 -0.714037
v 0.864686 0.182103 -0.714037
v 0.864686 0.182103 -0.714037
v 0.149997 0.641639 -0.096975
v 0.149997 0.462457 -0.096975
v 0.225940 0.626436 -0.154745
v 0.225940 0.447253 -0.154745
v 0.379078 0.535645 -0.271239
v 0.379078 0.356463 -0.271239
v 0.554436 0.369478 -0.404636
v 0.554436 0.190296 -0.404636
v 0.723537 0.215278 -0.533226
v 0.733409 0.036095 -0.540784
v 0.901051 0.182809 -0.668004
v 0.901051 0.182809 -0.668004
v 0.963455 0.006649 -0.715783
v 0.963455 0.006649 -0.715783
v 0.164345 0.471848 -0.078174
v 0.109250 0.471848 -0.150370
v 0.240287 0.456644 -0.135944
v 0.185193 0.456644 -0.208140
v 0.393425 0.365854 -0.252438
v 0.338331 0.365854 -0.324634
v 0.568783 0.199687 -0.385835
v 0.513689 0.199687 -0.458031
v 0.747679 0.045486 -0.521923
v 0.692584 0.045486 -0.594119
v 0.975152 0.014430 -0.699420
v 0.975152 0.014430 -0.699420
v 0.925653 0.014430 -0.764284
v 0.925653 0.014430 -0.764284
v 0.965771 0.014430 -0.717542
v -0.181295 0.609077 0.082395
v -0.126200 0.609076 0.154591
v -0.257237 0.593873 0.140165
v -0.202142 0.593873 0.212361
v -0.410375 0.503083 0.256659
v -0.355280 0.503083 0.328855
v -0.585733 0.336916 0.390056
v -0.530638 0.336916 0.462252
v -0.753601 0.182715 0.517715
v -0.698506 0.182715 0.589911
v -0.933234 0.151659 0.658583
v -0.933234 0.151659 0.658583
v -0.883735 0.151659 0.723447
v -0.883735 0.151659 0.723447
v -0.925313 0.151659 0.677809
v -0.181295 0.504325 0.082395
v -0.126200 0.504325 0.154591
v -0.257237 0.489122 0.140165
v -0.202142 0.489122 0.212361
v -0.410375 0.398331 0.256659
v -0.355280 0.398331 0.328855
v -0.585733 0.232164 0.390056
v -0.530638 0.232164 0.462252
v -0.759958 0.077964 0.522582
v -0.704863 0.077964 0.594778
v -0.976502 0.046908 0.691711
v -0.976502 0.046908 0.691711
v -0.927003 0.046908 0.756574
v -0.927003 0.046908 0.756574
v -0.969606 0.046908 0.711721
v -0.883035 0.006649 0.723193
v -0.883035 0.006649 0.723193
v -0.932534 0.006649 0.658329
v -0.932534 0.006649 0.658329
v -0.879879 0.182809 0.618014
v -0.879879 0.182809 0.618014
v -0.830380 0.182809 0.682878
v -0.830380 0.182809 0.682878
v -0.920338 0.005039 0.674310
v -0.867241 0.184222 0.633657
v -0.879171 0.014430 0.727384
v -0.934266 0.014430 0.655187
v -0.891788 0.151659 0.622664
v -0.836693 0.151659 0.694861
v -0.869503 0.046908 0.719981
v -0.924597 0.046908 0.647785
v 0.164345 0.609077 -0.078174
v 0.109250 0.609076 -0.150370
v 0.240287 0.593873 -0.135944
v 0.185193 0.593873 -0.208140
v 0.393425 0.503083 -0.252438
v 0.338331 0.503083 -0.324634
v 0.568783 0.336916 -0.385836
v 0.513689 0.336916 -0.458031
v 0.739781 0.182715 -0.515876
v 0.684687 0.182715 -0.588073
v 0.924805 0.151659 -0.660872
v 0.924805 0.151659 -0.660872
v 0.875306 0.151659 -0.725736
v 0.875306 0.151659 -0.725736
v 0.914832 0.151659 -0.678541
v 0.109250 0.504325 -0.150370
v 0.164345 0.504325 -0.078174
v 0.240287 0.489122 -0.135944
v 0.185193 0.489122 -0.208140
v 0.393425 0.398331 -0.252438
v 0.338331 0.398331 -0.324634
v 0.568783 0.232164 -0.385835
v 0.513689 0.232164 -0.458031
v 0.745881 0.077964 -0.520547
v 0.690787 0.077964 -0.592743
v 0.963693 0.046908 -0.690647
v 0.963693 0.046908 -0.690647
v 0.914194 0.046908 -0.755510
v 0.914194 0.046908 -0.755510
v 0.954177 0.046908 -0.708665
v 0.877262 0.006649 -0.727475
v 0.877262 0.006649 -0.727475
v 0.926761 0.006649 -0.662611
v 0.926761 0.006649 -0.662611
v 0.877078 0.182809 -0.624571
v 0.877078 0.182809 -0.624571
v 0.827579 0.182809 -0.689435
v 0.827579 0.182809 -0.689435
v 0.914565 0.005039 -0.678592
v 0.864465 0.184222 -0.640233
v 0.873422 0.014430 -0.731683
v 0.928516 0.014430 -0.659487
v 0.888436 0.151659 -0.628800
v 0.833341 0.151659 -0.700996
v 0.864299 0.046908 -0.724699
v 0.919394 0.046908 -0.652502
v -0.096324 0.640297 -0.185410
v -0.096324 0.640297 -0.185410
v -0.161187 0.640297 -0.135911
v -0.161187 0.640297 -0.135911
v -0.096324 0.464067 -0.185410
v -0.096324 0.464067 -0.185410
v -0.161187 0.464067 -0.135911
v -0.161187 0.464067 -0.135911
v -0.154094 0.448863 -0.261353
v -0.154094 0.448863 -0.261353
v -0.154094 0.625094 -0.261353
v -0.154094 0.625094 -0.261353
v -0.218957 0.448863 -0.211854
v -0.218957 0.448863 -0.211854
v -0.218957 0.625094 -0.211854
v -0.218957 0.625094 -0.211854
v -0.270588 0.358073 -0.414491
v -0.270588 0.358073 -0.414491
v -0.270588 0.534303 -0.414491
v -0.270588 0.534303 -0.414491
v -0.335451 0.358073 -0.364992
v -0.335451 0.358073 -0.364992
v -0.335451 0.534303 -0.364992
v -0.335451 0.534303 -0.364992
v -0.403985 0.191906 -0.589849
v -0.403985 0.191906 -0.589849
v -0.403985 0.368136 -0.589849
v -0.403985 0.368136 -0.589849
v -0.468848 0.191906 -0.540350
v -0.468848 0.191906 -0.540350
v -0.468848 0.368136 -0.540350
v -0.468848 0.368136 -0.540350
v -0.538538 0.037705 -0.766727
v -0.538538 0.037705 -0.766727
v -0.528069 0.213936 -0.753053
v -0.528069 0.213936 -0.753053
v -0.603402 0.037705 -0.717228
v -0.603402 0.037705 -0.717228
v -0.592933 0.213936 -0.703554
v -0.592933 0.213936 -0.703554
v -0.713077 0.007454 -0.993239
v -0.713077 0.007454 -0.993239
v -0.713077 0.007454 -0.993239
v -0.644025 0.182209 -0.903051
v -0.644025 0.182209 -0.903051
v -0.644025 0.182209 -0.903051
v -0.774274 0.007454 -0.946537
v -0.774274 0.007454 -0.946537
v -0.774274 0.007454 -0.946537
v -0.705223 0.182209 -0.856349
v -0.705223 0.182209 -0.856349
v -0.705223 0.182209 -0.856349
v -0.112304 0.641639 -0.173215
v -0.112304 0.462457 -0.173215
v -0.170075 0.626436 -0.249158
v -0.170075 0.447253 -0.249158
v -0.286569 0.535645 -0.402295
v -0.286569 0.356463 -0.402295
v -0.419966 0.369478 -0.577654
v -0.419966 0.190296 -0.577654
v -0.543967 0.215278 -0.740749
v -0.554519 0.036095 -0.754532
v -0.659468 0.182880 -0.893085
v -0.659468 0.182880 -0.893085
v -0.729518 0.006649 -0.984577
v -0.729518 0.006649 -0.984577
v -0.093503 0.471918 -0.187563
v -0.165700 0.471918 -0.132468
v -0.151274 0.456715 -0.263505
v -0.223469 0.456715 -0.208411
v -0.267767 0.365925 -0.416643
v -0.339964 0.365925 -0.361548
v -0.401165 0.199758 -0.592001
v -0.473361 0.199758 -0.536907
v -0.535630 0.045557 -0.768764
v -0.607826 0.045557 -0.713670
v -0.712948 0.014501 -0.996004
v -0.712948 0.014501 -0.996004
v -0.777812 0.014501 -0.946505
v -0.777812 0.014501 -0.946505
v -0.732657 0.014501 -0.988709
v -0.730524 0.047261 -0.875050
v -0.658327 0.047261 -0.930144
v -0.223469 0.489475 -0.208411
v -0.267767 0.398684 -0.416643
v -0.339964 0.398684 -0.361548
v -0.401165 0.232517 -0.592001
v -0.473361 0.232517 -0.536907
v -0.533691 0.078317 -0.766232
v -0.605887 0.078317 -0.711137
v -0.699972 0.047261 -0.979056
v -0.699972 0.047261 -0.979056
v -0.764836 0.047261 -0.929557
v -0.764836 0.047261 -0.929557
v -0.719412 0.047261 -0.971410
v -0.151274 0.489475 -0.263505
v -0.165700 0.504678 -0.132468
v -0.093503 0.504678 -0.187563
v -0.736427 0.006649 -0.892097
v -0.736427 0.006649 -0.892097
v -0.671563 0.006649 -0.941596
v -0.671563 0.006649 -0.941596
v -0.617768 0.182880 -0.871335
v -0.617768 0.182880 -0.871335
v -0.682632 0.182880 -0.821835
v -0.682632 0.182880 -0.821835
v -0.687544 0.005039 -0.929401
v -0.633320 0.184222 -0.858578
v -0.740487 0.014501 -0.888063
v -0.668291 0.014501 -0.943158
v -0.697018 0.152012 -0.831288
v -0.093503 0.609430 -0.187563
v -0.165700 0.609430 -0.132468
v -0.151274 0.594226 -0.263505
v -0.674872 0.152012 -0.913236
v -0.721198 0.152012 -0.872561
v -0.721198 0.152012 -0.872561
v -0.656334 0.152012 -0.922060
v -0.656334 0.152012 -0.922060
v -0.599367 0.183068 -0.702621
v -0.527170 0.183068 -0.757715
v -0.473361 0.337269 -0.536907
v -0.401165 0.337269 -0.592001
v -0.339964 0.503436 -0.361548
v -0.267767 0.503436 -0.416643
v -0.223469 0.594226 -0.208411
v -0.624821 0.152012 -0.886382
v 0.086031 0.640297 0.190633
v 0.086031 0.640297 0.190633
v 0.149954 0.640297 0.141852
v 0.149954 0.640297 0.141852
v 0.086031 0.464067 0.190633
v 0.086031 0.464067 0.190633
v 0.149954 0.464067 0.141852
v 0.149954 0.464067 0.141852
v 0.143801 0.448863 0.266575
v 0.143801 0.448863 0.266575
v 0.143801 0.625094 0.266576
v 0.143801 0.625094 0.266576
v 0.207725 0.448863 0.217794
v 0.207725 0.448863 0.217794
v 0.207725 0.625094 0.217794
v 0.207725 0.625094 0.217794
v 0.260295 0.358073 0.419713
v 0.260295 0.358073 0.419713
v 0.260295 0.534303 0.419713
v 0.260295 0.534303 0.419713
v 0.324218 0.358073 0.370932
v 0.324218 0.358073 0.370932
v 0.324218 0.534303 0.370932
v 0.324218 0.534303 0.370932
v 0.392295 0.193949 0.593236
v 0.392295 0.193949 0.593236
v 0.392295 0.370179 0.593236
v 0.392295 0.370179 0.593236
v 0.456218 0.193949 0.544455
v 0.456218 0.193949 0.544455
v 0.456219 0.370179 0.544455
v 0.456219 0.370179 0.544455
v 0.548952 0.008692 0.799171
v 0.548952 0.008692 0.799171
v 0.539743 0.184923 0.787143
v 0.539743 0.184923 0.787143
v 0.612876 0.008692 0.750389
v 0.612876 0.008692 0.750389
v 0.603667 0.184923 0.738361
v 0.603667 0.184923 0.738361
v 0.704567 0.007454 0.999829
v 0.704567 0.007454 0.999829
v 0.704567 0.007454 0.999829
v 0.645300 0.182209 0.922421
v 0.645300 0.182209 0.922421
v 0.645300 0.182209 0.922421
v 0.764354 0.007454 0.954205
v 0.764354 0.007454 0.954205
v 0.764354 0.007454 0.954205
v 0.705087 0.182209 0.876797
v 0.705087 0.182209 0.876797
v 0.705087 0.182209 0.876797
v 0.082271 0.471918 0.193502
v 0.154466 0.471918 0.138408
v 0.140041 0.456715 0.269445
v 0.212237 0.456715 0.214351
v 0.256535 0.365925 0.422583
v 0.328730 0.365925 0.367489
v 0.388535 0.201801 0.596105
v 0.460731 0.201801 0.541011
v 0.545114 0.016544 0.801939
v 0.617310 0.016544 0.746845
v 0.703615 0.014501 1.002489
v 0.703615 0.014501 1.002489
v 0.767538 0.014501 0.953708
v 0.767538 0.014501 0.953708
v 0.491884 0.053729 0.731965
v 0.564080 0.053729 0.676870
v 0.559568 0.222108 0.680314
v 0.559568 0.222108 0.680314
v 0.559568 0.045877 0.680313
v 0.559568 0.045877 0.680313
v 0.495644 0.222108 0.729095
v 0.495644 0.222108 0.729095
v 0.495645 0.045877 0.729095
v 0.495645 0.045877 0.729095
v 0.256535 0.398684 0.422583
v 0.328730 0.398684 0.367489
v 0.388535 0.234560 0.596105
v 0.460731 0.234560 0.541011
v 0.543409 0.049304 0.799712
v 0.615605 0.049304 0.744617
v 0.692505 0.047261 0.987978
v 0.692505 0.047261 0.987978
v 0.756428 0.047261 0.939197
v 0.756428 0.047261 0.939197
v 0.212237 0.489475 0.214351
v 0.140041 0.489475 0.269445
v 0.154466 0.504678 0.138408
v 0.082271 0.504678 0.193502
v 0.491884 0.086489 0.731965
v 0.564081 0.086489 0.676870
v 0.491884 0.191240 0.731964
v 0.082271 0.609430 0.193502
v 0.154466 0.609430 0.138408
v 0.140041 0.594226 0.269445
v 0.212237 0.594226 0.214351
v 0.719068 0.152012 0.890401
v 0.719068 0.152012 0.890401
v 0.655145 0.152012 0.939183
v 0.655145 0.152012 0.939183
v 0.609869 0.154055 0.737126
v 0.537673 0.154055 0.792220
v 0.460731 0.339312 0.541011
v 0.388535 0.339312 0.596105
v 0.328730 0.503436 0.367489
v 0.256535 0.503436 0.422583
v 0.564081 0.191240 0.676870
v 0.724109 0.047261 0.887315
v 0.651913 0.047261 0.942409
v 0.664772 0.006649 0.951423
v 0.664772 0.006649 0.951423
v 0.617781 0.182880 0.890048
v 0.617781 0.182880 0.890048
v 0.728695 0.006649 0.902641
v 0.728695 0.006649 0.902641
v 0.681705 0.182880 0.841267
v 0.681705 0.182880 0.841267
v 0.732812 0.014501 0.898682
v 0.660617 0.014501 0.953777
v 0.622646 0.152012 0.904182
v 0.694841 0.152012 0.849088
v -0.181025 0.634214 0.082747
v -0.126630 0.634214 0.154027
v -0.136979 0.641463 0.140466
v -0.136979 0.462658 0.140466
v -0.256968 0.619010 0.140518
v -0.202573 0.619010 0.211797
v -0.212921 0.626259 0.198237
v -0.212921 0.447455 0.198237
v -0.209995 0.638326 0.108685
v -0.209995 0.638326 0.108685
v -0.160497 0.638326 0.173549
v -0.160497 0.638326 0.173549
v -0.209995 0.462166 0.108685
v -0.209995 0.462166 0.108685
v -0.160497 0.462166 0.173549
v -0.160497 0.462166 0.173549
v -0.410106 0.528220 0.257011
v -0.355711 0.528220 0.328291
v -0.366059 0.535469 0.314731
v -0.366059 0.356664 0.314731
v -0.274561 0.414709 0.260319
v -0.274561 0.414709 0.260319
v -0.324059 0.414709 0.195455
v -0.324059 0.414709 0.195455
v -0.324059 0.590869 0.195455
v -0.324059 0.590869 0.195455
v -0.274561 0.590869 0.260319
v -0.274561 0.590869 0.260319
v -0.585464 0.362053 0.390409
v -0.531069 0.362053 0.461688
v -0.541417 0.369302 0.448128
v -0.541417 0.190497 0.448128
v -0.446616 0.457094 0.391204
v -0.446616 0.457094 0.391204
v -0.446616 0.280934 0.391204
v -0.446616 0.280934 0.391204
v -0.496115 0.280934 0.326340
v -0.496115 0.280934 0.326340
v -0.496115 0.457094 0.326340
v -0.496115 0.457094 0.326340
v -0.751806 0.207852 0.516899
v -0.697411 0.207852 0.588179
v -0.707319 0.215101 0.574282
v -0.717596 0.036296 0.582150
v -0.618995 0.279724 0.522329
v -0.618995 0.279724 0.522329
v -0.620271 0.103564 0.523305
v -0.620271 0.103564 0.523305
v -0.669770 0.103564 0.458441
v -0.669770 0.103564 0.458441
v -0.668494 0.279724 0.457465
v -0.668494 0.279724 0.457465
v -0.922366 0.176705 0.650647
v -0.922366 0.176705 0.650647
v -0.873346 0.176705 0.714883
v -0.873346 0.176705 0.714883
v -0.878150 0.182688 0.703481
v -0.878150 0.182688 0.703481
v -0.947385 0.006787 0.756490
v -0.947385 0.006787 0.756490
v -0.924657 0.006787 0.754245
v -0.924657 0.006787 0.754245
v -0.854506 0.010531 0.598973
v -0.854506 0.010531 0.598973
v -0.908962 0.182688 0.640461
v -0.908962 0.182688 0.640461
v -0.774195 0.186691 0.640246
v -0.774195 0.186691 0.640246
v -0.174390 0.641463 0.091443
v -0.174390 0.462658 0.091443
v -0.250332 0.626259 0.149213
v -0.250332 0.447455 0.149213
v -0.403470 0.535469 0.265707
v -0.403470 0.356664 0.265707
v -0.578828 0.369302 0.399104
v -0.578828 0.190497 0.399104
v -0.744731 0.215101 0.525258
v -0.755008 0.036296 0.533126
v -0.915198 0.182688 0.654933
v -0.915198 0.182688 0.654933
v -0.984433 0.006787 0.707942
v -0.984433 0.006787 0.707942
v -0.311864 0.413100 0.211436
v -0.197800 0.460556 0.124666
v -0.483920 0.279324 0.342321
v -0.962029 0.005241 0.706025
v -0.657574 0.101954 0.474422
v -0.914189 0.176796 0.669296
v -0.656288 0.281137 0.473438
v -0.896686 0.184045 0.655996
v -0.483920 0.458507 0.342321
v -0.197800 0.639739 0.124666
v -0.311864 0.592282 0.211436
v -0.181025 0.467454 0.082747
v -0.126630 0.467454 0.154027
v -0.256968 0.452251 0.140518
v -0.202573 0.452251 0.211797
v -0.410106 0.361460 0.257011
v -0.355711 0.361460 0.328291
v -0.585464 0.195293 0.390409
v -0.531069 0.195293 0.461688
v -0.761633 0.041092 0.524423
v -0.707238 0.041092 0.595703
v -0.989071 0.010141 0.701720
v -0.989071 0.010141 0.701720
v -0.940052 0.010141 0.765955
v -0.940052 0.010141 0.765955
v -0.982453 0.010036 0.721561
v -0.989400 0.014430 0.711429
v -0.921195 0.014430 0.758460
v -0.975590 0.014430 0.687180
v -0.951989 0.014430 0.760453
v -0.671911 0.111345 0.455613
v -0.616817 0.111345 0.527809
v -0.498267 0.288715 0.323520
v -0.271117 0.422491 0.264831
v -0.326212 0.422491 0.192635
v -0.443173 0.288715 0.395716
v -0.157053 0.469947 0.178061
v -0.212148 0.469947 0.105865
v 0.164076 0.634214 -0.078526
v 0.109250 0.479128 -0.150370
v 0.120029 0.641463 -0.136246
v 0.120029 0.462658 -0.136246
v 0.240018 0.619010 -0.136297
v 0.185623 0.619010 -0.207576
v 0.195971 0.626259 -0.194016
v 0.195971 0.447455 -0.194016
v 0.193046 0.638326 -0.104465
v 0.193046 0.638326 -0.104465
v 0.143547 0.638326 -0.169328
v 0.143547 0.638326 -0.169328
v 0.193046 0.462166 -0.104465
v 0.193046 0.462166 -0.104465
v 0.143547 0.462166 -0.169328
v 0.143547 0.462166 -0.169328
v 0.393156 0.528220 -0.252791
v 0.338761 0.528220 -0.324070
v 0.349109 0.535469 -0.310510
v 0.349109 0.356664 -0.310510
v 0.257611 0.414709 -0.256098
v 0.257611 0.414709 -0.256098
v 0.307110 0.414709 -0.191234
v 0.307110 0.414709 -0.191234
v 0.307110 0.590869 -0.191234
v 0.307110 0.590869 -0.191234
v 0.257611 0.590869 -0.256098
v 0.257611 0.590869 -0.256098
v 0.568514 0.362053 -0.386188
v 0.514119 0.362053 -0.457467
v 0.524467 0.369302 -0.443907
v 0.524467 0.190497 -0.443907
v 0.429667 0.457094 -0.386983
v 0.429667 0.457094 -0.386983
v 0.429667 0.280934 -0.386983
v 0.429667 0.280934 -0.386983
v 0.479165 0.280934 -0.322119
v 0.479165 0.280934 -0.322119
v 0.479166 0.457094 -0.322119
v 0.479166 0.457094 -0.322119
v 0.738048 0.207852 -0.515108
v 0.683653 0.207852 -0.586388
v 0.693579 0.215101 -0.572504
v 0.703441 0.036296 -0.580055
v 0.602447 0.279724 -0.518413
v 0.602447 0.279724 -0.518413
v 0.603670 0.103564 -0.519350
v 0.603670 0.103564 -0.519350
v 0.653169 0.103564 -0.454486
v 0.653169 0.103564 -0.454486
v 0.651946 0.279724 -0.453549
v 0.651946 0.279724 -0.453549
v 0.915144 0.176705 -0.653860
v 0.915144 0.176705 -0.653860
v 0.866125 0.176705 -0.718096
v 0.866125 0.176705 -0.718096
v 0.871172 0.182688 -0.706881
v 0.871172 0.182688 -0.706881
v 0.933468 0.006787 -0.754577
v 0.933468 0.006787 -0.754577
v 0.915921 0.006787 -0.756273
v 0.915921 0.006787 -0.756273
v 0.845589 0.010531 -0.600863
v 0.845589 0.010531 -0.600863
v 0.905317 0.182688 -0.646386
v 0.905317 0.182688 -0.646386
v 0.766630 0.186691 -0.643170
v 0.766630 0.186691 -0.643170
v 0.157440 0.641463 -0.087222
v 0.157440 0.462658 -0.087222
v 0.233383 0.626259 -0.144992
v 0.233383 0.447455 -0.144992
v 0.386520 0.535469 -0.261486
v 0.386520 0.356664 -0.261486
v 0.561878 0.369302 -0.394883
v 0.561878 0.190497 -0.394883
v 0.730990 0.215101 -0.523480
v 0.740852 0.036296 -0.531031
v 0.908220 0.182688 -0.658332
v 0.908220 0.182688 -0.658332
v 0.970517 0.006787 -0.706029
v 0.970517 0.006787 -0.706029
v 0.294915 0.413100 -0.207215
v 0.180851 0.460556 -0.120445
v 0.466970 0.279324 -0.338100
v 0.953113 0.005241 -0.707915
v 0.640974 0.101954 -0.470467
v 0.905130 0.176796 -0.671115
v 0.639740 0.281137 -0.469522
v 0.892960 0.184045 -0.661860
v 0.466970 0.458507 -0.338100
v 0.180851 0.639739 -0.120445
v 0.294915 0.592282 -0.207215
v 0.164076 0.467454 -0.078526
v 0.109681 0.467454 -0.149806
v 0.240018 0.452251 -0.136297
v 0.185623 0.452250 -0.207576
v 0.393156 0.361460 -0.252791
v 0.338761 0.361460 -0.324070
v 0.568514 0.195293 -0.386188
v 0.514119 0.195293 -0.457467
v 0.747478 0.041092 -0.522328
v 0.693083 0.041092 -0.593608
v 0.975162 0.010141 -0.699812
v 0.975162 0.010141 -0.699812
v 0.926143 0.010141 -0.764048
v 0.926143 0.010141 -0.764048
v 0.965860 0.010036 -0.717612
v 0.972862 0.014430 -0.707522
v 0.912320 0.014430 -0.760382
v 0.966714 0.014430 -0.689101
v 0.935451 0.014430 -0.756545
v 0.655312 0.111345 -0.451659
v 0.600217 0.111345 -0.523855
v 0.481318 0.288715 -0.319299
v 0.254168 0.422491 -0.260610
v 0.309262 0.422491 -0.188414
v 0.426223 0.288715 -0.391495
v 0.140104 0.469947 -0.173840
v 0.195198 0.469947 -0.101644
v -0.212148 0.607176 0.105865
v -0.326212 0.559719 0.192635
v -0.498267 0.425944 0.323520
v -0.670883 0.248574 0.454826
v -0.894810 0.151659 0.716674
v -0.923256 0.151659 0.647111
v -0.932221 0.151659 0.667650
v -0.868861 0.151659 0.718391
v -0.615788 0.248574 0.527022
v -0.271117 0.559719 0.264831
v -0.443173 0.425944 0.395716
v -0.157053 0.607176 0.178061
v -0.181295 0.479128 0.082395
v -0.126200 0.479128 0.154591
v -0.257237 0.463925 0.140165
v -0.202142 0.463925 0.212361
v -0.410375 0.373134 0.256659
v -0.355280 0.373134 0.328855
v -0.585733 0.206967 0.390056
v -0.530638 0.206967 0.462252
v -0.761475 0.052766 0.523743
v -0.706380 0.052766 0.595939
v -0.986826 0.021710 0.699616
v -0.986826 0.021710 0.699616
v -0.937327 0.021710 0.764479
v -0.937327 0.021710 0.764479
v -0.980175 0.021710 0.719814
v -0.157053 0.502425 0.178061
v -0.443173 0.321193 0.395716
v -0.271117 0.454968 0.264831
v -0.616583 0.143822 0.527630
v -0.909284 0.046908 0.749340
v -0.212148 0.502425 0.105865
v -0.326212 0.454968 0.192635
v -0.498267 0.321193 0.323520
v -0.671677 0.143822 0.455434
v -0.938975 0.046908 0.750488
v -0.963679 0.046908 0.678060
v -0.976386 0.046908 0.701465
v -0.805007 0.010531 0.663836
v -0.805007 0.010531 0.663836
v -0.973677 0.006787 0.690009
v -0.973677 0.006787 0.690009
v -0.823695 0.186691 0.575382
v -0.823695 0.186691 0.575382
v -0.859942 0.182688 0.704697
v -0.859942 0.182688 0.704697
v -0.842311 0.008921 0.614954
v -0.811240 0.188104 0.591165
v -0.801318 0.018312 0.668160
v -0.856412 0.018312 0.595964
v -0.831556 0.155541 0.576933
v -0.776461 0.155541 0.649130
v -0.795660 0.050790 0.663829
v -0.850755 0.050790 0.591633
v -0.877332 0.021710 0.725975
v -0.883645 0.176796 0.616989
v -0.932427 0.021710 0.653779
v -0.879969 0.010036 0.727101
v -0.927781 0.005241 0.664557
v -0.837328 0.184045 0.672970
v -0.829250 0.176796 0.688268
v -0.934364 0.010036 0.655821
v -0.890370 0.005241 0.713581
v -0.874739 0.184045 0.623946
v 0.109681 0.634214 -0.149806
v 0.195198 0.607176 -0.101644
v 0.309262 0.559719 -0.188414
v 0.481318 0.425944 -0.319299
v 0.654324 0.248574 -0.450903
v 0.884586 0.151659 -0.717600
v 0.918539 0.151659 -0.652216
v 0.921997 0.151659 -0.668577
v 0.864144 0.151659 -0.723496
v 0.599230 0.248574 -0.523099
v 0.254168 0.559719 -0.260610
v 0.426223 0.425944 -0.391495
v 0.140104 0.607176 -0.173840
v 0.164345 0.479128 -0.078174
v 0.240287 0.463925 -0.135944
v 0.185193 0.463925 -0.208140
v 0.393425 0.373134 -0.252438
v 0.338331 0.373134 -0.324634
v 0.568783 0.206967 -0.385836
v 0.513689 0.206967 -0.458031
v 0.747337 0.052766 -0.521661
v 0.692242 0.052766 -0.593858
v 0.972972 0.021710 -0.697751
v 0.972972 0.021710 -0.697751
v 0.923473 0.021710 -0.762615
v 0.923473 0.021710 -0.762615
v 0.963566 0.021710 -0.715854
v 0.140104 0.502425 -0.173840
v 0.426223 0.321193 -0.391495
v 0.254168 0.454968 -0.260610
v 0.599993 0.143822 -0.523683
v 0.901355 0.046908 -0.751986
v 0.195198 0.502425 -0.101644
v 0.309262 0.454968 -0.188414
v 0.481318 0.321193 -0.319299
v 0.655087 0.143822 -0.451487
v 0.923874 0.046908 -0.747681
v 0.955750 0.046908 -0.680707
v 0.961285 0.046908 -0.698658
v 0.796091 0.010531 -0.665727
v 0.796091 0.010531 -0.665727
v 0.964941 0.006787 -0.692037
v 0.964941 0.006787 -0.692037
v 0.816129 0.186691 -0.578306
v 0.816129 0.186691 -0.578306
v 0.856297 0.182688 -0.710622
v 0.856297 0.182688 -0.710622
v 0.833394 0.008921 -0.616844
v 0.803685 0.188104 -0.594098
v 0.792412 0.018312 -0.670059
v 0.847507 0.018312 -0.597862
v 0.823740 0.155541 -0.579666
v 0.768645 0.155541 -0.651862
v 0.787003 0.050790 -0.665917
v 0.842097 0.050790 -0.593721
v 0.871686 0.021710 -0.730355
v 0.880738 0.176796 -0.623464
v 0.926781 0.021710 -0.658158
v 0.874199 0.010036 -0.731385
v 0.922008 0.005241 -0.668839
v 0.834548 0.184045 -0.679543
v 0.826343 0.176796 -0.694744
v 0.928594 0.010036 -0.660105
v 0.884597 0.005241 -0.717862
v 0.871960 0.184045 -0.630520
v -0.151575 0.641471 -0.143247
v -0.151575 0.462658 -0.143247
v -0.209345 0.626268 -0.219189
v -0.209345 0.447455 -0.219189
v -0.119794 0.638397 -0.216264
v -0.119794 0.638397 -0.216264
v -0.184657 0.638397 -0.166765
v -0.184657 0.638397 -0.166765
v -0.119794 0.462166 -0.216264
v -0.119794 0.462166 -0.216264
v -0.184657 0.462166 -0.166765
v -0.184657 0.462166 -0.166765
v -0.325839 0.535478 -0.372327
v -0.325839 0.356664 -0.372327
v -0.271427 0.414709 -0.280829
v -0.271427 0.414709 -0.280829
v -0.206564 0.414709 -0.330328
v -0.206564 0.414709 -0.330328
v -0.206564 0.590940 -0.330328
v -0.206564 0.590940 -0.330328
v -0.271427 0.590940 -0.280829
v -0.271427 0.590940 -0.280829
v -0.602672 0.051143 -0.856947
v -0.459236 0.369311 -0.547685
v -0.459236 0.190497 -0.547685
v -0.402312 0.457165 -0.452884
v -0.402312 0.457165 -0.452884
v -0.402312 0.280934 -0.452884
v -0.402312 0.280934 -0.452884
v -0.337449 0.280934 -0.502383
v -0.337449 0.280934 -0.502383
v -0.337449 0.457165 -0.502383
v -0.337449 0.457165 -0.502383
v -0.583248 0.215110 -0.710794
v -0.593790 0.036296 -0.724563
v -0.533171 0.279795 -0.624917
v -0.533171 0.279795 -0.624917
v -0.534480 0.103564 -0.626626
v -0.534480 0.103564 -0.626626
v -0.469616 0.103564 -0.676125
v -0.469616 0.103564 -0.676125
v -0.468308 0.279795 -0.674416
v -0.468308 0.279795 -0.674416
v -0.698297 0.182765 -0.863143
v -0.698297 0.182765 -0.863143
v -0.768175 0.006787 -0.954411
v -0.768175 0.006787 -0.954411
v -0.766915 0.006787 -0.932978
v -0.766915 0.006787 -0.932978
v -0.611609 0.010531 -0.862783
v -0.611609 0.010531 -0.862783
v -0.636968 0.182765 -0.896173
v -0.636968 0.182765 -0.896173
v -0.644884 0.186762 -0.772026
v -0.644884 0.186762 -0.772026
v -0.102551 0.641472 -0.180658
v -0.102551 0.462658 -0.180658
v -0.160322 0.626268 -0.256600
v -0.160322 0.447455 -0.256600
v -0.276816 0.535478 -0.409738
v -0.276815 0.356664 -0.409738
v -0.410213 0.369311 -0.585096
v -0.410213 0.190497 -0.585096
v -0.534224 0.215110 -0.748205
v -0.544766 0.036296 -0.761974
v -0.649748 0.182765 -0.900191
v -0.649748 0.182765 -0.900191
v -0.719627 0.006787 -0.991460
v -0.719627 0.006787 -0.991460
v -0.222545 0.413100 -0.318132
v -0.135775 0.460556 -0.204068
v -0.353430 0.279324 -0.490188
v -0.718661 0.005240 -0.970306
v -0.485597 0.101954 -0.663930
v -0.484278 0.281137 -0.662207
v -0.652353 0.184054 -0.883701
v -0.353430 0.458507 -0.490188
v -0.135775 0.639739 -0.204068
v -0.222545 0.592282 -0.318132
v -0.093856 0.467463 -0.187294
v -0.165136 0.467463 -0.132898
v -0.151626 0.452259 -0.263236
v -0.222905 0.452259 -0.208841
v -0.268120 0.361469 -0.416374
v -0.339400 0.361469 -0.361979
v -0.401517 0.195302 -0.591732
v -0.472796 0.195302 -0.537337
v -0.536060 0.041101 -0.768596
v -0.607339 0.041101 -0.714201
v -0.713384 0.010150 -0.996071
v -0.713384 0.010150 -0.996071
v -0.777620 0.010150 -0.947052
v -0.777620 0.010150 -0.947052
v -0.732715 0.010045 -0.988781
v -0.722438 0.014501 -0.995539
v -0.770939 0.014501 -0.929267
v -0.699659 0.014501 -0.983662
v -0.771461 0.014501 -0.958128
v -0.466785 0.111416 -0.678263
v -0.538981 0.111416 -0.623169
v -0.334629 0.288786 -0.504536
v -0.275940 0.422561 -0.277385
v -0.203744 0.422561 -0.332480
v -0.406824 0.288786 -0.449441
v -0.189170 0.470018 -0.163321
v -0.116974 0.470018 -0.218416
v -0.709226 0.047261 -0.978284
v -0.687462 0.047261 -0.967731
v -0.758250 0.047261 -0.940873
v -0.466543 0.144176 -0.677947
v -0.334629 0.321546 -0.504536
v -0.116974 0.502778 -0.218416
v -0.674869 0.051143 -0.801852
v -0.189170 0.502778 -0.163321
v -0.406825 0.321546 -0.449441
v -0.275940 0.455321 -0.277385
v -0.538739 0.144176 -0.622852
v -0.758742 0.047261 -0.913336
v -0.203744 0.455321 -0.332480
v -0.666368 0.021922 -0.940646
v -0.223469 0.464136 -0.208411
v -0.267768 0.373346 -0.416643
v -0.339964 0.373346 -0.361548
v -0.401165 0.207179 -0.592001
v -0.473361 0.207179 -0.536907
v -0.535256 0.052978 -0.768276
v -0.607452 0.052978 -0.713181
v -0.710443 0.021922 -0.992733
v -0.710443 0.021922 -0.992733
v -0.775307 0.021922 -0.943233
v -0.775307 0.021922 -0.943233
v -0.730100 0.021922 -0.985370
v -0.151274 0.464136 -0.263505
v -0.165700 0.479340 -0.132468
v -0.093503 0.479340 -0.187563
v -0.093856 0.634426 -0.187294
v -0.165136 0.634426 -0.132898
v -0.151626 0.619222 -0.263236
v -0.663958 0.177008 -0.898978
v -0.710240 0.176921 -0.859046
v -0.710240 0.176921 -0.859046
v -0.646004 0.176921 -0.908066
v -0.646004 0.176921 -0.908066
v -0.597247 0.208064 -0.701019
v -0.525967 0.208064 -0.755414
v -0.472796 0.362265 -0.537337
v -0.401517 0.362265 -0.591732
v -0.339400 0.528432 -0.361979
v -0.268120 0.528432 -0.416374
v -0.222905 0.619222 -0.208841
v -0.676473 0.010531 -0.813284
v -0.676473 0.010531 -0.813284
v -0.702679 0.006787 -0.981998
v -0.702679 0.006787 -0.981998
v -0.580020 0.186762 -0.821525
v -0.580020 0.186762 -0.821525
v -0.701204 0.182765 -0.847153
v -0.701204 0.182765 -0.847153
v -0.627590 0.008921 -0.850587
v -0.595749 0.188104 -0.809000
v -0.680720 0.018383 -0.809494
v -0.608523 0.018383 -0.864588
v -0.617178 0.177008 -0.875671
v -0.740319 0.010045 -0.889010
v -0.738564 0.021922 -0.885551
v -0.677791 0.005241 -0.936843
v -0.672644 0.184054 -0.828680
v -0.669039 0.010045 -0.943405
v -0.726815 0.005241 -0.899432
v -0.623620 0.184054 -0.866091
v -0.688458 0.177008 -0.821275
v -0.655194 0.155894 -0.776155
v -0.203744 0.560073 -0.332480
v -0.717725 0.152012 -0.859764
v -0.537924 0.248927 -0.621787
v -0.275940 0.560073 -0.277385
v -0.406825 0.426297 -0.449441
v -0.189170 0.607529 -0.163321
v -0.116974 0.607529 -0.218416
v -0.334629 0.426297 -0.504536
v -0.465728 0.248927 -0.676882
v -0.713823 0.152012 -0.882846
v -0.646445 0.152012 -0.914159
v -0.664799 0.152012 -0.920257
v -0.582998 0.155894 -0.831249
v 0.140460 0.641471 0.149097
v 0.140460 0.462658 0.149097
v 0.198230 0.626268 0.225039
v 0.198230 0.447455 0.225039
v 0.109501 0.638397 0.221486
v 0.109501 0.638397 0.221486
v 0.173425 0.638397 0.172705
v 0.173425 0.638397 0.172705
v 0.173425 0.462166 0.172705
v 0.173425 0.462166 0.172705
v 0.109501 0.462166 0.221486
v 0.109501 0.462166 0.221486
v 0.550073 0.044469 0.687559
v 0.492354 0.049273 0.731606
v 0.503635 0.223282 0.722997
v 0.314724 0.535478 0.378177
v 0.314724 0.356664 0.378177
v 0.196271 0.414709 0.335550
v 0.196271 0.414709 0.335550
v 0.196271 0.590940 0.335550
v 0.196271 0.590940 0.335550
v 0.260194 0.414709 0.286769
v 0.260194 0.414709 0.286769
v 0.260194 0.590940 0.286769
v 0.260194 0.590940 0.286769
v 0.550074 0.223282 0.687559
v 0.503635 0.044469 0.722997
v 0.446724 0.371354 0.551700
v 0.446724 0.192540 0.551700
v 0.326981 0.457420 0.507377
v 0.326981 0.457420 0.507377
v 0.390904 0.457420 0.458595
v 0.390904 0.457420 0.458595
v 0.390904 0.281189 0.458595
v 0.390904 0.281189 0.458595
v 0.326981 0.281189 0.507377
v 0.326981 0.281189 0.507377
v 0.563516 0.049273 0.677300
v 0.702842 0.047261 0.984966
v 0.448171 0.117290 0.674501
v 0.594108 0.186097 0.745523
v 0.603381 0.007284 0.757635
v 0.519276 0.016405 0.760161
v 0.519276 0.016405 0.760161
v 0.451931 0.285668 0.671631
v 0.451931 0.285668 0.671631
v 0.583200 0.016405 0.711379
v 0.583200 0.016405 0.711379
v 0.515855 0.285668 0.622850
v 0.515855 0.285668 0.622850
v 0.520367 0.117290 0.619406
v 0.698156 0.182765 0.883337
v 0.698156 0.182765 0.883337
v 0.758010 0.006787 0.961512
v 0.758010 0.006787 0.961512
v 0.582049 0.192635 0.709875
v 0.582049 0.192635 0.709875
v 0.515855 0.109438 0.622850
v 0.515855 0.109438 0.622850
v 0.094021 0.641471 0.184535
v 0.094021 0.462658 0.184535
v 0.151791 0.626268 0.260478
v 0.151792 0.447455 0.260478
v 0.268285 0.535478 0.413616
v 0.268285 0.356664 0.413616
v 0.400286 0.371354 0.587138
v 0.400286 0.192540 0.587138
v 0.547669 0.186097 0.780961
v 0.556942 0.007284 0.793073
v 0.652254 0.182765 0.918366
v 0.652254 0.182765 0.918366
v 0.712108 0.006787 0.996541
v 0.712108 0.006787 0.996541
v 0.518125 0.192635 0.758657
v 0.518125 0.192635 0.758657
v 0.082741 0.467463 0.193144
v 0.153902 0.467463 0.138839
v 0.451931 0.109438 0.671631
v 0.451931 0.109438 0.671631
v 0.140511 0.452259 0.269086
v 0.211673 0.452259 0.214781
v 0.257005 0.361469 0.422224
v 0.328166 0.361469 0.367919
v 0.389005 0.197345 0.595747
v 0.460167 0.197345 0.541442
v 0.545652 0.012088 0.801669
v 0.616814 0.012088 0.747364
v 0.704133 0.010150 1.002496
v 0.704133 0.010150 1.002496
v 0.767347 0.010150 0.954256
v 0.767347 0.010150 0.954256
v 0.714105 0.014501 0.999677
v 0.760543 0.014501 0.964239
v 0.587703 0.024257 0.707923
v 0.323221 0.289041 0.510246
v 0.395417 0.289041 0.455152
v 0.515507 0.024257 0.763017
v 0.264707 0.422561 0.283326
v 0.192511 0.422561 0.338420
v 0.105741 0.470018 0.224356
v 0.177937 0.470018 0.169261
v 0.669375 0.047516 0.815332
v 0.749280 0.047261 0.949528
v 0.323221 0.321801 0.510246
v 0.515293 0.057017 0.762739
v 0.105741 0.502778 0.224356
v 0.520367 0.150049 0.619406
v 0.192511 0.455321 0.338420
v 0.177937 0.502778 0.169261
v 0.264707 0.455321 0.283326
v 0.395417 0.321801 0.455152
v 0.587490 0.057017 0.707644
v 0.680589 0.047261 0.979145
v 0.695040 0.006787 0.990543
v 0.695040 0.006787 0.990543
v 0.578566 0.183135 0.838335
v 0.578566 0.183135 0.838335
v 0.758255 0.006787 0.942303
v 0.758255 0.006787 0.942303
v 0.642490 0.183135 0.789554
v 0.642490 0.183135 0.789554
v 0.762297 0.014501 0.938615
v 0.691135 0.014501 0.992919
v 0.448171 0.150049 0.674501
v 0.256535 0.373346 0.422583
v 0.328730 0.373346 0.367489
v 0.388535 0.209222 0.596105
v 0.460731 0.209222 0.541011
v 0.544785 0.023965 0.801509
v 0.616981 0.023965 0.746415
v 0.701470 0.021922 0.999688
v 0.701470 0.021922 0.999688
v 0.765394 0.021922 0.950907
v 0.765394 0.021922 0.950907
v 0.212237 0.464136 0.214351
v 0.140041 0.464136 0.269445
v 0.154466 0.479340 0.138408
v 0.082271 0.479340 0.193502
v 0.564080 0.061150 0.676870
v 0.492354 0.216236 0.731606
v 0.082741 0.634426 0.193144
v 0.153902 0.634426 0.138839
v 0.140511 0.619222 0.269086
v 0.211673 0.619222 0.214781
v 0.709635 0.176921 0.878877
v 0.709635 0.176921 0.878877
v 0.646420 0.176921 0.927118
v 0.646420 0.176921 0.927118
v 0.607937 0.179051 0.735768
v 0.536774 0.179051 0.790074
v 0.460167 0.364308 0.541442
v 0.389005 0.364308 0.595747
v 0.328166 0.528432 0.367919
v 0.257005 0.528432 0.422224
v 0.491884 0.061150 0.731965
v 0.563517 0.216236 0.677301
v 0.711405 0.152012 0.900059
v 0.645125 0.152012 0.932824
v 0.586773 0.161768 0.706708
v 0.395417 0.426553 0.455152
v 0.264707 0.560073 0.283326
v 0.177937 0.607529 0.169261
v 0.192511 0.560073 0.338420
v 0.520367 0.254801 0.619406
v 0.105741 0.607529 0.224356
v 0.514576 0.161768 0.761802
v 0.323221 0.426552 0.510246
v 0.652094 0.152268 0.792762
v 0.664966 0.152012 0.935497
v 0.448171 0.254801 0.674501
v 0.751751 0.047261 0.924840
v 0.597179 0.047516 0.870426
v 0.606311 0.006905 0.874573
v 0.606311 0.006905 0.874573
v 0.638204 0.182765 0.916309
v 0.638204 0.182765 0.916309
v 0.670235 0.006905 0.825792
v 0.670235 0.006905 0.825792
v 0.701418 0.182765 0.868069
v 0.701418 0.182765 0.868069
v 0.674514 0.014756 0.822044
v 0.602318 0.014756 0.877138
v 0.579898 0.152268 0.847856
v 0.716286 0.152012 0.878520
v 0.687293 0.177008 0.840397
v 0.616132 0.177008 0.894702
v 0.658937 0.021922 0.951583
v 0.731133 0.021922 0.896488
v 0.672762 0.005241 0.945325
v 0.671882 0.184054 0.848084
v 0.625444 0.184054 0.883522
v 0.719200 0.005241 0.909887
v 0.661432 0.010045 0.953869
v 0.732594 0.010045 0.899564
v -0.319307 0.592106 0.201683
v -0.281896 0.413301 0.250707
v -0.205243 0.639562 0.114913
v -0.211878 0.465553 0.106218
v -0.167832 0.460758 0.163937
v -0.157484 0.632313 0.177497
v -0.443603 0.451081 0.395152
v -0.325943 0.418097 0.192988
v -0.271548 0.584857 0.264267
v -0.453951 0.279525 0.381592
v -0.491363 0.458330 0.332568
v -0.497998 0.284321 0.323873
v -0.904095 0.183875 0.646290
v -0.932026 0.005434 0.745153
v -0.616028 0.273711 0.526312
v -0.627606 0.102156 0.513693
v -0.663732 0.280960 0.463686
v -0.671651 0.106951 0.455973
v -0.951864 0.010063 0.760244
v -0.975693 0.010063 0.687797
v -0.859520 0.176773 0.710379
v -0.626321 0.280960 0.512709
v -0.866775 0.183875 0.695195
v -0.453951 0.458330 0.381592
v -0.167832 0.639562 0.163937
v -0.281896 0.592105 0.250707
v -0.319307 0.413301 0.201683
v -0.205243 0.460758 0.114913
v -0.491363 0.279525 0.332568
v -0.969346 0.005434 0.696249
v -0.665017 0.102155 0.464669
v -0.989185 0.010063 0.711340
v -0.986925 0.021710 0.709534
v -0.921972 0.010063 0.758194
v -0.973324 0.021710 0.685445
v -0.949514 0.021710 0.758557
v -0.671867 0.118625 0.455579
v -0.617256 0.106951 0.527252
v -0.498267 0.295995 0.323520
v -0.271548 0.418097 0.264267
v -0.326212 0.429771 0.192635
v -0.443603 0.284321 0.395152
v -0.157484 0.465553 0.177497
v -0.212147 0.477227 0.105865
v 0.302357 0.592105 -0.197462
v 0.264946 0.413301 -0.246486
v 0.188293 0.639562 -0.110692
v 0.194929 0.465553 -0.101997
v 0.150882 0.460757 -0.159716
v 0.140534 0.632313 -0.173276
v 0.426654 0.451081 -0.390931
v 0.308993 0.418097 -0.188767
v 0.254598 0.584857 -0.260046
v 0.437002 0.279525 -0.377371
v 0.474413 0.458330 -0.328347
v 0.481049 0.284321 -0.319652
v 0.900394 0.183875 -0.652173
v 0.923155 0.005434 -0.747078
v 0.599477 0.273711 -0.522395
v 0.611005 0.102156 -0.509738
v 0.647184 0.280960 -0.459770
v 0.655051 0.106951 -0.452018
v 0.935608 0.010063 -0.756551
v 0.966827 0.010063 -0.689726
v 0.855604 0.176773 -0.716098
v 0.609773 0.280960 -0.508794
v 0.863074 0.183875 -0.701078
v 0.437002 0.458330 -0.377371
v 0.150882 0.639562 -0.159716
v 0.264946 0.592105 -0.246486
v 0.302357 0.413301 -0.197462
v 0.188293 0.460757 -0.110692
v 0.474413 0.279525 -0.328347
v 0.960475 0.005434 -0.698173
v 0.648417 0.102155 -0.460714
v 0.972928 0.010063 -0.707646
v 0.970660 0.021710 -0.705836
v 0.913105 0.010063 -0.760123
v 0.964629 0.021710 -0.687505
v 0.933249 0.021710 -0.754859
v 0.655269 0.118625 -0.451626
v 0.600656 0.106951 -0.523297
v 0.481318 0.295995 -0.319299
v 0.254598 0.418097 -0.260046
v 0.309262 0.429771 -0.188414
v 0.426654 0.284321 -0.390931
v 0.140534 0.465553 -0.173276
v 0.195198 0.477227 -0.101644
v -0.211878 0.632313 0.106218
v -0.325943 0.584857 0.192988
v -0.497998 0.451081 0.323873
v -0.670423 0.273711 0.455032
v -0.883801 0.176773 0.708132
v -0.913242 0.176773 0.639982
v -0.921121 0.176773 0.659228
v -0.157053 0.477227 0.178061
v -0.443173 0.295995 0.395716
v -0.271117 0.429771 0.264831
v -0.616773 0.118625 0.527775
v -0.918929 0.021710 0.756725
v -0.800241 0.025592 0.667337
v -0.826680 0.180678 0.573758
v -0.855336 0.025592 0.595140
v -0.801963 0.013918 0.667761
v -0.849753 0.009123 0.605201
v -0.781304 0.187927 0.630460
v -0.772284 0.180678 0.645038
v -0.856358 0.013919 0.596481
v -0.812342 0.009123 0.654224
v -0.818715 0.187927 0.581437
v 0.194929 0.632313 -0.101997
v 0.308993 0.584857 -0.188767
v 0.481049 0.451081 -0.319652
v 0.653872 0.273711 -0.451115
v 0.874972 0.176773 -0.710125
v 0.909326 0.176773 -0.645700
v 0.912292 0.176773 -0.661221
v 0.140104 0.477227 -0.173840
v 0.426223 0.295995 -0.391495
v 0.254168 0.429771 -0.260610
v 0.600174 0.118625 -0.523822
v 0.910234 0.021710 -0.758785
v 0.791383 0.025592 -0.669271
v 0.819065 0.180678 -0.576645
v 0.846477 0.025592 -0.597075
v 0.793048 0.013918 -0.669652
v 0.840837 0.009123 -0.607091
v 0.773748 0.187927 -0.633392
v 0.764670 0.180678 -0.647925
v 0.847443 0.013919 -0.598373
v 0.803426 0.009123 -0.656115
v 0.811159 0.187927 -0.584368
v -0.212792 0.592114 -0.325575
v -0.261815 0.413301 -0.288164
v -0.126022 0.639571 -0.211511
v -0.117326 0.465562 -0.218147
v -0.175045 0.460758 -0.174100
v -0.768585 0.021922 -0.926192
v -0.204096 0.418106 -0.332211
v -0.392700 0.279525 -0.460220
v -0.343677 0.458339 -0.497631
v -0.334981 0.284330 -0.504267
v -0.642672 0.183893 -0.891142
v -0.757798 0.005434 -0.940314
v -0.524868 0.102155 -0.633961
v -0.474526 0.280969 -0.669651
v -0.467147 0.106960 -0.678006
v -0.771463 0.010071 -0.958277
v -0.700422 0.010071 -0.983955
v -0.523550 0.280969 -0.632240
v -0.691576 0.183893 -0.853822
v -0.392700 0.458339 -0.460220
v -0.175045 0.639571 -0.174100
v -0.261815 0.592114 -0.288164
v -0.212792 0.413301 -0.325575
v -0.126022 0.460758 -0.211511
v -0.343677 0.279525 -0.497631
v -0.708893 0.005434 -0.977634
v -0.475844 0.102155 -0.671373
v -0.722558 0.010071 -0.995597
v -0.770819 0.010071 -0.930234
v -0.719888 0.021922 -0.992209
v -0.636969 0.176987 -0.901079
v -0.538427 0.106960 -0.623612
v -0.768911 0.021922 -0.954798
v -0.466738 0.118837 -0.678202
v -0.275376 0.418106 -0.277816
v -0.334629 0.296207 -0.504535
v -0.406260 0.284330 -0.449872
v -0.188606 0.465562 -0.163752
v -0.116974 0.477439 -0.218416
v -0.697305 0.021922 -0.980587
v -0.189170 0.477439 -0.163321
v -0.406825 0.296207 -0.449441
v -0.275940 0.429983 -0.277385
v -0.538934 0.118837 -0.623107
v -0.707366 0.176987 -0.847358
v -0.203744 0.429983 -0.332480
v -0.607394 0.025804 -0.863113
v -0.679590 0.025804 -0.808018
v -0.680388 0.013927 -0.810227
v -0.617837 0.009123 -0.858030
v -0.635051 0.187936 -0.779073
v -0.609108 0.013927 -0.864622
v -0.666861 0.009123 -0.820619
v -0.586027 0.187936 -0.816484
v -0.649935 0.180890 -0.770453
v -0.204096 0.585068 -0.332211
v -0.537165 0.273923 -0.621964
v -0.275376 0.585068 -0.277816
v -0.406260 0.451293 -0.449871
v -0.188606 0.632525 -0.163752
v -0.117326 0.632525 -0.218147
v -0.334981 0.451293 -0.504267
v -0.465886 0.273923 -0.676359
v -0.702883 0.176986 -0.868705
v -0.653978 0.176986 -0.906026
v -0.578655 0.180890 -0.824848
v 0.163930 0.460757 0.179950
v 0.117491 0.639571 0.215389
v 0.762126 0.010071 0.939515
v 0.106211 0.465562 0.223997
v 0.334972 0.458594 0.501279
v 0.192981 0.418106 0.338061
v 0.250700 0.413301 0.294014
v 0.204261 0.592114 0.329453
v 0.573705 0.014996 0.718625
v 0.515985 0.019801 0.762670
v 0.323691 0.284585 0.509887
v 0.381410 0.279781 0.465841
v 0.526107 0.193810 0.752549
v 0.760572 0.010071 0.964425
v 0.691960 0.010071 0.993060
v 0.749213 0.005434 0.949492
v 0.645645 0.183892 0.910036
v 0.691950 0.183892 0.874700
v 0.572546 0.193810 0.717111
v 0.250700 0.592114 0.294014
v 0.381410 0.458594 0.465841
v 0.163930 0.639571 0.179950
v 0.117492 0.460757 0.215388
v 0.204262 0.413301 0.329453
v 0.527267 0.014996 0.754063
v 0.334972 0.279781 0.501279
v 0.714268 0.010071 0.999761
v 0.702909 0.005434 0.984828
v 0.448171 0.124711 0.674501
v 0.711931 0.021922 0.996837
v 0.673522 0.022178 0.820748
v 0.587147 0.019801 0.708364
v 0.758369 0.021922 0.961399
v 0.394853 0.284585 0.455582
v 0.264143 0.418106 0.283756
v 0.323221 0.296463 0.510246
v 0.515465 0.031678 0.762964
v 0.105741 0.477439 0.224356
v 0.177373 0.465562 0.169692
v 0.520367 0.124711 0.619406
v 0.506360 0.108029 0.630095
v 0.448641 0.112834 0.674142
v 0.459922 0.286843 0.665533
v 0.506360 0.286843 0.630095
v 0.459922 0.108029 0.665533
v 0.519803 0.112834 0.619837
v 0.192511 0.429983 0.338420
v 0.587662 0.031678 0.707869
v 0.177937 0.477439 0.169261
v 0.264707 0.429983 0.283325
v 0.395417 0.296463 0.455152
v 0.586038 0.186764 0.706915
v 0.601326 0.022178 0.875843
v 0.702071 0.176986 0.888017
v 0.576245 0.177263 0.842111
v 0.394853 0.451548 0.455582
v 0.264143 0.585068 0.283756
v 0.177373 0.632525 0.169692
v 0.192981 0.585068 0.338061
v 0.519803 0.279797 0.619837
v 0.106211 0.632525 0.223997
v 0.514875 0.186764 0.761220
v 0.323691 0.451548 0.509887
v 0.647407 0.177263 0.787806
v 0.655767 0.176986 0.923353
v 0.448641 0.279797 0.674142
v 0.707257 0.176986 0.867850
v 0.637091 0.176986 0.921395
v 0.689100 0.021922 0.990261
v 0.760261 0.021922 0.935956
v 0.614302 0.005496 0.868476
v 0.632801 0.184309 0.796547
v 0.586363 0.184309 0.831985
v 0.660740 0.005496 0.833037
v 0.602992 0.010301 0.877046
v 0.674154 0.010301 0.822741
v 0.901466 -0.002469 -0.663459
v 0.903063 0.000158 -0.661373
v 0.899379 0.000158 -0.661862
v 0.902595 -0.001699 -0.661984
v 0.902595 -0.001699 -0.661984
v 0.901183 -0.001359 -0.661333
v 0.901183 -0.001359 -0.661333
v 0.901183 -0.001359 -0.661333
v 0.901120 0.000158 -0.660855
v 0.901120 0.000158 -0.660855
v 0.899990 -0.001699 -0.662330
v 0.899990 -0.001699 -0.662330
v 0.899379 0.007344 -0.661862
v 0.903063 0.007344 -0.661373
v 0.901120 0.007344 -0.660855
v 0.901120 0.007344 -0.660855
v 0.869377 -0.002469 -0.705370
v 0.867291 0.000158 -0.703772
v 0.867780 0.000158 -0.707456
v 0.867902 -0.001699 -0.704240
v 0.867902 -0.001699 -0.704240
v 0.867251 -0.001359 -0.705652
v 0.867251 -0.001359 -0.705652
v 0.867251 -0.001359 -0.705652
v 0.866773 0.000158 -0.705715
v 0.866773 0.000158 -0.705715
v 0.868248 -0.001699 -0.706845
v 0.868248 -0.001699 -0.706845
v 0.867780 0.007344 -0.707456
v 0.867291 0.007344 -0.703772
v 0.866773 0.007344 -0.705715
v 0.866773 0.007344 -0.705715
v 0.953983 -0.002469 -0.703669
v 0.956069 0.000158 -0.705266
v 0.955580 0.000158 -0.701583
v 0.955458 -0.001699 -0.704798
v 0.955458 -0.001699 -0.704798
v 0.956109 -0.001359 -0.703387
v 0.956109 -0.001359 -0.703387
v 0.956109 -0.001359 -0.703387
v 0.956587 0.000158 -0.703323
v 0.956587 0.000158 -0.703323
v 0.955112 -0.001699 -0.702194
v 0.955112 -0.001699 -0.702194
v 0.955580 0.007344 -0.701583
v 0.956069 0.007344 -0.705266
v 0.956587 0.007344 -0.703323
v 0.956587 0.007344 -0.703323
v 0.921895 -0.002469 -0.745579
v 0.920297 0.000158 -0.747665
v 0.923981 0.000158 -0.747176
v 0.920765 -0.001699 -0.747054
v 0.920765 -0.001699 -0.747054
v 0.922177 -0.001359 -0.747706
v 0.922177 -0.001359 -0.747706
v 0.922177 -0.001359 -0.747706
v 0.922240 0.000158 -0.748184
v 0.922240 0.000158 -0.748184
v 0.923370 -0.001699 -0.746709
v 0.923370 -0.001699 -0.746709
v 0.923981 0.007344 -0.747176
v 0.920297 0.007344 -0.747665
v 0.922240 0.007344 -0.748184
v 0.922240 0.007344 -0.748184
v -0.658456 -0.002469 -0.905127
v -0.656361 0.000158 -0.906712
v -0.656870 0.000158 -0.903032
v -0.656975 -0.001699 -0.906248
v -0.656975 -0.001699 -0.906248
v -0.656331 -0.001358 -0.904833
v -0.656331 -0.001358 -0.904833
v -0.656331 -0.001358 -0.904833
v -0.655853 0.000158 -0.904767
v -0.655853 0.000158 -0.904767
v -0.657335 -0.001699 -0.903645
v -0.657335 -0.001699 -0.903645
v -0.656870 0.007345 -0.903032
v -0.656361 0.007345 -0.906712
v -0.655853 0.007345 -0.904767
v -0.655853 0.007345 -0.904767
v -0.700543 -0.002469 -0.873271
v -0.698958 0.000158 -0.871176
v -0.702638 0.000158 -0.871686
v -0.699422 -0.001699 -0.871790
v -0.699422 -0.001699 -0.871790
v -0.700837 -0.001358 -0.871146
v -0.700837 -0.001358 -0.871146
v -0.700837 -0.001358 -0.871146
v -0.700903 0.000158 -0.870669
v -0.700903 0.000158 -0.870669
v -0.702025 -0.001699 -0.872150
v -0.702025 -0.001699 -0.872150
v -0.702638 0.007345 -0.871686
v -0.698958 0.007345 -0.871176
v -0.700903 0.007345 -0.870669
v -0.700903 0.007345 -0.870669
v -0.698374 -0.002469 -0.957866
v -0.699960 0.000158 -0.959961
v -0.696279 0.000158 -0.959451
v -0.699495 -0.001699 -0.959347
v -0.699495 -0.001699 -0.959347
v -0.698080 -0.001358 -0.959991
v -0.698080 -0.001358 -0.959991
v -0.698080 -0.001358 -0.959991
v -0.698014 0.000158 -0.960468
v -0.698014 0.000158 -0.960468
v -0.696893 -0.001699 -0.958987
v -0.696893 -0.001699 -0.958987
v -0.696279 0.007345 -0.959451
v -0.699960 0.007345 -0.959961
v -0.698014 0.007345 -0.960468
v -0.698014 0.007345 -0.960468
v -0.740461 -0.002469 -0.926010
v -0.742556 0.000158 -0.924425
v -0.742047 0.000158 -0.928105
v -0.741943 -0.001699 -0.924889
v -0.741943 -0.001699 -0.924889
v -0.742586 -0.001358 -0.926304
v -0.742586 -0.001358 -0.926304
v -0.742586 -0.001358 -0.926304
v -0.743064 0.000158 -0.926370
v -0.743064 0.000158 -0.926370
v -0.741582 -0.001699 -0.927492
v -0.741582 -0.001699 -0.927492
v -0.742047 0.007345 -0.928105
v -0.742556 0.007345 -0.924425
v -0.743064 0.007345 -0.926370
v -0.743064 0.007345 -0.926370
v -0.905606 -0.002469 0.657797
v -0.907190 0.000159 0.655701
v -0.903510 0.000159 0.656213
v -0.906726 -0.001699 0.656315
v -0.906726 -0.001699 0.656315
v -0.905310 -0.001358 0.655672
v -0.905310 -0.001358 0.655672
v -0.905310 -0.001358 0.655672
v -0.905244 0.000159 0.655195
v -0.905244 0.000159 0.655195
v -0.904124 -0.001699 0.656677
v -0.904124 -0.001699 0.656677
v -0.903510 0.007345 0.656213
v -0.907190 0.007345 0.655701
v -0.905244 0.007345 0.655195
v -0.905244 0.007345 0.655195
v -0.873781 -0.002469 0.699907
v -0.871685 0.000159 0.698323
v -0.872197 0.000159 0.702003
v -0.872299 -0.001699 0.698787
v -0.872299 -0.001699 0.698787
v -0.871656 -0.001358 0.700203
v -0.871656 -0.001358 0.700203
v -0.871656 -0.001358 0.700203
v -0.871179 0.000159 0.700269
v -0.871179 0.000159 0.700269
v -0.872661 -0.001699 0.701390
v -0.872661 -0.001699 0.701390
v -0.872197 0.007345 0.702003
v -0.871685 0.007345 0.698323
v -0.871179 0.007345 0.700269
v -0.871179 0.007345 0.700269
v -0.958374 -0.002469 0.697676
v -0.960470 0.000159 0.699260
v -0.959958 0.000159 0.695580
v -0.959856 -0.001699 0.698797
v -0.959856 -0.001699 0.698797
v -0.960499 -0.001358 0.697381
v -0.960499 -0.001358 0.697381
v -0.960499 -0.001358 0.697381
v -0.960976 0.000159 0.697314
v -0.960976 0.000159 0.697314
v -0.959494 -0.001699 0.696194
v -0.959494 -0.001699 0.696194
v -0.959958 0.007345 0.695580
v -0.960470 0.007345 0.699260
v -0.960976 0.007345 0.697314
v -0.960976 0.007345 0.697314
v -0.926549 -0.002469 0.739787
v -0.924965 0.000159 0.741883
v -0.928645 0.000159 0.741371
v -0.925429 -0.001699 0.741269
v -0.925429 -0.001699 0.741269
v -0.926845 -0.001358 0.741912
v -0.926845 -0.001358 0.741912
v -0.926845 -0.001358 0.741912
v -0.926911 0.000159 0.742389
v -0.926911 0.000159 0.742389
v -0.928031 -0.001699 0.740907
v -0.928031 -0.001699 0.740907
v -0.928645 0.007345 0.741371
v -0.924965 0.007345 0.741883
v -0.926911 0.007345 0.742389
v -0.926911 0.007345 0.742389
v 0.650730 -0.002469 0.910697
v 0.648622 0.000159 0.912265
v 0.649162 0.000159 0.908589
v 0.649239 -0.001699 0.911806
v 0.649239 -0.001699 0.911806
v 0.648607 -0.001358 0.910385
v 0.648607 -0.001358 0.910385
v 0.648607 -0.001358 0.910385
v 0.648131 0.000159 0.910315
v 0.648131 0.000159 0.910315
v 0.649621 -0.001699 0.909206
v 0.649621 -0.001699 0.909206
v 0.649162 0.007345 0.908589
v 0.648622 0.007345 0.912265
v 0.648131 0.007345 0.910315
v 0.648131 0.007345 0.910315
v 0.693087 -0.002469 0.879201
v 0.691519 0.000159 0.877093
v 0.695195 0.000159 0.877633
v 0.691978 -0.001699 0.877710
v 0.691978 -0.001699 0.877710
v 0.693399 -0.001358 0.877078
v 0.693399 -0.001358 0.877078
v 0.693399 -0.001358 0.877078
v 0.693469 0.000159 0.876602
v 0.693469 0.000159 0.876602
v 0.694578 -0.001699 0.878092
v 0.694578 -0.001699 0.878092
v 0.695195 0.007345 0.877633
v 0.691519 0.007345 0.877093
v 0.693469 0.007345 0.876602
v 0.693469 0.007345 0.876602
v 0.690198 -0.002469 0.963774
v 0.691765 0.000159 0.965882
v 0.688089 0.000159 0.965342
v 0.691306 -0.001699 0.965265
v 0.691306 -0.001699 0.965265
v 0.689885 -0.001358 0.965896
v 0.689885 -0.001358 0.965896
v 0.689885 -0.001358 0.965896
v 0.689815 0.000159 0.966373
v 0.689815 0.000159 0.966373
v 0.688707 -0.001699 0.964883
v 0.688707 -0.001699 0.964883
v 0.688089 0.007345 0.965342
v 0.691765 0.007345 0.965882
v 0.689815 0.007345 0.966373
v 0.689815 0.007345 0.966373
v 0.732554 -0.002469 0.932278
v 0.734663 0.000159 0.930710
v 0.734122 0.000159 0.934386
v 0.734045 -0.001699 0.931169
v 0.734045 -0.001699 0.931169
v 0.734677 -0.001358 0.932590
v 0.734677 -0.001358 0.932590
v 0.734677 -0.001358 0.932590
v 0.735154 0.000159 0.932660
v 0.735154 0.000159 0.932660
v 0.733663 -0.001699 0.933769
v 0.733663 -0.001699 0.933769
v 0.734122 0.007345 0.934386
v 0.734663 0.007345 0.930710
v 0.735154 0.007345 0.932660
v 0.735154 0.007345 0.932660
vn -0.0003 1.0000 0.0005
vn -0.0002 1.0000 0.0005
vn -0.0000 1.0000 -0.0000
vn 0.0004 -1.0000 0.0007
vn 0.0003 -1.0000 0.0008
vn -0.0000 -1.0000 -0.0000
vn 0.0002 1.0000 -0.0006
vn 0.0001 1.0000 -0.0006
vn 0.0002 1.0000 -0.0005
vn 0.0004 1.0000 -0.0006
vn 0.0003 1.0000 -0.0004
vn 0.0005 1.0000 -0.0005
vn 0.0004 1.0000 -0.0003
vn 0.0005 1.0000 -0.0003
vn 0.0006 1.0000 -0.0002
vn 0.0005 1.0000 -0.0001
vn 0.0006 1.0000 -0.0000
vn 0.0005 1.0000 0.0001
vn 0.0005 1.0000 0.0002
vn 0.0005 1.0000 0.0003
vn 0.0004 1.0000 0.0003
vn 0.0005 1.0000 0.0005
vn 0.0003 1.0000 0.0004
vn 0.0004 1.0000 0.0006
vn 0.0002 1.0000 0.0005
vn 0.0002 1.0000 0.0007
vn 0.0001 1.0000 0.0005
vn -0.0000 1.0000 0.0007
vn -0.0001 1.0000 0.0006
vn -0.0002 1.0000 0.0006
vn -0.0004 1.0000 0.0005
vn -0.0005 1.0000 0.0005
vn -0.0004 1.0000 0.0003
vn -0.0005 1.0000 0.0003
vn -0.0005 1.0000 0.0002
vn -0.0007 1.0000 0.0002
vn -0.0005 1.0000 0.0001
vn -0.0007 1.0000 -0.0000
vn -0.0005 1.0000 -0.0001
vn -0.0007 1.0000 -0.0002
vn -0.0006 1.0000 -0.0002
vn -0.0005 1.0000 -0.0003
vn -0.0004 1.0000 -0.0003
vn -0.0005 1.0000 -0.0005
vn -0.0003 1.0000 -0.0004
vn -0.0004 1.0000 -0.0006
vn -0.0002 1.0000 -0.0005
vn -0.0002 1.0000 -0.0006
vn -0.0001 1.0000 -0.0005
vn -0.0000 1.0000 -0.0006
vn 0.0001 -1.0000 -0.0008
vn -0.0000 -1.0000 -0.0009
vn 0.0004 -1.0000 -0.0008
vn 0.0003 -1.0000 -0.0008
vn 0.0002 -1.0000 -0.0008
vn 0.0006 -1.0000 -0.0006
vn 0.0005 -1.0000 -0.0007
vn 0.0007 -1.0000 -0.0005
vn 0.0008 -1.0000 -0.0002
vn 0.0008 -1.0000 -0.0003
vn 0.0009 -1.0000 -0.0000
vn 0.0009 -1.0000 -0.0001
vn 0.0008 -1.0000 0.0002
vn 0.0009 -1.0000 0.0001
vn 0.0008 -1.0000 0.0004
vn 0.0008 -1.0000 0.0003
vn 0.0006 -1.0000 0.0006
vn 0.0007 -1.0000 0.0005
vn 0.0005 -1.0000 0.0007
vn 0.0002 -1.0000 0.0008
vn 0.0001 -1.0000 0.0008
vn -0.0002 -1.0000 0.0008
vn -0.0001 -1.0000 0.0009
vn -0.0000 -1.0000 0.0009
vn -0.0004 -1.0000 0.0008
vn -0.0003 -1.0000 0.0008
vn -0.0006 -1.0000 0.0006
vn -0.0005 -1.0000 0.0007
vn -0.0007 -1.0000 0.0005
vn -0.0008 -1.0000 0.0002
vn -0.0008 -1.0000 0.0003
vn -0.0009 -1.0000 -0.0000
vn -0.0009 -1.0000 0.0001
vn -0.0008 -1.0000 -0.0002
vn -0.0009 -1.0000 -0.0001
vn -0.0008 -1.0000 -0.0004
vn -0.0008 -1.0000 -0.0003
vn -0.0006 -1.0000 -0.0006
vn -0.0007 -1.0000 -0.0005
vn -0.0004 -1.0000 -0.0007
vn -0.0005 -1.0000 -0.0007
vn -0.0002 -1.0000 -0.0008
vn -0.0003 -1.0000 -0.0008
vn -0.0001 -1.0000 -0.0008
vn -0.0003 0.9999 -0.0109
vn -0.0036 0.9999 -0.0103
vn 0.0056 -1.0000 -0.0001
vn 0.0054 -1.0000 -0.0019
vn 0.0054 -1.0000 0.0016
vn 0.0047 -1.0000 0.0032
vn 0.0035 -1.0000 0.0045
vn 0.0019 -1.0000 0.0054
vn 0.0001 -1.0000 0.0057
vn -0.0016 -1.0000 0.0055
vn -0.0032 -1.0000 0.0047
vn -0.0045 -1.0000 0.0035
vn -0.0054 -1.0000 0.0019
vn -0.0057 -1.0000 0.0001
vn -0.0055 -1.0000 -0.0016
vn -0.0047 -1.0000 -0.0032
vn -0.0035 -1.0000 -0.0045
vn -0.0019 -1.0000 -0.0054
vn -0.0001 -1.0000 -0.0057
vn 0.0016 -1.0000 -0.0054
vn 0.0032 -1.0000 -0.0047
vn 0.0045 -1.0000 -0.0035
vn 0.0109 0.9999 -0.0003
vn 0.0104 0.9999 0.0031
vn 0.0090 0.9999 0.0062
vn 0.0066 0.9999 0.0086
vn 0.0036 0.9999 0.0103
vn 0.0103 0.9999 -0.0036
vn 0.0086 0.9999 -0.0066
vn 0.0062 0.9999 -0.0090
vn 0.0031 0.9999 -0.0105
vn -0.0090 0.9999 -0.0062
vn -0.0066 0.9999 -0.0087
vn -0.0104 0.9999 -0.0031
vn -0.0109 0.9999 0.0003
vn -0.0087 0.9999 0.0066
vn -0.0103 0.9999 0.0036
vn -0.0062 0.9999 0.0090
vn 0.0003 0.9999 0.0109
vn -0.0031 0.9999 0.0104
vn 0.0070 -1.0000 -0.0036
vn 0.0057 -1.0000 -0.0054
vn 0.0076 -1.0000 -0.0020
vn 0.0079 -1.0000 -0.0004
vn 0.0078 -1.0000 0.0013
vn 0.0073 -1.0000 0.0028
vn 0.0066 -1.0000 0.0043
vn 0.0056 -1.0000 0.0055
vn 0.0044 -1.0000 0.0065
vn 0.0031 -1.0000 0.0072
vn 0.0016 -1.0000 0.0077
vn 0.0001 -1.0000 0.0078
vn -0.0014 -1.0000 0.0077
vn -0.0028 -1.0000 0.0073
vn -0.0041 -1.0000 0.0067
vn -0.0036 -1.0000 0.0075
vn -0.0062 -1.0000 0.0049
vn -0.0077 -1.0000 0.0010
vn -0.0076 -1.0000 -0.0027
vn -0.0076 -1.0000 -0.0017
vn -0.0072 -1.0000 -0.0032
vn -0.0063 -1.0000 -0.0047
vn -0.0051 -1.0000 -0.0059
vn -0.0037 -1.0000 -0.0070
vn -0.0020 -1.0000 -0.0076
vn -0.0002 -1.0000 -0.0078
vn 0.0015 -1.0000 -0.0077
vn 0.0032 -1.0000 -0.0072
vn 0.0047 -1.0000 -0.0062
vn -0.0071 -1.0000 0.0031
vn -0.0004 -0.9999 -0.0168
vn 0.0048 -0.9999 -0.0161
vn 0.0324 0.9992 -0.0248
vn 0.0231 0.9992 -0.0336
vn 0.0081 -1.0000 -0.0044
vn 0.0091 -1.0000 -0.0016
vn -0.0391 0.9992 -0.0116
vn -0.0248 0.9995 -0.0171
vn -0.0408 0.9992 0.0010
vn -0.0385 0.9992 0.0136
vn -0.0324 0.9992 0.0248
vn -0.0231 0.9992 0.0336
vn -0.0116 0.9992 0.0391
vn 0.0391 0.9992 0.0116
vn 0.0408 0.9992 -0.0010
vn 0.0010 0.9992 0.0408
vn -0.0010 0.9992 -0.0408
vn -0.0100 0.9995 -0.0284
vn 0.0116 0.9992 -0.0391
vn 0.0385 0.9992 -0.0136
vn 0.0136 0.9992 0.0385
vn 0.0248 0.9992 0.0324
vn 0.0336 0.9992 0.0231
vn -0.0139 -0.9999 -0.0095
vn -0.0102 -0.9999 -0.0134
vn 0.0161 -0.9999 0.0048
vn 0.0139 -0.9999 0.0095
vn 0.0004 -0.9999 0.0168
vn -0.0048 -0.9999 0.0161
vn 0.0134 -0.9999 -0.0102
vn 0.0095 -0.9999 -0.0139
vn -0.0056 -0.9999 -0.0159
vn -0.0134 -0.9999 0.0102
vn -0.0159 -0.9999 0.0056
vn -0.0168 -0.9999 0.0004
vn -0.0161 -0.9999 -0.0048
vn 0.0102 -0.9999 0.0134
vn 0.0159 -0.9999 -0.0056
vn 0.0168 -0.9999 -0.0004
vn -0.0095 -0.9999 0.0139
vn 0.0056 -0.9999 0.0159
vn -0.0064 -1.0000 0.0067
vn -0.0081 -1.0000 0.0044
vn -0.0091 -1.0000 0.0016
vn -0.0091 -1.0000 -0.0012
vn -0.0083 -1.0000 -0.0040
vn -0.0067 -1.0000 -0.0064
vn -0.0016 -1.0000 -0.0091
vn 0.0012 -1.0000 -0.0091
vn 0.0040 -1.0000 -0.0083
vn 0.0064 -1.0000 -0.0067
vn 0.0091 -1.0000 0.0012
vn 0.0083 -1.0000 0.0040
vn 0.0067 -1.0000 0.0064
vn 0.0016 -1.0000 0.0091
vn -0.0012 -1.0000 0.0091
vn 0.0044 -1.0000 0.0081
vn -0.0040 -1.0000 0.0083
vn -0.0044 -1.0000 -0.0081
vn 0.2401 0.3732 -0.8961
vn 0.1211 0.3732 -0.9198
vn 0.0990 0.6515 -0.7522
vn 0.1964 0.6515 -0.7328
vn -0.0000 0.3732 -0.9277
vn -0.0000 0.6515 -0.7587
vn -0.0000 0.9067 -0.4217
vn 0.0550 0.9067 -0.4181
vn 0.1091 0.9067 -0.4073
vn 0.0232 0.9841 -0.1759
vn 0.0459 0.9841 -0.1713
vn -0.0000 0.9841 -0.1774
vn -0.0000 0.9994 -0.0352
vn 0.0046 0.9994 -0.0349
vn 0.0091 0.9994 -0.0340
vn 0.4639 0.3732 -0.8035
vn 0.3550 0.3732 -0.8571
vn 0.2903 0.6515 -0.7009
vn 0.3793 0.6515 -0.6570
vn 0.1614 0.9067 -0.3896
vn 0.2109 0.9067 -0.3652
vn 0.0679 0.9841 -0.1639
vn 0.0887 0.9841 -0.1536
vn 0.0135 0.9994 -0.0325
vn 0.0176 0.9994 -0.0305
vn 0.6560 0.3732 -0.6560
vn 0.5648 0.3732 -0.7360
vn 0.4618 0.6515 -0.6019
vn 0.5364 0.6515 -0.5365
vn 0.2567 0.9067 -0.3346
vn 0.2982 0.9067 -0.2982
vn 0.1080 0.9841 -0.1407
vn 0.1255 0.9841 -0.1255
vn 0.0214 0.9994 -0.0279
vn 0.0249 0.9994 -0.0249
vn 0.8035 0.3732 -0.4639
vn 0.7360 0.3732 -0.5648
vn 0.6019 0.6515 -0.4619
vn 0.6570 0.6515 -0.3793
vn 0.3346 0.9067 -0.2567
vn 0.3652 0.9067 -0.2108
vn 0.1407 0.9841 -0.1080
vn 0.1536 0.9841 -0.0887
vn 0.0279 0.9994 -0.0214
vn 0.0305 0.9994 -0.0176
vn 0.8961 0.3732 -0.2401
vn 0.8571 0.3732 -0.3550
vn 0.7009 0.6515 -0.2903
vn 0.7328 0.6515 -0.1964
vn 0.3897 0.9067 -0.1614
vn 0.4073 0.9067 -0.1091
vn 0.1639 0.9841 -0.0679
vn 0.1713 0.9841 -0.0459
vn 0.0325 0.9994 -0.0135
vn 0.0340 0.9994 -0.0091
vn 0.9278 0.3732 -0.0000
vn 0.9198 0.3732 -0.1211
vn 0.7522 0.6515 -0.0990
vn 0.7587 0.6515 -0.0000
vn 0.4181 0.9067 -0.0551
vn 0.4217 0.9067 -0.0000
vn 0.1759 0.9841 -0.0232
vn 0.1774 0.9841 -0.0000
vn 0.0349 0.9994 -0.0046
vn 0.0352 0.9994 -0.0000
vn 0.8961 0.3732 0.2401
vn 0.9198 0.3732 0.1211
vn 0.7522 0.6515 0.0990
vn 0.7328 0.6515 0.1963
vn 0.4182 0.9067 0.0551
vn 0.4073 0.9067 0.1091
vn 0.1759 0.9841 0.0231
vn 0.1713 0.9841 0.0459
vn 0.0349 0.9994 0.0046
vn 0.0340 0.9994 0.0091
vn 0.8035 0.3732 0.4639
vn 0.8571 0.3732 0.3550
vn 0.7009 0.6515 0.2903
vn 0.6570 0.6515 0.3793
vn 0.7328 0.6515 0.1964
vn 0.3896 0.9067 0.1614
vn 0.3652 0.9067 0.2109
vn 0.1639 0.9841 0.0679
vn 0.1536 0.9841 0.0887
vn 0.0325 0.9994 0.0135
vn 0.0305 0.9994 0.0176
vn 0.6560 0.3732 0.6560
vn 0.7360 0.3732 0.5648
vn 0.6019 0.6515 0.4619
vn 0.5365 0.6515 0.5364
vn 0.3346 0.9067 0.2567
vn 0.2982 0.9067 0.2982
vn 0.1407 0.9841 0.1080
vn 0.1254 0.9841 0.1254
vn 0.0279 0.9994 0.0214
vn 0.0249 0.9994 0.0249
vn 0.4639 0.3732 0.8035
vn 0.5648 0.3732 0.7360
vn 0.4619 0.6515 0.6019
vn 0.3793 0.6515 0.6570
vn 0.2567 0.9067 0.3346
vn 0.2108 0.9067 0.3652
vn 0.1080 0.9841 0.1407
vn 0.0887 0.9841 0.1536
vn 0.0214 0.9994 0.0279
vn 0.0176 0.9994 0.0305
vn 0.2401 0.3732 0.8961
vn 0.3550 0.3732 0.8571
vn 0.2903 0.6515 0.7009
vn 0.1964 0.6514 0.7328
vn 0.1614 0.9067 0.3896
vn 0.1091 0.9067 0.4073
vn 0.0679 0.9841 0.1639
vn 0.0459 0.9841 0.1713
vn 0.0135 0.9994 0.0325
vn 0.0091 0.9994 0.0340
vn -0.0000 0.3732 0.9277
vn 0.1211 0.3732 0.9198
vn 0.0990 0.6515 0.7522
vn -0.0000 0.6515 0.7587
vn 0.0550 0.9067 0.4181
vn -0.0000 0.9067 0.4217
vn 0.0232 0.9841 0.1759
vn -0.0000 0.9841 0.1774
vn 0.0046 0.9994 0.0349
vn -0.0000 0.9994 0.0352
vn -0.2401 0.3732 0.8961
vn -0.1211 0.3732 0.9198
vn -0.0990 0.6515 0.7522
vn -0.1964 0.6515 0.7328
vn -0.0551 0.9067 0.4181
vn -0.1091 0.9067 0.4073
vn -0.0231 0.9841 0.1759
vn -0.0459 0.9841 0.1713
vn -0.0046 0.9994 0.0349
vn -0.0091 0.9994 0.0340
vn -0.4639 0.3732 0.8035
vn -0.3550 0.3732 0.8571
vn -0.2903 0.6515 0.7009
vn -0.3793 0.6514 0.6570
vn -0.1614 0.9067 0.3896
vn -0.2109 0.9067 0.3652
vn -0.0679 0.9841 0.1639
vn -0.0887 0.9841 0.1536
vn -0.0135 0.9994 0.0325
vn -0.0176 0.9994 0.0305
vn -0.6560 0.3732 0.6560
vn -0.5648 0.3732 0.7360
vn -0.4618 0.6515 0.6019
vn -0.5364 0.6515 0.5365
vn -0.2567 0.9067 0.3346
vn -0.2982 0.9067 0.2982
vn -0.1080 0.9841 0.1407
vn -0.1254 0.9841 0.1254
vn -0.0214 0.9994 0.0279
vn -0.0249 0.9994 0.0249
vn -0.8035 0.3732 0.4639
vn -0.7360 0.3732 0.5648
vn -0.6019 0.6515 0.4619
vn -0.6570 0.6515 0.3793
vn -0.3346 0.9067 0.2567
vn -0.3652 0.9067 0.2109
vn -0.1407 0.9841 0.1080
vn -0.1536 0.9841 0.0887
vn -0.0279 0.9994 0.0214
vn -0.0305 0.9994 0.0176
vn -0.8961 0.3732 0.2401
vn -0.8571 0.3732 0.3550
vn -0.7009 0.6515 0.2903
vn -0.7328 0.6515 0.1964
vn -0.3897 0.9067 0.1614
vn -0.4073 0.9067 0.1091
vn -0.1639 0.9841 0.0679
vn -0.1713 0.9841 0.0459
vn -0.0325 0.9994 0.0135
vn -0.0340 0.9994 0.0091
vn -0.9277 0.3732 -0.0000
vn -0.9198 0.3732 0.1211
vn -0.7522 0.6515 0.0990
vn -0.7587 0.6515 -0.0000
vn -0.4181 0.9067 0.0550
vn -0.4218 0.9067 -0.0000
vn -0.1759 0.9841 0.0232
vn -0.1774 0.9841 -0.0000
vn -0.0349 0.9994 0.0046
vn -0.0352 0.9994 -0.0000
vn -0.8961 0.3732 -0.2401
vn -0.9198 0.3732 -0.1211
vn -0.7522 0.6515 -0.0990
vn -0.7328 0.6514 -0.1964
vn -0.4181 0.9067 -0.0550
vn -0.4073 0.9067 -0.1091
vn -0.1759 0.9841 -0.0231
vn -0.1713 0.9841 -0.0459
vn -0.0349 0.9994 -0.0046
vn -0.0340 0.9994 -0.0091
vn -0.8035 0.3732 -0.4639
vn -0.8571 0.3732 -0.3550
vn -0.7009 0.6515 -0.2903
vn -0.6570 0.6515 -0.3793
vn -0.7328 0.6515 -0.1964
vn -0.4073 0.9067 -0.1092
vn -0.3896 0.9067 -0.1614
vn -0.3652 0.9067 -0.2109
vn -0.1639 0.9841 -0.0679
vn -0.1536 0.9841 -0.0887
vn -0.0325 0.9994 -0.0135
vn -0.0305 0.9994 -0.0176
vn -0.6560 0.3732 -0.6560
vn -0.7360 0.3732 -0.5648
vn -0.6019 0.6515 -0.4619
vn -0.5365 0.6514 -0.5365
vn -0.3346 0.9067 -0.2567
vn -0.2982 0.9067 -0.2982
vn -0.1407 0.9841 -0.1080
vn -0.1254 0.9841 -0.1254
vn -0.0279 0.9994 -0.0214
vn -0.0249 0.9994 -0.0249
vn -0.4639 0.3732 -0.8034
vn -0.5648 0.3732 -0.7360
vn -0.4619 0.6515 -0.6019
vn -0.3793 0.6515 -0.6570
vn -0.2567 0.9067 -0.3346
vn -0.2108 0.9067 -0.3652
vn -0.1080 0.9841 -0.1408
vn -0.0887 0.9841 -0.1536
vn -0.0214 0.9994 -0.0279
vn -0.0176 0.9994 -0.0305
vn -0.2401 0.3732 -0.8961
vn -0.3551 0.3732 -0.8571
vn -0.2903 0.6515 -0.7009
vn -0.1964 0.6515 -0.7328
vn -0.1614 0.9067 -0.3896
vn -0.1091 0.9067 -0.4073
vn -0.0679 0.9841 -0.1639
vn -0.0459 0.9841 -0.1713
vn -0.0135 0.9994 -0.0325
vn -0.0091 0.9994 -0.0340
vn 0.9788 0.2048 -0.0000
vn 0.9704 0.2050 -0.1278
vn 0.9999 -0.0120 -0.0000
vn 0.9914 -0.0120 -0.1305
vn 0.9659 -0.0120 -0.2588
vn 0.9455 0.2043 -0.2534
vn -0.1211 0.3732 -0.9198
vn -0.0990 0.6515 -0.7522
vn -0.0551 0.9067 -0.4181
vn -0.0232 0.9841 -0.1759
vn -0.0046 0.9994 -0.0349
vn -0.0000 -0.0119 -0.9999
vn 0.1305 -0.0120 -0.9914
vn 0.1192 -0.4073 -0.9055
vn -0.0000 -0.4073 -0.9133
vn 0.2588 -0.0120 -0.9659
vn 0.2364 -0.4073 -0.8822
vn 0.1831 -0.7067 -0.6834
vn 0.0924 -0.7067 -0.7015
vn -0.0000 -0.7067 -0.7076
vn 0.0733 -0.8273 -0.5570
vn -0.0000 -0.8273 -0.5618
vn 0.1454 -0.8273 -0.5427
vn 0.0976 -0.9261 -0.3644
vn 0.0492 -0.9261 -0.3740
vn -0.0000 -0.9261 -0.3773
vn 0.0216 -0.9862 -0.1640
vn -0.0000 -0.9862 -0.1654
vn 0.0428 -0.9862 -0.1597
vn 0.0089 -0.9994 -0.0332
vn 0.0045 -0.9994 -0.0341
vn -0.0000 -0.9994 -0.0344
vn 0.3827 -0.0120 -0.9238
vn 0.3495 -0.4073 -0.8438
vn 0.5000 -0.0120 -0.8660
vn 0.4567 -0.4073 -0.7910
vn 0.3538 -0.7067 -0.6128
vn 0.2708 -0.7067 -0.6537
vn 0.2150 -0.8273 -0.5190
vn 0.2809 -0.8273 -0.4866
vn 0.1886 -0.9261 -0.3267
vn 0.1444 -0.9261 -0.3485
vn 0.0633 -0.9862 -0.1528
vn 0.0827 -0.9862 -0.1432
vn 0.0172 -0.9994 -0.0297
vn 0.0132 -0.9994 -0.0317
vn 0.6087 -0.0120 -0.7933
vn 0.5560 -0.4073 -0.7246
vn 0.7071 -0.0120 -0.7070
vn 0.6458 -0.4073 -0.6458
vn 0.5003 -0.7067 -0.5003
vn 0.4307 -0.7067 -0.5613
vn 0.3420 -0.8273 -0.4457
vn 0.3973 -0.8273 -0.3973
vn 0.2668 -0.9261 -0.2668
vn 0.2297 -0.9261 -0.2993
vn 0.1007 -0.9862 -0.1312
vn 0.1169 -0.9862 -0.1169
vn 0.0243 -0.9994 -0.0243
vn 0.0209 -0.9994 -0.0272
vn 0.7933 -0.0120 -0.6087
vn 0.7246 -0.4073 -0.5560
vn 0.8660 -0.0120 -0.5000
vn 0.7910 -0.4073 -0.4566
vn 0.6127 -0.7067 -0.3538
vn 0.5613 -0.7067 -0.4307
vn 0.4458 -0.8272 -0.3420
vn 0.4866 -0.8272 -0.2809
vn 0.3267 -0.9261 -0.1886
vn 0.2993 -0.9261 -0.2296
vn 0.1312 -0.9862 -0.1007
vn 0.1432 -0.9862 -0.0827
vn 0.0297 -0.9994 -0.0172
vn 0.0273 -0.9994 -0.0209
vn 0.9238 -0.0120 -0.3827
vn 0.8438 -0.4073 -0.3495
vn 0.8822 -0.4073 -0.2364
vn 0.6834 -0.7067 -0.1831
vn 0.6537 -0.7067 -0.2708
vn 0.5190 -0.8273 -0.2150
vn 0.5427 -0.8272 -0.1454
vn 0.3644 -0.9261 -0.0976
vn 0.3485 -0.9261 -0.1444
vn 0.1528 -0.9862 -0.0633
vn 0.1597 -0.9862 -0.0428
vn 0.0332 -0.9994 -0.0089
vn 0.0317 -0.9994 -0.0132
vn 0.9055 -0.4073 -0.1192
vn 0.9133 -0.4073 -0.0000
vn 0.7076 -0.7067 -0.0000
vn 0.7015 -0.7066 -0.0924
vn 0.5569 -0.8273 -0.0733
vn 0.5618 -0.8273 -0.0000
vn 0.3773 -0.9261 -0.0000
vn 0.3740 -0.9261 -0.0492
vn 0.1640 -0.9862 -0.0216
vn 0.1654 -0.9862 -0.0000
vn 0.0344 -0.9994 -0.0000
vn 0.0340 -0.9994 -0.0045
vn 0.9914 -0.0120 0.1305
vn 0.9055 -0.4073 0.1192
vn 0.9659 -0.0119 0.2588
vn 0.8822 -0.4072 0.2364
vn 0.6834 -0.7067 0.1831
vn 0.7015 -0.7067 0.0924
vn 0.5570 -0.8273 0.0733
vn 0.5426 -0.8273 0.1454
vn 0.3644 -0.9261 0.0976
vn 0.3740 -0.9261 0.0492
vn 0.1640 -0.9862 0.0216
vn 0.1598 -0.9862 0.0428
vn 0.0332 -0.9994 0.0089
vn 0.0341 -0.9994 0.0045
vn 0.9238 -0.0120 0.3827
vn 0.8438 -0.4073 0.3495
vn 0.8660 -0.0120 0.5000
vn 0.7910 -0.4072 0.4567
vn 0.6128 -0.7067 0.3538
vn 0.6537 -0.7067 0.2708
vn 0.5191 -0.8273 0.2150
vn 0.4865 -0.8273 0.2809
vn 0.3267 -0.9261 0.1886
vn 0.3485 -0.9261 0.1444
vn 0.3644 -0.9261 0.0977
vn 0.1528 -0.9862 0.0633
vn 0.1597 -0.9862 0.0428
vn 0.1432 -0.9862 0.0827
vn 0.0297 -0.9994 0.0172
vn 0.0317 -0.9994 0.0131
vn 0.7933 -0.0120 0.6087
vn 0.7246 -0.4073 0.5560
vn 0.7071 -0.0120 0.7071
vn 0.6458 -0.4073 0.6458
vn 0.5003 -0.7067 0.5003
vn 0.5613 -0.7067 0.4307
vn 0.4457 -0.8273 0.3420
vn 0.3973 -0.8273 0.3973
vn 0.2668 -0.9261 0.2668
vn 0.2993 -0.9261 0.2297
vn 0.1312 -0.9862 0.1007
vn 0.1169 -0.9862 0.1169
vn 0.0243 -0.9994 0.0243
vn 0.0273 -0.9994 0.0209
vn 0.6087 -0.0120 0.7933
vn 0.5560 -0.4073 0.7246
vn 0.5000 -0.0120 0.8660
vn 0.4567 -0.4073 0.7910
vn 0.3538 -0.7067 0.6128
vn 0.4307 -0.7067 0.5613
vn 0.3420 -0.8273 0.4457
vn 0.2809 -0.8273 0.4866
vn 0.1886 -0.9261 0.3267
vn 0.2297 -0.9261 0.2993
vn 0.1007 -0.9862 0.1312
vn 0.0827 -0.9862 0.1432
vn 0.0172 -0.9994 0.0298
vn 0.0209 -0.9994 0.0273
vn 0.3827 -0.0120 0.9238
vn 0.3495 -0.4073 0.8438
vn 0.2588 -0.0120 0.9659
vn 0.2364 -0.4073 0.8822
vn 0.1831 -0.7067 0.6834
vn 0.2708 -0.7067 0.6537
vn 0.2150 -0.8272 0.5191
vn 0.1454 -0.8273 0.5427
vn 0.0976 -0.9261 0.3644
vn 0.1444 -0.9261 0.3485
vn 0.0633 -0.9862 0.1528
vn 0.0428 -0.9862 0.1597
vn 0.0089 -0.9994 0.0332
vn 0.0131 -0.9994 0.0317
vn 0.1305 -0.0120 0.9914
vn 0.1192 -0.4073 0.9055
vn -0.0000 -0.0120 0.9999
vn -0.0000 -0.4073 0.9133
vn -0.0000 -0.7067 0.7075
vn 0.0924 -0.7067 0.7015
vn 0.0733 -0.8273 0.5570
vn -0.0000 -0.8273 0.5618
vn -0.0000 -0.9261 0.3773
vn 0.0492 -0.9261 0.3740
vn 0.0216 -0.9862 0.1640
vn -0.0000 -0.9862 0.1654
vn -0.0000 -0.9994 0.0344
vn 0.0045 -0.9994 0.0341
vn -0.1305 -0.0120 0.9914
vn -0.1192 -0.4073 0.9055
vn -0.2588 -0.0120 0.9659
vn -0.2364 -0.4073 0.8822
vn -0.1831 -0.7067 0.6834
vn -0.0924 -0.7067 0.7015
vn -0.0733 -0.8273 0.5570
vn -0.1454 -0.8272 0.5427
vn -0.0977 -0.9261 0.3644
vn -0.0492 -0.9261 0.3740
vn -0.0216 -0.9862 0.1640
vn -0.0428 -0.9862 0.1597
vn -0.0089 -0.9994 0.0332
vn -0.0045 -0.9994 0.0341
vn -0.3827 -0.0120 0.9238
vn -0.3495 -0.4073 0.8438
vn -0.5000 -0.0120 0.8660
vn -0.4566 -0.4073 0.7910
vn -0.3538 -0.7067 0.6128
vn -0.2708 -0.7067 0.6537
vn -0.2150 -0.8273 0.5191
vn -0.2809 -0.8273 0.4866
vn -0.1886 -0.9261 0.3267
vn -0.1444 -0.9261 0.3485
vn -0.0633 -0.9862 0.1528
vn -0.0827 -0.9862 0.1432
vn -0.0172 -0.9994 0.0297
vn -0.0131 -0.9994 0.0317
vn -0.6087 -0.0120 0.7933
vn -0.5560 -0.4073 0.7246
vn -0.7071 -0.0120 0.7071
vn -0.6458 -0.4073 0.6458
vn -0.5003 -0.7067 0.5003
vn -0.4307 -0.7067 0.5613
vn -0.3420 -0.8273 0.4457
vn -0.3972 -0.8273 0.3972
vn -0.2667 -0.9261 0.2667
vn -0.2297 -0.9261 0.2993
vn -0.1007 -0.9862 0.1312
vn -0.1169 -0.9862 0.1169
vn -0.0243 -0.9994 0.0243
vn -0.0209 -0.9994 0.0273
vn -0.7933 -0.0120 0.6087
vn -0.7246 -0.4073 0.5560
vn -0.8660 -0.0120 0.5000
vn -0.7910 -0.4073 0.4567
vn -0.6127 -0.7067 0.3538
vn -0.5613 -0.7067 0.4307
vn -0.4457 -0.8273 0.3420
vn -0.4865 -0.8273 0.2809
vn -0.3267 -0.9261 0.1886
vn -0.2993 -0.9261 0.2297
vn -0.1312 -0.9862 0.1007
vn -0.1432 -0.9862 0.0827
vn -0.0297 -0.9994 0.0172
vn -0.0273 -0.9994 0.0209
vn -0.9238 -0.0120 0.3827
vn -0.8438 -0.4072 0.3495
vn -0.9659 -0.0120 0.2588
vn -0.8822 -0.4073 0.2364
vn -0.6834 -0.7067 0.1831
vn -0.6537 -0.7067 0.2708
vn -0.5191 -0.8273 0.2150
vn -0.5427 -0.8272 0.1454
vn -0.3644 -0.9261 0.0976
vn -0.3485 -0.9261 0.1444
vn -0.1528 -0.9862 0.0633
vn -0.1597 -0.9862 0.0428
vn -0.0332 -0.9994 0.0089
vn -0.0317 -0.9994 0.0131
vn -0.9914 -0.0120 0.1305
vn -0.9055 -0.4073 0.1192
vn -0.9999 -0.0120 -0.0000
vn -0.9133 -0.4073 -0.0000
vn -0.7076 -0.7067 -0.0000
vn -0.7015 -0.7066 0.0924
vn -0.5569 -0.8273 0.0733
vn -0.5617 -0.8273 -0.0000
vn -0.3773 -0.9261 -0.0000
vn -0.3740 -0.9261 0.0492
vn -0.1640 -0.9862 0.0216
vn -0.1654 -0.9862 -0.0000
vn -0.0343 -0.9994 -0.0000
vn -0.0340 -0.9994 0.0045
vn -0.9914 -0.0120 -0.1305
vn -0.9055 -0.4073 -0.1192
vn -0.9659 -0.0119 -0.2588
vn -0.8822 -0.4072 -0.2364
vn -0.6834 -0.7067 -0.1831
vn -0.7015 -0.7067 -0.0924
vn -0.5571 -0.8272 -0.0733
vn -0.5426 -0.8273 -0.1454
vn -0.3644 -0.9261 -0.0976
vn -0.3740 -0.9261 -0.0492
vn -0.1640 -0.9862 -0.0216
vn -0.1597 -0.9862 -0.0428
vn -0.0332 -0.9994 -0.0089
vn -0.0341 -0.9994 -0.0045
vn -0.9238 -0.0120 -0.3827
vn -0.8438 -0.4073 -0.3495
vn -0.8822 -0.4073 -0.2364
vn -0.8660 -0.0120 -0.4999
vn -0.7910 -0.4073 -0.4567
vn -0.6128 -0.7067 -0.3538
vn -0.6537 -0.7067 -0.2708
vn -0.5190 -0.8273 -0.2150
vn -0.4865 -0.8273 -0.2809
vn -0.3267 -0.9261 -0.1886
vn -0.3485 -0.9261 -0.1444
vn -0.3644 -0.9261 -0.0977
vn -0.1528 -0.9862 -0.0633
vn -0.1432 -0.9862 -0.0827
vn -0.0298 -0.9994 -0.0172
vn -0.0317 -0.9994 -0.0131
vn -0.7933 -0.0120 -0.6087
vn -0.7246 -0.4073 -0.5560
vn -0.7071 -0.0120 -0.7071
vn -0.6458 -0.4073 -0.6458
vn -0.5003 -0.7067 -0.5003
vn -0.5613 -0.7067 -0.4307
vn -0.4457 -0.8273 -0.3420
vn -0.3972 -0.8273 -0.3972
vn -0.2668 -0.9261 -0.2668
vn -0.2993 -0.9261 -0.2297
vn -0.1312 -0.9862 -0.1007
vn -0.1169 -0.9862 -0.1169
vn -0.0243 -0.9994 -0.0243
vn -0.0273 -0.9994 -0.0209
vn -0.6087 -0.0120 -0.7933
vn -0.5560 -0.4073 -0.7246
vn -0.5000 -0.0119 -0.8660
vn -0.4567 -0.4073 -0.7910
vn -0.3538 -0.7067 -0.6128
vn -0.4307 -0.7067 -0.5613
vn -0.3420 -0.8273 -0.4457
vn -0.2809 -0.8273 -0.4865
vn -0.1886 -0.9261 -0.3267
vn -0.2297 -0.9261 -0.2993
vn -0.1007 -0.9862 -0.1312
vn -0.0827 -0.9862 -0.1432
vn -0.0172 -0.9994 -0.0297
vn -0.0209 -0.9994 -0.0273
vn -0.3826 -0.0120 -0.9238
vn -0.3495 -0.4073 -0.8438
vn -0.2588 -0.0120 -0.9659
vn -0.2364 -0.4072 -0.8822
vn -0.1831 -0.7067 -0.6834
vn -0.2708 -0.7067 -0.6537
vn -0.2150 -0.8273 -0.5190
vn -0.1454 -0.8273 -0.5426
vn -0.0976 -0.9261 -0.3644
vn -0.1444 -0.9261 -0.3485
vn -0.0633 -0.9862 -0.1528
vn -0.0428 -0.9862 -0.1597
vn -0.0089 -0.9994 -0.0332
vn -0.0131 -0.9994 -0.0317
vn -0.1305 -0.0120 -0.9914
vn -0.1192 -0.4073 -0.9055
vn -0.0924 -0.7067 -0.7015
vn -0.0733 -0.8273 -0.5570
vn -0.0492 -0.9261 -0.3740
vn -0.0216 -0.9862 -0.1640
vn -0.0045 -0.9994 -0.0341
vn -0.9454 0.2049 -0.2534
vn -0.9043 0.2047 -0.3746
vn -0.8478 0.2043 -0.4895
vn -0.9788 0.2048 -0.0000
vn -0.9705 0.2043 -0.1278
vn -0.9454 0.2049 -0.2533
vn -0.9454 0.2049 0.2533
vn -0.9704 0.2049 0.1278
vn 0.2533 0.2047 0.9455
vn 0.1278 0.2043 0.9705
vn -0.0000 0.2048 0.9788
vn 0.3746 0.2043 0.9044
vn 0.4894 0.2047 0.8477
vn 0.5958 0.2050 0.7765
vn 0.6921 0.2050 0.6921
vn 0.7766 0.2043 0.5959
vn 0.8477 0.2048 0.4894
vn 0.9044 0.2043 0.3746
vn 0.9454 0.2048 0.2534
vn 0.9455 0.2048 0.2533
vn 0.9704 0.2051 0.1278
vn 0.9043 0.2049 -0.3746
vn 0.8476 0.2051 -0.4894
vn 0.0001 1.0000 -0.0007
vn 0.0002 1.0000 -0.0007
vn -0.0000 1.0000 -0.0008
vn 0.0003 1.0000 -0.0007
vn 0.0004 1.0000 -0.0007
vn 0.0006 1.0000 -0.0005
vn 0.0007 1.0000 -0.0004
vn 0.0007 1.0000 -0.0003
vn 0.0007 1.0000 -0.0002
vn 0.0007 1.0000 -0.0001
vn 0.0008 1.0000 -0.0000
vn 0.0007 1.0000 0.0001
vn 0.0007 1.0000 0.0002
vn 0.0007 1.0000 0.0003
vn 0.0006 1.0000 0.0004
vn 0.0004 1.0000 0.0007
vn 0.0003 1.0000 0.0007
vn 0.0001 1.0000 0.0007
vn -0.0000 1.0000 0.0008
vn -0.0001 1.0000 0.0007
vn -0.0002 1.0000 0.0007
vn -0.0003 1.0000 0.0007
vn -0.0004 1.0000 0.0007
vn -0.0004 1.0000 0.0006
vn -0.0006 1.0000 0.0005
vn -0.0007 1.0000 0.0004
vn -0.0007 1.0000 0.0003
vn -0.0007 1.0000 0.0001
vn -0.0008 1.0000 -0.0000
vn -0.0007 1.0000 -0.0001
vn -0.0007 1.0000 -0.0003
vn -0.0006 1.0000 -0.0004
vn -0.0008 1.0000 -0.0002
vn -0.0004 1.0000 -0.0007
vn -0.0003 1.0000 -0.0007
vn -0.0002 1.0000 -0.0007
vn -0.0001 1.0000 -0.0007
vn -0.0000 -0.9994 -0.0343
vn 0.0045 -0.9994 -0.0340
vn 0.0131 -0.9994 -0.0317
vn 0.0272 -0.9994 -0.0209
vn 0.0317 -0.9994 -0.0131
vn 0.0343 -0.9994 -0.0000
vn 0.0340 -0.9994 0.0045
vn 0.0272 -0.9994 0.0209
vn 0.0209 -0.9994 0.0272
vn 0.0172 -0.9994 0.0297
vn 0.0045 -0.9994 0.0340
vn -0.0000 -0.9994 0.0343
vn -0.0045 -0.9994 0.0340
vn -0.0209 -0.9994 0.0272
vn -0.0272 -0.9994 0.0209
vn -0.0340 -0.9994 -0.0045
vn -0.0297 -0.9994 -0.0172
vn -0.0272 -0.9994 -0.0209
vn -0.0209 -0.9994 -0.0272
vn -0.0045 -0.9994 -0.0340
vn -0.1278 0.2049 0.9704
vn -0.2533 0.2050 0.9454
vn -0.3746 0.2047 0.9043
vn -0.4894 0.2048 0.8477
vn -0.5959 0.2048 0.7765
vn -0.6921 0.2050 0.6921
vn -0.7766 0.2047 0.5959
vn -0.8477 0.2047 0.4894
vn -0.4894 0.2048 -0.8477
vn -0.3746 0.2047 -0.9043
vn -0.2533 0.2047 -0.9455
vn -0.9043 0.2048 0.3746
vn 0.4894 0.2043 -0.8478
vn 0.3746 0.2047 -0.9043
vn 0.2533 0.2048 -0.9454
vn 0.6921 0.2049 -0.6921
vn 0.5959 0.2048 -0.7765
vn 0.7766 0.2047 -0.5959
vn -0.1278 0.2049 -0.9704
vn -0.0000 0.2043 -0.9789
vn -0.7766 0.2047 -0.5959
vn -0.6921 0.2048 -0.6921
vn -0.5959 0.2048 -0.7765
vn 0.1278 0.2049 -0.9704
vn 0.1002 0.9950 -0.0026
vn 0.9071 0.4204 -0.0228
vn 0.8556 0.4204 -0.3020
vn 0.0945 0.9950 -0.0334
vn 0.7204 0.4204 -0.5516
vn 0.9429 0.0131 -0.3328
vn 0.7940 0.0131 -0.6078
vn 0.0960 0.9950 0.0286
vn 0.8697 0.4204 0.2586
vn 0.9996 0.0131 -0.0251
vn 0.0825 0.9950 0.0569
vn 0.7472 0.4204 0.5147
vn 0.9584 0.0131 0.2850
vn 0.0609 0.9950 0.0796
vn 0.5516 0.4204 0.7204
vn 0.8235 0.0131 0.5672
vn 0.0333 0.9950 0.0945
vn 0.3020 0.4204 0.8556
vn 0.6079 0.0131 0.7939
vn 0.0025 0.9950 0.1002
vn 0.0228 0.4204 0.9071
vn 0.3328 0.0131 0.9429
vn -0.0286 0.9950 0.0960
vn -0.2586 0.4204 0.8697
vn 0.0251 0.0131 0.9996
vn -0.0568 0.9950 0.0825
vn -0.5147 0.4204 0.7472
vn -0.2850 0.0131 0.9584
vn -0.0796 0.9950 0.0609
vn -0.7204 0.4204 0.5516
vn -0.5672 0.0131 0.8235
vn -0.0945 0.9950 0.0333
vn -0.8556 0.4204 0.3020
vn -0.7939 0.0131 0.6079
vn -0.1002 0.9950 0.0025
vn -0.9071 0.4204 0.0228
vn -0.9429 0.0131 0.3328
vn -0.0960 0.9950 -0.0286
vn -0.8697 0.4204 -0.2586
vn -0.9996 0.0131 0.0251
vn -0.0825 0.9950 -0.0568
vn -0.7472 0.4204 -0.5147
vn -0.9584 0.0131 -0.2850
vn -0.0609 0.9950 -0.0795
vn -0.5516 0.4204 -0.7204
vn -0.8235 0.0131 -0.5672
vn -0.0333 0.9950 -0.0945
vn -0.3020 0.4204 -0.8556
vn -0.6079 0.0131 -0.7939
vn -0.0025 0.9950 -0.1002
vn -0.0228 0.4204 -0.9071
vn -0.3328 0.0131 -0.9429
vn 0.0286 0.9950 -0.0960
vn 0.2586 0.4204 -0.8697
vn -0.0251 0.0131 -0.9996
vn 0.2850 0.0131 -0.9584
vn 0.0568 0.9950 -0.0825
vn 0.5147 0.4204 -0.7472
vn 0.0795 0.9950 -0.0609
vn 0.5672 0.0131 -0.8235
vn 0.7939 0.0131 -0.6079
vn -0.7911 -0.0847 0.6057
vn -0.9396 -0.0847 0.3316
vn -0.6984 -0.6720 0.2464
vn -0.5880 -0.6720 0.4502
vn 0.6738 -0.5290 -0.5159
vn 0.3622 -0.8899 -0.2773
vn 0.4302 -0.8899 -0.1518
vn 0.8002 -0.5290 -0.2825
vn 0.3930 -0.8689 -0.3009
vn 0.4667 -0.8689 -0.1647
vn 0.4560 -0.8899 -0.0115
vn 0.8484 -0.5290 -0.0213
vn 0.4948 -0.8689 -0.0124
vn 0.4373 -0.8899 0.1300
vn 0.8134 -0.5290 0.2419
vn 0.4744 -0.8689 0.1411
vn 0.3757 -0.8899 0.2588
vn 0.6989 -0.5290 0.4814
vn 0.4076 -0.8689 0.2808
vn 0.2773 -0.8899 0.3622
vn 0.5159 -0.5290 0.6738
vn 0.3009 -0.8689 0.3930
vn 0.1518 -0.8899 0.4302
vn 0.2825 -0.5290 0.8002
vn 0.1647 -0.8689 0.4667
vn 0.0115 -0.8899 0.4560
vn 0.0213 -0.5290 0.8484
vn 0.0124 -0.8689 0.4948
vn -0.1300 -0.8899 0.4373
vn -0.2419 -0.5290 0.8134
vn -0.1411 -0.8689 0.4744
vn -0.2588 -0.8899 0.3757
vn -0.4814 -0.5290 0.6989
vn -0.2808 -0.8689 0.4076
vn -0.3622 -0.8899 0.2773
vn -0.6738 -0.5290 0.5159
vn -0.3930 -0.8689 0.3009
vn -0.4302 -0.8899 0.1518
vn -0.8002 -0.5290 0.2825
vn -0.4667 -0.8690 0.1647
vn -0.4560 -0.8899 0.0115
vn -0.8484 -0.5290 0.0213
vn -0.4948 -0.8689 0.0124
vn -0.4373 -0.8899 -0.1300
vn -0.8134 -0.5290 -0.2419
vn -0.4744 -0.8689 -0.1411
vn -0.3757 -0.8899 -0.2588
vn -0.6989 -0.5290 -0.4814
vn -0.4076 -0.8689 -0.2808
vn -0.2773 -0.8899 -0.3622
vn -0.5159 -0.5290 -0.6738
vn -0.3009 -0.8689 -0.3930
vn -0.1518 -0.8899 -0.4302
vn -0.2825 -0.5290 -0.8002
vn -0.1647 -0.8689 -0.4667
vn -0.0115 -0.8899 -0.4560
vn -0.0213 -0.5290 -0.8484
vn -0.0124 -0.8689 -0.4948
vn 0.1300 -0.8899 -0.4373
vn 0.2419 -0.5290 -0.8134
vn 0.1411 -0.8689 -0.4744
vn 0.2588 -0.8899 -0.3757
vn 0.4814 -0.5290 -0.6989
vn 0.2808 -0.8689 -0.4076
vn -0.7888 -0.1147 0.6039
vn -0.9368 -0.1147 0.3306
vn 0.9551 -0.0847 0.2840
vn 0.8206 -0.0847 0.5652
vn 0.6099 -0.6720 0.4201
vn 0.7099 -0.6719 0.2111
vn 0.9522 -0.1147 0.2832
vn 0.8181 -0.1147 0.5635
vn 0.2840 -0.0847 -0.9551
vn 0.5653 -0.0847 -0.8205
vn 0.4201 -0.6720 -0.6099
vn 0.2111 -0.6719 -0.7099
vn 0.2832 -0.1147 -0.9522
vn 0.5636 -0.1147 -0.8181
vn -0.9961 -0.0847 0.0250
vn -0.7403 -0.6720 0.0186
vn -0.9931 -0.1147 0.0249
vn 0.6057 -0.0847 0.7911
vn 0.4501 -0.6721 0.5880
vn 0.6039 -0.1147 0.7888
vn 0.7912 -0.0847 -0.6057
vn 0.5880 -0.6720 -0.4502
vn 0.7888 -0.1147 -0.6039
vn -0.9551 -0.0847 -0.2841
vn -0.7099 -0.6719 -0.2111
vn -0.9522 -0.1147 -0.2832
vn 0.3316 -0.0847 0.9396
vn 0.2464 -0.6720 0.6984
vn 0.3306 -0.1147 0.9368
vn -0.8206 -0.0847 -0.5652
vn -0.6098 -0.6721 -0.4201
vn -0.8181 -0.1147 -0.5636
vn 0.0250 -0.0847 0.9961
vn 0.0186 -0.6719 0.7404
vn 0.0249 -0.1147 0.9931
vn -0.6057 -0.0847 -0.7911
vn -0.4501 -0.6721 -0.5880
vn -0.6039 -0.1147 -0.7888
vn -0.2840 -0.0847 0.9551
vn -0.2111 -0.6720 0.7098
vn -0.2832 -0.1147 0.9522
vn 0.9396 -0.0847 -0.3316
vn 0.6984 -0.6720 -0.2464
vn 0.9368 -0.1147 -0.3306
vn -0.3316 -0.0847 -0.9396
vn -0.2464 -0.6720 -0.6984
vn -0.3306 -0.1147 -0.9368
vn -0.5652 -0.0847 0.8206
vn -0.4201 -0.6720 0.6099
vn -0.5635 -0.1147 0.8181
vn 0.9961 -0.0847 -0.0250
vn 0.7403 -0.6720 -0.0186
vn 0.9931 -0.1147 -0.0249
vn -0.0251 -0.0847 -0.9961
vn -0.0186 -0.6720 -0.7403
vn -0.0249 -0.1147 -0.9931
vn 0.1493 -0.9822 -0.1143
vn 0.1774 -0.9822 -0.0626
vn 0.9430 -0.0000 -0.3328
vn 0.9258 -0.1903 -0.3267
vn 0.7796 -0.1899 -0.5968
vn 0.7940 -0.0000 -0.6079
vn 0.7795 0.1903 -0.5968
vn 0.9258 0.1903 -0.3267
vn 0.6917 0.6797 -0.2441
vn 0.8083 0.5150 -0.2853
vn 0.6806 0.5151 -0.5211
vn 0.5824 0.6797 -0.4459
vn 0.8771 -0.3671 -0.3096
vn 0.7386 -0.3671 -0.5654
vn 0.9997 -0.0000 -0.0251
vn 0.9815 -0.1899 -0.0247
vn 0.8771 0.3674 -0.3095
vn 0.7385 0.3673 -0.5654
vn 0.7333 0.6797 -0.0184
vn 0.8569 0.5151 -0.0215
vn 0.9300 -0.3668 -0.0234
vn 0.8208 -0.4923 -0.2897
vn 0.6913 -0.4919 -0.5293
vn 0.9298 0.3673 -0.0234
vn 0.9814 0.1903 -0.0247
vn 0.6738 -0.6996 -0.2378
vn 0.5674 -0.6996 -0.4344
vn 0.9585 -0.0000 0.2850
vn 0.9410 -0.1903 0.2798
vn 0.7031 0.6797 0.2091
vn 0.8216 0.5151 0.2443
vn 0.8916 -0.3671 0.2651
vn 0.8701 -0.4923 -0.0219
vn 0.8915 0.3674 0.2651
vn 0.9410 0.1903 0.2798
vn 0.7143 -0.6996 -0.0179
vn 0.8343 -0.4924 0.2481
vn 0.7660 0.3673 0.5276
vn 0.8085 0.1903 0.5569
vn 0.6849 -0.6996 0.2037
vn 0.8235 -0.0000 0.5673
vn 0.8085 -0.1903 0.5569
vn 0.6041 0.6797 0.4161
vn 0.7059 0.5151 0.4862
vn 0.7660 -0.3671 0.5277
vn 0.5654 0.3674 0.7385
vn 0.5968 0.1903 0.7795
vn 0.6079 -0.0000 0.7940
vn 0.5968 -0.1903 0.7795
vn 0.4459 0.6797 0.5824
vn 0.5211 0.5150 0.6806
vn 0.5655 -0.3671 0.7385
vn 0.7168 -0.4923 0.4938
vn 0.3328 -0.0000 0.9430
vn 0.3267 -0.1899 0.9258
vn 0.5885 -0.6996 0.4054
vn 0.2441 0.6797 0.6917
vn 0.2853 0.5151 0.8083
vn 0.3096 -0.3671 0.8771
vn 0.5291 -0.4923 0.6911
vn 0.3095 0.3673 0.8771
vn 0.3267 0.1899 0.9258
vn 0.4344 -0.6996 0.5674
vn 0.0184 0.6797 0.7333
vn 0.0215 0.5151 0.8569
vn 0.2898 -0.4919 0.8210
vn 0.0234 0.3674 0.9298
vn 0.0247 0.1903 0.9814
vn 0.2378 -0.6996 0.6738
vn 0.0251 -0.0000 0.9997
vn 0.0247 -0.1903 0.9814
vn 0.0234 -0.3671 0.9299
vn 0.0219 -0.4923 0.8701
vn -0.2651 0.3674 0.8915
vn -0.2798 0.1903 0.9410
vn 0.0180 -0.6996 0.7143
vn -0.2850 -0.0000 0.9585
vn -0.2798 -0.1903 0.9410
vn -0.2091 0.6797 0.7031
vn -0.2443 0.5151 0.8216
vn -0.2651 -0.3671 0.8916
vn -0.5673 -0.0000 0.8235
vn -0.5569 -0.1903 0.8085
vn -0.4161 0.6797 0.6041
vn -0.4863 0.5150 0.7059
vn -0.5277 -0.3671 0.7660
vn -0.2481 -0.4923 0.8343
vn -0.5276 0.3673 0.7660
vn -0.5569 0.1903 0.8085
vn -0.2037 -0.6996 0.6849
vn -0.7940 -0.0000 0.6079
vn -0.7795 -0.1903 0.5968
vn -0.5824 0.6797 0.4459
vn -0.6806 0.5150 0.5211
vn -0.7385 -0.3671 0.5655
vn -0.4938 -0.4924 0.7168
vn -0.7385 0.3674 0.5654
vn -0.7795 0.1903 0.5968
vn -0.4053 -0.6996 0.5885
vn -0.6911 -0.4924 0.5291
vn -0.8771 0.3673 0.3095
vn -0.9258 0.1903 0.3267
vn -0.5674 -0.6996 0.4344
vn -0.9430 -0.0000 0.3328
vn -0.9258 -0.1903 0.3267
vn -0.6917 0.6797 0.2441
vn -0.8083 0.5151 0.2853
vn -0.8773 -0.3667 0.3096
vn -0.8208 -0.4924 0.2897
vn -0.9298 0.3672 0.0234
vn -0.9814 0.1903 0.0247
vn -0.6738 -0.6996 0.2378
vn -0.9997 -0.0000 0.0251
vn -0.9815 -0.1899 0.0247
vn -0.7333 0.6797 0.0184
vn -0.8569 0.5150 0.0215
vn -0.9299 -0.3671 0.0234
vn -0.9585 -0.0000 -0.2850
vn -0.9410 -0.1903 -0.2798
vn -0.7031 0.6797 -0.2091
vn -0.8216 0.5151 -0.2443
vn -0.8916 -0.3671 -0.2651
vn -0.8703 -0.4920 0.0219
vn -0.8915 0.3673 -0.2651
vn -0.9410 0.1903 -0.2798
vn -0.7143 -0.6996 0.0179
vn -0.8235 -0.0000 -0.5673
vn -0.8085 -0.1903 -0.5569
vn -0.6040 0.6797 -0.4161
vn -0.7059 0.5150 -0.4863
vn -0.7660 -0.3671 -0.5277
vn -0.8343 -0.4923 -0.2481
vn -0.7660 0.3673 -0.5276
vn -0.8085 0.1903 -0.5569
vn -0.6849 -0.6996 -0.2037
vn -0.7170 -0.4918 -0.4939
vn -0.5654 0.3673 -0.7385
vn -0.5968 0.1903 -0.7795
vn -0.5885 -0.6996 -0.4054
vn -0.6079 -0.0000 -0.7940
vn -0.5968 -0.1903 -0.7795
vn -0.4459 0.6797 -0.5824
vn -0.5211 0.5151 -0.6806
vn -0.5655 -0.3671 -0.7385
vn -0.3095 0.3673 -0.8771
vn -0.3267 0.1903 -0.9258
vn -0.3328 -0.0000 -0.9430
vn -0.3267 -0.1903 -0.9258
vn -0.2441 0.6797 -0.6917
vn -0.2853 0.5150 -0.8083
vn -0.3096 -0.3671 -0.8771
vn -0.5291 -0.4923 -0.6911
vn -0.0251 -0.0000 -0.9997
vn -0.0247 -0.1899 -0.9815
vn -0.4344 -0.6996 -0.5674
vn -0.0184 0.6797 -0.7333
vn -0.0215 0.5151 -0.8569
vn -0.0234 -0.3671 -0.9299
vn -0.2897 -0.4923 -0.8208
vn -0.0234 0.3673 -0.9298
vn -0.0247 0.1903 -0.9814
vn -0.2378 -0.6996 -0.6738
vn 0.2091 0.6797 -0.7031
vn 0.2443 0.5151 -0.8216
vn -0.0219 -0.4923 -0.8701
vn 0.2651 0.3673 -0.8915
vn 0.2798 0.1903 -0.9410
vn -0.0180 -0.6996 -0.7143
vn 0.2850 -0.0000 -0.9585
vn 0.2798 -0.1903 -0.9410
vn 0.2652 -0.3666 -0.8918
vn 0.2481 -0.4923 -0.8343
vn 0.5276 0.3673 -0.7660
vn 0.5569 0.1903 -0.8085
vn 0.2037 -0.6996 -0.6849
vn 0.5673 -0.0000 -0.8235
vn 0.5570 -0.1899 -0.8085
vn 0.4161 0.6797 -0.6041
vn 0.4862 0.5151 -0.7059
vn 0.5277 -0.3671 -0.7660
vn 0.7795 -0.1899 -0.5969
vn 0.7385 -0.3672 -0.5655
vn 0.4938 -0.4924 -0.7168
vn 0.4053 -0.6996 -0.5885
vn 0.6983 -0.6720 -0.2464
vn 0.1880 -0.9822 -0.0047
vn 0.1803 -0.9822 0.0536
vn 0.1549 -0.9822 0.1067
vn 0.6098 -0.6720 0.4201
vn 0.1143 -0.9822 0.1493
vn 0.0626 -0.9822 0.1774
vn 0.2464 -0.6720 0.6983
vn 0.0047 -0.9822 0.1880
vn -0.0536 -0.9822 0.1803
vn -0.1067 -0.9822 0.1549
vn -0.4201 -0.6720 0.6098
vn -0.1493 -0.9822 0.1143
vn -0.1774 -0.9822 0.0626
vn -0.6983 -0.6720 0.2465
vn -0.1880 -0.9822 0.0047
vn -0.1803 -0.9822 -0.0536
vn -0.7099 -0.6720 -0.2111
vn -0.1549 -0.9822 -0.1067
vn -0.1143 -0.9822 -0.1493
vn -0.0626 -0.9822 -0.1774
vn -0.2464 -0.6720 -0.6983
vn -0.0047 -0.9822 -0.1880
vn 0.0536 -0.9822 -0.1803
vn 0.1067 -0.9822 -0.1549
vn 0.4201 -0.6720 -0.6098
vn 0.5672 0.0162 -0.8234
vn 0.2850 0.0162 -0.9584
vn 0.5674 -0.6996 -0.4343
vn 0.5885 -0.6996 0.4053
vn 0.4344 -0.6996 0.5673
vn 0.2378 -0.6996 0.6739
vn -0.5673 -0.6996 0.4344
vn -0.6849 -0.6996 -0.2036
vn -0.5885 -0.6996 -0.4053
vn 0.0808 0.9963 -0.0285
vn 0.3399 0.9328 -0.1199
vn 0.2862 0.9328 -0.2191
vn 0.0680 0.9963 -0.0521
vn 0.5673 -0.6996 -0.4344
vn 0.6916 0.6798 -0.2441
vn 0.5823 0.6798 -0.4459
vn 0.0856 0.9963 -0.0022
vn 0.3603 0.9328 -0.0091
vn 0.7332 0.6797 -0.0184
vn 0.0821 0.9963 0.0244
vn 0.3455 0.9328 0.1027
vn 0.7030 0.6798 0.2090
vn 0.0705 0.9963 0.0486
vn 0.2968 0.9328 0.2045
vn 0.6040 0.6797 0.4161
vn 0.0521 0.9963 0.0680
vn 0.2191 0.9328 0.2862
vn 0.0285 0.9963 0.0808
vn 0.1200 0.9328 0.3399
vn 0.2441 0.6797 0.6916
vn 0.0022 0.9963 0.0856
vn 0.0091 0.9328 0.3603
vn 0.0184 0.6797 0.7332
vn -0.0244 0.9963 0.0821
vn -0.1027 0.9328 0.3455
vn -0.2090 0.6797 0.7030
vn -0.0486 0.9963 0.0705
vn -0.2044 0.9328 0.2968
vn -0.4161 0.6797 0.6040
vn -0.0680 0.9963 0.0521
vn -0.2862 0.9328 0.2191
vn -0.0808 0.9963 0.0285
vn -0.3398 0.9328 0.1199
vn -0.6916 0.6797 0.2441
vn -0.0856 0.9963 0.0022
vn -0.3603 0.9328 0.0091
vn -0.7332 0.6797 0.0184
vn -0.0821 0.9963 -0.0244
vn -0.3455 0.9328 -0.1027
vn -0.7030 0.6797 -0.2090
vn -0.0705 0.9963 -0.0486
vn -0.2968 0.9328 -0.2045
vn -0.0521 0.9963 -0.0680
vn -0.2191 0.9328 -0.2862
vn -0.0285 0.9963 -0.0808
vn -0.1199 0.9328 -0.3399
vn -0.2441 0.6797 -0.6916
vn -0.0021 0.9963 -0.0856
vn -0.0091 0.9328 -0.3603
vn -0.0184 0.6797 -0.7332
vn 0.0244 0.9963 -0.0821
vn 0.1027 0.9328 -0.3455
vn 0.2091 0.6797 -0.7030
vn 0.0486 0.9963 -0.0705
vn 0.2045 0.9328 -0.2968
vn 0.4161 0.6797 -0.6040
vn -0.0251 0.0161 -0.9996
vn 0.7939 0.0161 -0.6079
vn -0.3328 0.0162 -0.9429
vn -0.6078 0.0161 -0.7939
vn -0.8234 0.0162 -0.5672
vn -0.9584 0.0162 -0.2850
vn -0.9996 0.0161 0.0250
vn -0.9429 0.0161 0.3328
vn -0.7939 0.0161 0.6078
vn -0.5672 0.0162 0.8234
vn -0.2851 0.0162 0.9584
vn 0.0251 0.0161 0.9996
vn 0.3328 0.0162 0.9429
vn 0.6078 0.0161 0.7939
vn 0.8234 0.0162 0.5672
vn 0.9584 0.0162 0.2850
vn 0.9996 0.0161 -0.0251
vn 0.9429 0.0162 -0.3328
vn 0.7939 0.0161 -0.6078
vn 0.0944 0.9950 -0.0333
vn 0.0795 0.9950 -0.0608
vn 0.0087 0.9999 -0.0066
vn 0.1001 0.9950 -0.0025
vn 0.0959 0.9950 0.0285
vn 0.0089 0.9999 0.0062
vn 0.0824 0.9950 0.0568
vn 0.0608 0.9950 0.0795
vn 0.0036 0.9999 0.0102
vn 0.0333 0.9950 0.0944
vn 0.0025 0.9950 0.1001
vn -0.0285 0.9950 0.0959
vn -0.0568 0.9950 0.0824
vn -0.0795 0.9950 0.0608
vn -0.0102 0.9999 0.0036
vn -0.0944 0.9950 0.0333
vn -0.1001 0.9950 0.0025
vn -0.0959 0.9950 -0.0285
vn -0.0089 0.9999 -0.0062
vn -0.0824 0.9950 -0.0568
vn -0.0609 0.9950 -0.0794
vn -0.0036 0.9999 -0.0102
vn -0.0333 0.9950 -0.0944
vn -0.0025 0.9950 -0.1001
vn 0.0285 0.9950 -0.0959
vn 0.0062 0.9999 -0.0089
vn 0.0568 0.9950 -0.0824
vn 0.7220 0.4162 -0.5527
vn 0.8575 0.4161 -0.3026
vn 0.8843 -0.3474 -0.3121
vn 0.7446 -0.3474 -0.5700
vn 0.9090 0.4161 -0.0228
vn 0.9374 -0.3474 -0.0235
vn 0.4668 -0.8689 -0.1647
vn 0.8716 0.4161 0.2592
vn 0.8988 -0.3474 0.2673
vn 0.7488 0.4161 0.5158
vn 0.7722 -0.3474 0.5320
vn 0.5528 0.4161 0.7220
vn 0.5701 -0.3474 0.7446
vn 0.3026 0.4161 0.8575
vn 0.3121 -0.3474 0.8843
vn 0.0228 0.4161 0.9090
vn 0.0235 -0.3474 0.9374
vn 0.1647 -0.8689 0.4668
vn -0.2592 0.4161 0.8716
vn -0.2673 -0.3474 0.8988
vn -0.5158 0.4161 0.7488
vn -0.5320 -0.3474 0.7722
vn -0.7220 0.4161 0.5528
vn -0.7445 -0.3474 0.5701
vn -0.8575 0.4161 0.3026
vn -0.8843 -0.3474 0.3121
vn -0.9090 0.4161 0.0228
vn -0.9374 -0.3474 0.0235
vn -0.4668 -0.8689 0.1647
vn -0.8716 0.4161 -0.2592
vn -0.8988 -0.3474 -0.2673
vn -0.7488 0.4161 -0.5158
vn -0.7722 -0.3474 -0.5320
vn -0.5528 0.4161 -0.7220
vn -0.5701 -0.3474 -0.7445
vn -0.3026 0.4161 -0.8575
vn -0.3121 -0.3474 -0.8843
vn -0.0228 0.4161 -0.9090
vn -0.0235 -0.3474 -0.9374
vn -0.1647 -0.8689 -0.4668
vn 0.2592 0.4161 -0.8716
vn 0.2673 -0.3474 -0.8988
vn 0.5158 0.4161 -0.7488
vn 0.5320 -0.3474 -0.7722
vn 0.7220 0.4161 -0.5528
vn 0.7445 -0.3474 -0.5701
vn -0.0213 -0.5289 -0.8484
vn 0.2419 -0.5289 -0.8135
vn 0.8484 -0.5289 -0.0213
vn 0.8135 -0.5289 0.2419
vn -0.4814 -0.5289 0.6989
vn -0.6738 -0.5289 0.5159
vn -0.2825 -0.5289 -0.8003
vn 0.8003 -0.5289 -0.2825
vn -0.2419 -0.5289 0.8135
vn -0.5159 -0.5289 -0.6738
vn 0.6738 -0.5289 -0.5159
vn 0.0213 -0.5289 0.8484
vn -0.6989 -0.5289 -0.4814
vn 0.2825 -0.5289 0.8003
vn -0.8135 -0.5289 -0.2419
vn 0.5159 -0.5289 0.6738
vn -0.8484 -0.5289 0.0213
vn 0.4814 -0.5289 -0.6989
vn 0.6989 -0.5289 0.4814
vn -0.8003 -0.5289 0.2825
vn -0.1920 -0.8168 -0.5441
vn -0.0145 -0.8168 -0.5768
vn -0.0095 -0.9262 -0.3769
vn -0.1255 -0.9262 -0.3555
vn -0.0171 -0.7327 -0.6803
vn -0.2265 -0.7327 -0.6417
vn 0.5348 -0.7392 -0.4094
vn 0.6350 -0.7392 -0.2241
vn 0.6929 -0.6783 -0.2445
vn 0.5834 -0.6783 -0.4467
vn -0.5291 0.8278 0.1867
vn -0.5609 0.8278 0.0141
vn 0.5441 -0.8168 -0.1920
vn 0.4581 -0.8168 -0.3507
vn -0.4229 0.8938 0.1492
vn -0.4483 0.8938 0.0113
vn 0.6732 -0.7392 -0.0169
vn 0.7345 -0.6784 -0.0184
vn -0.3273 -0.8168 0.4751
vn -0.4581 -0.8168 0.3507
vn -0.2994 -0.9262 0.2292
vn -0.2139 -0.9262 0.3105
vn 0.5768 -0.8168 -0.0145
vn -0.5403 -0.7327 0.4137
vn -0.3860 -0.7327 0.5604
vn 0.6455 -0.7392 0.1920
vn 0.7043 -0.6783 0.2094
vn 0.5530 -0.8168 0.1645
vn 0.3614 -0.9262 0.1075
vn 0.3770 -0.9262 -0.0095
vn 0.6523 -0.7327 0.1939
vn 0.6803 -0.7327 -0.0171
vn 0.5546 -0.7392 0.3820
vn 0.6050 -0.6784 0.4168
vn -0.4454 0.8278 0.3410
vn 0.4752 -0.8167 0.3273
vn -0.3560 0.8938 0.2726
vn 0.4094 -0.7392 0.5347
vn 0.4466 -0.6784 0.5834
vn -0.3507 -0.8168 -0.4581
vn -0.2292 -0.9262 -0.2994
vn 0.3507 -0.8168 0.4581
vn -0.4137 -0.7327 -0.5403
vn 0.2241 -0.7392 0.6351
vn 0.2445 -0.6784 0.6928
vn -0.3182 0.8279 0.4620
vn 0.1920 -0.8168 0.5441
vn -0.2544 0.8938 0.3693
vn 0.0169 -0.7392 0.6732
vn 0.0185 -0.6784 0.7345
vn -0.1645 -0.8168 0.5530
vn -0.1075 -0.9262 0.3614
vn 0.0145 -0.8168 0.5768
vn -0.1939 -0.7327 0.6523
vn -0.1919 -0.7392 0.6455
vn -0.2094 -0.6784 0.7042
vn 0.3556 -0.9262 -0.1255
vn 0.6418 -0.7327 -0.2265
vn -0.3820 -0.7392 0.5546
vn -0.4167 -0.6785 0.6050
vn -0.1599 0.8278 0.5378
vn -0.1278 0.8938 0.4298
vn -0.5347 -0.7392 0.4094
vn -0.5834 -0.6784 0.4466
vn -0.4751 -0.8168 -0.3273
vn -0.3104 -0.9262 -0.2138
vn -0.5604 -0.7327 -0.3860
vn -0.6351 -0.7392 0.2241
vn -0.6929 -0.6783 0.2445
vn 0.0141 0.8279 0.5608
vn -0.5441 -0.8168 0.1920
vn 0.0113 0.8938 0.4483
vn -0.6732 -0.7392 0.0169
vn -0.7345 -0.6783 0.0185
vn 0.0095 -0.9262 0.3770
vn -0.5768 -0.8168 0.0145
vn 0.0171 -0.7327 0.6803
vn -0.6455 -0.7392 -0.1920
vn -0.7043 -0.6783 -0.2094
vn 0.2994 -0.9262 -0.2292
vn -0.5530 -0.8168 -0.1645
vn 0.5404 -0.7327 -0.4137
vn -0.5546 -0.7392 -0.3820
vn -0.6051 -0.6783 -0.4168
vn 0.1867 0.8278 0.5290
vn 0.1492 0.8938 0.4229
vn -0.4094 -0.7392 -0.5347
vn -0.4467 -0.6783 -0.5834
vn 0.3182 0.8278 -0.4620
vn 0.4454 0.8279 -0.3410
vn 0.2544 0.8938 -0.3693
vn 0.3560 0.8938 -0.2726
vn -0.2241 -0.7392 -0.6351
vn -0.2445 -0.6784 -0.6929
vn -0.3614 -0.9262 -0.1075
vn -0.6523 -0.7327 -0.1940
vn -0.0169 -0.7392 -0.6732
vn -0.0184 -0.6784 -0.7345
vn 0.3410 0.8278 0.4454
vn 0.2726 0.8938 0.3561
vn 0.1920 -0.7392 -0.6455
vn 0.2094 -0.6784 -0.7043
vn 0.1255 -0.9262 0.3555
vn 0.1645 -0.8168 -0.5530
vn 0.2265 -0.7327 0.6417
vn 0.3820 -0.7392 -0.5546
vn 0.4168 -0.6784 -0.6051
vn 0.1599 0.8278 -0.5377
vn 0.3273 -0.8168 -0.4752
vn 0.1278 0.8938 -0.4298
vn 0.5347 -0.7392 -0.4094
vn 0.4581 -0.8168 -0.3508
vn 0.8627 0.4039 -0.3044
vn 0.7264 0.4039 -0.5561
vn 0.9145 0.4039 -0.0230
vn 0.5605 -0.7327 0.3861
vn 0.8769 0.4039 0.2608
vn 0.4137 -0.7327 0.5403
vn 0.7534 0.4039 0.5190
vn 0.2265 -0.7327 0.6418
vn 0.5561 0.4039 0.7264
vn 0.0171 -0.7327 0.6804
vn 0.3045 0.4039 0.8627
vn -0.1940 -0.7327 0.6524
vn 0.0230 0.4039 0.9145
vn -0.3861 -0.7327 0.5605
vn -0.2607 0.4039 0.8769
vn -0.5190 0.4039 0.7534
vn -0.6417 -0.7327 0.2265
vn -0.7264 0.4039 0.5561
vn -0.6803 -0.7327 0.0171
vn -0.8627 0.4039 0.3044
vn -0.6524 -0.7327 -0.1940
vn -0.9145 0.4039 0.0230
vn -0.5605 -0.7327 -0.3861
vn -0.8769 0.4039 -0.2608
vn -0.4138 -0.7327 -0.5404
vn -0.7534 0.4039 -0.5190
vn -0.2265 -0.7327 -0.6418
vn -0.5561 0.4039 -0.7264
vn -0.3044 0.4039 -0.8627
vn 0.1940 -0.7327 -0.6524
vn -0.0230 0.4039 -0.9145
vn 0.3861 -0.7327 -0.5605
vn 0.2608 0.4039 -0.8769
vn 0.5190 0.4039 -0.7534
vn -0.5377 0.8278 -0.1599
vn 0.7264 0.4039 -0.5562
vn -0.4298 0.8938 -0.1278
vn 0.3105 -0.9262 0.2139
vn 0.5605 -0.7327 0.3860
vn -0.3556 -0.9262 0.1255
vn -0.4619 0.8279 -0.3182
vn -0.3693 0.8938 -0.2544
vn 0.1075 -0.9262 -0.3614
vn 0.1940 -0.7327 -0.6523
vn 0.5289 0.8279 -0.1867
vn 0.3561 0.8938 -0.2726
vn 0.4229 0.8938 -0.1492
vn -0.3409 0.8279 -0.4453
vn -0.2726 0.8938 -0.3561
vn 0.2292 -0.9262 0.2994
vn 0.5608 0.8279 -0.0141
vn 0.4483 0.8938 -0.0113
vn -0.3769 -0.9262 0.0095
vn -0.1867 0.8279 -0.5289
vn -0.1492 0.8938 -0.4229
vn 0.2139 -0.9262 -0.3105
vn 0.3861 -0.7327 -0.5604
vn 0.5376 0.8279 0.1599
vn 0.4299 0.8938 0.1278
vn -0.0141 0.8278 -0.5608
vn -0.0113 0.8938 -0.4483
vn 0.4620 0.8278 0.3183
vn 0.3693 0.8938 0.2544
vn 0.5403 -0.7327 -0.4137
vn 0.3102 0.9205 -0.2375
vn 0.3684 0.9205 -0.1300
vn 0.5309 0.8264 -0.1874
vn 0.4471 0.8264 -0.3422
vn 0.8626 0.4040 -0.3044
vn 0.7263 0.4040 -0.5561
vn -0.1429 -0.9678 0.2074
vn -0.2877 -0.8619 0.4176
vn -0.4026 -0.8619 0.3083
vn -0.2000 -0.9678 0.1531
vn -0.5183 -0.4066 0.7524
vn -0.7254 -0.4066 0.5554
vn -0.3745 0.9205 -0.1114
vn -0.3217 0.9205 -0.2216
vn -0.4637 0.8264 -0.3194
vn -0.5396 0.8265 -0.1605
vn -0.7533 0.4040 -0.5189
vn -0.8768 0.4040 -0.2607
vn 0.2518 -0.9678 -0.0063
vn 0.5069 -0.8619 -0.0127
vn 0.4861 -0.8619 0.1445
vn 0.2414 -0.9678 0.0718
vn 0.9133 -0.4066 -0.0229
vn 0.8757 -0.4066 0.2604
vn -0.3906 0.9205 0.0098
vn -0.5628 0.8265 0.0141
vn -0.9145 0.4040 0.0230
vn -0.1531 -0.9678 -0.2000
vn -0.3083 -0.8619 -0.4026
vn -0.1688 -0.8619 -0.4782
vn -0.0838 -0.9678 -0.2375
vn -0.5554 -0.4066 -0.7254
vn -0.3040 -0.4066 -0.8615
vn -0.0718 -0.9678 0.2414
vn -0.1445 -0.8619 0.4861
vn -0.2604 -0.4066 0.8757
vn -0.3684 0.9205 0.1300
vn -0.5309 0.8264 0.1874
vn -0.8626 0.4040 0.3044
vn 0.2375 -0.9678 -0.0838
vn 0.4782 -0.8619 -0.1688
vn 0.8615 -0.4066 -0.3040
vn -0.3102 0.9205 0.2375
vn -0.4470 0.8265 0.3422
vn -0.7263 0.4040 0.5561
vn -0.2074 -0.9678 -0.1429
vn -0.4176 -0.8619 -0.2877
vn -0.7524 -0.4066 -0.5183
vn 0.0063 -0.9678 0.2518
vn 0.0127 -0.8619 0.5069
vn 0.0229 -0.4066 0.9133
vn -0.2216 0.9205 0.3217
vn -0.3194 0.8265 0.4636
vn -0.5189 0.4040 0.7534
vn 0.1999 -0.9678 -0.1531
vn 0.4027 -0.8619 -0.3083
vn 0.7254 -0.4066 -0.5554
vn -0.1114 0.9205 0.3745
vn -0.1605 0.8264 0.5397
vn -0.2607 0.4040 0.8768
vn -0.2414 -0.9678 -0.0718
vn -0.4861 -0.8619 -0.1445
vn -0.8757 -0.4066 -0.2604
vn 0.0838 -0.9678 0.2375
vn 0.1688 -0.8619 0.4782
vn 0.3040 -0.4066 0.8615
vn 0.0098 0.9205 0.3906
vn 0.0141 0.8264 0.5629
vn 0.0230 0.4040 0.9145
vn 0.1429 -0.9678 -0.2074
vn 0.2877 -0.8619 -0.4176
vn 0.4026 -0.8619 -0.3083
vn 0.5183 -0.4066 -0.7524
vn 0.1300 0.9205 0.3684
vn 0.1874 0.8265 0.5309
vn 0.3044 0.4040 0.8626
vn 0.9145 0.4040 -0.0230
vn 0.8768 0.4040 0.2607
vn 0.7533 0.4040 0.5189
vn 0.5561 0.4040 0.7263
vn 0.7524 -0.4066 0.5183
vn 0.5554 -0.4066 0.7254
vn -0.8615 -0.4066 0.3041
vn -0.9133 -0.4066 0.0229
vn -0.5561 0.4040 -0.7263
vn -0.3044 0.4040 -0.8626
vn -0.0230 0.4040 -0.9145
vn 0.2607 0.4040 -0.8768
vn -0.0229 -0.4066 -0.9133
vn 0.5189 0.4040 -0.7533
vn 0.2604 -0.4066 -0.8757
vn -0.0127 -0.8619 -0.5069
vn -0.0063 -0.9678 -0.2518
vn -0.2375 0.9205 -0.3102
vn -0.3423 0.8264 -0.4470
vn 0.3906 0.9205 -0.0098
vn 0.5629 0.8264 -0.0141
vn 0.4176 -0.8619 0.2877
vn 0.2074 -0.9678 0.1429
vn -0.1300 0.9205 -0.3684
vn -0.1874 0.8264 -0.5309
vn -0.4782 -0.8619 0.1688
vn -0.2375 -0.9678 0.0838
vn 0.3745 0.9205 0.1114
vn 0.5396 0.8265 0.1605
vn 0.1445 -0.8619 -0.4861
vn 0.0718 -0.9678 -0.2414
vn -0.0098 0.9205 -0.3906
vn -0.0141 0.8264 -0.5629
vn 0.3217 0.9205 0.2216
vn 0.4637 0.8264 0.3194
vn 0.3083 -0.8619 0.4026
vn 0.1531 -0.9678 0.2000
vn 0.1114 0.9205 -0.3745
vn 0.1605 0.8265 -0.5396
vn -0.5069 -0.8619 0.0127
vn -0.2517 -0.9678 0.0063
vn 0.2375 0.9205 0.3102
vn 0.3423 0.8264 0.4470
vn 0.2216 0.9205 -0.3217
vn 0.3194 0.8264 -0.4637
vn 0.4470 0.8264 -0.3423
vn 0.9068 0.2743 -0.3200
vn 0.7636 0.2743 -0.5846
vn 0.9614 0.2743 -0.0241
vn 0.9218 0.2743 0.2741
vn 0.7919 0.2743 0.5455
vn 0.5846 0.2743 0.7636
vn 0.3200 0.2743 0.9068
vn 0.0242 0.2743 0.9614
vn -0.2741 0.2743 0.9218
vn -0.5455 0.2743 0.7919
vn -0.7636 0.2743 0.5846
vn -0.9068 0.2743 0.3200
vn -0.9614 0.2743 0.0241
vn -0.9218 0.2743 -0.2741
vn -0.7919 0.2743 -0.5455
vn -0.5846 0.2743 -0.7636
vn -0.3200 0.2743 -0.9068
vn -0.0242 0.2743 -0.9614
vn 0.2741 0.2743 -0.9218
vn 0.5455 0.2743 -0.7919
vn 0.7635 0.2743 -0.5846
vn -0.7299 -0.6777 0.0894
vn -0.6936 -0.6779 0.2437
vn 0.8531 -0.0125 -0.5216
vn 0.9429 -0.0125 -0.3328
vn 0.9225 -0.2072 -0.3256
vn 0.8347 -0.2072 -0.5102
vn 0.9915 -0.0125 -0.1295
vn 0.9701 -0.2072 -0.1267
vn 0.9968 -0.0125 0.0795
vn 0.9752 -0.2070 0.0778
vn 0.9584 -0.0125 0.2850
vn 0.9378 -0.2067 0.2789
vn 0.8782 -0.0125 0.4781
vn 0.8594 -0.2064 0.4678
vn 0.7597 -0.0125 0.6502
vn 0.7434 -0.2060 0.6363
vn 0.6079 -0.0125 0.7939
vn 0.5949 -0.2054 0.7771
vn 0.4295 -0.0125 0.9030
vn 0.4205 -0.2049 0.8839
vn 0.2324 -0.0125 0.9725
vn 0.2275 -0.2044 0.9521
vn 0.4204 -0.2049 0.8839
vn 0.0251 -0.0125 0.9996
vn 0.0246 -0.2039 0.9787
vn -0.1833 -0.0125 0.9830
vn -0.1795 -0.2034 0.9625
vn -0.3836 -0.0125 0.9234
vn -0.3757 -0.2029 0.9043
vn -0.5668 -0.0125 0.8238
vn -0.5551 -0.2026 0.8068
vn -0.7175 -0.0126 0.6964
vn -0.7028 -0.2022 0.6821
vn -0.9925 -0.0126 0.1215
vn -0.9955 -0.0126 -0.0934
vn -0.9750 -0.2023 -0.0915
vn -0.9720 -0.2024 0.1190
vn -0.9582 -0.0125 -0.2858
vn -0.9384 -0.2026 -0.2799
vn -0.8782 -0.0125 -0.4781
vn -0.8600 -0.2029 -0.4681
vn -0.7597 -0.0125 -0.6502
vn -0.7438 -0.2034 -0.6367
vn -0.6079 -0.0125 -0.7939
vn -0.5951 -0.2039 -0.7773
vn -0.4296 -0.0125 -0.9030
vn -0.4205 -0.2044 -0.8840
vn -0.4295 -0.0125 -0.9030
vn -0.2324 -0.0125 -0.9725
vn -0.2275 -0.2049 -0.9520
vn -0.4204 -0.2044 -0.8840
vn -0.0251 -0.0125 -0.9996
vn -0.0246 -0.2054 -0.9784
vn 0.1833 -0.0125 -0.9830
vn 0.1794 -0.2060 -0.9620
vn 0.3836 -0.0125 -0.9234
vn 0.3754 -0.2064 -0.9036
vn 0.5672 -0.0125 -0.8235
vn 0.5550 -0.2067 -0.8057
vn 0.7260 -0.0125 -0.6875
vn 0.7104 -0.2070 -0.6727
vn -0.8491 -0.0045 0.5282
vn -0.9434 -0.0045 0.3316
vn -0.9434 -0.0126 0.3315
vn -0.8491 -0.0125 0.5281
vn 0.7104 -0.2071 -0.6727
vn 0.5180 -0.7007 -0.4905
vn 0.4054 -0.6995 -0.5885
vn 0.5550 -0.2068 -0.8057
vn 0.3837 -0.0045 -0.9235
vn 0.5673 -0.0045 -0.8235
vn 0.2748 -0.6979 -0.6614
vn 0.1833 -0.0045 -0.9831
vn 0.1316 -0.6959 -0.7060
vn -0.0251 -0.0045 -0.9997
vn -0.0181 -0.6936 -0.7201
vn -0.0246 -0.2055 -0.9783
vn -0.2324 -0.0045 -0.9726
vn -0.1680 -0.6911 -0.7030
vn -0.2275 -0.2050 -0.9520
vn -0.4295 -0.0045 -0.9030
vn -0.3115 -0.6885 -0.6549
vn -0.4205 -0.2045 -0.8840
vn -0.6079 -0.0045 -0.7940
vn -0.4296 -0.0045 -0.9030
vn -0.4423 -0.6861 -0.5777
vn -0.7597 -0.0045 -0.6502
vn -0.5545 -0.6836 -0.4746
vn -0.7438 -0.2035 -0.6366
vn -0.8783 -0.0045 -0.4781
vn -0.6428 -0.6815 -0.3499
vn -0.8600 -0.2030 -0.4681
vn -0.9582 -0.0045 -0.2861
vn -0.7028 -0.6797 -0.2097
vn -0.9384 -0.2027 -0.2799
vn -0.9956 -0.0045 -0.0934
vn -0.7316 -0.6783 -0.0687
vn -0.9750 -0.2024 -0.0915
vn -0.9926 -0.0045 0.1215
vn -0.9720 -0.2025 0.1190
vn -0.5669 -0.0045 0.8238
vn -0.7176 -0.0045 0.6964
vn -0.7028 -0.2023 0.6820
vn -0.5273 -0.6783 0.5118
vn -0.4157 -0.6798 0.6042
vn -0.5550 -0.2027 0.8068
vn -0.3837 -0.0045 0.9235
vn -0.2807 -0.6816 0.6757
vn -0.3757 -0.2030 0.9042
vn -0.1833 -0.0045 0.9831
vn -0.1337 -0.6837 0.7174
vn -0.1795 -0.2035 0.9625
vn 0.0251 -0.0045 0.9997
vn 0.0183 -0.6861 0.7273
vn 0.0246 -0.2040 0.9787
vn 0.2324 -0.0045 0.9726
vn 0.1685 -0.6886 0.7053
vn 0.2275 -0.2045 0.9521
vn 0.4295 -0.0044 0.9030
vn 0.3104 -0.6912 0.6526
vn 0.4204 -0.2050 0.8839
vn 0.6079 -0.0045 0.7940
vn 0.4296 -0.0045 0.9030
vn 0.4379 -0.6936 0.5719
vn 0.5949 -0.2055 0.7771
vn 0.7597 -0.0045 0.6502
vn 0.5455 -0.6959 0.4670
vn 0.8783 -0.0045 0.4781
vn 0.6290 -0.6979 0.3424
vn 0.9585 -0.0045 0.2850
vn 0.9378 -0.2068 0.2789
vn 0.9968 -0.0045 0.0795
vn 0.7112 -0.7007 0.0567
vn 0.9916 -0.0045 -0.1295
vn 0.7066 -0.7016 -0.0923
vn 0.9701 -0.2073 -0.1267
vn 0.9430 -0.0045 -0.3328
vn 0.6718 -0.7018 -0.2371
vn 0.6080 -0.7015 -0.3717
vn -0.6244 -0.6777 0.3884
vn 0.8532 -0.0045 -0.5216
vn -0.9239 -0.2026 0.3246
vn -0.8316 -0.2024 0.5172
vn 0.7261 -0.0045 -0.6876
vn -0.1250 -0.3563 0.9260
vn -0.1336 -0.0540 0.9896
vn -0.4329 -0.0540 0.8998
vn -0.4050 -0.3563 0.8420
vn -0.6897 -0.0540 0.7221
vn -0.4335 -0.0039 0.9012
vn -0.6907 -0.0038 0.7231
vn 0.1672 -0.3563 0.9193
vn 0.1787 -0.0540 0.9824
vn -0.1338 -0.0038 0.9910
vn 0.4431 -0.3563 0.8226
vn 0.4736 -0.0540 0.8791
vn 0.1790 -0.0039 0.9838
vn 0.6756 -0.3563 0.6454
vn 0.7221 -0.0540 0.6897
vn 0.4743 -0.0038 0.8804
vn 0.7231 -0.0038 0.6907
vn 0.8420 -0.3563 0.4050
vn 0.8999 -0.0540 0.4328
vn 0.9260 -0.3563 0.1250
vn 0.9896 -0.0540 0.1336
vn 0.9012 -0.0038 0.4335
vn 0.9193 -0.3563 -0.1672
vn 0.9824 -0.0540 -0.1787
vn 0.9910 -0.0039 0.1338
vn 0.8226 -0.3563 -0.4431
vn 0.8791 -0.0540 -0.4736
vn 0.9838 -0.0040 -0.1790
vn 0.6454 -0.3563 -0.6756
vn 0.6897 -0.0540 -0.7221
vn 0.8804 -0.0038 -0.4743
vn 0.4050 -0.3563 -0.8420
vn 0.4328 -0.0540 -0.8999
vn 0.6907 -0.0038 -0.7231
vn 0.1250 -0.3563 -0.9260
vn 0.1336 -0.0540 -0.9896
vn 0.4335 -0.0038 -0.9012
vn -0.1672 -0.3563 -0.9193
vn -0.1787 -0.0540 -0.9824
vn 0.1338 -0.0038 -0.9910
vn -0.4431 -0.3563 -0.8226
vn -0.4736 -0.0540 -0.8791
vn -0.1790 -0.0038 -0.9838
vn -0.6756 -0.3563 -0.6454
vn -0.7221 -0.0540 -0.6897
vn -0.4743 -0.0038 -0.8804
vn -0.7231 -0.0040 -0.6907
vn -0.8420 -0.3563 -0.4050
vn -0.8999 -0.0540 -0.4328
vn -0.9260 -0.3563 -0.1250
vn -0.9896 -0.0540 -0.1336
vn -0.9012 -0.0037 -0.4335
vn -0.9193 -0.3563 0.1672
vn -0.9824 -0.0540 0.1787
vn -0.9910 -0.0039 -0.1338
vn -0.9838 -0.0038 0.1790
vn -0.8226 -0.3563 0.4431
vn -0.8791 -0.0540 0.4736
vn -0.9824 -0.0540 0.1788
vn -0.9193 -0.3563 0.1673
vn -0.6454 -0.3563 0.6756
vn -0.8804 -0.0038 0.4743
vn 0.4296 -0.1336 -0.8931
vn 0.4325 0.0688 -0.8990
vn 0.6891 0.0690 -0.7214
vn 0.6845 -0.1336 -0.7166
vn 0.3958 0.4078 -0.8228
vn 0.6307 0.4078 -0.6602
vn -0.1666 0.9705 0.1744
vn -0.1620 0.9721 0.1696
vn -0.1015 0.9722 0.2111
vn -0.1045 0.9705 0.2173
vn -0.3122 0.8921 0.3268
vn -0.1959 0.8921 0.4073
vn -0.0313 0.9722 0.2321
vn -0.0323 0.9705 0.2390
vn -0.0605 0.8921 0.4479
vn 0.0419 0.9722 0.2304
vn 0.0432 0.9705 0.2373
vn 0.0809 0.8921 0.4446
vn 0.1111 0.9722 0.2062
vn 0.1144 0.9705 0.2123
vn 0.2143 0.8921 0.3979
vn 0.1744 0.9705 0.1666
vn 0.1694 0.9722 0.1618
vn 0.2111 0.9722 0.1015
vn 0.2173 0.9705 0.1045
vn 0.3268 0.8921 0.3121
vn 0.4072 0.8921 0.1959
vn 0.2321 0.9722 0.0313
vn 0.2390 0.9705 0.0323
vn 0.4478 0.8921 0.0605
vn 0.2304 0.9722 -0.0419
vn 0.2373 0.9705 -0.0432
vn 0.4446 0.8921 -0.0809
vn 0.2065 0.9721 -0.1112
vn 0.2123 0.9705 -0.1144
vn 0.3978 0.8921 -0.2143
vn 0.1618 0.9722 -0.1694
vn 0.1666 0.9705 -0.1744
vn 0.3121 0.8921 -0.3268
vn 0.1015 0.9722 -0.2111
vn 0.1045 0.9705 -0.2173
vn 0.1959 0.8921 -0.4072
vn 0.0314 0.9721 -0.2324
vn 0.0323 0.9705 -0.2390
vn 0.0605 0.8921 -0.4478
vn -0.0419 0.9722 -0.2304
vn -0.0432 0.9705 -0.2373
vn -0.0809 0.8921 -0.4446
vn -0.1114 0.9720 -0.2067
vn -0.1144 0.9705 -0.2123
vn -0.2143 0.8921 -0.3979
vn -0.1744 0.9705 -0.1666
vn -0.1694 0.9722 -0.1618
vn -0.2111 0.9722 -0.1015
vn -0.2174 0.9705 -0.1045
vn -0.3268 0.8921 -0.3121
vn -0.4073 0.8921 -0.1959
vn -0.2321 0.9722 -0.0313
vn -0.2390 0.9705 -0.0323
vn -0.4479 0.8921 -0.0605
vn -0.2309 0.9721 0.0420
vn -0.2373 0.9705 0.0432
vn -0.4446 0.8921 0.0809
vn -0.2067 0.9720 0.1113
vn -0.2123 0.9705 0.1144
vn -0.4446 0.8920 0.0809
vn -0.3979 0.8921 0.2143
vn 0.4700 -0.1338 0.8725
vn 0.4731 0.0687 0.8783
vn 0.1786 0.0687 0.9815
vn 0.1774 -0.1339 0.9750
vn 0.4330 0.4078 0.8038
vn 0.1634 0.4078 0.8983
vn -0.8725 -0.1339 0.4700
vn -0.8783 0.0689 0.4731
vn -0.9815 0.0689 0.1786
vn -0.9750 -0.1339 0.1774
vn -0.8038 0.4078 0.4330
vn -0.8983 0.4078 0.1635
vn 0.1326 -0.1336 -0.9821
vn 0.1335 0.0690 -0.9886
vn 0.1222 0.4078 -0.9048
vn -0.6845 -0.1339 0.7166
vn -0.6891 0.0687 0.7214
vn -0.6307 0.4078 0.6602
vn -0.1774 -0.1337 -0.9750
vn -0.1786 0.0689 -0.9815
vn -0.1634 0.4078 -0.8983
vn 0.8931 -0.1337 0.4296
vn 0.8990 0.0688 0.4325
vn 0.7214 0.0688 0.6891
vn 0.7166 -0.1337 0.6845
vn 0.8228 0.4078 0.3958
vn 0.6602 0.4078 0.6307
vn -0.4700 -0.1337 -0.8725
vn -0.4731 0.0689 -0.8783
vn -0.4330 0.4078 -0.8038
vn 0.9821 -0.1336 0.1326
vn 0.9887 0.0688 0.1335
vn 0.9048 0.4078 0.1222
vn 0.9750 -0.1336 -0.1774
vn 0.9815 0.0688 -0.1786
vn 0.8983 0.4078 -0.1634
vn -0.4296 -0.1339 0.8931
vn -0.4325 0.0687 0.8990
vn -0.3958 0.4078 0.8228
vn -0.8931 -0.1339 -0.4296
vn -0.8990 0.0687 -0.4325
vn -0.7214 0.0690 -0.6891
vn -0.7166 -0.1338 -0.6845
vn -0.8228 0.4078 -0.3958
vn -0.6602 0.4078 -0.6307
vn 0.8725 -0.1336 -0.4700
vn 0.8783 0.0689 -0.4731
vn 0.8038 0.4078 -0.4330
vn -0.1326 -0.1339 0.9821
vn -0.1335 0.0687 0.9887
vn -0.1222 0.4078 0.9048
vn -0.9821 -0.1339 -0.1326
vn -0.9887 0.0687 -0.1335
vn -0.9048 0.4078 -0.1222
vn -0.8983 0.4079 0.1634
vn -0.6907 -0.0000 0.7231
vn -0.8804 -0.0000 0.4743
vn -0.7453 -0.3449 0.5706
vn -0.5325 -0.3448 0.7730
vn -0.5582 -0.1786 0.8103
vn -0.7812 -0.1785 0.5982
vn -0.6987 0.4751 0.5349
vn -0.4992 0.4751 0.7247
vn -0.4562 0.5943 0.6623
vn -0.6386 0.5943 0.4889
vn -0.5673 0.0006 0.8235
vn -0.5578 0.1825 0.8097
vn -0.7806 0.1826 0.5977
vn -0.7940 0.0013 0.6079
vn -0.0096 -0.9999 0.0139
vn -0.0820 -0.9895 0.1190
vn -0.1148 -0.9895 0.0879
vn -0.0134 -0.9999 0.0103
vn -0.5311 0.3515 0.7710
vn -0.7434 0.3514 0.5691
vn -0.2850 0.0012 0.9585
vn -0.2803 0.1824 0.9424
vn -0.3592 -0.7740 0.5214
vn -0.5027 -0.7740 0.3849
vn -0.0048 -0.9999 0.0162
vn -0.0412 -0.9895 0.1386
vn -0.2669 0.3514 0.8974
vn -0.2508 0.4751 0.8434
vn -0.1805 -0.7740 0.6069
vn -0.2676 -0.3448 0.8997
vn -0.2805 -0.1785 0.9431
vn -0.2292 0.5943 0.7709
vn 0.0251 0.0006 0.9997
vn 0.0247 0.1826 0.9829
vn 0.0036 -0.9895 0.1445
vn 0.0235 0.3515 0.9359
vn 0.0221 0.4751 0.8797
vn 0.0159 -0.7740 0.6330
vn 0.0236 -0.3448 0.9384
vn 0.0247 -0.1786 0.9836
vn 0.0202 0.5943 0.8040
vn 0.3116 0.3515 0.8828
vn 0.2929 0.4751 0.8298
vn 0.3124 -0.3448 0.8852
vn 0.3275 -0.1785 0.9279
vn 0.2676 0.5943 0.7584
vn 0.3328 0.0006 0.9430
vn 0.3272 0.1826 0.9271
vn 0.0481 -0.9895 0.1363
vn 0.5706 -0.3448 0.7453
vn 0.5981 -0.1785 0.7812
vn 0.2107 -0.7740 0.5971
vn 0.6079 0.0006 0.7940
vn 0.5977 0.1826 0.7806
vn 0.0879 -0.9895 0.1148
vn 0.5691 0.3515 0.7433
vn 0.5349 0.4750 0.6987
vn 0.3849 -0.7740 0.5027
vn 0.8235 0.0006 0.5673
vn 0.8097 0.1826 0.5577
vn 0.4889 0.5943 0.6386
vn 0.0139 -0.9999 0.0096
vn 0.1191 -0.9895 0.0820
vn 0.7710 0.3515 0.5311
vn 0.7247 0.4750 0.4992
vn 0.5214 -0.7740 0.3592
vn 0.7730 -0.3448 0.5325
vn 0.8103 -0.1784 0.5582
vn 0.6623 0.5943 0.4562
vn 0.1386 -0.9895 0.0412
vn 0.8974 0.3515 0.2669
vn 0.8434 0.4751 0.2508
vn 0.6069 -0.7740 0.1805
vn 0.8997 -0.3448 0.2676
vn 0.9431 -0.1785 0.2805
vn 0.7709 0.5943 0.2292
vn 0.9585 0.0006 0.2850
vn 0.9424 0.1826 0.2802
vn 0.9359 0.3515 -0.0235
vn 0.8797 0.4751 -0.0221
vn 0.9384 -0.3448 -0.0236
vn 0.9836 -0.1785 -0.0247
vn 0.8040 0.5943 -0.0202
vn 0.9997 0.0006 -0.0251
vn 0.9829 0.1825 -0.0247
vn 0.0169 -0.9999 -0.0004
vn 0.1445 -0.9895 -0.0036
vn 0.9430 0.0006 -0.3328
vn 0.9272 0.1825 -0.3272
vn 0.6330 -0.7740 -0.0159
vn 0.1363 -0.9895 -0.0481
vn 0.8828 0.3515 -0.3116
vn 0.8298 0.4750 -0.2929
vn 0.5971 -0.7740 -0.2107
vn 0.8852 -0.3448 -0.3124
vn 0.9279 -0.1785 -0.3275
vn 0.7584 0.5943 -0.2676
vn 0.7940 0.0006 -0.6079
vn 0.7807 0.1826 -0.5977
vn 0.1148 -0.9895 -0.0879
vn 0.7433 0.3515 -0.5691
vn 0.6987 0.4751 -0.5349
vn 0.5027 -0.7740 -0.3849
vn 0.7453 -0.3448 -0.5706
vn 0.7812 -0.1785 -0.5982
vn 0.6386 0.5943 -0.4889
vn 0.5311 0.3515 -0.7710
vn 0.4992 0.4751 -0.7247
vn 0.5325 -0.3448 -0.7730
vn 0.5582 -0.1785 -0.8103
vn 0.4562 0.5943 -0.6623
vn 0.5673 0.0006 -0.8235
vn 0.5578 0.1824 -0.8097
vn 0.0096 -0.9999 -0.0139
vn 0.0820 -0.9895 -0.1190
vn 0.2669 0.3514 -0.8974
vn 0.2508 0.4751 -0.8434
vn 0.3592 -0.7740 -0.5214
vn 0.2676 -0.3448 -0.8997
vn 0.2805 -0.1786 -0.9431
vn 0.2292 0.5943 -0.7709
vn 0.2850 0.0006 -0.9585
vn 0.2802 0.1826 -0.9424
vn 0.0048 -0.9999 -0.0162
vn 0.0412 -0.9895 -0.1386
vn -0.0251 0.0006 -0.9997
vn -0.0247 0.1826 -0.9829
vn 0.1805 -0.7740 -0.6069
vn -0.0004 -0.9999 -0.0169
vn -0.0036 -0.9895 -0.1445
vn -0.0235 0.3515 -0.9359
vn -0.0221 0.4750 -0.8797
vn -0.0159 -0.7740 -0.6330
vn -0.0236 -0.3448 -0.9384
vn -0.0247 -0.1784 -0.9836
vn -0.0202 0.5943 -0.8040
vn -0.3328 0.0010 -0.9430
vn -0.3272 0.1826 -0.9271
vn -0.0481 -0.9895 -0.1363
vn -0.3116 0.3514 -0.8828
vn -0.2929 0.4751 -0.8298
vn -0.2107 -0.7740 -0.5971
vn -0.3124 -0.3448 -0.8852
vn -0.3275 -0.1786 -0.9278
vn -0.2677 0.5943 -0.7584
vn -0.5691 0.3515 -0.7434
vn -0.5349 0.4751 -0.6987
vn -0.5706 -0.3448 -0.7453
vn -0.5981 -0.1785 -0.7813
vn -0.4889 0.5943 -0.6386
vn -0.6079 0.0010 -0.7940
vn -0.5977 0.1825 -0.7807
vn -0.0879 -0.9895 -0.1148
vn -0.5707 -0.3448 -0.7453
vn -0.7730 -0.3448 -0.5325
vn -0.8103 -0.1785 -0.5582
vn -0.5982 -0.1785 -0.7812
vn -0.3849 -0.7740 -0.5027
vn -0.8235 0.0006 -0.5673
vn -0.8097 0.1825 -0.5578
vn -0.5977 0.1824 -0.7807
vn -0.6080 0.0010 -0.7940
vn -0.0139 -0.9999 -0.0096
vn -0.1191 -0.9895 -0.0820
vn -0.7710 0.3515 -0.5311
vn -0.5691 0.3515 -0.7433
vn -0.7247 0.4751 -0.4992
vn -0.5350 0.4751 -0.6987
vn -0.5214 -0.7740 -0.3592
vn -0.9585 0.0011 -0.2850
vn -0.9424 0.1826 -0.2802
vn -0.6623 0.5943 -0.4562
vn -0.4889 0.5943 -0.6385
vn -0.0162 -0.9999 -0.0048
vn -0.1386 -0.9895 -0.0412
vn -0.8973 0.3515 -0.2668
vn -0.8434 0.4751 -0.2508
vn -0.6069 -0.7740 -0.1805
vn -0.8997 -0.3448 -0.2675
vn -0.9431 -0.1786 -0.2805
vn -0.7709 0.5943 -0.2292
vn -0.1445 -0.9895 0.0036
vn -0.9359 0.3515 0.0235
vn -0.8797 0.4751 0.0221
vn -0.6330 -0.7740 0.0159
vn -0.9384 -0.3449 0.0236
vn -0.9836 -0.1785 0.0247
vn -0.8040 0.5943 0.0202
vn -0.9997 0.0006 0.0251
vn -0.9829 0.1825 0.0247
vn -0.8828 0.3515 0.3116
vn -0.8298 0.4751 0.2929
vn -0.8852 -0.3448 0.3124
vn -0.9278 -0.1786 0.3275
vn -0.7584 0.5943 0.2676
vn -0.9430 0.0012 0.3328
vn -0.9272 0.1825 0.3272
vn -0.1363 -0.9895 0.0481
vn -0.5971 -0.7740 0.2107
vn -0.7978 -0.5331 0.2816
vn -0.6718 -0.5331 0.5143
vn -0.7004 -0.4710 0.5363
vn -0.8319 -0.4710 0.2936
vn -0.9838 -0.0000 0.1790
vn -0.6907 0.0025 0.7231
vn -0.8804 0.0025 0.4743
vn -0.9839 -0.0000 0.1790
vn -0.9910 -0.0000 -0.1338
vn -0.9838 0.0024 0.1790
vn -0.9012 -0.0000 -0.4335
vn -0.9839 0.0024 0.1789
vn -0.9910 0.0025 -0.1338
vn -0.7231 -0.0000 -0.6907
vn -0.9012 0.0025 -0.4335
vn 0.9012 -0.0000 0.4335
vn 0.7231 -0.0000 0.6907
vn -0.7231 0.0023 -0.6907
vn 0.9012 0.0025 0.4335
vn 0.7231 0.0025 0.6907
vn 0.4743 -0.0000 0.8804
vn 0.4743 0.0025 0.8804
vn 0.1790 -0.0000 0.9838
vn -0.1338 -0.0000 0.9910
vn 0.1790 0.0024 0.9838
vn -0.1338 0.0025 0.9910
vn -0.2339 -0.9409 0.2449
vn -0.1468 -0.9409 0.3052
vn -0.0453 -0.9409 0.3356
vn 0.0607 -0.9409 0.3332
vn 0.1606 -0.9409 0.2981
vn 0.2449 -0.9409 0.2339
vn 0.3052 -0.9409 0.1468
vn 0.3356 -0.9409 0.0453
vn 0.3332 -0.9409 -0.0606
vn 0.2982 -0.9409 -0.1606
vn 0.2339 -0.9409 -0.2449
vn 0.1468 -0.9409 -0.3052
vn 0.0453 -0.9409 -0.3356
vn -0.0606 -0.9409 -0.3332
vn -0.1606 -0.9409 -0.2982
vn -0.2449 -0.9409 -0.2339
vn -0.3052 -0.9409 -0.1468
vn -0.3356 -0.9409 -0.0453
vn -0.3332 -0.9409 0.0606
vn -0.2982 -0.9409 0.1606
vn -0.0179 0.9997 0.0187
vn -0.2785 0.9151 0.2916
vn -0.1748 0.9151 0.3634
vn -0.0112 0.9997 0.0233
vn -0.0540 0.9151 0.3996
vn -0.0035 0.9997 0.0256
vn 0.0722 0.9151 0.3967
vn 0.0046 0.9997 0.0254
vn 0.1913 0.9151 0.3550
vn 0.0123 0.9997 0.0228
vn 0.0187 0.9997 0.0179
vn 0.2916 0.9151 0.2785
vn 0.3634 0.9151 0.1748
vn 0.0233 0.9997 0.0112
vn 0.3996 0.9151 0.0540
vn 0.0256 0.9997 0.0035
vn 0.3967 0.9151 -0.0722
vn 0.0254 0.9997 -0.0046
vn 0.3550 0.9151 -0.1913
vn 0.0228 0.9997 -0.0123
vn 0.2785 0.9151 -0.2916
vn 0.0179 0.9997 -0.0187
vn 0.1748 0.9151 -0.3634
vn 0.0112 0.9997 -0.0233
vn 0.0540 0.9151 -0.3996
vn 0.0035 0.9997 -0.0256
vn -0.0722 0.9151 -0.3967
vn -0.0046 0.9997 -0.0254
vn -0.1913 0.9151 -0.3550
vn -0.0123 0.9997 -0.0228
vn -0.0187 0.9997 -0.0179
vn -0.2916 0.9151 -0.2785
vn -0.3634 0.9151 -0.1748
vn -0.0233 0.9997 -0.0112
vn -0.3996 0.9151 -0.0540
vn -0.0256 0.9997 -0.0035
vn -0.3967 0.9151 0.0721
vn -0.0254 0.9997 0.0046
vn -0.3967 0.9151 0.0722
vn -0.3550 0.9151 0.1913
vn -0.0228 0.9997 0.0123
vn -0.4335 -0.0000 0.9012
vn -0.4335 0.0025 0.9012
vn -0.4556 0.2779 -0.8457
vn -0.6947 0.2778 -0.6635
vn -0.4743 -0.0000 -0.8804
vn -0.3653 -0.6378 -0.6780
vn -0.5568 -0.6380 -0.5319
vn -0.4743 0.0024 -0.8804
vn 0.4556 0.2778 0.8457
vn 0.6946 0.2779 0.6636
vn 0.3652 -0.6380 0.6779
vn 0.5569 -0.6378 0.5320
vn 0.9910 -0.0000 0.1338
vn 0.9910 0.0025 0.1338
vn 0.9838 -0.0000 -0.1790
vn 0.9838 0.0025 -0.1790
vn 0.8804 -0.0000 -0.4743
vn 0.8804 0.0025 -0.4743
vn 0.6907 -0.0000 -0.7231
vn 0.6907 0.0025 -0.7231
vn 0.4335 -0.0000 -0.9012
vn 0.4335 0.0025 -0.9012
vn 0.1338 -0.0000 -0.9910
vn 0.1338 0.0025 -0.9910
vn -0.1790 -0.0000 -0.9838
vn -0.1790 0.0024 -0.9838
vn -0.6777 -0.6383 0.3651
vn -0.5317 -0.6383 0.5566
vn -0.6636 0.2777 0.6947
vn -0.8458 0.2777 0.4556
vn -0.8458 -0.5331 0.0212
vn -0.8819 -0.4710 0.0222
vn -0.8109 -0.5331 -0.2411
vn -0.8456 -0.4709 -0.2514
vn -0.6967 -0.5331 -0.4799
vn -0.7265 -0.4709 -0.5004
vn -0.5144 -0.5331 -0.6717
vn -0.5363 -0.4710 -0.7004
vn -0.2816 -0.5331 -0.7978
vn -0.5143 -0.5331 -0.6718
vn -0.5363 -0.4709 -0.7005
vn -0.2936 -0.4710 -0.8319
vn -0.0212 -0.5331 -0.8458
vn -0.0222 -0.4709 -0.8819
vn 0.2411 -0.5331 -0.8109
vn 0.2514 -0.4710 -0.8456
vn 0.4799 -0.5331 -0.6967
vn 0.5004 -0.4710 -0.7265
vn 0.6717 -0.5331 -0.5143
vn 0.7004 -0.4709 -0.5363
vn 0.7978 -0.5331 -0.2816
vn 0.8319 -0.4710 -0.2936
vn 0.8458 -0.5331 -0.0212
vn 0.8819 -0.4709 -0.0222
vn 0.8109 -0.5331 0.2411
vn 0.8456 -0.4710 0.2514
vn 0.6967 -0.5331 0.4800
vn 0.7265 -0.4710 0.5004
vn 0.5143 -0.5331 0.6717
vn 0.5363 -0.4710 0.7004
vn 0.2816 -0.5331 0.7978
vn 0.2936 -0.4709 0.8319
vn 0.0212 -0.5331 0.8458
vn 0.0222 -0.4709 0.8819
vn -0.2411 -0.5331 0.8109
vn -0.2514 -0.4709 0.8456
vn -0.4799 -0.5331 0.6967
vn -0.5004 -0.4709 0.7265
vn -0.3243 0.9128 0.2483
vn -0.3851 0.9128 0.1359
vn -0.4083 0.9128 0.0103
vn -0.3915 0.9128 -0.1164
vn -0.3364 0.9128 -0.2317
vn -0.2483 0.9128 -0.3243
vn -0.0249 0.9995 -0.0171
vn -0.1359 0.9128 -0.3852
vn -0.0248 0.9992 -0.0324
vn -0.0103 0.9128 -0.4083
vn -0.0101 0.9995 -0.0285
vn 0.1164 0.9128 -0.3915
vn 0.2317 0.9128 -0.3363
vn 0.3243 0.9128 -0.2483
vn 0.0232 0.9992 -0.0336
vn 0.3852 0.9128 -0.1359
vn 0.4083 0.9128 -0.0103
vn 0.3915 0.9128 0.1164
vn 0.3363 0.9128 0.2317
vn 0.0391 0.9992 0.0117
vn 0.2483 0.9128 0.3243
vn 0.0336 0.9992 0.0232
vn 0.1359 0.9128 0.3852
vn 0.0102 0.9128 0.4083
vn -0.1164 0.9128 0.3915
vn -0.2317 0.9128 0.3363
vn -0.0232 0.9992 0.0336
vn -0.6644 -0.5476 0.5087
vn -0.7890 -0.5476 0.2785
vn -0.8365 -0.5476 0.0210
vn -0.8020 -0.5476 -0.2385
vn -0.6891 -0.5476 -0.4747
vn -0.5087 -0.5476 -0.6643
vn -0.5086 -0.5476 -0.6644
vn -0.2785 -0.5476 -0.7890
vn -0.0210 -0.5476 -0.8365
vn 0.2385 -0.5476 -0.8020
vn 0.4747 -0.5476 -0.6891
vn 0.6644 -0.5476 -0.5087
vn 0.7890 -0.5476 -0.2785
vn 0.8365 -0.5476 -0.0210
vn 0.8020 -0.5476 0.2385
vn 0.6891 -0.5476 0.4747
vn 0.5087 -0.5476 0.6644
vn 0.2785 -0.5476 0.7890
vn 0.0210 -0.5476 0.8365
vn -0.2385 -0.5476 0.8020
vn -0.4747 -0.5476 0.6891
vn -0.1030 -0.6382 0.7630
vn -0.0532 -0.9175 0.3941
vn 0.0712 -0.9174 0.3915
vn 0.1378 -0.6381 0.7575
vn -0.0441 -0.9441 0.3266
vn 0.0590 -0.9441 0.3243
vn -0.7574 -0.6383 0.1378
vn -0.9451 0.2777 0.1720
vn -0.7624 0.5331 -0.3667
vn -0.8384 0.5332 -0.1132
vn -0.3448 0.9375 -0.0466
vn -0.3137 0.9375 -0.1509
vn -0.5524 0.8302 -0.0746
vn -0.5024 0.8302 -0.2417
vn -0.7630 -0.6382 -0.1030
vn -0.9452 0.2777 0.1719
vn -0.9520 0.2777 -0.1285
vn 0.2645 0.8301 0.4909
vn 0.1651 0.9374 0.3065
vn 0.2519 0.9374 0.2406
vn 0.4033 0.8300 0.3853
vn -0.6939 -0.6381 -0.3338
vn -0.8657 0.2778 -0.4164
vn 0.4013 0.5330 0.7449
vn 0.6119 0.5328 0.5845
vn 0.6783 -0.6375 -0.3654
vn 0.3506 -0.9173 -0.1889
vn 0.2751 -0.9173 -0.2880
vn 0.5322 -0.6375 -0.5571
vn 0.2906 -0.9439 -0.1566
vn 0.2280 -0.9439 -0.2387
vn 0.1514 0.5331 0.8324
vn 0.0623 0.9374 0.3426
vn 0.0998 0.8302 0.5485
vn -0.3585 -0.9175 -0.1724
vn -0.3941 -0.9175 -0.0532
vn -0.2971 -0.9441 -0.1429
vn -0.3266 -0.9441 -0.0441
vn -0.1379 -0.6377 -0.7578
vn -0.1719 0.2779 -0.9451
vn 0.1887 -0.9174 0.3503
vn 0.2878 -0.9174 0.2749
vn 0.1564 -0.9441 0.2903
vn 0.2385 -0.9440 0.2278
vn 0.1031 -0.6376 -0.7635
vn 0.1285 0.2780 -0.9519
vn 0.5846 0.5325 -0.6121
vn 0.3668 0.5325 -0.7628
vn 0.1511 0.9373 -0.3141
vn 0.2408 0.9373 -0.2521
vn 0.2419 0.8298 -0.5029
vn 0.3855 0.8298 -0.4036
vn 0.3340 -0.6375 -0.6943
vn 0.4164 0.2781 -0.8656
vn 0.6635 0.2781 -0.6946
vn -0.8323 0.5332 0.1514
vn -0.3423 0.9375 0.0622
vn -0.5483 0.8303 0.0997
vn 0.8457 0.2781 -0.4555
vn 0.7580 -0.6375 -0.1379
vn 0.9450 0.2781 -0.1719
vn 0.1726 -0.9173 -0.3589
vn 0.1431 -0.9440 -0.2974
vn 0.7634 -0.6376 0.1031
vn 0.9519 0.2780 0.1285
vn 0.6941 -0.6377 0.3339
vn 0.8657 0.2780 0.4164
vn -0.3912 -0.9175 0.0711
vn -0.3242 -0.9441 0.0589
vn 0.1132 0.5326 -0.8387
vn 0.0466 0.9373 -0.3454
vn 0.0747 0.8299 -0.5530
vn 0.1720 0.2778 0.9451
vn -0.1285 0.2777 0.9520
vn -0.8323 0.5333 0.1515
vn -0.7447 0.5333 0.4012
vn -0.3063 0.9375 0.1650
vn -0.3423 0.9375 0.0623
vn -0.4906 0.8303 0.2643
vn -0.5483 0.8303 0.0998
vn -0.3337 -0.6383 0.6937
vn -0.4164 0.2777 0.8657
vn 0.0533 -0.9173 -0.3946
vn 0.0442 -0.9440 -0.3270
vn 0.7626 0.5327 0.3668
vn 0.3139 0.9374 0.1510
vn 0.5027 0.8299 0.2418
vn -0.3912 -0.9175 0.0712
vn -0.3500 -0.9176 0.1886
vn -0.3242 -0.9441 0.0590
vn -0.2901 -0.9442 0.1563
vn -0.1515 0.5327 -0.8326
vn -0.0624 0.9374 -0.3428
vn -0.0999 0.8299 -0.5489
vn -0.4907 0.8303 0.2643
vn -0.3850 0.8303 0.4030
vn -0.5484 0.8303 0.0998
vn -0.5850 -0.5317 0.6124
vn -0.7456 -0.5317 0.4017
vn -0.5484 0.8302 0.0997
vn -0.9839 -0.0000 0.1789
vn -0.8332 -0.5317 0.1517
vn -0.5025 0.8301 -0.2417
vn -0.9011 -0.0000 -0.4335
vn -0.8333 -0.5317 0.1516
vn -0.8394 -0.5316 -0.1133
vn -0.4032 0.8301 -0.3852
vn -0.7231 -0.0000 -0.6908
vn -0.7634 -0.5315 -0.3671
vn -0.4018 -0.5313 -0.7458
vn -0.4742 -0.0000 -0.8804
vn -0.6126 -0.5314 -0.5851
vn -0.0998 0.8299 -0.5489
vn -0.2645 0.8300 -0.4911
vn -0.1790 -0.0000 -0.9839
vn 0.0747 0.8298 -0.5530
vn -0.1517 -0.5312 -0.8336
vn 0.1133 -0.5310 -0.8397
vn 0.3855 0.8297 -0.4036
vn 0.3673 -0.5310 -0.7636
vn 0.4914 0.8297 -0.2647
vn 0.5853 -0.5309 -0.6128
vn 0.5491 0.8298 -0.0999
vn 0.7460 -0.5309 -0.4019
vn 0.5530 0.8298 0.0747
vn 0.9910 -0.0000 0.1337
vn 0.8337 -0.5310 -0.1517
vn 0.5028 0.8299 0.2419
vn 0.9012 -0.0000 0.4334
vn 0.8397 -0.5310 0.1134
vn 0.7635 -0.5311 0.3673
vn 0.4017 -0.5314 0.7458
vn 0.6126 -0.5313 0.5852
vn 0.0998 0.8301 0.5486
vn 0.2645 0.8301 0.4910
vn 0.1791 -0.0000 0.9838
vn -0.0746 0.8302 0.5525
vn -0.1337 -0.0000 0.9910
vn 0.1516 -0.5315 0.8334
vn -0.2416 0.8302 0.5023
vn -0.1133 -0.5316 0.8394
vn -0.3671 -0.5317 0.7632
vn -0.1888 -0.9174 -0.3504
vn -0.2877 -0.9174 -0.2749
vn -0.1564 -0.9440 -0.2904
vn -0.2384 -0.9441 -0.2278
vn 0.7452 0.5325 -0.4014
vn 0.3069 0.9373 -0.1654
vn 0.4914 0.8298 -0.2647
vn -0.1132 0.5332 0.8384
vn -0.0466 0.9375 0.3449
vn -0.0746 0.8302 0.5524
vn 0.3919 -0.9173 -0.0713
vn 0.3247 -0.9440 -0.0591
vn -0.6119 0.5330 -0.5844
vn -0.2519 0.9374 -0.2406
vn -0.1724 -0.9175 0.3584
vn -0.1428 -0.9441 0.2970
vn 0.8327 0.5325 -0.1515
vn 0.3429 0.9373 -0.0624
vn 0.5490 0.8298 -0.0999
vn -0.1652 0.9374 -0.3066
vn -0.3667 0.5333 0.7623
vn -0.1508 0.9375 0.3136
vn -0.4013 0.5329 -0.7450
vn -0.2416 0.8303 0.5022
vn 0.3946 -0.9173 0.0533
vn 0.3270 -0.9440 0.0441
vn -0.2746 -0.9176 0.2875
vn -0.2276 -0.9442 0.2383
vn 0.8387 0.5326 0.1132
vn 0.3454 0.9373 0.0466
vn 0.5529 0.8299 0.0746
vn -0.0713 -0.9173 -0.3917
vn -0.0590 -0.9440 -0.3246
vn -0.5843 0.5333 0.6117
vn -0.2404 0.9375 0.2516
vn 0.3588 -0.9173 0.1726
vn 0.2973 -0.9440 0.1430
vn 0.4229 0.4526 0.7850
vn 0.3002 0.7742 0.5573
vn 0.1133 0.7743 0.6226
vn 0.1596 0.4527 0.8772
vn 0.3412 0.6946 0.6333
vn 0.1287 0.6948 0.7076
vn 0.6448 0.4526 0.6160
vn 0.4578 0.7741 0.4373
vn 0.5202 0.6945 0.4970
vn -0.3815 -0.4747 0.7932
vn -0.1178 -0.4746 0.8723
vn -0.3355 -0.6331 0.6976
vn -0.1036 -0.6330 0.7672
vn -0.6448 0.4526 -0.6159
vn -0.4229 0.4525 -0.7851
vn -0.4049 0.5206 -0.7517
vn -0.6174 0.5206 -0.5897
vn -0.3003 0.7741 -0.5574
vn -0.1133 0.7740 -0.6230
vn -0.1596 0.4525 -0.8774
vn -0.3527 0.6685 -0.6548
vn -0.5378 0.6685 -0.5137
vn -0.3412 0.6945 -0.6334
vn -0.1288 0.6944 -0.7079
vn -0.7370 0.6685 -0.0995
vn -0.7317 0.6685 0.1331
vn -0.8400 0.5207 0.1528
vn -0.8461 0.5207 -0.1142
vn -0.8772 0.4529 0.1595
vn -0.8836 0.4528 -0.1193
vn -0.8660 -0.4746 0.1576
vn -0.7749 -0.4747 0.4174
vn -0.7616 -0.6331 0.1386
vn -0.6814 -0.6331 0.3671
vn -0.0995 0.6685 0.7370
vn 0.1331 0.6685 0.7317
vn 0.1528 0.5207 0.8400
vn -0.1142 0.5207 0.8461
vn -0.1193 0.4528 0.8836
vn -0.0846 0.7744 0.6271
vn -0.2742 0.7744 0.5701
vn -0.3865 0.4529 0.8034
vn -0.0962 0.6948 0.7127
vn -0.3117 0.6949 0.6480
vn 0.6548 0.6685 -0.3527
vn 0.5137 0.6685 -0.5378
vn 0.5898 0.5205 -0.6174
vn 0.7517 0.5205 -0.4049
vn 0.6160 0.4523 -0.6449
vn 0.7852 0.4523 -0.4230
vn -0.6702 0.6685 -0.3224
vn -0.7694 0.5207 -0.3701
vn -0.8035 0.4527 -0.3865
vn 0.7934 -0.4741 0.3817
vn 0.8726 -0.4741 0.1178
vn 0.6980 -0.6325 0.3357
vn 0.7676 -0.6325 0.1036
vn -0.3224 0.6685 0.6702
vn -0.3701 0.5207 0.7694
vn -0.7933 -0.4745 -0.3816
vn -0.8723 -0.4746 -0.1177
vn -0.6977 -0.6329 -0.3356
vn -0.7672 -0.6330 -0.1035
vn 0.7317 0.6685 -0.1331
vn 0.8400 0.5206 -0.1528
vn 0.8774 0.4523 -0.1596
vn -0.7849 0.4529 0.4228
vn -0.5569 0.7745 0.3000
vn -0.6224 0.7744 0.1133
vn -0.8771 0.4529 0.1596
vn -0.6331 0.6950 0.3410
vn -0.7075 0.6949 0.1287
vn -0.4577 0.7742 -0.4372
vn -0.5202 0.6946 -0.4969
vn -0.5137 0.6685 0.5378
vn -0.5897 0.5207 0.6174
vn -0.6158 0.4529 0.6447
vn 0.8838 0.4524 0.1193
vn 0.6276 0.7739 0.0847
vn 0.5706 0.7740 0.2745
vn 0.8036 0.4525 0.3866
vn 0.7132 0.6943 0.0963
vn 0.6484 0.6944 0.3119
vn 0.7371 0.6685 0.0995
vn 0.8461 0.5206 0.1142
vn -0.6270 0.7744 -0.0847
vn -0.5703 0.7743 -0.2743
vn -0.7127 0.6949 -0.0962
vn -0.6481 0.6948 -0.3118
vn 0.3817 -0.4740 -0.7935
vn 0.1178 -0.4740 -0.8726
vn 0.3358 -0.6324 -0.6981
vn 0.1036 -0.6325 -0.7676
vn 0.6702 0.6685 0.3224
vn 0.7694 0.5206 0.3701
vn -0.1331 0.6685 -0.7317
vn -0.1528 0.5206 -0.8400
vn 0.5378 0.6685 0.5137
vn 0.6174 0.5206 0.5897
vn 0.7752 -0.4739 -0.4176
vn 0.6082 -0.4739 -0.6367
vn 0.6820 -0.6323 -0.3674
vn 0.5351 -0.6323 -0.5602
vn 0.0995 0.6685 -0.7371
vn 0.1142 0.5206 -0.8461
vn 0.1193 0.4524 -0.8838
vn 0.0847 0.7739 -0.6276
vn 0.2746 0.7738 -0.5708
vn 0.3866 0.4523 -0.8037
vn 0.0963 0.6943 -0.7132
vn 0.3120 0.6943 -0.6486
vn -0.6548 0.6685 0.3527
vn -0.7516 0.5207 0.4049
vn 0.4375 0.7738 -0.4580
vn 0.5576 0.7738 -0.3004
vn 0.4972 0.6942 -0.5205
vn 0.6337 0.6942 -0.3413
vn 0.3224 0.6685 -0.6702
vn 0.3701 0.5206 -0.7694
vn -0.7317 0.6685 0.1332
vn -0.8399 0.5207 0.1529
vn 0.8663 -0.4740 -0.1576
vn 0.7621 -0.6324 -0.1387
vn 0.3527 0.6685 0.6548
vn 0.4049 0.5206 0.7517
vn 0.1575 -0.4745 0.8660
vn 0.1386 -0.6329 0.7617
vn 0.4175 -0.4744 0.7750
vn 0.6366 -0.4742 0.6081
vn 0.3672 -0.6328 0.6817
vn 0.5600 -0.6327 0.5349
vn 0.5203 0.6945 0.4970
vn 0.4743 -0.0000 0.8803
vn 0.3412 0.6946 0.6334
vn 0.5600 -0.6326 0.5349
vn 0.3673 -0.6327 0.6817
vn -0.3412 0.6945 -0.6335
vn -0.5600 -0.6327 -0.5349
vn -0.3673 -0.6326 -0.6818
vn -0.7127 0.6948 -0.0962
vn -0.7616 -0.6330 0.1386
vn -0.7672 -0.6330 -0.1036
vn 0.1287 0.6947 0.7077
vn -0.0962 0.6948 0.7128
vn 0.1386 -0.6329 0.7618
vn -0.1036 -0.6329 0.7673
vn 0.6337 0.6942 -0.3414
vn 0.5352 -0.6323 -0.5602
vn 0.6821 -0.6323 -0.3674
vn -0.6482 0.6947 -0.3118
vn -0.6978 -0.6328 -0.3356
vn -0.3356 -0.6330 0.6976
vn 0.7082 0.6942 -0.1288
vn 0.7622 -0.6323 -0.1387
vn -0.4967 0.6949 0.5200
vn -0.5347 -0.6331 0.5598
vn 0.7133 0.6942 0.0963
vn 0.7677 -0.6324 0.1036
vn 0.6485 0.6944 0.3119
vn -0.1288 0.6943 -0.7080
vn -0.1387 -0.6325 -0.7621
vn 0.7232 -0.0000 0.6907
vn 0.1036 -0.6324 -0.7677
vn -0.6331 0.6949 0.3410
vn -0.6815 -0.6331 0.3672
vn 0.3120 0.6942 -0.6486
vn 0.3358 -0.6323 -0.6981
vn -0.1576 -0.4741 -0.8662
vn -0.4176 -0.4742 -0.7751
vn -0.1386 -0.6325 -0.7620
vn -0.3673 -0.6327 -0.6818
vn -0.5599 -0.6328 -0.5349
vn -0.6366 -0.4744 -0.6081
vn 0.6231 0.7739 -0.1134
vn 0.7081 0.6943 -0.1288
vn -0.6224 0.7744 0.1132
vn -0.4370 0.7744 0.4575
vn -0.4967 0.6950 0.5199
vn -0.8660 -0.4747 0.1575
vn -0.6080 -0.4747 0.6364
vn -0.5347 -0.6331 0.5597
vn -0.6899 0.0497 0.7222
vn -0.8793 0.0497 0.4737
vn -0.9826 0.0496 0.1788
vn -0.9898 0.0497 -0.1336
vn -0.9001 0.0496 -0.4329
vn -0.7222 0.0496 -0.6899
vn -0.4737 0.0496 -0.8793
vn -0.1788 0.0496 -0.9826
vn 0.1336 0.0496 -0.9898
vn 0.4329 0.0496 -0.9001
vn 0.6899 0.0496 -0.7222
vn 0.8793 0.0496 -0.4737
vn 0.9826 0.0496 -0.1788
vn 0.9898 0.0496 0.1336
vn 0.9000 0.0496 0.4330
vn 0.7222 0.0496 0.6899
vn 0.4737 0.0496 0.8793
vn 0.1788 0.0496 0.9826
vn -0.1336 0.0497 0.9898
vn -0.4329 0.0496 0.9000
vn -0.2499 0.9493 0.1907
vn -0.2896 0.9472 0.1373
vn -0.3770 0.9026 0.2079
vn -0.3392 0.9044 0.2589
vn -0.5340 0.8037 -0.2624
vn -0.6024 0.7760 -0.1871
vn -0.6619 0.7411 -0.1127
vn -0.4537 0.8489 0.2712
vn -0.4183 0.8504 0.3192
vn 0.2649 -0.9490 -0.1709
vn 0.3976 -0.9173 0.0210
vn 0.4780 -0.8766 -0.0548
vn 0.3535 -0.9041 -0.2400
vn 0.5477 -0.8272 -0.1255
vn 0.4317 -0.8502 -0.3015
vn -0.0389 0.9988 0.0297
vn -0.0812 0.9964 -0.0261
vn -0.1667 0.9852 0.0401
vn -0.1251 0.9875 0.0955
vn -0.3666 0.8329 -0.4146
vn -0.4362 0.8264 -0.3560
vn -0.6035 -0.0380 -0.7964
vn -0.5346 -0.4147 -0.7363
vn -0.4972 -0.4139 -0.7625
vn -0.6002 -0.0380 -0.7990
vn -0.2078 -0.9149 -0.3461
vn -0.1258 -0.9061 -0.4038
vn -0.0019 -0.8763 -0.4818
vn -0.4375 -0.4109 -0.7999
vn -0.5950 -0.0379 -0.8029
vn 0.0547 -0.9985 -0.0089
vn 0.2011 -0.9616 0.1866
vn 0.2825 -0.9516 0.1209
vn 0.1407 -0.9872 -0.0748
vn 0.6052 0.0055 0.7960
vn 0.5886 0.1793 0.7883
vn 0.5727 0.1792 0.8000
vn 0.6047 0.0054 0.7964
vn 0.2010 0.9194 0.3381
vn 0.1190 0.9105 0.3960
vn -0.0052 0.8802 0.4745
vn 0.5474 0.1790 0.8175
vn 0.6040 0.0055 0.7970
vn 0.6027 0.0055 0.7979
vn 0.5043 0.1782 0.8450
vn 0.4837 0.1776 0.8570
vn 0.6021 0.0055 0.7984
vn -0.1876 0.7995 0.5706
vn -0.2587 0.7558 0.6015
vn -0.2897 0.7349 0.6132
vn 0.4735 0.1776 0.8627
vn 0.6019 0.0055 0.7986
vn -0.3878 -0.4070 -0.8270
vn -0.5907 -0.0380 -0.8060
vn 0.0921 -0.8405 -0.5339
vn 0.1804 -0.7966 -0.5770
vn -0.3358 -0.4017 -0.8520
vn -0.5861 -0.0380 -0.8093
vn 0.5264 0.1787 0.8312
vn 0.6034 0.0055 0.7974
vn -0.0994 0.8440 0.5271
vn 0.5998 -0.7792 -0.1821
vn 0.4912 -0.7982 -0.3486
vn 0.6191 -0.7583 -0.2043
vn 0.5137 -0.7758 -0.3664
vn -0.5119 0.7972 0.3201
vn -0.4787 0.7984 0.3652
vn -0.7065 0.7060 -0.0493
vn -0.7245 0.6890 -0.0204
vn -0.5358 0.7726 0.3407
vn -0.5037 0.7736 0.3844
vn -0.2883 -0.3958 -0.8719
vn -0.5820 -0.0379 -0.8123
vn 0.2517 -0.7533 -0.6076
vn 0.2796 -0.7344 -0.6184
vn -0.2678 -0.3930 -0.8797
vn -0.5801 -0.0380 -0.8136
vn -0.0301 0.9993 0.0230
vn -0.0717 0.9969 -0.0320
vn -0.0594 0.9975 -0.0369
vn -0.0215 0.9996 0.0164
vn -0.3588 0.8344 -0.4184
vn -0.3650 0.8318 -0.4182
vn -0.5228 0.8238 -0.2193
vn -0.3040 0.9448 0.1220
vn -0.2497 0.9494 0.1906
vn 0.0353 -0.9994 0.0058
vn 0.1822 -0.9625 0.2011
vn 0.1443 -0.9624 0.2302
vn -0.0021 -0.9995 0.0322
vn 0.0266 -0.9485 0.3158
vn -0.1284 -0.9829 0.1322
vn 0.4844 0.1798 0.8562
vn 0.6021 0.0056 0.7984
vn -0.2547 0.7618 0.5956
vn -0.1107 0.8461 0.5215
vn 0.5233 0.1831 0.8322
vn 0.6031 0.0057 0.7977
vn 0.5789 -0.7997 -0.1591
vn 0.4673 -0.8204 -0.3296
vn 0.4390 -0.8983 -0.0177
vn 0.3104 -0.9280 -0.2063
vn -0.5057 0.8027 0.3161
vn -0.4728 0.8039 0.3609
vn -0.7001 0.7122 -0.0506
vn -0.5994 0.7817 -0.1724
vn -0.3791 0.9006 0.2125
vn -0.3428 0.9022 0.2616
vn -0.3076 -0.3991 -0.8637
vn -0.5835 -0.0384 -0.8112
vn 0.2227 -0.7719 -0.5954
vn 0.0459 -0.8597 -0.5088
vn -0.4117 -0.4110 -0.8134
vn -0.5925 -0.0389 -0.8046
vn -0.6477 0.4703 0.5994
vn -0.6462 0.4663 0.6042
vn 0.0020 0.2997 0.9540
vn -0.0213 0.3129 0.9495
vn -0.5762 -0.6121 0.5416
vn -0.1285 -0.9829 0.1323
vn 0.0266 -0.9484 0.3158
vn 0.0603 -0.5351 0.8426
vn -0.7009 0.2382 0.6723
vn 0.0634 0.1092 0.9920
vn -0.6065 -0.0379 -0.7941
vn -0.5447 -0.4140 -0.7294
vn -0.5887 -0.3933 -0.7062
vn -0.6436 -0.0232 -0.7650
vn -0.2254 -0.9157 -0.3328
vn -0.2611 -0.9158 -0.3051
vn -0.3682 -0.9043 -0.2160
vn -0.7922 -0.4054 -0.4561
vn -0.8667 0.0768 -0.4929
vn 0.6002 0.0088 0.7998
vn 0.5847 0.1798 0.7911
vn 0.5093 0.2104 0.8345
vn 0.5264 0.0530 0.8486
vn 0.2061 0.9206 0.3318
vn 0.2032 0.9189 0.3380
vn -0.0368 0.8886 0.4572
vn -0.0712 0.4362 0.8970
vn 0.5015 -0.7759 -0.3827
vn 0.4544 -0.8205 -0.3467
vn -0.6200 -0.6259 0.4731
vn -0.7717 0.2399 0.5889
vn -0.2898 0.7349 0.6131
vn -0.4929 0.7735 0.3984
vn -0.4617 0.8038 0.3752
vn -0.2548 0.7618 0.5956
vn -0.3306 0.9021 0.2775
vn -0.1107 0.8461 0.5214
vn 0.2957 -0.9282 -0.2257
vn 0.0195 -0.9997 -0.0149
vn -0.0175 -0.9998 0.0133
vn -0.1456 -0.9831 0.1111
vn 0.4183 -0.8503 -0.3192
vn 0.4787 -0.7984 -0.3653
vn 0.2061 0.9206 0.3317
vn -0.0164 0.9990 0.0409
vn -0.0080 0.9994 0.0326
vn 0.2031 0.9190 0.3380
vn -0.2342 0.9485 0.2132
vn -0.0367 0.8886 0.4572
vn -0.1876 0.7995 0.5705
vn -0.4064 0.8502 0.3347
vn -0.4675 0.7982 0.3798
vn -0.2587 0.7559 0.6015
vn 0.0389 -0.9988 -0.0297
vn 0.1251 -0.9875 -0.0955
vn 0.2499 -0.9493 -0.1907
vn 0.3392 -0.9044 -0.2589
vn -0.0251 0.9985 0.0480
vn -0.1113 0.9873 0.1135
vn 0.1189 0.9105 0.3960
vn -0.2367 0.9491 0.2080
vn -0.3266 0.9042 0.2754
vn -0.0995 0.8440 0.5270
vn 0.2033 -0.9465 -0.2505
vn 0.2946 -0.9020 -0.3157
vn 0.0922 -0.8405 -0.5339
vn 0.3762 -0.8483 -0.3726
vn -0.2078 -0.9149 -0.3460
vn -0.0095 -0.9956 -0.0931
vn 0.0770 -0.9845 -0.1579
vn -0.1258 -0.9062 -0.4038
vn 0.4391 -0.7967 -0.4153
vn 0.2517 -0.7534 -0.6075
vn 0.4629 -0.7744 -0.4312
vn 0.2797 -0.7344 -0.6184
vn -0.2253 -0.9157 -0.3327
vn -0.0286 -0.9965 -0.0781
vn -0.0618 -0.9970 -0.0476
vn -0.1963 -0.9797 0.0405
vn -0.3681 -0.9043 -0.2160
vn 0.4137 -0.8187 -0.3982
vn 0.2501 -0.9256 -0.2841
vn 0.0460 -0.8597 -0.5087
vn -0.8667 0.0769 -0.4928
vn -0.7669 -0.5817 0.2710
vn -0.9252 0.2268 0.3044
vn -0.1964 -0.9797 0.0405
vn -0.1457 -0.9831 0.1111
vn -0.6462 0.4481 0.6178
vn -0.7095 0.4511 0.5414
vn -0.8706 0.2196 -0.4402
vn -0.8573 0.1927 -0.4774
vn -0.8562 0.4297 0.2867
vn -0.8373 0.4508 0.3094
vn -0.7021 0.4690 0.5358
vn -0.7005 0.4727 0.5346
vn -0.6158 0.5616 0.5526
vn -0.6549 0.5668 0.4998
vn 0.1823 -0.9624 0.2012
vn 0.4988 -0.5881 0.6367
vn 0.4520 -0.5638 0.6913
vn 0.1444 -0.9624 0.2302
vn 0.6019 -0.0589 0.7964
vn 0.5408 -0.0347 0.8404
vn 0.0604 -0.5351 0.8426
vn 0.0265 -0.9484 0.3158
vn -0.6078 0.0002 -0.7941
vn -0.6079 0.0002 -0.7940
vn -0.6448 0.0224 -0.7641
vn -0.6487 0.0262 -0.7606
vn -0.8573 0.1927 -0.4775
vn -0.8706 0.2196 -0.4403
vn 0.0504 0.2687 0.9619
vn -0.6054 -0.0000 -0.7959
vn -0.6054 -0.0002 -0.7960
vn -0.6053 -0.0003 -0.7960
vn 0.6191 -0.7583 -0.2042
vn 0.7850 -0.5318 0.3178
vn 0.7546 -0.5462 0.3636
vn 0.5790 -0.7997 -0.1591
vn 0.6429 -0.0607 0.7636
vn 0.6377 -0.0611 0.7679
vn 0.6238 -0.0617 0.7791
vn 0.6586 -0.5756 0.4847
vn 0.4390 -0.8983 -0.0176
vn 0.6325 -0.5786 0.5150
vn 0.6844 -0.5680 0.4571
vn 0.4780 -0.8766 -0.0547
vn 0.6202 -0.0607 0.7821
vn 0.6269 -0.0606 0.7768
vn 0.6338 -0.0606 0.7711
vn 0.7322 -0.5539 0.3964
vn 0.5478 -0.8272 -0.1254
vn 0.7702 -0.5388 0.3414
vn 0.6401 -0.0606 0.7659
vn 0.2012 -0.9616 0.1866
vn 0.5119 -0.5891 0.6252
vn 0.5614 -0.5868 0.5835
vn 0.2825 -0.9516 0.1210
vn 0.6067 -0.0607 0.7926
vn 0.6120 -0.0607 0.7885
vn 0.2499 0.9493 -0.1907
vn 0.2896 0.9472 -0.1373
vn 0.3770 0.9026 -0.2079
vn 0.3392 0.9044 -0.2589
vn 0.5340 0.8037 0.2625
vn 0.6024 0.7760 0.1871
vn 0.6619 0.7411 0.1127
vn 0.4537 0.8489 -0.2712
vn 0.4183 0.8504 -0.3192
vn -0.2649 -0.9490 0.1709
vn -0.3976 -0.9173 -0.0210
vn -0.4780 -0.8766 0.0548
vn -0.3535 -0.9041 0.2400
vn -0.5477 -0.8272 0.1255
vn -0.4317 -0.8502 0.3015
vn 0.0389 0.9988 -0.0297
vn 0.0812 0.9964 0.0261
vn 0.1667 0.9852 -0.0401
vn 0.1251 0.9875 -0.0955
vn 0.3666 0.8329 0.4146
vn 0.4362 0.8264 0.3560
vn 0.6035 -0.0380 0.7964
vn 0.5346 -0.4147 0.7363
vn 0.4972 -0.4139 0.7625
vn 0.6002 -0.0379 0.7990
vn 0.2078 -0.9149 0.3461
vn 0.1258 -0.9061 0.4038
vn 0.0019 -0.8763 0.4818
vn 0.4375 -0.4109 0.7998
vn 0.5950 -0.0379 0.8029
vn -0.0547 -0.9985 0.0089
vn -0.2011 -0.9616 -0.1866
vn -0.2825 -0.9516 -0.1209
vn -0.1407 -0.9872 0.0748
vn -0.6052 0.0055 -0.7960
vn -0.5886 0.1793 -0.7883
vn -0.5727 0.1792 -0.8000
vn -0.6047 0.0055 -0.7964
vn -0.2009 0.9194 -0.3381
vn -0.1190 0.9105 -0.3960
vn 0.0052 0.8802 -0.4745
vn -0.5474 0.1790 -0.8175
vn -0.6040 0.0055 -0.7970
vn -0.6027 0.0055 -0.7979
vn -0.5043 0.1782 -0.8450
vn -0.4837 0.1776 -0.8570
vn -0.6021 0.0055 -0.7984
vn 0.1876 0.7995 -0.5706
vn 0.2586 0.7558 -0.6015
vn 0.2888 0.7355 -0.6129
vn -0.4738 0.1776 -0.8625
vn -0.6019 0.0055 -0.7986
vn 0.3878 -0.4070 0.8270
vn 0.5907 -0.0380 0.8060
vn -0.0921 -0.8405 0.5339
vn -0.1804 -0.7966 0.5770
vn 0.3358 -0.4016 0.8520
vn 0.5861 -0.0380 0.8093
vn -0.5264 0.1787 -0.8312
vn -0.6034 0.0055 -0.7974
vn 0.0994 0.8440 -0.5271
vn -0.5998 -0.7792 0.1822
vn -0.4912 -0.7982 0.3486
vn -0.6186 -0.7589 0.2037
vn -0.5131 -0.7764 0.3660
vn 0.5119 0.7972 -0.3201
vn 0.4787 0.7984 -0.3652
vn 0.7065 0.7060 0.0494
vn 0.7240 0.6895 0.0212
vn 0.5351 0.7733 -0.3401
vn 0.5030 0.7744 -0.3838
vn 0.2883 -0.3958 0.8719
vn 0.5820 -0.0380 0.8123
vn -0.2517 -0.7533 0.6076
vn -0.2789 -0.7349 0.6182
vn 0.2683 -0.3931 0.8795
vn 0.5802 -0.0380 0.8136
vn 0.0288 0.9993 -0.0220
vn 0.0705 0.9970 0.0330
vn 0.0619 0.9974 0.0356
vn 0.0240 0.9995 -0.0183
vn 0.3578 0.8343 0.4193
vn 0.3671 0.8327 0.4146
vn 0.5806 0.8045 0.1253
vn 0.3833 0.9008 -0.2043
vn 0.3408 0.9034 -0.2601
vn -0.0352 -0.9994 -0.0058
vn -0.1822 -0.9625 -0.2012
vn -0.1414 -0.9623 -0.2323
vn 0.0048 -0.9994 -0.0346
vn 0.0462 -0.9298 -0.3652
vn 0.2098 -0.9588 -0.1916
vn -0.4866 0.1797 -0.8549
vn -0.6022 0.0055 -0.7983
vn 0.2475 0.7663 -0.5928
vn 0.0932 0.8532 -0.5132
vn -0.5275 0.1828 -0.8297
vn -0.6032 0.0057 -0.7975
vn -0.5747 -0.8036 0.1546
vn -0.4625 -0.8245 0.3258
vn -0.4298 -0.9029 0.0089
vn -0.3002 -0.9330 0.1983
vn 0.5001 0.8081 -0.3113
vn 0.4670 0.8093 -0.3564
vn 0.6959 0.7158 0.0573
vn 0.5880 0.7869 0.1873
vn 0.3640 0.9097 -0.2000
vn 0.3273 0.9113 -0.2498
vn 0.3115 -0.3996 0.8621
vn 0.5839 -0.0383 0.8109
vn -0.2169 -0.7754 0.5930
vn -0.0351 -0.8637 0.5028
vn 0.4175 -0.4113 0.8103
vn 0.5930 -0.0388 0.8042
vn 0.6908 0.4284 -0.5825
vn 0.6902 0.4260 -0.5849
vn 0.2075 0.3367 -0.9185
vn 0.2263 0.3454 -0.9108
vn 0.7189 -0.3338 -0.6098
vn 0.0462 -0.9297 -0.3653
vn 0.1361 -0.4260 -0.8944
vn 0.7369 0.2408 -0.6317
vn 0.1618 0.1550 -0.9746
vn 0.6065 -0.0379 0.7941
vn 0.5446 -0.4141 0.7293
vn 0.5932 -0.3954 0.7013
vn 0.6500 -0.0219 0.7596
vn 0.2254 -0.9157 0.3328
vn 0.2639 -0.9157 0.3030
vn 0.4312 -0.8880 0.1597
vn 0.8897 -0.3366 0.3085
vn 0.9417 0.1208 0.3140
vn -0.6004 0.0085 -0.7997
vn -0.5852 0.1800 -0.7907
vn -0.4990 0.2135 -0.8399
vn -0.5149 0.0549 -0.8555
vn -0.2075 0.9206 -0.3309
vn -0.1991 0.9193 -0.3394
vn 0.1396 0.8569 -0.4963
vn 0.2558 0.4328 -0.8644
vn -0.5009 -0.7766 0.3822
vn -0.4496 -0.8247 0.3431
vn 0.7462 -0.3448 -0.5694
vn 0.7715 0.2411 -0.5888
vn 0.2889 0.7355 -0.6129
vn 0.4922 0.7742 -0.3979
vn 0.4558 0.8092 -0.3708
vn 0.2476 0.7664 -0.5928
vn 0.3149 0.9111 -0.2658
vn 0.0933 0.8532 -0.5132
vn -0.2855 -0.9333 0.2179
vn -0.0195 -0.9997 0.0149
vn 0.0204 -0.9997 -0.0156
vn 0.2268 -0.9584 -0.1730
vn -0.4183 -0.8503 0.3192
vn -0.4787 -0.7984 0.3653
vn -0.2074 0.9206 -0.3308
vn 0.0151 0.9991 -0.0400
vn 0.0102 0.9993 -0.0346
vn -0.1990 0.9193 -0.3394
vn 0.3278 0.9030 -0.2779
vn 0.1395 0.8569 -0.4962
vn 0.1876 0.7995 -0.5705
vn 0.4064 0.8502 -0.3347
vn 0.4675 0.7982 -0.3798
vn 0.2587 0.7559 -0.6014
vn -0.1251 -0.9875 0.0955
vn -0.0389 -0.9988 0.0297
vn -0.2499 -0.9493 0.1907
vn -0.3392 -0.9044 0.2589
vn -0.2010 0.9194 -0.3381
vn 0.0251 0.9985 -0.0480
vn 0.1113 0.9873 -0.1135
vn -0.1189 0.9105 -0.3960
vn 0.2367 0.9491 -0.2080
vn 0.3266 0.9042 -0.2754
vn 0.0995 0.8440 -0.5270
vn -0.2033 -0.9465 0.2505
vn -0.2946 -0.9020 0.3157
vn -0.0922 -0.8405 0.5339
vn -0.3762 -0.8483 0.3725
vn 0.2078 -0.9149 0.3460
vn 0.0095 -0.9956 0.0931
vn -0.0770 -0.9845 0.1579
vn 0.1258 -0.9062 0.4038
vn -0.4391 -0.7967 0.4153
vn -0.2517 -0.7534 0.6075
vn -0.4623 -0.7750 0.4309
vn 0.2253 -0.9157 0.3327
vn 0.0286 -0.9965 0.0781
vn 0.0647 -0.9968 0.0461
vn 0.2638 -0.9157 0.3030
vn 0.2706 -0.9568 -0.1062
vn 0.4311 -0.8880 0.1597
vn -0.4087 -0.8229 0.3948
vn -0.2170 -0.7754 0.5930
vn -0.2396 -0.9307 0.2766
vn -0.0352 -0.8637 0.5027
vn 0.8358 -0.3185 -0.4472
vn 0.8619 0.2378 -0.4479
vn 0.4311 -0.8880 0.1598
vn 0.2706 -0.9568 -0.1063
vn 0.2268 -0.9584 -0.1731
vn 0.6933 0.4089 -0.5934
vn 0.7251 0.4098 -0.5534
vn 0.9284 0.2714 0.2540
vn 0.9230 0.2449 0.2969
vn 0.8107 0.4040 -0.4237
vn 0.7973 0.4217 -0.4319
vn 0.7189 0.4268 -0.5486
vn 0.7180 0.4292 -0.5479
vn 0.6736 0.4825 -0.5599
vn 0.6951 0.4852 -0.5305
vn -0.1822 -0.9624 -0.2012
vn -0.4988 -0.5882 -0.6366
vn -0.4433 -0.5660 -0.6951
vn -0.1414 -0.9623 -0.2324
vn -0.6019 -0.0590 -0.7964
vn -0.5297 -0.0329 -0.8475
vn 0.1360 -0.4260 -0.8945
vn 0.6078 0.0002 0.7941
vn 0.6512 0.0241 0.7585
vn 0.6553 0.0278 0.7549
vn 0.1665 0.3107 -0.9358
vn 0.6054 -0.0000 0.7959
vn 0.6054 -0.0002 0.7960
vn 0.6052 -0.0003 0.7961
vn -0.6186 -0.7588 0.2036
vn -0.7846 -0.5320 -0.3185
vn -0.7516 -0.5474 -0.3680
vn -0.5748 -0.8036 0.1545
vn -0.6428 -0.0607 -0.7637
vn -0.6372 -0.0611 -0.7683
vn -0.6230 -0.0616 -0.7798
vn -0.6527 -0.5766 -0.4914
vn -0.3976 -0.9173 -0.0211
vn -0.6325 -0.5785 -0.5150
vn -0.6845 -0.5679 -0.4571
vn -0.4780 -0.8766 0.0547
vn -0.6202 -0.0607 -0.7821
vn -0.6269 -0.0606 -0.7768
vn -0.6338 -0.0606 -0.7712
vn -0.7322 -0.5539 -0.3964
vn -0.5478 -0.8272 0.1254
vn -0.7702 -0.5388 -0.3414
vn -0.5998 -0.7792 0.1821
vn -0.6401 -0.0606 -0.7659
vn -0.2012 -0.9616 -0.1866
vn -0.5119 -0.5891 -0.6252
vn -0.5614 -0.5868 -0.5835
vn -0.2825 -0.9516 -0.1210
vn -0.6067 -0.0606 -0.7926
vn -0.6120 -0.0607 -0.7885
vn -0.6060 0.1132 -0.7874
vn -0.6158 0.1132 -0.7797
vn -0.4363 0.8264 -0.3560
vn -0.6056 0.0034 -0.7958
vn -0.6059 0.0035 -0.7955
vn -0.6063 0.0034 -0.7952
vn -0.6309 0.1131 -0.7675
vn -0.5340 0.8037 -0.2625
vn -0.6431 0.1131 -0.7574
vn -0.6024 0.7760 -0.1872
vn -0.6067 0.0034 -0.7949
vn -0.6071 0.0034 -0.7946
vn -0.6557 0.1129 -0.7465
vn -0.6671 0.1128 -0.7364
vn -0.7065 0.7060 -0.0494
vn -0.6075 0.0034 -0.7943
vn -0.6077 0.0034 -0.7942
vn -0.6725 0.1129 -0.7314
vn -0.6662 0.1140 -0.7370
vn -0.7001 0.7122 -0.0507
vn -0.6073 0.0034 -0.7944
vn -0.6063 0.0030 -0.7952
vn -0.6437 0.1154 -0.7565
vn -0.0713 0.4362 0.8970
vn -0.3589 0.8344 -0.4184
vn -0.6071 0.1111 -0.7869
vn -0.6482 0.1308 -0.7502
vn -0.6078 0.0033 -0.7941
vn -0.6507 0.0305 -0.7588
vn -0.8767 0.2318 -0.4215
vn -0.8670 0.3376 -0.3664
vn -0.5227 0.8238 -0.2193
vn 0.5305 0.0460 0.8464
vn 0.6008 0.0037 0.7994
vn -0.2498 0.9494 0.1906
vn -0.8670 0.3377 -0.3664
vn -0.7675 0.5472 0.3340
vn -0.3041 0.9448 0.1220
vn -0.8301 0.4561 0.3207
vn 0.6053 0.0001 0.7960
vn 0.6052 0.0003 0.7961
vn 0.6053 0.0002 0.7960
vn 0.6014 0.0032 0.7989
vn 0.5385 0.0395 0.8417
vn -0.6052 -0.0008 -0.7960
vn -0.6054 0.0023 -0.7959
vn 0.6042 0.0060 0.7968
vn 0.6052 0.0009 0.7961
vn 0.6053 0.0007 0.7960
vn 0.6113 -0.0614 0.7890
vn -0.1486 0.9824 0.1134
vn -0.1353 0.9821 0.1308
vn -0.6177 0.1136 -0.7782
vn -0.4485 0.8305 -0.3303
vn -0.6051 -0.0004 -0.7961
vn -0.6054 -0.0002 -0.7959
vn -0.6054 -0.0006 -0.7960
vn -0.6053 -0.0007 -0.7960
vn -0.6005 -0.0391 -0.7987
vn 0.5537 -0.5890 0.5886
vn 0.2707 -0.9538 0.1305
vn 0.1282 -0.9896 -0.0653
vn 0.1126 -0.9899 -0.0859
vn 0.0644 -0.9868 -0.1485
vn -0.1376 -0.9082 -0.3954
vn 0.0898 0.9105 0.4037
vn 0.5670 0.1822 0.8033
vn 0.0898 0.9104 0.4038
vn -0.5021 -0.4158 -0.7583
vn -0.1376 -0.9081 -0.3954
vn 0.2706 -0.9538 0.1304
vn -0.1885 0.9802 0.0600
vn 0.6060 0.1132 0.7874
vn 0.6158 0.1132 0.7797
vn 0.4363 0.8264 0.3560
vn 0.6056 0.0034 0.7958
vn 0.6059 0.0034 0.7956
vn 0.6063 0.0034 0.7952
vn 0.6309 0.1131 0.7675
vn 0.6431 0.1131 0.7574
vn 0.6024 0.7760 0.1872
vn 0.6067 0.0034 0.7949
vn 0.6071 0.0034 0.7946
vn 0.6557 0.1129 0.7465
vn 0.6671 0.1128 0.7364
vn 0.6075 0.0034 0.7943
vn 0.6076 0.0034 0.7942
vn 0.6724 0.1129 0.7316
vn 0.6650 0.1140 0.7381
vn 0.6960 0.7158 0.0573
vn 0.6073 0.0033 0.7945
vn 0.6063 0.0031 0.7952
vn 0.6414 0.1151 0.7585
vn 0.5880 0.7868 0.1873
vn 0.2559 0.4328 -0.8644
vn 0.3279 0.9029 -0.2779
vn 0.3579 0.8343 0.4193
vn 0.6069 0.1115 0.7869
vn 0.6538 0.1332 0.7448
vn 0.3672 0.8326 0.4146
vn 0.6078 0.0033 0.7941
vn 0.6572 0.0320 0.7531
vn 0.9308 0.2812 0.2337
vn 0.9130 0.3632 0.1856
vn -0.5189 0.0480 -0.8535
vn -0.6009 0.0033 -0.7993
vn 0.3409 0.9034 -0.2601
vn 0.5806 0.8045 0.1254
vn 0.7610 0.4771 -0.4397
vn 0.3833 0.9007 -0.2043
vn 0.7931 0.4245 -0.4368
vn -0.6053 0.0001 -0.7960
vn -0.6052 0.0003 -0.7960
vn -0.6053 0.0002 -0.7960
vn -0.6014 0.0029 -0.7989
vn -0.5271 0.0417 -0.8488
vn 0.6053 -0.0008 0.7960
vn 0.6054 0.0025 0.7959
vn -0.6043 0.0059 -0.7967
vn -0.6052 0.0009 -0.7961
vn -0.6053 0.0006 -0.7960
vn -0.6109 -0.0612 -0.7893
vn -0.6053 0.0004 -0.7960
vn -0.6050 0.0008 -0.7962
vn -0.6053 0.0007 -0.7960
vn 0.1374 0.9850 -0.1048
vn 0.1241 0.9847 -0.1223
vn 0.6165 0.1136 0.7791
vn 0.4404 0.8312 0.3394
vn 0.6051 -0.0004 0.7961
vn 0.6054 -0.0002 0.7959
vn 0.6054 -0.0006 0.7960
vn 0.6052 -0.0007 0.7961
vn 0.6007 -0.0390 0.7985
vn 0.6054 -0.0006 0.7959
vn -0.5508 -0.5890 -0.5913
vn -0.2659 -0.9546 -0.1345
vn -0.1231 -0.9905 0.0613
vn -0.1075 -0.9908 0.0820
vn -0.0592 -0.9877 0.1447
vn 0.1424 -0.9088 0.3921
vn -0.1014 0.9120 -0.3974
vn -0.5693 0.1820 -0.8018
vn -0.1015 0.9120 -0.3974
vn 0.5044 -0.4157 0.7568
vn 0.1425 -0.9088 0.3921
vn -0.2659 -0.9546 -0.1344
vn 0.1776 0.9828 -0.0511
vn 0.4403 0.8312 0.3394
vn -0.1907 0.9493 -0.2499
vn -0.1400 0.9474 -0.2877
vn -0.2105 0.9028 -0.3751
vn -0.2589 0.9044 -0.3392
vn 0.2526 0.8101 -0.5292
vn 0.1770 0.7817 -0.5980
vn 0.1024 0.7461 -0.6579
vn -0.2736 0.8490 -0.4520
vn -0.3192 0.8504 -0.4183
vn 0.1709 -0.9490 0.2649
vn -0.0213 -0.9172 0.3978
vn 0.0544 -0.8765 0.4783
vn 0.2400 -0.9041 0.3535
vn 0.1251 -0.8271 0.5479
vn 0.3015 -0.8502 0.4317
vn -0.0297 0.9988 -0.0389
vn 0.0233 0.9966 -0.0791
vn -0.0429 0.9854 -0.1647
vn -0.0955 0.9875 -0.1251
vn 0.4057 0.8400 -0.3603
vn 0.3466 0.8334 -0.4305
vn 0.7964 -0.0373 -0.6036
vn 0.7374 -0.4117 -0.5356
vn 0.7634 -0.4108 -0.4985
vn 0.7989 -0.0373 -0.6003
vn 0.3466 -0.9146 -0.2082
vn 0.4043 -0.9059 -0.1262
vn 0.4822 -0.8760 -0.0024
vn 0.8005 -0.4079 -0.4392
vn 0.8028 -0.0373 -0.5951
vn 0.0089 -0.9985 0.0547
vn -0.1869 -0.9615 0.2014
vn -0.1213 -0.9515 0.2828
vn 0.0748 -0.9872 0.1407
vn 0.7960 0.0020 -0.6052
vn 0.7964 -0.0011 -0.6048
vn 0.7940 0.0003 -0.6079
vn 0.7941 0.0033 -0.6078
vn -0.1226 -0.9794 -0.1606
vn -0.1433 -0.9792 -0.1434
vn -0.5728 -0.5302 -0.6251
vn -0.5087 -0.5449 -0.6666
vn -0.7965 -0.0574 0.6019
vn -0.7990 0.0042 0.6013
vn -0.8432 0.0545 0.5349
vn -0.8423 -0.0242 0.5384
vn -0.7997 0.0051 0.6004
vn -0.8497 0.0659 0.5231
vn -0.9093 0.4113 -0.0628
vn -0.9302 0.3670 0.0011
vn -0.9826 0.1850 0.0166
vn 0.8275 -0.4040 -0.3899
vn 0.8059 -0.0373 -0.5909
vn 0.5343 -0.8403 0.0917
vn 0.5774 -0.7964 0.1800
vn 0.8523 -0.3988 -0.3383
vn 0.8091 -0.0373 -0.5865
vn 0.1818 -0.7791 0.5999
vn 0.3486 -0.7982 0.4912
vn 0.2038 -0.7584 0.6191
vn 0.3663 -0.7760 0.5135
vn -0.3224 0.7973 -0.5103
vn -0.3653 0.7984 -0.4787
vn 0.0391 0.7103 -0.7028
vn 0.0094 0.6926 -0.7212
vn -0.3434 0.7720 -0.5348
vn -0.3848 0.7730 -0.5043
vn 0.8722 -0.3930 -0.2911
vn 0.8121 -0.0373 -0.5824
vn 0.6080 -0.7532 0.2512
vn 0.6188 -0.7344 0.2790
vn 0.8799 -0.3904 -0.2708
vn 0.8134 -0.0374 -0.5805
vn -0.0262 0.9991 -0.0343
vn 0.0258 0.9970 -0.0736
vn 0.0322 0.9977 -0.0598
vn -0.0185 0.9995 -0.0242
vn 0.4057 0.8423 -0.3549
vn 0.4036 0.8409 -0.3606
vn 0.1572 0.8391 -0.5207
vn -0.1516 0.9349 -0.3210
vn -0.2097 0.9384 -0.2747
vn -0.0058 -0.9994 0.0353
vn -0.2015 -0.9623 0.1825
vn -0.2311 -0.9622 0.1439
vn -0.0328 -0.9995 -0.0027
vn -0.3261 -0.9452 0.0135
vn 0.1577 -0.8006 0.5780
vn 0.3286 -0.8214 0.4661
vn 0.0151 -0.8994 0.4368
vn 0.2043 -0.9293 0.3078
vn -0.3228 0.7980 -0.5089
vn -0.3648 0.7990 -0.4780
vn 0.0330 0.7139 -0.6995
vn 0.1437 0.7836 -0.6044
vn -0.2278 0.8915 -0.3917
vn -0.2733 0.8927 -0.3582
vn 0.8636 -0.3969 -0.3109
vn 0.8110 -0.0379 -0.5839
vn 0.5952 -0.7726 0.2208
vn 0.5075 -0.8606 0.0428
vn 0.8130 -0.4088 -0.4146
vn 0.8045 -0.0386 -0.5927
vn -0.8672 -0.4974 0.0229
vn -0.6414 0.3396 -0.6880
vn -0.9826 0.1850 0.0165
vn 0.7942 -0.0374 -0.6066
vn 0.7303 -0.4112 -0.5455
vn 0.7065 -0.3895 -0.5909
vn 0.7638 -0.0171 -0.6452
vn 0.3332 -0.9154 -0.2257
vn 0.3052 -0.9155 -0.2622
vn 0.2066 -0.9012 -0.3809
vn 0.4331 -0.3773 -0.8186
vn 0.4574 0.1332 -0.8793
vn 0.3826 -0.7761 0.5013
vn 0.3459 -0.8216 0.4531
vn -0.5702 0.3412 -0.7473
vn -0.6080 0.7364 -0.2967
vn -0.3982 0.7729 -0.4941
vn -0.3783 0.7989 -0.4676
vn -0.5917 0.7602 -0.2683
vn -0.2880 0.8926 -0.3468
vn -0.5210 0.8425 -0.1367
vn 0.2237 -0.9295 0.2931
vn 0.0149 -0.9997 0.0195
vn -0.0138 -0.9997 -0.0181
vn -0.1225 -0.9794 -0.1606
vn 0.3192 -0.8503 0.4183
vn 0.3653 -0.7984 0.4787
vn -0.3263 0.9249 0.1951
vn -0.0432 0.9988 -0.0214
vn -0.0337 0.9994 -0.0113
vn -0.3317 0.9240 0.1905
vn -0.2289 0.9376 -0.2616
vn -0.4455 0.8910 -0.0876
vn -0.5648 0.8021 -0.1940
vn -0.3340 0.8502 -0.4070
vn -0.3791 0.7983 -0.4680
vn -0.5960 0.7580 -0.2649
vn 0.0298 -0.9988 0.0389
vn 0.0955 -0.9875 0.1251
vn 0.1907 -0.9493 0.2499
vn 0.2589 -0.9044 0.3392
vn -0.3307 0.9233 0.1951
vn -0.0471 0.9986 -0.0257
vn -0.1126 0.9873 -0.1120
vn -0.3889 0.9143 0.1128
vn -0.2071 0.9491 -0.2373
vn -0.4680 0.8837 -0.0117
vn -0.2746 0.9042 -0.3272
vn -0.5209 0.8470 -0.1059
vn 0.4822 -0.8761 -0.0023
vn 0.2505 -0.9465 0.2033
vn 0.3157 -0.9020 0.2946
vn 0.5343 -0.8403 0.0918
vn 0.3725 -0.8483 0.3762
vn 0.3465 -0.9147 -0.2082
vn 0.0931 -0.9956 -0.0095
vn 0.1579 -0.9845 0.0770
vn 0.4042 -0.9059 -0.1262
vn 0.4153 -0.7967 0.4391
vn 0.6079 -0.7532 0.2513
vn 0.4312 -0.7746 0.4627
vn 0.6187 -0.7344 0.2791
vn 0.3332 -0.9155 -0.2257
vn 0.0781 -0.9965 -0.0287
vn 0.0472 -0.9969 -0.0624
vn 0.3051 -0.9155 -0.2622
vn -0.0525 -0.9762 -0.2103
vn 0.3973 -0.8198 0.4124
vn 0.5951 -0.7727 0.2209
vn 0.2822 -0.9269 0.2474
vn 0.5075 -0.8606 0.0429
vn 0.4573 0.1332 -0.8793
vn -0.3180 -0.5024 -0.8040
vn -0.3306 0.3277 -0.8851
vn 0.2067 -0.9012 -0.3810
vn 0.3771 0.3156 -0.8708
vn -0.3238 0.5582 -0.7640
vn -0.3355 0.5623 -0.7558
vn 0.3480 0.3340 -0.8760
vn -0.4976 0.5721 -0.6520
vn -0.4965 0.5746 -0.6506
vn -0.5678 0.5508 -0.6117
vn -0.5053 0.5533 -0.6622
vn -0.2016 -0.9623 0.1826
vn -0.6386 -0.5848 0.5002
vn -0.6951 -0.5591 0.4519
vn -0.2312 -0.9622 0.1440
vn -0.8672 -0.4974 0.0230
vn -0.3262 -0.9452 0.0135
vn 0.4332 0.2724 -0.8592
vn -0.3009 0.5355 -0.7891
vn 0.7959 -0.0000 -0.6054
vn 0.7949 0.0034 -0.6067
vn 0.7952 0.0034 -0.6063
vn -0.5513 0.5700 -0.6093
vn 0.7544 0.0433 -0.6550
vn 0.7418 0.1464 -0.6544
vn 0.7865 0.1116 -0.6074
vn 0.3480 0.3339 -0.8760
vn 0.2663 0.4395 -0.8578
vn 0.4057 0.8423 -0.3550
vn 0.2038 -0.7583 0.6192
vn -0.3216 -0.5293 0.7851
vn -0.3678 -0.5440 0.7541
vn 0.1576 -0.8006 0.5781
vn -0.7642 -0.0597 0.6422
vn -0.7684 -0.0603 0.6371
vn -0.7795 -0.0610 0.6234
vn -0.4886 -0.5735 0.6576
vn -0.9302 0.3670 0.0010
vn 0.7960 -0.0003 -0.6053
vn 0.7959 -0.0001 -0.6054
vn 0.7961 -0.0005 -0.6051
vn -0.0214 -0.9172 0.3979
vn -0.5178 -0.5753 0.6332
vn -0.4602 -0.5648 0.6850
vn -0.7824 -0.0596 0.6200
vn -0.7771 -0.0596 0.6265
vn -0.7716 -0.0596 0.6333
vn -0.3998 -0.5510 0.7325
vn 0.1250 -0.8271 0.5480
vn -0.3450 -0.5361 0.7704
vn 0.1817 -0.7791 0.6000
vn -0.7665 -0.0596 0.6395
vn -0.1870 -0.9615 0.2015
vn -0.6274 -0.5856 0.5133
vn -0.5859 -0.5834 0.5625
vn -0.1214 -0.9515 0.2828
vn -0.7927 -0.0596 0.6067
vn -0.7887 -0.0597 0.6119
vn 0.7953 0.0028 -0.6063
vn 0.7945 0.0033 -0.6073
vn 0.7942 0.0034 -0.6076
vn 0.7943 0.0034 -0.6075
vn 0.7946 0.0034 -0.6071
vn 0.7623 0.0312 -0.6464
vn 0.7941 0.0002 -0.6078
vn 0.7572 0.0378 -0.6521
vn 0.7956 0.0034 -0.6059
vn 0.7958 0.0034 -0.6056
vn -0.7959 -0.0000 0.6054
vn -0.7964 0.0055 0.6047
vn -0.7970 0.0055 0.6040
vn -0.7984 0.0055 0.6021
vn -0.7986 0.0055 0.6018
vn -0.7960 0.0055 0.6052
vn -0.7975 0.0055 0.6034
vn -0.7979 0.0055 0.6027
vn -0.7962 0.0005 0.6051
vn -0.7985 0.0056 0.6020
vn -0.7978 0.0058 0.6029
vn -0.5464 0.5728 -0.6111
vn -0.7961 0.0003 0.6052
vn -0.7960 0.0003 0.6053
vn -0.8002 0.0102 0.5997
vn -0.7920 0.1823 0.5827
vn -0.8383 0.2362 0.4915
vn -0.8529 0.0751 0.5167
vn -0.3317 0.9239 0.1905
vn -0.4456 0.8909 -0.0876
vn -0.8308 0.5336 -0.1581
vn -0.8988 0.4282 -0.0938
vn -0.7962 0.0013 0.6051
vn -0.7970 0.0062 0.6039
vn 0.7960 -0.0009 -0.6053
vn 0.7986 -0.0388 -0.6006
vn -0.7960 0.0009 0.6053
vn -0.7892 -0.0605 0.6111
vn -0.1247 0.9787 -0.1634
vn -0.1408 0.9785 -0.1510
vn -0.5912 -0.5863 0.5539
vn -0.1318 -0.9539 0.2697
vn 0.0642 -0.9898 0.1269
vn 0.0849 -0.9902 0.1112
vn -0.8988 0.4282 -0.0939
vn 0.1475 -0.9870 0.0631
vn 0.3949 -0.9081 -0.1391
vn -0.4030 0.9128 0.0663
vn 0.7586 -0.4134 -0.5036
vn 0.3949 -0.9081 -0.1392
vn -0.1318 -0.9539 0.2696
vn -0.0749 0.9768 -0.2005
vn 0.3057 0.8381 -0.4517
vn -0.5211 0.8425 -0.1366
vn -0.8054 0.1853 0.5631
vn -0.8352 0.1866 0.5173
vn 0.2526 0.8101 -0.5291
vn 0.7672 0.1141 -0.6311
vn 0.7569 0.1141 -0.6434
vn 0.1770 0.7817 -0.5981
vn 0.7460 0.1139 -0.6561
vn -0.5084 0.6299 -0.5871
vn -0.4695 0.6333 -0.6152
vn -0.2289 0.9376 -0.2617
vn -0.2097 0.9384 -0.2748
vn -0.6081 0.7364 -0.2967
vn -0.5917 0.7602 -0.2682
vn -0.8578 0.1820 0.4807
vn -0.8632 0.1793 0.4719
vn -0.4680 0.8836 -0.0117
vn -0.8314 0.1802 0.5256
vn -0.8176 0.1806 0.5468
vn -0.8452 0.1798 0.5032
vn -0.8574 0.1792 0.4824
vn -0.3308 0.9233 0.1951
vn -0.3890 0.9143 0.1128
vn -0.7999 0.1808 0.5723
vn -0.7881 0.1809 0.5884
vn 0.4056 0.8400 -0.3603
vn 0.7873 0.1142 -0.6059
vn 0.7795 0.1142 -0.6159
vn 0.3467 0.8333 -0.4305
vn 0.7358 0.1138 -0.6676
vn 0.0392 0.7103 -0.7028
vn 0.7306 0.1139 -0.6732
vn 0.0094 0.6926 -0.7213
vn 0.7352 0.1155 -0.6679
vn 0.7539 0.1174 -0.6464
vn -0.8308 0.5336 -0.1582
vn -0.4456 0.8909 -0.0877
vn 0.1572 0.8391 -0.5208
vn 0.2663 0.4396 -0.8578
vn -0.3501 0.6208 -0.7014
vn -0.1517 0.9348 -0.3211
vn 0.7768 0.1149 -0.6192
vn 0.3058 0.8381 -0.4518
vn -0.0138 -0.9986 -0.0510
vn 0.1887 -0.9609 -0.2027
vn 0.1231 -0.9509 -0.2840
vn -0.0797 -0.9874 -0.1370
vn 0.0231 -0.9167 -0.3990
vn -0.1755 -0.9491 -0.2614
vn -0.0461 -0.9986 -0.0265
vn -0.1116 -0.9873 -0.1127
vn 0.1086 0.9874 0.1151
vn 0.0819 0.9874 0.1353
vn 0.1777 0.9492 0.2597
vn 0.2033 0.9492 0.2403
vn 0.0160 0.9987 0.0493
vn -0.3270 0.8948 0.3039
vn -0.2647 0.8868 0.3789
vn -0.1669 0.8589 0.4843
vn 0.2176 -0.9619 -0.1654
vn 0.6477 -0.5842 -0.4891
vn 0.6964 -0.5606 -0.4481
vn 0.2339 -0.9615 -0.1441
vn 0.7975 -0.0573 -0.6007
vn 0.8451 -0.0264 -0.5339
vn 0.9814 0.1794 0.0679
vn 0.8866 -0.4597 0.0507
vn 0.3471 -0.9377 0.0127
vn -0.7964 -0.0497 0.6027
vn -0.6969 -0.5158 0.4983
vn -0.7291 -0.5142 0.4517
vn -0.7997 -0.0497 0.5984
vn -0.2829 -0.9461 0.1575
vn -0.3429 -0.9365 0.0734
vn -0.4250 -0.9036 -0.0526
vn -0.7740 -0.5085 0.3772
vn -0.8048 -0.0497 0.5915
vn 0.3754 0.7989 0.4700
vn 0.3539 0.7989 0.4864
vn 0.3776 0.7685 0.5165
vn 0.3983 0.7686 0.5007
vn 0.3075 0.8504 0.4269
vn -0.0157 0.7837 0.6209
vn 0.0457 0.7429 0.6678
vn 0.0789 0.7184 0.6912
vn 0.0430 0.9987 0.0289
vn -0.8057 -0.5012 0.3157
vn -0.8089 -0.0497 0.5859
vn -0.4805 -0.8646 -0.1471
vn -0.5268 -0.8171 -0.2342
vn -0.8336 -0.4914 0.2523
vn -0.8131 -0.0497 0.5799
vn -0.0527 -0.8761 -0.4793
vn -0.2444 -0.9042 -0.3502
vn -0.1232 -0.8269 -0.5487
vn -0.3055 -0.8504 -0.4284
vn 0.2709 0.9043 0.3301
vn 0.2465 0.9043 0.3486
vn 0.3304 0.8504 0.4095
vn -0.0899 0.8252 0.5576
vn -0.3769 -0.7670 -0.5193
vn -0.2109 -0.7496 -0.6274
vn -0.0269 -0.8913 -0.4525
vn -0.2213 -0.9211 -0.3204
vn 0.1785 -0.9600 -0.2155
vn -0.0241 -0.9976 -0.0646
vn -0.8194 -0.0497 0.5711
vn -0.8659 -0.4736 0.1610
vn -0.7949 -0.5046 0.3369
vn -0.8075 -0.0501 0.5877
vn -0.5767 -0.7423 -0.3413
vn -0.4622 -0.8793 -0.1150
vn -0.2927 -0.9453 0.1441
vn -0.7018 -0.5162 0.4909
vn -0.7969 -0.0503 0.6020
vn -0.8548 -0.4807 0.1955
vn -0.8170 -0.0497 0.5745
vn -0.5599 -0.7710 -0.3033
vn -0.5759 -0.7437 -0.3395
vn -0.8654 -0.4739 0.1628
vn -0.8193 -0.0497 0.5713
vn -0.1797 -0.7793 -0.6004
vn -0.3521 -0.7988 -0.4878
vn -0.2094 -0.7511 -0.6261
vn -0.3758 -0.7686 -0.5178
vn 0.2877 0.8905 0.3526
vn 0.2639 0.8905 0.3707
vn 0.0440 0.9954 0.0856
vn 0.0707 0.9953 0.0654
vn 0.3827 0.7615 0.5231
vn 0.0866 0.7128 0.6960
vn -0.0685 0.8158 0.5743
vn -0.3011 0.8929 0.3348
vn -0.7935 0.0046 0.6086
vn -0.7936 0.0045 0.6085
vn -0.1982 0.3537 0.9141
vn 0.4858 0.5097 0.7101
vn 0.4871 0.5122 0.7074
vn -0.1711 0.3673 0.9142
vn 0.7996 0.0044 -0.6005
vn 0.7960 0.0009 -0.6053
vn 0.7964 0.0059 -0.6048
vn 0.7999 0.0094 -0.6001
vn 0.5529 0.5122 0.6572
vn 0.5558 0.5097 0.6567
vn 0.9133 0.3854 0.1316
vn 0.9039 0.3980 0.1569
vn 0.1292 -0.9709 0.2018
vn 0.1602 -0.9709 0.1781
vn 0.5870 -0.4212 0.6914
vn 0.5106 -0.4226 0.7488
vn 0.3471 -0.9377 0.0128
vn 0.8866 -0.4597 0.0508
vn 0.6215 0.3006 0.7234
vn 0.9814 0.1793 0.0679
vn -0.7925 -0.0492 0.6078
vn -0.6809 -0.5147 0.5211
vn -0.6569 -0.4922 0.5712
vn -0.7498 -0.0243 0.6613
vn -0.2552 -0.9472 0.1943
vn -0.2392 -0.9468 0.2152
vn -0.1186 -0.9242 0.3630
vn -0.2651 -0.4208 0.8676
vn -0.2779 0.1606 0.9471
vn 0.0156 -0.9998 -0.0124
vn 0.2176 -0.9619 -0.1653
vn 0.0289 -0.9996 0.0071
vn 0.3470 -0.9378 0.0128
vn 0.1601 -0.9709 0.1780
vn -0.0011 -0.9995 0.0301
vn -0.0165 -0.9998 0.0120
vn 0.7961 0.0004 -0.6052
vn 0.7966 0.0054 -0.6045
vn -0.7938 0.0046 0.6082
vn -0.7942 0.0046 0.6077
vn 0.0295 0.9995 0.0133
vn 0.0048 0.9995 0.0321
vn 0.2183 0.9239 0.3141
vn 0.2451 0.9239 0.2938
vn -0.0110 0.9998 0.0137
vn -0.3528 0.8946 0.2744
vn -0.3258 0.8950 0.3047
vn -0.0627 0.8613 0.5043
vn 0.3110 0.9225 -0.2288
vn 0.0158 0.9999 -0.0066
vn 0.3341 0.9224 -0.1938
vn 0.4668 0.8775 0.1104
vn 0.6150 0.7258 0.3081
vn 0.4032 0.7615 0.5074
vn 0.5341 0.8355 0.1292
vn 0.3575 0.9198 -0.1617
vn 0.4700 0.8826 0.0097
vn 0.5227 0.8461 0.1040
vn 0.5664 0.8015 0.1919
vn 0.5974 0.7578 0.2624
vn 0.6121 0.7318 0.2996
vn 0.3330 0.9221 -0.1969
vn 0.3911 0.9132 -0.1147
vn -0.2828 -0.9462 0.1575
vn -0.2062 -0.9491 -0.2380
vn -0.2737 -0.9042 -0.3279
vn -0.4250 -0.9037 -0.0526
vn -0.4804 -0.8646 -0.1471
vn -0.3330 -0.8503 -0.4075
vn -0.2511 -0.9210 -0.2977
vn -0.4017 -0.7670 -0.5004
vn -0.5267 -0.8171 -0.2342
vn -0.5766 -0.7423 -0.3414
vn -0.4621 -0.8793 -0.1151
vn -0.0563 -0.9976 -0.0400
vn -0.3779 -0.7988 -0.4681
vn -0.2926 -0.9453 0.1440
vn -0.5599 -0.7710 -0.3034
vn -0.4006 -0.7685 -0.4989
vn -0.5759 -0.7437 -0.3396
vn -0.2651 -0.4207 0.8676
vn 0.5325 0.3005 0.7913
vn -0.2551 -0.9472 0.1943
vn -0.2391 -0.9469 0.2151
vn -0.1185 -0.9242 0.3630
vn -0.8203 -0.0497 0.5698
vn -0.2546 0.3175 0.9134
vn 0.4870 0.4912 0.7221
vn 0.5669 0.4913 0.6613
vn 0.7989 0.0037 -0.6014
vn 0.7959 0.0008 -0.6054
vn 0.7941 -0.0595 -0.6049
vn 0.7921 -0.0598 -0.6075
vn 0.7959 0.0003 -0.6054
vn -0.2108 -0.7496 -0.6274
vn 0.3123 -0.5264 -0.7908
vn 0.4801 -0.5693 -0.6674
vn -0.0268 -0.8913 -0.4526
vn 0.7633 -0.0596 -0.6433
vn 0.7789 -0.0599 -0.6243
vn 0.6208 -0.5859 -0.5209
vn 0.1786 -0.9600 -0.2156
vn 0.9334 0.3502 0.0779
vn -0.1232 -0.8268 -0.5488
vn 0.4000 -0.5510 -0.7324
vn 0.3455 -0.5363 -0.7701
vn -0.1796 -0.7793 -0.6004
vn 0.7716 -0.0596 -0.6333
vn 0.7665 -0.0596 -0.6395
vn 0.7635 -0.0596 -0.6431
vn 0.3141 -0.5268 -0.7898
vn -0.2093 -0.7511 -0.6261
vn 0.0232 -0.9167 -0.3990
vn 0.5178 -0.5752 -0.6332
vn 0.4602 -0.5648 -0.6850
vn -0.0526 -0.8760 -0.4793
vn 0.7824 -0.0596 -0.6200
vn 0.7771 -0.0596 -0.6265
vn -0.7960 -0.0003 0.6054
vn -0.7960 -0.0003 0.6053
vn 0.1887 -0.9609 -0.2028
vn 0.6274 -0.5856 -0.5133
vn 0.5859 -0.5834 -0.5625
vn 0.1232 -0.9509 -0.2840
vn 0.7927 -0.0596 -0.6067
vn 0.7887 -0.0596 -0.6119
vn -0.7936 0.0046 0.6085
vn -0.7960 -0.0000 0.6053
vn -0.7948 0.0042 0.6069
vn 0.7621 -0.0596 -0.6447
vn -0.3854 -0.7553 -0.5300
vn -0.4098 -0.7553 -0.5114
vn -0.2217 -0.7387 -0.6365
vn 0.3872 0.7553 0.5287
vn 0.4075 0.7553 0.5132
vn -0.8697 -0.4707 0.1485
vn -0.5822 -0.7317 -0.3545
vn 0.0928 0.7075 0.7006
vn 0.6179 0.7204 0.3150
vn -0.5822 -0.7317 -0.3546
vn 0.3003 -0.5225 -0.7980
vn -0.7961 -0.0004 0.6051
vn -0.7961 0.0035 0.6052
vn -0.7954 0.0045 0.6060
vn -0.7958 0.0045 0.6056
vn -0.7950 0.0045 0.6066
vn 0.7987 0.0055 -0.6017
vn 0.7987 0.0054 -0.6017
vn 0.7986 0.0055 -0.6018
vn -0.7946 0.0046 0.6072
vn 0.7964 0.0055 -0.6047
vn 0.7970 0.0055 -0.6040
vn 0.7974 0.0055 -0.6034
vn 0.7979 0.0055 -0.6027
vn 0.7960 0.0055 -0.6052
vn 0.7984 0.0055 -0.6022
vn -0.7960 -0.0009 0.6053
vn -0.7963 0.0030 0.6049
vn 0.7959 0.0001 -0.6054
vn 0.7961 0.0002 -0.6052
vn 0.7960 0.0001 -0.6053
vn 0.8657 0.1788 -0.4674
vn 0.8350 0.1793 -0.5203
vn 0.7977 0.0053 -0.6031
vn 0.6150 0.7258 0.3080
vn 0.5341 0.8355 0.1291
vn 0.7939 0.1780 -0.5815
vn -0.7933 0.0009 0.6088
vn -0.7959 -0.0008 0.6054
vn -0.7934 0.0008 0.6087
vn -0.7952 -0.0505 0.6042
vn -0.7933 0.0049 0.6088
vn 0.4729 0.5677 0.6739
vn 0.5246 0.5674 0.6346
vn 0.2452 0.9238 0.2939
vn 0.2183 0.9239 0.3142
vn 0.8456 0.4934 0.2039
vn 0.4668 0.8774 0.1104
vn -0.3529 0.8945 0.2744
vn -0.3466 0.8951 0.2806
vn -0.7867 0.1465 0.5997
vn -0.7844 0.1473 0.6025
vn -0.3012 0.8929 0.3348
vn -0.7794 0.1480 0.6088
vn -0.7415 0.0456 0.6694
vn -0.7381 0.0521 0.6726
vn 0.5974 0.7578 0.2623
vn 0.8573 0.1792 -0.4826
vn 0.8452 0.1798 -0.5033
vn 0.6122 0.7318 0.2995
vn 0.8642 0.1788 -0.4704
vn 0.5228 0.8461 0.1040
vn 0.8314 0.1802 -0.5256
vn 0.8176 0.1806 -0.5468
vn 0.3331 0.9221 -0.1969
vn 0.7999 0.1808 -0.5723
vn 0.7881 0.1809 -0.5884
vn -0.7554 0.1514 0.6376
vn -0.7415 0.1511 0.6537
vn -0.7268 0.1509 0.6701
vn 0.8671 0.1786 -0.4649
vn 0.6180 0.7203 0.3150
vn -0.7822 0.1515 0.6043
vn -0.7719 0.1514 0.6175
vn -0.2648 0.8868 0.3789
vn 0.0866 0.7127 0.6961
vn -0.7029 0.1503 0.6953
vn -0.7388 0.1502 0.6570
vn -0.0685 0.8157 0.5744
vn -0.7130 0.1505 0.6848
vn 0.0457 0.7429 0.6679
vn -0.7048 0.1503 0.6933
vn 0.0788 0.7184 0.6912
vn 0.3110 0.9224 -0.2289
vn 0.7879 0.1798 -0.5889
vn 0.7857 0.1775 -0.5926
vn 0.3157 0.9227 -0.2211
vn -0.0627 0.8612 0.5044
vn -0.1060 0.4634 0.8798
vn -0.7011 0.1502 0.6971
vn 0.0927 0.7075 0.7006
vn 0.4668 0.8774 0.1105
vn 0.8456 0.4934 0.2038
vn 0.8392 0.2270 -0.4942
vn 0.3341 0.9224 -0.1939
vn 0.8545 0.0667 -0.5151
vn -0.0627 0.8612 0.5043
vn -0.3259 0.8950 0.3048
vn -0.7211 0.1871 0.6671
vn 0.8519 0.0588 -0.5204
vn -0.7478 0.0386 0.6628
vn 0.9335 0.3501 0.0778
vn 0.8461 0.0497 -0.5307
vn -0.0228 -0.9997 0.0040
vn -0.2613 -0.9471 0.1861
vn 0.0094 -0.9997 -0.0206
vn -0.0040 0.9997 0.0230
vn 0.0229 0.9997 0.0025
vn 0.3157 0.9228 -0.2211
vn -0.3465 0.8951 0.2806
vn 0.2114 -0.9619 -0.1735
vn -0.6849 -0.5165 0.5140
vn 0.6410 -0.5861 -0.4955
vn 0.6142 -0.0842 0.7846
vn 0.6169 -0.0000 0.7870
vn 0.5989 0.0001 0.8008
vn 0.5972 -0.0842 0.7976
vn 0.7831 -0.0841 -0.6162
vn 0.7853 -0.0000 -0.6191
vn 0.8025 -0.0000 -0.5967
vn 0.7992 -0.0841 -0.5952
vn -0.6142 -0.0843 -0.7846
vn -0.6169 -0.0000 -0.7871
vn -0.5989 0.0001 -0.8008
vn -0.5972 -0.0843 -0.7976
vn -0.7831 -0.0841 0.6162
vn -0.7853 -0.0000 0.6191
vn -0.8025 -0.0000 0.5967
vn -0.7992 -0.0841 0.5952
vn -0.0004 -0.9998 0.0179
vn 0.4233 -0.7071 0.5664
vn -0.1074 -0.5774 0.8094
vn -0.5552 -0.7071 0.4380
vn -0.1312 -0.0641 0.9893
vn -0.1074 -0.5773 0.8094
vn 0.4233 -0.7070 0.5665
vn -0.1313 -0.0641 0.9893
vn -0.0175 -0.9998 -0.0043
vn -0.5676 -0.7071 0.4217
vn -0.8094 -0.5773 -0.1074
vn -0.4363 -0.7071 -0.5564
vn -0.9893 -0.0640 -0.1312
vn -0.5676 -0.7070 0.4218
vn -0.4364 -0.7071 -0.5565
vn -0.8094 -0.5774 -0.1074
vn -0.9893 -0.0641 -0.1313
vn 0.0175 -0.9998 0.0043
vn 0.5676 -0.7071 -0.4217
vn 0.8094 -0.5774 0.1075
vn 0.4363 -0.7071 0.5564
vn 0.9893 -0.0640 0.1313
vn 0.8094 -0.5773 0.1074
vn 0.5676 -0.7070 -0.4218
vn 0.4364 -0.7071 0.5565
vn 0.8094 -0.5773 0.1075
vn 0.9893 -0.0641 0.1313
vn 0.0004 -0.9998 -0.0179
vn -0.4233 -0.7071 -0.5664
vn 0.1075 -0.5774 -0.8094
vn 0.5552 -0.7071 -0.4379
vn 0.1313 -0.0640 -0.9893
vn -0.4234 -0.7070 -0.5665
vn 0.5552 -0.7070 -0.4380
vn 0.1313 -0.0641 -0.9893
vn -0.1315 -0.0000 0.9913
vn -0.1316 -0.0000 0.9913
vn -0.9913 -0.0000 -0.1316
vn -0.9913 -0.0000 -0.1315
vn 0.1316 -0.0000 -0.9913
vn 0.1315 -0.0000 -0.9913
vn 0.9913 -0.0000 0.1316
vn 0.9913 -0.0000 0.1315
vn 0.7880 -0.0842 -0.6099
vn 0.7905 -0.0000 -0.6125
vn 0.8041 0.0001 -0.5944
vn 0.8009 -0.0842 -0.5928
vn -0.6119 -0.0841 -0.7864
vn -0.6147 -0.0000 -0.7888
vn -0.5922 -0.0000 -0.8058
vn -0.5907 -0.0841 -0.8025
vn -0.7880 -0.0843 0.6098
vn -0.7904 -0.0000 0.6125
vn -0.8042 -0.0000 0.5944
vn -0.8009 -0.0843 0.5928
vn 0.6119 -0.0841 0.7865
vn 0.6147 -0.0000 0.7887
vn 0.5922 -0.0000 0.8058
vn 0.5907 -0.0841 0.8025
vn 0.0179 -0.9998 0.0005
vn 0.5688 -0.7071 -0.4202
vn 0.8088 -0.5773 0.1120
vn 0.4349 -0.7071 0.5576
vn 0.9885 -0.0640 0.1368
vn 0.8088 -0.5773 0.1119
vn 0.5688 -0.7070 -0.4202
vn 0.4349 -0.7070 0.5577
vn -0.0044 -0.9998 0.0174
vn 0.4186 -0.7071 0.5699
vn -0.1119 -0.5773 0.8088
vn -0.5588 -0.7071 0.4333
vn -0.1368 -0.0640 0.9885
vn 0.4186 -0.7070 0.5700
vn -0.5589 -0.7070 0.4333
vn -0.1368 -0.0641 0.9885
vn 0.0044 -0.9998 -0.0174
vn -0.4186 -0.7071 -0.5700
vn 0.1119 -0.5773 -0.8088
vn 0.5589 -0.7071 -0.4333
vn 0.1367 -0.0640 -0.9885
vn -0.4186 -0.7070 -0.5700
vn 0.5589 -0.7070 -0.4333
vn 0.1368 -0.0641 -0.9885
vn -0.0180 -0.9998 -0.0005
vn -0.5688 -0.7070 0.4202
vn -0.8088 -0.5773 -0.1119
vn -0.4349 -0.7071 -0.5576
vn -0.9885 -0.0640 -0.1367
vn -0.5688 -0.7070 0.4203
vn -0.4349 -0.7070 -0.5577
vn -0.8088 -0.5773 -0.1120
vn -0.9885 -0.0640 -0.1368
vn 0.9906 -0.0000 0.1370
vn 0.9906 -0.0000 0.1371
vn -0.1371 -0.0001 0.9906
vn -0.1370 -0.0000 0.9906
vn -0.9906 -0.0000 -0.1371
vn 0.1371 -0.0000 -0.9906
vn -0.6093 -0.0843 -0.7884
vn -0.6119 -0.0000 -0.7909
vn -0.5938 -0.0001 -0.8046
vn -0.5923 -0.0843 -0.8013
vn -0.7869 -0.0841 0.6113
vn -0.7892 -0.0000 0.6141
vn -0.8062 -0.0000 0.5916
vn -0.8029 -0.0841 0.5902
vn 0.6093 -0.0843 0.7885
vn 0.6119 -0.0000 0.7909
vn 0.5938 0.0001 0.8046
vn 0.5922 -0.0843 0.8014
vn 0.7869 -0.0841 -0.6114
vn 0.7892 -0.0000 -0.6141
vn 0.8062 -0.0000 -0.5916
vn 0.8029 -0.0841 -0.5902
vn 0.0005 -0.9998 -0.0179
vn -0.4198 -0.7071 -0.5691
vn 0.1126 -0.5773 -0.8087
vn 0.5579 -0.7071 -0.4345
vn 0.1375 -0.0640 -0.9884
vn 0.1125 -0.5773 -0.8087
vn -0.4198 -0.7070 -0.5691
vn 0.5580 -0.7070 -0.4345
vn 0.1376 -0.0640 -0.9884
vn 0.0174 -0.9998 0.0044
vn 0.5703 -0.7071 -0.4182
vn 0.8087 -0.5773 0.1125
vn 0.4328 -0.7071 0.5591
vn 0.9884 -0.0640 0.1375
vn 0.5703 -0.7070 -0.4182
vn 0.4328 -0.7071 0.5592
vn 0.8087 -0.5773 0.1126
vn 0.9884 -0.0641 0.1376
vn -0.0174 -0.9998 -0.0044
vn -0.5702 -0.7071 0.4181
vn -0.8087 -0.5773 -0.1125
vn -0.4329 -0.7071 -0.5591
vn -0.9884 -0.0640 -0.1375
vn -0.5703 -0.7071 0.4182
vn -0.4329 -0.7071 -0.5592
vn -0.9884 -0.0641 -0.1375
vn -0.0005 -0.9998 0.0180
vn 0.4198 -0.7071 0.5690
vn -0.1125 -0.5773 0.8087
vn -0.5579 -0.7071 0.4344
vn -0.1375 -0.0641 0.9884
vn 0.4198 -0.7071 0.5691
vn -0.5579 -0.7071 0.4345
vn -0.1125 -0.5774 0.8087
vn 0.1378 -0.0000 -0.9905
vn 0.1379 -0.0000 -0.9905
vn 0.9905 -0.0000 0.1378
vn 0.9905 -0.0000 0.1377
vn -0.1378 -0.0000 0.9905
vn -0.1377 -0.0000 0.9905
vn -0.9905 -0.0000 -0.1378
vn -0.9905 -0.0000 -0.1377
vn -0.7932 -0.0842 0.6031
vn -0.7957 -0.0000 0.6057
vn -0.8092 -0.0001 0.5876
vn -0.8059 -0.0843 0.5860
vn 0.6052 -0.0841 0.7916
vn 0.6080 -0.0000 0.7940
vn 0.5853 0.0001 0.8108
vn 0.5839 -0.0841 0.8075
vn 0.7932 -0.0843 -0.6031
vn 0.7956 -0.0000 -0.6058
vn 0.8092 -0.0001 -0.5876
vn 0.8059 -0.0843 -0.5860
vn -0.6052 -0.0841 -0.7916
vn -0.6080 -0.0000 -0.7940
vn -0.5853 -0.0001 -0.8108
vn -0.5839 -0.0841 -0.8075
vn -0.0179 -0.9998 -0.0007
vn -0.5723 -0.7071 0.4153
vn -0.8078 -0.5773 -0.1188
vn -0.4301 -0.7071 -0.5613
vn -0.9873 -0.0640 -0.1452
vn -0.5723 -0.7071 0.4154
vn 0.0045 -0.9998 -0.0174
vn -0.4137 -0.7071 -0.5735
vn 0.1188 -0.5774 -0.8078
vn 0.5625 -0.7071 -0.4285
vn 0.1451 -0.0640 -0.9873
vn 0.1188 -0.5773 -0.8078
vn -0.4137 -0.7070 -0.5735
vn 0.5625 -0.7070 -0.4285
vn 0.1452 -0.0641 -0.9873
vn -0.0045 -0.9998 0.0174
vn 0.4137 -0.7071 0.5735
vn -0.1188 -0.5774 0.8078
vn -0.5625 -0.7071 0.4285
vn -0.1451 -0.0640 0.9873
vn 0.4138 -0.7070 0.5735
vn -0.5625 -0.7070 0.4285
vn -0.1452 -0.0641 0.9873
vn 0.0179 -0.9998 0.0007
vn 0.5723 -0.7071 -0.4154
vn 0.8078 -0.5773 0.1188
vn 0.4301 -0.7071 0.5613
vn 0.9873 -0.0640 0.1452
vn 0.5723 -0.7070 -0.4154
vn 0.8078 -0.5774 0.1188
vn 0.9873 -0.0641 0.1452
vn -0.9894 -0.0000 -0.1455
vn 0.1455 -0.0000 -0.9894
vn 0.1454 -0.0000 -0.9894
vn 0.9894 -0.0000 0.1455
vn 0.9894 -0.0000 0.1454
vn -0.1455 -0.0000 0.9894
vn -0.1454 -0.0000 0.9894
vt 0.423468 0.951947
vt 0.452004 0.930846
vt 0.274838 0.725163
vt 0.675942 0.242305
vt 0.653309 0.236023
vt 0.618241 0.412232
vt 0.072577 0.544577
vt 0.050475 0.572344
vt 0.097672 0.519481
vt 0.126208 0.498381
vt 0.156944 0.480636
vt 0.189969 0.467640
vt 0.224249 0.458455
vt 0.259513 0.454449
vt 0.295003 0.454449
vt 0.330101 0.459707
vt 0.364382 0.468892
vt 0.396923 0.483055
vt 0.427659 0.500800
vt 0.455426 0.522902
vt 0.480521 0.547998
vt 0.501621 0.576534
vt 0.519366 0.607269
vt 0.532362 0.640294
vt 0.541548 0.674574
vt 0.545553 0.709838
vt 0.545553 0.745328
vt 0.540295 0.780426
vt 0.531110 0.814707
vt 0.516947 0.847249
vt 0.499202 0.877984
vt 0.477099 0.905751
vt 0.392733 0.969692
vt 0.359708 0.982687
vt 0.325428 0.991873
vt 0.290164 0.995878
vt 0.254675 0.995878
vt 0.219576 0.990620
vt 0.185296 0.981435
vt 0.152754 0.967272
vt 0.122019 0.949527
vt 0.094252 0.927425
vt 0.069157 0.902330
vt 0.048056 0.873794
vt 0.030311 0.843059
vt 0.017315 0.810034
vt 0.008130 0.775753
vt 0.004124 0.740490
vt 0.004124 0.705000
vt 0.009382 0.669902
vt 0.018567 0.635621
vt 0.032730 0.603080
vt 0.675976 0.582367
vt 0.653234 0.588243
vt 0.736552 0.547166
vt 0.718043 0.561627
vt 0.697597 0.573189
vt 0.767444 0.511947
vt 0.753309 0.530706
vt 0.788168 0.469932
vt 0.779369 0.491711
vt 0.797312 0.423986
vt 0.794450 0.447299
vt 0.794253 0.377239
vt 0.797522 0.400498
vt 0.779198 0.332876
vt 0.788376 0.354497
vt 0.753175 0.293921
vt 0.767636 0.312430
vt 0.717956 0.263029
vt 0.736715 0.277164
vt 0.697720 0.251103
vt 0.629995 0.233161
vt 0.606508 0.232951
vt 0.538885 0.251275
vt 0.560506 0.242096
vt 0.583248 0.236220
vt 0.499930 0.277298
vt 0.518439 0.262836
vt 0.469038 0.312517
vt 0.483173 0.293758
vt 0.448314 0.354531
vt 0.457112 0.332753
vt 0.439170 0.400478
vt 0.442032 0.377164
vt 0.442229 0.447225
vt 0.438960 0.423965
vt 0.457284 0.491588
vt 0.448106 0.469967
vt 0.483307 0.530543
vt 0.468846 0.512033
vt 0.518526 0.561435
vt 0.499767 0.547299
vt 0.560540 0.582159
vt 0.538762 0.573360
vt 0.606487 0.591303
vt 0.583173 0.588441
vt 0.629974 0.591513
vt 0.527720 0.212052
vt 0.538313 0.191251
vt 0.531366 0.188995
vt 0.457589 0.969641
vt 0.459549 0.982013
vt 0.463276 0.980802
vt 0.716849 0.216700
vt 0.704039 0.218721
vt 0.705290 0.222581
vt 0.745886 0.607233
vt 0.767071 0.586056
vt 0.740379 0.599650
vt 0.753467 0.612743
vt 0.762379 0.615641
vt 0.771751 0.615643
vt 0.780665 0.612749
vt 0.788248 0.607242
vt 0.793758 0.599661
vt 0.796656 0.590749
vt 0.796658 0.581377
vt 0.793764 0.572463
vt 0.788257 0.564880
vt 0.780676 0.559370
vt 0.771763 0.556472
vt 0.762391 0.556470
vt 0.753478 0.559364
vt 0.745895 0.564871
vt 0.740384 0.572452
vt 0.737487 0.581364
vt 0.737485 0.590736
vt 0.718870 0.229510
vt 0.722730 0.228258
vt 0.729659 0.214679
vt 0.728408 0.210819
vt 0.448731 0.960783
vt 0.451901 0.958480
vt 0.446427 0.963954
vt 0.445216 0.967682
vt 0.445216 0.971601
vt 0.446427 0.975328
vt 0.448731 0.978499
vt 0.451902 0.980802
vt 0.455630 0.982013
vt 0.466447 0.978498
vt 0.468751 0.975327
vt 0.714813 0.229508
vt 0.469962 0.971600
vt 0.710954 0.228252
vt 0.707673 0.225865
vt 0.469962 0.967680
vt 0.705297 0.210806
vt 0.704041 0.214664
vt 0.466446 0.960783
vt 0.468750 0.963953
vt 0.707684 0.207524
vt 0.710968 0.205141
vt 0.463276 0.958479
vt 0.714828 0.203890
vt 0.718885 0.203892
vt 0.459548 0.957268
vt 0.722744 0.205149
vt 0.726025 0.207535
vt 0.455629 0.957268
vt 0.729656 0.218737
vt 0.728400 0.222594
vt 0.726013 0.225876
vt 0.548522 0.222644
vt 0.544230 0.228554
vt 0.538323 0.232848
vt 0.531378 0.235107
vt 0.524074 0.235108
vt 0.550777 0.215698
vt 0.550775 0.208394
vt 0.548517 0.201449
vt 0.544223 0.195542
vt 0.517118 0.191256
vt 0.524063 0.188997
vt 0.511211 0.195550
vt 0.506919 0.201459
vt 0.504666 0.215709
vt 0.504664 0.208405
vt 0.506924 0.222654
vt 0.517128 0.232853
vt 0.511218 0.228562
vt 0.519365 0.950779
vt 0.595565 0.906583
vt 0.511793 0.933990
vt 0.530238 0.965610
vt 0.543952 0.977861
vt 0.559932 0.987017
vt 0.577474 0.992660
vt 0.595810 0.994536
vt 0.614138 0.992560
vt 0.631655 0.986818
vt 0.647596 0.977560
vt 0.661267 0.965191
vt 0.672072 0.950249
vt 0.679539 0.933387
vt 0.683348 0.915334
vt 0.683346 0.896868
vt 0.679585 0.878798
vt 0.672942 0.862818
vt 0.646087 0.833322
vt 0.631020 0.825307
vt 0.613415 0.819838
vt 0.595034 0.818058
vt 0.576700 0.820111
vt 0.559197 0.825919
vt 0.543285 0.835232
vt 0.529656 0.847647
vt 0.518905 0.862622
vt 0.511500 0.879504
vt 0.507768 0.897555
vt 0.507867 0.915986
vt 0.661449 0.846459
vt 0.088745 0.966987
vt 0.086810 0.972953
vt 0.106613 0.976077
vt 0.423796 0.321998
vt 0.430088 0.324042
vt 0.433394 0.303157
vt 0.060888 0.968087
vt 0.062939 0.961769
vt 0.041968 0.958454
vt 0.731399 0.665455
vt 0.715291 0.633841
vt 0.706310 0.640366
vt 0.097523 0.993945
vt 0.103489 0.995880
vt 0.092446 0.990262
vt 0.088756 0.985189
vt 0.109762 0.995876
vt 0.115726 0.993934
vt 0.109737 0.956274
vt 0.103465 0.956278
vt 0.115703 0.958209
vt 0.120780 0.961892
vt 0.124470 0.966964
vt 0.124482 0.985167
vt 0.120798 0.990244
vt 0.126412 0.972929
vt 0.126416 0.979201
vt 0.092429 0.961910
vt 0.086814 0.979225
vt 0.097501 0.958220
vt 0.038640 0.937485
vt 0.045282 0.937482
vt 0.032323 0.939539
vt 0.026950 0.943445
vt 0.023047 0.948820
vt 0.020996 0.955138
vt 0.020998 0.961781
vt 0.045295 0.979423
vt 0.051612 0.977368
vt 0.023053 0.968098
vt 0.060882 0.948809
vt 0.056976 0.943436
vt 0.062937 0.955126
vt 0.056985 0.973462
vt 0.026959 0.973471
vt 0.032334 0.977374
vt 0.038652 0.979425
vt 0.412510 0.306467
vt 0.414555 0.312759
vt 0.454278 0.306462
vt 0.454277 0.299847
vt 0.442991 0.284316
vt 0.436699 0.282272
vt 0.442995 0.321995
vt 0.436704 0.324041
vt 0.418444 0.318110
vt 0.423792 0.284318
vt 0.418440 0.288208
vt 0.414553 0.293560
vt 0.412509 0.299852
vt 0.452232 0.293555
vt 0.448347 0.318107
vt 0.452235 0.312754
vt 0.430083 0.282273
vt 0.448343 0.288204
vt 0.736950 0.700500
vt 0.747507 0.697069
vt 0.756488 0.690544
vt 0.763013 0.681563
vt 0.766444 0.671005
vt 0.766444 0.659904
vt 0.756488 0.640366
vt 0.747507 0.633841
vt 0.736950 0.630410
vt 0.725848 0.630410
vt 0.699785 0.649347
vt 0.696354 0.659904
vt 0.696354 0.671005
vt 0.706310 0.690544
vt 0.715291 0.697069
vt 0.699785 0.681563
vt 0.725848 0.700500
vt 0.763013 0.649347
vt 0.832549 0.550345
vt 0.832549 0.587473
vt 0.834974 0.587473
vt 0.834974 0.550345
vt 0.832549 0.624602
vt 0.834974 0.624602
vt 0.836602 0.624602
vt 0.836602 0.587473
vt 0.836602 0.550345
vt 0.838327 0.587473
vt 0.838327 0.550345
vt 0.838327 0.624602
vt 0.840821 0.624602
vt 0.840821 0.587473
vt 0.840821 0.550345
vt 0.832549 0.476087
vt 0.832549 0.513216
vt 0.834974 0.513216
vt 0.834974 0.476087
vt 0.836602 0.513216
vt 0.836602 0.476087
vt 0.838327 0.513216
vt 0.838327 0.476087
vt 0.840821 0.513216
vt 0.840821 0.476087
vt 0.832549 0.401829
vt 0.832549 0.438958
vt 0.834974 0.438958
vt 0.834974 0.401829
vt 0.836602 0.438958
vt 0.836602 0.401829
vt 0.838327 0.438958
vt 0.838327 0.401829
vt 0.840821 0.438958
vt 0.840821 0.401829
vt 0.832549 0.327573
vt 0.832549 0.364701
vt 0.834974 0.364701
vt 0.834974 0.327573
vt 0.836602 0.364701
vt 0.836602 0.327573
vt 0.838327 0.364701
vt 0.838327 0.327573
vt 0.840821 0.364701
vt 0.840821 0.327573
vt 0.832549 0.253315
vt 0.832549 0.290444
vt 0.834974 0.290444
vt 0.834974 0.253315
vt 0.836602 0.290444
vt 0.836602 0.253315
vt 0.838327 0.290444
vt 0.838327 0.253315
vt 0.840821 0.290444
vt 0.840821 0.253315
vt 0.832549 0.179058
vt 0.832549 0.216187
vt 0.834974 0.216187
vt 0.834974 0.179058
vt 0.836602 0.216187
vt 0.836602 0.179058
vt 0.838327 0.216187
vt 0.838327 0.179058
vt 0.840821 0.216187
vt 0.840821 0.179058
vt 0.832549 0.104801
vt 0.832549 0.141929
vt 0.834974 0.141929
vt 0.834974 0.104801
vt 0.836602 0.141929
vt 0.836602 0.104801
vt 0.838327 0.141929
vt 0.838327 0.104801
vt 0.840821 0.141929
vt 0.840821 0.104801
vt 0.877698 0.921620
vt 0.877698 0.958748
vt 0.880123 0.958748
vt 0.880123 0.921620
vt 0.877698 0.995875
vt 0.880123 0.995875
vt 0.881751 0.995875
vt 0.881751 0.958748
vt 0.881751 0.921620
vt 0.883476 0.958748
vt 0.883476 0.921620
vt 0.883476 0.995875
vt 0.885970 0.995875
vt 0.885970 0.958748
vt 0.885970 0.921620
vt 0.877698 0.847365
vt 0.877698 0.884493
vt 0.880123 0.884493
vt 0.880123 0.847365
vt 0.881751 0.884493
vt 0.881751 0.847365
vt 0.883476 0.884493
vt 0.883476 0.847365
vt 0.885970 0.884492
vt 0.885970 0.847365
vt 0.877698 0.773109
vt 0.877698 0.810237
vt 0.880123 0.810237
vt 0.880123 0.773109
vt 0.881751 0.810237
vt 0.881751 0.773109
vt 0.883476 0.810237
vt 0.883476 0.773109
vt 0.885970 0.810237
vt 0.885970 0.773109
vt 0.877698 0.698854
vt 0.877698 0.735981
vt 0.880123 0.735981
vt 0.880123 0.698854
vt 0.881751 0.735981
vt 0.881751 0.698854
vt 0.883476 0.735981
vt 0.883476 0.698854
vt 0.885970 0.735982
vt 0.885970 0.698854
vt 0.877698 0.624599
vt 0.877698 0.661726
vt 0.880123 0.661726
vt 0.880123 0.624599
vt 0.881751 0.661726
vt 0.881751 0.624599
vt 0.883476 0.661726
vt 0.883476 0.624599
vt 0.885970 0.661726
vt 0.885970 0.624599
vt 0.877698 0.550344
vt 0.877698 0.587471
vt 0.880123 0.587471
vt 0.880123 0.550344
vt 0.881751 0.587471
vt 0.881751 0.550344
vt 0.883476 0.587471
vt 0.883476 0.550344
vt 0.885970 0.587471
vt 0.885970 0.550344
vt 0.877698 0.476088
vt 0.877698 0.513216
vt 0.880123 0.513216
vt 0.880123 0.476088
vt 0.881751 0.513216
vt 0.881751 0.476088
vt 0.883476 0.513216
vt 0.883476 0.476088
vt 0.885970 0.513216
vt 0.885970 0.476088
vt 0.877698 0.401833
vt 0.877698 0.438960
vt 0.880123 0.438960
vt 0.880123 0.401833
vt 0.881751 0.438960
vt 0.881751 0.401833
vt 0.883476 0.438960
vt 0.883476 0.401833
vt 0.885970 0.438961
vt 0.885970 0.401833
vt 0.877698 0.327577
vt 0.877698 0.364705
vt 0.880123 0.364705
vt 0.880123 0.327577
vt 0.881751 0.364705
vt 0.881751 0.327577
vt 0.883476 0.364705
vt 0.883476 0.327577
vt 0.885970 0.364705
vt 0.885970 0.327577
vt 0.877698 0.253321
vt 0.877698 0.290449
vt 0.880123 0.290449
vt 0.880123 0.253321
vt 0.881751 0.290449
vt 0.881751 0.253321
vt 0.883476 0.290449
vt 0.883476 0.253321
vt 0.885970 0.290449
vt 0.885970 0.253321
vt 0.877698 0.179065
vt 0.877698 0.216193
vt 0.880123 0.216193
vt 0.880123 0.179065
vt 0.881751 0.216193
vt 0.881751 0.179065
vt 0.883476 0.216193
vt 0.883476 0.179065
vt 0.885970 0.216193
vt 0.885970 0.179065
vt 0.877698 0.104810
vt 0.877698 0.141937
vt 0.880123 0.141937
vt 0.880123 0.104810
vt 0.881751 0.141937
vt 0.881751 0.104810
vt 0.883476 0.141937
vt 0.883476 0.104810
vt 0.885970 0.141937
vt 0.885970 0.104810
vt 0.832549 0.921631
vt 0.832549 0.958760
vt 0.834974 0.958760
vt 0.834974 0.921631
vt 0.832549 0.995888
vt 0.834974 0.995888
vt 0.836602 0.995888
vt 0.836602 0.958760
vt 0.836602 0.921631
vt 0.838327 0.958760
vt 0.838327 0.921631
vt 0.838327 0.995888
vt 0.840821 0.995888
vt 0.840821 0.958760
vt 0.840821 0.921631
vt 0.832549 0.847374
vt 0.832549 0.884502
vt 0.834974 0.884502
vt 0.834974 0.847374
vt 0.836602 0.884502
vt 0.836602 0.847374
vt 0.838327 0.884502
vt 0.838327 0.847374
vt 0.840821 0.884502
vt 0.840821 0.847374
vt 0.832549 0.773116
vt 0.832549 0.810245
vt 0.834974 0.810245
vt 0.834974 0.773116
vt 0.836602 0.810245
vt 0.836602 0.773116
vt 0.838327 0.810245
vt 0.838327 0.773116
vt 0.840821 0.810245
vt 0.840821 0.773116
vt 0.832549 0.698859
vt 0.832549 0.735988
vt 0.834974 0.735988
vt 0.834974 0.698859
vt 0.836602 0.735988
vt 0.836602 0.698859
vt 0.838327 0.735988
vt 0.838327 0.698859
vt 0.840821 0.735988
vt 0.840821 0.698859
vt 0.828701 0.179058
vt 0.828701 0.216187
vt 0.824855 0.179058
vt 0.824855 0.216187
vt 0.824855 0.253315
vt 0.828701 0.253315
vt 0.832549 0.661730
vt 0.834974 0.661730
vt 0.836602 0.661730
vt 0.838327 0.661730
vt 0.840821 0.661730
vt 0.824855 0.624602
vt 0.824855 0.587473
vt 0.822330 0.587473
vt 0.822330 0.624602
vt 0.824855 0.550344
vt 0.822330 0.550345
vt 0.820437 0.550345
vt 0.820437 0.587473
vt 0.820437 0.624602
vt 0.818647 0.587473
vt 0.818647 0.624602
vt 0.818647 0.550345
vt 0.816865 0.550345
vt 0.816865 0.587473
vt 0.816865 0.624602
vt 0.814825 0.587473
vt 0.814825 0.624602
vt 0.814825 0.550345
vt 0.811625 0.550344
vt 0.811625 0.587473
vt 0.811625 0.624602
vt 0.824855 0.513216
vt 0.822330 0.513216
vt 0.824855 0.476087
vt 0.822330 0.476087
vt 0.820437 0.476087
vt 0.820437 0.513216
vt 0.818647 0.513216
vt 0.818647 0.476087
vt 0.816865 0.476087
vt 0.816865 0.513216
vt 0.814825 0.513216
vt 0.814825 0.476087
vt 0.811625 0.476087
vt 0.811625 0.513216
vt 0.824855 0.438958
vt 0.822330 0.438958
vt 0.824855 0.401830
vt 0.822330 0.401829
vt 0.820437 0.401829
vt 0.820437 0.438958
vt 0.818647 0.438958
vt 0.818647 0.401829
vt 0.816865 0.401829
vt 0.816865 0.438958
vt 0.814825 0.438958
vt 0.814825 0.401829
vt 0.811625 0.401830
vt 0.811625 0.438958
vt 0.824855 0.364701
vt 0.822330 0.364701
vt 0.824855 0.327573
vt 0.822330 0.327573
vt 0.820437 0.327573
vt 0.820437 0.364701
vt 0.818647 0.364701
vt 0.818647 0.327573
vt 0.816865 0.327573
vt 0.816865 0.364701
vt 0.814825 0.364701
vt 0.814825 0.327573
vt 0.811625 0.327573
vt 0.811625 0.364701
vt 0.824855 0.290444
vt 0.822330 0.290444
vt 0.822330 0.253315
vt 0.820437 0.253315
vt 0.820437 0.290444
vt 0.818647 0.290444
vt 0.818647 0.253315
vt 0.816865 0.253315
vt 0.816865 0.290444
vt 0.814825 0.290444
vt 0.814825 0.253315
vt 0.811625 0.253315
vt 0.811625 0.290444
vt 0.822330 0.216187
vt 0.822330 0.179058
vt 0.820437 0.179058
vt 0.820437 0.216187
vt 0.818647 0.216187
vt 0.818647 0.179058
vt 0.816865 0.179058
vt 0.816865 0.216187
vt 0.814825 0.216187
vt 0.814825 0.179058
vt 0.811625 0.179058
vt 0.811625 0.216187
vt 0.824855 0.141929
vt 0.822330 0.141929
vt 0.824855 0.104801
vt 0.822330 0.104801
vt 0.820437 0.104801
vt 0.820437 0.141929
vt 0.818647 0.141929
vt 0.818647 0.104801
vt 0.816865 0.104801
vt 0.816865 0.141929
vt 0.814825 0.141929
vt 0.814825 0.104801
vt 0.811625 0.104801
vt 0.811625 0.141929
vt 0.870004 0.995875
vt 0.870004 0.958748
vt 0.867479 0.958748
vt 0.867479 0.995875
vt 0.870004 0.921620
vt 0.867479 0.921620
vt 0.865586 0.921620
vt 0.865586 0.958748
vt 0.865586 0.995875
vt 0.863796 0.958748
vt 0.863796 0.995875
vt 0.863796 0.921620
vt 0.862013 0.921620
vt 0.862013 0.958748
vt 0.862013 0.995875
vt 0.859974 0.958748
vt 0.859974 0.995875
vt 0.859974 0.921620
vt 0.856774 0.921620
vt 0.856774 0.958748
vt 0.856774 0.995875
vt 0.870004 0.884493
vt 0.867479 0.884493
vt 0.870004 0.847365
vt 0.867479 0.847365
vt 0.865586 0.847365
vt 0.865586 0.884493
vt 0.863796 0.884493
vt 0.863796 0.847365
vt 0.862013 0.847365
vt 0.862013 0.884493
vt 0.859974 0.884493
vt 0.859974 0.847365
vt 0.856774 0.847365
vt 0.856774 0.884492
vt 0.870004 0.810236
vt 0.867479 0.810237
vt 0.870004 0.773109
vt 0.867479 0.773109
vt 0.865586 0.773109
vt 0.865586 0.810237
vt 0.863796 0.810237
vt 0.863796 0.773109
vt 0.862013 0.773109
vt 0.862013 0.810237
vt 0.859974 0.810237
vt 0.859974 0.773109
vt 0.856774 0.773109
vt 0.856774 0.810237
vt 0.870004 0.735981
vt 0.867479 0.735981
vt 0.870004 0.698854
vt 0.867479 0.698854
vt 0.865586 0.698854
vt 0.865586 0.735981
vt 0.863796 0.735981
vt 0.863796 0.698854
vt 0.862013 0.698854
vt 0.862013 0.735981
vt 0.859974 0.735981
vt 0.859974 0.698854
vt 0.856774 0.698854
vt 0.856774 0.735982
vt 0.870004 0.661726
vt 0.867479 0.661726
vt 0.870004 0.624599
vt 0.867479 0.624599
vt 0.865586 0.624599
vt 0.865586 0.661726
vt 0.863796 0.661726
vt 0.863796 0.624599
vt 0.862013 0.624599
vt 0.862013 0.661726
vt 0.859974 0.661726
vt 0.859974 0.624599
vt 0.856774 0.624599
vt 0.856774 0.661726
vt 0.870004 0.587471
vt 0.867479 0.587471
vt 0.870004 0.550344
vt 0.867479 0.550344
vt 0.865586 0.550344
vt 0.865586 0.587471
vt 0.863796 0.587471
vt 0.863796 0.550344
vt 0.862013 0.550344
vt 0.862013 0.587471
vt 0.859974 0.587471
vt 0.859974 0.550344
vt 0.856774 0.550344
vt 0.856774 0.587471
vt 0.870004 0.513216
vt 0.867479 0.513216
vt 0.870004 0.476088
vt 0.867479 0.476088
vt 0.865586 0.476088
vt 0.865586 0.513216
vt 0.863796 0.513216
vt 0.863796 0.476088
vt 0.862013 0.476088
vt 0.862013 0.513216
vt 0.859974 0.513216
vt 0.859974 0.476088
vt 0.856774 0.476088
vt 0.856774 0.513216
vt 0.870004 0.438960
vt 0.867479 0.438960
vt 0.870004 0.401833
vt 0.867479 0.401833
vt 0.865586 0.401833
vt 0.865586 0.438960
vt 0.863796 0.438960
vt 0.863796 0.401833
vt 0.862013 0.401833
vt 0.862013 0.438960
vt 0.859974 0.438960
vt 0.859974 0.401833
vt 0.856774 0.401833
vt 0.856774 0.438961
vt 0.870004 0.364705
vt 0.867479 0.364705
vt 0.870004 0.327577
vt 0.867479 0.327577
vt 0.865586 0.327577
vt 0.865586 0.364705
vt 0.863796 0.364705
vt 0.863796 0.327577
vt 0.862013 0.327577
vt 0.862013 0.364705
vt 0.859974 0.364705
vt 0.859974 0.327577
vt 0.856774 0.327577
vt 0.856774 0.364705
vt 0.870004 0.290449
vt 0.867479 0.290449
vt 0.870004 0.253321
vt 0.867479 0.253321
vt 0.865586 0.253321
vt 0.865586 0.290449
vt 0.863796 0.290449
vt 0.863796 0.253321
vt 0.862013 0.253321
vt 0.862013 0.290449
vt 0.859974 0.290449
vt 0.859974 0.253321
vt 0.856774 0.253321
vt 0.856774 0.290449
vt 0.870004 0.216193
vt 0.867479 0.216193
vt 0.870004 0.179065
vt 0.867479 0.179065
vt 0.865586 0.179065
vt 0.865586 0.216193
vt 0.863796 0.216193
vt 0.863796 0.179065
vt 0.862013 0.179065
vt 0.862013 0.216193
vt 0.859974 0.216193
vt 0.859974 0.179065
vt 0.856774 0.179065
vt 0.856774 0.216193
vt 0.870004 0.141937
vt 0.867479 0.141937
vt 0.870004 0.104810
vt 0.867479 0.104810
vt 0.865586 0.104810
vt 0.865586 0.141937
vt 0.863796 0.141937
vt 0.863796 0.104810
vt 0.862013 0.104810
vt 0.862013 0.141937
vt 0.859974 0.141937
vt 0.859974 0.104810
vt 0.856774 0.104810
vt 0.856774 0.141937
vt 0.824855 0.995888
vt 0.824855 0.958760
vt 0.822330 0.958760
vt 0.822330 0.995888
vt 0.824855 0.921631
vt 0.822330 0.921631
vt 0.820437 0.921631
vt 0.820437 0.958760
vt 0.820437 0.995888
vt 0.818647 0.958760
vt 0.818647 0.995888
vt 0.818647 0.921631
vt 0.816865 0.921631
vt 0.816865 0.958760
vt 0.816865 0.995888
vt 0.814825 0.958760
vt 0.814825 0.995888
vt 0.814825 0.921631
vt 0.811625 0.921631
vt 0.811625 0.958760
vt 0.811625 0.995888
vt 0.824855 0.884502
vt 0.822330 0.884502
vt 0.824855 0.847374
vt 0.822330 0.847374
vt 0.820437 0.847374
vt 0.820437 0.884502
vt 0.818647 0.884502
vt 0.818647 0.847374
vt 0.816865 0.847374
vt 0.816865 0.884502
vt 0.814825 0.884502
vt 0.814825 0.847374
vt 0.811625 0.847374
vt 0.811625 0.884502
vt 0.824855 0.810245
vt 0.822330 0.810245
vt 0.824855 0.773116
vt 0.822330 0.773116
vt 0.820437 0.773116
vt 0.820437 0.810245
vt 0.818647 0.810245
vt 0.818647 0.773116
vt 0.816865 0.773116
vt 0.816865 0.810245
vt 0.814825 0.810245
vt 0.814825 0.773116
vt 0.811625 0.773116
vt 0.811625 0.810245
vt 0.824855 0.735988
vt 0.822330 0.735988
vt 0.824855 0.698859
vt 0.822330 0.698859
vt 0.820437 0.698859
vt 0.820437 0.735988
vt 0.818647 0.735988
vt 0.818647 0.698859
vt 0.816865 0.698859
vt 0.816865 0.735988
vt 0.814825 0.735988
vt 0.814825 0.698859
vt 0.811625 0.698859
vt 0.811625 0.735988
vt 0.824855 0.661730
vt 0.822330 0.661730
vt 0.820437 0.661730
vt 0.818647 0.661730
vt 0.816865 0.661730
vt 0.814825 0.661730
vt 0.811625 0.661730
vt 0.828701 0.995888
vt 0.828701 0.958760
vt 0.828701 0.921631
vt 0.873850 0.179065
vt 0.873850 0.141937
vt 0.873850 0.104810
vt 0.873850 0.253321
vt 0.873850 0.216193
vt 0.873850 0.698854
vt 0.873850 0.661726
vt 0.873850 0.624599
vt 0.873850 0.735981
vt 0.873850 0.773109
vt 0.873850 0.810237
vt 0.873850 0.847365
vt 0.873850 0.884493
vt 0.873850 0.921620
vt 0.873850 0.958748
vt 0.873850 0.995875
vt 0.828701 0.104801
vt 0.828701 0.141929
vt 0.828701 0.290444
vt 0.828701 0.327573
vt 0.848527 0.587473
vt 0.848527 0.550344
vt 0.848527 0.624602
vt 0.848527 0.513216
vt 0.848527 0.476087
vt 0.848527 0.438958
vt 0.848527 0.401830
vt 0.848527 0.364701
vt 0.848527 0.327573
vt 0.848527 0.290444
vt 0.848527 0.253315
vt 0.848527 0.216187
vt 0.848527 0.179058
vt 0.848527 0.141929
vt 0.848527 0.104801
vt 0.893677 0.958748
vt 0.893677 0.921620
vt 0.893677 0.995875
vt 0.893677 0.884492
vt 0.893677 0.847365
vt 0.893677 0.810237
vt 0.893677 0.773109
vt 0.893677 0.735982
vt 0.893677 0.698854
vt 0.893677 0.661726
vt 0.893677 0.624599
vt 0.893677 0.587471
vt 0.893677 0.550344
vt 0.893677 0.513216
vt 0.893677 0.476088
vt 0.893677 0.438961
vt 0.893677 0.401833
vt 0.893677 0.364705
vt 0.893677 0.327577
vt 0.893677 0.290449
vt 0.893677 0.253321
vt 0.893677 0.216193
vt 0.893677 0.179065
vt 0.893677 0.141937
vt 0.893677 0.104810
vt 0.848527 0.958760
vt 0.848527 0.921631
vt 0.848527 0.995888
vt 0.848527 0.884502
vt 0.848527 0.847374
vt 0.848527 0.810245
vt 0.848527 0.773116
vt 0.848527 0.735988
vt 0.848527 0.698859
vt 0.848527 0.661730
vt 0.654424 0.594229
vt 0.677869 0.587946
vt 0.700296 0.578662
vt 0.721316 0.566526
vt 0.740575 0.551754
vt 0.757738 0.534591
vt 0.772517 0.515337
vt 0.784654 0.494317
vt 0.793946 0.471894
vt 0.800228 0.448449
vt 0.803401 0.424385
vt 0.803401 0.400114
vt 0.800238 0.376048
vt 0.793956 0.352604
vt 0.784671 0.330177
vt 0.772535 0.309157
vt 0.757763 0.289898
vt 0.740600 0.272735
vt 0.721347 0.257955
vt 0.700327 0.245819
vt 0.677904 0.236526
vt 0.654459 0.230244
vt 0.630395 0.227072
vt 0.606123 0.227072
vt 0.582058 0.230235
vt 0.558613 0.236517
vt 0.536187 0.245801
vt 0.515166 0.257937
vt 0.495907 0.272709
vt 0.478744 0.289872
vt 0.463964 0.309126
vt 0.451828 0.330146
vt 0.442536 0.352569
vt 0.436253 0.376014
vt 0.433081 0.400078
vt 0.433081 0.424350
vt 0.436244 0.448415
vt 0.442526 0.471860
vt 0.451810 0.494286
vt 0.463947 0.515306
vt 0.478719 0.534566
vt 0.495882 0.551729
vt 0.515135 0.566508
vt 0.536156 0.578645
vt 0.558578 0.587937
vt 0.582023 0.594219
vt 0.606087 0.597392
vt 0.630359 0.597392
vt 0.873850 0.587471
vt 0.873850 0.550344
vt 0.873850 0.513216
vt 0.873850 0.476088
vt 0.873850 0.438960
vt 0.873850 0.401833
vt 0.873850 0.364705
vt 0.873850 0.327577
vt 0.828701 0.773116
vt 0.828701 0.735988
vt 0.828701 0.698859
vt 0.873850 0.290449
vt 0.828701 0.476087
vt 0.828701 0.513216
vt 0.828701 0.550345
vt 0.828701 0.401829
vt 0.828701 0.438958
vt 0.828701 0.364701
vt 0.828701 0.661730
vt 0.828701 0.624602
vt 0.828701 0.884502
vt 0.828701 0.847374
vt 0.828701 0.810245
vt 0.828701 0.587473
vt 0.004124 0.293778
vt 0.005840 0.293778
vt 0.005840 0.279473
vt 0.004124 0.279473
vt 0.005840 0.265167
vt 0.012743 0.279473
vt 0.012743 0.265167
vt 0.004124 0.308084
vt 0.005840 0.308084
vt 0.012743 0.293778
vt 0.004124 0.322389
vt 0.005840 0.322389
vt 0.012743 0.308084
vt 0.004124 0.336695
vt 0.005840 0.336695
vt 0.012743 0.322389
vt 0.004124 0.351001
vt 0.005840 0.351001
vt 0.012743 0.336695
vt 0.004124 0.365306
vt 0.005840 0.365306
vt 0.012743 0.351001
vt 0.004124 0.379612
vt 0.005840 0.379612
vt 0.012743 0.365306
vt 0.004124 0.393917
vt 0.005840 0.393917
vt 0.012743 0.379612
vt 0.004124 0.408223
vt 0.005840 0.408223
vt 0.012743 0.393917
vt 0.004124 0.422529
vt 0.005840 0.422529
vt 0.012743 0.408223
vt 0.004124 0.436834
vt 0.005840 0.436834
vt 0.012743 0.422529
vt 0.004124 0.451140
vt 0.005840 0.451140
vt 0.012743 0.436834
vt 0.004124 0.465446
vt 0.005840 0.465446
vt 0.012743 0.451140
vt 0.004124 0.479751
vt 0.005840 0.479751
vt 0.012743 0.465446
vt 0.004124 0.494057
vt 0.005840 0.494057
vt 0.012743 0.479751
vt 0.004124 0.508362
vt 0.005840 0.508362
vt 0.012743 0.494057
vt 0.004124 0.522668
vt 0.005840 0.522668
vt 0.012743 0.508362
vt 0.012743 0.522668
vt 0.004124 0.536974
vt 0.005840 0.536974
vt 0.004124 0.551279
vt 0.005840 0.551279
vt 0.012743 0.536974
vt 0.012743 0.551279
vt 0.088547 0.121874
vt 0.088547 0.132211
vt 0.090880 0.132211
vt 0.090880 0.121874
vt 0.020809 0.935449
vt 0.017944 0.932584
vt 0.011510 0.941440
vt 0.015120 0.943279
vt 0.015079 0.929720
vt 0.007900 0.939601
vt 0.008127 0.951850
vt 0.012129 0.952484
vt 0.004126 0.951217
vt 0.008127 0.962796
vt 0.012129 0.962163
vt 0.004126 0.963431
vt 0.011510 0.973207
vt 0.015120 0.971367
vt 0.007900 0.975046
vt 0.017944 0.982062
vt 0.020809 0.979197
vt 0.015079 0.984927
vt 0.026800 0.988496
vt 0.028639 0.984886
vt 0.024961 0.992106
vt 0.037210 0.991879
vt 0.037844 0.987877
vt 0.036577 0.995880
vt 0.048156 0.991878
vt 0.047523 0.987876
vt 0.048790 0.995880
vt 0.058567 0.988496
vt 0.056727 0.984886
vt 0.060406 0.992105
vt 0.067422 0.982061
vt 0.064557 0.979197
vt 0.070287 0.984926
vt 0.073856 0.973206
vt 0.070246 0.971367
vt 0.077466 0.975045
vt 0.077238 0.962795
vt 0.073237 0.962162
vt 0.081240 0.963429
vt 0.077238 0.951849
vt 0.073237 0.952483
vt 0.081240 0.951215
vt 0.073856 0.941439
vt 0.070246 0.943279
vt 0.077466 0.939600
vt 0.067421 0.932584
vt 0.064557 0.935449
vt 0.070286 0.929719
vt 0.058566 0.926150
vt 0.056726 0.929760
vt 0.060405 0.922540
vt 0.048155 0.922767
vt 0.047522 0.926769
vt 0.048789 0.918766
vt 0.037209 0.922768
vt 0.037843 0.926769
vt 0.036575 0.918766
vt 0.026799 0.926150
vt 0.028638 0.929760
vt 0.024959 0.922540
vt 0.079603 0.121874
vt 0.079603 0.132211
vt 0.088547 0.049519
vt 0.088547 0.059856
vt 0.090880 0.059856
vt 0.090880 0.049519
vt 0.079603 0.049519
vt 0.079603 0.059856
vt 0.088546 0.204566
vt 0.088546 0.214902
vt 0.090880 0.214902
vt 0.090880 0.204566
vt 0.079603 0.204566
vt 0.079603 0.214902
vt 0.088546 0.142547
vt 0.090880 0.142547
vt 0.079603 0.142547
vt 0.088547 0.070192
vt 0.090880 0.070192
vt 0.079603 0.070192
vt 0.088546 0.225238
vt 0.090880 0.225238
vt 0.079603 0.225238
vt 0.088546 0.152884
vt 0.090880 0.152884
vt 0.079603 0.152884
vt 0.088547 0.080529
vt 0.090880 0.080529
vt 0.079603 0.080529
vt 0.088547 0.163220
vt 0.090880 0.163220
vt 0.079603 0.163220
vt 0.088547 0.090865
vt 0.090880 0.090865
vt 0.079603 0.090865
vt 0.088547 0.173556
vt 0.090880 0.173556
vt 0.079603 0.173556
vt 0.088547 0.101201
vt 0.090880 0.101201
vt 0.079603 0.101201
vt 0.088547 0.018510
vt 0.088547 0.028847
vt 0.090880 0.028847
vt 0.090880 0.018510
vt 0.079603 0.018510
vt 0.079603 0.028847
vt 0.088546 0.183893
vt 0.090880 0.183893
vt 0.079603 0.183893
vt 0.088547 0.111538
vt 0.090880 0.111538
vt 0.079603 0.111538
vt 0.088547 0.039183
vt 0.090880 0.039183
vt 0.079603 0.039183
vt 0.088546 0.194229
vt 0.090880 0.194229
vt 0.079603 0.194229
vt 0.734956 0.591136
vt 0.738097 0.600812
vt 0.575940 0.635876
vt 0.581898 0.635876
vt 0.581898 0.626808
vt 0.575940 0.626808
vt 0.569982 0.626808
vt 0.569982 0.635876
vt 0.553780 0.635876
vt 0.558287 0.635876
vt 0.558287 0.626808
vt 0.553780 0.626808
vt 0.587849 0.635876
vt 0.587849 0.626808
vt 0.575940 0.644944
vt 0.581898 0.644944
vt 0.564031 0.635876
vt 0.564031 0.626808
vt 0.553780 0.644944
vt 0.558287 0.644944
vt 0.587849 0.644944
vt 0.593817 0.635876
vt 0.593817 0.626808
vt 0.564031 0.644944
vt 0.569982 0.644944
vt 0.599854 0.635876
vt 0.599854 0.626808
vt 0.575940 0.654012
vt 0.581898 0.654012
vt 0.553780 0.654012
vt 0.558287 0.654012
vt 0.587849 0.654012
vt 0.593817 0.644944
vt 0.564031 0.654012
vt 0.569982 0.654012
vt 0.599854 0.644944
vt 0.593817 0.654012
vt 0.564031 0.663080
vt 0.569982 0.663080
vt 0.599854 0.654012
vt 0.575940 0.663080
vt 0.581898 0.663080
vt 0.553780 0.663080
vt 0.558287 0.663080
vt 0.587849 0.663080
vt 0.564031 0.672148
vt 0.569982 0.672148
vt 0.575940 0.672148
vt 0.581898 0.672148
vt 0.553780 0.672148
vt 0.558287 0.672148
vt 0.587849 0.672148
vt 0.593817 0.663080
vt 0.575940 0.681216
vt 0.581898 0.681216
vt 0.599854 0.663080
vt 0.553780 0.681216
vt 0.558287 0.681216
vt 0.587849 0.681216
vt 0.593817 0.672148
vt 0.564031 0.681216
vt 0.569982 0.681216
vt 0.599854 0.672148
vt 0.553780 0.690284
vt 0.558287 0.690284
vt 0.593817 0.681216
vt 0.564031 0.690284
vt 0.569982 0.690284
vt 0.599854 0.681216
vt 0.575940 0.690284
vt 0.581898 0.690284
vt 0.587849 0.690284
vt 0.593817 0.690284
vt 0.564031 0.699352
vt 0.569982 0.699352
vt 0.599854 0.690284
vt 0.575940 0.699352
vt 0.581898 0.699352
vt 0.553780 0.699352
vt 0.558287 0.699352
vt 0.587849 0.699352
vt 0.575940 0.708420
vt 0.581898 0.708420
vt 0.553780 0.708420
vt 0.558287 0.708420
vt 0.587849 0.708420
vt 0.593817 0.699352
vt 0.564031 0.708420
vt 0.569982 0.708420
vt 0.599854 0.699352
vt 0.575940 0.717488
vt 0.581898 0.717488
vt 0.553780 0.717488
vt 0.558287 0.717488
vt 0.587849 0.717488
vt 0.593817 0.708420
vt 0.564031 0.717488
vt 0.569982 0.717488
vt 0.599854 0.708420
vt 0.593817 0.717488
vt 0.564031 0.726556
vt 0.569982 0.726556
vt 0.599854 0.717488
vt 0.575940 0.726556
vt 0.581898 0.726556
vt 0.553780 0.726556
vt 0.558287 0.726556
vt 0.587849 0.726556
vt 0.593817 0.726556
vt 0.564031 0.735625
vt 0.569982 0.735625
vt 0.599854 0.726556
vt 0.575940 0.735625
vt 0.581898 0.735625
vt 0.553780 0.735625
vt 0.558287 0.735625
vt 0.587849 0.735625
vt 0.575940 0.744693
vt 0.581898 0.744693
vt 0.553780 0.744693
vt 0.558287 0.744693
vt 0.587849 0.744693
vt 0.593817 0.735625
vt 0.564031 0.744693
vt 0.569982 0.744693
vt 0.599854 0.735625
vt 0.575940 0.753761
vt 0.581898 0.753761
vt 0.553780 0.753761
vt 0.558287 0.753761
vt 0.587849 0.753761
vt 0.593817 0.744693
vt 0.564031 0.753761
vt 0.569982 0.753761
vt 0.599854 0.744693
vt 0.593817 0.753761
vt 0.564031 0.762829
vt 0.569982 0.762829
vt 0.599854 0.753761
vt 0.575940 0.762829
vt 0.581898 0.762829
vt 0.553780 0.762829
vt 0.558287 0.762829
vt 0.587849 0.762829
vt 0.564031 0.771897
vt 0.569982 0.771897
vt 0.575940 0.771897
vt 0.581898 0.771897
vt 0.553780 0.771897
vt 0.558287 0.771897
vt 0.587849 0.771897
vt 0.593817 0.762829
vt 0.575940 0.780965
vt 0.581898 0.780965
vt 0.599854 0.762829
vt 0.553780 0.780965
vt 0.558287 0.780965
vt 0.587849 0.780965
vt 0.593817 0.771897
vt 0.564031 0.780965
vt 0.569982 0.780965
vt 0.599854 0.771897
vt 0.553780 0.790033
vt 0.558287 0.790033
vt 0.593817 0.780965
vt 0.564031 0.790033
vt 0.569982 0.790033
vt 0.599854 0.780965
vt 0.575940 0.790033
vt 0.581898 0.790033
vt 0.587849 0.790033
vt 0.593817 0.790033
vt 0.564031 0.799101
vt 0.569982 0.799101
vt 0.599854 0.790033
vt 0.575940 0.799101
vt 0.581898 0.799101
vt 0.553780 0.799101
vt 0.558287 0.799101
vt 0.587849 0.799101
vt 0.575940 0.808169
vt 0.581898 0.808169
vt 0.553780 0.808169
vt 0.558287 0.808169
vt 0.587849 0.808169
vt 0.564031 0.808169
vt 0.593817 0.799101
vt 0.569982 0.808169
vt 0.599854 0.799101
vt 0.732681 0.591496
vt 0.736045 0.601857
vt 0.744075 0.609043
vt 0.742446 0.610671
vt 0.752304 0.615025
vt 0.751258 0.617076
vt 0.761978 0.618170
vt 0.761617 0.620444
vt 0.772151 0.618172
vt 0.772511 0.620447
vt 0.781827 0.615031
vt 0.782871 0.617082
vt 0.790058 0.609053
vt 0.791686 0.610682
vt 0.796039 0.600824
vt 0.798091 0.601870
vt 0.799185 0.591150
vt 0.801459 0.591510
vt 0.799187 0.580977
vt 0.801461 0.580617
vt 0.796045 0.571301
vt 0.798097 0.570256
vt 0.790067 0.563070
vt 0.791696 0.561442
vt 0.781839 0.557088
vt 0.782884 0.555037
vt 0.772164 0.553943
vt 0.772525 0.551669
vt 0.761992 0.553941
vt 0.761632 0.551666
vt 0.752316 0.557082
vt 0.751271 0.555030
vt 0.744084 0.563060
vt 0.742456 0.561431
vt 0.738103 0.571289
vt 0.736052 0.570243
vt 0.734958 0.580963
vt 0.732683 0.580603
vt 0.049781 0.536974
vt 0.049781 0.522668
vt 0.713264 0.193980
vt 0.720461 0.193984
vt 0.720823 0.191707
vt 0.712905 0.191703
vt 0.706419 0.196199
vt 0.705373 0.194145
vt 0.700594 0.200426
vt 0.698965 0.198795
vt 0.696361 0.206245
vt 0.694308 0.205198
vt 0.694133 0.213088
vt 0.691856 0.212726
vt 0.694129 0.220285
vt 0.691852 0.220644
vt 0.696348 0.227130
vt 0.694294 0.228176
vt 0.700575 0.232955
vt 0.698944 0.234584
vt 0.706394 0.237188
vt 0.705346 0.239242
vt 0.713237 0.239416
vt 0.712875 0.241693
vt 0.720433 0.239420
vt 0.720793 0.241697
vt 0.727279 0.237201
vt 0.728324 0.239255
vt 0.733104 0.232974
vt 0.734733 0.234605
vt 0.737337 0.227155
vt 0.739390 0.228202
vt 0.739565 0.220312
vt 0.741842 0.220674
vt 0.739569 0.213115
vt 0.741846 0.212756
vt 0.737349 0.206270
vt 0.739404 0.205225
vt 0.733123 0.200445
vt 0.734754 0.198816
vt 0.727304 0.196212
vt 0.728351 0.194159
vt 0.593817 0.808169
vt 0.436106 0.973044
vt 0.433234 0.973499
vt 0.435619 0.980836
vt 0.438209 0.979516
vt 0.599854 0.808169
vt 0.431342 0.973799
vt 0.433911 0.981706
vt 0.436106 0.966239
vt 0.433234 0.965784
vt 0.431342 0.965484
vt 0.438208 0.959767
vt 0.435618 0.958447
vt 0.433910 0.957577
vt 0.442208 0.954261
vt 0.440153 0.952205
vt 0.438797 0.950850
vt 0.447713 0.950261
vt 0.446394 0.947671
vt 0.445524 0.945963
vt 0.454185 0.948158
vt 0.453731 0.945286
vt 0.453431 0.943394
vt 0.460991 0.948157
vt 0.461445 0.945286
vt 0.461745 0.943394
vt 0.467463 0.950260
vt 0.468783 0.947670
vt 0.469652 0.945962
vt 0.472969 0.954260
vt 0.475024 0.952204
vt 0.476379 0.950849
vt 0.476969 0.959766
vt 0.479559 0.958445
vt 0.481266 0.957576
vt 0.479072 0.966237
vt 0.481943 0.965783
vt 0.483836 0.965483
vt 0.479072 0.973043
vt 0.481944 0.973497
vt 0.483836 0.973797
vt 0.476969 0.979515
vt 0.479560 0.980835
vt 0.481267 0.981704
vt 0.472970 0.985021
vt 0.475026 0.987076
vt 0.476380 0.988431
vt 0.467464 0.989021
vt 0.468784 0.991611
vt 0.469654 0.993318
vt 0.460992 0.991124
vt 0.461447 0.993996
vt 0.461747 0.995888
vt 0.454187 0.991124
vt 0.453732 0.993996
vt 0.453433 0.995888
vt 0.447715 0.989021
vt 0.446395 0.991612
vt 0.445525 0.993319
vt 0.442209 0.985022
vt 0.440154 0.987077
vt 0.438799 0.988432
vt 0.049781 0.508362
vt 0.049781 0.551279
vt 0.049781 0.494057
vt 0.049781 0.479751
vt 0.049781 0.465446
vt 0.049781 0.451140
vt 0.049781 0.436834
vt 0.049781 0.422529
vt 0.049781 0.408223
vt 0.049781 0.393917
vt 0.049781 0.379612
vt 0.049781 0.365306
vt 0.049781 0.351001
vt 0.049781 0.336695
vt 0.049781 0.322389
vt 0.049781 0.308084
vt 0.049781 0.293778
vt 0.049781 0.279473
vt 0.049781 0.265167
vt 0.451197 0.249797
vt 0.436969 0.264024
vt 0.446545 0.270981
vt 0.455679 0.253054
vt 0.447940 0.245314
vt 0.430012 0.254449
vt 0.446227 0.240044
vt 0.426355 0.243192
vt 0.446227 0.234504
vt 0.426355 0.231356
vt 0.447940 0.229234
vt 0.430012 0.220099
vt 0.451197 0.224751
vt 0.436969 0.210524
vt 0.455679 0.221494
vt 0.446545 0.203567
vt 0.460949 0.219782
vt 0.457802 0.199909
vt 0.466490 0.219782
vt 0.469638 0.199909
vt 0.471760 0.221494
vt 0.480894 0.203567
vt 0.476242 0.224751
vt 0.490470 0.210524
vt 0.479500 0.229234
vt 0.497427 0.220099
vt 0.481212 0.234504
vt 0.501084 0.231356
vt 0.481212 0.240045
vt 0.501084 0.243192
vt 0.479499 0.245314
vt 0.497427 0.254449
vt 0.476242 0.249797
vt 0.490470 0.264024
vt 0.471760 0.253054
vt 0.480894 0.270981
vt 0.466490 0.254766
vt 0.469638 0.274639
vt 0.460949 0.254766
vt 0.457802 0.274639
vt 0.983139 0.455406
vt 0.983139 0.467939
vt 0.984921 0.467939
vt 0.984921 0.455406
vt 0.983139 0.480471
vt 0.984921 0.480471
vt 0.987252 0.467939
vt 0.987252 0.455406
vt 0.983139 0.493004
vt 0.984921 0.493004
vt 0.987252 0.480471
vt 0.983139 0.505537
vt 0.984921 0.505537
vt 0.987252 0.493004
vt 0.983139 0.518070
vt 0.984921 0.518070
vt 0.987252 0.505537
vt 0.983139 0.530602
vt 0.984921 0.530602
vt 0.987252 0.518070
vt 0.983139 0.543135
vt 0.984921 0.543135
vt 0.987252 0.530602
vt 0.983139 0.555668
vt 0.984921 0.555668
vt 0.987252 0.543135
vt 0.983139 0.568201
vt 0.984921 0.568201
vt 0.987252 0.555668
vt 0.983139 0.580733
vt 0.984921 0.580733
vt 0.987252 0.568201
vt 0.983139 0.593266
vt 0.984921 0.593266
vt 0.987252 0.580733
vt 0.983139 0.605799
vt 0.984921 0.605799
vt 0.987252 0.593266
vt 0.983139 0.618332
vt 0.984921 0.618332
vt 0.987252 0.605799
vt 0.983139 0.630864
vt 0.984921 0.630864
vt 0.987252 0.618332
vt 0.983139 0.643397
vt 0.984921 0.643397
vt 0.987252 0.630864
vt 0.983139 0.655930
vt 0.984921 0.655930
vt 0.987252 0.643397
vt 0.983139 0.668463
vt 0.984921 0.668463
vt 0.987252 0.655930
vt 0.983139 0.680995
vt 0.984921 0.680995
vt 0.987252 0.668463
vt 0.983139 0.693528
vt 0.984921 0.693528
vt 0.987252 0.680995
vt 0.983139 0.706061
vt 0.984921 0.706061
vt 0.987252 0.693528
vt 0.072992 0.194229
vt 0.072992 0.204566
vt 0.987252 0.706061
vt 0.072992 0.039183
vt 0.072992 0.049519
vt 0.072992 0.111538
vt 0.072992 0.121874
vt 0.072992 0.183893
vt 0.072992 0.028847
vt 0.072992 0.101201
vt 0.072992 0.173556
vt 0.072992 0.018510
vt 0.072992 0.090865
vt 0.072992 0.163220
vt 0.072992 0.080529
vt 0.072992 0.152884
vt 0.072992 0.070192
vt 0.072992 0.142547
vt 0.072992 0.214902
vt 0.072992 0.225238
vt 0.072992 0.059856
vt 0.072992 0.132211
vt 0.036898 0.206012
vt 0.036898 0.218227
vt 0.037944 0.218227
vt 0.037944 0.206012
vt 0.039010 0.218227
vt 0.039010 0.206012
vt 0.035115 0.010567
vt 0.035115 0.022782
vt 0.036044 0.022782
vt 0.036044 0.010567
vt 0.981831 0.593266
vt 0.981831 0.605799
vt 0.036898 0.022782
vt 0.036898 0.010567
vt 0.980717 0.593266
vt 0.980717 0.605799
vt 0.035115 0.034997
vt 0.036044 0.034997
vt 0.036898 0.120504
vt 0.036898 0.132720
vt 0.037944 0.132720
vt 0.037944 0.120504
vt 0.036898 0.034997
vt 0.039010 0.132720
vt 0.039010 0.120504
vt 0.035115 0.047213
vt 0.036044 0.047213
vt 0.036898 0.047213
vt 0.037944 0.047213
vt 0.037944 0.034997
vt 0.039010 0.047213
vt 0.039010 0.034997
vt 0.035115 0.059428
vt 0.036044 0.059428
vt 0.981831 0.580733
vt 0.036898 0.059428
vt 0.980717 0.580733
vt 0.035115 0.071643
vt 0.036044 0.071643
vt 0.036898 0.193797
vt 0.037944 0.193797
vt 0.036898 0.071643
vt 0.039010 0.193797
vt 0.035115 0.083858
vt 0.036044 0.083858
vt 0.981831 0.568201
vt 0.036898 0.083858
vt 0.980717 0.568201
vt 0.035115 0.096074
vt 0.036044 0.096074
vt 0.036898 0.108289
vt 0.037944 0.108289
vt 0.036898 0.096074
vt 0.039010 0.108289
vt 0.035115 0.108289
vt 0.036044 0.108289
vt 0.037944 0.022782
vt 0.039010 0.022782
vt 0.035115 0.120504
vt 0.036044 0.120504
vt 0.981831 0.555668
vt 0.980717 0.555668
vt 0.035115 0.132720
vt 0.036044 0.132720
vt 0.036898 0.181581
vt 0.037944 0.181581
vt 0.039010 0.181581
vt 0.035115 0.144935
vt 0.036044 0.144935
vt 0.981831 0.543135
vt 0.036898 0.144935
vt 0.980717 0.543135
vt 0.035115 0.157151
vt 0.036044 0.157151
vt 0.037944 0.096074
vt 0.036898 0.157151
vt 0.039010 0.096074
vt 0.035115 0.169366
vt 0.036044 0.169366
vt 0.037944 0.010567
vt 0.036898 0.169366
vt 0.039010 0.010567
vt 0.035115 0.181581
vt 0.036044 0.181581
vt 0.981831 0.530602
vt 0.980717 0.530602
vt 0.035115 0.193797
vt 0.036044 0.193797
vt 0.981831 0.693528
vt 0.981831 0.706061
vt 0.980717 0.693528
vt 0.980717 0.706061
vt 0.035115 0.206012
vt 0.036044 0.206012
vt 0.037944 0.169366
vt 0.039010 0.169366
vt 0.035115 0.218227
vt 0.036044 0.218227
vt 0.981831 0.518070
vt 0.980717 0.518070
vt 0.035115 0.230442
vt 0.036044 0.230442
vt 0.037944 0.083858
vt 0.036898 0.230442
vt 0.039010 0.083858
vt 0.035115 0.242658
vt 0.036044 0.242658
vt 0.981831 0.680995
vt 0.036898 0.242658
vt 0.980717 0.680995
vt 0.035115 0.254873
vt 0.036044 0.254873
vt 0.994064 0.216468
vt 0.994064 0.227940
vt 0.994974 0.227940
vt 0.994974 0.216468
vt 0.036898 0.254873
vt 0.994064 0.239411
vt 0.994974 0.239411
vt 0.995884 0.227940
vt 0.995885 0.216468
vt 0.994064 0.250883
vt 0.994974 0.250883
vt 0.995884 0.239411
vt 0.994064 0.262354
vt 0.994974 0.262354
vt 0.995884 0.250883
vt 0.994064 0.273826
vt 0.994974 0.273826
vt 0.995884 0.262354
vt 0.994064 0.285297
vt 0.994974 0.285297
vt 0.995884 0.273826
vt 0.994064 0.296768
vt 0.994974 0.296768
vt 0.995884 0.285297
vt 0.994064 0.308240
vt 0.994974 0.308240
vt 0.995884 0.296768
vt 0.994064 0.319711
vt 0.994974 0.319711
vt 0.995884 0.308240
vt 0.994064 0.331182
vt 0.994974 0.331182
vt 0.995884 0.319711
vt 0.994064 0.342654
vt 0.994974 0.342654
vt 0.995884 0.331182
vt 0.994064 0.354125
vt 0.994974 0.354125
vt 0.995885 0.342654
vt 0.994064 0.365596
vt 0.994974 0.365596
vt 0.995885 0.354125
vt 0.994064 0.377068
vt 0.994974 0.377068
vt 0.995885 0.365596
vt 0.994064 0.388539
vt 0.994974 0.388539
vt 0.995885 0.377068
vt 0.994064 0.400010
vt 0.994974 0.400010
vt 0.995885 0.388539
vt 0.994064 0.411482
vt 0.994974 0.411482
vt 0.995885 0.400010
vt 0.994064 0.422953
vt 0.994974 0.422953
vt 0.995884 0.411482
vt 0.994064 0.434424
vt 0.994974 0.434424
vt 0.995884 0.422953
vt 0.994064 0.445896
vt 0.994974 0.445896
vt 0.995884 0.434424
vt 0.981831 0.618332
vt 0.995884 0.445896
vt 0.980717 0.618332
vt 0.037944 0.059428
vt 0.039010 0.059428
vt 0.037944 0.144935
vt 0.039010 0.144935
vt 0.981831 0.630864
vt 0.980717 0.630864
vt 0.037944 0.230442
vt 0.039010 0.230442
vt 0.981831 0.455406
vt 0.981831 0.467939
vt 0.980717 0.455406
vt 0.980717 0.467939
vt 0.981831 0.643397
vt 0.980717 0.643397
vt 0.037944 0.071643
vt 0.039010 0.071643
vt 0.981831 0.480471
vt 0.980717 0.480471
vt 0.037944 0.157151
vt 0.039010 0.157151
vt 0.981831 0.655930
vt 0.980717 0.655930
vt 0.037944 0.242658
vt 0.039010 0.242658
vt 0.981831 0.493004
vt 0.980717 0.493004
vt 0.981831 0.668463
vt 0.980717 0.668463
vt 0.981831 0.505537
vt 0.980717 0.505537
vt 0.037944 0.254873
vt 0.039010 0.254873
vt 0.064940 0.257506
vt 0.064395 0.244174
vt 0.062599 0.244270
vt 0.063089 0.257846
vt 0.060343 0.244359
vt 0.060673 0.258091
vt 0.050742 0.145211
vt 0.052414 0.145206
vt 0.052426 0.132965
vt 0.050786 0.132977
vt 0.054524 0.145182
vt 0.054510 0.132932
vt 0.063663 0.095839
vt 0.063714 0.083618
vt 0.062052 0.083619
vt 0.062025 0.095851
vt 0.059947 0.083638
vt 0.059941 0.095883
vt 0.050701 0.231584
vt 0.052397 0.231591
vt 0.052425 0.219279
vt 0.050781 0.219289
vt 0.054539 0.231570
vt 0.054516 0.219246
vt 0.063827 0.108119
vt 0.062124 0.108129
vt 0.059993 0.108156
vt 0.050590 0.071290
vt 0.052285 0.071288
vt 0.052333 0.058769
vt 0.050648 0.058775
vt 0.054424 0.071274
vt 0.054476 0.058751
vt 0.050696 0.157616
vt 0.052398 0.157607
vt 0.054530 0.157580
vt 0.063780 0.120525
vt 0.062109 0.120531
vt 0.059999 0.120554
vt 0.050427 0.244339
vt 0.052208 0.244419
vt 0.054453 0.244459
vt 0.063736 0.132760
vt 0.062097 0.132772
vt 0.060013 0.132805
vt 0.050548 0.083765
vt 0.052255 0.083756
vt 0.054394 0.083731
vt 0.050859 0.169896
vt 0.052497 0.169885
vt 0.054581 0.169852
vt 0.063900 0.145041
vt 0.062197 0.145051
vt 0.060066 0.145078
vt 0.049938 0.257480
vt 0.051761 0.257812
vt 0.054157 0.258064
vt 0.063853 0.157446
vt 0.062181 0.157452
vt 0.060072 0.157476
vt 0.050713 0.096055
vt 0.052353 0.096042
vt 0.054437 0.096010
vt 0.050809 0.182117
vt 0.052472 0.182115
vt 0.054577 0.182096
vt 0.063809 0.169681
vt 0.062169 0.169693
vt 0.060084 0.169726
vt 0.050413 0.020314
vt 0.052215 0.020234
vt 0.051804 0.006551
vt 0.049936 0.006886
vt 0.054487 0.020162
vt 0.054241 0.006311
vt 0.063973 0.181970
vt 0.062265 0.181978
vt 0.060127 0.182002
vt 0.057396 0.244432
vt 0.057412 0.258165
vt 0.060157 0.231434
vt 0.057347 0.231507
vt 0.060032 0.219112
vt 0.057276 0.219180
vt 0.060021 0.206872
vt 0.057251 0.206918
vt 0.060090 0.194453
vt 0.057298 0.194484
vt 0.054469 0.206965
vt 0.057346 0.182050
vt 0.054507 0.194514
vt 0.057333 0.169789
vt 0.057304 0.157527
vt 0.057290 0.145130
vt 0.057261 0.132868
vt 0.057232 0.120606
vt 0.057218 0.108209
vt 0.054457 0.120659
vt 0.057190 0.095946
vt 0.054450 0.108260
vt 0.057176 0.083683
vt 0.060033 0.071218
vt 0.057229 0.071245
vt 0.060147 0.058682
vt 0.057306 0.058715
vt 0.060241 0.045935
vt 0.057370 0.045980
vt 0.060285 0.033129
vt 0.057409 0.033172
vt 0.054503 0.046026
vt 0.060437 0.020105
vt 0.057465 0.020110
vt 0.054531 0.033221
vt 0.060836 0.006362
vt 0.057534 0.006246
vt 0.052306 0.046048
vt 0.050557 0.046051
vt 0.063864 0.071220
vt 0.062171 0.071212
vt 0.064000 0.231353
vt 0.062301 0.231385
vt 0.052331 0.206989
vt 0.050623 0.206997
vt 0.064048 0.058684
vt 0.062320 0.058675
vt 0.052325 0.120686
vt 0.050623 0.120695
vt 0.063742 0.219058
vt 0.062112 0.219074
vt 0.052345 0.033246
vt 0.050621 0.033255
vt 0.064210 0.045924
vt 0.062447 0.045920
vt 0.063787 0.206849
vt 0.062125 0.206851
vt 0.052372 0.194526
vt 0.050675 0.194525
vt 0.064183 0.033131
vt 0.062466 0.033119
vt 0.052341 0.108284
vt 0.050669 0.108290
vt 0.063922 0.194442
vt 0.062225 0.194441
vt 0.064480 0.020258
vt 0.062697 0.020163
vt 0.065208 0.007001
vt 0.063302 0.006638
vt 0.052202 0.279473
vt 0.052202 0.265167
vt 0.052202 0.293778
vt 0.052202 0.308084
vt 0.052202 0.322389
vt 0.052202 0.336695
vt 0.052202 0.351001
vt 0.052202 0.365306
vt 0.052202 0.379612
vt 0.052202 0.393917
vt 0.052202 0.408223
vt 0.052202 0.422529
vt 0.052202 0.436834
vt 0.052202 0.451140
vt 0.052202 0.465446
vt 0.052201 0.479751
vt 0.052201 0.494057
vt 0.052201 0.508362
vt 0.052201 0.522668
vt 0.052201 0.536974
vt 0.052201 0.551279
vt 0.646488 0.832727
vt 0.661978 0.845978
vt 0.986790 0.846705
vt 0.986790 0.865353
vt 0.987557 0.865353
vt 0.987557 0.846705
vt 0.986790 0.884001
vt 0.987557 0.884001
vt 0.986790 0.902649
vt 0.987557 0.902649
vt 0.986790 0.921298
vt 0.987557 0.921298
vt 0.986790 0.939946
vt 0.987557 0.939946
vt 0.986790 0.958594
vt 0.987557 0.958594
vt 0.986790 0.977242
vt 0.987557 0.977242
vt 0.986789 0.995891
vt 0.987557 0.995891
vt 0.799066 0.715475
vt 0.799067 0.734159
vt 0.799832 0.734159
vt 0.799832 0.715475
vt 0.799067 0.752843
vt 0.799832 0.752843
vt 0.799067 0.771526
vt 0.799832 0.771526
vt 0.799067 0.790210
vt 0.799832 0.790210
vt 0.799067 0.808894
vt 0.799832 0.808894
vt 0.799067 0.827527
vt 0.799832 0.827527
vt 0.799067 0.885366
vt 0.799067 0.902533
vt 0.799832 0.902533
vt 0.799832 0.885366
vt 0.799067 0.921143
vt 0.799832 0.921143
vt 0.799067 0.939827
vt 0.799832 0.939826
vt 0.799067 0.958510
vt 0.799832 0.958510
vt 0.799067 0.977194
vt 0.799832 0.977194
vt 0.799066 0.995878
vt 0.799832 0.995878
vt 0.986789 0.716167
vt 0.986790 0.734816
vt 0.987557 0.734816
vt 0.987557 0.716167
vt 0.986790 0.753464
vt 0.987557 0.753464
vt 0.986790 0.772112
vt 0.987557 0.772112
vt 0.986790 0.790760
vt 0.987557 0.790760
vt 0.986790 0.809408
vt 0.987557 0.809408
vt 0.986790 0.828057
vt 0.987557 0.828057
vt 0.791630 0.844935
vt 0.791630 0.865041
vt 0.799067 0.865041
vt 0.799067 0.844935
vt 0.510532 0.934420
vt 0.511079 0.934237
vt 0.507121 0.916083
vt 0.506547 0.916149
vt 0.979339 0.790760
vt 0.979339 0.809408
vt 0.507020 0.897499
vt 0.506445 0.897445
vt 0.979339 0.772112
vt 0.510783 0.879298
vt 0.510232 0.879126
vt 0.979339 0.753464
vt 0.518249 0.862275
vt 0.517745 0.861992
vt 0.979339 0.734816
vt 0.529089 0.847175
vt 0.528655 0.846794
vt 0.979339 0.716167
vt 0.542831 0.834656
vt 0.542486 0.834194
vt 0.791630 0.977194
vt 0.791630 0.995878
vt 0.558875 0.825265
vt 0.558634 0.824741
vt 0.791630 0.958510
vt 0.576524 0.819408
vt 0.576397 0.818846
vt 0.791630 0.939826
vt 0.595011 0.817337
vt 0.595003 0.816761
vt 0.791630 0.921143
vt 0.613543 0.819131
vt 0.613655 0.818564
vt 0.791630 0.902533
vt 0.631292 0.824647
vt 0.631516 0.824110
vt 0.791630 0.885366
vt 0.646801 0.832242
vt 0.791630 0.808894
vt 0.791630 0.827527
vt 0.680824 0.878420
vt 0.680268 0.878592
vt 0.684062 0.896809
vt 0.684637 0.896752
vt 0.791630 0.790210
vt 0.684064 0.915428
vt 0.684637 0.915491
vt 0.791630 0.771526
vt 0.680222 0.933630
vt 0.680769 0.933811
vt 0.791630 0.752843
vt 0.672692 0.950632
vt 0.673190 0.950923
vt 0.791630 0.734159
vt 0.661797 0.965698
vt 0.662223 0.966086
vt 0.791630 0.715475
vt 0.648012 0.978170
vt 0.648349 0.978638
vt 0.979339 0.977242
vt 0.979339 0.995891
vt 0.631937 0.987504
vt 0.632170 0.988033
vt 0.979339 0.958594
vt 0.614274 0.993294
vt 0.614392 0.993859
vt 0.979339 0.939946
vt 0.595794 0.995286
vt 0.595792 0.995863
vt 0.979339 0.921298
vt 0.577306 0.993394
vt 0.577185 0.993959
vt 0.979339 0.902649
vt 0.559618 0.987704
vt 0.559383 0.988231
vt 0.979339 0.884001
vt 0.543506 0.978471
vt 0.543168 0.978938
vt 0.979339 0.865353
vt 0.529676 0.966120
vt 0.529253 0.966505
vt 0.518218 0.951455
vt 0.518716 0.951164
vt 0.673572 0.862474
vt 0.979339 0.846705
vt 0.799832 0.865041
vt 0.799832 0.844935
vt 0.979339 0.828057
vt 0.662409 0.845586
vt 0.674085 0.862208
vt 0.004124 0.265167
vt 0.692870 0.775186
vt 0.700312 0.775186
vt 0.700312 0.761392
vt 0.692870 0.761392
vt 0.700312 0.747599
vt 0.716414 0.761392
vt 0.716414 0.747599
vt 0.692870 0.788979
vt 0.700312 0.788979
vt 0.716414 0.775186
vt 0.692870 0.802772
vt 0.700312 0.802772
vt 0.716414 0.788979
vt 0.692870 0.816565
vt 0.700312 0.816565
vt 0.716414 0.802772
vt 0.716414 0.816565
vt 0.692870 0.830359
vt 0.700312 0.830359
vt 0.692870 0.844152
vt 0.700312 0.844152
vt 0.716414 0.830359
vt 0.692870 0.857945
vt 0.700312 0.857945
vt 0.716414 0.844152
vt 0.692870 0.871738
vt 0.700312 0.871738
vt 0.716414 0.857945
vt 0.692870 0.885532
vt 0.700312 0.885532
vt 0.716414 0.871738
vt 0.692870 0.899325
vt 0.700312 0.899325
vt 0.716414 0.885532
vt 0.692870 0.913118
vt 0.700312 0.913118
vt 0.716414 0.899325
vt 0.692870 0.926912
vt 0.700312 0.926912
vt 0.716414 0.913118
vt 0.692870 0.940705
vt 0.700312 0.940705
vt 0.716414 0.926912
vt 0.692870 0.954498
vt 0.700312 0.954498
vt 0.716414 0.940705
vt 0.716414 0.954498
vt 0.692870 0.968291
vt 0.700312 0.968291
vt 0.692870 0.982085
vt 0.700312 0.982085
vt 0.716414 0.968291
vt 0.692870 0.995878
vt 0.700312 0.995878
vt 0.716414 0.982085
vt 0.716414 0.995878
vt 0.692870 0.733806
vt 0.700312 0.733806
vt 0.700312 0.720013
vt 0.692870 0.720013
vt 0.692870 0.747599
vt 0.716414 0.733806
vt 0.716414 0.720013
vt 0.006604 0.190651
vt 0.010292 0.190651
vt 0.010292 0.181475
vt 0.006604 0.181475
vt 0.014030 0.190651
vt 0.014030 0.181475
vt 0.956254 0.970051
vt 0.959445 0.970051
vt 0.959445 0.957133
vt 0.956254 0.957133
vt 0.962625 0.970051
vt 0.962625 0.957133
vt 0.959445 0.944214
vt 0.956254 0.944214
vt 0.962625 0.944214
vt 0.959445 0.931295
vt 0.956254 0.931295
vt 0.962625 0.931295
vt 0.959445 0.918377
vt 0.956254 0.918377
vt 0.962625 0.918377
vt 0.956254 0.905458
vt 0.959445 0.905458
vt 0.959445 0.892539
vt 0.956254 0.892539
vt 0.962625 0.905458
vt 0.962625 0.892539
vt 0.959445 0.879621
vt 0.956254 0.879621
vt 0.962625 0.879621
vt 0.959445 0.866702
vt 0.956254 0.866702
vt 0.962625 0.866702
vt 0.959445 0.853783
vt 0.956254 0.853783
vt 0.962625 0.853783
vt 0.959445 0.840865
vt 0.956254 0.840865
vt 0.962625 0.840865
vt 0.959445 0.827946
vt 0.956254 0.827946
vt 0.962625 0.827946
vt 0.959445 0.815027
vt 0.956254 0.815027
vt 0.962625 0.815027
vt 0.959445 0.802109
vt 0.956254 0.802109
vt 0.962625 0.802109
vt 0.959445 0.789190
vt 0.956254 0.789190
vt 0.962625 0.789190
vt 0.956254 0.776271
vt 0.959445 0.776271
vt 0.959445 0.763352
vt 0.956254 0.763352
vt 0.962625 0.776271
vt 0.962625 0.763352
vt 0.959445 0.750434
vt 0.956254 0.750434
vt 0.962625 0.750434
vt 0.959445 0.737515
vt 0.956254 0.737515
vt 0.962625 0.737515
vt 0.956254 0.995889
vt 0.959445 0.995889
vt 0.959445 0.982970
vt 0.956254 0.982970
vt 0.962625 0.995889
vt 0.962625 0.982970
vt 0.006604 0.126422
vt 0.010292 0.126422
vt 0.010292 0.117246
vt 0.006604 0.117246
vt 0.014030 0.126422
vt 0.014030 0.117246
vt 0.006604 0.080543
vt 0.010292 0.080543
vt 0.010292 0.071368
vt 0.006604 0.071368
vt 0.014030 0.080543
vt 0.014030 0.071368
vt 0.006604 0.199827
vt 0.010292 0.199827
vt 0.014030 0.199827
vt 0.006604 0.089719
vt 0.010292 0.089719
vt 0.014030 0.089719
vt 0.006604 0.209002
vt 0.010292 0.209002
vt 0.014030 0.209002
vt 0.006604 0.144773
vt 0.010292 0.144773
vt 0.010292 0.135597
vt 0.006604 0.135597
vt 0.014030 0.144773
vt 0.014030 0.135597
vt 0.006604 0.218178
vt 0.010292 0.218178
vt 0.014030 0.218178
vt 0.006604 0.153948
vt 0.010292 0.153948
vt 0.014030 0.153948
vt 0.006604 0.163124
vt 0.010292 0.163124
vt 0.014030 0.163124
vt 0.006604 0.098895
vt 0.010292 0.098895
vt 0.014030 0.098895
vt 0.006604 0.236529
vt 0.010292 0.236529
vt 0.010292 0.227353
vt 0.006604 0.227353
vt 0.014030 0.236529
vt 0.014030 0.227353
vt 0.006604 0.172300
vt 0.010292 0.172300
vt 0.014030 0.172300
vt 0.006604 0.108070
vt 0.010292 0.108070
vt 0.014030 0.108070
vt 0.006604 0.245705
vt 0.010292 0.245705
vt 0.014030 0.245705
vt 0.006604 0.254880
vt 0.010292 0.254880
vt 0.014030 0.254880
vt 0.742380 0.747599
vt 0.742380 0.733806
vt 0.662701 0.762299
vt 0.662701 0.752636
vt 0.656689 0.752636
vt 0.656689 0.762299
vt 0.632343 0.762299
vt 0.632343 0.752636
vt 0.628074 0.752636
vt 0.628074 0.762299
vt 0.650400 0.752636
vt 0.644097 0.752636
vt 0.644097 0.762299
vt 0.650400 0.762299
vt 0.679265 0.752636
vt 0.675850 0.752636
vt 0.675850 0.762299
vt 0.679265 0.762299
vt 0.637974 0.752636
vt 0.637974 0.762299
vt 0.650400 0.742972
vt 0.644097 0.742972
vt 0.674894 0.752636
vt 0.674894 0.762299
vt 0.679265 0.742972
vt 0.675850 0.742972
vt 0.637974 0.742972
vt 0.632343 0.742972
vt 0.674894 0.742972
vt 0.662701 0.742972
vt 0.656689 0.742972
vt 0.628074 0.742972
vt 0.650400 0.733309
vt 0.644097 0.733309
vt 0.679265 0.733309
vt 0.675850 0.733309
vt 0.637974 0.733309
vt 0.632343 0.733309
vt 0.674894 0.733309
vt 0.662701 0.733309
vt 0.656689 0.733309
vt 0.628074 0.733309
vt 0.637974 0.723645
vt 0.632343 0.723645
vt 0.662701 0.723645
vt 0.656689 0.723645
vt 0.628074 0.723645
vt 0.650400 0.723645
vt 0.644097 0.723645
vt 0.679265 0.723645
vt 0.675850 0.723645
vt 0.662701 0.713982
vt 0.656689 0.713982
vt 0.674894 0.723645
vt 0.650400 0.713982
vt 0.644097 0.713982
vt 0.679265 0.713982
vt 0.675850 0.713982
vt 0.637974 0.713982
vt 0.632343 0.713982
vt 0.674894 0.713982
vt 0.650400 0.704318
vt 0.644097 0.704318
vt 0.628074 0.713982
vt 0.679265 0.704318
vt 0.675850 0.704318
vt 0.637974 0.704318
vt 0.632343 0.704318
vt 0.674894 0.704318
vt 0.662701 0.704318
vt 0.656689 0.704318
vt 0.628074 0.704318
vt 0.679265 0.694655
vt 0.675850 0.694655
vt 0.637974 0.694655
vt 0.632343 0.694655
vt 0.674894 0.694655
vt 0.662701 0.694655
vt 0.656689 0.694655
vt 0.628074 0.694655
vt 0.650400 0.694655
vt 0.644097 0.694655
vt 0.637974 0.684991
vt 0.632343 0.684991
vt 0.662701 0.684991
vt 0.656689 0.684991
vt 0.628074 0.684991
vt 0.650400 0.684991
vt 0.644097 0.684991
vt 0.679265 0.684991
vt 0.675850 0.684991
vt 0.650400 0.675327
vt 0.644097 0.675327
vt 0.674894 0.684991
vt 0.679265 0.675327
vt 0.675850 0.675327
vt 0.637974 0.675327
vt 0.632343 0.675327
vt 0.674894 0.675327
vt 0.662701 0.675327
vt 0.656689 0.675327
vt 0.628074 0.675327
vt 0.650400 0.665664
vt 0.644097 0.665664
vt 0.679265 0.665664
vt 0.675850 0.665664
vt 0.637974 0.665664
vt 0.632343 0.665664
vt 0.674894 0.665664
vt 0.662701 0.665664
vt 0.656689 0.665664
vt 0.628074 0.665664
vt 0.637974 0.656000
vt 0.632343 0.656000
vt 0.662701 0.656000
vt 0.656689 0.656000
vt 0.628074 0.656000
vt 0.650400 0.656000
vt 0.644097 0.656000
vt 0.679265 0.656000
vt 0.675850 0.656000
vt 0.637974 0.646337
vt 0.632343 0.646337
vt 0.674894 0.656000
vt 0.662701 0.646337
vt 0.656689 0.646337
vt 0.628074 0.646337
vt 0.650400 0.646337
vt 0.644097 0.646337
vt 0.679265 0.646337
vt 0.675850 0.646337
vt 0.650400 0.636673
vt 0.644097 0.636673
vt 0.674894 0.646337
vt 0.679265 0.636673
vt 0.675850 0.636673
vt 0.637974 0.636673
vt 0.632343 0.636673
vt 0.674894 0.636673
vt 0.662701 0.636673
vt 0.656689 0.636673
vt 0.628074 0.636673
vt 0.650400 0.627010
vt 0.644097 0.627010
vt 0.679265 0.627010
vt 0.675850 0.627010
vt 0.637974 0.627010
vt 0.632343 0.627010
vt 0.674894 0.627010
vt 0.662701 0.627010
vt 0.656689 0.627010
vt 0.628074 0.627010
vt 0.637974 0.616511
vt 0.632343 0.616511
vt 0.662701 0.616511
vt 0.656689 0.616511
vt 0.628074 0.616511
vt 0.650400 0.616511
vt 0.644097 0.616511
vt 0.679265 0.616511
vt 0.675850 0.616511
vt 0.662701 0.811452
vt 0.662701 0.800954
vt 0.656689 0.800954
vt 0.656689 0.811452
vt 0.674894 0.616511
vt 0.650400 0.800954
vt 0.644097 0.800954
vt 0.644097 0.811452
vt 0.650400 0.811452
vt 0.679265 0.800954
vt 0.675850 0.800954
vt 0.675850 0.811452
vt 0.679265 0.811452
vt 0.637974 0.800954
vt 0.637974 0.811452
vt 0.632343 0.800954
vt 0.632343 0.811452
vt 0.674894 0.800954
vt 0.674894 0.811452
vt 0.650400 0.791290
vt 0.644097 0.791290
vt 0.628074 0.800954
vt 0.628074 0.811452
vt 0.679265 0.791290
vt 0.675850 0.791290
vt 0.637974 0.791290
vt 0.632343 0.791290
vt 0.674894 0.791290
vt 0.662701 0.791290
vt 0.656689 0.791290
vt 0.628074 0.791290
vt 0.679265 0.781626
vt 0.675850 0.781626
vt 0.637974 0.781626
vt 0.632343 0.781626
vt 0.674894 0.781626
vt 0.662701 0.781626
vt 0.656689 0.781626
vt 0.628074 0.781626
vt 0.650400 0.781626
vt 0.644097 0.781626
vt 0.637974 0.771963
vt 0.632343 0.771963
vt 0.662701 0.771963
vt 0.656689 0.771963
vt 0.628074 0.771963
vt 0.650400 0.771963
vt 0.644097 0.771963
vt 0.679265 0.771963
vt 0.675850 0.771963
vt 0.674894 0.771963
vt 0.672065 0.771963
vt 0.672065 0.762299
vt 0.668067 0.762299
vt 0.668067 0.771963
vt 0.742380 0.720013
vt 0.766537 0.747599
vt 0.766537 0.733806
vt 0.742380 0.995878
vt 0.742380 0.982085
vt 0.766537 0.720013
vt 0.742380 0.968291
vt 0.766537 0.995878
vt 0.766537 0.982085
vt 0.742380 0.954498
vt 0.766537 0.968291
vt 0.742380 0.830359
vt 0.742380 0.816565
vt 0.766537 0.954498
vt 0.766537 0.830359
vt 0.766537 0.816565
vt 0.742380 0.802772
vt 0.766537 0.802772
vt 0.742380 0.788979
vt 0.742380 0.775186
vt 0.766537 0.788979
vt 0.766537 0.775186
vt 0.737742 0.705506
vt 0.725055 0.705506
vt 0.724445 0.709361
vt 0.738353 0.709361
vt 0.712989 0.701586
vt 0.711218 0.705063
vt 0.702726 0.694128
vt 0.699966 0.696888
vt 0.695268 0.683864
vt 0.691791 0.685636
vt 0.691348 0.671799
vt 0.691348 0.659111
vt 0.687493 0.658501
vt 0.687493 0.672409
vt 0.695268 0.647045
vt 0.691791 0.645274
vt 0.702725 0.636781
vt 0.699966 0.634022
vt 0.712989 0.629324
vt 0.711218 0.625847
vt 0.725055 0.625404
vt 0.724445 0.621549
vt 0.737743 0.625404
vt 0.738353 0.621549
vt 0.749809 0.629324
vt 0.751580 0.625847
vt 0.760072 0.636781
vt 0.762832 0.634022
vt 0.767530 0.647045
vt 0.771007 0.645274
vt 0.771450 0.659111
vt 0.771450 0.671799
vt 0.775305 0.672409
vt 0.775305 0.658501
vt 0.767530 0.683865
vt 0.771007 0.685636
vt 0.760072 0.694129
vt 0.762832 0.696888
vt 0.749808 0.701586
vt 0.751580 0.705063
vt 0.019002 0.089719
vt 0.016400 0.089719
vt 0.016400 0.098895
vt 0.019002 0.098895
vt 0.016400 0.108070
vt 0.019002 0.108070
vt 0.016400 0.117246
vt 0.019002 0.117246
vt 0.016400 0.126422
vt 0.019002 0.126422
vt 0.019002 0.135597
vt 0.016400 0.135597
vt 0.016400 0.144773
vt 0.019002 0.144773
vt 0.016400 0.153948
vt 0.019002 0.153948
vt 0.016400 0.163124
vt 0.019002 0.163124
vt 0.016400 0.172300
vt 0.019002 0.172300
vt 0.016400 0.181475
vt 0.019002 0.181475
vt 0.016400 0.190651
vt 0.019002 0.190651
vt 0.016400 0.199827
vt 0.019002 0.199827
vt 0.016400 0.209002
vt 0.019002 0.209002
vt 0.016400 0.218178
vt 0.019002 0.218178
vt 0.019002 0.227353
vt 0.016400 0.227353
vt 0.016400 0.236529
vt 0.019002 0.236529
vt 0.016400 0.245705
vt 0.019002 0.245705
vt 0.016400 0.254880
vt 0.019002 0.254880
vt 0.019002 0.071368
vt 0.016400 0.071368
vt 0.016400 0.080543
vt 0.019002 0.080543
vt 0.026884 0.108070
vt 0.026884 0.098895
vt 0.026884 0.117246
vt 0.026884 0.126422
vt 0.026884 0.144773
vt 0.026884 0.135597
vt 0.026884 0.153948
vt 0.026884 0.163124
vt 0.026884 0.172300
vt 0.026884 0.181475
vt 0.026884 0.190651
vt 0.026884 0.199827
vt 0.026884 0.209002
vt 0.026884 0.218178
vt 0.026884 0.236529
vt 0.026884 0.227353
vt 0.026884 0.245705
vt 0.026884 0.254880
vt 0.026884 0.080543
vt 0.026884 0.071368
vt 0.026884 0.089719
vt 0.742380 0.761392
vt 0.766537 0.761392
vt 0.964544 0.789190
vt 0.964544 0.776271
vt 0.742380 0.940705
vt 0.966060 0.789190
vt 0.966060 0.776271
vt 0.766537 0.940705
vt 0.964544 0.918377
vt 0.964544 0.905458
vt 0.966060 0.918377
vt 0.966060 0.905458
vt 0.742380 0.844152
vt 0.766537 0.844152
vt 0.742380 0.857945
vt 0.766537 0.857945
vt 0.742380 0.871738
vt 0.766537 0.871738
vt 0.742380 0.885532
vt 0.766537 0.885532
vt 0.742380 0.899325
vt 0.766537 0.899325
vt 0.742380 0.913118
vt 0.766537 0.913118
vt 0.742380 0.926912
vt 0.766537 0.926912
vt 0.966060 0.982970
vt 0.966060 0.970051
vt 0.964544 0.970051
vt 0.964544 0.982970
vt 0.672065 0.781626
vt 0.668067 0.781626
vt 0.672065 0.791290
vt 0.668067 0.791290
vt 0.672065 0.800954
vt 0.668067 0.800954
vt 0.672065 0.811452
vt 0.668067 0.811452
vt 0.672065 0.627010
vt 0.672065 0.616511
vt 0.668067 0.616511
vt 0.668067 0.627010
vt 0.672065 0.636673
vt 0.668067 0.636673
vt 0.672065 0.646337
vt 0.668067 0.646337
vt 0.672065 0.656000
vt 0.668067 0.656000
vt 0.672065 0.665664
vt 0.668067 0.665664
vt 0.672065 0.675327
vt 0.668067 0.675327
vt 0.672065 0.684991
vt 0.668067 0.684991
vt 0.672065 0.694655
vt 0.668067 0.694655
vt 0.672065 0.704318
vt 0.668067 0.704318
vt 0.672065 0.713982
vt 0.668067 0.713982
vt 0.672065 0.723645
vt 0.668067 0.723645
vt 0.672065 0.733309
vt 0.668067 0.733309
vt 0.672065 0.742972
vt 0.668067 0.742972
vt 0.672065 0.752636
vt 0.668067 0.752636
vt 0.625561 0.762299
vt 0.625561 0.771963
vt 0.625561 0.781626
vt 0.621921 0.762299
vt 0.621921 0.771963
vt 0.625561 0.791290
vt 0.621921 0.781626
vt 0.625561 0.800954
vt 0.621921 0.791290
vt 0.625561 0.811452
vt 0.621921 0.800954
vt 0.625561 0.616511
vt 0.625561 0.627010
vt 0.621921 0.811452
vt 0.625561 0.636673
vt 0.621921 0.616511
vt 0.621921 0.627010
vt 0.625561 0.646337
vt 0.621921 0.636673
vt 0.625561 0.656000
vt 0.621921 0.646337
vt 0.625561 0.665664
vt 0.621921 0.656000
vt 0.625561 0.675327
vt 0.621921 0.665664
vt 0.625561 0.684991
vt 0.621921 0.675327
vt 0.625561 0.694655
vt 0.621921 0.684991
vt 0.625561 0.704318
vt 0.621921 0.694655
vt 0.625561 0.713982
vt 0.621921 0.704318
vt 0.625561 0.723645
vt 0.621921 0.713982
vt 0.625561 0.733309
vt 0.621921 0.723645
vt 0.625561 0.742972
vt 0.621921 0.733309
vt 0.625561 0.752636
vt 0.621921 0.742972
vt 0.621921 0.752636
vt 0.674092 0.762299
vt 0.674092 0.771963
vt 0.674092 0.781626
vt 0.674092 0.791290
vt 0.674092 0.800954
vt 0.674092 0.811452
vt 0.674092 0.616511
vt 0.674092 0.627010
vt 0.674092 0.636673
vt 0.674092 0.646337
vt 0.674092 0.656000
vt 0.674092 0.665664
vt 0.674092 0.675327
vt 0.674092 0.684991
vt 0.674092 0.694655
vt 0.674092 0.704318
vt 0.674092 0.713982
vt 0.674092 0.723645
vt 0.674092 0.733309
vt 0.051601 0.939533
vt 0.674092 0.742972
vt 0.674092 0.752636
vt 0.966060 0.944214
vt 0.967638 0.944214
vt 0.967638 0.931295
vt 0.966060 0.931295
vt 0.969124 0.944214
vt 0.969124 0.931295
vt 0.966060 0.995889
vt 0.964544 0.995889
vt 0.780442 0.968291
vt 0.780442 0.982085
vt 0.781934 0.982085
vt 0.781934 0.968291
vt 0.783390 0.982085
vt 0.783390 0.968291
vt 0.966060 0.750434
vt 0.966060 0.737515
vt 0.964544 0.737515
vt 0.964544 0.750434
vt 0.783390 0.802772
vt 0.781934 0.802772
vt 0.781934 0.816565
vt 0.783390 0.816565
vt 0.966060 0.763352
vt 0.964544 0.763352
vt 0.780442 0.802772
vt 0.780442 0.816565
vt 0.966060 0.853783
vt 0.967638 0.853783
vt 0.967638 0.840865
vt 0.966060 0.840865
vt 0.969124 0.853783
vt 0.969124 0.840865
vt 0.780442 0.788979
vt 0.781934 0.788979
vt 0.783390 0.788979
vt 0.967638 0.763352
vt 0.967638 0.750434
vt 0.969124 0.763352
vt 0.969124 0.750434
vt 0.966060 0.802109
vt 0.964544 0.802109
vt 0.967638 0.918377
vt 0.967638 0.905458
vt 0.969124 0.918377
vt 0.969124 0.905458
vt 0.966060 0.815027
vt 0.964544 0.815027
vt 0.780442 0.885532
vt 0.780442 0.899325
vt 0.781934 0.899325
vt 0.781934 0.885532
vt 0.783390 0.899325
vt 0.783390 0.885532
vt 0.966060 0.827946
vt 0.964544 0.827946
vt 0.964544 0.840865
vt 0.780442 0.995878
vt 0.781934 0.995878
vt 0.783390 0.995878
vt 0.964544 0.853783
vt 0.966060 0.866702
vt 0.964544 0.866702
vt 0.967638 0.827946
vt 0.969124 0.827946
vt 0.966060 0.879621
vt 0.964544 0.879621
vt 0.966060 0.892539
vt 0.964544 0.892539
vt 0.967638 0.737515
vt 0.969124 0.737515
vt 0.780442 0.913118
vt 0.781934 0.913118
vt 0.783390 0.913118
vt 0.964544 0.931295
vt 0.964544 0.944214
vt 0.780442 0.720013
vt 0.780442 0.733806
vt 0.781934 0.733806
vt 0.781934 0.720013
vt 0.783390 0.733806
vt 0.783390 0.720013
vt 0.966060 0.957133
vt 0.964544 0.957133
vt 0.967638 0.815027
vt 0.969124 0.815027
vt 0.780442 0.830359
vt 0.781934 0.830359
vt 0.783390 0.830359
vt 0.967638 0.995889
vt 0.967638 0.982970
vt 0.969124 0.995889
vt 0.969124 0.982970
vt 0.780442 0.926912
vt 0.781934 0.926912
vt 0.783390 0.926912
vt 0.971103 0.982970
vt 0.971103 0.970051
vt 0.970114 0.970051
vt 0.970114 0.982970
vt 0.971103 0.995889
vt 0.970114 0.995889
vt 0.969124 0.970051
vt 0.971103 0.750434
vt 0.971103 0.737515
vt 0.970114 0.737515
vt 0.970114 0.750434
vt 0.971103 0.763352
vt 0.970114 0.763352
vt 0.971103 0.776271
vt 0.970114 0.776271
vt 0.969124 0.789190
vt 0.970114 0.789190
vt 0.969124 0.776271
vt 0.971103 0.802109
vt 0.971103 0.789190
vt 0.970114 0.802109
vt 0.971103 0.815027
vt 0.970114 0.815027
vt 0.969124 0.802109
vt 0.971103 0.827946
vt 0.970114 0.827946
vt 0.971103 0.840865
vt 0.970114 0.840865
vt 0.971103 0.853783
vt 0.970114 0.853783
vt 0.971103 0.866702
vt 0.970114 0.866702
vt 0.971103 0.879621
vt 0.970114 0.879621
vt 0.969124 0.866702
vt 0.971103 0.892539
vt 0.970114 0.892539
vt 0.969124 0.879621
vt 0.971103 0.905458
vt 0.970114 0.905458
vt 0.969124 0.892539
vt 0.970114 0.918377
vt 0.971103 0.931295
vt 0.971103 0.918377
vt 0.970114 0.931295
vt 0.971103 0.944214
vt 0.970114 0.944214
vt 0.971103 0.957133
vt 0.970114 0.957133
vt 0.969124 0.957133
vt 0.967638 0.789190
vt 0.967638 0.776271
vt 0.780442 0.871738
vt 0.781934 0.871738
vt 0.783390 0.871738
vt 0.780442 0.775186
vt 0.781934 0.775186
vt 0.783390 0.775186
vt 0.967638 0.866702
vt 0.780442 0.954498
vt 0.781934 0.954498
vt 0.783390 0.954498
vt 0.967638 0.957133
vt 0.780442 0.857945
vt 0.781934 0.857945
vt 0.783390 0.857945
vt 0.783390 0.940705
vt 0.781934 0.940705
vt 0.780442 0.761392
vt 0.781934 0.761392
vt 0.780442 0.940705
vt 0.783390 0.761392
vt 0.967638 0.879621
vt 0.967638 0.970051
vt 0.780442 0.844152
vt 0.781934 0.844152
vt 0.783390 0.844152
vt 0.967638 0.802109
vt 0.780442 0.747599
vt 0.781934 0.747599
vt 0.783390 0.747599
vt 0.967638 0.892539
vt 0.982108 0.379607
vt 0.981110 0.379607
vt 0.981110 0.390655
vt 0.982108 0.390655
vt 0.980336 0.379607
vt 0.980336 0.390655
vt 0.982108 0.368560
vt 0.981110 0.368560
vt 0.980336 0.368560
vt 0.004852 0.098895
vt 0.004852 0.108070
vt 0.004114 0.098895
vt 0.004114 0.108070
vt 0.982108 0.258087
vt 0.982108 0.269134
vt 0.983742 0.269134
vt 0.983742 0.258087
vt 0.981110 0.269134
vt 0.981110 0.280182
vt 0.982108 0.280182
vt 0.985829 0.269134
vt 0.985829 0.258087
vt 0.980336 0.269134
vt 0.980336 0.280182
vt 0.985829 0.235992
vt 0.985829 0.224945
vt 0.983742 0.224945
vt 0.983742 0.235992
vt 0.982108 0.224945
vt 0.982108 0.235992
vt 0.004852 0.071368
vt 0.004852 0.080543
vt 0.004114 0.071368
vt 0.004114 0.080543
vt 0.985829 0.401702
vt 0.985829 0.390655
vt 0.983742 0.390655
vt 0.983742 0.401702
vt 0.982108 0.401702
vt 0.981110 0.401702
vt 0.981110 0.412749
vt 0.982108 0.412749
vt 0.980336 0.401702
vt 0.980336 0.412749
vt 0.985829 0.324371
vt 0.985829 0.313323
vt 0.983742 0.313323
vt 0.983742 0.324371
vt 0.982108 0.313323
vt 0.982108 0.324371
vt 0.985829 0.247040
vt 0.983742 0.247040
vt 0.982108 0.247040
vt 0.004852 0.144773
vt 0.004852 0.153948
vt 0.004114 0.144773
vt 0.004114 0.153948
vt 0.985829 0.412749
vt 0.983742 0.412749
vt 0.004852 0.236529
vt 0.004852 0.245705
vt 0.004114 0.236529
vt 0.004114 0.245705
vt 0.985829 0.335418
vt 0.983742 0.335418
vt 0.982108 0.335418
vt 0.982108 0.434844
vt 0.981110 0.434844
vt 0.981110 0.445891
vt 0.982108 0.445891
vt 0.980336 0.434844
vt 0.980336 0.445891
vt 0.981110 0.258087
vt 0.980336 0.258087
vt 0.985829 0.423796
vt 0.983742 0.423796
vt 0.982108 0.423796
vt 0.982108 0.346465
vt 0.981110 0.346465
vt 0.981110 0.357513
vt 0.982108 0.357513
vt 0.980336 0.346465
vt 0.980336 0.357513
vt 0.985829 0.346465
vt 0.983742 0.346465
vt 0.981110 0.235992
vt 0.981110 0.247040
vt 0.980336 0.235992
vt 0.980336 0.247040
vt 0.004852 0.190651
vt 0.004852 0.199827
vt 0.004114 0.190651
vt 0.004114 0.199827
vt 0.985829 0.357513
vt 0.983742 0.357513
vt 0.985829 0.280182
vt 0.983742 0.280182
vt 0.985829 0.368560
vt 0.983742 0.368560
vt 0.004852 0.172300
vt 0.004852 0.181475
vt 0.004114 0.172300
vt 0.004114 0.181475
vt 0.985829 0.291229
vt 0.983742 0.291229
vt 0.982108 0.291229
vt 0.981110 0.291229
vt 0.981110 0.302276
vt 0.982108 0.302276
vt 0.980336 0.291229
vt 0.980336 0.302276
vt 0.985829 0.434844
vt 0.983742 0.434844
vt 0.981109 0.313323
vt 0.981110 0.324371
vt 0.980336 0.313323
vt 0.980336 0.324371
vt 0.985829 0.302276
vt 0.983742 0.302276
vt 0.985829 0.445891
vt 0.983742 0.445891
vt 0.004852 0.163124
vt 0.004114 0.163124
vt 0.985829 0.379607
vt 0.983742 0.379607
vt 0.004852 0.117246
vt 0.004114 0.117246
vt 0.004852 0.126422
vt 0.004852 0.135597
vt 0.004114 0.126422
vt 0.004114 0.135597
vt 0.608088 0.683291
vt 0.608635 0.683291
vt 0.608635 0.808168
vt 0.608088 0.808168
vt 0.609182 0.683291
vt 0.609182 0.808168
vt 0.608088 0.749016
vt 0.608635 0.749016
vt 0.608635 0.742443
vt 0.608088 0.742443
vt 0.609182 0.749016
vt 0.609182 0.742443
vt 0.608088 0.768733
vt 0.608635 0.768733
vt 0.608635 0.762161
vt 0.608088 0.762161
vt 0.609182 0.768733
vt 0.609182 0.762161
vt 0.608088 0.801596
vt 0.608635 0.801596
vt 0.608635 0.795023
vt 0.608088 0.795023
vt 0.609182 0.801596
vt 0.609182 0.795023
vt 0.608088 0.716153
vt 0.608635 0.716153
vt 0.608635 0.709581
vt 0.608088 0.709581
vt 0.609182 0.716153
vt 0.609182 0.709581
vt 0.608635 0.755588
vt 0.608088 0.755588
vt 0.609182 0.755588
vt 0.608635 0.788450
vt 0.608088 0.788450
vt 0.609182 0.788450
vt 0.608635 0.703008
vt 0.608088 0.703008
vt 0.609182 0.703008
vt 0.608635 0.781878
vt 0.608088 0.781878
vt 0.609182 0.781878
vt 0.608635 0.696435
vt 0.608088 0.696436
vt 0.609182 0.696436
vt 0.608635 0.689863
vt 0.608088 0.689863
vt 0.609182 0.689863
vt 0.608635 0.735870
vt 0.608088 0.735870
vt 0.609182 0.735870
vt 0.608635 0.729298
vt 0.608088 0.729298
vt 0.609182 0.729298
vt 0.608635 0.775306
vt 0.608088 0.775306
vt 0.609182 0.775306
vt 0.608635 0.722726
vt 0.608088 0.722726
vt 0.609182 0.722726
vt 0.004852 0.209002
vt 0.004852 0.218178
vt 0.004114 0.209002
vt 0.004114 0.218178
vt 0.004114 0.227353
vt 0.004852 0.227353
vt 0.981110 0.335418
vt 0.980336 0.335418
vt 0.981110 0.224945
vt 0.980336 0.224945
vt 0.981109 0.423796
vt 0.980336 0.423796
vt 0.004852 0.254880
vt 0.004114 0.254880
vt 0.004852 0.089719
vt 0.004114 0.089719
vt 0.777819 0.747599
vt 0.777819 0.733806
vt 0.777819 0.720013
vt 0.777819 0.995878
vt 0.777819 0.982085
vt 0.777819 0.968291
vt 0.777819 0.954498
vt 0.777819 0.940705
vt 0.777819 0.926912
vt 0.777819 0.913118
vt 0.777819 0.899325
vt 0.777819 0.885532
vt 0.777819 0.871738
vt 0.777819 0.857945
vt 0.777819 0.844152
vt 0.777819 0.830359
vt 0.777819 0.816565
vt 0.777819 0.802772
vt 0.777819 0.788979
vt 0.777819 0.775186
vt 0.777819 0.761392
vt 0.760406 0.065628
vt 0.757723 0.065649
vt 0.757740 0.085981
vt 0.760423 0.085960
vt 0.755991 0.065735
vt 0.756009 0.086097
vt 0.756009 0.112319
vt 0.757737 0.112176
vt 0.760421 0.112155
vt 0.930936 0.491966
vt 0.928260 0.491879
vt 0.928316 0.512359
vt 0.930988 0.512489
vt 0.928322 0.538732
vt 0.930992 0.538899
vt 0.760315 0.044409
vt 0.757616 0.044436
vt 0.757693 0.052948
vt 0.760374 0.052924
vt 0.755868 0.044469
vt 0.755955 0.052999
vt 0.223557 0.200493
vt 0.222694 0.200941
vt 0.226252 0.208721
vt 0.227116 0.208269
vt 0.221796 0.201389
vt 0.225338 0.209157
vt 0.228605 0.221573
vt 0.229534 0.221169
vt 0.230392 0.220711
vt 0.930904 0.470570
vt 0.928227 0.470545
vt 0.928208 0.479079
vt 0.930889 0.479123
vt 0.350340 0.454399
vt 0.355303 0.456867
vt 0.358670 0.449099
vt 0.353783 0.446622
vt 0.356841 0.457602
vt 0.360214 0.449814
vt 0.363278 0.437511
vt 0.361713 0.436837
vt 0.356851 0.434310
vt 0.359169 0.387938
vt 0.363986 0.390574
vt 0.360988 0.361319
vt 0.356191 0.358621
vt 0.365580 0.391179
vt 0.362596 0.361902
vt 0.357563 0.331304
vt 0.355946 0.330727
vt 0.351159 0.327990
vt 0.232002 0.241586
vt 0.232856 0.241123
vt 0.231063 0.241960
vt 0.231327 0.268384
vt 0.232277 0.268037
vt 0.233128 0.267569
vt 0.363914 0.416701
vt 0.359067 0.414122
vt 0.365494 0.417338
vt 0.928285 0.568336
vt 0.930950 0.568531
vt 0.928212 0.599387
vt 0.930873 0.599590
vt 0.757692 0.141622
vt 0.760379 0.141600
vt 0.755964 0.141783
vt 0.755894 0.172762
vt 0.757623 0.172592
vt 0.760315 0.172570
vt 0.229297 0.297557
vt 0.230144 0.297085
vt 0.228338 0.297879
vt 0.223138 0.328520
vt 0.224101 0.328209
vt 0.224946 0.327738
vt 0.760361 0.266654
vt 0.757669 0.266696
vt 0.757745 0.274785
vt 0.760417 0.274761
vt 0.755927 0.266829
vt 0.756065 0.274883
vt 0.756402 0.277508
vt 0.757793 0.277876
vt 0.760432 0.277934
vt 0.930998 0.706765
vt 0.928321 0.706771
vt 0.928506 0.718197
vt 0.931098 0.718251
vt 0.929046 0.721837
vt 0.931180 0.722463
vt 0.350797 0.300619
vt 0.346010 0.297832
vt 0.352411 0.301233
vt 0.350745 0.274390
vt 0.349177 0.273637
vt 0.344491 0.270594
vt 0.928158 0.630002
vt 0.930812 0.630182
vt 0.928174 0.658577
vt 0.930829 0.658689
vt 0.757546 0.203008
vt 0.760246 0.202986
vt 0.755813 0.203169
vt 0.755757 0.229887
vt 0.757499 0.229753
vt 0.760207 0.229728
vt 0.218852 0.358331
vt 0.219695 0.357867
vt 0.217897 0.358658
vt 0.217150 0.387148
vt 0.218082 0.386770
vt 0.218922 0.386302
vt 0.019809 0.570839
vt 0.019731 0.597189
vt 0.022675 0.596694
vt 0.022675 0.570309
vt 0.019142 0.605778
vt 0.019381 0.607202
vt 0.021714 0.606917
vt 0.021963 0.605884
vt 0.019170 0.604886
vt 0.022077 0.604896
vt 0.234742 0.431238
vt 0.233928 0.431773
vt 0.239161 0.441875
vt 0.239967 0.441353
vt 0.233042 0.432243
vt 0.238293 0.442302
vt 0.240101 0.445471
vt 0.241005 0.445670
vt 0.241861 0.445242
vt 0.355736 0.233341
vt 0.359742 0.237712
vt 0.363164 0.230426
vt 0.359619 0.225616
vt 0.361066 0.238894
vt 0.364416 0.231652
vt 0.365580 0.229251
vt 0.364783 0.227763
vt 0.361269 0.222622
vt 0.941720 0.599659
vt 0.941614 0.630244
vt 0.009054 0.605753
vt 0.009093 0.604815
vt 0.773801 0.172774
vt 0.771144 0.172602
vt 0.771109 0.203004
vt 0.773770 0.203162
vt 0.771122 0.229713
vt 0.773794 0.229834
vt 0.941568 0.658718
vt 0.941843 0.706708
vt 0.941936 0.718213
vt 0.941978 0.722530
vt 0.941866 0.538940
vt 0.941811 0.568591
vt 0.773876 0.266696
vt 0.771207 0.266593
vt 0.771205 0.274678
vt 0.773780 0.274744
vt 0.771165 0.277770
vt 0.773278 0.277374
vt 0.773876 0.112309
vt 0.771221 0.112170
vt 0.771193 0.141629
vt 0.773849 0.141792
vt 0.941727 0.470561
vt 0.941801 0.479097
vt 0.941841 0.491952
vt 0.941866 0.512506
vt 0.773862 0.044389
vt 0.771187 0.044373
vt 0.771167 0.052879
vt 0.773831 0.052915
vt 0.771193 0.065597
vt 0.773853 0.065670
vt 0.771218 0.085954
vt 0.773876 0.086062
vt 0.946295 0.491845
vt 0.944546 0.491938
vt 0.944568 0.512490
vt 0.946313 0.512361
vt 0.944566 0.538924
vt 0.946309 0.538766
vt 0.946165 0.470506
vt 0.944417 0.470537
vt 0.944505 0.479078
vt 0.946258 0.479027
vt 0.944509 0.568575
vt 0.946247 0.568395
vt 0.944415 0.599643
vt 0.946150 0.599457
vt 0.946289 0.706672
vt 0.944540 0.706690
vt 0.944619 0.718167
vt 0.946313 0.718088
vt 0.944629 0.722376
vt 0.946022 0.721730
vt 0.944301 0.630229
vt 0.946031 0.630062
vt 0.944241 0.658702
vt 0.945972 0.658591
vt 0.004652 0.604658
vt 0.004707 0.605628
vt 0.006692 0.605557
vt 0.006697 0.604724
vt 0.004652 0.606592
vt 0.006245 0.606836
vt 0.008898 0.607262
vt 0.019333 0.603274
vt 0.009089 0.603155
vt 0.004119 0.596546
vt 0.004424 0.602874
vt 0.006533 0.603183
vt 0.006208 0.597086
vt 0.008910 0.597097
vt 0.008840 0.570925
vt 0.019700 0.564509
vt 0.008848 0.564616
vt 0.332247 0.208475
vt 0.333411 0.209068
vt 0.338442 0.198980
vt 0.337339 0.198384
vt 0.334238 0.209593
vt 0.339255 0.199487
vt 0.341023 0.195462
vt 0.340143 0.195049
vt 0.339124 0.195144
vt 0.239823 0.425615
vt 0.235922 0.430060
vt 0.241102 0.440089
vt 0.244800 0.435227
vt 0.243016 0.443932
vt 0.246703 0.438876
vt 0.022304 0.603087
vt 0.231161 0.324243
vt 0.226339 0.326955
vt 0.221077 0.357085
vt 0.225863 0.354367
vt 0.220268 0.385466
vt 0.224893 0.382502
vt 0.322776 0.312245
vt 0.324079 0.312510
vt 0.319008 0.282330
vt 0.317717 0.282030
vt 0.324931 0.312985
vt 0.319857 0.282794
vt 0.319092 0.254462
vt 0.318245 0.254001
vt 0.316994 0.253591
vt 0.239386 0.264107
vt 0.234531 0.266792
vt 0.231541 0.296302
vt 0.236377 0.293592
vt 0.327999 0.419443
vt 0.329245 0.419902
vt 0.331646 0.399409
vt 0.330383 0.399012
vt 0.330114 0.420357
vt 0.332510 0.399872
vt 0.332795 0.373359
vt 0.331935 0.372887
vt 0.330654 0.372549
vt 0.236707 0.217332
vt 0.231808 0.219951
vt 0.234266 0.240355
vt 0.239141 0.237702
vt 0.329082 0.343275
vt 0.327788 0.342987
vt 0.329937 0.343751
vt 0.321432 0.439731
vt 0.322615 0.440289
vt 0.326056 0.432436
vt 0.324839 0.431907
vt 0.323492 0.440726
vt 0.326936 0.432882
vt 0.229878 0.197197
vt 0.224977 0.199756
vt 0.228539 0.207522
vt 0.233457 0.204940
vt 0.788663 0.099344
vt 0.785980 0.099365
vt 0.785993 0.119695
vt 0.788676 0.119674
vt 0.784248 0.099450
vt 0.784263 0.119811
vt 0.784258 0.146030
vt 0.785987 0.145889
vt 0.788670 0.145866
vt 0.904663 0.501229
vt 0.901987 0.501143
vt 0.902041 0.521626
vt 0.904714 0.521755
vt 0.902046 0.548002
vt 0.904716 0.548168
vt 0.788575 0.078127
vt 0.785877 0.078154
vt 0.785952 0.086665
vt 0.788633 0.086641
vt 0.784128 0.078187
vt 0.784214 0.086716
vt 0.177171 0.212666
vt 0.176305 0.213107
vt 0.179803 0.220915
vt 0.180671 0.220469
vt 0.175403 0.213549
vt 0.178886 0.221344
vt 0.182058 0.233786
vt 0.182990 0.233390
vt 0.183851 0.232938
vt 0.904632 0.479831
vt 0.901955 0.479805
vt 0.901935 0.488342
vt 0.904616 0.488384
vt 0.404249 0.477547
vt 0.409230 0.479982
vt 0.412546 0.472188
vt 0.407640 0.469743
vt 0.410774 0.480706
vt 0.414095 0.472892
vt 0.417076 0.460564
vt 0.415506 0.459901
vt 0.410625 0.457406
vt 0.412628 0.411000
vt 0.417465 0.413604
vt 0.414267 0.384357
vt 0.409449 0.381691
vt 0.419064 0.414199
vt 0.415880 0.384930
vt 0.410638 0.354351
vt 0.409016 0.353784
vt 0.404209 0.351079
vt 0.185301 0.253827
vt 0.186158 0.253370
vt 0.184359 0.254193
vt 0.184419 0.280620
vt 0.185372 0.280282
vt 0.186226 0.279819
vt 0.417571 0.439742
vt 0.412704 0.437195
vt 0.419155 0.440369
vt 0.902007 0.577610
vt 0.904673 0.577804
vt 0.901934 0.608664
vt 0.904595 0.608867
vt 0.785937 0.175331
vt 0.788624 0.175310
vt 0.784209 0.175492
vt 0.784134 0.206469
vt 0.785863 0.206300
vt 0.788554 0.206279
vt 0.182163 0.309782
vt 0.183014 0.309316
vt 0.181202 0.310096
vt 0.175765 0.340699
vt 0.176731 0.340395
vt 0.177579 0.339931
vt 0.788619 0.304077
vt 0.785927 0.304118
vt 0.786004 0.311950
vt 0.788674 0.311920
vt 0.784185 0.304245
vt 0.784325 0.312065
vt 0.784657 0.313986
vt 0.786046 0.314144
vt 0.788685 0.314160
vt 0.904738 0.718968
vt 0.902062 0.718975
vt 0.902246 0.729579
vt 0.904837 0.729592
vt 0.902777 0.732107
vt 0.904907 0.732412
vt 0.403710 0.323591
vt 0.398898 0.320839
vt 0.405330 0.324197
vt 0.403811 0.296664
vt 0.402240 0.295921
vt 0.397518 0.292935
vt 0.901880 0.639355
vt 0.904534 0.639533
vt 0.901897 0.668511
vt 0.904552 0.668619
vt 0.785780 0.236805
vt 0.788480 0.236785
vt 0.784047 0.236964
vt 0.783993 0.264343
vt 0.785734 0.264212
vt 0.788443 0.264188
vt 0.171292 0.370557
vt 0.172138 0.370100
vt 0.170334 0.370878
vt 0.169665 0.399952
vt 0.170599 0.399578
vt 0.171444 0.399117
vt 0.507451 0.960698
vt 0.507436 0.986228
vt 0.510169 0.985992
vt 0.510169 0.960457
vt 0.507207 0.994863
vt 0.507232 0.995807
vt 0.509398 0.995593
vt 0.509837 0.994846
vt 0.507228 0.993932
vt 0.509943 0.993883
vt 0.187957 0.446237
vt 0.187137 0.446761
vt 0.191899 0.456120
vt 0.192706 0.455607
vt 0.186248 0.447225
vt 0.191054 0.456583
vt 0.192332 0.458807
vt 0.193082 0.458723
vt 0.193933 0.458260
vt 0.409701 0.253018
vt 0.413801 0.257234
vt 0.416979 0.250199
vt 0.413357 0.245617
vt 0.415146 0.258371
vt 0.418281 0.251312
vt 0.419155 0.249516
vt 0.418228 0.248295
vt 0.414584 0.243479
vt 0.915443 0.608937
vt 0.915335 0.639594
vt 0.496686 0.994908
vt 0.496698 0.993946
vt 0.802040 0.206484
vt 0.799383 0.206312
vt 0.799346 0.236801
vt 0.802008 0.236959
vt 0.799358 0.264172
vt 0.802030 0.264288
vt 0.915293 0.668647
vt 0.915582 0.718911
vt 0.915667 0.729544
vt 0.915696 0.732418
vt 0.915592 0.548210
vt 0.915536 0.577865
vt 0.802128 0.304110
vt 0.799460 0.304014
vt 0.799456 0.311841
vt 0.802030 0.311925
vt 0.799413 0.314036
vt 0.801526 0.313850
vt 0.802124 0.146024
vt 0.799469 0.145884
vt 0.799437 0.175340
vt 0.802092 0.175503
vt 0.915529 0.488359
vt 0.915456 0.479822
vt 0.915569 0.501216
vt 0.915593 0.521772
vt 0.802121 0.078110
vt 0.799446 0.078093
vt 0.799425 0.086598
vt 0.802089 0.086634
vt 0.799449 0.099315
vt 0.802108 0.099388
vt 0.799470 0.119670
vt 0.802128 0.119778
vt 0.920024 0.501110
vt 0.918274 0.501202
vt 0.918295 0.521757
vt 0.920041 0.521628
vt 0.918292 0.548194
vt 0.920036 0.548036
vt 0.919895 0.479767
vt 0.918147 0.479798
vt 0.918234 0.488341
vt 0.919987 0.488289
vt 0.918234 0.577849
vt 0.919972 0.577670
vt 0.918138 0.608921
vt 0.919873 0.608735
vt 0.920028 0.718876
vt 0.918280 0.718893
vt 0.918347 0.729510
vt 0.920041 0.729471
vt 0.918348 0.732329
vt 0.919743 0.732004
vt 0.918022 0.639580
vt 0.919752 0.639414
vt 0.917966 0.668631
vt 0.919698 0.668523
vt 0.492297 0.993833
vt 0.492358 0.994806
vt 0.494127 0.994811
vt 0.494116 0.993903
vt 0.492568 0.995552
vt 0.494031 0.995747
vt 0.496658 0.995883
vt 0.507290 0.992270
vt 0.496692 0.992260
vt 0.492083 0.985946
vt 0.492210 0.992089
vt 0.494042 0.992264
vt 0.493909 0.986200
vt 0.496609 0.986210
vt 0.496570 0.960732
vt 0.507399 0.954565
vt 0.496575 0.954596
vt 0.385832 0.228943
vt 0.387013 0.229542
vt 0.391582 0.220322
vt 0.390533 0.219670
vt 0.387840 0.230057
vt 0.392382 0.220812
vt 0.393500 0.218036
vt 0.392625 0.217600
vt 0.391799 0.217402
vt 0.193151 0.440787
vt 0.189159 0.445093
vt 0.193876 0.454407
vt 0.197720 0.449770
vt 0.195154 0.457023
vt 0.199009 0.452251
vt 0.510025 0.992143
vt 0.183822 0.336484
vt 0.178978 0.339159
vt 0.173527 0.369330
vt 0.178335 0.366652
vt 0.172799 0.398297
vt 0.177457 0.395385
vt 0.375700 0.335521
vt 0.377005 0.335778
vt 0.371765 0.305547
vt 0.370472 0.305253
vt 0.377861 0.336247
vt 0.372617 0.306005
vt 0.371942 0.277087
vt 0.371090 0.276633
vt 0.369838 0.276226
vt 0.192511 0.276405
vt 0.187636 0.279053
vt 0.184418 0.308544
vt 0.189275 0.305871
vt 0.381661 0.442730
vt 0.382910 0.443180
vt 0.385173 0.422663
vt 0.383906 0.422275
vt 0.383783 0.443631
vt 0.386039 0.423121
vt 0.386143 0.396595
vt 0.385280 0.396128
vt 0.383996 0.395799
vt 0.190192 0.229607
vt 0.185273 0.232189
vt 0.187574 0.252613
vt 0.192470 0.249998
vt 0.382223 0.366522
vt 0.380926 0.366243
vt 0.383082 0.366992
vt 0.375229 0.463071
vt 0.376417 0.463621
vt 0.379806 0.455741
vt 0.378585 0.455221
vt 0.377297 0.464052
vt 0.380689 0.456182
vt 0.183518 0.209419
vt 0.178597 0.211940
vt 0.182100 0.219734
vt 0.187037 0.217190
vt 0.256457 0.183263
vt 0.255137 0.183938
vt 0.258667 0.191664
vt 0.259989 0.190998
vt 0.250231 0.186488
vt 0.253798 0.194218
vt 0.257012 0.206537
vt 0.261868 0.203958
vt 0.263199 0.203309
vt 0.264213 0.224169
vt 0.265551 0.223535
vt 0.259368 0.226778
vt 0.259524 0.253029
vt 0.264350 0.250387
vt 0.265695 0.249765
vt 0.261264 0.279695
vt 0.262614 0.279081
vt 0.256452 0.282373
vt 0.251219 0.312953
vt 0.256022 0.310250
vt 0.257377 0.309638
vt 0.250641 0.340230
vt 0.251991 0.339595
vt 0.245849 0.342978
vt 0.244251 0.370056
vt 0.248910 0.367024
vt 0.250215 0.366287
vt 0.022398 0.563938
vt 0.019703 0.562420
vt 0.021906 0.562291
vt 0.260973 0.401457
vt 0.259886 0.402586
vt 0.263554 0.409857
vt 0.264557 0.408633
vt 0.255974 0.407044
vt 0.259994 0.414759
vt 0.261575 0.417684
vt 0.265050 0.412508
vt 0.265695 0.411009
vt 0.344195 0.205448
vt 0.339385 0.215109
vt 0.008801 0.562469
vt 0.004639 0.562409
vt 0.004375 0.564047
vt 0.006195 0.564582
vt 0.006100 0.562529
vt 0.004158 0.570331
vt 0.006128 0.570845
vt 0.346105 0.201698
vt 0.331137 0.316529
vt 0.326011 0.286315
vt 0.325050 0.258218
vt 0.336468 0.423702
vt 0.338813 0.403287
vt 0.339056 0.376843
vt 0.336165 0.347288
vt 0.329855 0.443933
vt 0.333332 0.436141
vt 0.324924 0.441442
vt 0.328372 0.433613
vt 0.331540 0.421111
vt 0.334199 0.374142
vt 0.331333 0.344544
vt 0.326321 0.313779
vt 0.333924 0.400640
vt 0.321235 0.283580
vt 0.320434 0.255288
vt 0.335430 0.210746
vt 0.340413 0.200704
vt 0.342246 0.196732
vt 0.231255 0.407251
vt 0.249113 0.391915
vt 0.349175 0.248590
vt 0.331135 0.233512
vt 0.326832 0.229930
vt 0.325558 0.228958
vt 0.760262 0.251131
vt 0.771176 0.251090
vt 0.253420 0.388206
vt 0.254615 0.387265
vt 0.226973 0.410908
vt 0.225705 0.411902
vt 0.324715 0.228470
vt 0.323518 0.227941
vt 0.930900 0.685283
vt 0.941677 0.685262
vt 0.944353 0.685244
vt 0.946094 0.685194
vt 0.773851 0.251184
vt 0.353552 0.252252
vt 0.354993 0.253244
vt 0.224874 0.412400
vt 0.223971 0.412839
vt 0.928233 0.685247
vt 0.757558 0.251165
vt 0.755812 0.251285
vt 0.210206 0.195689
vt 0.208881 0.196353
vt 0.212351 0.204106
vt 0.213679 0.203450
vt 0.203955 0.198866
vt 0.207462 0.206623
vt 0.210582 0.218968
vt 0.215458 0.216426
vt 0.216794 0.215787
vt 0.217648 0.236656
vt 0.218991 0.236032
vt 0.212782 0.239228
vt 0.212736 0.265482
vt 0.217583 0.262877
vt 0.218932 0.262265
vt 0.214271 0.292164
vt 0.215626 0.291560
vt 0.209438 0.294805
vt 0.203971 0.325348
vt 0.208796 0.322683
vt 0.210155 0.322080
vt 0.203234 0.352726
vt 0.204588 0.352100
vt 0.198417 0.355434
vt 0.196949 0.383165
vt 0.201642 0.380190
vt 0.202953 0.379464
vt 0.510009 0.954326
vt 0.507357 0.952862
vt 0.509500 0.952881
vt 0.214780 0.417403
vt 0.213671 0.418493
vt 0.217123 0.425533
vt 0.218175 0.424399
vt 0.209664 0.422805
vt 0.213453 0.430212
vt 0.214571 0.432258
vt 0.218208 0.427404
vt 0.218991 0.426164
vt 0.397465 0.226416
vt 0.393064 0.235400
vt 0.496564 0.952859
vt 0.492492 0.952902
vt 0.492185 0.954349
vt 0.493902 0.954582
vt 0.493906 0.952882
vt 0.492074 0.960458
vt 0.493870 0.960696
vt 0.398804 0.223830
vt 0.384095 0.339748
vt 0.378799 0.309478
vt 0.377942 0.280779
vt 0.390162 0.446934
vt 0.392369 0.426494
vt 0.392432 0.400038
vt 0.389337 0.370488
vt 0.387110 0.459399
vt 0.383685 0.467217
vt 0.378734 0.464759
vt 0.382131 0.456903
vt 0.385214 0.444374
vt 0.387554 0.397369
vt 0.384484 0.367777
vt 0.379257 0.337031
vt 0.387460 0.423879
vt 0.374002 0.306780
vt 0.373293 0.277899
vt 0.389045 0.231176
vt 0.393559 0.221942
vt 0.394798 0.219201
vt 0.184295 0.421510
vt 0.202386 0.406529
vt 0.402763 0.269413
vt 0.384502 0.254703
vt 0.380146 0.251198
vt 0.378860 0.250245
vt 0.788510 0.287240
vt 0.799417 0.287196
vt 0.206749 0.402911
vt 0.207955 0.401992
vt 0.179958 0.425085
vt 0.178675 0.426058
vt 0.378012 0.249763
vt 0.376813 0.249238
vt 0.904631 0.696620
vt 0.915413 0.696596
vt 0.918089 0.696578
vt 0.919831 0.696531
vt 0.802091 0.287283
vt 0.407194 0.272979
vt 0.408644 0.273949
vt 0.177838 0.426548
vt 0.176933 0.426980
vt 0.901964 0.696586
vt 0.785807 0.287273
vt 0.784062 0.287387
vt 0.959006 0.496179
vt 0.956323 0.496199
vt 0.956345 0.516540
vt 0.959029 0.516519
vt 0.954591 0.496282
vt 0.954615 0.516651
vt 0.954624 0.542881
vt 0.956351 0.542745
vt 0.959036 0.542723
vt 0.904661 0.238232
vt 0.901986 0.238146
vt 0.902040 0.258627
vt 0.904713 0.258757
vt 0.902046 0.285000
vt 0.904716 0.285167
vt 0.958913 0.474953
vt 0.956214 0.474979
vt 0.956289 0.483493
vt 0.958972 0.483469
vt 0.954468 0.475011
vt 0.954553 0.483542
vt 0.905070 0.750703
vt 0.904203 0.751171
vt 0.907893 0.758891
vt 0.908761 0.758418
vt 0.903312 0.751635
vt 0.906985 0.759343
vt 0.910461 0.771703
vt 0.911385 0.771283
vt 0.912246 0.770803
vt 0.904630 0.216836
vt 0.901953 0.216811
vt 0.901933 0.225346
vt 0.904614 0.225389
vt 0.933055 0.940071
vt 0.916323 0.957275
vt 0.925130 0.975323
vt 0.939482 0.953834
vt 0.788224 0.706072
vt 0.798629 0.706008
vt 0.798448 0.704741
vt 0.788350 0.704719
vt 0.292140 0.188798
vt 0.293249 0.190150
vt 0.298278 0.180486
vt 0.297222 0.179052
vt 0.296796 0.195246
vt 0.301585 0.186071
vt 0.303406 0.182747
vt 0.300042 0.176913
vt 0.298906 0.175405
vt 0.914198 0.791656
vt 0.915055 0.791172
vt 0.913264 0.792047
vt 0.913976 0.818463
vt 0.914921 0.818100
vt 0.915776 0.817610
vt 0.902009 0.314606
vt 0.904674 0.314800
vt 0.901936 0.345657
vt 0.904597 0.345861
vt 0.956318 0.572200
vt 0.959006 0.572178
vt 0.954591 0.572354
vt 0.954535 0.603337
vt 0.956263 0.603175
vt 0.958955 0.603153
vt 0.912444 0.847668
vt 0.913294 0.847175
vt 0.911489 0.848008
vt 0.906813 0.878736
vt 0.907772 0.878407
vt 0.908621 0.877915
vt 0.958981 0.693269
vt 0.956289 0.693315
vt 0.956352 0.700215
vt 0.959023 0.700183
vt 0.954549 0.693477
vt 0.954675 0.700359
vt 0.955008 0.702498
vt 0.956396 0.702741
vt 0.959034 0.702774
vt 0.904726 0.453767
vt 0.902050 0.453772
vt 0.902234 0.464993
vt 0.904826 0.465036
vt 0.902772 0.468354
vt 0.904905 0.468900
vt 0.901882 0.376292
vt 0.904536 0.376471
vt 0.901898 0.405012
vt 0.904553 0.405122
vt 0.956200 0.633512
vt 0.958899 0.633491
vt 0.954469 0.633668
vt 0.954418 0.659814
vt 0.956156 0.659676
vt 0.958864 0.659651
vt 0.903050 0.908643
vt 0.903895 0.908157
vt 0.902099 0.908988
vt 0.901914 0.937640
vt 0.902841 0.937243
vt 0.903681 0.936747
vt 0.800922 0.705732
vt 0.801214 0.704754
vt 0.798477 0.703833
vt 0.801324 0.703748
vt 0.920533 0.981876
vt 0.919737 0.982467
vt 0.925048 0.992282
vt 0.925831 0.991694
vt 0.918861 0.982959
vt 0.924196 0.992743
vt 0.925932 0.995642
vt 0.926799 0.995745
vt 0.927630 0.995235
vt 0.915445 0.345930
vt 0.915338 0.376533
vt 0.788387 0.703771
vt 0.972442 0.603343
vt 0.969785 0.603180
vt 0.969759 0.633504
vt 0.972420 0.633657
vt 0.969774 0.659636
vt 0.972444 0.659760
vt 0.915292 0.405151
vt 0.915571 0.453709
vt 0.915662 0.464996
vt 0.915701 0.468952
vt 0.915591 0.285208
vt 0.915536 0.314861
vt 0.972494 0.693350
vt 0.969827 0.693216
vt 0.969811 0.700112
vt 0.972384 0.700227
vt 0.969765 0.702639
vt 0.971878 0.702370
vt 0.972494 0.542865
vt 0.969839 0.542734
vt 0.969822 0.572201
vt 0.972478 0.572355
vt 0.915453 0.216827
vt 0.915526 0.225363
vt 0.915566 0.238219
vt 0.915591 0.258773
vt 0.972458 0.474928
vt 0.969785 0.474914
vt 0.969769 0.483422
vt 0.972432 0.483455
vt 0.969797 0.496145
vt 0.972457 0.496213
vt 0.969828 0.516509
vt 0.972485 0.516611
vt 0.920021 0.238113
vt 0.918272 0.238205
vt 0.918293 0.258757
vt 0.920039 0.258629
vt 0.918291 0.285192
vt 0.920034 0.285034
vt 0.919891 0.216772
vt 0.918143 0.216804
vt 0.918231 0.225345
vt 0.919984 0.225293
vt 0.918234 0.314844
vt 0.919972 0.314665
vt 0.918139 0.345914
vt 0.919874 0.345728
vt 0.920017 0.453673
vt 0.918268 0.453691
vt 0.918344 0.464953
vt 0.920039 0.464885
vt 0.918352 0.468814
vt 0.919746 0.468248
vt 0.918025 0.376518
vt 0.919755 0.376351
vt 0.917965 0.405135
vt 0.919697 0.405025
vt 0.784037 0.703518
vt 0.784088 0.704500
vt 0.785980 0.704518
vt 0.785984 0.703672
vt 0.784083 0.705392
vt 0.785607 0.705681
vt 0.783539 0.694809
vt 0.785504 0.695389
vt 0.785403 0.667157
vt 0.783539 0.666677
vt 0.788203 0.695413
vt 0.788117 0.667228
vt 0.798645 0.702091
vt 0.788381 0.701985
vt 0.290173 0.187586
vt 0.291334 0.188215
vt 0.296437 0.178483
vt 0.295373 0.177849
vt 0.298054 0.174911
vt 0.297084 0.174903
vt 0.783825 0.701606
vt 0.785816 0.702005
vt 0.918558 0.767288
vt 0.921336 0.787615
vt 0.941375 0.776351
vt 0.938679 0.756153
vt 0.799021 0.695478
vt 0.943158 0.960572
vt 0.946184 0.954900
vt 0.942956 0.948716
vt 0.944538 0.962963
vt 0.947464 0.957004
vt 0.948039 0.955451
vt 0.947070 0.953532
vt 0.943928 0.947446
vt 0.278567 0.291866
vt 0.279866 0.292155
vt 0.275305 0.261860
vt 0.274018 0.261537
vt 0.280722 0.292651
vt 0.276158 0.262346
vt 0.275932 0.233855
vt 0.275084 0.233366
vt 0.273840 0.232932
vt 0.801536 0.701802
vt 0.801872 0.694935
vt 0.914829 0.874282
vt 0.910026 0.877093
vt 0.905289 0.907332
vt 0.910047 0.904501
vt 0.905022 0.935842
vt 0.909553 0.932659
vt 0.282033 0.399179
vt 0.283273 0.399659
vt 0.286008 0.379199
vt 0.284750 0.378781
vt 0.284146 0.400135
vt 0.286876 0.379684
vt 0.287594 0.353169
vt 0.286731 0.352676
vt 0.285454 0.352316
vt 0.922028 0.814011
vt 0.917192 0.816793
vt 0.914705 0.846352
vt 0.919521 0.843544
vt 0.284363 0.323010
vt 0.283072 0.322701
vt 0.285222 0.323508
vt 0.275135 0.419367
vt 0.276310 0.419945
vt 0.279880 0.412145
vt 0.278670 0.411596
vt 0.277192 0.420403
vt 0.280764 0.412612
vt 0.911390 0.747271
vt 0.906505 0.749927
vt 0.910198 0.757632
vt 0.915099 0.754953
vt 0.913677 0.770005
vt 0.928419 0.919359
vt 0.929802 0.892700
vt 0.934691 0.862650
vt 0.939402 0.831985
vt 0.941975 0.802594
vt 0.926867 0.990202
vt 0.921632 0.980499
vt 0.928691 0.993678
vt 0.931875 0.987725
vt 0.930087 0.984479
vt 0.935258 0.743890
vt 0.931563 0.736219
vt 0.290502 0.403614
vt 0.287165 0.416005
vt 0.307452 0.426816
vt 0.310717 0.414552
vt 0.286926 0.296330
vt 0.291447 0.327179
vt 0.311290 0.338844
vt 0.306760 0.308124
vt 0.283561 0.423742
vt 0.303886 0.434541
vt 0.293854 0.356788
vt 0.293180 0.383233
vt 0.313260 0.394397
vt 0.313788 0.368212
vt 0.281794 0.237896
vt 0.282298 0.266020
vt 0.302075 0.277944
vt 0.300762 0.251120
vt 0.799089 0.667152
vt 0.282217 0.413381
vt 0.278640 0.421157
vt 0.285588 0.400927
vt 0.286632 0.324341
vt 0.289013 0.353990
vt 0.282126 0.293483
vt 0.288305 0.380490
vt 0.277548 0.263174
vt 0.277269 0.234749
vt 0.311347 0.216388
vt 0.314932 0.221411
vt 0.317926 0.215211
vt 0.314909 0.209651
vt 0.316154 0.222734
vt 0.319078 0.216579
vt 0.320101 0.214642
vt 0.319364 0.213099
vt 0.316396 0.207193
vt 0.916479 0.790364
vt 0.288281 0.213325
vt 0.305220 0.230257
vt 0.912287 0.961402
vt 0.911061 0.962530
vt 0.284218 0.209271
vt 0.282986 0.208166
vt 0.958902 0.679525
vt 0.969817 0.679490
vt 0.282151 0.207635
vt 0.280965 0.207079
vt 0.904626 0.432067
vt 0.915404 0.432046
vt 0.801872 0.666665
vt 0.918080 0.432028
vt 0.919822 0.431979
vt 0.972490 0.679602
vt 0.910239 0.963070
vt 0.909344 0.963528
vt 0.901959 0.432032
vt 0.956197 0.679561
vt 0.954455 0.679698
vt 0.306831 0.255141
vt 0.310690 0.235437
vt 0.309317 0.234355
vt 0.305302 0.254355
vt 0.944760 0.752850
vt 0.943463 0.753508
vt 0.946149 0.773676
vt 0.947453 0.773033
vt 0.946728 0.799886
vt 0.948039 0.799257
vt 0.799017 0.660355
vt 0.788117 0.660446
vt 0.798984 0.658306
vt 0.788090 0.658345
vt 0.313065 0.311511
vt 0.308362 0.281435
vt 0.306777 0.280810
vt 0.311476 0.310925
vt 0.317046 0.417829
vt 0.319589 0.397689
vt 0.318039 0.397040
vt 0.315513 0.417143
vt 0.320101 0.371528
vt 0.318536 0.370912
vt 0.317597 0.342197
vt 0.316018 0.341604
vt 0.310291 0.437821
vt 0.313785 0.430083
vt 0.312273 0.429357
vt 0.308784 0.437073
vt 0.937685 0.732920
vt 0.936401 0.733603
vt 0.940057 0.741269
vt 0.941345 0.740595
vt 0.944140 0.829241
vt 0.945458 0.828621
vt 0.939421 0.859882
vt 0.940742 0.859263
vt 0.934509 0.889869
vt 0.935823 0.889225
vt 0.932929 0.916137
vt 0.934187 0.915366
vt 0.801671 0.659889
vt 0.801161 0.658221
vt 0.783977 0.658303
vt 0.783684 0.659958
vt 0.785439 0.660408
vt 0.785404 0.658378
vt 0.937073 0.935931
vt 0.938188 0.934903
vt 0.943368 0.458955
vt 0.946019 0.458984
vt 0.946046 0.450428
vt 0.943392 0.450383
vt 0.946005 0.437610
vt 0.943359 0.437521
vt 0.930532 0.458967
vt 0.930463 0.450413
vt 0.969428 0.088899
vt 0.956652 0.088946
vt 0.956660 0.101673
vt 0.969434 0.101632
vt 0.956600 0.080414
vt 0.954366 0.080445
vt 0.954430 0.088994
vt 0.954445 0.101754
vt 0.082258 0.249055
vt 0.083419 0.249694
vt 0.088357 0.240289
vt 0.087310 0.239635
vt 0.084232 0.250260
vt 0.089146 0.240837
vt 0.090561 0.237685
vt 0.089700 0.237197
vt 0.088802 0.237071
vt 0.131037 0.229224
vt 0.130154 0.229673
vt 0.133662 0.237494
vt 0.134546 0.237038
vt 0.129104 0.230182
vt 0.132585 0.237981
vt 0.135816 0.250427
vt 0.136915 0.249993
vt 0.137790 0.249528
vt 0.969426 0.177584
vt 0.956642 0.177596
vt 0.956617 0.207947
vt 0.969407 0.207940
vt 0.956662 0.148239
vt 0.954453 0.148375
vt 0.954434 0.177751
vt 0.954408 0.208112
vt 0.969461 0.080384
vt 0.139386 0.270459
vt 0.140256 0.269987
vt 0.138273 0.270846
vt 0.138596 0.297301
vt 0.139724 0.296958
vt 0.140590 0.296479
vt 0.945955 0.417118
vt 0.943316 0.416989
vt 0.945937 0.390765
vt 0.943303 0.390600
vt 0.969443 0.122000
vt 0.956661 0.122029
vt 0.969436 0.148217
vt 0.954449 0.122140
vt 0.943389 0.281337
vt 0.946001 0.281525
vt 0.945935 0.270868
vt 0.943323 0.270746
vt 0.946023 0.260008
vt 0.943382 0.259965
vt 0.123284 0.404727
vt 0.122434 0.405201
vt 0.121062 0.415580
vt 0.121903 0.415127
vt 0.121290 0.405486
vt 0.119959 0.415960
vt 0.123352 0.426153
vt 0.124400 0.425650
vt 0.125265 0.425177
vt 0.136900 0.326452
vt 0.137761 0.325969
vt 0.135761 0.326757
vt 0.130866 0.356889
vt 0.132009 0.356606
vt 0.132869 0.356122
vt 0.945937 0.361300
vt 0.943310 0.361110
vt 0.945960 0.330918
vt 0.943337 0.330715
vt 0.969457 0.267957
vt 0.956439 0.267927
vt 0.956461 0.276039
vt 0.969417 0.276045
vt 0.956534 0.257455
vt 0.954323 0.257608
vt 0.954207 0.268032
vt 0.954222 0.276104
vt 0.153771 0.369116
vt 0.133763 0.380576
vt 0.129489 0.401220
vt 0.149629 0.389920
vt 0.621450 0.183760
vt 0.619109 0.183369
vt 0.619168 0.210275
vt 0.621468 0.210631
vt 0.089120 0.256313
vt 0.080095 0.273824
vt 0.097595 0.289882
vt 0.104486 0.276069
vt 0.606278 0.210274
vt 0.606338 0.183358
vt 0.603576 0.183733
vt 0.603567 0.210631
vt 0.618867 0.173317
vt 0.606682 0.173159
vt 0.606755 0.174265
vt 0.618746 0.174377
vt 0.604451 0.173390
vt 0.604059 0.174251
vt 0.606720 0.175201
vt 0.603944 0.175260
vt 0.144099 0.462242
vt 0.143290 0.462809
vt 0.148290 0.472255
vt 0.149081 0.471702
vt 0.142258 0.463378
vt 0.147338 0.472819
vt 0.148828 0.475351
vt 0.149679 0.475284
vt 0.150529 0.474792
vt 0.943347 0.217920
vt 0.945996 0.217915
vt 0.945845 0.207019
vt 0.943283 0.206983
vt 0.945322 0.204110
vt 0.943221 0.203687
vt 0.930476 0.206997
vt 0.930478 0.217935
vt 0.071621 0.291147
vt 0.090902 0.303765
vt 0.146898 0.292960
vt 0.144036 0.322407
vt 0.164060 0.311084
vt 0.167006 0.281830
vt 0.969296 0.311771
vt 0.956508 0.311805
vt 0.956551 0.314153
vt 0.969240 0.314123
vt 0.956485 0.304475
vt 0.954256 0.304604
vt 0.954358 0.311925
vt 0.954786 0.313946
vt 0.971976 0.304563
vt 0.969333 0.304445
vt 0.971848 0.311881
vt 0.971331 0.313906
vt 0.972020 0.257613
vt 0.969391 0.257462
vt 0.972105 0.268055
vt 0.972065 0.276105
vt 0.972062 0.101704
vt 0.972068 0.122104
vt 0.972059 0.148349
vt 0.972047 0.177736
vt 0.972029 0.208103
vt 0.972105 0.080404
vt 0.972061 0.088937
vt 0.928299 0.458998
vt 0.928225 0.450461
vt 0.930456 0.437541
vt 0.930463 0.416990
vt 0.928222 0.437629
vt 0.928235 0.417115
vt 0.930471 0.390590
vt 0.930748 0.270678
vt 0.930656 0.281293
vt 0.928248 0.390747
vt 0.928449 0.281471
vt 0.928546 0.270794
vt 0.930650 0.259945
vt 0.930507 0.361088
vt 0.928427 0.259986
vt 0.928291 0.361267
vt 0.930553 0.330685
vt 0.928340 0.330877
vt 0.621108 0.175397
vt 0.621020 0.174394
vt 0.618760 0.175312
vt 0.620747 0.173544
vt 0.928243 0.217937
vt 0.928315 0.207040
vt 0.930506 0.203706
vt 0.928735 0.204133
vt 0.139125 0.352542
vt 0.134286 0.355311
vt 0.128927 0.383338
vt 0.127514 0.384146
vt 0.124684 0.403932
vt 0.621243 0.177266
vt 0.618875 0.177025
vt 0.606603 0.176954
vt 0.085384 0.251536
vt 0.075870 0.269973
vt 0.074597 0.268916
vt 0.065608 0.287353
vt 0.066979 0.288189
vt 0.061514 0.307001
vt 0.062816 0.307267
vt 0.061466 0.296922
vt 0.060218 0.296528
vt 0.063668 0.307741
vt 0.062308 0.297372
vt 0.064738 0.286883
vt 0.063557 0.286330
vt 0.603800 0.177151
vt 0.078621 0.415310
vt 0.079903 0.415650
vt 0.077115 0.386119
vt 0.075821 0.385828
vt 0.080773 0.416131
vt 0.077980 0.386603
vt 0.073149 0.356406
vt 0.072285 0.355920
vt 0.070986 0.355659
vt 0.075894 0.462216
vt 0.077140 0.462678
vt 0.079573 0.442179
vt 0.078308 0.441780
vt 0.078021 0.463141
vt 0.080448 0.442651
vt 0.142020 0.295680
vt 0.139183 0.325161
vt 0.123282 0.414353
vt 0.128006 0.411681
vt 0.126635 0.424333
vt 0.131274 0.421347
vt 0.137435 0.225939
vt 0.132491 0.228482
vt 0.136004 0.236283
vt 0.140971 0.233707
vt 0.139239 0.248755
vt 0.144179 0.246126
vt 0.069294 0.482505
vt 0.070477 0.483065
vt 0.073932 0.475214
vt 0.072714 0.474682
vt 0.071366 0.483510
vt 0.074823 0.475667
vt 0.159106 0.341107
vt 0.148012 0.400402
vt 0.069865 0.311254
vt 0.065065 0.308537
vt 0.069267 0.329149
vt 0.074103 0.331925
vt 0.067855 0.328337
vt 0.074566 0.357221
vt 0.079404 0.360005
vt 0.943377 0.302322
vt 0.930594 0.302291
vt 0.945997 0.302529
vt 0.956591 0.236361
vt 0.969383 0.236356
vt 0.126656 0.384629
vt 0.125511 0.384900
vt 0.954381 0.236529
vt 0.972007 0.236522
vt 0.928385 0.302486
vt 0.066993 0.327853
vt 0.065693 0.327606
vt 0.141695 0.269201
vt 0.146602 0.266526
vt 0.150508 0.408672
vt 0.161368 0.223083
vt 0.157858 0.215327
vt 0.164520 0.235398
vt 0.090036 0.322595
vt 0.094110 0.343452
vt 0.099372 0.371498
vt 0.166832 0.255611
vt 0.084427 0.466526
vt 0.081273 0.478965
vt 0.101719 0.489476
vt 0.104803 0.477164
vt 0.087085 0.419656
vt 0.086803 0.446106
vt 0.107048 0.456974
vt 0.107189 0.430783
vt 0.077784 0.486756
vt 0.098267 0.497253
vt 0.084255 0.390181
vt 0.104267 0.401541
vt 0.139853 0.438658
vt 0.157279 0.422499
vt 0.063681 0.298141
vt 0.068389 0.300802
vt 0.076287 0.476414
vt 0.072826 0.484242
vt 0.079474 0.463911
vt 0.081888 0.443436
vt 0.082204 0.416931
vt 0.079402 0.387415
vt 0.094795 0.325375
vt 0.093325 0.314838
vt 0.088427 0.312067
vt 0.096401 0.325951
vt 0.094928 0.315511
vt 0.097085 0.307613
vt 0.095599 0.306773
vt 0.148970 0.456155
vt 0.135642 0.442535
vt 0.145249 0.460957
vt 0.134371 0.443599
vt 0.164285 0.436278
vt 0.619116 0.216714
vt 0.606347 0.216706
vt 0.606386 0.218563
vt 0.619093 0.218560
vt 0.603751 0.217055
vt 0.604261 0.218596
vt 0.169154 0.430333
vt 0.162723 0.417619
vt 0.161479 0.418652
vt 0.168016 0.431556
vt 0.156545 0.404835
vt 0.155176 0.405647
vt 0.153696 0.465159
vt 0.167977 0.443271
vt 0.113551 0.434005
vt 0.110625 0.404797
vt 0.109037 0.404228
vt 0.111977 0.433411
vt 0.105732 0.374784
vt 0.104136 0.374228
vt 0.111180 0.480348
vt 0.113425 0.460172
vt 0.111866 0.459546
vt 0.109637 0.479684
vt 0.104721 0.500439
vt 0.108100 0.492650
vt 0.106578 0.491945
vt 0.103203 0.499713
vt 0.170779 0.232201
vt 0.169350 0.232854
vt 0.171648 0.253025
vt 0.173088 0.252399
vt 0.171796 0.279197
vt 0.173248 0.278594
vt 0.098867 0.346211
vt 0.100467 0.346766
vt 0.164178 0.212132
vt 0.162768 0.212829
vt 0.166218 0.220577
vt 0.167631 0.219896
vt 0.155866 0.386568
vt 0.154390 0.387161
vt 0.152881 0.397642
vt 0.154351 0.396975
vt 0.168833 0.308401
vt 0.170295 0.307816
vt 0.163872 0.338390
vt 0.165340 0.337812
vt 0.109507 0.282005
vt 0.108253 0.280754
vt 0.101825 0.293700
vt 0.103181 0.294768
vt 0.620886 0.218596
vt 0.621307 0.217059
vt 0.158531 0.366374
vt 0.160002 0.365796
vt 0.113551 0.273642
vt 0.112739 0.272252
vt 0.111383 0.274229
vt 0.112588 0.275485
vt 0.109507 0.266819
vt 0.108139 0.269082
vt 0.173248 0.438659
vt 0.172320 0.436829
vt 0.171240 0.438087
vt 0.172508 0.440053
vt 0.169280 0.445497
vt 0.095383 0.244406
vt 0.093796 0.247303
vt 0.155247 0.468011
vt 0.150182 0.470355
vt 0.151704 0.473391
vt 0.091771 0.239066
vt 0.090255 0.242160
vt 0.930540 0.239189
vt 0.928306 0.239198
vt 0.943398 0.239177
vt 0.956486 0.290218
vt 0.969358 0.290196
vt 0.972003 0.290270
vt 0.954253 0.290301
vt 0.946046 0.239182
vt 0.133533 0.444119
vt 0.132498 0.444664
vt 0.073753 0.268399
vt 0.072590 0.267793
vt 0.681739 0.957833
vt 0.680135 0.957785
vt 0.680190 0.972268
vt 0.681753 0.972208
vt 0.902837 0.820660
vt 0.904432 0.820708
vt 0.904415 0.809139
vt 0.902843 0.809196
vt 0.494864 0.912923
vt 0.496468 0.912972
vt 0.496418 0.898489
vt 0.494855 0.898548
vt 0.903502 0.786197
vt 0.901898 0.786150
vt 0.901948 0.797720
vt 0.903510 0.797661
vt 0.784410 0.649637
vt 0.783962 0.649656
vt 0.784028 0.650017
vt 0.784389 0.650082
vt 0.681783 0.972646
vt 0.682133 0.972576
vt 0.682191 0.972224
vt 0.903949 0.786182
vt 0.903890 0.785822
vt 0.903533 0.785750
vt 0.796025 0.649584
vt 0.796048 0.650037
vt 0.796412 0.649969
vt 0.796477 0.649605
vt 0.903540 0.798098
vt 0.903890 0.798028
vt 0.903948 0.797676
vt 0.494416 0.912939
vt 0.494476 0.913298
vt 0.494833 0.913370
vt 0.784491 0.635166
vt 0.784469 0.634719
vt 0.784111 0.634785
vt 0.784047 0.635144
vt 0.902813 0.808752
vt 0.902458 0.808823
vt 0.902398 0.809180
vt 0.682186 0.957817
vt 0.682127 0.957458
vt 0.681770 0.957386
vt 0.796037 0.635102
vt 0.796477 0.635080
vt 0.796412 0.634725
vt 0.796056 0.634661
vt 0.494826 0.898110
vt 0.494476 0.898180
vt 0.494417 0.898532
vt 0.902398 0.820675
vt 0.902455 0.821029
vt 0.902807 0.821101
vt 0.680208 0.972709
vt 0.901914 0.785689
vt 0.496452 0.913433
vt 0.901965 0.798161
vt 0.904415 0.821166
vt 0.496401 0.898048
vt 0.680150 0.957324
vt 0.904399 0.808695
vt 0.903511 0.980787
vt 0.901907 0.980739
vt 0.901957 0.995215
vt 0.903522 0.995160
vt 0.608578 0.675762
vt 0.610172 0.675810
vt 0.610156 0.664241
vt 0.608584 0.664298
vt 0.682100 0.995210
vt 0.683704 0.995259
vt 0.683654 0.980776
vt 0.682091 0.980835
vt 0.091050 0.940935
vt 0.089448 0.940884
vt 0.089498 0.952459
vt 0.091061 0.952399
vt 0.518853 0.995337
vt 0.518412 0.995356
vt 0.518475 0.995711
vt 0.518830 0.995778
vt 0.903554 0.995596
vt 0.903902 0.995525
vt 0.903959 0.995174
vt 0.091498 0.940918
vt 0.091437 0.940557
vt 0.091078 0.940486
vt 0.530434 0.995431
vt 0.530453 0.995883
vt 0.530818 0.995819
vt 0.530886 0.995454
vt 0.091091 0.952837
vt 0.091440 0.952767
vt 0.091499 0.952415
vt 0.681652 0.995226
vt 0.681711 0.995585
vt 0.682069 0.995657
vt 0.518864 0.980861
vt 0.518845 0.980409
vt 0.518480 0.980474
vt 0.518413 0.980838
vt 0.608554 0.663855
vt 0.608199 0.663925
vt 0.608138 0.664282
vt 0.903958 0.980772
vt 0.903898 0.980413
vt 0.903541 0.980340
vt 0.530444 0.980955
vt 0.530886 0.980936
vt 0.530823 0.980581
vt 0.530468 0.980514
vt 0.682061 0.980397
vt 0.681712 0.980468
vt 0.681653 0.980819
vt 0.608138 0.675777
vt 0.608196 0.676131
vt 0.608547 0.676203
vt 0.901975 0.995664
vt 0.089463 0.940432
vt 0.683688 0.995719
vt 0.089515 0.952900
vt 0.610155 0.676268
vt 0.683637 0.980335
vt 0.901923 0.980278
vt 0.610139 0.663797
vt 0.945939 0.929342
vt 0.947533 0.929392
vt 0.947517 0.914908
vt 0.945944 0.914965
vt 0.542494 0.812494
vt 0.540902 0.812440
vt 0.540912 0.824015
vt 0.542485 0.823959
vt 0.945262 0.995202
vt 0.946866 0.995251
vt 0.946816 0.980775
vt 0.945251 0.980830
vt 0.005723 0.828958
vt 0.004120 0.828911
vt 0.004167 0.840480
vt 0.005729 0.840421
vt 0.954990 0.717050
vt 0.954970 0.716602
vt 0.954610 0.716667
vt 0.954544 0.717026
vt 0.945915 0.914522
vt 0.945559 0.914592
vt 0.945499 0.914950
vt 0.006171 0.828943
vt 0.006111 0.828583
vt 0.005754 0.828511
vt 0.954907 0.728661
vt 0.954454 0.728681
vt 0.954521 0.729047
vt 0.954886 0.729114
vt 0.005759 0.840858
vt 0.006108 0.840788
vt 0.006167 0.840436
vt 0.944815 0.995218
vt 0.944874 0.995577
vt 0.945231 0.995649
vt 0.969445 0.717042
vt 0.969885 0.717022
vt 0.969821 0.716667
vt 0.969466 0.716602
vt 0.542514 0.824402
vt 0.542870 0.824332
vt 0.542930 0.823975
vt 0.945499 0.929357
vt 0.945556 0.929712
vt 0.945908 0.929784
vt 0.969405 0.728592
vt 0.969427 0.729037
vt 0.969786 0.728972
vt 0.969853 0.728613
vt 0.945219 0.980394
vt 0.944871 0.980465
vt 0.944814 0.980816
vt 0.542935 0.812477
vt 0.542876 0.812122
vt 0.542522 0.812051
vt 0.947501 0.914464
vt 0.004135 0.828450
vt 0.946850 0.995711
vt 0.004184 0.840921
vt 0.540918 0.811992
vt 0.946798 0.980326
vt 0.947517 0.929849
vt 0.540928 0.824459
vt 0.049600 0.909572
vt 0.051203 0.909620
vt 0.051154 0.895144
vt 0.049589 0.895199
vt 0.903497 0.829004
vt 0.901905 0.828951
vt 0.901921 0.840526
vt 0.903494 0.840469
vt 0.944719 0.902993
vt 0.946323 0.903041
vt 0.946273 0.888565
vt 0.944708 0.888620
vt 0.005704 0.805899
vt 0.004112 0.805847
vt 0.004126 0.817422
vt 0.005699 0.817365
vt 0.563865 0.616700
vt 0.563417 0.616722
vt 0.563485 0.617082
vt 0.563845 0.617145
vt 0.049557 0.894763
vt 0.049209 0.894834
vt 0.049151 0.895185
vt 0.006145 0.805883
vt 0.006086 0.805528
vt 0.005732 0.805457
vt 0.575445 0.616604
vt 0.575468 0.617052
vt 0.575827 0.616984
vt 0.575890 0.616624
vt 0.005728 0.817809
vt 0.006084 0.817738
vt 0.006144 0.817381
vt 0.944272 0.903008
vt 0.944331 0.903368
vt 0.944688 0.903440
vt 0.563861 0.602223
vt 0.563838 0.601775
vt 0.563480 0.601844
vt 0.563417 0.602203
vt 0.903524 0.840912
vt 0.903879 0.840842
vt 0.903940 0.840485
vt 0.049152 0.909587
vt 0.049212 0.909946
vt 0.049569 0.910018
vt 0.575442 0.602128
vt 0.575890 0.602105
vt 0.575822 0.601746
vt 0.575461 0.601683
vt 0.944676 0.888184
vt 0.944328 0.888255
vt 0.944271 0.888606
vt 0.903938 0.828987
vt 0.903879 0.828632
vt 0.903525 0.828561
vt 0.051136 0.894695
vt 0.004128 0.805398
vt 0.946307 0.903502
vt 0.004142 0.817866
vt 0.901921 0.828502
vt 0.946255 0.888116
vt 0.051187 0.910080
vt 0.901938 0.840970
s 1
usemtl wood_table_001
f 560/1/1 789/2/2 207/3/3
f 591/4/4 820/5/5 208/6/6
f 207/3/3 534/7/7 763/8/8
f 534/7/7 207/3/3 765/9/9
f 207/3/3 536/10/10 765/9/9
f 536/10/10 207/3/3 767/11/11
f 207/3/3 538/12/12 767/11/11
f 538/12/12 207/3/3 769/13/13
f 207/3/3 540/14/14 769/13/13
f 540/14/14 207/3/3 771/15/15
f 207/3/3 542/16/15 771/15/15
f 542/16/15 207/3/3 773/17/16
f 207/3/3 544/18/17 773/17/16
f 544/18/17 207/3/3 775/19/18
f 207/3/3 547/20/18 775/19/18
f 547/20/18 207/3/3 777/21/19
f 207/3/3 549/22/20 777/21/19
f 549/22/20 207/3/3 779/23/21
f 207/3/3 551/24/22 779/23/21
f 551/24/22 207/3/3 781/25/23
f 207/3/3 553/26/24 781/25/23
f 553/26/24 207/3/3 783/27/25
f 207/3/3 555/28/26 783/27/25
f 555/28/26 207/3/3 785/29/27
f 207/3/3 557/30/28 785/29/27
f 557/30/28 207/3/3 787/31/29
f 207/3/3 559/32/30 787/31/29
f 789/2/2 559/32/30 207/3/3
f 790/33/31 207/3/3 562/34/32
f 562/34/32 207/3/3 792/35/33
f 792/35/33 207/3/3 564/36/34
f 564/36/34 207/3/3 794/37/35
f 794/37/35 207/3/3 566/38/36
f 566/38/36 207/3/3 796/39/37
f 796/39/37 207/3/3 568/40/38
f 568/40/38 207/3/3 798/41/39
f 798/41/39 207/3/3 570/42/40
f 570/42/40 207/3/3 800/43/41
f 800/43/41 207/3/3 573/44/42
f 573/44/42 207/3/3 802/45/43
f 802/45/43 207/3/3 575/46/44
f 575/46/44 207/3/3 804/47/45
f 804/47/45 207/3/3 577/48/46
f 577/48/46 207/3/3 807/49/47
f 207/3/3 580/50/48 807/49/47
f 580/50/48 207/3/3 809/51/49
f 207/3/3 532/52/50 809/51/49
f 810/53/51 208/6/6 582/54/52
f 583/55/53 208/6/6 811/56/54
f 208/6/6 581/57/55 811/56/54
f 584/58/56 208/6/6 812/59/57
f 208/6/6 583/55/53 812/59/57
f 585/60/58 208/6/6 813/61/58
f 208/6/6 584/58/56 813/61/58
f 586/62/59 208/6/6 814/63/60
f 814/63/60 208/6/6 585/60/58
f 587/64/61 208/6/6 815/65/62
f 815/65/62 208/6/6 586/62/59
f 588/66/63 208/6/6 816/67/64
f 816/67/64 208/6/6 587/64/61
f 589/68/65 208/6/6 817/69/66
f 817/69/66 208/6/6 588/66/63
f 590/70/67 208/6/6 818/71/68
f 818/71/68 208/6/6 589/68/65
f 591/4/4 208/6/6 819/72/69
f 208/6/6 590/70/67 819/72/69
f 820/5/5 592/73/70 208/6/6
f 821/74/71 208/6/6 592/73/70
f 594/75/72 208/6/6 822/76/73
f 822/76/73 208/6/6 593/77/74
f 595/78/75 208/6/6 823/79/76
f 823/79/76 208/6/6 594/75/72
f 596/80/77 208/6/6 824/81/78
f 824/81/78 208/6/6 595/78/75
f 597/82/79 208/6/6 825/83/79
f 208/6/6 596/80/77 825/83/79
f 598/84/80 208/6/6 826/85/81
f 826/85/81 208/6/6 597/82/79
f 599/86/82 208/6/6 827/87/83
f 827/87/83 208/6/6 598/84/80
f 600/88/84 208/6/6 828/89/85
f 828/89/85 208/6/6 599/86/82
f 601/90/86 208/6/6 829/91/87
f 829/91/87 208/6/6 600/88/84
f 602/92/88 208/6/6 830/93/89
f 830/93/89 208/6/6 601/90/86
f 603/94/90 208/6/6 831/95/91
f 208/6/6 602/92/88 831/95/91
f 604/96/92 208/6/6 832/97/93
f 208/6/6 603/94/90 832/97/93
f 582/54/52 208/6/6 833/98/94
f 208/6/6 604/96/92 833/98/94
f 560/1/1 207/3/3 790/33/31
f 532/52/50 207/3/3 763/8/8
f 593/77/74 208/6/6 821/74/71
f 581/57/55 208/6/6 810/53/51
f 1941/99/3 919/100/95 915/101/96
s 0
f 1921/102/3 1052/103/3 1047/104/3
f 1920/105/6 1006/106/6 1011/107/6
s 1
f 1115/108/97 2195/109/6 1114/110/98
f 1116/111/99 2195/109/6 1115/108/97
f 1117/112/100 2195/109/6 1116/111/99
f 1118/113/101 2195/109/6 1117/112/100
f 1119/114/102 2195/109/6 1118/113/101
f 1120/115/103 2195/109/6 1119/114/102
f 1120/115/103 1121/116/104 2195/109/6
f 2195/109/6 1121/116/104 1122/117/105
f 2195/109/6 1122/117/105 1123/118/106
f 2195/109/6 1123/118/106 1124/119/107
f 1125/120/108 2195/109/6 1124/119/107
f 2195/109/6 1125/120/108 1126/121/109
f 2195/109/6 1126/121/109 1127/122/110
f 2195/109/6 1127/122/110 1128/123/111
f 2195/109/6 1128/123/111 1129/124/112
f 1130/125/113 2195/109/6 1129/124/112
f 1131/126/114 2195/109/6 1130/125/113
f 1132/127/115 2195/109/6 1131/126/114
f 1113/128/116 2195/109/6 1132/127/115
f 1114/110/98 2195/109/6 1113/128/116
s 0
f 1920/105/6 1031/129/6 1036/130/6
f 1920/105/6 1056/131/6 1061/132/6
f 992/133/3 1921/102/3 997/134/3
f 987/135/3 1921/102/3 992/133/3
f 982/136/3 1921/102/3 987/135/3
f 977/137/3 1921/102/3 982/136/3
f 977/137/3 969/138/3 1921/102/3
f 969/138/3 1067/139/3 1921/102/3
f 1067/139/3 1062/140/3 1921/102/3
f 1921/102/3 1062/140/3 1057/141/3
f 1042/142/3 1921/102/3 1047/104/3
f 1037/143/3 1921/102/3 1042/142/3
f 1031/129/6 1920/105/6 1026/144/6
f 1032/145/3 1921/102/3 1037/143/3
f 1920/105/6 1021/146/6 1026/144/6
f 1920/105/6 1016/147/6 1021/146/6
f 1027/148/3 1921/102/3 1032/145/3
f 1920/105/6 1011/107/6 1016/147/6
f 996/149/6 1001/150/6 1920/105/6
f 1017/151/3 1921/102/3 1022/152/3
f 991/153/6 996/149/6 1920/105/6
f 986/154/6 991/153/6 1920/105/6
f 1012/155/3 1921/102/3 1017/151/3
f 981/156/6 986/154/6 1920/105/6
f 981/156/6 1920/105/6 976/157/6
f 1007/158/3 1921/102/3 1012/155/3
f 1920/105/6 1071/159/6 976/157/6
f 1920/105/6 1066/160/6 1071/159/6
f 1002/161/3 1921/102/3 1007/158/3
f 1920/105/6 1061/132/6 1066/160/6
f 1056/131/6 1920/105/6 1051/162/6
f 1921/102/3 1057/141/3 1052/103/3
f 1920/105/6 1046/163/6 1051/162/6
f 1921/102/3 1002/161/3 997/134/3
f 1920/105/6 1041/164/6 1046/163/6
f 1921/102/3 1027/148/3 1022/152/3
f 1920/105/6 1036/130/6 1041/164/6
f 1001/150/6 1006/106/6 1920/105/6
s 1
f 859/165/117 1941/99/3 863/166/118
f 1941/99/3 867/167/119 863/166/118
f 871/168/120 1941/99/3 875/169/121
f 1941/99/3 871/168/120 867/167/119
f 859/165/117 855/170/122 1941/99/3
f 855/170/122 851/171/123 1941/99/3
f 851/171/123 927/172/124 1941/99/3
f 927/172/124 923/173/125 1941/99/3
f 907/174/126 1941/99/3 911/175/127
f 1941/99/3 915/101/96 911/175/127
f 903/176/128 1941/99/3 907/174/126
f 899/177/129 1941/99/3 903/176/128
f 891/178/130 1941/99/3 895/179/131
f 887/180/132 1941/99/3 891/178/130
f 879/181/133 1941/99/3 883/182/134
f 1941/99/3 887/180/132 883/182/134
f 1941/99/3 923/173/125 919/100/95
f 1941/99/3 879/181/133 875/169/121
f 1941/99/3 899/177/129 895/179/131
f 1569/183/135 1631/184/6 1625/185/136
f 1569/183/135 1571/186/137 1631/184/6
f 1571/186/137 1573/187/138 1631/184/6
f 1573/187/138 1575/188/139 1631/184/6
f 1575/188/139 1577/189/140 1631/184/6
f 1577/189/140 1579/190/141 1631/184/6
f 1579/190/141 1581/191/142 1631/184/6
f 1581/191/142 1583/192/143 1631/184/6
f 1583/192/143 1585/193/144 1631/184/6
f 1585/193/144 1588/194/145 1631/184/6
f 1588/194/145 1590/195/146 1631/184/6
f 1590/195/146 1592/196/147 1631/184/6
f 1592/196/147 1594/197/148 1631/184/6
f 1594/197/148 1596/198/149 1631/184/6
f 1596/198/149 1598/199/150 1631/184/6
f 1598/199/150 1628/200/151 1631/184/6
f 1601/201/152 1602/202/153 1631/184/6
f 1602/202/153 1604/203/154 1631/184/6
f 1604/203/154 1606/204/155 1631/184/6
f 1606/204/155 1608/205/156 1631/184/6
f 1608/205/156 1610/206/157 1631/184/6
f 1610/206/157 1612/207/158 1631/184/6
f 1612/207/158 1615/208/159 1631/184/6
f 1615/208/159 1617/209/160 1631/184/6
f 1617/209/160 1619/210/161 1631/184/6
f 1619/210/161 1621/211/162 1631/184/6
f 1621/211/162 1623/212/163 1631/184/6
f 1623/212/163 1625/185/136 1631/184/6
f 1628/200/151 1630/213/164 1631/184/6
s 0
f 2276/214/3 2278/215/3 3076/216/3
s 1
f 2392/217/165 2385/218/166 3352/219/6
f 2375/220/167 2382/221/168 3351/222/3
f 3054/223/6 3358/224/169 3372/225/170
s 0
f 2285/226/3 2287/227/3 3076/216/3
f 2283/228/3 2285/226/3 3076/216/3
f 3076/216/3 2281/229/3 2283/228/3
f 2289/230/3 2291/231/3 3076/216/3
f 2267/232/3 2269/233/3 3076/216/3
f 2265/234/3 2267/232/3 3076/216/3
f 2263/235/3 2265/234/3 3076/216/3
f 3076/216/3 2261/236/3 2263/235/3
f 2295/237/3 3076/216/3 2293/238/3
f 3076/216/3 2291/231/3 2293/238/3
f 2259/239/3 2261/236/3 3076/216/3
f 2298/240/3 2259/239/3 3076/216/3
f 2274/241/3 2276/214/3 3076/216/3
f 2279/242/3 3076/216/3 2278/215/3
f 3076/216/3 2272/243/3 2274/241/3
f 2281/229/3 3076/216/3 2279/242/3
f 2295/237/3 2298/240/3 3076/216/3
f 2269/233/3 2272/243/3 3076/216/3
f 2287/227/3 2289/230/3 3076/216/3
s 1
f 2430/244/171 3351/222/3 2423/245/172
f 2437/246/173 3351/222/3 2430/244/171
f 2437/246/173 2444/247/174 3351/222/3
f 2444/247/174 2306/248/175 3351/222/3
f 2306/248/175 2313/249/176 3351/222/3
f 2313/249/176 2320/250/177 3351/222/3
f 2354/251/178 2361/252/179 3351/222/3
f 2320/250/177 2327/253/180 3351/222/3
f 3351/222/3 2397/254/181 2404/255/182
f 2397/254/181 3351/222/3 2390/256/183
f 3351/222/3 2361/252/179 2368/257/184
f 2390/256/183 3351/222/3 2382/221/168
f 2368/257/184 2375/220/167 3351/222/3
f 3351/222/3 2327/253/180 2334/258/185
f 2334/258/185 2340/259/186 3351/222/3
f 2340/259/186 2347/260/187 3351/222/3
f 2347/260/187 2354/251/178 3351/222/3
f 2418/261/188 2407/262/189 3352/219/6
f 2350/263/190 2343/264/191 3352/219/6
f 2322/265/192 2315/266/193 3352/219/6
f 2371/267/194 3352/219/6 2378/268/195
f 3352/219/6 2407/262/189 2399/269/196
f 2378/268/195 3352/219/6 2385/218/166
f 2399/269/196 2392/217/165 3352/219/6
f 3352/219/6 2301/270/197 2438/271/198
f 2438/271/198 2431/272/199 3352/219/6
f 2431/272/199 2424/273/200 3352/219/6
f 2424/273/200 2418/261/188 3352/219/6
f 2343/264/191 2336/274/201 3352/219/6
f 3352/219/6 2371/267/194 2364/275/202
f 2364/275/202 2357/276/203 3352/219/6
f 2357/276/203 2350/263/190 3352/219/6
f 2315/266/193 2308/277/204 3352/219/6
f 2308/277/204 2301/270/197 3352/219/6
f 3352/219/6 2336/274/201 2329/278/205
f 2322/265/192 3352/219/6 2329/278/205
f 3054/223/6 3370/279/206 3363/280/207
f 3054/223/6 3368/281/208 3365/282/209
f 3362/283/210 3054/223/6 3365/282/209
f 3054/223/6 3362/283/210 3360/284/211
f 3054/223/6 3359/285/212 3371/286/213
f 3054/223/6 3371/286/213 3354/287/214
f 3054/223/6 3354/287/214 3355/288/215
f 3054/223/6 3355/288/215 3358/224/169
f 3369/289/216 3054/223/6 3372/225/170
f 3054/223/6 3369/289/216 3366/290/217
f 3054/223/6 3366/290/217 3353/291/218
f 3054/223/6 3367/292/219 3364/293/220
f 3054/223/6 3353/291/218 3357/294/221
f 3054/223/6 3364/293/220 3356/295/222
f 3054/223/6 3356/295/222 3370/279/206
f 3054/223/6 3357/294/221 3367/292/219
f 3054/223/6 3363/280/207 3368/281/208
f 3054/223/6 3361/296/223 3359/285/212
f 3054/223/6 3360/284/211 3361/296/223
f 1601/201/152 1631/184/6 1630/213/164
f 4/297/224 209/298/225 631/299/226
f 4/297/224 631/299/226 210/300/227
f 209/298/225 2/301/228 211/302/229
f 209/298/225 211/302/229 631/299/226
f 631/299/226 211/302/229 1/303/230
f 631/299/226 1/303/230 212/304/231
f 210/300/227 631/299/226 212/304/231
f 210/300/227 212/304/231 3/305/232
f 3/305/232 212/304/231 632/306/233
f 3/305/232 632/306/233 213/307/234
f 212/304/231 1/303/230 214/308/235
f 212/304/231 214/308/235 632/306/233
f 632/306/233 214/308/235 131/309/236
f 632/306/233 131/309/236 215/310/237
f 213/307/234 632/306/233 215/310/237
f 213/307/234 215/310/237 132/311/238
f 6/312/239 216/313/240 633/314/241
f 6/312/239 633/314/241 217/315/242
f 216/313/240 4/297/224 210/300/227
f 216/313/240 210/300/227 633/314/241
f 633/314/241 210/300/227 3/305/232
f 633/314/241 3/305/232 218/316/243
f 217/315/242 633/314/241 218/316/243
f 217/315/242 218/316/243 5/317/244
f 5/317/244 218/316/243 634/318/245
f 5/317/244 634/318/245 219/319/246
f 218/316/243 3/305/232 213/307/234
f 218/316/243 213/307/234 634/318/245
f 634/318/245 213/307/234 132/311/238
f 634/318/245 132/311/238 220/320/247
f 219/319/246 634/318/245 220/320/247
f 219/319/246 220/320/247 133/321/248
f 8/322/249 221/323/250 635/324/251
f 8/322/249 635/324/251 222/325/252
f 221/323/250 6/312/239 217/315/242
f 221/323/250 217/315/242 635/324/251
f 635/324/251 217/315/242 5/317/244
f 635/324/251 5/317/244 223/326/253
f 222/325/252 635/324/251 223/326/253
f 222/325/252 223/326/253 7/327/254
f 7/327/254 223/326/253 636/328/255
f 7/327/254 636/328/255 224/329/256
f 223/326/253 5/317/244 219/319/246
f 223/326/253 219/319/246 636/328/255
f 636/328/255 219/319/246 133/321/248
f 636/328/255 133/321/248 225/330/257
f 224/329/256 636/328/255 225/330/257
f 224/329/256 225/330/257 134/331/258
f 10/332/259 226/333/260 637/334/261
f 10/332/259 637/334/261 227/335/262
f 226/333/260 8/322/249 222/325/252
f 226/333/260 222/325/252 637/334/261
f 637/334/261 222/325/252 7/327/254
f 637/334/261 7/327/254 228/336/263
f 227/335/262 637/334/261 228/336/263
f 227/335/262 228/336/263 9/337/264
f 9/337/264 228/336/263 638/338/265
f 9/337/264 638/338/265 229/339/266
f 228/336/263 7/327/254 224/329/256
f 228/336/263 224/329/256 638/338/265
f 638/338/265 224/329/256 134/331/258
f 638/338/265 134/331/258 230/340/267
f 229/339/266 638/338/265 230/340/267
f 229/339/266 230/340/267 135/341/268
f 12/342/269 231/343/270 639/344/271
f 12/342/269 639/344/271 232/345/272
f 231/343/270 10/332/259 227/335/262
f 231/343/270 227/335/262 639/344/271
f 639/344/271 227/335/262 9/337/264
f 639/344/271 9/337/264 233/346/273
f 232/345/272 639/344/271 233/346/273
f 232/345/272 233/346/273 11/347/274
f 11/347/274 233/346/273 640/348/275
f 11/347/274 640/348/275 234/349/276
f 233/346/273 9/337/264 229/339/266
f 233/346/273 229/339/266 640/348/275
f 640/348/275 229/339/266 135/341/268
f 640/348/275 135/341/268 235/350/277
f 234/349/276 640/348/275 235/350/277
f 234/349/276 235/350/277 136/351/278
f 14/352/279 236/353/280 641/354/281
f 14/352/279 641/354/281 237/355/282
f 236/353/280 12/342/269 232/345/272
f 236/353/280 232/345/272 641/354/281
f 641/354/281 232/345/272 11/347/274
f 641/354/281 11/347/274 238/356/283
f 237/355/282 641/354/281 238/356/283
f 237/355/282 238/356/283 13/357/284
f 13/357/284 238/356/283 642/358/285
f 13/357/284 642/358/285 239/359/286
f 238/356/283 11/347/274 234/349/276
f 238/356/283 234/349/276 642/358/285
f 642/358/285 234/349/276 136/351/278
f 642/358/285 136/351/278 240/360/287
f 239/359/286 642/358/285 240/360/287
f 239/359/286 240/360/287 137/361/288
f 17/362/289 241/363/290 643/364/291
f 17/362/289 643/364/291 242/365/292
f 241/363/290 14/352/279 237/355/282
f 241/363/290 237/355/282 643/364/291
f 643/364/291 237/355/282 13/357/284
f 643/364/291 13/357/284 244/366/293
f 242/365/292 643/364/291 244/366/293
f 242/365/292 244/366/293 15/367/294
f 15/367/294 244/366/293 644/368/295
f 15/367/294 644/368/295 245/369/296
f 244/366/293 13/357/284 239/359/286
f 244/366/293 239/359/286 644/368/295
f 644/368/295 239/359/286 137/361/288
f 644/368/295 137/361/288 247/370/297
f 245/369/296 644/368/295 247/370/297
f 245/369/296 247/370/297 138/371/298
f 20/372/299 248/373/300 645/374/301
f 20/372/299 645/374/301 249/375/302
f 248/373/300 18/376/289 243/377/303
f 248/373/300 243/377/303 645/374/301
f 645/374/301 243/377/303 16/378/294
f 645/374/301 16/378/294 250/379/304
f 249/375/302 645/374/301 250/379/304
f 249/375/302 250/379/304 19/380/305
f 19/380/305 250/379/304 646/381/306
f 19/380/305 646/381/306 251/382/307
f 250/379/304 16/378/294 246/383/296
f 250/379/304 246/383/296 646/381/306
f 646/381/306 246/383/296 139/384/298
f 646/381/306 139/384/298 252/385/308
f 251/382/307 646/381/306 252/385/308
f 251/382/307 252/385/308 140/386/309
f 22/387/310 253/388/311 647/389/312
f 22/387/310 647/389/312 254/390/313
f 253/388/311 20/372/299 249/375/302
f 253/388/311 249/375/302 647/389/312
f 647/389/312 249/375/302 19/380/305
f 647/389/312 19/380/305 255/391/314
f 254/390/313 647/389/312 255/391/314
f 254/390/313 255/391/314 21/392/315
f 21/392/315 255/391/314 648/393/316
f 21/392/315 648/393/316 256/394/317
f 255/391/314 19/380/305 251/382/307
f 255/391/314 251/382/307 648/393/316
f 648/393/316 251/382/307 140/386/309
f 648/393/316 140/386/309 257/395/318
f 256/394/317 648/393/316 257/395/318
f 256/394/317 257/395/318 141/396/319
f 24/397/320 258/398/321 649/399/322
f 24/397/320 649/399/322 259/400/323
f 258/398/321 22/387/310 254/390/313
f 258/398/321 254/390/313 649/399/322
f 649/399/322 254/390/313 21/392/315
f 649/399/322 21/392/315 260/401/324
f 259/400/323 649/399/322 260/401/324
f 259/400/323 260/401/324 23/402/325
f 23/402/325 260/401/324 650/403/326
f 23/402/325 650/403/326 261/404/327
f 260/401/324 21/392/315 256/394/317
f 260/401/324 256/394/317 650/403/326
f 650/403/326 256/394/317 141/396/319
f 650/403/326 141/396/319 262/405/328
f 261/404/327 650/403/326 262/405/328
f 261/404/327 262/405/328 142/406/329
f 26/407/330 263/408/331 651/409/332
f 26/407/330 651/409/332 264/410/333
f 263/408/331 24/397/320 259/400/323
f 263/408/331 259/400/323 651/409/332
f 651/409/332 259/400/323 23/402/325
f 651/409/332 23/402/325 265/411/334
f 264/410/333 651/409/332 265/411/334
f 264/410/333 265/411/334 25/412/335
f 25/412/335 265/411/334 652/413/336
f 25/412/335 652/413/336 266/414/337
f 265/411/334 23/402/325 261/404/327
f 265/411/334 261/404/327 652/413/336
f 652/413/336 261/404/327 142/406/329
f 652/413/336 142/406/329 267/415/338
f 266/414/337 652/413/336 267/415/338
f 266/414/337 267/415/338 143/416/339
f 28/417/340 268/418/341 653/419/342
f 28/417/340 653/419/342 269/420/343
f 268/418/341 26/407/330 264/410/333
f 268/418/341 264/410/333 653/419/342
f 653/419/342 264/410/333 25/412/335
f 653/419/342 25/412/335 270/421/344
f 269/420/343 653/419/342 270/421/344
f 269/420/343 270/421/344 27/422/345
f 27/422/345 270/421/344 654/423/346
f 27/422/345 654/423/346 271/424/347
f 270/421/344 25/412/335 266/414/337
f 270/421/344 266/414/337 654/423/346
f 654/423/346 266/414/337 143/416/339
f 654/423/346 143/416/339 272/425/348
f 271/424/347 654/423/346 272/425/348
f 271/424/347 272/425/348 144/426/349
f 30/427/350 273/428/351 655/429/352
f 30/427/350 655/429/352 274/430/353
f 273/428/351 28/417/340 269/420/343
f 273/428/351 269/420/343 655/429/352
f 655/429/352 269/420/343 27/422/345
f 655/429/352 27/422/345 275/431/354
f 274/430/353 655/429/352 275/431/354
f 274/430/353 275/431/354 29/432/355
f 29/432/355 275/431/354 656/433/356
f 29/432/355 656/433/356 276/434/357
f 275/431/354 27/422/345 271/424/347
f 275/431/354 271/424/347 656/433/356
f 656/433/356 271/424/347 144/426/349
f 656/433/356 144/426/349 277/435/358
f 276/434/357 656/433/356 277/435/358
f 276/434/357 277/435/358 145/436/359
f 32/437/360 278/438/361 657/439/362
f 32/437/360 657/439/362 279/440/363
f 278/438/361 30/427/350 274/430/353
f 278/438/361 274/430/353 657/439/362
f 657/439/362 274/430/353 29/432/355
f 657/439/362 29/432/355 280/441/364
f 279/440/363 657/439/362 280/441/364
f 279/440/363 280/441/364 31/442/365
f 31/442/365 280/441/364 658/443/366
f 31/442/365 658/443/366 281/444/367
f 280/441/364 29/432/355 276/434/357
f 280/441/364 276/434/357 658/443/366
f 658/443/366 276/434/357 145/436/359
f 658/443/366 145/436/359 282/445/368
f 281/444/367 658/443/366 282/445/368
f 281/444/367 282/445/368 146/446/369
f 34/447/370 283/448/371 659/449/372
f 34/447/370 659/449/372 284/450/373
f 283/448/371 32/437/360 279/440/363
f 283/448/371 279/440/363 659/449/372
f 659/449/372 279/440/363 31/442/365
f 659/449/372 31/442/365 285/451/374
f 284/450/373 659/449/372 285/451/374
f 284/450/373 285/451/374 33/452/375
f 33/452/375 285/451/374 660/453/376
f 33/452/375 660/453/376 286/454/377
f 285/451/374 31/442/365 281/444/367
f 285/451/374 281/444/367 660/453/376
f 660/453/376 281/444/367 146/446/369
f 660/453/376 146/446/369 287/455/378
f 286/454/377 660/453/376 287/455/378
f 286/454/377 287/455/378 147/456/379
f 36/457/380 288/458/381 661/459/382
f 36/457/380 661/459/382 289/460/383
f 288/458/381 34/447/370 284/450/373
f 288/458/381 284/450/373 661/459/382
f 661/459/382 284/450/373 33/452/375
f 661/459/382 33/452/375 290/461/384
f 289/460/383 661/459/382 290/461/384
f 289/460/383 290/461/384 35/462/385
f 35/462/385 290/461/384 662/463/386
f 35/462/385 662/463/386 291/464/387
f 290/461/384 33/452/375 286/454/377
f 290/461/384 286/454/377 662/463/386
f 662/463/386 286/454/377 147/456/379
f 662/463/386 147/456/379 292/465/388
f 291/464/387 662/463/386 292/465/388
f 291/464/387 292/465/388 148/466/389
f 38/467/390 293/468/391 663/469/392
f 38/467/390 663/469/392 294/470/393
f 293/468/391 36/457/380 289/460/383
f 293/468/391 289/460/383 663/469/392
f 663/469/392 289/460/383 35/462/385
f 663/469/392 35/462/385 295/471/394
f 294/470/393 663/469/392 295/471/394
f 294/470/393 295/471/394 37/472/395
f 37/472/395 295/471/394 664/473/396
f 37/472/395 664/473/396 296/474/397
f 295/471/394 35/462/385 291/464/387
f 295/471/394 291/464/387 664/473/396
f 664/473/396 291/464/387 148/466/389
f 664/473/396 148/466/389 297/475/398
f 296/474/397 664/473/396 297/475/398
f 296/474/397 297/475/398 149/476/399
f 40/477/400 298/478/401 665/479/402
f 40/477/400 665/479/402 299/480/403
f 298/478/401 38/467/390 294/470/393
f 298/478/401 294/470/393 665/479/402
f 665/479/402 294/470/393 37/472/395
f 665/479/402 37/472/395 300/481/404
f 299/480/403 665/479/402 300/481/404
f 299/480/403 300/481/404 39/482/405
f 39/482/405 300/481/404 666/483/406
f 39/482/405 666/483/406 301/484/407
f 300/481/404 37/472/395 296/474/397
f 300/481/404 296/474/397 666/483/406
f 666/483/406 296/474/397 149/476/399
f 666/483/406 149/476/399 302/485/408
f 301/484/407 666/483/406 302/485/408
f 301/484/407 302/485/408 150/486/409
f 44/487/410 303/488/411 667/489/412
f 44/487/410 667/489/412 305/490/413
f 303/488/411 40/477/400 299/480/403
f 303/488/411 299/480/403 667/489/412
f 667/489/412 299/480/403 39/482/405
f 667/489/412 39/482/405 306/491/414
f 305/490/413 667/489/412 306/491/414
f 305/490/413 306/491/414 42/492/415
f 42/492/415 306/491/414 668/493/416
f 42/492/415 668/493/416 308/494/417
f 306/491/414 39/482/405 301/484/407
f 306/491/414 301/484/407 668/493/416
f 668/493/416 301/484/407 150/486/409
f 668/493/416 150/486/409 309/495/418
f 308/494/417 668/493/416 309/495/418
f 308/494/417 309/495/418 152/496/419
f 46/497/420 310/498/421 669/499/422
f 46/497/420 669/499/422 311/500/423
f 310/498/421 43/501/410 304/502/424
f 310/498/421 304/502/424 669/499/422
f 669/499/422 304/502/424 41/503/425
f 669/499/422 41/503/425 312/504/426
f 311/500/423 669/499/422 312/504/426
f 311/500/423 312/504/426 45/505/427
f 45/505/427 312/504/426 670/506/428
f 45/505/427 670/506/428 313/507/429
f 312/504/426 41/503/425 307/508/417
f 312/504/426 307/508/417 670/506/428
f 670/506/428 307/508/417 151/509/419
f 670/506/428 151/509/419 314/510/430
f 313/507/429 670/506/428 314/510/430
f 313/507/429 314/510/430 153/511/431
f 48/512/432 315/513/433 671/514/434
f 48/512/432 671/514/434 316/515/435
f 315/513/433 46/497/420 311/500/423
f 315/513/433 311/500/423 671/514/434
f 671/514/434 311/500/423 45/505/427
f 671/514/434 45/505/427 317/516/436
f 316/515/435 671/514/434 317/516/436
f 316/515/435 317/516/436 47/517/437
f 47/517/437 317/516/436 672/518/438
f 47/517/437 672/518/438 318/519/439
f 317/516/436 45/505/427 313/507/429
f 317/516/436 313/507/429 672/518/438
f 672/518/438 313/507/429 153/511/431
f 672/518/438 153/511/431 319/520/440
f 318/519/439 672/518/438 319/520/440
f 318/519/439 319/520/440 154/521/441
f 50/522/442 320/523/443 673/524/444
f 50/522/442 673/524/444 321/525/445
f 320/523/443 48/512/432 316/515/435
f 320/523/443 316/515/435 673/524/444
f 673/524/444 316/515/435 47/517/437
f 673/524/444 47/517/437 322/526/446
f 321/525/445 673/524/444 322/526/446
f 321/525/445 322/526/446 49/527/447
f 49/527/447 322/526/446 674/528/448
f 49/527/447 674/528/448 323/529/449
f 322/526/446 47/517/437 318/519/439
f 322/526/446 318/519/439 674/528/448
f 674/528/448 318/519/439 154/521/441
f 674/528/448 154/521/441 324/530/450
f 323/529/449 674/528/448 324/530/450
f 323/529/449 324/530/450 155/531/451
f 52/532/452 325/533/453 675/534/454
f 52/532/452 675/534/454 326/535/455
f 325/533/453 50/522/442 321/525/445
f 325/533/453 321/525/445 675/534/454
f 675/534/454 321/525/445 49/527/447
f 675/534/454 49/527/447 327/536/456
f 326/535/455 675/534/454 327/536/456
f 326/535/455 327/536/456 51/537/457
f 51/537/457 327/536/456 676/538/458
f 51/537/457 676/538/458 328/539/459
f 327/536/456 49/527/447 323/529/449
f 327/536/456 323/529/449 676/538/458
f 676/538/458 323/529/449 155/531/451
f 676/538/458 155/531/451 329/540/460
f 328/539/459 676/538/458 329/540/460
f 328/539/459 329/540/460 156/541/461
f 14/352/279 625/542/462 677/543/463
f 14/352/279 677/543/463 236/353/280
f 625/542/462 71/544/464 376/545/465
f 625/542/462 376/545/465 677/543/463
f 677/543/463 376/545/465 68/546/466
f 677/543/463 68/546/466 624/547/467
f 236/353/280 677/543/463 624/547/467
f 236/353/280 624/547/467 12/342/269
f 2/301/228 330/548/468 678/549/469
f 2/301/228 678/549/469 211/302/229
f 330/548/468 52/532/452 326/535/455
f 330/548/468 326/535/455 678/549/469
f 678/549/469 326/535/455 51/537/457
f 678/549/469 51/537/457 331/550/470
f 211/302/229 678/549/469 331/550/470
f 211/302/229 331/550/470 1/303/230
f 1/303/230 331/550/470 679/551/471
f 1/303/230 679/551/471 214/308/235
f 331/550/470 51/537/457 328/539/459
f 331/550/470 328/539/459 679/551/471
f 679/551/471 328/539/459 156/541/461
f 679/551/471 156/541/461 332/552/472
f 214/308/235 679/551/471 332/552/472
f 214/308/235 332/552/472 131/309/236
f 53/553/473 334/554/474 680/555/475
f 53/553/473 680/555/475 333/556/476
f 334/554/474 56/557/477 335/558/478
f 334/554/474 335/558/478 680/555/475
f 680/555/475 335/558/478 57/559/479
f 680/555/475 57/559/479 336/560/480
f 333/556/476 680/555/475 336/560/480
f 333/556/476 336/560/480 55/561/481
f 55/561/481 336/560/480 681/562/482
f 55/561/481 681/562/482 337/563/483
f 336/560/480 57/559/479 338/564/484
f 336/560/480 338/564/484 681/562/482
f 681/562/482 338/564/484 58/565/485
f 681/562/482 58/565/485 339/566/486
f 337/563/483 681/562/482 339/566/486
f 337/563/483 339/566/486 54/567/487
f 54/567/487 339/566/486 682/568/488
f 54/567/487 682/568/488 340/569/489
f 339/566/486 58/565/485 341/570/490
f 339/566/486 341/570/490 682/568/488
f 682/568/488 341/570/490 157/571/491
f 682/568/488 157/571/491 342/572/492
f 340/569/489 682/568/488 342/572/492
f 340/569/489 342/572/492 159/573/493
f 56/557/477 344/574/494 683/575/495
f 56/557/477 683/575/495 335/558/478
f 344/574/494 59/576/496 345/577/497
f 344/574/494 345/577/497 683/575/495
f 683/575/495 345/577/497 60/578/498
f 683/575/495 60/578/498 346/579/499
f 335/558/478 683/575/495 346/579/499
f 335/558/478 346/579/499 57/559/479
f 57/559/479 346/579/499 684/580/500
f 57/559/479 684/580/500 338/564/484
f 346/579/499 60/578/498 347/581/501
f 346/579/499 347/581/501 684/580/500
f 684/580/500 347/581/501 61/582/502
f 684/580/500 61/582/502 348/583/503
f 338/564/484 684/580/500 348/583/503
f 338/564/484 348/583/503 58/565/485
f 58/565/485 348/583/503 685/584/504
f 58/565/485 685/584/504 341/570/490
f 348/583/503 61/582/502 349/585/505
f 348/583/503 349/585/505 685/584/504
f 685/584/504 349/585/505 161/586/506
f 685/584/504 161/586/506 350/587/507
f 341/570/490 685/584/504 350/587/507
f 341/570/490 350/587/507 157/571/491
f 59/576/496 352/588/508 686/589/509
f 59/576/496 686/589/509 345/577/497
f 352/588/508 62/590/510 353/591/511
f 352/588/508 353/591/511 686/589/509
f 686/589/509 353/591/511 63/592/512
f 686/589/509 63/592/512 354/593/513
f 345/577/497 686/589/509 354/593/513
f 345/577/497 354/593/513 60/578/498
f 60/578/498 354/593/513 687/594/514
f 60/578/498 687/594/514 347/581/501
f 354/593/513 63/592/512 355/595/515
f 354/593/513 355/595/515 687/594/514
f 687/594/514 355/595/515 64/596/516
f 687/594/514 64/596/516 356/597/517
f 347/581/501 687/594/514 356/597/517
f 347/581/501 356/597/517 61/582/502
f 61/582/502 356/597/517 688/598/518
f 61/582/502 688/598/518 349/585/505
f 356/597/517 64/596/516 357/599/519
f 356/597/517 357/599/519 688/598/518
f 688/598/518 357/599/519 163/600/520
f 688/598/518 163/600/520 358/601/521
f 349/585/505 688/598/518 358/601/521
f 349/585/505 358/601/521 161/586/506
f 62/590/510 360/602/522 689/603/523
f 62/590/510 689/603/523 353/591/511
f 360/602/522 65/604/524 361/605/525
f 360/602/522 361/605/525 689/603/523
f 689/603/523 361/605/525 66/606/526
f 689/603/523 66/606/526 362/607/527
f 353/591/511 689/603/523 362/607/527
f 353/591/511 362/607/527 63/592/512
f 63/592/512 362/607/527 690/608/528
f 63/592/512 690/608/528 355/595/515
f 362/607/527 66/606/526 363/609/529
f 362/607/527 363/609/529 690/608/528
f 690/608/528 363/609/529 67/610/530
f 690/608/528 67/610/530 364/611/531
f 355/595/515 690/608/528 364/611/531
f 355/595/515 364/611/531 64/596/516
f 64/596/516 364/611/531 691/612/532
f 64/596/516 691/612/532 357/599/519
f 364/611/531 67/610/530 365/613/533
f 364/611/531 365/613/533 691/612/532
f 691/612/532 365/613/533 165/614/534
f 691/612/532 165/614/534 366/615/535
f 357/599/519 691/612/532 366/615/535
f 357/599/519 366/615/535 163/600/520
f 65/604/524 368/616/536 692/617/537
f 65/604/524 692/617/537 361/605/525
f 368/616/536 68/546/466 369/618/538
f 368/616/536 369/618/538 692/617/537
f 692/617/537 369/618/538 69/619/539
f 692/617/537 69/619/539 370/620/540
f 361/605/525 692/617/537 370/620/540
f 361/605/525 370/620/540 66/606/526
f 66/606/526 370/620/540 693/621/541
f 66/606/526 693/621/541 363/609/529
f 370/620/540 69/619/539 371/622/542
f 370/620/540 371/622/542 693/621/541
f 693/621/541 371/622/542 70/623/543
f 693/621/541 70/623/543 372/624/544
f 363/609/529 693/621/541 372/624/544
f 363/609/529 372/624/544 67/610/530
f 67/610/530 372/624/544 694/625/545
f 67/610/530 694/625/545 365/613/533
f 372/624/544 70/623/543 373/626/546
f 372/624/544 373/626/546 694/625/545
f 694/625/545 373/626/546 167/627/547
f 694/625/545 167/627/547 374/628/548
f 365/613/533 694/625/545 374/628/548
f 365/613/533 374/628/548 165/614/534
f 68/546/466 376/545/465 695/629/549
f 68/546/466 695/629/549 369/618/538
f 376/545/465 71/544/464 377/630/550
f 376/545/465 377/630/550 695/629/549
f 695/629/549 377/630/550 72/631/551
f 695/629/549 72/631/551 378/632/552
f 369/618/538 695/629/549 378/632/552
f 369/618/538 378/632/552 69/619/539
f 69/619/539 378/632/552 696/633/553
f 69/619/539 696/633/553 371/622/542
f 378/632/552 72/631/551 379/634/554
f 378/632/552 379/634/554 696/633/553
f 696/633/553 379/634/554 73/635/555
f 696/633/553 73/635/555 380/636/556
f 371/622/542 696/633/553 380/636/556
f 371/622/542 380/636/556 70/623/543
f 70/623/543 380/636/556 697/637/557
f 70/623/543 697/637/557 373/626/546
f 380/636/556 73/635/555 381/638/558
f 380/636/556 381/638/558 697/637/557
f 697/637/557 381/638/558 170/639/559
f 697/637/557 170/639/559 383/640/560
f 373/626/546 697/637/557 383/640/560
f 373/626/546 383/640/560 167/627/547
f 71/544/464 384/641/561 698/642/562
f 71/544/464 698/642/562 377/630/550
f 384/641/561 75/643/563 386/644/564
f 384/641/561 386/644/564 698/642/562
f 698/642/562 386/644/564 77/645/565
f 698/642/562 77/645/565 387/646/566
f 377/630/550 698/642/562 387/646/566
f 377/630/550 387/646/566 72/631/551
f 72/631/551 387/646/566 699/647/567
f 72/631/551 699/647/567 379/634/554
f 387/646/566 77/645/565 389/648/568
f 387/646/566 389/648/568 699/647/567
f 699/647/567 389/648/568 79/649/569
f 699/647/567 79/649/569 390/650/570
f 379/634/554 699/647/567 390/650/570
f 379/634/554 390/650/570 73/635/555
f 73/635/555 390/650/570 700/651/571
f 73/635/555 700/651/571 381/638/558
f 390/650/570 79/649/569 392/652/572
f 390/650/570 392/652/572 700/651/571
f 700/651/571 392/652/572 172/653/573
f 700/651/571 172/653/573 394/654/574
f 381/638/558 700/651/571 394/654/574
f 381/638/558 394/654/574 170/639/559
f 74/655/563 395/656/575 701/657/576
f 74/655/563 701/657/576 385/658/564
f 395/656/575 80/659/577 396/660/578
f 395/656/575 396/660/578 701/657/576
f 701/657/576 396/660/578 81/661/579
f 701/657/576 81/661/579 397/662/580
f 385/658/564 701/657/576 397/662/580
f 385/658/564 397/662/580 76/663/565
f 76/663/565 397/662/580 702/664/581
f 76/663/565 702/664/581 388/665/568
f 397/662/580 81/661/579 398/666/582
f 397/662/580 398/666/582 702/664/581
f 702/664/581 398/666/582 82/667/583
f 702/664/581 82/667/583 399/668/584
f 388/665/568 702/664/581 399/668/584
f 388/665/568 399/668/584 78/669/585
f 78/669/585 399/668/584 703/670/586
f 78/669/585 703/670/586 391/671/587
f 399/668/584 82/667/583 400/672/588
f 399/668/584 400/672/588 703/670/586
f 703/670/586 400/672/588 174/673/589
f 703/670/586 174/673/589 401/674/590
f 391/671/587 703/670/586 401/674/590
f 391/671/587 401/674/590 171/675/573
f 80/659/577 403/676/591 704/677/592
f 80/659/577 704/677/592 396/660/578
f 403/676/591 83/678/593 404/679/594
f 403/676/591 404/679/594 704/677/592
f 704/677/592 404/679/594 84/680/595
f 704/677/592 84/680/595 405/681/596
f 396/660/578 704/677/592 405/681/596
f 396/660/578 405/681/596 81/661/579
f 81/661/579 405/681/596 705/682/597
f 81/661/579 705/682/597 398/666/582
f 405/681/596 84/680/595 406/683/598
f 405/681/596 406/683/598 705/682/597
f 705/682/597 406/683/598 85/684/599
f 705/682/597 85/684/599 407/685/600
f 398/666/582 705/682/597 407/685/600
f 398/666/582 407/685/600 82/667/583
f 82/667/583 407/685/600 706/686/601
f 82/667/583 706/686/601 400/672/588
f 407/685/600 85/684/599 408/687/602
f 407/685/600 408/687/602 706/686/601
f 706/686/601 408/687/602 176/688/603
f 706/686/601 176/688/603 409/689/604
f 400/672/588 706/686/601 409/689/604
f 400/672/588 409/689/604 174/673/589
f 83/678/593 411/690/605 707/691/606
f 83/678/593 707/691/606 404/679/594
f 411/690/605 86/692/607 412/693/608
f 411/690/605 412/693/608 707/691/606
f 707/691/606 412/693/608 87/694/609
f 707/691/606 87/694/609 413/695/610
f 404/679/594 707/691/606 413/695/610
f 404/679/594 413/695/610 84/680/595
f 84/680/595 413/695/610 708/696/611
f 84/680/595 708/696/611 406/683/598
f 413/695/610 87/694/609 414/697/612
f 413/695/610 414/697/612 708/696/611
f 708/696/611 414/697/612 88/698/613
f 708/696/611 88/698/613 415/699/614
f 406/683/598 708/696/611 415/699/614
f 406/683/598 415/699/614 85/684/599
f 85/684/599 415/699/614 709/700/615
f 85/684/599 709/700/615 408/687/602
f 415/699/614 88/698/613 416/701/616
f 415/699/614 416/701/616 709/700/615
f 709/700/615 416/701/616 178/702/617
f 709/700/615 178/702/617 417/703/618
f 408/687/602 709/700/615 417/703/618
f 408/687/602 417/703/618 176/688/603
f 86/692/607 419/704/619 710/705/620
f 86/692/607 710/705/620 412/693/608
f 419/704/619 89/706/621 420/707/622
f 419/704/619 420/707/622 710/705/620
f 710/705/620 420/707/622 90/708/623
f 710/705/620 90/708/623 421/709/624
f 412/693/608 710/705/620 421/709/624
f 412/693/608 421/709/624 87/694/609
f 87/694/609 421/709/624 711/710/625
f 87/694/609 711/710/625 414/697/612
f 421/709/624 90/708/623 422/711/626
f 421/709/624 422/711/626 711/710/625
f 711/710/625 422/711/626 91/712/627
f 711/710/625 91/712/627 423/713/628
f 414/697/612 711/710/625 423/713/628
f 414/697/612 423/713/628 88/698/613
f 88/698/613 423/713/628 712/714/629
f 88/698/613 712/714/629 416/701/616
f 423/713/628 91/712/627 424/715/630
f 423/713/628 424/715/630 712/714/629
f 712/714/629 424/715/630 180/716/631
f 712/714/629 180/716/631 425/717/632
f 416/701/616 712/714/629 425/717/632
f 416/701/616 425/717/632 178/702/617
f 89/706/621 427/718/633 713/719/634
f 89/706/621 713/719/634 420/707/622
f 427/718/633 92/720/635 428/721/636
f 427/718/633 428/721/636 713/719/634
f 713/719/634 428/721/636 93/722/637
f 713/719/634 93/722/637 429/723/638
f 420/707/622 713/719/634 429/723/638
f 420/707/622 429/723/638 90/708/623
f 90/708/623 429/723/638 714/724/639
f 90/708/623 714/724/639 422/711/626
f 429/723/638 93/722/637 430/725/640
f 429/723/638 430/725/640 714/724/639
f 714/724/639 430/725/640 94/726/641
f 714/724/639 94/726/641 431/727/642
f 422/711/626 714/724/639 431/727/642
f 422/711/626 431/727/642 91/712/627
f 91/712/627 431/727/642 715/728/643
f 91/712/627 715/728/643 424/715/630
f 431/727/642 94/726/641 432/729/644
f 431/727/642 432/729/644 715/728/643
f 715/728/643 432/729/644 182/730/645
f 715/728/643 182/730/645 433/731/646
f 424/715/630 715/728/643 433/731/646
f 424/715/630 433/731/646 180/716/631
f 92/720/635 435/732/647 716/733/648
f 92/720/635 716/733/648 428/721/636
f 435/732/647 95/734/649 436/735/650
f 435/732/647 436/735/650 716/733/648
f 716/733/648 436/735/650 96/736/651
f 716/733/648 96/736/651 437/737/652
f 428/721/636 716/733/648 437/737/652
f 428/721/636 437/737/652 93/722/637
f 93/722/637 437/737/652 717/738/653
f 93/722/637 717/738/653 430/725/640
f 437/737/652 96/736/651 438/739/654
f 437/737/652 438/739/654 717/738/653
f 717/738/653 438/739/654 97/740/655
f 717/738/653 97/740/655 439/741/656
f 430/725/640 717/738/653 439/741/656
f 430/725/640 439/741/656 94/726/641
f 94/726/641 439/741/656 718/742/657
f 94/726/641 718/742/657 432/729/644
f 439/741/656 97/740/655 440/743/658
f 439/741/656 440/743/658 718/742/657
f 718/742/657 440/743/658 184/744/659
f 718/742/657 184/744/659 441/745/660
f 432/729/644 718/742/657 441/745/660
f 432/729/644 441/745/660 182/730/645
f 95/734/649 443/746/661 719/747/662
f 95/734/649 719/747/662 436/735/650
f 443/746/661 98/748/663 444/749/664
f 443/746/661 444/749/664 719/747/662
f 719/747/662 444/749/664 99/750/665
f 719/747/662 99/750/665 445/751/666
f 436/735/650 719/747/662 445/751/666
f 436/735/650 445/751/666 96/736/651
f 96/736/651 445/751/666 720/752/667
f 96/736/651 720/752/667 438/739/654
f 445/751/666 99/750/665 446/753/668
f 445/751/666 446/753/668 720/752/667
f 720/752/667 446/753/668 100/754/669
f 720/752/667 100/754/669 447/755/670
f 438/739/654 720/752/667 447/755/670
f 438/739/654 447/755/670 97/740/655
f 97/740/655 447/755/670 721/756/671
f 97/740/655 721/756/671 440/743/658
f 447/755/670 100/754/669 448/757/672
f 447/755/670 448/757/672 721/756/671
f 721/756/671 448/757/672 186/758/673
f 721/756/671 186/758/673 449/759/674
f 440/743/658 721/756/671 449/759/674
f 440/743/658 449/759/674 184/744/659
f 98/748/663 451/760/675 722/761/676
f 98/748/663 722/761/676 444/749/664
f 451/760/675 101/762/677 452/763/678
f 451/760/675 452/763/678 722/761/676
f 722/761/676 452/763/678 102/764/679
f 722/761/676 102/764/679 453/765/680
f 444/749/664 722/761/676 453/765/680
f 444/749/664 453/765/680 99/750/665
f 99/750/665 453/765/680 723/766/681
f 99/750/665 723/766/681 446/753/668
f 453/765/680 102/764/679 454/767/682
f 453/765/680 454/767/682 723/766/681
f 723/766/681 454/767/682 103/768/683
f 723/766/681 103/768/683 455/769/684
f 446/753/668 723/766/681 455/769/684
f 446/753/668 455/769/684 100/754/669
f 100/754/669 455/769/684 724/770/685
f 100/754/669 724/770/685 448/757/672
f 455/769/684 103/768/683 456/771/686
f 455/769/684 456/771/686 724/770/685
f 724/770/685 456/771/686 188/772/687
f 724/770/685 188/772/687 457/773/688
f 448/757/672 724/770/685 457/773/688
f 448/757/672 457/773/688 186/758/673
f 101/762/677 459/774/689 725/775/690
f 101/762/677 725/775/690 452/763/678
f 459/774/689 104/776/691 460/777/692
f 459/774/689 460/777/692 725/775/690
f 725/775/690 460/777/692 105/778/693
f 725/775/690 105/778/693 461/779/694
f 452/763/678 725/775/690 461/779/694
f 452/763/678 461/779/694 102/764/679
f 102/764/679 461/779/694 726/780/695
f 102/764/679 726/780/695 454/767/682
f 461/779/694 105/778/693 462/781/696
f 461/779/694 462/781/696 726/780/695
f 726/780/695 462/781/696 106/782/697
f 726/780/695 106/782/697 463/783/698
f 454/767/682 726/780/695 463/783/698
f 454/767/682 463/783/698 103/768/683
f 103/768/683 463/783/698 727/784/699
f 103/768/683 727/784/699 456/771/686
f 463/783/698 106/782/697 464/785/700
f 463/783/698 464/785/700 727/784/699
f 727/784/699 464/785/700 190/786/701
f 727/784/699 190/786/701 465/787/702
f 456/771/686 727/784/699 465/787/702
f 456/771/686 465/787/702 188/772/687
f 104/776/691 467/788/703 728/789/704
f 104/776/691 728/789/704 460/777/692
f 467/788/703 107/790/705 468/791/706
f 467/788/703 468/791/706 728/789/704
f 728/789/704 468/791/706 108/792/707
f 728/789/704 108/792/707 469/793/708
f 460/777/692 728/789/704 469/793/708
f 460/777/692 469/793/708 105/778/693
f 105/778/693 469/793/708 729/794/709
f 105/778/693 729/794/709 462/781/696
f 469/793/708 108/792/707 470/795/710
f 469/793/708 470/795/710 729/794/709
f 729/794/709 470/795/710 109/796/711
f 729/794/709 109/796/711 471/797/712
f 462/781/696 729/794/709 471/797/712
f 462/781/696 471/797/712 106/782/697
f 106/782/697 471/797/712 730/798/713
f 106/782/697 730/798/713 464/785/700
f 471/797/712 109/796/711 472/799/714
f 471/797/712 472/799/714 730/798/713
f 730/798/713 472/799/714 192/800/715
f 730/798/713 192/800/715 473/801/716
f 464/785/700 730/798/713 473/801/716
f 464/785/700 473/801/716 190/786/701
f 107/790/705 475/802/717 731/803/718
f 107/790/705 731/803/718 468/791/706
f 475/802/717 110/804/719 476/805/720
f 475/802/717 476/805/720 731/803/718
f 731/803/718 476/805/720 111/806/721
f 731/803/718 111/806/721 477/807/722
f 468/791/706 731/803/718 477/807/722
f 468/791/706 477/807/722 108/792/707
f 108/792/707 477/807/722 732/808/723
f 108/792/707 732/808/723 470/795/710
f 477/807/722 111/806/721 478/809/724
f 477/807/722 478/809/724 732/808/723
f 732/808/723 478/809/724 112/810/725
f 732/808/723 112/810/725 479/811/726
f 470/795/710 732/808/723 479/811/726
f 470/795/710 479/811/726 109/796/711
f 109/796/711 479/811/726 733/812/727
f 109/796/711 733/812/727 472/799/714
f 479/811/726 112/810/725 480/813/728
f 479/811/726 480/813/728 733/812/727
f 733/812/727 480/813/728 194/814/729
f 733/812/727 194/814/729 481/815/730
f 472/799/714 733/812/727 481/815/730
f 472/799/714 481/815/730 192/800/715
f 110/804/719 483/816/731 734/817/732
f 110/804/719 734/817/732 476/805/720
f 483/816/731 113/818/733 484/819/734
f 483/816/731 484/819/734 734/817/732
f 734/817/732 484/819/734 115/820/735
f 734/817/732 115/820/735 486/821/736
f 476/805/720 734/817/732 486/821/736
f 476/805/720 486/821/736 111/806/721
f 111/806/721 486/821/736 735/822/737
f 111/806/721 735/822/737 478/809/724
f 486/821/736 115/820/735 487/823/738
f 486/821/736 487/823/738 735/822/737
f 735/822/737 487/823/738 117/824/739
f 735/822/737 117/824/739 489/825/740
f 478/809/724 735/822/737 489/825/740
f 478/809/724 489/825/740 112/810/725
f 112/810/725 489/825/740 736/826/741
f 112/810/725 736/826/741 480/813/728
f 489/825/740 117/824/739 490/827/742
f 489/825/740 490/827/742 736/826/741
f 736/826/741 490/827/742 196/828/743
f 736/826/741 196/828/743 492/829/744
f 480/813/728 736/826/741 492/829/744
f 480/813/728 492/829/744 194/814/729
f 114/830/733 494/831/745 737/832/746
f 114/830/733 737/832/746 485/833/747
f 494/831/745 119/834/748 495/835/749
f 494/831/745 495/835/749 737/832/746
f 737/832/746 495/835/749 120/836/750
f 737/832/746 120/836/750 496/837/751
f 485/833/747 737/832/746 496/837/751
f 485/833/747 496/837/751 116/838/735
f 116/838/735 496/837/751 738/839/752
f 116/838/735 738/839/752 488/840/738
f 496/837/751 120/836/750 497/841/753
f 496/837/751 497/841/753 738/839/752
f 738/839/752 497/841/753 121/842/754
f 738/839/752 121/842/754 498/843/755
f 488/840/738 738/839/752 498/843/755
f 488/840/738 498/843/755 118/844/756
f 118/844/756 498/843/755 739/845/757
f 118/844/756 739/845/757 491/846/742
f 498/843/755 121/842/754 499/847/758
f 498/843/755 499/847/758 739/845/757
f 739/845/757 499/847/758 199/848/759
f 739/845/757 199/848/759 500/849/760
f 491/846/742 739/845/757 500/849/760
f 491/846/742 500/849/760 197/850/743
f 119/834/748 502/851/761 740/852/762
f 119/834/748 740/852/762 495/835/749
f 502/851/761 122/853/763 503/854/764
f 502/851/761 503/854/764 740/852/762
f 740/852/762 503/854/764 123/855/765
f 740/852/762 123/855/765 504/856/766
f 495/835/749 740/852/762 504/856/766
f 495/835/749 504/856/766 120/836/750
f 120/836/750 504/856/766 741/857/767
f 120/836/750 741/857/767 497/841/753
f 504/856/766 123/855/765 505/858/768
f 504/856/766 505/858/768 741/857/767
f 741/857/767 505/858/768 124/859/769
f 741/857/767 124/859/769 506/860/770
f 497/841/753 741/857/767 506/860/770
f 497/841/753 506/860/770 121/842/754
f 121/842/754 506/860/770 742/861/771
f 121/842/754 742/861/771 499/847/758
f 506/860/770 124/859/769 507/862/772
f 506/860/770 507/862/772 742/861/771
f 742/861/771 507/862/772 201/863/773
f 742/861/771 201/863/773 508/864/774
f 499/847/758 742/861/771 508/864/774
f 499/847/758 508/864/774 199/848/759
f 122/853/763 510/865/775 743/866/776
f 122/853/763 743/866/776 503/854/764
f 510/865/775 125/867/777 511/868/778
f 510/865/775 511/868/778 743/866/776
f 743/866/776 511/868/778 126/869/779
f 743/866/776 126/869/779 512/870/780
f 503/854/764 743/866/776 512/870/780
f 503/854/764 512/870/780 123/855/765
f 123/855/765 512/870/780 744/871/781
f 123/855/765 744/871/781 505/858/768
f 512/870/780 126/869/779 513/872/782
f 512/870/780 513/872/782 744/871/781
f 744/871/781 513/872/782 127/873/783
f 744/871/781 127/873/783 514/874/784
f 505/858/768 744/871/781 514/874/784
f 505/858/768 514/874/784 124/859/769
f 124/859/769 514/874/784 745/875/785
f 124/859/769 745/875/785 507/862/772
f 514/874/784 127/873/783 515/876/786
f 514/874/784 515/876/786 745/875/785
f 745/875/785 515/876/786 203/877/787
f 745/875/785 203/877/787 516/878/788
f 507/862/772 745/875/785 516/878/788
f 507/862/772 516/878/788 201/863/773
f 125/867/777 518/879/789 746/880/790
f 125/867/777 746/880/790 511/868/778
f 518/879/789 128/881/791 519/882/792
f 518/879/789 519/882/792 746/880/790
f 746/880/790 519/882/792 129/883/793
f 746/880/790 129/883/793 520/884/794
f 511/868/778 746/880/790 520/884/794
f 511/868/778 520/884/794 126/869/779
f 126/869/779 520/884/794 747/885/795
f 126/869/779 747/885/795 513/872/782
f 520/884/794 129/883/793 521/886/796
f 520/884/794 521/886/796 747/885/795
f 747/885/795 521/886/796 130/887/797
f 747/885/795 130/887/797 522/888/798
f 513/872/782 747/885/795 522/888/798
f 513/872/782 522/888/798 127/873/783
f 127/873/783 522/888/798 748/889/799
f 127/873/783 748/889/799 515/876/786
f 522/888/798 130/887/797 523/890/800
f 522/888/798 523/890/800 748/889/799
f 748/889/799 523/890/800 205/891/801
f 748/889/799 205/891/801 524/892/802
f 515/876/786 748/889/799 524/892/802
f 515/876/786 524/892/802 203/877/787
f 128/881/791 526/893/803 749/894/804
f 128/881/791 749/894/804 519/882/792
f 526/893/803 53/553/473 333/556/476
f 526/893/803 333/556/476 749/894/804
f 749/894/804 333/556/476 55/561/481
f 749/894/804 55/561/481 527/895/805
f 519/882/792 749/894/804 527/895/805
f 519/882/792 527/895/805 129/883/793
f 129/883/793 527/895/805 750/896/806
f 129/883/793 750/896/806 521/886/796
f 527/895/805 55/561/481 337/563/483
f 527/895/805 337/563/483 750/896/806
f 750/896/806 337/563/483 54/567/487
f 750/896/806 54/567/487 528/897/807
f 521/886/796 750/896/806 528/897/807
f 521/886/796 528/897/807 130/887/797
f 130/887/797 528/897/807 751/898/808
f 130/887/797 751/898/808 523/890/800
f 528/897/807 54/567/487 340/569/489
f 528/897/807 340/569/489 751/898/808
f 751/898/808 340/569/489 159/573/493
f 751/898/808 159/573/493 529/899/809
f 523/890/800 751/898/808 529/899/809
f 523/890/800 529/899/809 205/891/801
f 114/830/733 608/900/810 752/901/811
f 114/830/733 752/901/811 494/831/745
f 608/900/810 43/501/410 310/498/421
f 608/900/810 310/498/421 752/901/811
f 752/901/811 310/498/421 46/497/420
f 752/901/811 46/497/420 607/902/812
f 494/831/745 752/901/811 607/902/812
f 494/831/745 607/902/812 119/834/748
f 110/804/719 610/903/813 753/904/814
f 110/804/719 753/904/814 483/816/731
f 610/903/813 40/477/400 303/488/411
f 610/903/813 303/488/411 753/904/814
f 753/904/814 303/488/411 44/487/410
f 753/904/814 44/487/410 609/905/815
f 483/816/731 753/904/814 609/905/815
f 483/816/731 609/905/815 113/818/733
f 107/790/705 611/906/816 754/907/817
f 107/790/705 754/907/817 475/802/717
f 611/906/816 38/467/390 298/478/401
f 611/906/816 298/478/401 754/907/817
f 754/907/817 298/478/401 40/477/400
f 754/907/817 40/477/400 610/903/813
f 475/802/717 754/907/817 610/903/813
f 475/802/717 610/903/813 110/804/719
f 89/706/621 617/908/818 755/909/819
f 89/706/621 755/909/819 427/718/633
f 617/908/818 26/407/330 268/418/341
f 617/908/818 268/418/341 755/909/819
f 755/909/819 268/418/341 28/417/340
f 755/909/819 28/417/340 616/910/820
f 427/718/633 755/909/819 616/910/820
f 427/718/633 616/910/820 92/720/635
f 26/407/330 617/908/818 756/911/821
f 26/407/330 756/911/821 263/408/331
f 617/908/818 89/706/621 419/704/619
f 617/908/818 419/704/619 756/911/821
f 756/911/821 419/704/619 86/692/607
f 756/911/821 86/692/607 630/912/822
f 263/408/331 756/911/821 630/912/822
f 263/408/331 630/912/822 24/397/320
f 24/397/320 630/912/822 757/913/823
f 24/397/320 757/913/823 258/398/321
f 630/912/822 86/692/607 411/690/605
f 630/912/822 411/690/605 757/913/823
f 757/913/823 411/690/605 83/678/593
f 757/913/823 83/678/593 629/914/824
f 258/398/321 757/913/823 629/914/824
f 258/398/321 629/914/824 22/387/310
f 22/387/310 629/914/824 758/915/825
f 22/387/310 758/915/825 253/388/311
f 629/914/824 83/678/593 403/676/591
f 629/914/824 403/676/591 758/915/825
f 758/915/825 403/676/591 80/659/577
f 758/915/825 80/659/577 628/916/826
f 253/388/311 758/915/825 628/916/826
f 253/388/311 628/916/826 20/372/299
f 20/372/299 628/916/826 759/917/827
f 20/372/299 759/917/827 248/373/300
f 628/916/826 80/659/577 395/656/575
f 628/916/826 395/656/575 759/917/827
f 759/917/827 395/656/575 74/655/563
f 759/917/827 74/655/563 627/918/828
f 248/373/300 759/917/827 627/918/828
f 248/373/300 627/918/828 18/376/289
f 17/362/289 626/919/829 760/920/830
f 17/362/289 760/920/830 241/363/290
f 626/919/829 75/643/563 384/641/561
f 626/919/829 384/641/561 760/920/830
f 760/920/830 384/641/561 71/544/464
f 760/920/830 71/544/464 625/542/462
f 241/363/290 760/920/830 625/542/462
f 241/363/290 625/542/462 14/352/279
f 12/342/269 624/547/467 761/921/831
f 12/342/269 761/921/831 231/343/270
f 624/547/467 68/546/466 368/616/536
f 624/547/467 368/616/536 761/921/831
f 761/921/831 368/616/536 65/604/524
f 761/921/831 65/604/524 623/922/832
f 231/343/270 761/921/831 623/922/832
f 231/343/270 623/922/832 10/332/259
f 762/923/833 533/924/834 132/311/238
f 762/923/833 132/311/238 215/310/237
f 531/925/835 762/923/833 215/310/237
f 531/925/835 215/310/237 131/309/236
f 764/926/836 535/927/837 133/321/248
f 764/926/836 133/321/248 220/320/247
f 533/924/834 764/926/836 220/320/247
f 533/924/834 220/320/247 132/311/238
f 766/928/10 537/929/12 134/331/258
f 766/928/10 134/331/258 225/330/257
f 535/927/837 766/928/10 225/330/257
f 535/927/837 225/330/257 133/321/248
f 768/930/838 539/931/839 135/341/268
f 768/930/838 135/341/268 230/340/267
f 537/929/12 768/930/838 230/340/267
f 537/929/12 230/340/267 134/331/258
f 770/932/840 541/933/841 136/351/278
f 770/932/840 136/351/278 235/350/277
f 539/931/839 770/932/840 235/350/277
f 539/931/839 235/350/277 135/341/268
f 772/934/842 543/935/843 137/361/288
f 772/934/842 137/361/288 240/360/287
f 541/933/841 772/934/842 240/360/287
f 541/933/841 240/360/287 136/351/278
f 774/936/844 546/937/845 138/371/298
f 774/936/844 138/371/298 247/370/297
f 543/935/843 774/936/844 247/370/297
f 543/935/843 247/370/297 137/361/288
f 776/938/846 548/939/847 140/386/309
f 776/938/846 140/386/309 252/385/308
f 545/940/845 776/938/846 252/385/308
f 545/940/845 252/385/308 139/384/298
f 778/941/847 550/942/22 141/396/319
f 778/941/847 141/396/319 257/395/318
f 548/939/847 778/941/847 257/395/318
f 548/939/847 257/395/318 140/386/309
f 780/943/24 552/944/848 142/406/329
f 780/943/24 142/406/329 262/405/328
f 550/942/22 780/943/24 262/405/328
f 550/942/22 262/405/328 141/396/319
f 782/945/849 554/946/26 143/416/339
f 782/945/849 143/416/339 267/415/338
f 552/944/848 782/945/849 267/415/338
f 552/944/848 267/415/338 142/406/329
f 784/947/850 556/948/851 144/426/349
f 784/947/850 144/426/349 272/425/348
f 554/946/26 784/947/850 272/425/348
f 554/946/26 272/425/348 143/416/339
f 786/949/852 558/950/853 145/436/359
f 786/949/852 145/436/359 277/435/358
f 556/948/851 786/949/852 277/435/358
f 556/948/851 277/435/358 144/426/349
f 788/951/854 561/952/855 146/446/369
f 788/951/854 146/446/369 282/445/368
f 558/950/853 788/951/854 282/445/368
f 558/950/853 282/445/368 145/436/359
f 791/953/856 563/954/32 147/456/379
f 791/953/856 147/456/379 287/455/378
f 561/952/855 791/953/856 287/455/378
f 561/952/855 287/455/378 146/446/369
f 793/955/857 565/956/858 148/466/389
f 793/955/857 148/466/389 292/465/388
f 563/954/32 793/955/857 292/465/388
f 563/954/32 292/465/388 147/456/379
f 795/957/859 567/958/36 149/476/399
f 795/957/859 149/476/399 297/475/398
f 565/956/858 795/957/859 297/475/398
f 565/956/858 297/475/398 148/466/389
f 797/959/860 569/960/861 150/486/409
f 797/959/860 150/486/409 302/485/408
f 567/958/36 797/959/860 302/485/408
f 567/958/36 302/485/408 149/476/399
f 799/961/862 572/962/40 152/496/419
f 799/961/862 152/496/419 309/495/418
f 569/960/861 799/961/862 309/495/418
f 569/960/861 309/495/418 150/486/409
f 801/963/863 574/964/864 153/511/431
f 801/963/863 153/511/431 314/510/430
f 571/965/865 801/963/863 314/510/430
f 571/965/865 314/510/430 151/509/419
f 803/966/864 576/967/44 154/521/441
f 803/966/864 154/521/441 319/520/440
f 574/964/864 803/966/864 319/520/440
f 574/964/864 319/520/440 153/511/431
f 805/968/46 578/969/866 155/531/451
f 805/968/46 155/531/451 324/530/450
f 576/967/44 805/968/46 324/530/450
f 576/967/44 324/530/450 154/521/441
f 806/970/867 579/971/868 156/541/461
f 806/970/867 156/541/461 329/540/460
f 578/969/866 806/970/867 329/540/460
f 578/969/866 329/540/460 155/531/451
f 808/972/869 531/925/835 131/309/236
f 808/972/869 131/309/236 332/552/472
f 579/971/868 808/972/869 332/552/472
f 579/971/868 332/552/472 156/541/461
f 810/53/51 582/54/52 160/973/870
f 810/53/51 160/973/870 343/974/871
f 581/57/55 810/53/51 343/974/871
f 581/57/55 343/974/871 158/975/491
f 811/56/54 581/57/55 158/975/491
f 811/56/54 158/975/491 351/976/872
f 583/55/53 811/56/54 351/976/872
f 583/55/53 351/976/872 162/977/506
f 812/59/57 583/55/53 162/977/506
f 812/59/57 162/977/506 359/978/521
f 584/58/56 812/59/57 359/978/521
f 584/58/56 359/978/521 164/979/520
f 813/61/58 584/58/56 164/979/520
f 813/61/58 164/979/520 367/980/873
f 585/60/58 813/61/58 367/980/873
f 585/60/58 367/980/873 166/981/534
f 814/63/60 585/60/58 166/981/534
f 814/63/60 166/981/534 375/982/874
f 586/62/59 814/63/60 375/982/874
f 586/62/59 375/982/874 168/983/547
f 815/65/62 586/62/59 168/983/547
f 815/65/62 168/983/547 382/984/560
f 587/64/61 815/65/62 382/984/560
f 587/64/61 382/984/560 169/985/875
f 816/67/64 587/64/61 169/985/875
f 816/67/64 169/985/875 393/986/876
f 588/66/63 816/67/64 393/986/876
f 588/66/63 393/986/876 173/987/573
f 817/69/66 588/66/63 173/987/573
f 817/69/66 173/987/573 402/988/590
f 589/68/65 817/69/66 402/988/590
f 589/68/65 402/988/590 175/989/589
f 818/71/68 589/68/65 175/989/589
f 818/71/68 175/989/589 410/990/877
f 590/70/67 818/71/68 410/990/877
f 590/70/67 410/990/877 177/991/603
f 819/72/69 590/70/67 177/991/603
f 819/72/69 177/991/603 418/992/878
f 591/4/4 819/72/69 418/992/878
f 591/4/4 418/992/878 179/993/879
f 820/5/5 591/4/4 179/993/879
f 820/5/5 179/993/879 426/994/632
f 592/73/70 820/5/5 426/994/632
f 592/73/70 426/994/632 181/995/631
f 821/74/71 592/73/70 181/995/631
f 821/74/71 181/995/631 434/996/880
f 593/77/74 821/74/71 434/996/880
f 593/77/74 434/996/880 183/997/881
f 822/76/73 593/77/74 183/997/881
f 822/76/73 183/997/881 442/998/882
f 594/75/72 822/76/73 442/998/882
f 594/75/72 442/998/882 185/999/659
f 823/79/76 594/75/72 185/999/659
f 823/79/76 185/999/659 450/1000/674
f 595/78/75 823/79/76 450/1000/674
f 595/78/75 450/1000/674 187/1001/673
f 824/81/78 595/78/75 187/1001/673
f 824/81/78 187/1001/673 458/1002/883
f 596/80/77 824/81/78 458/1002/883
f 596/80/77 458/1002/883 189/1003/687
f 825/83/79 596/80/77 189/1003/687
f 825/83/79 189/1003/687 466/1004/884
f 597/82/79 825/83/79 466/1004/884
f 597/82/79 466/1004/884 191/1005/701
f 826/85/81 597/82/79 191/1005/701
f 826/85/81 191/1005/701 474/1006/716
f 598/84/80 826/85/81 474/1006/716
f 598/84/80 474/1006/716 193/1007/715
f 827/87/83 598/84/80 193/1007/715
f 827/87/83 193/1007/715 482/1008/730
f 599/86/82 827/87/83 482/1008/730
f 599/86/82 482/1008/730 195/1009/729
f 828/89/85 599/86/82 195/1009/729
f 828/89/85 195/1009/729 493/1010/885
f 600/88/84 828/89/85 493/1010/885
f 600/88/84 493/1010/885 198/1011/743
f 829/91/87 600/88/84 198/1011/743
f 829/91/87 198/1011/743 501/1012/760
f 601/90/86 829/91/87 501/1012/760
f 601/90/86 501/1012/760 200/1013/886
f 830/93/89 601/90/86 200/1013/886
f 830/93/89 200/1013/886 509/1014/887
f 602/92/88 830/93/89 509/1014/887
f 602/92/88 509/1014/887 202/1015/773
f 831/95/91 602/92/88 202/1015/773
f 831/95/91 202/1015/773 517/1016/888
f 603/94/90 831/95/91 517/1016/888
f 603/94/90 517/1016/888 204/1017/787
f 832/97/93 603/94/90 204/1017/787
f 832/97/93 204/1017/787 525/1018/802
f 604/96/92 832/97/93 525/1018/802
f 604/96/92 525/1018/802 206/1019/801
f 833/98/94 604/96/92 206/1019/801
f 833/98/94 206/1019/801 530/1020/889
f 582/54/52 833/98/94 530/1020/889
f 582/54/52 530/1020/889 160/973/870
f 92/720/635 616/910/820 834/1021/890
f 92/720/635 834/1021/890 435/732/647
f 616/910/820 28/417/340 273/428/351
f 616/910/820 273/428/351 834/1021/890
f 834/1021/890 273/428/351 30/427/350
f 834/1021/890 30/427/350 615/1022/891
f 435/732/647 834/1021/890 615/1022/891
f 435/732/647 615/1022/891 95/734/649
f 95/734/649 615/1022/891 835/1023/892
f 95/734/649 835/1023/892 443/746/661
f 615/1022/891 30/427/350 278/438/361
f 615/1022/891 278/438/361 835/1023/892
f 835/1023/892 278/438/361 32/437/360
f 835/1023/892 32/437/360 614/1024/893
f 443/746/661 835/1023/892 614/1024/893
f 443/746/661 614/1024/893 98/748/663
f 98/748/663 614/1024/893 836/1025/894
f 98/748/663 836/1025/894 451/760/675
f 614/1024/893 32/437/360 283/448/371
f 614/1024/893 283/448/371 836/1025/894
f 836/1025/894 283/448/371 34/447/370
f 836/1025/894 34/447/370 613/1026/895
f 451/760/675 836/1025/894 613/1026/895
f 451/760/675 613/1026/895 101/762/677
f 101/762/677 613/1026/895 837/1027/896
f 101/762/677 837/1027/896 459/774/689
f 613/1026/895 34/447/370 288/458/381
f 613/1026/895 288/458/381 837/1027/896
f 837/1027/896 288/458/381 36/457/380
f 837/1027/896 36/457/380 612/1028/897
f 459/774/689 837/1027/896 612/1028/897
f 459/774/689 612/1028/897 104/776/691
f 125/867/777 605/1029/898 838/1030/899
f 125/867/777 838/1030/899 518/879/789
f 605/1029/898 50/522/442 325/533/453
f 605/1029/898 325/533/453 838/1030/899
f 838/1030/899 325/533/453 52/532/452
f 838/1030/899 52/532/452 618/1031/900
f 518/879/789 838/1030/899 618/1031/900
f 518/879/789 618/1031/900 128/881/791
f 104/776/691 612/1028/897 839/1032/901
f 104/776/691 839/1032/901 467/788/703
f 612/1028/897 36/457/380 293/468/391
f 612/1028/897 293/468/391 839/1032/901
f 839/1032/901 293/468/391 38/467/390
f 839/1032/901 38/467/390 611/906/816
f 467/788/703 839/1032/901 611/906/816
f 467/788/703 611/906/816 107/790/705
f 6/312/239 621/1033/902 840/1034/903
f 6/312/239 840/1034/903 216/313/240
f 621/1033/902 59/576/496 344/574/494
f 621/1033/902 344/574/494 840/1034/903
f 840/1034/903 344/574/494 56/557/477
f 840/1034/903 56/557/477 620/1035/904
f 216/313/240 840/1034/903 620/1035/904
f 216/313/240 620/1035/904 4/297/224
f 8/322/249 622/1036/905 841/1037/906
f 8/322/249 841/1037/906 221/323/250
f 622/1036/905 62/590/510 352/588/508
f 622/1036/905 352/588/508 841/1037/906
f 841/1037/906 352/588/508 59/576/496
f 841/1037/906 59/576/496 621/1033/902
f 221/323/250 841/1037/906 621/1033/902
f 221/323/250 621/1033/902 6/312/239
f 10/332/259 623/922/832 842/1038/907
f 10/332/259 842/1038/907 226/333/260
f 623/922/832 65/604/524 360/602/522
f 623/922/832 360/602/522 842/1038/907
f 842/1038/907 360/602/522 62/590/510
f 842/1038/907 62/590/510 622/1036/905
f 226/333/260 842/1038/907 622/1036/905
f 226/333/260 622/1036/905 8/322/249
f 52/532/452 330/548/468 843/1039/908
f 52/532/452 843/1039/908 618/1031/900
f 330/548/468 2/301/228 619/1040/909
f 330/548/468 619/1040/909 843/1039/908
f 843/1039/908 619/1040/909 53/553/473
f 843/1039/908 53/553/473 526/893/803
f 618/1031/900 843/1039/908 526/893/803
f 618/1031/900 526/893/803 128/881/791
f 119/834/748 607/902/812 844/1041/910
f 119/834/748 844/1041/910 502/851/761
f 607/902/812 46/497/420 315/513/433
f 607/902/812 315/513/433 844/1041/910
f 844/1041/910 315/513/433 48/512/432
f 844/1041/910 48/512/432 606/1042/911
f 502/851/761 844/1041/910 606/1042/911
f 502/851/761 606/1042/911 122/853/763
f 48/512/432 320/523/443 845/1043/912
f 48/512/432 845/1043/912 606/1042/911
f 320/523/443 50/522/442 605/1029/898
f 320/523/443 605/1029/898 845/1043/912
f 845/1043/912 605/1029/898 125/867/777
f 845/1043/912 125/867/777 510/865/775
f 606/1042/911 845/1043/912 510/865/775
f 606/1042/911 510/865/775 122/853/763
f 4/297/224 620/1035/904 846/1044/913
f 4/297/224 846/1044/913 209/298/225
f 620/1035/904 56/557/477 334/554/474
f 620/1035/904 334/554/474 846/1044/913
f 846/1044/913 334/554/474 53/553/473
f 846/1044/913 53/553/473 619/1040/909
f 209/298/225 846/1044/913 619/1040/909
f 209/298/225 619/1040/909 2/301/228
f 1282/1045/914 1923/1046/915 1922/1047/916
f 1282/1045/914 1922/1047/916 1277/1048/917
f 1695/1049/918 1922/1047/916 1257/1050/919
f 1695/1049/918 1257/1050/919 1256/1051/920
f 1284/1052/921 1924/1053/922 1923/1046/915
f 1284/1052/921 1923/1046/915 1282/1045/914
f 1922/1047/916 1923/1046/915 1258/1054/923
f 1922/1047/916 1258/1054/923 1257/1050/919
f 1286/1055/924 1925/1056/925 1924/1053/922
f 1286/1055/924 1924/1053/922 1284/1052/921
f 1923/1046/915 1924/1053/922 1259/1057/926
f 1923/1046/915 1259/1057/926 1258/1054/923
f 1288/1058/927 1926/1059/928 1925/1056/925
f 1288/1058/927 1925/1056/925 1286/1055/924
f 1924/1053/922 1925/1056/925 1260/1060/929
f 1924/1053/922 1260/1060/929 1259/1057/926
f 1290/1061/930 1927/1062/931 1926/1059/928
f 1290/1061/930 1926/1059/928 1288/1058/927
f 1925/1056/925 1926/1059/928 1261/1063/932
f 1925/1056/925 1261/1063/932 1260/1060/929
f 1292/1064/933 1928/1065/934 1927/1062/931
f 1292/1064/933 1927/1062/931 1290/1061/930
f 1926/1059/928 1927/1062/931 1262/1066/935
f 1926/1059/928 1262/1066/935 1261/1063/932
f 1294/1067/936 1929/1068/937 1928/1065/934
f 1294/1067/936 1928/1065/934 1292/1064/933
f 1927/1062/931 1928/1065/934 1263/1069/938
f 1927/1062/931 1263/1069/938 1262/1066/935
f 1296/1070/939 1930/1071/940 1929/1068/937
f 1296/1070/939 1929/1068/937 1294/1067/936
f 1928/1065/934 1929/1068/937 1264/1072/941
f 1928/1065/934 1264/1072/941 1263/1069/938
f 1298/1073/942 1931/1074/943 1930/1071/940
f 1298/1073/942 1930/1071/940 1296/1070/939
f 1929/1068/937 1930/1071/940 1265/1075/944
f 1929/1068/937 1265/1075/944 1264/1072/941
f 1299/1076/945 1932/1077/946 1931/1074/943
f 1299/1076/945 1931/1074/943 1298/1073/942
f 1930/1071/940 1931/1074/943 1266/1078/947
f 1930/1071/940 1266/1078/947 1265/1075/944
f 1301/1079/948 1933/1080/949 1932/1077/946
f 1301/1079/948 1932/1077/946 1299/1076/945
f 1931/1074/943 1932/1077/946 1267/1081/950
f 1931/1074/943 1267/1081/950 1266/1078/947
f 1303/1082/951 1934/1083/952 1933/1080/949
f 1303/1082/951 1933/1080/949 1301/1079/948
f 1932/1077/946 1933/1080/949 1268/1084/953
f 1932/1077/946 1268/1084/953 1267/1081/950
f 1306/1085/954 1935/1086/955 1934/1083/952
f 1306/1085/954 1934/1083/952 1303/1082/951
f 1933/1080/949 1934/1083/952 1269/1087/956
f 1933/1080/949 1269/1087/956 1268/1084/953
f 1308/1088/957 1936/1089/958 1935/1086/955
f 1308/1088/957 1935/1086/955 1306/1085/954
f 1934/1083/952 1935/1086/955 1270/1090/959
f 1934/1083/952 1270/1090/959 1269/1087/956
f 1310/1091/960 1937/1092/961 1936/1089/958
f 1310/1091/960 1936/1089/958 1308/1088/957
f 1935/1086/955 1936/1089/958 1271/1093/962
f 1935/1086/955 1271/1093/962 1270/1090/959
f 1312/1094/963 1938/1095/964 1937/1092/961
f 1312/1094/963 1937/1092/961 1310/1091/960
f 1936/1089/958 1937/1092/961 1272/1096/965
f 1936/1089/958 1272/1096/965 1271/1093/962
f 1314/1097/966 1939/1098/967 1938/1095/964
f 1314/1097/966 1938/1095/964 1312/1094/963
f 1937/1092/961 1938/1095/964 1273/1099/968
f 1937/1092/961 1273/1099/968 1272/1096/965
f 1938/1095/964 1939/1098/967 1274/1100/969
f 1938/1095/964 1274/1100/969 1273/1099/968
f 1316/1101/970 1940/1102/971 1939/1098/967
f 1316/1101/970 1939/1098/967 1314/1097/966
f 1279/1103/972 1694/1104/918 1940/1102/971
f 1279/1103/972 1940/1102/971 1316/1101/970
f 1939/1098/967 1940/1102/971 1275/1105/973
f 1939/1098/967 1275/1105/973 1274/1100/969
f 1940/1102/971 1694/1104/918 1255/1106/974
f 1940/1102/971 1255/1106/974 1275/1105/973
f 1966/1107/975 1735/1108/976 1096/1109/977
f 1966/1107/975 1096/1109/977 1094/1110/978
f 847/1111/979 1716/1112/980 1715/1113/981
f 847/1111/979 1715/1113/981 852/1114/982
f 1715/1113/981 1716/1112/980 928/1115/983
f 1715/1113/981 928/1115/983 931/1116/984
f 852/1114/982 1715/1113/981 1717/1117/985
f 852/1114/982 1717/1117/985 857/1118/986
f 1717/1117/985 1715/1113/981 931/1116/984
f 1717/1117/985 931/1116/984 934/1119/987
f 857/1118/986 1717/1117/985 1718/1120/988
f 857/1118/986 1718/1120/988 860/1121/989
f 1718/1120/988 1717/1117/985 934/1119/987
f 1718/1120/988 934/1119/987 935/1122/990
f 860/1121/989 1718/1120/988 1719/1123/991
f 860/1121/989 1719/1123/991 864/1124/992
f 1719/1123/991 1718/1120/988 935/1122/990
f 1719/1123/991 935/1122/990 937/1125/993
f 864/1124/992 1719/1123/991 1720/1126/994
f 864/1124/992 1720/1126/994 868/1127/995
f 1720/1126/994 1719/1123/991 937/1125/993
f 1720/1126/994 937/1125/993 939/1128/996
f 868/1127/995 1720/1126/994 1721/1129/997
f 868/1127/995 1721/1129/997 872/1130/998
f 1721/1129/997 1720/1126/994 939/1128/996
f 1721/1129/997 939/1128/996 941/1131/999
f 872/1130/998 1721/1129/997 1722/1132/1000
f 872/1130/998 1722/1132/1000 876/1133/1001
f 1722/1132/1000 1721/1129/997 941/1131/999
f 1722/1132/1000 941/1131/999 943/1134/1002
f 876/1133/1001 1722/1132/1000 1723/1135/1003
f 876/1133/1001 1723/1135/1003 880/1136/1004
f 1723/1135/1003 1722/1132/1000 943/1134/1002
f 1723/1135/1003 943/1134/1002 945/1137/1005
f 880/1136/1004 1723/1135/1003 1724/1138/1006
f 880/1136/1004 1724/1138/1006 884/1139/1007
f 1724/1138/1006 1723/1135/1003 945/1137/1005
f 1724/1138/1006 945/1137/1005 947/1140/1008
f 884/1139/1007 1724/1138/1006 1725/1141/1009
f 884/1139/1007 1725/1141/1009 888/1142/1010
f 1725/1141/1009 1724/1138/1006 947/1140/1008
f 1725/1141/1009 947/1140/1008 949/1143/1011
f 888/1142/1010 1725/1141/1009 1726/1144/1012
f 888/1142/1010 1726/1144/1012 892/1145/1013
f 1726/1144/1012 1725/1141/1009 949/1143/1011
f 1726/1144/1012 949/1143/1011 951/1146/1014
f 892/1145/1013 1726/1144/1012 1727/1147/1015
f 892/1145/1013 1727/1147/1015 896/1148/1016
f 1727/1147/1015 1726/1144/1012 951/1146/1014
f 1727/1147/1015 951/1146/1014 953/1149/1017
f 896/1148/1016 1727/1147/1015 1728/1150/1018
f 896/1148/1016 1728/1150/1018 900/1151/1019
f 1728/1150/1018 1727/1147/1015 953/1149/1017
f 1728/1150/1018 953/1149/1017 955/1152/1020
f 900/1151/1019 1728/1150/1018 1729/1153/1021
f 900/1151/1019 1729/1153/1021 904/1154/1022
f 1729/1153/1021 1728/1150/1018 955/1152/1020
f 1729/1153/1021 955/1152/1020 957/1155/1023
f 904/1154/1022 1729/1153/1021 1730/1156/1024
f 904/1154/1022 1730/1156/1024 908/1157/1025
f 1730/1156/1024 1729/1153/1021 957/1155/1023
f 1730/1156/1024 957/1155/1023 959/1158/1026
f 908/1157/1025 1730/1156/1024 1731/1159/1027
f 908/1157/1025 1731/1159/1027 912/1160/1028
f 1731/1159/1027 1730/1156/1024 959/1158/1026
f 1731/1159/1027 959/1158/1026 961/1161/1029
f 912/1160/1028 1731/1159/1027 1732/1162/1030
f 912/1160/1028 1732/1162/1030 916/1163/1031
f 1732/1162/1030 1731/1159/1027 961/1161/1029
f 1732/1162/1030 961/1161/1029 963/1164/1032
f 916/1163/1031 1732/1162/1030 1733/1165/1033
f 916/1163/1031 1733/1165/1033 920/1166/1034
f 1733/1165/1033 1732/1162/1030 963/1164/1032
f 1733/1165/1033 963/1164/1032 965/1167/1035
f 920/1166/1034 1733/1165/1033 1734/1168/1036
f 920/1166/1034 1734/1168/1036 924/1169/1037
f 1734/1168/1036 1733/1165/1033 965/1167/1035
f 1734/1168/1036 965/1167/1035 967/1170/1038
f 924/1169/1037 1734/1168/1036 1716/1112/980
f 924/1169/1037 1716/1112/980 847/1111/979
f 1716/1112/980 1734/1168/1036 967/1170/1038
f 1716/1112/980 967/1170/1038 928/1115/983
f 1736/1171/1039 1965/1172/1040 1735/1108/976
f 1736/1171/1039 1735/1108/976 1966/1107/975
f 1968/1173/1041 1737/1174/1042 1082/1175/1043
f 1968/1173/1041 1082/1175/1043 1079/1176/1044
f 1738/1177/1045 1967/1178/1046 1737/1174/1042
f 1738/1177/1045 1737/1174/1042 1968/1173/1041
f 1970/1179/1047 1739/1180/1048 1112/1181/1049
f 1970/1179/1047 1112/1181/1049 1110/1182/1050
f 1740/1183/1051 1969/1184/1052 1739/1180/1048
f 1740/1183/1051 1739/1180/1048 1970/1179/1047
f 1735/1108/976 1741/1185/1053 1098/1186/1054
f 1735/1108/976 1098/1186/1054 1096/1109/977
f 1965/1172/1040 1971/1187/1055 1741/1185/1053
f 1965/1172/1040 1741/1185/1053 1735/1108/976
f 1737/1174/1042 1742/1188/1056 1084/1189/1057
f 1737/1174/1042 1084/1189/1057 1082/1175/1043
f 1967/1178/1046 1972/1190/1058 1742/1188/1056
f 1967/1178/1046 1742/1188/1056 1737/1174/1042
f 1739/1180/1048 1744/1191/1059 1072/1192/1060
f 1739/1180/1048 1072/1192/1060 1112/1181/1049
f 1969/1184/1052 1974/1193/1061 1744/1191/1059
f 1969/1184/1052 1744/1191/1059 1739/1180/1048
f 1741/1185/1053 1745/1194/1062 1100/1195/1063
f 1741/1185/1053 1100/1195/1063 1098/1186/1054
f 1971/1187/1055 1975/1196/1064 1745/1194/1062
f 1971/1187/1055 1745/1194/1062 1741/1185/1053
f 1742/1188/1056 1746/1197/1065 1086/1198/1066
f 1742/1188/1056 1086/1198/1066 1084/1189/1057
f 1972/1190/1058 1976/1199/1067 1746/1197/1065
f 1972/1190/1058 1746/1197/1065 1742/1188/1056
f 1745/1194/1062 1747/1200/1068 1102/1201/1069
f 1745/1194/1062 1102/1201/1069 1100/1195/1063
f 1975/1196/1064 1977/1202/1070 1747/1200/1068
f 1975/1196/1064 1747/1200/1068 1745/1194/1062
f 1746/1197/1065 1748/1203/1071 1088/1204/1072
f 1746/1197/1065 1088/1204/1072 1086/1198/1066
f 1976/1199/1067 1978/1205/1073 1748/1203/1071
f 1976/1199/1067 1748/1203/1071 1746/1197/1065
f 1747/1200/1068 1749/1206/1074 1104/1207/1075
f 1747/1200/1068 1104/1207/1075 1102/1201/1069
f 1977/1202/1070 1979/1208/1076 1749/1206/1074
f 1977/1202/1070 1749/1206/1074 1747/1200/1068
f 1748/1203/1071 1750/1209/1077 1090/1210/1078
f 1748/1203/1071 1090/1210/1078 1088/1204/1072
f 1978/1205/1073 1980/1211/1079 1750/1209/1077
f 1978/1205/1073 1750/1209/1077 1748/1203/1071
f 1743/1212/1059 1751/1213/1080 1075/1214/1081
f 1743/1212/1059 1075/1214/1081 1073/1215/1060
f 1973/1216/1061 1981/1217/1082 1751/1213/1080
f 1973/1216/1061 1751/1213/1080 1743/1212/1059
f 1749/1206/1074 1752/1218/1083 1106/1219/1084
f 1749/1206/1074 1106/1219/1084 1104/1207/1075
f 1979/1208/1076 1982/1220/1085 1752/1218/1083
f 1979/1208/1076 1752/1218/1083 1749/1206/1074
f 1750/1209/1077 1753/1221/1086 1092/1222/1087
f 1750/1209/1077 1092/1222/1087 1090/1210/1078
f 1980/1211/1079 1983/1223/1088 1753/1221/1086
f 1980/1211/1079 1753/1221/1086 1750/1209/1077
f 1751/1213/1080 1754/1224/1089 1077/1225/1090
f 1751/1213/1080 1077/1225/1090 1075/1214/1081
f 1981/1217/1082 1984/1226/1091 1754/1224/1089
f 1981/1217/1082 1754/1224/1089 1751/1213/1080
f 1752/1218/1083 1755/1227/1092 1108/1228/1093
f 1752/1218/1083 1108/1228/1093 1106/1219/1084
f 1982/1220/1085 1985/1229/1094 1755/1227/1092
f 1982/1220/1085 1755/1227/1092 1752/1218/1083
f 1753/1221/1086 1966/1107/975 1094/1110/978
f 1753/1221/1086 1094/1110/978 1092/1222/1087
f 1983/1223/1088 1736/1171/1039 1966/1107/975
f 1983/1223/1088 1966/1107/975 1753/1221/1086
f 1754/1224/1089 1968/1173/1041 1079/1176/1044
f 1754/1224/1089 1079/1176/1044 1077/1225/1090
f 1984/1226/1091 1738/1177/1045 1968/1173/1041
f 1984/1226/1091 1968/1173/1041 1754/1224/1089
f 1755/1227/1092 1970/1179/1047 1110/1182/1050
f 1755/1227/1092 1110/1182/1050 1108/1228/1093
f 1113/128/116 1820/1230/1095 1819/1231/1096
f 1113/128/116 1819/1231/1096 1114/110/98
f 979/1232/1097 1764/1233/1098 1760/1234/1099
f 979/1232/1097 1760/1234/1099 973/1235/1100
f 1758/1236/1101 1763/1237/1102 979/1232/1097
f 1758/1236/1101 979/1232/1097 973/1235/1100
f 1175/1238/1103 1762/1239/1104 1757/1240/1105
f 1175/1238/1103 1757/1240/1105 1178/1241/1106
f 1760/1234/1099 1764/1233/1098 980/1242/1107
f 1760/1234/1099 980/1242/1107 974/1243/1108
f 979/1232/1097 984/1244/1109 1767/1245/1110
f 979/1232/1097 1767/1245/1110 1764/1233/1098
f 1757/1240/1105 1762/1239/1104 978/1246/1111
f 1757/1240/1105 978/1246/1111 971/1247/1112
f 1175/1238/1103 1180/1248/1113 1765/1249/1114
f 1175/1238/1103 1765/1249/1114 1762/1239/1104
f 1764/1233/1098 1767/1245/1110 985/1250/1115
f 1764/1233/1098 985/1250/1115 980/1242/1107
f 974/1243/1108 980/1242/1107 1881/1251/1116
f 974/1243/1108 1881/1251/1116 1879/1252/1117
f 1762/1239/1104 1765/1249/1114 983/1253/1118
f 1762/1239/1104 983/1253/1118 978/1246/1111
f 983/1253/1118 1766/1254/1119 1763/1237/1102
f 983/1253/1118 1763/1237/1102 978/1246/1111
f 1879/1252/1117 1881/1251/1116 1133/1255/1120
f 1879/1252/1117 1133/1255/1120 1135/1256/1121
f 984/1244/1109 989/1257/1122 1770/1258/1123
f 984/1244/1109 1770/1258/1123 1767/1245/1110
f 1763/1237/1102 1766/1254/1119 984/1244/1109
f 1763/1237/1102 984/1244/1109 979/1232/1097
f 1180/1248/1113 1182/1259/1124 1768/1260/1125
f 1180/1248/1113 1768/1260/1125 1765/1249/1114
f 1767/1245/1110 1770/1258/1123 990/1261/1126
f 1767/1245/1110 990/1261/1126 985/1250/1115
f 985/1250/1115 1882/1262/1127 1881/1251/1116
f 985/1250/1115 1881/1251/1116 980/1242/1107
f 1765/1249/1114 1768/1260/1125 988/1263/1128
f 1765/1249/1114 988/1263/1128 983/1253/1118
f 988/1263/1128 1769/1264/1129 1766/1254/1119
f 988/1263/1128 1766/1254/1119 983/1253/1118
f 1881/1251/1116 1882/1262/1127 1138/1265/1130
f 1881/1251/1116 1138/1265/1130 1133/1255/1120
f 990/1261/1126 1883/1266/1131 1882/1262/1127
f 990/1261/1126 1882/1262/1127 985/1250/1115
f 1766/1254/1119 1769/1264/1129 989/1257/1122
f 1766/1254/1119 989/1257/1122 984/1244/1109
f 988/1263/1128 993/1267/1132 1772/1268/1133
f 988/1263/1128 1772/1268/1133 1769/1264/1129
f 1882/1262/1127 1883/1266/1131 1140/1269/1134
f 1882/1262/1127 1140/1269/1134 1138/1265/1130
f 994/1270/1135 1773/1271/1136 1770/1258/1123
f 994/1270/1135 1770/1258/1123 989/1257/1122
f 1769/1264/1129 1772/1268/1133 994/1270/1135
f 1769/1264/1129 994/1270/1135 989/1257/1122
f 1184/1272/1137 1771/1273/1138 1768/1260/1125
f 1184/1272/1137 1768/1260/1125 1182/1259/1124
f 1770/1258/1123 1773/1271/1136 995/1274/1139
f 1770/1258/1123 995/1274/1139 990/1261/1126
f 993/1267/1132 998/1275/1140 1775/1276/1141
f 993/1267/1132 1775/1276/1141 1772/1268/1133
f 1768/1260/1125 1771/1273/1138 993/1267/1132
f 1768/1260/1125 993/1267/1132 988/1263/1128
f 999/1277/1142 1776/1278/1143 1773/1271/1136
f 999/1277/1142 1773/1271/1136 994/1270/1135
f 1772/1268/1133 1775/1276/1141 999/1277/1142
f 1772/1268/1133 999/1277/1142 994/1270/1135
f 1186/1279/1144 1774/1280/1145 1771/1273/1138
f 1186/1279/1144 1771/1273/1138 1184/1272/1137
f 1773/1271/1136 1776/1278/1143 1000/1281/1146
f 1773/1271/1136 1000/1281/1146 995/1274/1139
f 990/1261/1126 995/1274/1139 1884/1282/1147
f 990/1261/1126 1884/1282/1147 1883/1266/1131
f 1771/1273/1138 1774/1280/1145 998/1275/1140
f 1771/1273/1138 998/1275/1140 993/1267/1132
f 999/1277/1142 1004/1283/1148 1779/1284/1149
f 999/1277/1142 1779/1284/1149 1776/1278/1143
f 1883/1266/1131 1884/1282/1147 1142/1285/1150
f 1883/1266/1131 1142/1285/1150 1140/1269/1134
f 1186/1279/1144 1188/1286/1151 1777/1287/1152
f 1186/1279/1144 1777/1287/1152 1774/1280/1145
f 1776/1278/1143 1779/1284/1149 1005/1288/1153
f 1776/1278/1143 1005/1288/1153 1000/1281/1146
f 1000/1281/1146 1885/1289/1154 1884/1282/1147
f 1000/1281/1146 1884/1282/1147 995/1274/1139
f 1774/1280/1145 1777/1287/1152 1003/1290/1155
f 1774/1280/1145 1003/1290/1155 998/1275/1140
f 1003/1290/1155 1778/1291/1156 1775/1276/1141
f 1003/1290/1155 1775/1276/1141 998/1275/1140
f 1884/1282/1147 1885/1289/1154 1144/1292/1157
f 1884/1282/1147 1144/1292/1157 1142/1285/1150
f 1188/1286/1151 1190/1293/1158 1780/1294/1159
f 1188/1286/1151 1780/1294/1159 1777/1287/1152
f 1775/1276/1141 1778/1291/1156 1004/1283/1148
f 1775/1276/1141 1004/1283/1148 999/1277/1142
f 1005/1288/1153 1886/1295/1160 1885/1289/1154
f 1005/1288/1153 1885/1289/1154 1000/1281/1146
f 1777/1287/1152 1780/1294/1159 1008/1296/1161
f 1777/1287/1152 1008/1296/1161 1003/1290/1155
f 1008/1296/1161 1781/1297/1162 1778/1291/1156
f 1008/1296/1161 1778/1291/1156 1003/1290/1155
f 1885/1289/1154 1886/1295/1160 1147/1298/1163
f 1885/1289/1154 1147/1298/1163 1144/1292/1157
f 1009/1299/1164 1782/1300/1165 1779/1284/1149
f 1009/1299/1164 1779/1284/1149 1004/1283/1148
f 1778/1291/1156 1781/1297/1162 1009/1299/1164
f 1778/1291/1156 1009/1299/1164 1004/1283/1148
f 1005/1288/1153 1010/1301/1166 1887/1302/1167
f 1005/1288/1153 1887/1302/1167 1886/1295/1160
f 1779/1284/1149 1782/1300/1165 1010/1301/1166
f 1779/1284/1149 1010/1301/1166 1005/1288/1153
f 1008/1296/1161 1013/1303/1168 1784/1304/1169
f 1008/1296/1161 1784/1304/1169 1781/1297/1162
f 1886/1295/1160 1887/1302/1167 1149/1305/1170
f 1886/1295/1160 1149/1305/1170 1147/1298/1163
f 1014/1306/1171 1785/1307/1172 1782/1300/1165
f 1014/1306/1171 1782/1300/1165 1009/1299/1164
f 1781/1297/1162 1784/1304/1169 1014/1306/1171
f 1781/1297/1162 1014/1306/1171 1009/1299/1164
f 1192/1308/1173 1783/1309/1174 1780/1294/1159
f 1192/1308/1173 1780/1294/1159 1190/1293/1158
f 1782/1300/1165 1785/1307/1172 1015/1310/1175
f 1782/1300/1165 1015/1310/1175 1010/1301/1166
f 1014/1306/1171 1019/1311/1176 1788/1312/1177
f 1014/1306/1171 1788/1312/1177 1785/1307/1172
f 1780/1294/1159 1783/1309/1174 1013/1303/1168
f 1780/1294/1159 1013/1303/1168 1008/1296/1161
f 1194/1313/1178 1786/1314/1179 1783/1309/1174
f 1194/1313/1178 1783/1309/1174 1192/1308/1173
f 1785/1307/1172 1788/1312/1177 1020/1315/1180
f 1785/1307/1172 1020/1315/1180 1015/1310/1175
f 1010/1301/1166 1015/1310/1175 1888/1316/1181
f 1010/1301/1166 1888/1316/1181 1887/1302/1167
f 1783/1309/1174 1786/1314/1179 1018/1317/1182
f 1783/1309/1174 1018/1317/1182 1013/1303/1168
f 1018/1317/1182 1787/1318/1183 1784/1304/1169
f 1018/1317/1182 1784/1304/1169 1013/1303/1168
f 1887/1302/1167 1888/1316/1181 1151/1319/1184
f 1887/1302/1167 1151/1319/1184 1149/1305/1170
f 1019/1311/1176 1024/1320/1185 1791/1321/1186
f 1019/1311/1176 1791/1321/1186 1788/1312/1177
f 1784/1304/1169 1787/1318/1183 1019/1311/1176
f 1784/1304/1169 1019/1311/1176 1014/1306/1171
f 1194/1313/1178 1196/1322/1187 1789/1323/1188
f 1194/1313/1178 1789/1323/1188 1786/1314/1179
f 1788/1312/1177 1791/1321/1186 1025/1324/1189
f 1788/1312/1177 1025/1324/1189 1020/1315/1180
f 1020/1315/1180 1889/1325/1190 1888/1316/1181
f 1020/1315/1180 1888/1316/1181 1015/1310/1175
f 1786/1314/1179 1789/1323/1188 1023/1326/1191
f 1786/1314/1179 1023/1326/1191 1018/1317/1182
f 1023/1326/1191 1790/1327/1192 1787/1318/1183
f 1023/1326/1191 1787/1318/1183 1018/1317/1182
f 1888/1316/1181 1889/1325/1190 1153/1328/1193
f 1888/1316/1181 1153/1328/1193 1151/1319/1184
f 1025/1324/1189 1890/1329/1194 1889/1325/1190
f 1025/1324/1189 1889/1325/1190 1020/1315/1180
f 1787/1318/1183 1790/1327/1192 1024/1320/1185
f 1787/1318/1183 1024/1320/1185 1019/1311/1176
f 1023/1326/1191 1028/1330/1195 1793/1331/1196
f 1023/1326/1191 1793/1331/1196 1790/1327/1192
f 1889/1325/1190 1890/1329/1194 1155/1332/1197
f 1889/1325/1190 1155/1332/1197 1153/1328/1193
f 1029/1333/1198 1794/1334/1199 1791/1321/1186
f 1029/1333/1198 1791/1321/1186 1024/1320/1185
f 1790/1327/1192 1793/1331/1196 1029/1333/1198
f 1790/1327/1192 1029/1333/1198 1024/1320/1185
f 1198/1335/1200 1792/1336/1201 1789/1323/1188
f 1198/1335/1200 1789/1323/1188 1196/1322/1187
f 1791/1321/1186 1794/1334/1199 1030/1337/1202
f 1791/1321/1186 1030/1337/1202 1025/1324/1189
f 1025/1324/1189 1030/1337/1202 1891/1338/1203
f 1025/1324/1189 1891/1338/1203 1890/1329/1194
f 1789/1323/1188 1792/1336/1201 1028/1330/1195
f 1789/1323/1188 1028/1330/1195 1023/1326/1191
f 1028/1330/1195 1033/1339/1204 1796/1340/1205
f 1028/1330/1195 1796/1340/1205 1793/1331/1196
f 1890/1329/1194 1891/1338/1203 1157/1341/1206
f 1890/1329/1194 1157/1341/1206 1155/1332/1197
f 1034/1342/1207 1797/1343/1208 1794/1334/1199
f 1034/1342/1207 1794/1334/1199 1029/1333/1198
f 1793/1331/1196 1796/1340/1205 1034/1342/1207
f 1793/1331/1196 1034/1342/1207 1029/1333/1198
f 1199/1344/1209 1795/1345/1210 1792/1336/1201
f 1199/1344/1209 1792/1336/1201 1198/1335/1200
f 1794/1334/1199 1797/1343/1208 1035/1346/1211
f 1794/1334/1199 1035/1346/1211 1030/1337/1202
f 1034/1342/1207 1039/1347/1212 1800/1348/1213
f 1034/1342/1207 1800/1348/1213 1797/1343/1208
f 1792/1336/1201 1795/1345/1210 1033/1339/1204
f 1792/1336/1201 1033/1339/1204 1028/1330/1195
f 1199/1344/1209 1202/1349/1214 1798/1350/1215
f 1199/1344/1209 1798/1350/1215 1795/1345/1210
f 1797/1343/1208 1800/1348/1213 1040/1351/1216
f 1797/1343/1208 1040/1351/1216 1035/1346/1211
f 1030/1337/1202 1035/1346/1211 1892/1352/1217
f 1030/1337/1202 1892/1352/1217 1891/1338/1203
f 1795/1345/1210 1798/1350/1215 1038/1353/1218
f 1795/1345/1210 1038/1353/1218 1033/1339/1204
f 1038/1353/1218 1799/1354/1219 1796/1340/1205
f 1038/1353/1218 1796/1340/1205 1033/1339/1204
f 1891/1338/1203 1892/1352/1217 1159/1355/1220
f 1891/1338/1203 1159/1355/1220 1157/1341/1206
f 1039/1347/1212 1044/1356/1221 1803/1357/1222
f 1039/1347/1212 1803/1357/1222 1800/1348/1213
f 1796/1340/1205 1799/1354/1219 1039/1347/1212
f 1796/1340/1205 1039/1347/1212 1034/1342/1207
f 1202/1349/1214 1204/1358/1223 1801/1359/1224
f 1202/1349/1214 1801/1359/1224 1798/1350/1215
f 1800/1348/1213 1803/1357/1222 1045/1360/1225
f 1800/1348/1213 1045/1360/1225 1040/1351/1216
f 1040/1351/1216 1893/1361/1226 1892/1352/1217
f 1040/1351/1216 1892/1352/1217 1035/1346/1211
f 1798/1350/1215 1801/1359/1224 1043/1362/1227
f 1798/1350/1215 1043/1362/1227 1038/1353/1218
f 1043/1362/1227 1802/1363/1228 1799/1354/1219
f 1043/1362/1227 1799/1354/1219 1038/1353/1218
f 1892/1352/1217 1893/1361/1226 1161/1364/1229
f 1892/1352/1217 1161/1364/1229 1159/1355/1220
f 1045/1360/1225 1894/1365/1230 1893/1361/1226
f 1045/1360/1225 1893/1361/1226 1040/1351/1216
f 1799/1354/1219 1802/1363/1228 1044/1356/1221
f 1799/1354/1219 1044/1356/1221 1039/1347/1212
f 1043/1362/1227 1048/1366/1231 1805/1367/1232
f 1043/1362/1227 1805/1367/1232 1802/1363/1228
f 1893/1361/1226 1894/1365/1230 1163/1368/1233
f 1893/1361/1226 1163/1368/1233 1161/1364/1229
f 1049/1369/1234 1806/1370/1235 1803/1357/1222
f 1049/1369/1234 1803/1357/1222 1044/1356/1221
f 1802/1363/1228 1805/1367/1232 1049/1369/1234
f 1802/1363/1228 1049/1369/1234 1044/1356/1221
f 1206/1371/1236 1804/1372/1237 1801/1359/1224
f 1206/1371/1236 1801/1359/1224 1204/1358/1223
f 1803/1357/1222 1806/1370/1235 1050/1373/1238
f 1803/1357/1222 1050/1373/1238 1045/1360/1225
f 1048/1366/1231 1053/1374/1239 1808/1375/1240
f 1048/1366/1231 1808/1375/1240 1805/1367/1232
f 1801/1359/1224 1804/1372/1237 1048/1366/1231
f 1801/1359/1224 1048/1366/1231 1043/1362/1227
f 1054/1376/1241 1809/1377/1242 1806/1370/1235
f 1054/1376/1241 1806/1370/1235 1049/1369/1234
f 1805/1367/1232 1808/1375/1240 1054/1376/1241
f 1805/1367/1232 1054/1376/1241 1049/1369/1234
f 1208/1378/1243 1807/1379/1244 1804/1372/1237
f 1208/1378/1243 1804/1372/1237 1206/1371/1236
f 1806/1370/1235 1809/1377/1242 1055/1380/1245
f 1806/1370/1235 1055/1380/1245 1050/1373/1238
f 1045/1360/1225 1050/1373/1238 1895/1381/1246
f 1045/1360/1225 1895/1381/1246 1894/1365/1230
f 1804/1372/1237 1807/1379/1244 1053/1374/1239
f 1804/1372/1237 1053/1374/1239 1048/1366/1231
f 1054/1376/1241 1059/1382/1247 1812/1383/1248
f 1054/1376/1241 1812/1383/1248 1809/1377/1242
f 1894/1365/1230 1895/1381/1246 1165/1384/1249
f 1894/1365/1230 1165/1384/1249 1163/1368/1233
f 1208/1378/1243 1210/1385/1250 1810/1386/1251
f 1208/1378/1243 1810/1386/1251 1807/1379/1244
f 1809/1377/1242 1812/1383/1248 1060/1387/1252
f 1809/1377/1242 1060/1387/1252 1055/1380/1245
f 1055/1380/1245 1896/1388/1253 1895/1381/1246
f 1055/1380/1245 1895/1381/1246 1050/1373/1238
f 1807/1379/1244 1810/1386/1251 1058/1389/1254
f 1807/1379/1244 1058/1389/1254 1053/1374/1239
f 1058/1389/1254 1811/1390/1255 1808/1375/1240
f 1058/1389/1254 1808/1375/1240 1053/1374/1239
f 1895/1381/1246 1896/1388/1253 1167/1391/1256
f 1895/1381/1246 1167/1391/1256 1165/1384/1249
f 1210/1385/1250 1212/1392/1257 1813/1393/1258
f 1210/1385/1250 1813/1393/1258 1810/1386/1251
f 1808/1375/1240 1811/1390/1255 1059/1382/1247
f 1808/1375/1240 1059/1382/1247 1054/1376/1241
f 1060/1387/1252 1897/1394/1259 1896/1388/1253
f 1060/1387/1252 1896/1388/1253 1055/1380/1245
f 1810/1386/1251 1813/1393/1258 1063/1395/1260
f 1810/1386/1251 1063/1395/1260 1058/1389/1254
f 1063/1395/1260 1814/1396/1261 1811/1390/1255
f 1063/1395/1260 1811/1390/1255 1058/1389/1254
f 1896/1388/1253 1897/1394/1259 1169/1397/1262
f 1896/1388/1253 1169/1397/1262 1167/1391/1256
f 1064/1398/1263 1815/1399/1264 1812/1383/1248
f 1064/1398/1263 1812/1383/1248 1059/1382/1247
f 1811/1390/1255 1814/1396/1261 1064/1398/1263
f 1811/1390/1255 1064/1398/1263 1059/1382/1247
f 1060/1387/1252 1065/1400/1265 1898/1401/1266
f 1060/1387/1252 1898/1401/1266 1897/1394/1259
f 1812/1383/1248 1815/1399/1264 1065/1400/1265
f 1812/1383/1248 1065/1400/1265 1060/1387/1252
f 1063/1395/1260 1068/1402/1267 1817/1403/1268
f 1063/1395/1260 1817/1403/1268 1814/1396/1261
f 1897/1394/1259 1898/1401/1266 1171/1404/1269
f 1897/1394/1259 1171/1404/1269 1169/1397/1262
f 1069/1405/1270 1818/1406/1271 1815/1399/1264
f 1069/1405/1270 1815/1399/1264 1064/1398/1263
f 1814/1396/1261 1817/1403/1268 1069/1405/1270
f 1814/1396/1261 1069/1405/1270 1064/1398/1263
f 1214/1407/1272 1816/1408/1273 1813/1393/1258
f 1214/1407/1272 1813/1393/1258 1212/1392/1257
f 1815/1399/1264 1818/1406/1271 1070/1409/1274
f 1815/1399/1264 1070/1409/1274 1065/1400/1265
f 1069/1405/1270 972/1410/1100 1761/1411/1275
f 1069/1405/1270 1761/1411/1275 1818/1406/1271
f 1813/1393/1258 1816/1408/1273 1068/1402/1267
f 1813/1393/1258 1068/1402/1267 1063/1395/1260
f 1177/1412/1106 1756/1413/1105 1816/1408/1273
f 1177/1412/1106 1816/1408/1273 1214/1407/1272
f 1818/1406/1271 1761/1411/1275 975/1414/1276
f 1818/1406/1271 975/1414/1276 1070/1409/1274
f 1816/1408/1273 1756/1413/1105 970/1415/1112
f 1816/1408/1273 970/1415/1112 1068/1402/1267
f 1065/1400/1265 1070/1409/1274 1899/1416/1277
f 1065/1400/1265 1899/1416/1277 1898/1401/1266
f 970/1415/1112 1759/1417/1101 1817/1403/1268
f 970/1415/1112 1817/1403/1268 1068/1402/1267
f 1898/1401/1266 1899/1416/1277 1173/1418/1278
f 1898/1401/1266 1173/1418/1278 1171/1404/1269
f 1817/1403/1268 1759/1417/1101 972/1410/1100
f 1817/1403/1268 972/1410/1100 1069/1405/1270
f 1819/1231/1096 1820/1230/1095 1074/1419/1060
f 1819/1231/1096 1074/1419/1060 1076/1420/1279
f 1114/110/98 1819/1231/1096 1821/1421/1280
f 1114/110/98 1821/1421/1280 1115/108/97
f 1821/1421/1280 1819/1231/1096 1076/1420/1279
f 1821/1421/1280 1076/1420/1279 1078/1422/1090
f 1115/108/97 1821/1421/1280 1822/1423/1281
f 1115/108/97 1822/1423/1281 1116/111/99
f 1822/1423/1281 1821/1421/1280 1078/1422/1090
f 1822/1423/1281 1078/1422/1090 1080/1424/1044
f 1116/111/99 1822/1423/1281 1823/1425/1282
f 1116/111/99 1823/1425/1282 1117/112/100
f 1823/1425/1282 1822/1423/1281 1080/1424/1044
f 1823/1425/1282 1080/1424/1044 1081/1426/1283
f 1117/112/100 1823/1425/1282 1824/1427/1284
f 1117/112/100 1824/1427/1284 1118/113/101
f 1824/1427/1284 1823/1425/1282 1081/1426/1283
f 1824/1427/1284 1081/1426/1283 1083/1428/1057
f 1118/113/101 1824/1427/1284 1825/1429/1285
f 1118/113/101 1825/1429/1285 1119/114/102
f 1825/1429/1285 1824/1427/1284 1083/1428/1057
f 1825/1429/1285 1083/1428/1057 1085/1430/1286
f 1119/114/102 1825/1429/1285 1826/1431/1287
f 1119/114/102 1826/1431/1287 1120/115/103
f 1826/1431/1287 1825/1429/1285 1085/1430/1286
f 1826/1431/1287 1085/1430/1286 1087/1432/1072
f 1120/115/103 1826/1431/1287 1827/1433/1288
f 1120/115/103 1827/1433/1288 1121/116/104
f 1827/1433/1288 1826/1431/1287 1087/1432/1072
f 1827/1433/1288 1087/1432/1072 1089/1434/1078
f 1121/116/104 1827/1433/1288 1828/1435/1289
f 1121/116/104 1828/1435/1289 1122/117/105
f 1828/1435/1289 1827/1433/1288 1089/1434/1078
f 1828/1435/1289 1089/1434/1078 1091/1436/1290
f 1122/117/105 1828/1435/1289 1829/1437/1291
f 1122/117/105 1829/1437/1291 1123/118/106
f 1829/1437/1291 1828/1435/1289 1091/1436/1290
f 1829/1437/1291 1091/1436/1290 1093/1438/978
f 1123/118/106 1829/1437/1291 1830/1439/1292
f 1123/118/106 1830/1439/1292 1124/119/107
f 1830/1439/1292 1829/1437/1291 1093/1438/978
f 1830/1439/1292 1093/1438/978 1095/1440/1293
f 1124/119/107 1830/1439/1292 1831/1441/1294
f 1124/119/107 1831/1441/1294 1125/120/108
f 1831/1441/1294 1830/1439/1292 1095/1440/1293
f 1831/1441/1294 1095/1440/1293 1097/1442/1054
f 1125/120/108 1831/1441/1294 1832/1443/1295
f 1125/120/108 1832/1443/1295 1126/121/109
f 1832/1443/1295 1831/1441/1294 1097/1442/1054
f 1832/1443/1295 1097/1442/1054 1099/1444/1296
f 1126/121/109 1832/1443/1295 1833/1445/1297
f 1126/121/109 1833/1445/1297 1127/122/110
f 1833/1445/1297 1832/1443/1295 1099/1444/1296
f 1833/1445/1297 1099/1444/1296 1101/1446/1069
f 1127/122/110 1833/1445/1297 1834/1447/1298
f 1127/122/110 1834/1447/1298 1128/123/111
f 1834/1447/1298 1833/1445/1297 1101/1446/1069
f 1834/1447/1298 1101/1446/1069 1103/1448/1075
f 1128/123/111 1834/1447/1298 1835/1449/1299
f 1128/123/111 1835/1449/1299 1129/124/112
f 1835/1449/1299 1834/1447/1298 1103/1448/1075
f 1835/1449/1299 1103/1448/1075 1105/1450/1300
f 1129/124/112 1835/1449/1299 1836/1451/1301
f 1129/124/112 1836/1451/1301 1130/125/113
f 1836/1451/1301 1835/1449/1299 1105/1450/1300
f 1836/1451/1301 1105/1450/1300 1107/1452/1093
f 1130/125/113 1836/1451/1301 1837/1453/1302
f 1130/125/113 1837/1453/1302 1131/126/114
f 1837/1453/1302 1836/1451/1301 1107/1452/1093
f 1837/1453/1302 1107/1452/1093 1109/1454/1050
f 1131/126/114 1837/1453/1302 1838/1455/1303
f 1131/126/114 1838/1455/1303 1132/127/115
f 1838/1455/1303 1837/1453/1302 1109/1454/1050
f 1838/1455/1303 1109/1454/1050 1111/1456/1304
f 1132/127/115 1838/1455/1303 1820/1230/1095
f 1132/127/115 1820/1230/1095 1113/128/116
f 1820/1230/1095 1838/1455/1303 1111/1456/1304
f 1820/1230/1095 1111/1456/1304 1074/1419/1060
f 1985/1229/1094 1740/1183/1051 1970/1179/1047
f 1985/1229/1094 1970/1179/1047 1755/1227/1092
f 2088/1457/1305 2087/1458/1306 1274/1100/969
f 2088/1457/1305 1274/1100/969 1275/1105/973
f 1839/1459/6 1842/1460/6 1136/1461/1307
f 1839/1459/6 1136/1461/1307 1134/1462/1120
f 1843/1463/6 1839/1459/6 1134/1462/1120
f 1843/1463/6 1134/1462/1120 1139/1464/1130
f 1845/1465/6 1843/1463/6 1139/1464/1130
f 1845/1465/6 1139/1464/1130 1141/1466/1134
f 1847/1467/6 1845/1465/6 1141/1466/1134
f 1847/1467/6 1141/1466/1134 1143/1468/1308
f 1849/1469/6 1847/1467/6 1143/1468/1308
f 1849/1469/6 1143/1468/1308 1145/1470/1309
f 1851/1471/6 1849/1469/6 1145/1470/1309
f 1851/1471/6 1145/1470/1309 1146/1472/1310
f 1854/1473/6 1851/1471/6 1146/1472/1310
f 1854/1473/6 1146/1472/1310 1148/1474/1170
f 1855/1475/6 1854/1473/6 1148/1474/1170
f 1855/1475/6 1148/1474/1170 1150/1476/1184
f 1857/1477/6 1855/1475/6 1150/1476/1184
f 1857/1477/6 1150/1476/1184 1152/1478/1193
f 1859/1479/6 1857/1477/6 1152/1478/1193
f 1859/1479/6 1152/1478/1193 1154/1480/1311
f 1862/1481/6 1859/1479/6 1154/1480/1311
f 1862/1481/6 1154/1480/1311 1156/1482/1206
f 1864/1483/6 1862/1481/6 1156/1482/1206
f 1864/1483/6 1156/1482/1206 1158/1484/1220
f 1865/1485/6 1864/1483/6 1158/1484/1220
f 1865/1485/6 1158/1484/1220 1160/1486/1312
f 1867/1487/6 1865/1485/6 1160/1486/1312
f 1867/1487/6 1160/1486/1312 1162/1488/1313
f 1870/1489/6 1867/1487/6 1162/1488/1313
f 1870/1489/6 1162/1488/1313 1164/1490/1249
f 1872/1491/6 1870/1489/6 1164/1490/1249
f 1872/1491/6 1164/1490/1249 1166/1492/1256
f 1873/1493/6 1872/1491/6 1166/1492/1256
f 1873/1493/6 1166/1492/1256 1168/1494/1262
f 1875/1495/6 1873/1493/6 1168/1494/1262
f 1875/1495/6 1168/1494/1262 1170/1496/1269
f 1878/1497/6 1875/1495/6 1170/1496/1269
f 1878/1497/6 1170/1496/1269 1172/1498/1278
s 0
f 976/157/6 1841/1460/6 1840/1459/6
f 976/157/6 1840/1459/6 981/156/6
s 1
f 1842/1460/6 1878/1497/6 1172/1498/1278
f 1842/1460/6 1172/1498/1278 1136/1461/1307
s 0
f 1840/1459/6 1844/1463/6 986/154/6
f 1840/1459/6 986/154/6 981/156/6
f 1844/1463/6 1846/1465/6 991/153/6
f 1844/1463/6 991/153/6 986/154/6
f 1846/1465/6 1848/1467/6 996/149/6
f 1846/1465/6 996/149/6 991/153/6
f 1848/1467/6 1850/1469/6 1001/150/6
f 1848/1467/6 1001/150/6 996/149/6
f 1850/1469/6 1852/1471/6 1006/106/6
f 1850/1469/6 1006/106/6 1001/150/6
f 1852/1471/6 1853/1473/6 1011/107/6
f 1852/1471/6 1011/107/6 1006/106/6
f 1853/1473/6 1856/1475/6 1016/147/6
f 1853/1473/6 1016/147/6 1011/107/6
f 1856/1475/6 1858/1477/6 1021/146/6
f 1856/1475/6 1021/146/6 1016/147/6
f 1858/1477/6 1860/1479/6 1026/144/6
f 1858/1477/6 1026/144/6 1021/146/6
f 1860/1479/6 1861/1481/6 1031/129/6
f 1860/1479/6 1031/129/6 1026/144/6
f 1861/1481/6 1863/1483/6 1036/130/6
f 1861/1481/6 1036/130/6 1031/129/6
f 1863/1483/6 1866/1485/6 1041/164/6
f 1863/1483/6 1041/164/6 1036/130/6
f 1866/1485/6 1868/1487/6 1046/163/6
f 1866/1485/6 1046/163/6 1041/164/6
f 1868/1487/6 1869/1489/6 1051/162/6
f 1868/1487/6 1051/162/6 1046/163/6
f 1869/1489/6 1871/1491/6 1056/131/6
f 1869/1489/6 1056/131/6 1051/162/6
f 1871/1491/6 1874/1493/6 1061/132/6
f 1871/1491/6 1061/132/6 1056/131/6
f 1874/1493/6 1876/1495/6 1066/160/6
f 1874/1493/6 1066/160/6 1061/132/6
f 1876/1495/6 1877/1497/6 1071/159/6
f 1876/1495/6 1071/159/6 1066/160/6
f 1877/1497/6 1841/1460/6 976/157/6
f 1877/1497/6 976/157/6 1071/159/6
s 1
f 975/1414/1276 1880/1499/1117 1899/1416/1277
f 975/1414/1276 1899/1416/1277 1070/1409/1274
f 1216/1500/1314 1901/1501/1315 1900/1502/1316
f 1216/1500/1314 1900/1502/1316 1218/1503/1317
f 1899/1416/1277 1880/1499/1117 1137/1504/1318
f 1899/1416/1277 1137/1504/1318 1173/1418/1278
f 1900/1502/1316 1901/1501/1315 1174/1505/1319
f 1900/1502/1316 1174/1505/1319 1176/1506/1320
f 1216/1500/1314 1220/1507/1321 1902/1508/1322
f 1216/1500/1314 1902/1508/1322 1901/1501/1315
f 1901/1501/1315 1902/1508/1322 1179/1509/1323
f 1901/1501/1315 1179/1509/1323 1174/1505/1319
f 1220/1507/1321 1222/1510/1324 1903/1511/1325
f 1220/1507/1321 1903/1511/1325 1902/1508/1322
f 1902/1508/1322 1903/1511/1325 1181/1512/1326
f 1902/1508/1322 1181/1512/1326 1179/1509/1323
f 1224/1513/1327 1904/1514/1328 1903/1511/1325
f 1224/1513/1327 1903/1511/1325 1222/1510/1324
f 1903/1511/1325 1904/1514/1328 1183/1515/1329
f 1903/1511/1325 1183/1515/1329 1181/1512/1326
f 1226/1516/1330 1905/1517/1331 1904/1514/1328
f 1226/1516/1330 1904/1514/1328 1224/1513/1327
f 1904/1514/1328 1905/1517/1331 1185/1518/1144
f 1904/1514/1328 1185/1518/1144 1183/1515/1329
f 1226/1516/1330 1228/1519/1332 1906/1520/1333
f 1226/1516/1330 1906/1520/1333 1905/1517/1331
f 1905/1517/1331 1906/1520/1333 1187/1521/1334
f 1905/1517/1331 1187/1521/1334 1185/1518/1144
f 1228/1519/1332 1230/1522/1335 1907/1523/1336
f 1228/1519/1332 1907/1523/1336 1906/1520/1333
f 1906/1520/1333 1907/1523/1336 1189/1524/1337
f 1906/1520/1333 1189/1524/1337 1187/1521/1334
f 1231/1525/1338 1908/1526/1339 1907/1523/1336
f 1231/1525/1338 1907/1523/1336 1230/1522/1335
f 1907/1523/1336 1908/1526/1339 1191/1527/1340
f 1907/1523/1336 1191/1527/1340 1189/1524/1337
f 1233/1528/1341 1909/1529/1342 1908/1526/1339
f 1233/1528/1341 1908/1526/1339 1231/1525/1338
f 1908/1526/1339 1909/1529/1342 1193/1530/1343
f 1908/1526/1339 1193/1530/1343 1191/1527/1340
f 1233/1528/1341 1235/1531/1344 1910/1532/1345
f 1233/1528/1341 1910/1532/1345 1909/1529/1342
f 1909/1529/1342 1910/1532/1345 1195/1533/1187
f 1909/1529/1342 1195/1533/1187 1193/1530/1343
f 1237/1534/1346 1911/1535/1347 1910/1532/1345
f 1237/1534/1346 1910/1532/1345 1235/1531/1344
f 1910/1532/1345 1911/1535/1347 1197/1536/1348
f 1910/1532/1345 1197/1536/1348 1195/1533/1187
f 1239/1537/1349 1912/1538/1350 1911/1535/1347
f 1239/1537/1349 1911/1535/1347 1237/1534/1346
f 1911/1535/1347 1912/1538/1350 1200/1539/1351
f 1911/1535/1347 1200/1539/1351 1197/1536/1348
f 1239/1537/1349 1241/1540/1352 1913/1541/1353
f 1239/1537/1349 1913/1541/1353 1912/1538/1350
f 1912/1538/1350 1913/1541/1353 1201/1542/1354
f 1912/1538/1350 1201/1542/1354 1200/1539/1351
f 1241/1540/1352 1243/1543/1355 1914/1544/1356
f 1241/1540/1352 1914/1544/1356 1913/1541/1353
f 1913/1541/1353 1914/1544/1356 1203/1545/1223
f 1913/1541/1353 1203/1545/1223 1201/1542/1354
f 1245/1546/1357 1915/1547/1358 1914/1544/1356
f 1245/1546/1357 1914/1544/1356 1243/1543/1355
f 1914/1544/1356 1915/1547/1358 1205/1548/1236
f 1914/1544/1356 1205/1548/1236 1203/1545/1223
f 1247/1549/1359 1916/1550/1360 1915/1547/1358
f 1247/1549/1359 1915/1547/1358 1245/1546/1357
f 1915/1547/1358 1916/1550/1360 1207/1551/1361
f 1915/1547/1358 1207/1551/1361 1205/1548/1236
f 1247/1549/1359 1249/1552/1362 1917/1553/1363
f 1247/1549/1359 1917/1553/1363 1916/1550/1360
f 1916/1550/1360 1917/1553/1363 1209/1554/1364
f 1916/1550/1360 1209/1554/1364 1207/1551/1361
f 1249/1552/1362 1252/1555/1365 1918/1556/1366
f 1249/1552/1362 1918/1556/1366 1917/1553/1363
f 1917/1553/1363 1918/1556/1366 1211/1557/1367
f 1917/1553/1363 1211/1557/1367 1209/1554/1364
f 1254/1558/1368 1919/1559/1369 1918/1556/1366
f 1254/1558/1368 1918/1556/1366 1252/1555/1365
f 1918/1556/1366 1919/1559/1369 1213/1560/1370
f 1918/1556/1366 1213/1560/1370 1211/1557/1367
f 1218/1503/1317 1900/1502/1316 1919/1559/1369
f 1218/1503/1317 1919/1559/1369 1254/1558/1368
f 1919/1559/1369 1900/1502/1316 1176/1506/1320
f 1919/1559/1369 1176/1506/1320 1213/1560/1370
s 0
f 982/136/3 1219/1507/3 1215/1500/3
f 982/136/3 1215/1500/3 977/137/3
f 987/135/3 1221/1510/3 1219/1507/3
f 987/135/3 1219/1507/3 982/136/3
f 992/133/3 1223/1513/3 1221/1510/3
f 992/133/3 1221/1510/3 987/135/3
f 997/134/3 1225/1516/3 1223/1513/3
f 997/134/3 1223/1513/3 992/133/3
f 1002/161/3 1227/1519/3 1225/1516/3
f 1002/161/3 1225/1516/3 997/134/3
f 1007/158/3 1229/1522/3 1227/1519/3
f 1007/158/3 1227/1519/3 1002/161/3
f 1012/155/3 1232/1525/3 1229/1522/3
f 1012/155/3 1229/1522/3 1007/158/3
f 1017/151/3 1234/1528/3 1232/1525/3
f 1017/151/3 1232/1525/3 1012/155/3
f 1022/152/3 1236/1531/3 1234/1528/3
f 1022/152/3 1234/1528/3 1017/151/3
f 1027/148/3 1238/1534/3 1236/1531/3
f 1027/148/3 1236/1531/3 1022/152/3
f 1032/145/3 1240/1537/3 1238/1534/3
f 1032/145/3 1238/1534/3 1027/148/3
f 1037/143/3 1242/1540/3 1240/1537/3
f 1037/143/3 1240/1537/3 1032/145/3
f 1042/142/3 1244/1543/3 1242/1540/3
f 1042/142/3 1242/1540/3 1037/143/3
f 1047/104/3 1246/1546/3 1244/1543/3
f 1047/104/3 1244/1543/3 1042/142/3
f 1052/103/3 1248/1549/3 1246/1546/3
f 1052/103/3 1246/1546/3 1047/104/3
f 1057/141/3 1250/1552/3 1248/1549/3
f 1057/141/3 1248/1549/3 1052/103/3
f 1062/140/3 1251/1555/3 1250/1552/3
f 1062/140/3 1250/1552/3 1057/141/3
f 1067/139/3 1253/1558/3 1251/1555/3
f 1067/139/3 1251/1555/3 1062/140/3
f 1217/1503/3 1253/1558/3 1067/139/3
f 1217/1503/3 1067/139/3 969/138/3
f 977/137/3 1215/1500/3 1217/1503/3
f 977/137/3 1217/1503/3 969/138/3
s 1
f 2087/1458/1306 2086/1561/1371 1273/1099/968
f 2087/1458/1306 1273/1099/968 1274/1100/969
f 1255/1106/974 2132/1562/1372 2088/1457/1305
f 1255/1106/974 2088/1457/1305 1275/1105/973
f 2086/1561/1371 2085/1563/1373 1272/1096/965
f 2086/1561/1371 1272/1096/965 1273/1099/968
f 2085/1563/1373 2084/1564/1374 1271/1093/962
f 2085/1563/1373 1271/1093/962 1272/1096/965
f 2084/1564/1374 2083/1565/1375 1270/1090/959
f 2084/1564/1374 1270/1090/959 1271/1093/962
f 2083/1565/1375 2082/1566/1376 1269/1087/956
f 2083/1565/1375 1269/1087/956 1270/1090/959
f 2082/1566/1376 2081/1567/1377 1268/1084/953
f 2082/1566/1376 1268/1084/953 1269/1087/956
f 2081/1567/1377 2080/1568/1378 1267/1081/950
f 2081/1567/1377 1267/1081/950 1268/1084/953
f 2080/1568/1378 2079/1569/1379 1266/1078/947
f 2080/1568/1378 1266/1078/947 1267/1081/950
f 2079/1569/1379 2078/1570/1380 1265/1075/944
f 2079/1569/1379 1265/1075/944 1266/1078/947
f 2078/1570/1380 2077/1571/1381 1264/1072/941
f 2078/1570/1380 1264/1072/941 1265/1075/944
f 2077/1571/1381 2076/1572/1382 1263/1069/938
f 2077/1571/1381 1263/1069/938 1264/1072/941
f 2076/1572/1382 2075/1573/1383 1262/1066/935
f 2076/1572/1382 1262/1066/935 1263/1069/938
f 2075/1573/1383 2074/1574/1384 1261/1063/932
f 2075/1573/1383 1261/1063/932 1262/1066/935
f 2074/1574/1384 2073/1575/1385 1260/1060/929
f 2074/1574/1384 1260/1060/929 1261/1063/932
f 2073/1575/1385 2072/1576/1386 1259/1057/926
f 2073/1575/1385 1259/1057/926 1260/1060/929
f 2072/1576/1386 2071/1577/1387 1258/1054/923
f 2072/1576/1386 1258/1054/923 1259/1057/926
f 2071/1577/1387 2070/1578/1388 1257/1050/919
f 2071/1577/1387 1257/1050/919 1258/1054/923
f 2070/1578/1388 2131/1579/1389 1256/1051/920
f 2070/1578/1388 1256/1051/920 1257/1050/919
f 854/1580/122 1276/1581/1390 1278/1582/1391
f 854/1580/122 1278/1582/1391 850/1583/1392
f 858/1584/117 1281/1585/1393 1276/1581/1390
f 858/1584/117 1276/1581/1390 854/1580/122
f 862/1586/118 1283/1587/1394 1281/1585/1393
f 862/1586/118 1281/1585/1393 858/1584/117
f 866/1588/1395 1285/1589/1396 1283/1587/1394
f 866/1588/1395 1283/1587/1394 862/1586/118
f 870/1590/120 1287/1591/1397 1285/1589/1396
f 870/1590/120 1285/1589/1396 866/1588/1395
f 874/1592/1398 1289/1593/1399 1287/1591/1397
f 874/1592/1398 1287/1591/1397 870/1590/120
f 878/1594/133 1291/1595/1400 1289/1593/1399
f 878/1594/133 1289/1593/1399 874/1592/1398
f 882/1596/134 1293/1597/1401 1291/1595/1400
f 882/1596/134 1291/1595/1400 878/1594/133
f 886/1598/132 1295/1599/1402 1293/1597/1401
f 886/1598/132 1293/1597/1401 882/1596/134
f 890/1600/130 1297/1601/1403 1295/1599/1402
f 890/1600/130 1295/1599/1402 886/1598/132
f 894/1602/1404 1300/1603/1405 1297/1601/1403
f 894/1602/1404 1297/1601/1403 890/1600/130
f 898/1604/129 1302/1605/1406 1300/1603/1405
f 898/1604/129 1300/1603/1405 894/1602/1404
f 902/1606/128 1304/1607/1407 1302/1605/1406
f 902/1606/128 1302/1605/1406 898/1604/129
f 906/1608/1408 1305/1609/1409 1304/1607/1407
f 906/1608/1408 1304/1607/1407 902/1606/128
f 910/1610/127 1307/1611/1410 1305/1609/1409
f 910/1610/127 1305/1609/1409 906/1608/1408
f 914/1612/1411 1309/1613/1412 1307/1611/1410
f 914/1612/1411 1307/1611/1410 910/1610/127
f 918/1614/95 1311/1615/1413 1309/1613/1412
f 918/1614/95 1309/1613/1412 914/1612/1411
f 922/1616/125 1313/1617/1414 1311/1615/1413
f 922/1616/125 1311/1615/1413 918/1614/95
f 926/1618/1415 1315/1619/1416 1313/1617/1414
f 926/1618/1415 1313/1617/1414 922/1616/125
f 1278/1582/1391 1315/1619/1416 926/1618/1415
f 1278/1582/1391 926/1618/1415 850/1583/1392
f 1337/1620/1417 1317/1621/1418 1696/1622/1419
f 1337/1620/1417 1696/1622/1419 1963/1623/1420
f 1317/1621/1418 1318/1624/1421 1697/1625/1422
f 1317/1621/1418 1697/1625/1422 1696/1622/1419
f 1963/1623/1420 1696/1622/1419 932/1626/1423
f 1963/1623/1420 932/1626/1423 929/1627/983
f 1318/1624/1421 1319/1628/1424 1698/1629/1425
f 1318/1624/1421 1698/1629/1425 1697/1625/1422
f 1696/1622/1419 1697/1625/1422 933/1630/987
f 1696/1622/1419 933/1630/987 932/1626/1423
f 1319/1628/1424 1320/1631/1426 1699/1632/1427
f 1319/1628/1424 1699/1632/1427 1698/1629/1425
f 1697/1625/1422 1698/1629/1425 936/1633/990
f 1697/1625/1422 936/1633/990 933/1630/987
f 1320/1631/1426 1321/1634/1428 1700/1635/1429
f 1320/1631/1426 1700/1635/1429 1699/1632/1427
f 1698/1629/1425 1699/1632/1427 938/1636/993
f 1698/1629/1425 938/1636/993 936/1633/990
f 1321/1634/1428 1322/1637/1430 1701/1638/1431
f 1321/1634/1428 1701/1638/1431 1700/1635/1429
f 1699/1632/1427 1700/1635/1429 940/1639/996
f 1699/1632/1427 940/1639/996 938/1636/993
f 1322/1637/1430 1323/1640/1432 1702/1641/1433
f 1322/1637/1430 1702/1641/1433 1701/1638/1431
f 1700/1635/1429 1701/1638/1431 942/1642/1434
f 1700/1635/1429 942/1642/1434 940/1639/996
f 1323/1640/1432 1324/1643/1435 1703/1644/1436
f 1323/1640/1432 1703/1644/1436 1702/1641/1433
f 1701/1638/1431 1702/1641/1433 944/1645/1002
f 1701/1638/1431 944/1645/1002 942/1642/1434
f 1324/1643/1435 1325/1646/1437 1704/1647/1438
f 1324/1643/1435 1704/1647/1438 1703/1644/1436
f 1702/1641/1433 1703/1644/1436 946/1648/1005
f 1702/1641/1433 946/1648/1005 944/1645/1002
f 1325/1646/1437 1326/1649/1439 1705/1650/1440
f 1325/1646/1437 1705/1650/1440 1704/1647/1438
f 1703/1644/1436 1704/1647/1438 948/1651/1008
f 1703/1644/1436 948/1651/1008 946/1648/1005
f 1326/1649/1439 1327/1652/1441 1706/1653/1442
f 1326/1649/1439 1706/1653/1442 1705/1650/1440
f 1704/1647/1438 1705/1650/1440 950/1654/1011
f 1704/1647/1438 950/1654/1011 948/1651/1008
f 1327/1652/1441 1328/1655/1443 1707/1656/1444
f 1327/1652/1441 1707/1656/1444 1706/1653/1442
f 1705/1650/1440 1706/1653/1442 952/1657/1445
f 1705/1650/1440 952/1657/1445 950/1654/1011
f 1328/1655/1443 1329/1658/1446 1708/1659/1447
f 1328/1655/1443 1708/1659/1447 1707/1656/1444
f 1706/1653/1442 1707/1656/1444 954/1660/1017
f 1706/1653/1442 954/1660/1017 952/1657/1445
f 1329/1658/1446 1330/1661/1448 1709/1662/1449
f 1329/1658/1446 1709/1662/1449 1708/1659/1447
f 1707/1656/1444 1708/1659/1447 956/1663/1020
f 1707/1656/1444 956/1663/1020 954/1660/1017
f 1330/1661/1448 1331/1664/1450 1710/1665/1451
f 1330/1661/1448 1710/1665/1451 1709/1662/1449
f 1708/1659/1447 1709/1662/1449 958/1666/1023
f 1708/1659/1447 958/1666/1023 956/1663/1020
f 1331/1664/1450 1332/1667/1452 1711/1668/1453
f 1331/1664/1450 1711/1668/1453 1710/1665/1451
f 1709/1662/1449 1710/1665/1451 960/1669/1026
f 1709/1662/1449 960/1669/1026 958/1666/1023
f 1332/1667/1452 1333/1670/1454 1712/1671/1455
f 1332/1667/1452 1712/1671/1455 1711/1668/1453
f 1710/1665/1451 1711/1668/1453 962/1672/1456
f 1710/1665/1451 962/1672/1456 960/1669/1026
f 1333/1670/1454 1334/1673/1457 1713/1674/1458
f 1333/1670/1454 1713/1674/1458 1712/1671/1455
f 1711/1668/1453 1712/1671/1455 964/1675/1032
f 1711/1668/1453 964/1675/1032 962/1672/1456
f 1334/1673/1457 1335/1676/1459 1714/1677/1460
f 1334/1673/1457 1714/1677/1460 1713/1674/1458
f 1712/1671/1455 1713/1674/1458 966/1678/1035
f 1712/1671/1455 966/1678/1035 964/1675/1032
f 1335/1676/1459 1336/1679/1461 1964/1680/1462
f 1335/1676/1459 1964/1680/1462 1714/1677/1460
f 1713/1674/1458 1714/1677/1460 968/1681/1038
f 1713/1674/1458 968/1681/1038 966/1678/1035
f 917/1682/1463 921/1683/1464 1740/1183/1051
f 917/1682/1463 1740/1183/1051 1985/1229/1094
f 1714/1677/1460 1964/1680/1462 930/1684/983
f 1714/1677/1460 930/1684/983 968/1681/1038
f 856/1685/1465 861/1686/1466 1738/1177/1045
f 856/1685/1465 1738/1177/1045 1984/1226/1091
f 885/1687/1467 889/1688/1468 1736/1171/1039
f 885/1687/1467 1736/1171/1039 1983/1223/1088
f 913/1689/1469 917/1682/1463 1985/1229/1094
f 913/1689/1469 1985/1229/1094 1982/1220/1085
f 853/1690/1470 856/1685/1465 1984/1226/1091
f 853/1690/1470 1984/1226/1091 1981/1217/1082
f 881/1691/1471 885/1687/1467 1983/1223/1088
f 881/1691/1471 1983/1223/1088 1980/1211/1079
f 909/1692/1472 913/1689/1469 1982/1220/1085
f 909/1692/1472 1982/1220/1085 1979/1208/1076
f 849/1693/1473 853/1690/1470 1981/1217/1082
f 849/1693/1473 1981/1217/1082 1973/1216/1061
f 877/1694/1474 881/1691/1471 1980/1211/1079
f 877/1694/1474 1980/1211/1079 1978/1205/1073
f 905/1695/1475 909/1692/1472 1979/1208/1076
f 905/1695/1475 1979/1208/1076 1977/1202/1070
f 873/1696/1476 877/1694/1474 1978/1205/1073
f 873/1696/1476 1978/1205/1073 1976/1199/1067
f 901/1697/1477 905/1695/1475 1977/1202/1070
f 901/1697/1477 1977/1202/1070 1975/1196/1064
f 869/1698/1478 873/1696/1476 1976/1199/1067
f 869/1698/1478 1976/1199/1067 1972/1190/1058
f 897/1699/1479 901/1697/1477 1975/1196/1064
f 897/1699/1479 1975/1196/1064 1971/1187/1055
f 925/1700/1480 848/1701/1473 1974/1193/1061
f 925/1700/1480 1974/1193/1061 1969/1184/1052
f 865/1702/1481 869/1698/1478 1972/1190/1058
f 865/1702/1481 1972/1190/1058 1967/1178/1046
f 893/1703/1482 897/1699/1479 1971/1187/1055
f 893/1703/1482 1971/1187/1055 1965/1172/1040
f 921/1683/1464 925/1700/1480 1969/1184/1052
f 921/1683/1464 1969/1184/1052 1740/1183/1051
f 861/1686/1466 865/1702/1481 1967/1178/1046
f 861/1686/1466 1967/1178/1046 1738/1177/1045
f 889/1688/1468 893/1703/1482 1965/1172/1040
f 889/1688/1468 1965/1172/1040 1736/1171/1039
f 1391/1704/1483 1394/1705/1484 2053/1706/1485
f 1391/1704/1483 2053/1706/1485 1942/1707/1486
f 1942/1707/1486 2053/1706/1485 1465/1708/1487
f 1942/1707/1486 1465/1708/1487 1461/1709/1488
f 1342/1710/1489 1345/1711/1490 1990/1712/1491
f 1342/1710/1489 1990/1712/1491 1987/1713/1492
f 1327/1652/1441 2049/1714/1493 2052/1715/1494
f 1327/1652/1441 2052/1715/1494 1328/1655/1443
f 1987/1713/1492 1990/1712/1491 1346/1716/1495
f 1987/1713/1492 1346/1716/1495 1338/1717/1496
f 2052/1715/1494 2049/1714/1493 1444/1718/1497
f 2052/1715/1494 1444/1718/1497 1448/1719/1498
f 1345/1711/1490 1348/1720/1499 1992/1721/1500
f 1345/1711/1490 1992/1721/1500 1990/1712/1491
f 1370/1722/1501 1373/1723/1502 2051/1724/1503
f 1370/1722/1501 2051/1724/1503 1944/1725/1504
f 1990/1712/1491 1992/1721/1500 1349/1726/1505
f 1990/1712/1491 1349/1726/1505 1346/1716/1495
f 1944/1725/1504 2051/1724/1503 1437/1727/1506
f 1944/1725/1504 1437/1727/1506 1434/1728/1507
f 1348/1720/1499 1351/1729/1508 1994/1730/1509
f 1348/1720/1499 1994/1730/1509 1992/1721/1500
f 1349/1726/1505 1352/1731/1510 2050/1732/1511
f 1349/1726/1505 2050/1732/1511 1945/1733/1512
f 1992/1721/1500 1994/1730/1509 1352/1731/1510
f 1992/1721/1500 1352/1731/1510 1349/1726/1505
f 1945/1733/1512 2050/1732/1511 1410/1734/1513
f 1945/1733/1512 1410/1734/1513 1405/1735/1514
f 1351/1729/1508 1354/1736/1515 1996/1737/1516
f 1351/1729/1508 1996/1737/1516 1994/1730/1509
f 1326/1649/1439 1943/1738/1517 2049/1714/1493
f 1326/1649/1439 2049/1714/1493 1327/1652/1441
f 1994/1730/1509 1996/1737/1516 1355/1739/1518
f 1994/1730/1509 1355/1739/1518 1352/1731/1510
f 2049/1714/1493 1943/1738/1517 1440/1740/1519
f 2049/1714/1493 1440/1740/1519 1444/1718/1497
f 1354/1736/1515 1357/1741/1520 1998/1742/1521
f 1354/1736/1515 1998/1742/1521 1996/1737/1516
f 1388/1743/1522 1391/1704/1483 1942/1707/1486
f 1388/1743/1522 1942/1707/1486 1947/1744/1523
f 1996/1737/1516 1998/1742/1521 1358/1745/1524
f 1996/1737/1516 1358/1745/1524 1355/1739/1518
f 1947/1744/1523 1942/1707/1486 1461/1709/1488
f 1947/1744/1523 1461/1709/1488 1457/1746/1525
f 1357/1741/1520 1360/1747/1526 2000/1748/1527
f 1357/1741/1520 2000/1748/1527 1998/1742/1521
f 1325/1646/1437 1946/1749/1528 1943/1738/1517
f 1325/1646/1437 1943/1738/1517 1326/1649/1439
f 1998/1742/1521 2000/1748/1527 1361/1750/1529
f 1998/1742/1521 1361/1750/1529 1358/1745/1524
f 1943/1738/1517 1946/1749/1528 1436/1751/1530
f 1943/1738/1517 1436/1751/1530 1440/1740/1519
f 1360/1747/1526 1363/1752/1531 2002/1753/1532
f 1360/1747/1526 2002/1753/1532 2000/1748/1527
f 1367/1754/1533 1370/1722/1501 1944/1725/1504
f 1367/1754/1533 1944/1725/1504 1949/1755/1534
f 2000/1748/1527 2002/1753/1532 1364/1756/1535
f 2000/1748/1527 1364/1756/1535 1361/1750/1529
f 1949/1755/1534 1944/1725/1504 1434/1728/1507
f 1949/1755/1534 1434/1728/1507 1429/1757/1536
f 1363/1752/1531 1365/1758/1537 2004/1759/1538
f 1363/1752/1531 2004/1759/1538 2002/1753/1532
f 1346/1716/1495 1349/1726/1505 1945/1733/1512
f 1346/1716/1495 1945/1733/1512 1952/1760/1539
f 2002/1753/1532 2004/1759/1538 1367/1754/1533
f 2002/1753/1532 1367/1754/1533 1364/1756/1535
f 1952/1760/1539 1945/1733/1512 1405/1735/1514
f 1952/1760/1539 1405/1735/1514 1402/1761/1540
f 1365/1758/1537 1368/1762/1541 2006/1763/1542
f 1365/1758/1537 2006/1763/1542 2004/1759/1538
f 1324/1643/1435 1948/1764/1543 1946/1749/1528
f 1324/1643/1435 1946/1749/1528 1325/1646/1437
f 2004/1759/1538 2006/1763/1542 1370/1722/1501
f 2004/1759/1538 1370/1722/1501 1367/1754/1533
f 1946/1749/1528 1948/1764/1543 1432/1765/1544
f 1946/1749/1528 1432/1765/1544 1436/1751/1530
f 1368/1762/1541 1371/1766/1545 2008/1767/1546
f 1368/1762/1541 2008/1767/1546 2006/1763/1542
f 1385/1768/1547 1388/1743/1522 1947/1744/1523
f 1385/1768/1547 1947/1744/1523 1957/1769/1548
f 2006/1763/1542 2008/1767/1546 1373/1723/1502
f 2006/1763/1542 1373/1723/1502 1370/1722/1501
f 1957/1769/1548 1947/1744/1523 1457/1746/1525
f 1957/1769/1548 1457/1746/1525 1454/1770/1549
f 1371/1766/1545 1374/1771/1550 2010/1772/1551
f 1371/1766/1545 2010/1772/1551 2008/1767/1546
f 1323/1640/1432 1953/1773/1552 1948/1764/1543
f 1323/1640/1432 1948/1764/1543 1324/1643/1435
f 2008/1767/1546 2010/1772/1551 1376/1774/1553
f 2008/1767/1546 1376/1774/1553 1373/1723/1502
f 1948/1764/1543 1953/1773/1552 1427/1775/1554
f 1948/1764/1543 1427/1775/1554 1432/1765/1544
f 1374/1771/1550 1377/1776/1555 2012/1777/1556
f 1374/1771/1550 2012/1777/1556 2010/1772/1551
f 1364/1756/1535 1367/1754/1533 1949/1755/1534
f 1364/1756/1535 1949/1755/1534 1961/1778/1557
f 2010/1772/1551 2012/1777/1556 1379/1779/1558
f 2010/1772/1551 1379/1779/1558 1376/1774/1553
f 1961/1778/1557 1949/1755/1534 1429/1757/1536
f 1961/1778/1557 1429/1757/1536 1425/1780/1559
f 1377/1776/1555 1380/1781/1560 2014/1782/1561
f 1377/1776/1555 2014/1782/1561 2012/1777/1556
f 1338/1717/1496 1346/1716/1495 1952/1760/1539
f 1338/1717/1496 1952/1760/1539 1950/1783/1562
f 2012/1777/1556 2014/1782/1561 1382/1784/1563
f 2012/1777/1556 1382/1784/1563 1379/1779/1558
f 1950/1783/1562 1952/1760/1539 1402/1761/1540
f 1950/1783/1562 1402/1761/1540 1482/1785/1564
f 1380/1781/1560 1383/1786/1565 2016/1787/1566
f 1380/1781/1560 2016/1787/1566 2014/1782/1561
f 1322/1637/1430 1958/1788/1567 1953/1773/1552
f 1322/1637/1430 1953/1773/1552 1323/1640/1432
f 2014/1782/1561 2016/1787/1566 1385/1768/1547
f 2014/1782/1561 1385/1768/1547 1382/1784/1563
f 1953/1773/1552 1958/1788/1567 1423/1789/1568
f 1953/1773/1552 1423/1789/1568 1427/1775/1554
f 1383/1786/1565 1386/1790/1569 2018/1791/1570
f 1383/1786/1565 2018/1791/1570 2016/1787/1566
f 1335/1676/1459 1962/1792/1571 1954/1793/1572
f 1335/1676/1459 1954/1793/1572 1336/1679/1461
f 2016/1787/1566 2018/1791/1570 1388/1743/1522
f 2016/1787/1566 1388/1743/1522 1385/1768/1547
f 1954/1793/1572 1962/1792/1571 1475/1794/1573
f 1954/1793/1572 1475/1794/1573 1477/1795/1574
f 1386/1790/1569 1389/1796/1575 2020/1797/1576
f 1386/1790/1569 2020/1797/1576 2018/1791/1570
f 1382/1784/1563 1385/1768/1547 1957/1769/1548
f 1382/1784/1563 1957/1769/1548 1956/1798/1577
f 2018/1791/1570 2020/1797/1576 1391/1704/1483
f 2018/1791/1570 1391/1704/1483 1388/1743/1522
f 1956/1798/1577 1957/1769/1548 1454/1770/1549
f 1956/1798/1577 1454/1770/1549 1450/1799/1578
f 1389/1796/1575 1392/1800/1579 2023/1801/1580
f 1389/1796/1575 2023/1801/1580 2020/1797/1576
f 1321/1634/1428 1959/1802/1581 1958/1788/1567
f 1321/1634/1428 1958/1788/1567 1322/1637/1430
f 2020/1797/1576 2023/1801/1580 1394/1705/1484
f 2020/1797/1576 1394/1705/1484 1391/1704/1483
f 1958/1788/1567 1959/1802/1581 1419/1803/1582
f 1958/1788/1567 1419/1803/1582 1423/1789/1568
f 1392/1800/1579 1396/1804/1583 2025/1805/1584
f 1392/1800/1579 2025/1805/1584 2023/1801/1580
f 1361/1750/1529 1364/1756/1535 1961/1778/1557
f 1361/1750/1529 1961/1778/1557 1960/1806/1585
f 2023/1801/1580 2025/1805/1584 1397/1807/1586
f 2023/1801/1580 1397/1807/1586 1394/1705/1484
f 1960/1806/1585 1961/1778/1557 1425/1780/1559
f 1960/1806/1585 1425/1780/1559 1422/1808/1587
f 1396/1804/1583 1399/1809/1588 2027/1810/1589
f 1396/1804/1583 2027/1810/1589 2025/1805/1584
f 1334/1673/1457 1986/1811/1590 1962/1792/1571
f 1334/1673/1457 1962/1792/1571 1335/1676/1459
f 2025/1805/1584 2027/1810/1589 1400/1812/1591
f 2025/1805/1584 1400/1812/1591 1397/1807/1586
f 1962/1792/1571 1986/1811/1590 1471/1813/1592
f 1962/1792/1571 1471/1813/1592 1475/1794/1573
f 1399/1809/1588 1343/1814/1593 1988/1815/1492
f 1399/1809/1588 1988/1815/1492 2027/1810/1589
f 1481/1816/1564 1401/1817/1540 2028/1818/1097
f 1481/1816/1564 2028/1818/1097 2048/1819/1100
f 2027/1810/1589 1988/1815/1492 1339/1820/1594
f 2027/1810/1589 1339/1820/1594 1400/1812/1591
f 1401/1817/1540 1406/1821/1514 2029/1822/1109
f 1401/1817/1540 2029/1822/1109 2028/1818/1097
f 2048/1819/1100 2028/1818/1097 1404/1823/1595
f 2048/1819/1100 1404/1823/1595 1480/1824/1596
f 1406/1821/1514 1409/1825/1513 2030/1826/1122
f 1406/1821/1514 2030/1826/1122 2029/1822/1109
f 2028/1818/1097 2029/1822/1109 1408/1827/1597
f 2028/1818/1097 1408/1827/1597 1404/1823/1595
f 1409/1825/1513 1413/1828/1598 2031/1829/1135
f 1409/1825/1513 2031/1829/1135 2030/1826/1122
f 2029/1822/1109 2030/1826/1122 1412/1830/1599
f 2029/1822/1109 1412/1830/1599 1408/1827/1597
f 1413/1828/1598 1417/1831/1600 2032/1832/1142
f 1413/1828/1598 2032/1832/1142 2031/1829/1135
f 2030/1826/1122 2031/1829/1135 1416/1833/1601
f 2030/1826/1122 1416/1833/1601 1412/1830/1599
f 1417/1831/1600 1421/1834/1602 2033/1835/1148
f 1417/1831/1600 2033/1835/1148 2032/1832/1142
f 2031/1829/1135 2032/1832/1142 1420/1836/1603
f 2031/1829/1135 1420/1836/1603 1416/1833/1601
f 1421/1834/1602 1426/1837/1604 2034/1838/1164
f 1421/1834/1602 2034/1838/1164 2033/1835/1148
f 2032/1832/1142 2033/1835/1148 1424/1839/1605
f 2032/1832/1142 1424/1839/1605 1420/1836/1603
f 1426/1837/1604 1430/1840/1606 2035/1841/1171
f 1426/1837/1604 2035/1841/1171 2034/1838/1164
f 2033/1835/1148 2034/1838/1164 1428/1842/1607
f 2033/1835/1148 1428/1842/1607 1424/1839/1605
f 1430/1840/1606 1433/1843/1608 2036/1844/1176
f 1430/1840/1606 2036/1844/1176 2035/1841/1171
f 2034/1838/1164 2035/1841/1171 1431/1845/1609
f 2034/1838/1164 1431/1845/1609 1428/1842/1607
f 1433/1843/1608 1438/1846/1506 2037/1847/1185
f 1433/1843/1608 2037/1847/1185 2036/1844/1176
f 2035/1841/1171 2036/1844/1176 1435/1848/1610
f 2035/1841/1171 1435/1848/1610 1431/1845/1609
f 1438/1846/1506 1441/1849/1611 2038/1850/1198
f 1438/1846/1506 2038/1850/1198 2037/1847/1185
f 2036/1844/1176 2037/1847/1185 1439/1851/1612
f 2036/1844/1176 1439/1851/1612 1435/1848/1610
f 1441/1849/1611 1445/1852/1613 2039/1853/1207
f 1441/1849/1611 2039/1853/1207 2038/1850/1198
f 2037/1847/1185 2038/1850/1198 1443/1854/1614
f 2037/1847/1185 1443/1854/1614 1439/1851/1612
f 1445/1852/1613 1449/1855/1615 2040/1856/1212
f 1445/1852/1613 2040/1856/1212 2039/1853/1207
f 2038/1850/1198 2039/1853/1207 1447/1857/1616
f 2038/1850/1198 1447/1857/1616 1443/1854/1614
f 1449/1855/1615 1453/1858/1617 2041/1859/1221
f 1449/1855/1615 2041/1859/1221 2040/1856/1212
f 2039/1853/1207 2040/1856/1212 1451/1860/1618
f 2039/1853/1207 1451/1860/1618 1447/1857/1616
f 1453/1858/1617 1458/1861/1619 2042/1862/1234
f 1453/1858/1617 2042/1862/1234 2041/1859/1221
f 2040/1856/1212 2041/1859/1221 1455/1863/1620
f 2040/1856/1212 1455/1863/1620 1451/1860/1618
f 1458/1861/1619 1462/1864/1621 2043/1865/1241
f 1458/1861/1619 2043/1865/1241 2042/1862/1234
f 2041/1859/1221 2042/1862/1234 1459/1866/1622
f 2041/1859/1221 1459/1866/1622 1455/1863/1620
f 1462/1864/1621 1466/1867/1487 2044/1868/1247
f 1462/1864/1621 2044/1868/1247 2043/1865/1241
f 2042/1862/1234 2043/1865/1241 1463/1869/1623
f 2042/1862/1234 1463/1869/1623 1459/1866/1622
f 1466/1867/1487 1469/1870/1624 2045/1871/1263
f 1466/1867/1487 2045/1871/1263 2044/1868/1247
f 2043/1865/1241 2044/1868/1247 1467/1872/1625
f 2043/1865/1241 1467/1872/1625 1463/1869/1623
f 1469/1870/1624 1473/1873/1626 2046/1874/1270
f 1469/1870/1624 2046/1874/1270 2045/1871/1263
f 2044/1868/1247 2045/1871/1263 1472/1875/1627
f 2044/1868/1247 1472/1875/1627 1467/1872/1625
f 1473/1873/1626 1483/1876/1564 2047/1877/1100
f 1473/1873/1626 2047/1877/1100 2046/1874/1270
f 2045/1871/1263 2046/1874/1270 1476/1878/1628
f 2045/1871/1263 1476/1878/1628 1472/1875/1627
f 1328/1655/1443 2052/1715/1494 2054/1879/1629
f 1328/1655/1443 2054/1879/1629 1329/1658/1446
f 2046/1874/1270 2047/1877/1100 1479/1880/1630
f 2046/1874/1270 1479/1880/1630 1476/1878/1628
f 2054/1879/1629 2052/1715/1494 1448/1719/1498
f 2054/1879/1629 1448/1719/1498 1452/1881/1631
f 1352/1731/1510 1355/1739/1518 2055/1882/1632
f 1352/1731/1510 2055/1882/1632 2050/1732/1511
f 2050/1732/1511 2055/1882/1632 1414/1883/1633
f 2050/1732/1511 1414/1883/1633 1410/1734/1513
f 1373/1723/1502 1376/1774/1553 2056/1884/1634
f 1373/1723/1502 2056/1884/1634 2051/1724/1503
f 2051/1724/1503 2056/1884/1634 1442/1885/1611
f 2051/1724/1503 1442/1885/1611 1437/1727/1506
f 1329/1658/1446 2054/1879/1629 2057/1886/1635
f 1329/1658/1446 2057/1886/1635 1330/1661/1448
f 2057/1886/1635 2054/1879/1629 1452/1881/1631
f 2057/1886/1635 1452/1881/1631 1456/1887/1636
f 1394/1705/1484 1397/1807/1586 2058/1888/1637
f 1394/1705/1484 2058/1888/1637 2053/1706/1485
f 2053/1706/1485 2058/1888/1637 1470/1889/1638
f 2053/1706/1485 1470/1889/1638 1465/1708/1487
f 1337/1620/1417 1955/1890/1572 2059/1891/1639
f 1337/1620/1417 2059/1891/1639 1317/1621/1418
f 2059/1891/1639 1955/1890/1572 1478/1892/1640
f 2059/1891/1639 1478/1892/1640 1403/1893/1641
f 1330/1661/1448 2057/1886/1635 2060/1894/1642
f 1330/1661/1448 2060/1894/1642 1331/1664/1450
f 2060/1894/1642 2057/1886/1635 1456/1887/1636
f 2060/1894/1642 1456/1887/1636 1460/1895/1643
f 1355/1739/1518 1358/1745/1524 2061/1896/1644
f 1355/1739/1518 2061/1896/1644 2055/1882/1632
f 2055/1882/1632 2061/1896/1644 1418/1897/1600
f 2055/1882/1632 1418/1897/1600 1414/1883/1633
f 1317/1621/1418 2059/1891/1639 2062/1898/1645
f 1317/1621/1418 2062/1898/1645 1318/1624/1421
f 2062/1898/1645 2059/1891/1639 1403/1893/1641
f 2062/1898/1645 1403/1893/1641 1407/1899/1646
f 1376/1774/1553 1379/1779/1558 2063/1900/1647
f 1376/1774/1553 2063/1900/1647 2056/1884/1634
f 2056/1884/1634 2063/1900/1647 1446/1901/1613
f 2056/1884/1634 1446/1901/1613 1442/1885/1611
f 1331/1664/1450 2060/1894/1642 2064/1902/1648
f 1331/1664/1450 2064/1902/1648 1332/1667/1452
f 2064/1902/1648 2060/1894/1642 1460/1895/1643
f 2064/1902/1648 1460/1895/1643 1464/1903/1649
f 1397/1807/1586 1400/1812/1591 2065/1904/1650
f 1397/1807/1586 2065/1904/1650 2058/1888/1637
f 2058/1888/1637 2065/1904/1650 1474/1905/1651
f 2058/1888/1637 1474/1905/1651 1470/1889/1638
f 1318/1624/1421 2062/1898/1645 2066/1906/1652
f 1318/1624/1421 2066/1906/1652 1319/1628/1424
f 2066/1906/1652 2062/1898/1645 1407/1899/1646
f 2066/1906/1652 1407/1899/1646 1411/1907/1653
f 1332/1667/1452 2064/1902/1648 2067/1908/1654
f 1332/1667/1452 2067/1908/1654 1333/1670/1454
f 2067/1908/1654 2064/1902/1648 1464/1903/1649
f 2067/1908/1654 1464/1903/1649 1468/1909/1655
f 1358/1745/1524 1361/1750/1529 1960/1806/1585
f 1358/1745/1524 1960/1806/1585 2061/1896/1644
f 2061/1896/1644 1960/1806/1585 1422/1808/1587
f 2061/1896/1644 1422/1808/1587 1418/1897/1600
f 1319/1628/1424 2066/1906/1652 2068/1910/1656
f 1319/1628/1424 2068/1910/1656 1320/1631/1426
f 2068/1910/1656 2066/1906/1652 1411/1907/1653
f 2068/1910/1656 1411/1907/1653 1415/1911/1657
f 1379/1779/1558 1382/1784/1563 1956/1798/1577
f 1379/1779/1558 1956/1798/1577 2063/1900/1647
f 2063/1900/1647 1956/1798/1577 1450/1799/1578
f 2063/1900/1647 1450/1799/1578 1446/1901/1613
f 1333/1670/1454 2067/1908/1654 1986/1811/1590
f 1333/1670/1454 1986/1811/1590 1334/1673/1457
f 1986/1811/1590 2067/1908/1654 1468/1909/1655
f 1986/1811/1590 1468/1909/1655 1471/1813/1592
f 1400/1812/1591 1339/1820/1594 1951/1912/1562
f 1400/1812/1591 1951/1912/1562 2065/1904/1650
f 2065/1904/1650 1951/1912/1562 1484/1913/1658
f 2065/1904/1650 1484/1913/1658 1474/1905/1651
f 1320/1631/1426 2068/1910/1656 1959/1802/1581
f 1320/1631/1426 1959/1802/1581 1321/1634/1428
f 1959/1802/1581 2068/1910/1656 1415/1911/1657
f 1959/1802/1581 1415/1911/1657 1419/1803/1582
f 1485/1914/1659 1489/1915/1660 2113/1916/1661
f 1485/1914/1659 2113/1916/1661 2114/1917/1662
f 2114/1917/1662 2113/1916/1661 1527/1918/1663
f 2114/1917/1662 1527/1918/1663 1567/1919/1664
f 1369/1920/1665 1993/1921/1666 2112/1922/1667
f 1369/1920/1665 2112/1922/1667 1372/1923/1668
f 2112/1922/1667 1993/1921/1666 1544/1924/1669
f 2112/1922/1667 1544/1924/1669 1546/1925/1670
f 1514/1926/1671 1516/1927/1672 2111/1928/1673
f 1514/1926/1671 2111/1928/1673 1989/1929/1674
f 1989/1929/1674 2111/1928/1673 1553/1930/1675
f 1989/1929/1674 1553/1930/1675 1551/1931/1676
f 1347/1932/1677 1997/1933/1678 2110/1934/1679
f 1347/1932/1677 2110/1934/1679 1350/1935/1680
f 2110/1934/1679 1997/1933/1678 1530/1936/1681
f 2110/1934/1679 1530/1936/1681 1532/1937/1682
f 1512/1938/1683 1514/1926/1671 1989/1929/1674
f 1512/1938/1683 1989/1929/1674 1995/1939/1684
f 1995/1939/1684 1989/1929/1674 1551/1931/1676
f 1995/1939/1684 1551/1931/1676 1549/1940/1685
f 1387/1941/1686 2001/1942/1687 1991/1943/1688
f 1387/1941/1686 1991/1943/1688 1390/1944/1689
f 1991/1943/1688 2001/1942/1687 1556/1945/1690
f 1991/1943/1688 1556/1945/1690 1558/1946/1691
f 1366/1947/1692 2003/1948/1693 1993/1921/1666
f 1366/1947/1692 1993/1921/1666 1369/1920/1665
f 1993/1921/1666 2003/1948/1693 1542/1949/1694
f 1993/1921/1666 1542/1949/1694 1544/1924/1669
f 1510/1950/1695 1512/1938/1683 1995/1939/1684
f 1510/1950/1695 1995/1939/1684 1999/1951/1696
f 1999/1951/1696 1995/1939/1684 1549/1940/1685
f 1999/1951/1696 1549/1940/1685 1547/1952/1697
f 1344/1953/1698 2007/1954/1699 1997/1933/1678
f 1344/1953/1698 1997/1933/1678 1347/1932/1677
f 1997/1933/1678 2007/1954/1699 1528/1955/1700
f 1997/1933/1678 1528/1955/1700 1530/1936/1681
f 1508/1956/1701 1510/1950/1695 1999/1951/1696
f 1508/1956/1701 1999/1951/1696 2005/1957/1702
f 2005/1957/1702 1999/1951/1696 1547/1952/1697
f 2005/1957/1702 1547/1952/1697 1545/1958/1703
f 1384/1959/1704 2011/1960/1705 2001/1942/1687
f 1384/1959/1704 2001/1942/1687 1387/1941/1686
f 2001/1942/1687 2011/1960/1705 1554/1961/1706
f 2001/1942/1687 1554/1961/1706 1556/1945/1690
f 1362/1962/1707 2015/1963/1708 2003/1948/1693
f 1362/1962/1707 2003/1948/1693 1366/1947/1692
f 2003/1948/1693 2015/1963/1708 1540/1964/1709
f 2003/1948/1693 1540/1964/1709 1542/1949/1694
f 1506/1965/1710 1508/1956/1701 2005/1957/1702
f 1506/1965/1710 2005/1957/1702 2009/1966/1711
f 2009/1966/1711 2005/1957/1702 1545/1958/1703
f 2009/1966/1711 1545/1958/1703 1543/1967/1712
f 1341/1968/1713 2022/1969/1714 2007/1954/1699
f 1341/1968/1713 2007/1954/1699 1344/1953/1698
f 2007/1954/1699 2022/1969/1714 1566/1970/1715
f 2007/1954/1699 1566/1970/1715 1528/1955/1700
f 1504/1971/1716 1506/1965/1710 2009/1966/1711
f 1504/1971/1716 2009/1966/1711 2019/1972/1717
f 2019/1972/1717 2009/1966/1711 1543/1967/1712
f 2019/1972/1717 1543/1967/1712 1541/1973/1718
f 1381/1974/1719 2013/1975/1720 2011/1960/1705
f 1381/1974/1719 2011/1960/1705 1384/1959/1704
f 2011/1960/1705 2013/1975/1720 1552/1976/1721
f 2011/1960/1705 1552/1976/1721 1554/1961/1706
f 1359/1977/1722 2017/1978/1723 2015/1963/1708
f 1359/1977/1722 2015/1963/1708 1362/1962/1707
f 2015/1963/1708 2017/1978/1723 1538/1979/1724
f 2015/1963/1708 1538/1979/1724 1540/1964/1709
f 1501/1980/1725 1504/1971/1716 2019/1972/1717
f 1501/1980/1725 2019/1972/1717 2069/1981/1726
f 2069/1981/1726 2019/1972/1717 1541/1973/1718
f 2069/1981/1726 1541/1973/1718 1539/1982/1727
f 1398/1983/1728 2024/1984/1729 2021/1985/1730
f 1398/1983/1728 2021/1985/1730 1340/1986/1713
f 2021/1985/1730 2024/1984/1729 1564/1987/1731
f 2021/1985/1730 1564/1987/1731 1565/1988/1715
f 1499/1989/1732 1501/1980/1725 2069/1981/1726
f 1499/1989/1732 2069/1981/1726 2026/1990/1733
f 2026/1990/1733 2069/1981/1726 1539/1982/1727
f 2026/1990/1733 1539/1982/1727 1537/1991/1734
f 1567/1919/1664 1527/1918/1663 2089/1992/1097
f 1567/1919/1664 2089/1992/1097 2108/1993/1100
f 1527/1918/1663 1529/1994/1735 2090/1995/1109
f 1527/1918/1663 2090/1995/1109 2089/1992/1097
f 2108/1993/1100 2089/1992/1097 1528/1955/1700
f 2108/1993/1100 1528/1955/1700 1566/1970/1715
f 1529/1994/1735 1531/1996/1736 2091/1997/1122
f 1529/1994/1735 2091/1997/1122 2090/1995/1109
f 2089/1992/1097 2090/1995/1109 1530/1936/1681
f 2089/1992/1097 1530/1936/1681 1528/1955/1700
f 1531/1996/1736 1533/1998/1737 2092/1999/1135
f 1531/1996/1736 2092/1999/1135 2091/1997/1122
f 2090/1995/1109 2091/1997/1122 1532/1937/1682
f 2090/1995/1109 1532/1937/1682 1530/1936/1681
f 1533/1998/1737 1535/2000/1738 2093/2001/1142
f 1533/1998/1737 2093/2001/1142 2092/1999/1135
f 2091/1997/1122 2092/1999/1135 1534/2002/1739
f 2091/1997/1122 1534/2002/1739 1532/1937/1682
f 1535/2000/1738 1537/1991/1734 2094/2003/1148
f 1535/2000/1738 2094/2003/1148 2093/2001/1142
f 2092/1999/1135 2093/2001/1142 1536/2004/1740
f 2092/1999/1135 1536/2004/1740 1534/2002/1739
f 1537/1991/1734 1539/1982/1727 2095/2005/1164
f 1537/1991/1734 2095/2005/1164 2094/2003/1148
f 2093/2001/1142 2094/2003/1148 1538/1979/1724
f 2093/2001/1142 1538/1979/1724 1536/2004/1740
f 1539/1982/1727 1541/1973/1718 2096/2006/1171
f 1539/1982/1727 2096/2006/1171 2095/2005/1164
f 2094/2003/1148 2095/2005/1164 1540/1964/1709
f 2094/2003/1148 1540/1964/1709 1538/1979/1724
f 1541/1973/1718 1543/1967/1712 2097/2007/1176
f 1541/1973/1718 2097/2007/1176 2096/2006/1171
f 2095/2005/1164 2096/2006/1171 1542/1949/1694
f 2095/2005/1164 1542/1949/1694 1540/1964/1709
f 1543/1967/1712 1545/1958/1703 2098/2008/1185
f 1543/1967/1712 2098/2008/1185 2097/2007/1176
f 2096/2006/1171 2097/2007/1176 1544/1924/1669
f 2096/2006/1171 1544/1924/1669 1542/1949/1694
f 1545/1958/1703 1547/1952/1697 2099/2009/1198
f 1545/1958/1703 2099/2009/1198 2098/2008/1185
f 2097/2007/1176 2098/2008/1185 1546/1925/1670
f 2097/2007/1176 1546/1925/1670 1544/1924/1669
f 1547/1952/1697 1549/1940/1685 2100/2010/1207
f 1547/1952/1697 2100/2010/1207 2099/2009/1198
f 2098/2008/1185 2099/2009/1198 1548/2011/1741
f 2098/2008/1185 1548/2011/1741 1546/1925/1670
f 1549/1940/1685 1551/1931/1676 2101/2012/1212
f 1549/1940/1685 2101/2012/1212 2100/2010/1207
f 2099/2009/1198 2100/2010/1207 1550/2013/1742
f 2099/2009/1198 1550/2013/1742 1548/2011/1741
f 1551/1931/1676 1553/1930/1675 2102/2014/1221
f 1551/1931/1676 2102/2014/1221 2101/2012/1212
f 2100/2010/1207 2101/2012/1212 1552/1976/1721
f 2100/2010/1207 1552/1976/1721 1550/2013/1742
f 1553/1930/1675 1555/2015/1743 2103/2016/1234
f 1553/1930/1675 2103/2016/1234 2102/2014/1221
f 2101/2012/1212 2102/2014/1221 1554/1961/1706
f 2101/2012/1212 1554/1961/1706 1552/1976/1721
f 1555/2015/1743 1557/2017/1744 2104/2018/1241
f 1555/2015/1743 2104/2018/1241 2103/2016/1234
f 2102/2014/1221 2103/2016/1234 1556/1945/1690
f 2102/2014/1221 1556/1945/1690 1554/1961/1706
f 1557/2017/1744 1559/2019/1745 2105/2020/1247
f 1557/2017/1744 2105/2020/1247 2104/2018/1241
f 2103/2016/1234 2104/2018/1241 1558/1946/1691
f 2103/2016/1234 1558/1946/1691 1556/1945/1690
f 1559/2019/1745 1561/2021/1746 2106/2022/1263
f 1559/2019/1745 2106/2022/1263 2105/2020/1247
f 2104/2018/1241 2105/2020/1247 1560/2023/1747
f 2104/2018/1241 1560/2023/1747 1558/1946/1691
f 1561/2021/1746 1563/2024/1748 2107/2025/1270
f 1561/2021/1746 2107/2025/1270 2106/2022/1263
f 2105/2020/1247 2106/2022/1263 1562/2026/1749
f 2105/2020/1247 1562/2026/1749 1560/2023/1747
f 1563/2024/1748 1568/2027/1664 2109/2028/1100
f 1563/2024/1748 2109/2028/1100 2107/2025/1270
f 2106/2022/1263 2107/2025/1270 1564/1987/1731
f 2106/2022/1263 1564/1987/1731 1562/2026/1749
f 1390/1944/1689 1991/1943/1688 2116/2029/1750
f 1390/1944/1689 2116/2029/1750 1393/2030/1751
f 2107/2025/1270 2109/2028/1100 1565/1988/1715
f 2107/2025/1270 1565/1988/1715 1564/1987/1731
f 2116/2029/1750 1991/1943/1688 1558/1946/1691
f 2116/2029/1750 1558/1946/1691 1560/2023/1747
f 1516/1927/1672 1518/2031/1752 2117/2032/1753
f 1516/1927/1672 2117/2032/1753 2111/1928/1673
f 2111/1928/1673 2117/2032/1753 1555/2015/1743
f 2111/1928/1673 1555/2015/1743 1553/1930/1675
f 1489/1915/1660 1491/2033/1754 2118/2034/1755
f 1489/1915/1660 2118/2034/1755 2113/1916/1661
f 2113/1916/1661 2118/2034/1755 1529/1994/1735
f 2113/1916/1661 1529/1994/1735 1527/1918/1663
f 1350/1935/1680 2110/1934/1679 2119/2035/1756
f 1350/1935/1680 2119/2035/1756 1353/2036/1757
f 2119/2035/1756 2110/1934/1679 1532/1937/1682
f 2119/2035/1756 1532/1937/1682 1534/2002/1739
f 1518/2031/1752 1520/2037/1758 2120/2038/1759
f 1518/2031/1752 2120/2038/1759 2117/2032/1753
f 2117/2032/1753 2120/2038/1759 1557/2017/1744
f 2117/2032/1753 1557/2017/1744 1555/2015/1743
f 1372/1923/1668 2112/1922/1667 2121/2039/1760
f 1372/1923/1668 2121/2039/1760 1375/2040/1761
f 2121/2039/1760 2112/1922/1667 1546/1925/1670
f 2121/2039/1760 1546/1925/1670 1548/2011/1741
f 1491/2033/1754 1493/2041/1762 2122/2042/1763
f 1491/2033/1754 2122/2042/1763 2118/2034/1755
f 2118/2034/1755 2122/2042/1763 1531/1996/1736
f 2118/2034/1755 1531/1996/1736 1529/1994/1735
f 1393/2030/1751 2116/2029/1750 2123/2043/1764
f 1393/2030/1751 2123/2043/1764 1395/2044/1765
f 2123/2043/1764 2116/2029/1750 1560/2023/1747
f 2123/2043/1764 1560/2023/1747 1562/2026/1749
f 1520/2037/1758 1522/2045/1766 2124/2046/1767
f 1520/2037/1758 2124/2046/1767 2120/2038/1759
f 2120/2038/1759 2124/2046/1767 1559/2019/1745
f 2120/2038/1759 1559/2019/1745 1557/2017/1744
f 1493/2041/1762 1495/2047/1768 2125/2048/1769
f 1493/2041/1762 2125/2048/1769 2122/2042/1763
f 2122/2042/1763 2125/2048/1769 1533/1998/1737
f 2122/2042/1763 1533/1998/1737 1531/1996/1736
f 1353/2036/1757 2119/2035/1756 2126/2049/1770
f 1353/2036/1757 2126/2049/1770 1356/2050/1771
f 2126/2049/1770 2119/2035/1756 1534/2002/1739
f 2126/2049/1770 1534/2002/1739 1536/2004/1740
f 1522/2045/1766 1523/2051/1772 2127/2052/1773
f 1522/2045/1766 2127/2052/1773 2124/2046/1767
f 2124/2046/1767 2127/2052/1773 1561/2021/1746
f 2124/2046/1767 1561/2021/1746 1559/2019/1745
f 1375/2040/1761 2121/2039/1760 2128/2053/1774
f 1375/2040/1761 2128/2053/1774 1378/2054/1775
f 2128/2053/1774 2121/2039/1760 1548/2011/1741
f 2128/2053/1774 1548/2011/1741 1550/2013/1742
f 1495/2047/1768 1497/2055/1776 2129/2056/1777
f 1495/2047/1768 2129/2056/1777 2125/2048/1769
f 2125/2048/1769 2129/2056/1777 1535/2000/1738
f 2125/2048/1769 1535/2000/1738 1533/1998/1737
f 1395/2044/1765 2123/2043/1764 2024/1984/1729
f 1395/2044/1765 2024/1984/1729 1398/1983/1728
f 2024/1984/1729 2123/2043/1764 1562/2026/1749
f 2024/1984/1729 1562/2026/1749 1564/1987/1731
f 1523/2051/1772 1525/2057/1778 2130/2058/1779
f 1523/2051/1772 2130/2058/1779 2127/2052/1773
f 2127/2052/1773 2130/2058/1779 1563/2024/1748
f 2127/2052/1773 1563/2024/1748 1561/2021/1746
f 1497/2055/1776 1499/1989/1732 2026/1990/1733
f 1497/2055/1776 2026/1990/1733 2129/2056/1777
f 2129/2056/1777 2026/1990/1733 1537/1991/1734
f 2129/2056/1777 1537/1991/1734 1535/2000/1738
f 1356/2050/1771 2126/2049/1770 2017/1978/1723
f 1356/2050/1771 2017/1978/1723 1359/1977/1722
f 2017/1978/1723 2126/2049/1770 1536/2004/1740
f 2017/1978/1723 1536/2004/1740 1538/1979/1724
f 1525/2057/1778 1486/2059/1659 2115/2060/1780
f 1525/2057/1778 2115/2060/1780 2130/2058/1779
f 2130/2058/1779 2115/2060/1780 1568/2027/1664
f 2130/2058/1779 1568/2027/1664 1563/2024/1748
f 1378/2054/1775 2128/2053/1774 2013/1975/1720
f 1378/2054/1775 2013/1975/1720 1381/1974/1719
f 2013/1975/1720 2128/2053/1774 1550/2013/1742
f 2013/1975/1720 1550/2013/1742 1552/1976/1721
f 2131/1579/1389 2070/1578/1388 1490/2061/1781
f 2131/1579/1389 1490/2061/1781 1488/2062/1782
f 2070/1578/1388 2071/1577/1387 1492/2063/1783
f 2070/1578/1388 1492/2063/1783 1490/2061/1781
f 2071/1577/1387 2072/1576/1386 1494/2064/1784
f 2071/1577/1387 1494/2064/1784 1492/2063/1783
f 2072/1576/1386 2073/1575/1385 1496/2065/1785
f 2072/1576/1386 1496/2065/1785 1494/2064/1784
f 2073/1575/1385 2074/1574/1384 1498/2066/1786
f 2073/1575/1385 1498/2066/1786 1496/2065/1785
f 2074/1574/1384 2075/1573/1383 1500/2067/1787
f 2074/1574/1384 1500/2067/1787 1498/2066/1786
f 2075/1573/1383 2076/1572/1382 1502/2068/1788
f 2075/1573/1383 1502/2068/1788 1500/2067/1787
f 2076/1572/1382 2077/1571/1381 1503/2069/1789
f 2076/1572/1382 1503/2069/1789 1502/2068/1788
f 2077/1571/1381 2078/1570/1380 1505/2070/1790
f 2077/1571/1381 1505/2070/1790 1503/2069/1789
f 2078/1570/1380 2079/1569/1379 1507/2071/1791
f 2078/1570/1380 1507/2071/1791 1505/2070/1790
f 2079/1569/1379 2080/1568/1378 1509/2072/1792
f 2079/1569/1379 1509/2072/1792 1507/2071/1791
f 2080/1568/1378 2081/1567/1377 1511/2073/1793
f 2080/1568/1378 1511/2073/1793 1509/2072/1792
f 2081/1567/1377 2082/1566/1376 1513/2074/1794
f 2081/1567/1377 1513/2074/1794 1511/2073/1793
f 2082/1566/1376 2083/1565/1375 1515/2075/1795
f 2082/1566/1376 1515/2075/1795 1513/2074/1794
f 2083/1565/1375 2084/1564/1374 1517/2076/1796
f 2083/1565/1375 1517/2076/1796 1515/2075/1795
f 2084/1564/1374 2085/1563/1373 1519/2077/1797
f 2084/1564/1374 1519/2077/1797 1517/2076/1796
f 2085/1563/1373 2086/1561/1371 1521/2078/1798
f 2085/1563/1373 1521/2078/1798 1519/2077/1797
f 2086/1561/1371 2087/1458/1306 1524/2079/1799
f 2086/1561/1371 1524/2079/1799 1521/2078/1798
f 2087/1458/1306 2088/1457/1305 1526/2080/1800
f 2087/1458/1306 1526/2080/1800 1524/2079/1799
f 2088/1457/1305 2132/1562/1372 1487/2081/1801
f 2088/1457/1305 1487/2081/1801 1526/2080/1800
f 2159/2082/1802 1601/201/152 1630/213/164
f 2159/2082/1802 1630/213/164 2193/2083/1803
f 2189/2084/1804 2187/2085/1805 1686/2086/1806
f 2189/2084/1804 1686/2086/1806 1688/2087/1807
f 2187/2085/1805 2185/2088/1808 1684/2089/1809
f 2187/2085/1805 1684/2089/1809 1686/2086/1806
f 2185/2088/1808 2183/2090/1810 1682/2091/1811
f 2185/2088/1808 1682/2091/1811 1684/2089/1809
f 2183/2090/1810 2181/2092/1812 1681/2093/1813
f 2183/2090/1810 1681/2093/1813 1682/2091/1811
f 2181/2092/1812 2179/2094/1814 1679/2095/1815
f 2181/2092/1812 1679/2095/1815 1681/2093/1813
f 2179/2094/1814 2177/2096/1816 1677/2097/1817
f 2179/2094/1814 1677/2097/1817 1679/2095/1815
f 2177/2096/1816 2175/2098/1818 1675/2099/1819
f 2177/2096/1816 1675/2099/1819 1677/2097/1817
f 2175/2098/1818 2172/2100/1820 1672/2101/1821
f 2175/2098/1818 1672/2101/1821 1675/2099/1819
f 2173/2102/1820 2170/2103/1822 1670/2104/1823
f 2173/2102/1820 1670/2104/1823 1673/2105/1824
f 2170/2103/1822 2168/2106/1825 1668/2107/1826
f 2170/2103/1822 1668/2107/1826 1670/2104/1823
f 2168/2106/1825 2166/2108/1827 1666/2109/1828
f 2168/2106/1825 1666/2109/1828 1668/2107/1826
f 2166/2108/1827 2164/2110/1829 1664/2111/1830
f 2166/2108/1827 1664/2111/1830 1666/2109/1828
f 2164/2110/1829 2162/2112/1831 1662/2113/1832
f 2164/2110/1829 1662/2113/1832 1664/2111/1830
f 2162/2112/1831 2160/2114/1833 1660/2115/1834
f 2162/2112/1831 1660/2115/1834 1662/2113/1832
f 2158/2116/1835 2156/2117/1836 1656/2118/1837
f 2158/2116/1835 1656/2118/1837 1658/2119/1838
f 2156/2117/1836 2154/2120/1839 1654/2121/1840
f 2156/2117/1836 1654/2121/1840 1656/2118/1837
f 2154/2120/1839 2152/2122/1841 1652/2123/1842
f 2154/2120/1839 1652/2123/1842 1654/2121/1840
f 2152/2122/1841 2150/2124/1843 1650/2125/1844
f 2152/2122/1841 1650/2125/1844 1652/2123/1842
f 2150/2124/1843 2148/2126/1845 1648/2127/1846
f 2150/2124/1843 1648/2127/1846 1650/2125/1844
f 2148/2126/1845 2146/2128/1847 1646/2129/1848
f 2148/2126/1845 1646/2129/1848 1648/2127/1846
f 2145/2130/1849 2143/2131/1850 1643/2132/1851
f 2145/2130/1849 1643/2132/1851 1645/2133/1852
f 2143/2131/1850 2141/2134/1853 1641/2135/1854
f 2143/2131/1850 1641/2135/1854 1643/2132/1851
f 2141/2134/1853 2139/2136/1855 1639/2137/1856
f 2141/2134/1853 1639/2137/1856 1641/2135/1854
f 2139/2136/1855 2137/2138/1857 1637/2139/1858
f 2139/2136/1855 1637/2139/1858 1639/2137/1856
f 2137/2138/1857 2135/2140/1859 1634/2141/1860
f 2137/2138/1857 1634/2141/1860 1637/2139/1858
f 2135/2140/1859 2133/2142/1861 1632/2143/1862
f 2135/2140/1859 1632/2143/1862 1634/2141/1860
f 1600/2144/1863 1629/2145/1864 2194/2146/1865
f 1600/2144/1863 2194/2146/1865 2191/2147/1866
f 1633/2148/1867 2134/2149/1868 2136/2150/1869
f 1633/2148/1867 2136/2150/1869 1635/2151/1870
f 2136/2150/1869 2134/2149/1868 1625/185/136
f 2136/2150/1869 1625/185/136 1623/212/163
f 1622/2152/1871 1624/2153/1872 2135/2140/1859
f 1622/2152/1871 2135/2140/1859 2137/2138/1857
f 1635/2151/1870 2136/2150/1869 2138/2154/1873
f 1635/2151/1870 2138/2154/1873 1636/2155/1858
f 2138/2154/1873 2136/2150/1869 1623/212/163
f 2138/2154/1873 1623/212/163 1621/211/162
f 1620/2156/1874 1622/2152/1871 2137/2138/1857
f 1620/2156/1874 2137/2138/1857 2139/2136/1855
f 1636/2155/1858 2138/2154/1873 2140/2157/1875
f 1636/2155/1858 2140/2157/1875 1638/2158/1856
f 2140/2157/1875 2138/2154/1873 1621/211/162
f 2140/2157/1875 1621/211/162 1619/210/161
f 1618/2159/1876 1620/2156/1874 2139/2136/1855
f 1618/2159/1876 2139/2136/1855 2141/2134/1853
f 1638/2158/1856 2140/2157/1875 2142/2160/1877
f 1638/2158/1856 2142/2160/1877 1640/2161/1878
f 2142/2160/1877 2140/2157/1875 1619/210/161
f 2142/2160/1877 1619/210/161 1617/209/160
f 1616/2162/1879 1618/2159/1876 2141/2134/1853
f 1616/2162/1879 2141/2134/1853 2143/2131/1850
f 1640/2161/1878 2142/2160/1877 2144/2163/1880
f 1640/2161/1878 2144/2163/1880 1642/2164/1881
f 2144/2163/1880 2142/2160/1877 1617/209/160
f 2144/2163/1880 1617/209/160 1615/208/159
f 1613/2165/1882 1616/2162/1879 2143/2131/1850
f 1613/2165/1882 2143/2131/1850 2145/2130/1849
f 1642/2164/1881 2144/2163/1880 2147/2166/1883
f 1642/2164/1881 2147/2166/1883 1644/2167/1884
f 2147/2166/1883 2144/2163/1880 1615/208/159
f 2147/2166/1883 1615/208/159 1612/207/158
f 1611/2168/1885 1614/2169/1886 2146/2128/1847
f 1611/2168/1885 2146/2128/1847 2148/2126/1845
f 1644/2167/1884 2147/2166/1883 2149/2170/1887
f 1644/2167/1884 2149/2170/1887 1647/2171/1846
f 2149/2170/1887 2147/2166/1883 1612/207/158
f 2149/2170/1887 1612/207/158 1610/206/157
f 1609/2172/1888 1611/2168/1885 2148/2126/1845
f 1609/2172/1888 2148/2126/1845 2150/2124/1843
f 1647/2171/1846 2149/2170/1887 2151/2173/1889
f 1647/2171/1846 2151/2173/1889 1649/2174/1890
f 2151/2173/1889 2149/2170/1887 1610/206/157
f 2151/2173/1889 1610/206/157 1608/205/156
f 1607/2175/1891 1609/2172/1888 2150/2124/1843
f 1607/2175/1891 2150/2124/1843 2152/2122/1841
f 1649/2174/1890 2151/2173/1889 2153/2176/1892
f 1649/2174/1890 2153/2176/1892 1651/2177/1893
f 2153/2176/1892 2151/2173/1889 1608/205/156
f 2153/2176/1892 1608/205/156 1606/204/155
f 1605/2178/1894 1607/2175/1891 2152/2122/1841
f 1605/2178/1894 2152/2122/1841 2154/2120/1839
f 1651/2177/1893 2153/2176/1892 2155/2179/1895
f 1651/2177/1893 2155/2179/1895 1653/2180/1896
f 2155/2179/1895 2153/2176/1892 1606/204/155
f 2155/2179/1895 1606/204/155 1604/203/154
f 1603/2181/1897 1605/2178/1894 2154/2120/1839
f 1603/2181/1897 2154/2120/1839 2156/2117/1836
f 1653/2180/1896 2155/2179/1895 2157/2182/1898
f 1653/2180/1896 2157/2182/1898 1655/2183/1899
f 2157/2182/1898 2155/2179/1895 1604/203/154
f 2157/2182/1898 1604/203/154 1602/202/153
f 1603/2181/1897 2156/2117/1836 2158/2116/1835
f 1603/2181/1897 2158/2116/1835 1627/2184/1900
f 1655/2183/1899 2157/2182/1898 2159/2082/1802
f 1655/2183/1899 2159/2082/1802 1657/2185/1901
f 2159/2082/1802 2157/2182/1898 1602/202/153
f 2159/2082/1802 1602/202/153 1601/201/152
f 1597/2186/1902 1599/2187/1903 2160/2114/1833
f 1597/2186/1902 2160/2114/1833 2162/2112/1831
f 1659/2188/1904 2161/2189/1905 2163/2190/1906
f 1659/2188/1904 2163/2190/1906 1661/2191/1907
f 2163/2190/1906 2161/2189/1905 1598/199/150
f 2163/2190/1906 1598/199/150 1596/198/149
f 1595/2192/1908 1597/2186/1902 2162/2112/1831
f 1595/2192/1908 2162/2112/1831 2164/2110/1829
f 1661/2191/1907 2163/2190/1906 2165/2193/1909
f 1661/2191/1907 2165/2193/1909 1663/2194/1910
f 2165/2193/1909 2163/2190/1906 1596/198/149
f 2165/2193/1909 1596/198/149 1594/197/148
f 1593/2195/1911 1595/2192/1908 2164/2110/1829
f 1593/2195/1911 2164/2110/1829 2166/2108/1827
f 1663/2194/1910 2165/2193/1909 2167/2196/1912
f 1663/2194/1910 2167/2196/1912 1665/2197/1913
f 2167/2196/1912 2165/2193/1909 1594/197/148
f 2167/2196/1912 1594/197/148 1592/196/147
f 1591/2198/1914 1593/2195/1911 2166/2108/1827
f 1591/2198/1914 2166/2108/1827 2168/2106/1825
f 1665/2197/1913 2167/2196/1912 2169/2199/1915
f 1665/2197/1913 2169/2199/1915 1667/2200/1916
f 2169/2199/1915 2167/2196/1912 1592/196/147
f 2169/2199/1915 1592/196/147 1590/195/146
f 1589/2201/1917 1591/2198/1914 2168/2106/1825
f 1589/2201/1917 2168/2106/1825 2170/2103/1822
f 1667/2200/1916 2169/2199/1915 2171/2202/1918
f 1667/2200/1916 2171/2202/1918 1669/2203/1919
f 2171/2202/1918 2169/2199/1915 1590/195/146
f 2171/2202/1918 1590/195/146 1588/194/145
f 1587/2204/1920 1589/2201/1917 2170/2103/1822
f 1587/2204/1920 2170/2103/1822 2173/2102/1820
f 1669/2203/1919 2171/2202/1918 2174/2205/1921
f 1669/2203/1919 2174/2205/1921 1671/2206/1922
f 2174/2205/1921 2171/2202/1918 1588/194/145
f 2174/2205/1921 1588/194/145 1585/193/144
f 1584/2207/1923 1586/2208/1924 2172/2100/1820
f 1584/2207/1923 2172/2100/1820 2175/2098/1818
f 1671/2206/1922 2174/2205/1921 2176/2209/1925
f 1671/2206/1922 2176/2209/1925 1674/2210/1926
f 2176/2209/1925 2174/2205/1921 1585/193/144
f 2176/2209/1925 1585/193/144 1583/192/143
f 1582/2211/1927 1584/2207/1923 2175/2098/1818
f 1582/2211/1927 2175/2098/1818 2177/2096/1816
f 1674/2210/1926 2176/2209/1925 2178/2212/1928
f 1674/2210/1926 2178/2212/1928 1676/2213/1817
f 2178/2212/1928 2176/2209/1925 1583/192/143
f 2178/2212/1928 1583/192/143 1581/191/142
f 1580/2214/1929 1582/2211/1927 2177/2096/1816
f 1580/2214/1929 2177/2096/1816 2179/2094/1814
f 1676/2213/1817 2178/2212/1928 2180/2215/1930
f 1676/2213/1817 2180/2215/1930 1678/2216/1815
f 2180/2215/1930 2178/2212/1928 1581/191/142
f 2180/2215/1930 1581/191/142 1579/190/141
f 1578/2217/1931 1580/2214/1929 2179/2094/1814
f 1578/2217/1931 2179/2094/1814 2181/2092/1812
f 1678/2216/1815 2180/2215/1930 2182/2218/1134
f 1678/2216/1815 2182/2218/1134 1680/2219/1932
f 2182/2218/1134 2180/2215/1930 1579/190/141
f 2182/2218/1134 1579/190/141 1577/189/140
f 1576/2220/1933 1578/2217/1931 2181/2092/1812
f 1576/2220/1933 2181/2092/1812 2183/2090/1810
f 1680/2219/1932 2182/2218/1134 2184/2221/1934
f 1680/2219/1932 2184/2221/1934 1683/2222/1811
f 2184/2221/1934 2182/2218/1134 1577/189/140
f 2184/2221/1934 1577/189/140 1575/188/139
f 1574/2223/1935 1576/2220/1933 2183/2090/1810
f 1574/2223/1935 2183/2090/1810 2185/2088/1808
f 1683/2222/1811 2184/2221/1934 2186/2224/1936
f 1683/2222/1811 2186/2224/1936 1685/2225/1937
f 2186/2224/1936 2184/2221/1934 1575/188/139
f 2186/2224/1936 1575/188/139 1573/187/138
f 1572/2226/1938 1574/2223/1935 2185/2088/1808
f 1572/2226/1938 2185/2088/1808 2187/2085/1805
f 1685/2225/1937 2186/2224/1936 2188/2227/1939
f 1685/2225/1937 2188/2227/1939 1687/2228/1806
f 1599/2187/1903 1600/2144/1863 2191/2147/1866
f 1599/2187/1903 2191/2147/1866 2160/2114/1833
f 2188/2227/1939 2186/2224/1936 1573/187/138
f 2188/2227/1939 1573/187/138 1571/186/137
f 1633/2148/1867 1689/2229/1807 2190/2230/1940
f 1633/2148/1867 2190/2230/1940 2134/2149/1868
f 2192/2231/1941 2193/2083/1803 1630/213/164
f 2192/2231/1941 1630/213/164 1628/200/151
f 2134/2149/1868 2190/2230/1940 1569/183/135
f 2134/2149/1868 1569/183/135 1625/185/136
f 2133/2142/1861 2189/2084/1804 1688/2087/1807
f 2133/2142/1861 1688/2087/1807 1632/2143/1862
f 1570/2232/1942 1572/2226/1938 2187/2085/1805
f 1570/2232/1942 2187/2085/1805 2189/2084/1804
f 1687/2228/1806 2188/2227/1939 2190/2230/1940
f 1687/2228/1806 2190/2230/1940 1689/2229/1807
f 2191/2147/1866 2194/2146/1865 1693/2233/1943
f 2191/2147/1866 1693/2233/1943 1691/2234/1944
f 2190/2230/1940 2188/2227/1939 1571/186/137
f 2190/2230/1940 1571/186/137 1569/183/135
f 1624/2153/1872 1626/2235/1945 2133/2142/1861
f 1624/2153/1872 2133/2142/1861 2135/2140/1859
f 2159/2082/1802 2193/2083/1803 1692/2236/1943
f 2159/2082/1802 1692/2236/1943 1657/2185/1901
f 1570/2232/1942 2189/2084/1804 2133/2142/1861
f 1570/2232/1942 2133/2142/1861 1626/2235/1945
f 1658/2119/1838 1693/2233/1943 2194/2146/1865
f 1658/2119/1838 2194/2146/1865 2158/2116/1835
f 1659/2188/1904 1690/2237/1944 2192/2231/1941
f 1659/2188/1904 2192/2231/1941 2161/2189/1905
f 2161/2189/1905 2192/2231/1941 1628/200/151
f 2161/2189/1905 1628/200/151 1598/199/150
f 2160/2114/1833 2191/2147/1866 1691/2234/1944
f 2160/2114/1833 1691/2234/1944 1660/2115/1834
f 2158/2116/1835 2194/2146/1865 1629/2145/1864
f 2158/2116/1835 1629/2145/1864 1627/2184/1900
f 2193/2083/1803 2192/2231/1941 1690/2237/1944
f 2193/2083/1803 1690/2237/1944 1692/2236/1943
f 1277/1048/917 1922/1047/916 1695/1049/918
f 1277/1048/917 1695/1049/918 1280/2238/972
f 971/1247/1112 978/1246/1111 1763/1237/1102
f 971/1247/1112 1763/1237/1102 1758/1236/1101
f 2450/2239/1946 3078/2240/1947 3077/2241/1948
f 2450/2239/1946 3077/2241/1948 2446/2242/1949
f 2887/2243/1950 3077/2241/1948 2529/2244/1951
f 2887/2243/1950 2529/2244/1951 2528/2245/1952
f 2452/2246/1953 3079/2247/1954 3078/2240/1947
f 2452/2246/1953 3078/2240/1947 2450/2239/1946
f 3077/2241/1948 3078/2240/1947 2530/2248/1955
f 3077/2241/1948 2530/2248/1955 2529/2244/1951
f 2454/2249/1956 3080/2250/1957 3079/2247/1954
f 2454/2249/1956 3079/2247/1954 2452/2246/1953
f 3078/2240/1947 3079/2247/1954 2531/2251/1958
f 3078/2240/1947 2531/2251/1958 2530/2248/1955
f 2456/2252/1959 3081/2253/1960 3080/2250/1957
f 2456/2252/1959 3080/2250/1957 2454/2249/1956
f 3079/2247/1954 3080/2250/1957 2532/2254/1961
f 3079/2247/1954 2532/2254/1961 2531/2251/1958
f 3080/2250/1957 3081/2253/1960 2533/2255/1962
f 3080/2250/1957 2533/2255/1962 2532/2254/1961
f 2458/2256/1963 3082/2257/1964 3081/2253/1960
f 2458/2256/1963 3081/2253/1960 2456/2252/1959
f 2460/2258/1965 3083/2259/1966 3082/2257/1964
f 2460/2258/1965 3082/2257/1964 2458/2256/1963
f 3081/2253/1960 3082/2257/1964 2534/2260/1967
f 3081/2253/1960 2534/2260/1967 2533/2255/1962
f 2462/2261/1968 3084/2262/1969 3083/2259/1966
f 2462/2261/1968 3083/2259/1966 2460/2258/1965
f 3082/2257/1964 3083/2259/1966 2535/2263/1970
f 3082/2257/1964 2535/2263/1970 2534/2260/1967
f 2464/2264/1971 3085/2265/1972 3084/2262/1969
f 2464/2264/1971 3084/2262/1969 2462/2261/1968
f 3083/2259/1966 3084/2262/1969 2536/2266/1973
f 3083/2259/1966 2536/2266/1973 2535/2263/1970
f 2466/2267/1974 3086/2268/1975 3085/2265/1972
f 2466/2267/1974 3085/2265/1972 2464/2264/1971
f 3084/2262/1969 3085/2265/1972 2537/2269/1976
f 3084/2262/1969 2537/2269/1976 2536/2266/1973
f 2468/2270/1977 3087/2271/1978 3086/2268/1975
f 2468/2270/1977 3086/2268/1975 2466/2267/1974
f 3085/2265/1972 3086/2268/1975 2538/2272/1979
f 3085/2265/1972 2538/2272/1979 2537/2269/1976
f 2470/2273/1980 3088/2274/1981 3087/2271/1978
f 2470/2273/1980 3087/2271/1978 2468/2270/1977
f 3086/2268/1975 3087/2271/1978 2539/2275/1982
f 3086/2268/1975 2539/2275/1982 2538/2272/1979
f 2472/2276/1983 3089/2277/1984 3088/2274/1981
f 2472/2276/1983 3088/2274/1981 2470/2273/1980
f 3087/2271/1978 3088/2274/1981 2540/2278/1985
f 3087/2271/1978 2540/2278/1985 2539/2275/1982
f 2474/2279/1986 3090/2280/1987 3089/2277/1984
f 2474/2279/1986 3089/2277/1984 2472/2276/1983
f 3088/2274/1981 3089/2277/1984 2541/2281/1988
f 3088/2274/1981 2541/2281/1988 2540/2278/1985
f 2476/2282/1989 3091/2283/1990 3090/2280/1987
f 2476/2282/1989 3090/2280/1987 2474/2279/1986
f 3089/2277/1984 3090/2280/1987 2542/2284/1991
f 3089/2277/1984 2542/2284/1991 2541/2281/1988
f 3090/2280/1987 3091/2283/1990 2543/2285/1992
f 3090/2280/1987 2543/2285/1992 2542/2284/1991
f 2477/2286/1993 3092/2287/1994 3091/2283/1990
f 2477/2286/1993 3091/2283/1990 2476/2282/1989
f 2479/2288/1995 3093/2289/1996 3092/2287/1994
f 2479/2288/1995 3092/2287/1994 2477/2286/1993
f 3091/2283/1990 3092/2287/1994 2544/2290/1997
f 3091/2283/1990 2544/2290/1997 2543/2285/1992
f 2482/2291/1998 3094/2292/1999 3093/2289/1996
f 2482/2291/1998 3093/2289/1996 2479/2288/1995
f 3092/2287/1994 3093/2289/1996 2545/2293/2000
f 3092/2287/1994 2545/2293/2000 2544/2290/1997
f 3093/2289/1996 3094/2292/1999 2546/2294/2001
f 3093/2289/1996 2546/2294/2001 2545/2293/2000
f 2485/2295/2002 3096/2296/2003 3095/2297/2004
f 2485/2295/2002 3095/2297/2004 2483/2298/2005
f 2448/2299/2006 2887/2243/1950 3096/2296/2003
f 2448/2299/2006 3096/2296/2003 2485/2295/2002
f 3095/2297/2004 3096/2296/2003 2548/2300/2007
f 3095/2297/2004 2548/2300/2007 2547/2301/2001
f 2739/2302/2008 2929/2303/2009 3247/2304/2010
f 2739/2302/2008 3247/2304/2010 2740/2305/2011
f 3096/2296/2003 2887/2243/1950 2528/2245/1952
f 3096/2296/2003 2528/2245/1952 2548/2300/2007
f 3247/2304/2010 2929/2303/2009 2497/2306/2012
f 3247/2304/2010 2497/2306/2012 2496/2307/2013
f 2197/2308/2014 2909/2309/2015 2908/2310/2016
f 2197/2308/2014 2908/2310/2016 2199/2311/2017
f 2908/2310/2016 2909/2309/2015 2238/2312/2018
f 2908/2310/2016 2238/2312/2018 2239/2313/2019
f 2199/2311/2017 2908/2310/2016 2910/2314/2020
f 2199/2311/2017 2910/2314/2020 2201/2315/2021
f 2910/2314/2020 2908/2310/2016 2239/2313/2019
f 2910/2314/2020 2239/2313/2019 2240/2316/2022
f 2201/2315/2021 2910/2314/2020 2911/2317/2023
f 2201/2315/2021 2911/2317/2023 2202/2318/2024
f 2911/2317/2023 2910/2314/2020 2240/2316/2022
f 2911/2317/2023 2240/2316/2022 2241/2319/2025
f 2202/2318/2024 2911/2317/2023 2912/2320/2026
f 2202/2318/2024 2912/2320/2026 2204/2321/2027
f 2912/2320/2026 2911/2317/2023 2241/2319/2025
f 2912/2320/2026 2241/2319/2025 2242/2322/2028
f 2206/2323/2029 2913/2324/2030 2914/2325/2031
f 2206/2323/2029 2914/2325/2031 2208/2326/2032
f 2914/2325/2031 2913/2324/2030 2243/2327/2033
f 2914/2325/2031 2243/2327/2033 2244/2328/2034
f 2208/2326/2032 2914/2325/2031 2915/2329/2035
f 2208/2326/2032 2915/2329/2035 2210/2330/2036
f 2915/2329/2035 2914/2325/2031 2244/2328/2034
f 2915/2329/2035 2244/2328/2034 2245/2331/2037
f 2210/2330/2036 2915/2329/2035 2916/2332/2038
f 2210/2330/2036 2916/2332/2038 2212/2333/2039
f 2916/2332/2038 2915/2329/2035 2245/2331/2037
f 2916/2332/2038 2245/2331/2037 2246/2334/2040
f 2212/2333/2039 2916/2332/2038 2917/2335/2041
f 2212/2333/2039 2917/2335/2041 2214/2336/2042
f 2917/2335/2041 2916/2332/2038 2246/2334/2040
f 2917/2335/2041 2246/2334/2040 2247/2337/2043
f 2214/2336/2042 2917/2335/2041 2918/2338/2044
f 2214/2336/2042 2918/2338/2044 2216/2339/2045
f 2918/2338/2044 2917/2335/2041 2247/2337/2043
f 2918/2338/2044 2247/2337/2043 2248/2340/2046
f 2216/2339/2045 2918/2338/2044 2919/2341/2047
f 2216/2339/2045 2919/2341/2047 2218/2342/2048
f 2919/2341/2047 2918/2338/2044 2248/2340/2046
f 2919/2341/2047 2248/2340/2046 2249/2343/2049
f 2218/2342/2048 2919/2341/2047 2920/2344/2050
f 2218/2342/2048 2920/2344/2050 2220/2345/2051
f 2920/2344/2050 2919/2341/2047 2249/2343/2049
f 2920/2344/2050 2249/2343/2049 2250/2346/2052
f 2220/2345/2051 2920/2344/2050 2921/2347/2053
f 2220/2345/2051 2921/2347/2053 2223/2348/2054
f 2921/2347/2053 2920/2344/2050 2250/2346/2052
f 2921/2347/2053 2250/2346/2052 2251/2349/2055
f 2223/2348/2054 2921/2347/2053 2922/2350/2056
f 2223/2348/2054 2922/2350/2056 2225/2351/2057
f 2922/2350/2056 2921/2347/2053 2251/2349/2055
f 2922/2350/2056 2251/2349/2055 2252/2352/2058
f 2227/2353/2059 2923/2354/2060 2924/2355/2061
f 2227/2353/2059 2924/2355/2061 2229/2356/2062
f 2924/2355/2061 2923/2354/2060 2253/2357/2063
f 2924/2355/2061 2253/2357/2063 2254/2358/2064
f 2229/2356/2062 2924/2355/2061 2925/2359/2065
f 2229/2356/2062 2925/2359/2065 2231/2360/2066
f 2925/2359/2065 2924/2355/2061 2254/2358/2064
f 2925/2359/2065 2254/2358/2064 2255/2361/2067
f 2231/2360/2066 2925/2359/2065 2926/2362/2068
f 2231/2360/2066 2926/2362/2068 2235/2363/2069
f 2926/2362/2068 2925/2359/2065 2255/2361/2067
f 2926/2362/2068 2255/2361/2067 2256/2364/2070
f 2234/2365/2069 2927/2366/2068 2928/2367/2071
f 2234/2365/2069 2928/2367/2071 2237/2368/2072
f 2928/2367/2071 2927/2366/2068 2257/2369/2073
f 2928/2367/2071 2257/2369/2073 2258/2370/2074
f 2237/2368/2072 2928/2367/2071 2909/2309/2015
f 2237/2368/2072 2909/2309/2015 2197/2308/2014
f 2909/2309/2015 2928/2367/2071 2258/2370/2074
f 2909/2309/2015 2258/2370/2074 2238/2312/2018
f 2743/2371/2075 2931/2372/2076 3251/2373/2077
f 2743/2371/2075 3251/2373/2077 2744/2374/2078
f 3251/2373/2077 2931/2372/2076 2490/2375/2079
f 3251/2373/2077 2490/2375/2079 2489/2376/2080
f 2747/2377/2081 2933/2378/2082 3255/2379/2083
f 2747/2377/2081 3255/2379/2083 2749/2380/2084
f 3255/2379/2083 2933/2378/2082 2506/2381/2085
f 3255/2379/2083 2506/2381/2085 2504/2382/2086
f 2753/2383/2087 2936/2384/2088 2929/2303/2009
f 2753/2383/2087 2929/2303/2009 2739/2302/2008
f 2929/2303/2009 2936/2384/2088 2498/2385/2089
f 2929/2303/2009 2498/2385/2089 2497/2306/2012
f 2757/2386/2090 2938/2387/2091 2933/2378/2082
f 2757/2386/2090 2933/2378/2082 2747/2377/2081
f 2933/2378/2082 2938/2387/2091 2486/2388/2092
f 2933/2378/2082 2486/2388/2092 2506/2381/2085
f 2759/2389/2093 2939/2390/2094 2936/2384/2088
f 2759/2389/2093 2936/2384/2088 2753/2383/2087
f 2936/2384/2088 2939/2390/2094 2499/2391/2095
f 2936/2384/2088 2499/2391/2095 2498/2385/2089
f 2761/2392/2096 2940/2393/2097 2937/2394/2098
f 2761/2392/2096 2937/2394/2098 2755/2395/2099
f 2937/2394/2098 2940/2393/2097 2492/2396/2100
f 2937/2394/2098 2492/2396/2100 2491/2397/2101
f 2763/2398/2102 2941/2399/2103 2939/2390/2094
f 2763/2398/2102 2939/2390/2094 2759/2389/2093
f 2939/2390/2094 2941/2399/2103 2500/2400/2104
f 2939/2390/2094 2500/2400/2104 2499/2391/2095
f 2765/2401/2105 2942/2402/2106 2940/2393/2097
f 2765/2401/2105 2940/2393/2097 2761/2392/2096
f 2940/2393/2097 2942/2402/2106 2493/2403/2107
f 2940/2393/2097 2493/2403/2107 2492/2396/2100
f 2769/2404/2108 2944/2405/2109 2942/2402/2106
f 2769/2404/2108 2942/2402/2106 2765/2401/2105
f 2942/2402/2106 2944/2405/2109 2494/2406/2110
f 2942/2402/2106 2494/2406/2110 2493/2403/2107
f 2771/2407/2111 2945/2408/2112 2938/2387/2091
f 2771/2407/2111 2938/2387/2091 2757/2386/2090
f 2938/2387/2091 2945/2408/2112 2487/2409/2113
f 2938/2387/2091 2487/2409/2113 2486/2388/2092
f 2773/2410/2114 2946/2411/2115 2943/2412/2116
f 2773/2410/2114 2943/2412/2116 2767/2413/2117
f 2943/2412/2116 2946/2411/2115 2502/2414/2118
f 2943/2412/2116 2502/2414/2118 2501/2415/2119
f 2775/2416/2120 2947/2417/2121 2944/2405/2109
f 2775/2416/2120 2944/2405/2109 2769/2404/2108
f 2944/2405/2109 2947/2417/2121 2495/2418/2122
f 2944/2405/2109 2495/2418/2122 2494/2406/2110
f 2777/2419/2123 2948/2420/2124 2945/2408/2112
f 2777/2419/2123 2945/2408/2112 2771/2407/2111
f 2945/2408/2112 2948/2420/2124 2488/2421/2125
f 2945/2408/2112 2488/2421/2125 2487/2409/2113
f 2779/2422/2126 2949/2423/2127 2946/2411/2115
f 2779/2422/2126 2946/2411/2115 2773/2410/2114
f 2946/2411/2115 2949/2423/2127 2503/2424/2128
f 2946/2411/2115 2503/2424/2128 2502/2414/2118
f 2740/2305/2011 3247/2304/2010 2947/2417/2121
f 2740/2305/2011 2947/2417/2121 2775/2416/2120
f 2947/2417/2121 3247/2304/2010 2496/2307/2013
f 2947/2417/2121 2496/2307/2013 2495/2418/2122
f 2744/2374/2078 3251/2373/2077 2948/2420/2124
f 2744/2374/2078 2948/2420/2124 2777/2419/2123
f 2948/2420/2124 3251/2373/2077 2489/2376/2080
f 2948/2420/2124 2489/2376/2080 2488/2421/2125
f 2748/2425/2084 3256/2426/2083 2949/2423/2127
f 2748/2425/2084 2949/2423/2127 2779/2422/2126
f 2949/2423/2127 3256/2426/2083 2505/2427/2129
f 2949/2423/2127 2505/2427/2129 2503/2424/2128
f 2548/2300/2007 2528/2245/1952 3097/2428/2130
f 2548/2300/2007 3097/2428/2130 3350/2429/2131
f 2302/2430/2132 2309/2431/2133 2955/2432/2134
f 2302/2430/2132 2955/2432/2134 2951/2433/2135
f 3119/2434/2136 3120/2435/2137 2571/2436/2138
f 3119/2434/2136 2571/2436/2138 2570/2437/2139
f 2310/2438/2140 2956/2439/2141 2952/2440/2142
f 2310/2438/2140 2952/2440/2142 2303/2441/2143
f 2951/2433/2135 2955/2432/2134 2310/2438/2140
f 2951/2433/2135 2310/2438/2140 2303/2441/2143
f 2307/2442/2144 3141/2443/2145 3140/2444/2146
f 2307/2442/2144 3140/2444/2146 2300/2445/2147
f 2952/2440/2142 2956/2439/2141 2311/2446/2148
f 2952/2440/2142 2311/2446/2148 2304/2447/2149
f 2310/2438/2140 2317/2448/2150 2960/2449/2151
f 2310/2438/2140 2960/2449/2151 2956/2439/2141
f 3140/2444/2146 3141/2443/2145 2592/2450/2152
f 3140/2444/2146 2592/2450/2152 2591/2451/2153
f 2307/2442/2144 2314/2452/2154 3142/2453/2155
f 2307/2442/2144 3142/2453/2155 3141/2443/2145
f 2956/2439/2141 2960/2449/2151 2318/2454/2156
f 2956/2439/2141 2318/2454/2156 2311/2446/2148
f 2318/2454/2156 3121/2455/2157 3120/2435/2137
f 2318/2454/2156 3120/2435/2137 2311/2446/2148
f 3141/2443/2145 3142/2453/2155 2593/2456/2158
f 3141/2443/2145 2593/2456/2158 2592/2450/2152
f 2316/2457/2159 2959/2458/2160 2955/2432/2134
f 2316/2457/2159 2955/2432/2134 2309/2431/2133
f 3120/2435/2137 3121/2455/2157 2572/2459/2161
f 3120/2435/2137 2572/2459/2161 2571/2436/2138
f 2317/2448/2150 2324/2460/2162 2964/2461/2163
f 2317/2448/2150 2964/2461/2163 2960/2449/2151
f 2955/2432/2134 2959/2458/2160 2317/2448/2150
f 2955/2432/2134 2317/2448/2150 2310/2438/2140
f 2314/2452/2154 2321/2462/192 3143/2463/2164
f 2314/2452/2154 3143/2463/2164 3142/2453/2155
f 2960/2449/2151 2964/2461/2163 2325/2464/2165
f 2960/2449/2151 2325/2464/2165 2318/2454/2156
f 2325/2464/2165 3122/2465/2166 3121/2455/2157
f 2325/2464/2165 3121/2455/2157 2318/2454/2156
f 3142/2453/2155 3143/2463/2164 2594/2466/2167
f 3142/2453/2155 2594/2466/2167 2593/2456/2158
f 2323/2467/2168 2963/2468/2169 2959/2458/2160
f 2323/2467/2168 2959/2458/2160 2316/2457/2159
f 3121/2455/2157 3122/2465/2166 2573/2469/2170
f 3121/2455/2157 2573/2469/2170 2572/2459/2161
f 2325/2464/2165 2332/2470/2171 3123/2471/2172
f 2325/2464/2165 3123/2471/2172 3122/2465/2166
f 2959/2458/2160 2963/2468/2169 2324/2460/2162
f 2959/2458/2160 2324/2460/2162 2317/2448/2150
f 2323/2467/2168 2330/2472/2173 2967/2473/2174
f 2323/2467/2168 2967/2473/2174 2963/2468/2169
f 3122/2465/2166 3123/2471/2172 2574/2474/2175
f 3122/2465/2166 2574/2474/2175 2573/2469/2170
f 2331/2475/2176 2968/2476/2177 2964/2461/2163
f 2331/2475/2176 2964/2461/2163 2324/2460/2162
f 2963/2468/2169 2967/2473/2174 2331/2475/2176
f 2963/2468/2169 2331/2475/2176 2324/2460/2162
f 2328/2477/205 3144/2478/2178 3143/2463/2164
f 2328/2477/205 3143/2463/2164 2321/2462/192
f 2964/2461/2163 2968/2476/2177 2332/2470/2171
f 2964/2461/2163 2332/2470/2171 2325/2464/2165
f 2330/2472/2173 2337/2479/2179 2971/2480/2180
f 2330/2472/2173 2971/2480/2180 2967/2473/2174
f 3143/2463/2164 3144/2478/2178 2595/2481/2181
f 3143/2463/2164 2595/2481/2181 2594/2466/2167
f 2338/2482/2182 2972/2483/2183 2968/2476/2177
f 2338/2482/2182 2968/2476/2177 2331/2475/2176
f 2967/2473/2174 2971/2480/2180 2338/2482/2182
f 2967/2473/2174 2338/2482/2182 2331/2475/2176
f 2335/2484/201 3145/2485/2184 3144/2478/2178
f 2335/2484/201 3144/2478/2178 2328/2477/205
f 2968/2476/2177 2972/2483/2183 2339/2486/2185
f 2968/2476/2177 2339/2486/2185 2332/2470/2171
f 2339/2486/2185 3124/2487/2186 3123/2471/2172
f 2339/2486/2185 3123/2471/2172 2332/2470/2171
f 3144/2478/2178 3145/2485/2184 2596/2488/2187
f 3144/2478/2178 2596/2488/2187 2595/2481/2181
f 2338/2482/2182 2345/2489/2188 2976/2490/2189
f 2338/2482/2182 2976/2490/2189 2972/2483/2183
f 3123/2471/2172 3124/2487/2186 2575/2491/2190
f 3123/2471/2172 2575/2491/2190 2574/2474/2175
f 2335/2484/201 2342/2492/2191 3146/2493/2192
f 2335/2484/201 3146/2493/2192 3145/2485/2184
f 2972/2483/2183 2976/2490/2189 2346/2494/2193
f 2972/2483/2183 2346/2494/2193 2339/2486/2185
f 2346/2494/2193 3125/2495/2194 3124/2487/2186
f 2346/2494/2193 3124/2487/2186 2339/2486/2185
f 3145/2485/2184 3146/2493/2192 2597/2496/2195
f 3145/2485/2184 2597/2496/2195 2596/2488/2187
f 2344/2497/2196 2975/2498/2197 2971/2480/2180
f 2344/2497/2196 2971/2480/2180 2337/2479/2179
f 3124/2487/2186 3125/2495/2194 2576/2499/2198
f 3124/2487/2186 2576/2499/2198 2575/2491/2190
f 2342/2492/2191 2349/2500/190 3147/2501/2199
f 2342/2492/2191 3147/2501/2199 3146/2493/2192
f 2971/2480/2180 2975/2498/2197 2345/2489/2188
f 2971/2480/2180 2345/2489/2188 2338/2482/2182
f 2346/2494/2193 2353/2502/2200 3126/2503/2201
f 2346/2494/2193 3126/2503/2201 3125/2495/2194
f 3146/2493/2192 3147/2501/2199 2598/2504/2202
f 3146/2493/2192 2598/2504/2202 2597/2496/2195
f 2351/2505/2203 2979/2506/2204 2975/2498/2197
f 2351/2505/2203 2975/2498/2197 2344/2497/2196
f 3125/2495/2194 3126/2503/2201 2577/2507/2205
f 3125/2495/2194 2577/2507/2205 2576/2499/2198
f 2352/2508/2206 2980/2509/2207 2976/2490/2189
f 2352/2508/2206 2976/2490/2189 2345/2489/2188
f 2975/2498/2197 2979/2506/2204 2352/2508/2206
f 2975/2498/2197 2352/2508/2206 2345/2489/2188
f 2353/2502/2200 2360/2510/2208 3127/2511/2209
f 2353/2502/2200 3127/2511/2209 3126/2503/2201
f 2976/2490/2189 2980/2509/2207 2353/2502/2200
f 2976/2490/2189 2353/2502/2200 2346/2494/2193
f 2351/2505/2203 2358/2512/2210 2983/2513/2211
f 2351/2505/2203 2983/2513/2211 2979/2506/2204
f 3126/2503/2201 3127/2511/2209 2578/2514/2212
f 3126/2503/2201 2578/2514/2212 2577/2507/2205
f 2359/2515/2213 2984/2516/2214 2980/2509/2207
f 2359/2515/2213 2980/2509/2207 2352/2508/2206
f 2979/2506/2204 2983/2513/2211 2359/2515/2213
f 2979/2506/2204 2359/2515/2213 2352/2508/2206
f 2356/2517/2215 3148/2518/2216 3147/2501/2199
f 2356/2517/2215 3147/2501/2199 2349/2500/190
f 2980/2509/2207 2984/2516/2214 2360/2510/2208
f 2980/2509/2207 2360/2510/2208 2353/2502/2200
f 2359/2515/2213 2366/2519/2217 2988/2520/2218
f 2359/2515/2213 2988/2520/2218 2984/2516/2214
f 3147/2501/2199 3148/2518/2216 2599/2521/2219
f 3147/2501/2199 2599/2521/2219 2598/2504/2202
f 2363/2522/202 3149/2523/2220 3148/2518/2216
f 2363/2522/202 3148/2518/2216 2356/2517/2215
f 2984/2516/2214 2988/2520/2218 2367/2524/2221
f 2984/2516/2214 2367/2524/2221 2360/2510/2208
f 2367/2524/2221 3128/2525/2222 3127/2511/2209
f 2367/2524/2221 3127/2511/2209 2360/2510/2208
f 3148/2518/2216 3149/2523/2220 2600/2526/2223
f 3148/2518/2216 2600/2526/2223 2599/2521/2219
f 2365/2527/2224 2987/2528/2225 2983/2513/2211
f 2365/2527/2224 2983/2513/2211 2358/2512/2210
f 3127/2511/2209 3128/2525/2222 2579/2529/2226
f 3127/2511/2209 2579/2529/2226 2578/2514/2212
f 2366/2519/2217 2373/2530/2227 2992/2531/2228
f 2366/2519/2217 2992/2531/2228 2988/2520/2218
f 2983/2513/2211 2987/2528/2225 2366/2519/2217
f 2983/2513/2211 2366/2519/2217 2359/2515/2213
f 2363/2522/202 2370/2532/194 3150/2533/2229
f 2363/2522/202 3150/2533/2229 3149/2523/2220
f 2988/2520/2218 2992/2531/2228 2374/2534/2230
f 2988/2520/2218 2374/2534/2230 2367/2524/2221
f 2374/2534/2230 3129/2535/2231 3128/2525/2222
f 2374/2534/2230 3128/2525/2222 2367/2524/2221
f 3149/2523/2220 3150/2533/2229 2601/2536/2232
f 3149/2523/2220 2601/2536/2232 2600/2526/2223
f 2372/2537/2233 2991/2538/2234 2987/2528/2225
f 2372/2537/2233 2987/2528/2225 2365/2527/2224
f 3128/2525/2222 3129/2535/2231 2580/2539/2235
f 3128/2525/2222 2580/2539/2235 2579/2529/2226
f 2374/2534/2230 2381/2540/2236 3130/2541/2237
f 2374/2534/2230 3130/2541/2237 3129/2535/2231
f 2987/2528/2225 2991/2538/2234 2373/2530/2227
f 2987/2528/2225 2373/2530/2227 2366/2519/2217
f 2372/2537/2233 2379/2542/2238 2995/2543/2239
f 2372/2537/2233 2995/2543/2239 2991/2538/2234
f 3129/2535/2231 3130/2541/2237 2581/2544/2240
f 3129/2535/2231 2581/2544/2240 2580/2539/2235
f 2380/2545/2241 2996/2546/2242 2992/2531/2228
f 2380/2545/2241 2992/2531/2228 2373/2530/2227
f 2991/2538/2234 2995/2543/2239 2380/2545/2241
f 2991/2538/2234 2380/2545/2241 2373/2530/2227
f 2377/2547/2243 3151/2548/2244 3150/2533/2229
f 2377/2547/2243 3150/2533/2229 2370/2532/194
f 2992/2531/2228 2996/2546/2242 2381/2540/2236
f 2992/2531/2228 2381/2540/2236 2374/2534/2230
f 2381/2540/2236 2388/2549/2245 3131/2550/2246
f 2381/2540/2236 3131/2550/2246 3130/2541/2237
f 3150/2533/2229 3151/2548/2244 2602/2551/2247
f 3150/2533/2229 2602/2551/2247 2601/2536/2232
f 2379/2542/2238 2386/2552/2248 2999/2553/2249
f 2379/2542/2238 2999/2553/2249 2995/2543/2239
f 3130/2541/2237 3131/2550/2246 2582/2554/2250
f 3130/2541/2237 2582/2554/2250 2581/2544/2240
f 2387/2555/2251 3000/2556/2252 2996/2546/2242
f 2387/2555/2251 2996/2546/2242 2380/2545/2241
f 2995/2543/2239 2999/2553/2249 2387/2555/2251
f 2995/2543/2239 2387/2555/2251 2380/2545/2241
f 2384/2557/2253 3152/2558/2254 3151/2548/2244
f 2384/2557/2253 3151/2548/2244 2377/2547/2243
f 2996/2546/2242 3000/2556/2252 2388/2549/2245
f 2996/2546/2242 2388/2549/2245 2381/2540/2236
f 2387/2555/2251 2394/2559/2255 3004/2560/2256
f 2387/2555/2251 3004/2560/2256 3000/2556/2252
f 3151/2548/2244 3152/2558/2254 2603/2561/2257
f 3151/2548/2244 2603/2561/2257 2602/2551/2247
f 2384/2557/2253 2391/2562/2258 3153/2563/2259
f 2384/2557/2253 3153/2563/2259 3152/2558/2254
f 3000/2556/2252 3004/2560/2256 2395/2564/2260
f 3000/2556/2252 2395/2564/2260 2388/2549/2245
f 2395/2564/2260 3132/2565/2261 3131/2550/2246
f 2395/2564/2260 3131/2550/2246 2388/2549/2245
f 3152/2558/2254 3153/2563/2259 2604/2566/2262
f 3152/2558/2254 2604/2566/2262 2603/2561/2257
f 2393/2567/2263 3003/2568/2264 2999/2553/2249
f 2393/2567/2263 2999/2553/2249 2386/2552/2248
f 3131/2550/2246 3132/2565/2261 2583/2569/2265
f 3131/2550/2246 2583/2569/2265 2582/2554/2250
f 2394/2559/2255 2401/2570/2266 3008/2571/2267
f 2394/2559/2255 3008/2571/2267 3004/2560/2256
f 2999/2553/2249 3003/2568/2264 2394/2559/2255
f 2999/2553/2249 2394/2559/2255 2387/2555/2251
f 2391/2562/2258 2398/2572/196 3154/2573/2268
f 2391/2562/2258 3154/2573/2268 3153/2563/2259
f 3004/2560/2256 3008/2571/2267 2402/2574/2269
f 3004/2560/2256 2402/2574/2269 2395/2564/2260
f 2402/2574/2269 3133/2575/2270 3132/2565/2261
f 2402/2574/2269 3132/2565/2261 2395/2564/2260
f 3153/2563/2259 3154/2573/2268 2605/2576/2271
f 3153/2563/2259 2605/2576/2271 2604/2566/2262
f 2400/2577/2272 3007/2578/2273 3003/2568/2264
f 2400/2577/2272 3003/2568/2264 2393/2567/2263
f 3132/2565/2261 3133/2575/2270 2584/2579/2274
f 3132/2565/2261 2584/2579/2274 2583/2569/2265
f 2402/2574/2269 2413/2580/2275 3135/2581/2276
f 2402/2574/2269 3135/2581/2276 3133/2575/2270
f 3003/2568/2264 3007/2578/2273 2401/2570/2266
f 3003/2568/2264 2401/2570/2266 2394/2559/2255
f 2400/2577/2272 2408/2582/2277 3012/2583/2278
f 2400/2577/2272 3012/2583/2278 3007/2578/2273
f 3133/2575/2270 3135/2581/2276 2586/2584/2279
f 3133/2575/2270 2586/2584/2279 2584/2579/2274
f 2410/2585/2280 3015/2586/2281 3008/2571/2267
f 2410/2585/2280 3008/2571/2267 2401/2570/2266
f 3007/2578/2273 3012/2583/2278 2410/2585/2280
f 3007/2578/2273 2410/2585/2280 2401/2570/2266
f 2405/2587/189 3155/2588/2282 3154/2573/2268
f 2405/2587/189 3154/2573/2268 2398/2572/196
f 3008/2571/2267 3015/2586/2281 2413/2580/2275
f 3008/2571/2267 2413/2580/2275 2402/2574/2269
f 2409/2589/2283 2419/2590/2284 3019/2591/2285
f 2409/2589/2283 3019/2591/2285 3013/2592/2286
f 3154/2573/2268 3155/2588/2282 2606/2593/2287
f 3154/2573/2268 2606/2593/2287 2605/2576/2271
f 2420/2594/2288 3020/2595/2289 3014/2596/2290
f 2420/2594/2288 3014/2596/2290 2411/2597/2291
f 3013/2592/2286 3019/2591/2285 2420/2594/2288
f 3013/2592/2286 2420/2594/2288 2411/2597/2291
f 2417/2598/2292 3157/2599/2293 3156/2600/2282
f 2417/2598/2292 3156/2600/2282 2406/2601/189
f 3014/2596/2290 3020/2595/2289 2421/2602/2294
f 3014/2596/2290 2421/2602/2294 2412/2603/2295
f 2421/2602/2294 3136/2604/2296 3134/2605/2297
f 2421/2602/2294 3134/2605/2297 2412/2603/2295
f 3156/2600/2282 3157/2599/2293 2608/2606/2298
f 3156/2600/2282 2608/2606/2298 2607/2607/2287
f 2420/2594/2288 2427/2608/2299 3024/2609/2300
f 2420/2594/2288 3024/2609/2300 3020/2595/2289
f 3134/2605/2297 3136/2604/2296 2587/2610/2301
f 3134/2605/2297 2587/2610/2301 2585/2611/2302
f 2417/2598/2292 2425/2612/2303 3158/2613/2304
f 2417/2598/2292 3158/2613/2304 3157/2599/2293
f 3020/2595/2289 3024/2609/2300 2428/2614/2305
f 3020/2595/2289 2428/2614/2305 2421/2602/2294
f 2428/2614/2305 3137/2615/2306 3136/2604/2296
f 2428/2614/2305 3136/2604/2296 2421/2602/2294
f 3157/2599/2293 3158/2613/2304 2609/2616/2307
f 3157/2599/2293 2609/2616/2307 2608/2606/2298
f 2426/2617/2308 3023/2618/2309 3019/2591/2285
f 2426/2617/2308 3019/2591/2285 2419/2590/2284
f 3136/2604/2296 3137/2615/2306 2588/2619/2310
f 3136/2604/2296 2588/2619/2310 2587/2610/2301
f 2425/2612/2303 2432/2620/199 3159/2621/2311
f 2425/2612/2303 3159/2621/2311 3158/2613/2304
f 3019/2591/2285 3023/2618/2309 2427/2608/2299
f 3019/2591/2285 2427/2608/2299 2420/2594/2288
f 2428/2614/2305 2435/2622/2312 3138/2623/2313
f 2428/2614/2305 3138/2623/2313 3137/2615/2306
f 3158/2613/2304 3159/2621/2311 2610/2624/2314
f 3158/2613/2304 2610/2624/2314 2609/2616/2307
f 2433/2625/2315 3027/2626/2316 3023/2618/2309
f 2433/2625/2315 3023/2618/2309 2426/2617/2308
f 3137/2615/2306 3138/2623/2313 2589/2627/2317
f 3137/2615/2306 2589/2627/2317 2588/2619/2310
f 2434/2628/2318 3028/2629/2319 3024/2609/2300
f 2434/2628/2318 3024/2609/2300 2427/2608/2299
f 3023/2618/2309 3027/2626/2316 2434/2628/2318
f 3023/2618/2309 2434/2628/2318 2427/2608/2299
f 2435/2622/2312 2442/2630/2320 3139/2631/2321
f 2435/2622/2312 3139/2631/2321 3138/2623/2313
f 3024/2609/2300 3028/2629/2319 2435/2622/2312
f 3024/2609/2300 2435/2622/2312 2428/2614/2305
f 2433/2625/2315 2440/2632/2322 3031/2633/2323
f 2433/2625/2315 3031/2633/2323 3027/2626/2316
f 3138/2623/2313 3139/2631/2321 2590/2634/2324
f 3138/2623/2313 2590/2634/2324 2589/2627/2317
f 2441/2635/2325 3032/2636/2326 3028/2629/2319
f 2441/2635/2325 3028/2629/2319 2434/2628/2318
f 3027/2626/2316 3031/2633/2323 2441/2635/2325
f 3027/2626/2316 2441/2635/2325 2434/2628/2318
f 2439/2637/198 3160/2638/2327 3159/2621/2311
f 2439/2637/198 3159/2621/2311 2432/2620/199
f 3028/2629/2319 3032/2636/2326 2442/2630/2320
f 3028/2629/2319 2442/2630/2320 2435/2622/2312
f 2441/2635/2325 2303/2441/2143 2952/2440/2142
f 2441/2635/2325 2952/2440/2142 3032/2636/2326
f 3159/2621/2311 3160/2638/2327 2611/2639/2328
f 3159/2621/2311 2611/2639/2328 2610/2624/2314
f 2300/2445/2147 3140/2444/2146 3160/2638/2327
f 2300/2445/2147 3160/2638/2327 2439/2637/198
f 3032/2636/2326 2952/2440/2142 2304/2447/2149
f 3032/2636/2326 2304/2447/2149 2442/2630/2320
f 3160/2638/2327 3140/2444/2146 2591/2451/2153
f 3160/2638/2327 2591/2451/2153 2611/2639/2328
f 2304/2447/2149 3119/2434/2136 3139/2631/2321
f 2304/2447/2149 3139/2631/2321 2442/2630/2320
f 2302/2430/2132 2951/2433/2135 3031/2633/2323
f 2302/2430/2132 3031/2633/2323 2440/2632/2322
f 3139/2631/2321 3119/2434/2136 2570/2437/2139
f 3139/2631/2321 2570/2437/2139 2590/2634/2324
f 2569/2640/2329 2549/2641/2330 2950/2642/2331
f 2569/2640/2329 2950/2642/2331 3030/2643/2332
f 3031/2633/2323 2951/2433/2135 2303/2441/2143
f 3031/2633/2323 2303/2441/2143 2441/2635/2325
f 2547/2301/2001 2548/2300/2007 3350/2429/2131
f 2547/2301/2001 3350/2429/2131 3348/2644/2333
f 3350/2429/2131 3097/2428/2130 2866/2645/2334
f 3350/2429/2131 2866/2645/2334 2886/2646/2335
f 2545/2293/2000 2546/2294/2001 3349/2647/2336
f 2545/2293/2000 3349/2647/2336 3347/2648/2337
f 3348/2644/2333 3350/2429/2131 2886/2646/2335
f 3348/2644/2333 2886/2646/2335 2884/2649/2338
f 2544/2290/1997 2545/2293/2000 3347/2648/2337
f 2544/2290/1997 3347/2648/2337 3346/2650/2339
f 3347/2648/2337 3349/2647/2336 2885/2651/2340
f 3347/2648/2337 2885/2651/2340 2883/2652/2341
f 2543/2285/1992 2544/2290/1997 3346/2650/2339
f 2543/2285/1992 3346/2650/2339 3345/2653/2342
f 3346/2650/2339 3347/2648/2337 2883/2652/2341
f 3346/2650/2339 2883/2652/2341 2882/2654/2343
f 2533/2255/1962 2534/2260/1967 3330/2655/2344
f 2533/2255/1962 3330/2655/2344 3343/2656/2345
f 3345/2653/2342 3346/2650/2339 2882/2654/2343
f 3345/2653/2342 2882/2654/2343 2881/2657/2346
f 3343/2656/2345 3330/2655/2344 2872/2658/2347
f 3343/2656/2345 2872/2658/2347 2871/2659/2348
f 2532/2254/1961 2533/2255/1962 3343/2656/2345
f 2532/2254/1961 3343/2656/2345 3342/2660/2349
f 3342/2660/2349 3343/2656/2345 2871/2659/2348
f 3342/2660/2349 2871/2659/2348 2870/2661/2350
f 2531/2251/1958 2532/2254/1961 3342/2660/2349
f 2531/2251/1958 3342/2660/2349 3341/2662/2351
f 2530/2248/1955 2531/2251/1958 3341/2662/2351
f 2530/2248/1955 3341/2662/2351 3340/2663/2352
f 3341/2662/2351 3342/2660/2349 2870/2661/2350
f 3341/2662/2351 2870/2661/2350 2869/2664/2353
f 3340/2663/2352 3341/2662/2351 2869/2664/2353
f 3340/2663/2352 2869/2664/2353 2868/2665/2354
f 3034/2666/2355 3035/2667/2356 2445/2668/1949
f 3034/2666/2355 2445/2668/1949 2447/2669/2006
f 3035/2667/2356 3036/2670/2357 2449/2671/1946
f 3035/2667/2356 2449/2671/1946 2445/2668/1949
f 3036/2670/2357 3037/2672/2358 2451/2673/1953
f 3036/2670/2357 2451/2673/1953 2449/2671/1946
f 3037/2672/2358 3038/2674/2359 2453/2675/1956
f 3037/2672/2358 2453/2675/1956 2451/2673/1953
f 3039/2676/2360 3040/2677/2361 2457/2678/1963
f 3039/2676/2360 2457/2678/1963 2455/2679/1959
f 3040/2677/2361 3041/2680/2362 2459/2681/1965
f 3040/2677/2361 2459/2681/1965 2457/2678/1963
f 3041/2680/2362 3042/2682/2363 2461/2683/1968
f 3041/2680/2362 2461/2683/1968 2459/2681/1965
f 3042/2682/2363 3043/2684/2364 2463/2685/1971
f 3042/2682/2363 2463/2685/1971 2461/2683/1968
f 3043/2684/2364 3044/2686/2365 2465/2687/1974
f 3043/2684/2364 2465/2687/1974 2463/2685/1971
f 3044/2686/2365 3045/2688/2366 2467/2689/1977
f 3044/2686/2365 2467/2689/1977 2465/2687/1974
f 3045/2688/2366 3046/2690/2367 2469/2691/1980
f 3045/2688/2366 2469/2691/1980 2467/2689/1977
f 3046/2690/2367 3047/2692/2368 2471/2693/1983
f 3046/2690/2367 2471/2693/1983 2469/2691/1980
f 3047/2692/2368 3048/2694/2369 2473/2695/1986
f 3047/2692/2368 2473/2695/1986 2471/2693/1983
f 3049/2696/2370 3050/2697/2371 2478/2698/1993
f 3049/2696/2370 2478/2698/1993 2475/2699/1989
f 3050/2697/2371 3051/2700/2372 2480/2701/1995
f 3050/2697/2371 2480/2701/1995 2478/2698/1993
f 3051/2700/2372 3052/2702/2373 2481/2703/1998
f 3051/2700/2372 2481/2703/1998 2480/2701/1995
f 3052/2702/2373 3053/2704/2374 2484/2705/2002
f 3052/2702/2373 2484/2705/2002 2481/2703/1998
f 3053/2704/2374 3034/2666/2355 2447/2669/2006
f 3053/2704/2374 2447/2669/2006 2484/2705/2002
f 2507/2706/2375 3056/2707/2376 3055/2708/2377
f 2507/2706/2375 3055/2708/2377 2508/2709/2378
f 3055/2708/2377 3056/2707/2376 2486/2388/2092
f 3055/2708/2377 2486/2388/2092 2487/2409/2113
f 2508/2709/2378 3055/2708/2377 3057/2710/2379
f 2508/2709/2378 3057/2710/2379 2509/2711/2380
f 3057/2710/2379 3055/2708/2377 2487/2409/2113
f 3057/2710/2379 2487/2409/2113 2488/2421/2125
f 2509/2711/2380 3057/2710/2379 3058/2712/2381
f 2509/2711/2380 3058/2712/2381 2510/2713/2382
f 3058/2712/2381 3057/2710/2379 2488/2421/2125
f 3058/2712/2381 2488/2421/2125 2489/2376/2080
f 2510/2713/2382 3058/2712/2381 3059/2714/2383
f 2510/2713/2382 3059/2714/2383 2511/2715/2384
f 3059/2714/2383 3058/2712/2381 2489/2376/2080
f 3059/2714/2383 2489/2376/2080 2490/2375/2079
f 2204/2321/2027 2912/2320/2026 2913/2324/2030
f 2204/2321/2027 2913/2324/2030 2206/2323/2029
f 2913/2324/2030 2912/2320/2026 2242/2322/2028
f 2913/2324/2030 2242/2322/2028 2243/2327/2033
f 2512/2716/2385 3060/2717/2386 3061/2718/2387
f 2512/2716/2385 3061/2718/2387 2513/2719/2388
f 3061/2718/2387 3060/2717/2386 2491/2397/2101
f 3061/2718/2387 2491/2397/2101 2492/2396/2100
f 2513/2719/2388 3061/2718/2387 3062/2720/2389
f 2513/2719/2388 3062/2720/2389 2514/2721/2390
f 3062/2720/2389 3061/2718/2387 2492/2396/2100
f 3062/2720/2389 2492/2396/2100 2493/2403/2107
f 2514/2721/2390 3062/2720/2389 3063/2722/2391
f 2514/2721/2390 3063/2722/2391 2515/2723/2392
f 3063/2722/2391 3062/2720/2389 2493/2403/2107
f 3063/2722/2391 2493/2403/2107 2494/2406/2110
f 2515/2723/2392 3063/2722/2391 3064/2724/2393
f 2515/2723/2392 3064/2724/2393 2516/2725/2394
f 3064/2724/2393 3063/2722/2391 2494/2406/2110
f 3064/2724/2393 2494/2406/2110 2495/2418/2122
f 2516/2725/2394 3064/2724/2393 3065/2726/2395
f 2516/2725/2394 3065/2726/2395 2517/2727/2396
f 3065/2726/2395 3064/2724/2393 2495/2418/2122
f 3065/2726/2395 2495/2418/2122 2496/2307/2013
f 2517/2727/2396 3065/2726/2395 3066/2728/2397
f 2517/2727/2396 3066/2728/2397 2518/2729/2398
f 3066/2728/2397 3065/2726/2395 2496/2307/2013
f 3066/2728/2397 2496/2307/2013 2497/2306/2012
f 2518/2729/2398 3066/2728/2397 3067/2730/2399
f 2518/2729/2398 3067/2730/2399 2519/2731/2400
f 3067/2730/2399 3066/2728/2397 2497/2306/2012
f 3067/2730/2399 2497/2306/2012 2498/2385/2089
f 2519/2731/2400 3067/2730/2399 3068/2732/2401
f 2519/2731/2400 3068/2732/2401 2520/2733/2402
f 3068/2732/2401 3067/2730/2399 2498/2385/2089
f 3068/2732/2401 2498/2385/2089 2499/2391/2095
f 2520/2733/2402 3068/2732/2401 3069/2734/2403
f 2520/2733/2402 3069/2734/2403 2521/2735/2404
f 3069/2734/2403 3068/2732/2401 2499/2391/2095
f 3069/2734/2403 2499/2391/2095 2500/2400/2104
f 2225/2351/2057 2922/2350/2056 2923/2354/2060
f 2225/2351/2057 2923/2354/2060 2227/2353/2059
f 2923/2354/2060 2922/2350/2056 2252/2352/2058
f 2923/2354/2060 2252/2352/2058 2253/2357/2063
f 2522/2736/2405 3070/2737/2406 3071/2738/2407
f 2522/2736/2405 3071/2738/2407 2523/2739/2408
f 3071/2738/2407 3070/2737/2406 2501/2415/2119
f 3071/2738/2407 2501/2415/2119 2502/2414/2118
f 2523/2739/2408 3071/2738/2407 3072/2740/2409
f 2523/2739/2408 3072/2740/2409 2524/2741/2410
f 3072/2740/2409 3071/2738/2407 2502/2414/2118
f 3072/2740/2409 2502/2414/2118 2503/2424/2128
f 2524/2741/2410 3072/2740/2409 3074/2742/2411
f 2524/2741/2410 3074/2742/2411 2526/2743/2412
f 3074/2742/2411 3072/2740/2409 2503/2424/2128
f 3074/2742/2411 2503/2424/2128 2505/2427/2129
f 2525/2744/2412 3073/2745/2413 3075/2746/2414
f 2525/2744/2412 3075/2746/2414 2527/2747/2415
f 3075/2746/2414 3073/2745/2413 2504/2382/2086
f 3075/2746/2414 2504/2382/2086 2506/2381/2085
f 2527/2747/2415 3075/2746/2414 3056/2707/2376
f 2527/2747/2415 3056/2707/2376 2507/2706/2375
f 3056/2707/2376 3075/2746/2414 2506/2381/2085
f 3056/2707/2376 2506/2381/2085 2486/2388/2092
f 2508/2709/2378 2509/2711/2380 2264/2748/3
f 2508/2709/2378 2264/2748/3 2262/2749/3
f 2509/2711/2380 2510/2713/2382 2266/2750/3
f 2509/2711/2380 2266/2750/3 2264/2748/3
f 2510/2713/2382 2511/2715/2384 2268/2751/3
f 2510/2713/2382 2268/2751/3 2266/2750/3
f 2512/2716/2385 2513/2719/2388 2271/2752/3
f 2512/2716/2385 2271/2752/3 2270/2753/3
f 2511/2715/2384 3059/2714/2383 3060/2717/2386
f 2511/2715/2384 3060/2717/2386 2512/2716/2385
f 3060/2717/2386 3059/2714/2383 2490/2375/2079
f 3060/2717/2386 2490/2375/2079 2491/2397/2101
f 2513/2719/2388 2514/2721/2390 2273/2754/3
f 2513/2719/2388 2273/2754/3 2271/2752/3
f 2514/2721/2390 2515/2723/2392 2275/2755/3
f 2514/2721/2390 2275/2755/3 2273/2754/3
f 2515/2723/2392 2516/2725/2394 2277/2756/3
f 2515/2723/2392 2277/2756/3 2275/2755/3
f 2516/2725/2394 2517/2727/2396 2280/2757/3
f 2516/2725/2394 2280/2757/3 2277/2756/3
f 2517/2727/2396 2518/2729/2398 2282/2758/3
f 2517/2727/2396 2282/2758/3 2280/2757/3
f 2518/2729/2398 2519/2731/2400 2284/2759/3
f 2518/2729/2398 2284/2759/3 2282/2758/3
f 2519/2731/2400 2520/2733/2402 2286/2760/3
f 2519/2731/2400 2286/2760/3 2284/2759/3
f 2520/2733/2402 2521/2735/2404 2288/2761/3
f 2520/2733/2402 2288/2761/3 2286/2760/3
f 2522/2736/2405 2523/2739/2408 2292/2762/3
f 2522/2736/2405 2292/2762/3 2290/2763/3
f 2521/2735/2404 3069/2734/2403 3070/2737/2406
f 2521/2735/2404 3070/2737/2406 2522/2736/2405
f 3070/2737/2406 3069/2734/2403 2500/2400/2104
f 3070/2737/2406 2500/2400/2104 2501/2415/2119
f 2523/2739/2408 2524/2741/2410 2294/2764/3
f 2523/2739/2408 2294/2764/3 2292/2762/3
f 2524/2741/2410 2526/2743/2412 2297/2765/3
f 2524/2741/2410 2297/2765/3 2294/2764/3
f 2525/2744/2412 2527/2747/2415 2299/2766/3
f 2525/2744/2412 2299/2766/3 2296/2767/3
f 2527/2747/2415 2507/2706/2375 2260/2768/3
f 2527/2747/2415 2260/2768/3 2299/2766/3
f 2521/2735/2404 2522/2736/2405 2290/2763/3
f 2521/2735/2404 2290/2763/3 2288/2761/3
f 2528/2245/1952 2529/2244/1951 3339/2769/2416
f 2528/2245/1952 3339/2769/2416 3097/2428/2130
f 3097/2428/2130 3339/2769/2416 2867/2770/2417
f 3097/2428/2130 2867/2770/2417 2866/2645/2334
f 2252/2352/2058 2901/2771/2418 2902/2772/2419
f 2252/2352/2058 2902/2772/2419 2253/2357/2063
f 2542/2284/1991 2543/2285/1992 3345/2653/2342
f 2542/2284/1991 3345/2653/2342 3344/2773/2420
f 2902/2772/2419 2901/2771/2418 2639/2774/2421
f 2902/2772/2419 2639/2774/2421 2641/2775/2422
f 3344/2773/2420 3345/2653/2342 2881/2657/2346
f 3344/2773/2420 2881/2657/2346 2880/2776/2423
f 2511/2715/2384 2512/2716/2385 2270/2753/3
f 2511/2715/2384 2270/2753/3 2268/2751/3
f 2242/2322/2028 2891/2777/2424 2892/2778/2425
f 2242/2322/2028 2892/2778/2425 2243/2327/2033
f 2892/2778/2425 2891/2777/2424 2619/2779/2426
f 2892/2778/2425 2619/2779/2426 2621/2780/2427
f 2755/2395/2099 2937/2394/2098 2931/2372/2076
f 2755/2395/2099 2931/2372/2076 2743/2371/2075
f 2931/2372/2076 2937/2394/2098 2491/2397/2101
f 2931/2372/2076 2491/2397/2101 2490/2375/2079
f 2767/2413/2117 2943/2412/2116 2941/2399/2103
f 2767/2413/2117 2941/2399/2103 2763/2398/2102
f 2941/2399/2103 2943/2412/2116 2501/2415/2119
f 2941/2399/2103 2501/2415/2119 2500/2400/2104
f 2529/2244/1951 2530/2248/1955 3340/2663/2352
f 2529/2244/1951 3340/2663/2352 3339/2769/2416
f 2534/2260/1967 2535/2263/1970 3331/2781/2428
f 2534/2260/1967 3331/2781/2428 3330/2655/2344
f 3339/2769/2416 3340/2663/2352 2868/2665/2354
f 3339/2769/2416 2868/2665/2354 2867/2770/2417
f 3330/2655/2344 3331/2781/2428 2873/2782/2429
f 3330/2655/2344 2873/2782/2429 2872/2658/2347
f 2535/2263/1970 2536/2266/1973 3332/2783/2430
f 2535/2263/1970 3332/2783/2430 3331/2781/2428
f 3331/2781/2428 3332/2783/2430 2874/2784/2431
f 3331/2781/2428 2874/2784/2431 2873/2782/2429
f 2536/2266/1973 2537/2269/1976 3333/2785/2432
f 2536/2266/1973 3333/2785/2432 3332/2783/2430
f 3332/2783/2430 3333/2785/2432 2875/2786/2433
f 3332/2783/2430 2875/2786/2433 2874/2784/2431
f 2537/2269/1976 2538/2272/1979 3334/2787/2434
f 2537/2269/1976 3334/2787/2434 3333/2785/2432
f 3333/2785/2432 3334/2787/2434 2876/2788/2435
f 3333/2785/2432 2876/2788/2435 2875/2786/2433
f 2538/2272/1979 2539/2275/1982 3335/2789/2436
f 2538/2272/1979 3335/2789/2436 3334/2787/2434
f 3334/2787/2434 3335/2789/2436 2877/2790/2437
f 3334/2787/2434 2877/2790/2437 2876/2788/2435
f 2539/2275/1982 2540/2278/1985 3336/2791/2438
f 2539/2275/1982 3336/2791/2438 3335/2789/2436
f 3335/2789/2436 3336/2791/2438 2878/2792/2439
f 3335/2789/2436 2878/2792/2439 2877/2790/2437
f 2540/2278/1985 2541/2281/1988 3337/2793/2440
f 2540/2278/1985 3337/2793/2440 3336/2791/2438
f 3336/2791/2438 3337/2793/2440 2879/2794/2441
f 3336/2791/2438 2879/2794/2441 2878/2792/2439
f 2541/2281/1988 2542/2284/1991 3344/2773/2420
f 2541/2281/1988 3344/2773/2420 3337/2793/2440
f 3337/2793/2440 3344/2773/2420 2880/2776/2423
f 3337/2793/2440 2880/2776/2423 2879/2794/2441
f 2651/2795/2442 2652/2796/2443 3200/2797/2444
f 2651/2795/2442 3200/2797/2444 2907/2798/2445
f 2568/2799/2446 2569/2640/2329 3030/2643/2332
f 2568/2799/2446 3030/2643/2332 3026/2800/2447
f 3030/2643/2332 2950/2642/2331 2302/2430/2132
f 3030/2643/2332 2302/2430/2132 2440/2632/2322
f 2567/2801/2448 2568/2799/2446 3026/2800/2447
f 2567/2801/2448 3026/2800/2447 3022/2802/2449
f 3026/2800/2447 3030/2643/2332 2440/2632/2322
f 3026/2800/2447 2440/2632/2322 2433/2625/2315
f 2566/2803/2450 2567/2801/2448 3022/2802/2449
f 2566/2803/2450 3022/2802/2449 3018/2804/2451
f 3022/2802/2449 3026/2800/2447 2433/2625/2315
f 3022/2802/2449 2433/2625/2315 2426/2617/2308
f 2565/2805/2452 2566/2803/2450 3018/2804/2451
f 2565/2805/2452 3018/2804/2451 3011/2806/2453
f 3018/2804/2451 3022/2802/2449 2426/2617/2308
f 3018/2804/2451 2426/2617/2308 2419/2590/2284
f 2563/2807/2454 2564/2808/2455 3010/2809/2456
f 2563/2807/2454 3010/2809/2456 3006/2810/2457
f 3011/2806/2453 3018/2804/2451 2419/2590/2284
f 3011/2806/2453 2419/2590/2284 2409/2589/2283
f 2562/2811/2458 2563/2807/2454 3006/2810/2457
f 2562/2811/2458 3006/2810/2457 3002/2812/2459
f 3006/2810/2457 3010/2809/2456 2408/2582/2277
f 3006/2810/2457 2408/2582/2277 2400/2577/2272
f 2561/2813/2460 2562/2811/2458 3002/2812/2459
f 2561/2813/2460 3002/2812/2459 2998/2814/2461
f 3002/2812/2459 3006/2810/2457 2400/2577/2272
f 3002/2812/2459 2400/2577/2272 2393/2567/2263
f 2560/2815/2462 2561/2813/2460 2998/2814/2461
f 2560/2815/2462 2998/2814/2461 2994/2816/2463
f 2998/2814/2461 3002/2812/2459 2393/2567/2263
f 2998/2814/2461 2393/2567/2263 2386/2552/2248
f 2559/2817/2464 2560/2815/2462 2994/2816/2463
f 2559/2817/2464 2994/2816/2463 2990/2818/2465
f 2994/2816/2463 2998/2814/2461 2386/2552/2248
f 2994/2816/2463 2386/2552/2248 2379/2542/2238
f 2558/2819/2466 2559/2817/2464 2990/2818/2465
f 2558/2819/2466 2990/2818/2465 2986/2820/2467
f 2990/2818/2465 2994/2816/2463 2379/2542/2238
f 2990/2818/2465 2379/2542/2238 2372/2537/2233
f 2557/2821/2468 2558/2819/2466 2986/2820/2467
f 2557/2821/2468 2986/2820/2467 2982/2822/2469
f 2986/2820/2467 2990/2818/2465 2372/2537/2233
f 2986/2820/2467 2372/2537/2233 2365/2527/2224
f 2556/2823/2470 2557/2821/2468 2982/2822/2469
f 2556/2823/2470 2982/2822/2469 2978/2824/2471
f 2982/2822/2469 2986/2820/2467 2365/2527/2224
f 2982/2822/2469 2365/2527/2224 2358/2512/2210
f 2555/2825/2472 2556/2823/2470 2978/2824/2471
f 2555/2825/2472 2978/2824/2471 2974/2826/2473
f 2978/2824/2471 2982/2822/2469 2358/2512/2210
f 2978/2824/2471 2358/2512/2210 2351/2505/2203
f 2554/2827/2474 2555/2825/2472 2974/2826/2473
f 2554/2827/2474 2974/2826/2473 2970/2828/2475
f 2974/2826/2473 2978/2824/2471 2351/2505/2203
f 2974/2826/2473 2351/2505/2203 2344/2497/2196
f 2553/2829/2476 2554/2827/2474 2970/2828/2475
f 2553/2829/2476 2970/2828/2475 2966/2830/2477
f 2970/2828/2475 2974/2826/2473 2344/2497/2196
f 2970/2828/2475 2344/2497/2196 2337/2479/2179
f 2552/2831/2478 2553/2829/2476 2966/2830/2477
f 2552/2831/2478 2966/2830/2477 2962/2832/2479
f 2966/2830/2477 2970/2828/2475 2337/2479/2179
f 2966/2830/2477 2337/2479/2179 2330/2472/2173
f 2551/2833/2480 2552/2831/2478 2962/2832/2479
f 2551/2833/2480 2962/2832/2479 2958/2834/2481
f 2962/2832/2479 2966/2830/2477 2330/2472/2173
f 2962/2832/2479 2330/2472/2173 2323/2467/2168
f 2550/2835/2482 2551/2833/2480 2958/2834/2481
f 2550/2835/2482 2958/2834/2481 2954/2836/2483
f 2958/2834/2481 2962/2832/2479 2323/2467/2168
f 2958/2834/2481 2323/2467/2168 2316/2457/2159
f 2549/2641/2330 2550/2835/2482 2954/2836/2483
f 2549/2641/2330 2954/2836/2483 2950/2642/2331
f 2954/2836/2483 2958/2834/2481 2316/2457/2159
f 2954/2836/2483 2316/2457/2159 2309/2431/2133
f 2590/2634/2324 2570/2437/2139 2953/2837/2484
f 2590/2634/2324 2953/2837/2484 3033/2838/2485
f 2950/2642/2331 2954/2836/2483 2309/2431/2133
f 2950/2642/2331 2309/2431/2133 2302/2430/2132
f 2589/2627/2317 2590/2634/2324 3033/2838/2485
f 2589/2627/2317 3033/2838/2485 3029/2839/2486
f 3033/2838/2485 2953/2837/2484 2305/2840/175
f 3033/2838/2485 2305/2840/175 2443/2841/174
f 2588/2619/2310 2589/2627/2317 3029/2839/2486
f 2588/2619/2310 3029/2839/2486 3025/2842/2487
f 3029/2839/2486 3033/2838/2485 2443/2841/174
f 3029/2839/2486 2443/2841/174 2436/2843/173
f 2587/2610/2301 2588/2619/2310 3025/2842/2487
f 2587/2610/2301 3025/2842/2487 3021/2844/2488
f 3025/2842/2487 3029/2839/2486 2436/2843/173
f 3025/2842/2487 2436/2843/173 2429/2845/171
f 2585/2611/2302 2587/2610/2301 3021/2844/2488
f 2585/2611/2302 3021/2844/2488 3016/2846/2489
f 3021/2844/2488 3025/2842/2487 2429/2845/171
f 3021/2844/2488 2429/2845/171 2422/2847/2490
f 2584/2579/2274 2586/2584/2279 3017/2848/2489
f 2584/2579/2274 3017/2848/2489 3009/2849/2491
f 3016/2846/2489 3021/2844/2488 2422/2847/2490
f 3016/2846/2489 2422/2847/2490 2414/2850/2492
f 2583/2569/2265 2584/2579/2274 3009/2849/2491
f 2583/2569/2265 3009/2849/2491 3005/2851/2493
f 3009/2849/2491 3017/2848/2489 2415/2852/2492
f 3009/2849/2491 2415/2852/2492 2403/2853/2494
f 2582/2554/2250 2583/2569/2265 3005/2851/2493
f 2582/2554/2250 3005/2851/2493 3001/2854/2495
f 3005/2851/2493 3009/2849/2491 2403/2853/2494
f 3005/2851/2493 2403/2853/2494 2396/2855/181
f 2581/2544/2240 2582/2554/2250 3001/2854/2495
f 2581/2544/2240 3001/2854/2495 2997/2856/2496
f 3001/2854/2495 3005/2851/2493 2396/2855/181
f 3001/2854/2495 2396/2855/181 2389/2857/183
f 2580/2539/2235 2581/2544/2240 2997/2856/2496
f 2580/2539/2235 2997/2856/2496 2993/2858/2497
f 2997/2856/2496 3001/2854/2495 2389/2857/183
f 2997/2856/2496 2389/2857/183 2383/2859/2498
f 2579/2529/2226 2580/2539/2235 2993/2858/2497
f 2579/2529/2226 2993/2858/2497 2989/2860/2499
f 2993/2858/2497 2997/2856/2496 2383/2859/2498
f 2993/2858/2497 2383/2859/2498 2376/2861/167
f 2578/2514/2212 2579/2529/2226 2989/2860/2499
f 2578/2514/2212 2989/2860/2499 2985/2862/2500
f 2989/2860/2499 2993/2858/2497 2376/2861/167
f 2989/2860/2499 2376/2861/167 2369/2863/184
f 2577/2507/2205 2578/2514/2212 2985/2862/2500
f 2577/2507/2205 2985/2862/2500 2981/2864/2501
f 2985/2862/2500 2989/2860/2499 2369/2863/184
f 2985/2862/2500 2369/2863/184 2362/2865/179
f 2576/2499/2198 2577/2507/2205 2981/2864/2501
f 2576/2499/2198 2981/2864/2501 2977/2866/2502
f 2981/2864/2501 2985/2862/2500 2362/2865/179
f 2981/2864/2501 2362/2865/179 2355/2867/2503
f 2575/2491/2190 2576/2499/2198 2977/2866/2502
f 2575/2491/2190 2977/2866/2502 2973/2868/2504
f 2977/2866/2502 2981/2864/2501 2355/2867/2503
f 2977/2866/2502 2355/2867/2503 2348/2869/2505
f 2574/2474/2175 2575/2491/2190 2973/2868/2504
f 2574/2474/2175 2973/2868/2504 2969/2870/2506
f 2973/2868/2504 2977/2866/2502 2348/2869/2505
f 2973/2868/2504 2348/2869/2505 2341/2871/186
f 2573/2469/2170 2574/2474/2175 2969/2870/2506
f 2573/2469/2170 2969/2870/2506 2965/2872/2507
f 2969/2870/2506 2973/2868/2504 2341/2871/186
f 2969/2870/2506 2341/2871/186 2333/2873/185
f 2572/2459/2161 2573/2469/2170 2965/2872/2507
f 2572/2459/2161 2965/2872/2507 2961/2874/2508
f 2965/2872/2507 2969/2870/2506 2333/2873/185
f 2965/2872/2507 2333/2873/185 2326/2875/180
f 2571/2436/2138 2572/2459/2161 2961/2874/2508
f 2571/2436/2138 2961/2874/2508 2957/2876/2509
f 2961/2874/2508 2965/2872/2507 2326/2875/180
f 2961/2874/2508 2326/2875/180 2319/2877/177
f 2570/2437/2139 2571/2436/2138 2957/2876/2509
f 2570/2437/2139 2957/2876/2509 2953/2837/2484
f 2957/2876/2509 2961/2874/2508 2319/2877/177
f 2957/2876/2509 2319/2877/177 2312/2878/2510
f 2611/2639/2328 2591/2451/2153 3098/2879/2511
f 2611/2639/2328 3098/2879/2511 3118/2880/2512
f 2953/2837/2484 2957/2876/2509 2312/2878/2510
f 2953/2837/2484 2312/2878/2510 2305/2840/175
f 2610/2624/2314 2611/2639/2328 3118/2880/2512
f 2610/2624/2314 3118/2880/2512 3117/2881/2513
f 3118/2880/2512 3098/2879/2511 2549/2641/2330
f 3118/2880/2512 2549/2641/2330 2569/2640/2329
f 2609/2616/2307 2610/2624/2314 3117/2881/2513
f 2609/2616/2307 3117/2881/2513 3116/2882/2514
f 3117/2881/2513 3118/2880/2512 2569/2640/2329
f 3117/2881/2513 2569/2640/2329 2568/2799/2446
f 2608/2606/2298 2609/2616/2307 3116/2882/2514
f 2608/2606/2298 3116/2882/2514 3115/2883/2515
f 3116/2882/2514 3117/2881/2513 2568/2799/2446
f 3116/2882/2514 2568/2799/2446 2567/2801/2448
f 2607/2607/2287 2608/2606/2298 3115/2883/2515
f 2607/2607/2287 3115/2883/2515 3114/2884/2516
f 3115/2883/2515 3116/2882/2514 2567/2801/2448
f 3115/2883/2515 2567/2801/2448 2566/2803/2450
f 2605/2576/2271 2606/2593/2287 3113/2885/2517
f 2605/2576/2271 3113/2885/2517 3112/2886/2518
f 3114/2884/2516 3115/2883/2515 2566/2803/2450
f 3114/2884/2516 2566/2803/2450 2565/2805/2452
f 2604/2566/2262 2605/2576/2271 3112/2886/2518
f 2604/2566/2262 3112/2886/2518 3111/2887/2519
f 3112/2886/2518 3113/2885/2517 2564/2808/2455
f 3112/2886/2518 2564/2808/2455 2563/2807/2454
f 2603/2561/2257 2604/2566/2262 3111/2887/2519
f 2603/2561/2257 3111/2887/2519 3110/2888/2520
f 3111/2887/2519 3112/2886/2518 2563/2807/2454
f 3111/2887/2519 2563/2807/2454 2562/2811/2458
f 2602/2551/2247 2603/2561/2257 3110/2888/2520
f 2602/2551/2247 3110/2888/2520 3109/2889/2521
f 3110/2888/2520 3111/2887/2519 2562/2811/2458
f 3110/2888/2520 2562/2811/2458 2561/2813/2460
f 2601/2536/2232 2602/2551/2247 3109/2889/2521
f 2601/2536/2232 3109/2889/2521 3108/2890/2522
f 3109/2889/2521 3110/2888/2520 2561/2813/2460
f 3109/2889/2521 2561/2813/2460 2560/2815/2462
f 2600/2526/2223 2601/2536/2232 3108/2890/2522
f 2600/2526/2223 3108/2890/2522 3107/2891/2523
f 3108/2890/2522 3109/2889/2521 2560/2815/2462
f 3108/2890/2522 2560/2815/2462 2559/2817/2464
f 2599/2521/2219 2600/2526/2223 3107/2891/2523
f 2599/2521/2219 3107/2891/2523 3106/2892/2524
f 3107/2891/2523 3108/2890/2522 2559/2817/2464
f 3107/2891/2523 2559/2817/2464 2558/2819/2466
f 2598/2504/2202 2599/2521/2219 3106/2892/2524
f 2598/2504/2202 3106/2892/2524 3105/2893/2525
f 3106/2892/2524 3107/2891/2523 2558/2819/2466
f 3106/2892/2524 2558/2819/2466 2557/2821/2468
f 2597/2496/2195 2598/2504/2202 3105/2893/2525
f 2597/2496/2195 3105/2893/2525 3104/2894/2526
f 3105/2893/2525 3106/2892/2524 2557/2821/2468
f 3105/2893/2525 2557/2821/2468 2556/2823/2470
f 2596/2488/2187 2597/2496/2195 3104/2894/2526
f 2596/2488/2187 3104/2894/2526 3103/2895/2527
f 3104/2894/2526 3105/2893/2525 2556/2823/2470
f 3104/2894/2526 2556/2823/2470 2555/2825/2472
f 2595/2481/2181 2596/2488/2187 3103/2895/2527
f 2595/2481/2181 3103/2895/2527 3102/2896/2528
f 3103/2895/2527 3104/2894/2526 2555/2825/2472
f 3103/2895/2527 2555/2825/2472 2554/2827/2474
f 2594/2466/2167 2595/2481/2181 3102/2896/2528
f 2594/2466/2167 3102/2896/2528 3101/2897/2529
f 3102/2896/2528 3103/2895/2527 2554/2827/2474
f 3102/2896/2528 2554/2827/2474 2553/2829/2476
f 2423/245/172 3351/222/3 2404/255/182
f 2423/245/172 2404/255/182 2416/2898/2492
f 2593/2456/2158 2594/2466/2167 3101/2897/2529
f 2593/2456/2158 3101/2897/2529 3100/2899/2530
f 3101/2897/2529 3102/2896/2528 2553/2829/2476
f 3101/2897/2529 2553/2829/2476 2552/2831/2478
f 2592/2450/2152 2593/2456/2158 3100/2899/2530
f 2592/2450/2152 3100/2899/2530 3099/2900/2531
f 3100/2899/2530 3101/2897/2529 2552/2831/2478
f 3100/2899/2530 2552/2831/2478 2551/2833/2480
f 2591/2451/2153 2592/2450/2152 3099/2900/2531
f 2591/2451/2153 3099/2900/2531 3098/2879/2511
f 3099/2900/2531 3100/2899/2530 2551/2833/2480
f 3099/2900/2531 2551/2833/2480 2550/2835/2482
f 3098/2879/2511 3099/2900/2531 2550/2835/2482
f 3098/2879/2511 2550/2835/2482 2549/2641/2330
f 2615/2901/2532 3230/2902/2533 3162/2903/2534
f 2615/2901/2532 3162/2903/2534 2617/2904/2535
f 2907/2798/2445 3200/2797/2444 2238/2312/2018
f 2907/2798/2445 2238/2312/2018 2258/2370/2074
f 3162/2903/2534 3230/2902/2533 2661/2905/2536
f 3162/2903/2534 2661/2905/2536 2664/2906/2537
f 2648/2907/2538 2651/2795/2442 2907/2798/2445
f 2648/2907/2538 2907/2798/2445 2906/2908/2539
f 2642/2909/2540 2644/2910/2541 3164/2911/2542
f 2642/2909/2540 3164/2911/2542 3229/2912/2543
f 2906/2908/2539 2907/2798/2445 2258/2370/2074
f 2906/2908/2539 2258/2370/2074 2257/2369/2073
f 3229/2912/2543 3164/2911/2542 2719/2913/2544
f 3229/2912/2543 2719/2913/2544 2715/2914/2545
f 2645/2915/2546 2649/2916/2538 2905/2917/2547
f 2645/2915/2546 2905/2917/2547 2904/2918/2548
f 2666/2919/2549 3226/2920/2550 3190/2921/2551
f 2666/2919/2549 3190/2921/2551 2670/2922/2552
f 2904/2918/2548 2905/2917/2547 2256/2364/2070
f 2904/2918/2548 2256/2364/2070 2255/2361/2067
f 2643/2923/2553 2645/2915/2546 2904/2918/2548
f 2643/2923/2553 2904/2918/2548 2903/2924/2554
f 3190/2921/2551 3226/2920/2550 2618/2925/2555
f 3190/2921/2551 2618/2925/2555 2620/2926/2556
f 2629/2927/2557 3228/2928/2558 3167/2929/2559
f 2629/2927/2557 3167/2929/2559 2631/2930/2560
f 2903/2924/2554 2904/2918/2548 2255/2361/2067
f 2903/2924/2554 2255/2361/2067 2254/2358/2064
f 3167/2929/2559 3228/2928/2558 2688/2931/2561
f 3167/2929/2559 2688/2931/2561 2692/2932/2562
f 2641/2775/2422 2643/2923/2553 2903/2924/2554
f 2641/2775/2422 2903/2924/2554 2902/2772/2419
f 2616/2933/2563 2618/2925/2555 3226/2920/2550
f 2616/2933/2563 3226/2920/2550 3227/2934/2564
f 2902/2772/2419 2903/2924/2554 2254/2358/2064
f 2902/2772/2419 2254/2358/2064 2253/2357/2063
f 3227/2934/2564 3226/2920/2550 2666/2919/2549
f 3227/2934/2564 2666/2919/2549 2662/2935/2565
f 2643/2923/2553 3225/2936/2566 3170/2937/2567
f 2643/2923/2553 3170/2937/2567 2645/2915/2546
f 3170/2937/2567 3225/2936/2566 2717/2938/2568
f 3170/2937/2567 2717/2938/2568 2721/2939/2569
f 2637/2940/2570 2639/2774/2421 2901/2771/2418
f 2637/2940/2570 2901/2771/2418 2900/2941/2571
f 2619/2779/2426 3223/2942/2572 3175/2943/2573
f 2619/2779/2426 3175/2943/2573 2621/2780/2427
f 2900/2941/2571 2901/2771/2418 2252/2352/2058
f 2900/2941/2571 2252/2352/2058 2251/2349/2055
f 3175/2943/2573 3223/2942/2572 2668/2944/2574
f 3175/2943/2573 2668/2944/2574 2672/2945/2575
f 2635/2946/2576 2637/2940/2570 2900/2941/2571
f 2635/2946/2576 2900/2941/2571 2899/2947/2577
f 2630/2948/2578 2632/2949/2579 3173/2950/2580
f 2630/2948/2578 3173/2950/2580 3224/2951/2581
f 2899/2947/2577 2900/2941/2571 2251/2349/2055
f 2899/2947/2577 2251/2349/2055 2250/2346/2052
f 3224/2951/2581 3173/2950/2580 2694/2952/2582
f 3224/2951/2581 2694/2952/2582 2690/2953/2583
f 2633/2954/2584 2635/2946/2576 2899/2947/2577
f 2633/2954/2584 2899/2947/2577 2898/2955/2585
f 2617/2904/2535 3162/2903/2534 3223/2942/2572
f 2617/2904/2535 3223/2942/2572 2619/2779/2426
f 2898/2955/2585 2899/2947/2577 2250/2346/2052
f 2898/2955/2585 2250/2346/2052 2249/2343/2049
f 3223/2942/2572 3162/2903/2534 2664/2906/2537
f 3223/2942/2572 2664/2906/2537 2668/2944/2574
f 2631/2930/2560 2633/2954/2584 2898/2955/2585
f 2631/2930/2560 2898/2955/2585 2897/2956/2586
f 2644/2910/2541 2647/2957/2587 3179/2958/2588
f 2644/2910/2541 3179/2958/2588 3164/2911/2542
f 2897/2956/2586 2898/2955/2585 2249/2343/2049
f 2897/2956/2586 2249/2343/2049 2248/2340/2046
f 3164/2911/2542 3179/2958/2588 2725/2959/2589
f 3164/2911/2542 2725/2959/2589 2719/2913/2544
f 2629/2927/2557 2631/2930/2560 2897/2956/2586
f 2629/2927/2557 2897/2956/2586 2896/2960/2590
f 2627/2961/2591 2629/2927/2557 2896/2960/2590
f 2627/2961/2591 2896/2960/2590 2895/2962/2592
f 2896/2960/2590 2897/2956/2586 2248/2340/2046
f 2896/2960/2590 2248/2340/2046 2247/2337/2043
f 2631/2930/2560 3167/2929/2559 3188/2963/2593
f 2631/2930/2560 3188/2963/2593 2633/2954/2584
f 2895/2962/2592 2896/2960/2590 2247/2337/2043
f 2895/2962/2592 2247/2337/2043 2246/2334/2040
f 3188/2963/2593 3167/2929/2559 2692/2932/2562
f 3188/2963/2593 2692/2932/2562 2696/2964/2594
f 2625/2965/2595 2627/2961/2591 2895/2962/2592
f 2625/2965/2595 2895/2962/2592 2894/2966/2596
f 2623/2967/2597 2625/2965/2595 2894/2966/2596
f 2623/2967/2597 2894/2966/2596 2893/2968/2598
f 2894/2966/2596 2895/2962/2592 2246/2334/2040
f 2894/2966/2596 2246/2334/2040 2245/2331/2037
f 2645/2915/2546 3170/2937/2567 3197/2969/2599
f 2645/2915/2546 3197/2969/2599 2649/2916/2538
f 2893/2968/2598 2894/2966/2596 2245/2331/2037
f 2893/2968/2598 2245/2331/2037 2244/2328/2034
f 3197/2969/2599 3170/2937/2567 2721/2939/2569
f 3197/2969/2599 2721/2939/2569 2729/2970/2600
f 2621/2780/2427 2623/2967/2597 2893/2968/2598
f 2621/2780/2427 2893/2968/2598 2892/2778/2425
f 2632/2949/2579 2634/2971/2601 3199/2972/2602
f 2632/2949/2579 3199/2972/2602 3173/2950/2580
f 2892/2778/2425 2893/2968/2598 2244/2328/2034
f 2892/2778/2425 2244/2328/2034 2243/2327/2033
f 3173/2950/2580 3199/2972/2602 2698/2973/2603
f 3173/2950/2580 2698/2973/2603 2694/2952/2582
f 2617/2904/2535 2619/2779/2426 2891/2777/2424
f 2617/2904/2535 2891/2777/2424 2890/2974/2604
f 2615/2901/2532 2617/2904/2535 2890/2974/2604
f 2615/2901/2532 2890/2974/2604 2889/2975/2605
f 2890/2974/2604 2891/2777/2424 2242/2322/2028
f 2890/2974/2604 2242/2322/2028 2241/2319/2025
f 2646/2976/2606 2650/2977/2607 3181/2978/2608
f 2646/2976/2606 3181/2978/2608 3178/2979/2609
f 2889/2975/2605 2890/2974/2604 2241/2319/2025
f 2889/2975/2605 2241/2319/2025 2240/2316/2022
f 3178/2979/2609 3181/2978/2608 2731/2980/2610
f 3178/2979/2609 2731/2980/2610 2724/2981/2611
f 2613/2982/2612 2615/2901/2532 2889/2975/2605
f 2613/2982/2612 2889/2975/2605 2888/2983/2613
f 2652/2796/2443 2613/2982/2612 2888/2983/2613
f 2652/2796/2443 2888/2983/2613 3200/2797/2444
f 2888/2983/2613 2889/2975/2605 2240/2316/2022
f 2888/2983/2613 2240/2316/2022 2239/2313/2019
f 2633/2954/2584 3188/2963/2593 3186/2984/2614
f 2633/2954/2584 3186/2984/2614 2635/2946/2576
f 3200/2797/2444 2888/2983/2613 2239/2313/2019
f 3200/2797/2444 2239/2313/2019 2238/2312/2018
f 3186/2984/2614 3188/2963/2593 2696/2964/2594
f 3186/2984/2614 2696/2964/2594 2700/2985/2615
f 2620/2926/2556 2622/2986/2616 3193/2987/2617
f 2620/2926/2556 3193/2987/2617 3190/2921/2551
f 3190/2921/2551 3193/2987/2617 2674/2988/2618
f 3190/2921/2551 2674/2988/2618 2670/2922/2552
f 3048/2694/2369 3049/2696/2370 2475/2699/1989
f 3048/2694/2369 2475/2699/1989 2473/2695/1986
f 2648/2907/2538 3196/2989/2619 3195/2990/2620
f 2648/2907/2538 3195/2990/2620 2651/2795/2442
f 3195/2990/2620 3196/2989/2619 2728/2991/2621
f 3195/2990/2620 2728/2991/2621 2733/2992/2622
f 3038/2674/2359 3039/2676/2360 2455/2679/1959
f 3038/2674/2359 2455/2679/1959 2453/2675/1956
f 2634/2971/2601 2636/2993/2623 3201/2994/2624
f 2634/2971/2601 3201/2994/2624 3199/2972/2602
f 3199/2972/2602 3201/2994/2624 2703/2995/2625
f 3199/2972/2602 2703/2995/2625 2698/2973/2603
f 2730/2996/2626 2736/2997/2627 3222/2998/2130
f 2730/2996/2626 3222/2998/2130 3221/2999/2131
f 2723/3000/2628 2730/2996/2626 3221/2999/2131
f 2723/3000/2628 3221/2999/2131 3219/3001/2333
f 3221/2999/2131 3222/2998/2130 2734/3002/2629
f 3221/2999/2131 2734/3002/2629 2732/2992/2630
f 2718/3003/2544 2722/3004/2631 3220/3005/2632
f 2718/3003/2544 3220/3005/2632 3218/3006/2337
f 3219/3001/2333 3221/2999/2131 2732/2992/2630
f 3219/3001/2333 2732/2992/2630 2727/2991/2633
f 2714/3007/2634 2718/3003/2544 3218/3006/2337
f 2714/3007/2634 3218/3006/2337 3217/3008/2635
f 3218/3006/2337 3220/3005/2632 2726/2970/2636
f 3218/3006/2337 2726/2970/2636 2720/2939/2637
f 2710/3009/2638 2714/3007/2634 3217/3008/2635
f 2710/3009/2638 3217/3008/2635 3216/3010/2639
f 3217/3008/2635 3218/3006/2337 2720/2939/2637
f 3217/3008/2635 2720/2939/2637 2716/2938/2640
f 2708/3011/2641 3215/3012/2642 3216/3010/2639
f 2708/3011/2641 3216/3010/2639 2712/3013/2643
f 3216/3010/2639 3217/3008/2635 2716/2938/2640
f 3216/3010/2639 2716/2938/2640 2712/3013/2643
f 2702/3014/2644 2706/3015/2645 3215/3012/2642
f 2702/3014/2644 3215/3012/2642 3214/3016/2646
f 3216/3010/2639 3215/3012/2642 2706/3015/2645
f 3216/3010/2639 2706/3015/2645 2710/3009/2638
f 2699/3017/2647 2702/3014/2644 3214/3016/2646
f 2699/3017/2647 3214/3016/2646 3213/3018/2438
f 3214/3016/2646 3215/3012/2642 2708/3011/2641
f 3214/3016/2646 2708/3011/2641 2704/3019/2648
f 2695/3020/2582 2699/3017/2647 3213/3018/2438
f 2695/3020/2582 3213/3018/2438 3212/3021/2436
f 3213/3018/2438 3214/3016/2646 2704/3019/2648
f 3213/3018/2438 2704/3019/2648 2701/2985/2649
f 2691/3022/2650 2695/3020/2582 3212/3021/2436
f 2691/3022/2650 3212/3021/2436 3211/3023/2434
f 3212/3021/2436 3213/3018/2438 2701/2985/2649
f 3212/3021/2436 2701/2985/2649 2697/2964/2651
f 2687/3024/2652 2691/3022/2650 3211/3023/2434
f 2687/3024/2652 3211/3023/2434 3210/3025/2432
f 3211/3023/2434 3212/3021/2436 2697/2964/2651
f 3211/3023/2434 2697/2964/2651 2693/2932/2653
f 2683/3026/2654 2687/3024/2652 3210/3025/2432
f 2683/3026/2654 3210/3025/2432 3209/3027/2430
f 3210/3025/2432 3211/3023/2434 2693/2932/2653
f 3210/3025/2432 2693/2932/2653 2689/2931/2655
f 2679/3028/2656 2683/3026/2654 3209/3027/2430
f 2679/3028/2656 3209/3027/2430 3208/3029/2657
f 3209/3027/2430 3210/3025/2432 2689/2931/2655
f 3209/3027/2430 2689/2931/2655 2685/3030/2658
f 2675/3031/2659 2679/3028/2656 3208/3029/2657
f 2675/3031/2659 3208/3029/2657 3207/3032/2660
f 3208/3029/2657 3209/3027/2430 2685/3030/2658
f 3208/3029/2657 2685/3030/2658 2681/3033/2661
f 2671/3034/2552 2675/3031/2659 3207/3032/2660
f 2671/3034/2552 3207/3032/2660 3206/3035/2345
f 3207/3032/2660 3208/3029/2657 2681/3033/2661
f 3207/3032/2660 2681/3033/2661 2677/3036/2662
f 2669/2944/2663 3205/3037/2349 3206/3035/2345
f 2669/2944/2663 3206/3035/2345 2673/2945/2664
f 3206/3035/2345 3207/3032/2660 2677/3036/2662
f 3206/3035/2345 2677/3036/2662 2673/2945/2664
f 2663/3038/2665 2667/3039/2666 3205/3037/2349
f 2663/3038/2665 3205/3037/2349 3204/3040/2667
f 3206/3035/2345 3205/3037/2349 2667/3039/2666
f 3206/3035/2345 2667/3039/2666 2671/3034/2552
f 2658/3041/2668 2663/3038/2665 3204/3040/2667
f 2658/3041/2668 3204/3040/2667 3203/3042/2669
f 3204/3040/2667 3205/3037/2349 2669/2944/2663
f 3204/3040/2667 2669/2944/2663 2665/2906/2670
f 2654/3043/2671 2658/3041/2668 3203/3042/2669
f 2654/3043/2671 3203/3042/2669 3202/3044/2416
f 3203/3042/2669 3204/3040/2667 2665/2906/2670
f 3203/3042/2669 2665/2906/2670 2660/2905/2672
f 2736/2997/2627 2654/3043/2671 3202/3044/2416
f 2736/2997/2627 3202/3044/2416 3222/2998/2130
f 3202/3044/2416 3203/3042/2669 2660/2905/2672
f 3202/3044/2416 2660/2905/2672 2656/3045/2673
f 2639/2774/2421 3198/3046/2674 3232/3047/2675
f 2639/2774/2421 3232/3047/2675 2641/2775/2422
f 3222/2998/2130 3202/3044/2416 2656/3045/2673
f 3222/2998/2130 2656/3045/2673 2734/3002/2629
f 3232/3047/2675 3198/3046/2674 2709/3011/2676
f 3232/3047/2675 2709/3011/2676 2713/3013/2677
f 2628/3048/2678 2630/2948/2578 3224/2951/2581
f 2628/3048/2678 3224/2951/2581 3231/3049/2679
f 3231/3049/2679 3224/2951/2581 2690/2953/2583
f 3231/3049/2679 2690/2953/2583 2686/3050/2680
f 2641/2775/2422 3232/3047/2675 3225/2936/2566
f 2641/2775/2422 3225/2936/2566 2643/2923/2553
f 3225/2936/2566 3232/3047/2675 2713/3013/2677
f 3225/2936/2566 2713/3013/2677 2717/2938/2568
f 2614/3051/2681 2616/2933/2563 3227/2934/2564
f 2614/3051/2681 3227/2934/2564 3233/3052/2682
f 3233/3052/2682 3227/2934/2564 2662/2935/2565
f 3233/3052/2682 2662/2935/2565 2659/3053/2683
f 2627/2961/2591 3234/3054/2684 3228/2928/2558
f 2627/2961/2591 3228/2928/2558 2629/2927/2557
f 3228/2928/2558 3234/3054/2684 2684/3030/2685
f 3228/2928/2558 2684/3030/2685 2688/2931/2561
f 2640/3055/2686 2642/2909/2540 3229/2912/2543
f 2640/3055/2686 3229/2912/2543 3235/3056/2687
f 3235/3056/2687 3229/2912/2543 2715/2914/2545
f 3235/3056/2687 2715/2914/2545 2711/3057/2638
f 2613/2982/2612 3236/3058/2688 3230/2902/2533
f 2613/2982/2612 3230/2902/2533 2615/2901/2532
f 3230/2902/2533 3236/3058/2688 2657/3045/2689
f 3230/2902/2533 2657/3045/2689 2661/2905/2536
f 2626/3059/2690 2628/3048/2678 3231/3049/2679
f 2626/3059/2690 3231/3049/2679 3237/3060/2691
f 3237/3060/2691 3231/3049/2679 2686/3050/2680
f 3237/3060/2691 2686/3050/2680 2682/3061/2692
f 2707/3062/2645 3183/3063/2693 3235/3056/2687
f 2707/3062/2645 3235/3056/2687 2711/3057/2638
f 2612/3064/2694 2614/3051/2681 3233/3052/2682
f 2612/3064/2694 3233/3052/2682 3238/3065/2695
f 3235/3056/2687 3183/3063/2693 2638/3066/2696
f 3235/3056/2687 2638/3066/2696 2640/3055/2686
f 3238/3065/2695 3233/3052/2682 2659/3053/2683
f 3238/3065/2695 2659/3053/2683 2655/3067/2697
f 2625/2965/2595 3239/3068/2698 3234/3054/2684
f 2625/2965/2595 3234/3054/2684 2627/2961/2591
f 3234/3054/2684 3239/3068/2698 2680/3033/2699
f 3234/3054/2684 2680/3033/2699 2684/3030/2685
f 2652/2796/2443 3240/3069/2700 3236/3058/2688
f 2652/2796/2443 3236/3058/2688 2613/2982/2612
f 3236/3058/2688 3240/3069/2700 2735/3002/2701
f 3236/3058/2688 2735/3002/2701 2657/3045/2689
f 2624/3070/2702 2626/3059/2690 3237/3060/2691
f 2624/3070/2702 3237/3060/2691 3241/3071/2703
f 3241/3071/2703 3237/3060/2691 2682/3061/2692
f 3241/3071/2703 2682/3061/2692 2678/3072/2704
f 2637/2940/2570 3242/3073/2705 3198/3046/2674
f 2637/2940/2570 3198/3046/2674 2639/2774/2421
f 3198/3046/2674 3242/3073/2705 2705/3019/2706
f 3198/3046/2674 2705/3019/2706 2709/3011/2676
f 2653/3074/2707 2612/3064/2694 3238/3065/2695
f 2653/3074/2707 3238/3065/2695 3243/3075/2708
f 3243/3075/2708 3238/3065/2695 2655/3067/2697
f 3243/3075/2708 2655/3067/2697 2737/3076/2627
f 2623/2967/2597 3244/3077/2709 3239/3068/2698
f 2623/2967/2597 3239/3068/2698 2625/2965/2595
f 3239/3068/2698 3244/3077/2709 2676/3036/2710
f 3239/3068/2698 2676/3036/2710 2680/3033/2699
f 2636/2993/2623 2638/3066/2696 3183/3063/2693
f 2636/2993/2623 3183/3063/2693 3201/2994/2624
f 3201/2994/2624 3183/3063/2693 2707/3062/2645
f 3201/2994/2624 2707/3062/2645 2703/2995/2625
f 2651/2795/2442 3195/2990/2620 3240/3069/2700
f 2651/2795/2442 3240/3069/2700 2652/2796/2443
f 3240/3069/2700 3195/2990/2620 2733/2992/2622
f 3240/3069/2700 2733/2992/2622 2735/3002/2701
f 2622/2986/2616 2624/3070/2702 3241/3071/2703
f 2622/2986/2616 3241/3071/2703 3193/2987/2617
f 3193/2987/2617 3241/3071/2703 2678/3072/2704
f 3193/2987/2617 2678/3072/2704 2674/2988/2618
f 2635/2946/2576 3186/2984/2614 3242/3073/2705
f 2635/2946/2576 3242/3073/2705 2637/2940/2570
f 3242/3073/2705 3186/2984/2614 2700/2985/2615
f 3242/3073/2705 2700/2985/2615 2705/3019/2706
f 2650/2977/2607 2653/3074/2707 3243/3075/2708
f 2650/2977/2607 3243/3075/2708 3181/2978/2608
f 3181/2978/2608 3243/3075/2708 2737/3076/2627
f 3181/2978/2608 2737/3076/2627 2731/2980/2610
f 2621/2780/2427 3175/2943/2573 3244/3077/2709
f 2621/2780/2427 3244/3077/2709 2623/2967/2597
f 3244/3077/2709 3175/2943/2573 2672/2945/2575
f 3244/3077/2709 2672/2945/2575 2676/3036/2710
f 2742/3078/2711 3258/3079/2712 3324/3080/2713
f 2742/3078/2711 3324/3080/2713 2745/3081/2714
f 3324/3080/2713 3258/3079/2712 2790/3082/2715
f 3324/3080/2713 2790/3082/2715 2797/3083/2716
f 2754/3084/2717 3284/3085/2718 3258/3079/2712
f 2754/3084/2717 3258/3079/2712 2742/3078/2711
f 3258/3079/2712 3284/3085/2718 2814/3086/2719
f 3258/3079/2712 2814/3086/2719 2790/3082/2715
f 2777/2419/2123 2771/2407/2111 3323/3087/2720
f 2777/2419/2123 3323/3087/2720 3283/3088/2721
f 3283/3088/2721 3323/3087/2720 2849/3089/2722
f 3283/3088/2721 2849/3089/2722 2861/3090/2723
f 2766/3091/2724 2762/3092/2725 3266/3093/2726
f 2766/3091/2724 3266/3093/2726 3269/3094/2727
f 2762/3092/2725 3321/3095/2728 3322/3096/2729
f 2762/3092/2725 3322/3096/2729 2758/3097/2730
f 3269/3094/2727 3266/3093/2726 2224/3098/2731
f 3269/3094/2727 2224/3098/2731 2226/3099/2732
f 3322/3096/2729 3321/3095/2728 2830/3100/2733
f 3322/3096/2729 2830/3100/2733 2822/3101/2734
f 2230/3102/2735 2232/3103/2736 2934/3104/2737
f 2230/3102/2735 2934/3104/2737 3280/3105/2738
f 3280/3105/2738 2934/3104/2737 2750/3106/2739
f 3280/3105/2738 2750/3106/2739 2778/3107/2740
f 2747/2377/2081 2749/2380/2084 3319/3108/2741
f 2747/2377/2081 3319/3108/2741 3320/3109/2742
f 3320/3109/2742 3319/3108/2741 2803/3110/2743
f 3320/3109/2742 2803/3110/2743 2800/3111/2744
f 2200/3112/2745 2203/3113/2746 2932/3114/2747
f 2200/3112/2745 2932/3114/2747 3278/3115/2748
f 3278/3115/2748 2932/3114/2747 2745/3081/2714
f 3278/3115/2748 2745/3081/2714 2776/3116/2749
f 2776/3116/2749 3316/3117/2750 3317/3118/2751
f 2776/3116/2749 3317/3118/2751 2770/3119/2752
f 3317/3118/2751 3316/3117/2750 2858/3120/2753
f 3317/3118/2751 2858/3120/2753 2846/3121/2754
f 2215/3122/2755 2217/3123/2756 2930/3124/2757
f 2215/3122/2755 2930/3124/2757 3277/3125/2758
f 3277/3125/2758 2930/3124/2757 2741/3126/2759
f 3277/3125/2758 2741/3126/2759 2774/3127/2760
f 2228/3128/2761 2230/3102/2735 3280/3105/2738
f 2228/3128/2761 3280/3105/2738 3275/3129/2762
f 3275/3129/2762 3280/3105/2738 2778/3107/2740
f 3275/3129/2762 2778/3107/2740 2772/3130/2763
f 2765/2401/2105 2761/2392/2096 3315/3131/2764
f 2765/2401/2105 3315/3131/2764 3281/3132/2765
f 3281/3132/2765 3315/3131/2764 2829/3133/2766
f 3281/3132/2765 2829/3133/2766 2837/3134/2767
f 2198/3135/2768 2200/3112/2745 3278/3115/2748
f 2198/3135/2768 3278/3115/2748 3273/3136/2769
f 3273/3136/2769 3278/3115/2748 2776/3116/2749
f 3273/3136/2769 2776/3116/2749 2770/3119/2752
f 2779/2422/2126 2773/2410/2114 3313/3137/2770
f 2779/2422/2126 3313/3137/2770 3314/3138/2771
f 3314/3138/2771 3313/3137/2770 2853/3139/2772
f 3314/3138/2771 2853/3139/2772 2865/3140/2773
f 2213/3141/2774 2215/3122/2755 3277/3125/2758
f 2213/3141/2774 3277/3125/2758 3271/3142/2775
f 3271/3142/2775 3277/3125/2758 2774/3127/2760
f 3271/3142/2775 2774/3127/2760 2768/3143/2776
f 2746/3144/2777 3310/3145/2778 3312/3146/2779
f 2746/3144/2777 3312/3146/2779 2751/3147/2780
f 3312/3146/2779 3310/3145/2778 2798/3148/2781
f 3312/3146/2779 2798/3148/2781 2806/3149/2782
f 2226/3099/2732 2228/3128/2761 3275/3129/2762
f 2226/3099/2732 3275/3129/2762 3269/3094/2727
f 3269/3094/2727 3275/3129/2762 2772/3130/2763
f 3269/3094/2727 2772/3130/2763 2766/3091/2724
f 2766/3091/2724 3270/3150/2783 3321/3095/2728
f 2766/3091/2724 3321/3095/2728 2762/3092/2725
f 3321/3095/2728 3270/3150/2783 2838/3151/2784
f 3321/3095/2728 2838/3151/2784 2830/3100/2733
f 2196/3152/2785 2198/3135/2768 3273/3136/2769
f 2196/3152/2785 3273/3136/2769 3260/3153/2786
f 3260/3153/2786 3273/3136/2769 2770/3119/2752
f 3260/3153/2786 2770/3119/2752 2756/3154/2787
f 2764/3155/2788 3307/3156/2789 3308/3157/2790
f 2764/3155/2788 3308/3157/2790 2760/3158/2791
f 3308/3157/2790 3307/3156/2789 2835/3159/2792
f 3308/3157/2790 2835/3159/2792 2827/3160/2793
f 2211/3161/2794 2213/3141/2774 3271/3142/2775
f 2211/3161/2794 3271/3142/2775 3268/3162/2795
f 3268/3162/2795 3271/3142/2775 2768/3143/2776
f 3268/3162/2795 2768/3143/2776 2764/3155/2788
f 2778/3107/2740 3248/3163/2796 3246/3164/2797
f 2778/3107/2740 3246/3164/2797 2772/3130/2763
f 3246/3164/2797 3248/3163/2796 2862/3165/2798
f 3246/3164/2797 2862/3165/2798 2850/3166/2799
f 2753/2383/2087 2739/2302/2008 3252/3167/2800
f 2753/2383/2087 3252/3167/2800 3250/3168/2801
f 3250/3168/2801 3252/3167/2800 2783/3169/2802
f 3250/3168/2801 2783/3169/2802 2811/3170/2803
f 2209/3171/2804 2211/3161/2794 3268/3162/2795
f 2209/3171/2804 3268/3162/2795 3264/3172/2805
f 3264/3172/2805 3268/3162/2795 2764/3155/2788
f 3264/3172/2805 2764/3155/2788 2760/3158/2791
f 2222/3173/2806 2224/3098/2731 3266/3093/2726
f 2222/3173/2806 3266/3093/2726 3262/3174/2807
f 3262/3174/2807 3266/3093/2726 2762/3092/2725
f 3262/3174/2807 2762/3092/2725 2758/3097/2730
f 2207/3175/2808 2209/3171/2804 3264/3172/2805
f 2207/3175/2808 3264/3172/2805 3259/3176/2809
f 3259/3176/2809 3264/3172/2805 2760/3158/2791
f 3259/3176/2809 2760/3158/2791 2754/3084/2717
f 2740/2305/2011 2775/2416/2120 3263/3177/2810
f 2740/2305/2011 3263/3177/2810 3261/3178/2811
f 3261/3178/2811 3263/3177/2810 2856/3179/2812
f 3261/3178/2811 2856/3179/2812 2784/3180/2813
f 2221/3181/2814 2222/3173/2806 3262/3174/2807
f 2221/3181/2814 3262/3174/2807 3257/3182/2815
f 3257/3182/2815 3262/3174/2807 2758/3097/2730
f 3257/3182/2815 2758/3097/2730 2752/3183/2816
f 2752/3183/2816 3267/3184/2817 3265/3185/2818
f 2752/3183/2816 3265/3185/2818 2738/3186/2819
f 3265/3185/2818 3267/3184/2817 2809/3187/2820
f 3265/3185/2818 2809/3187/2820 2781/3188/2821
f 2236/3189/2822 2196/3152/2785 3260/3153/2786
f 2236/3189/2822 3260/3153/2786 3253/3190/2823
f 3253/3190/2823 3260/3153/2786 2756/3154/2787
f 3253/3190/2823 2756/3154/2787 2746/3144/2777
f 2741/3126/2759 3274/3191/2824 3272/3192/2825
f 2741/3126/2759 3272/3192/2825 2774/3127/2760
f 3272/3192/2825 3274/3191/2824 2787/3193/2826
f 3272/3192/2825 2787/3193/2826 2855/3194/2827
f 2219/3195/2828 2221/3181/2814 3257/3182/2815
f 2219/3195/2828 3257/3182/2815 3245/3196/2829
f 3245/3196/2829 3257/3182/2815 2752/3183/2816
f 3245/3196/2829 2752/3183/2816 2738/3186/2819
f 2233/3197/2830 2236/3189/2822 3253/3190/2823
f 2233/3197/2830 3253/3190/2823 2935/3198/2831
f 2935/3198/2831 3253/3190/2823 2746/3144/2777
f 2935/3198/2831 2746/3144/2777 2751/3147/2780
f 2769/2404/2108 2765/2401/2105 3281/3132/2765
f 2769/2404/2108 3281/3132/2765 3279/3199/2832
f 3279/3199/2832 3281/3132/2765 2837/3134/2767
f 3279/3199/2832 2837/3134/2767 2844/3200/2833
f 2203/3113/2746 2205/3201/2834 3249/3202/2835
f 2203/3113/2746 3249/3202/2835 2932/3114/2747
f 2932/3114/2747 3249/3202/2835 2742/3078/2711
f 2932/3114/2747 2742/3078/2711 2745/3081/2714
f 2744/2374/2078 2777/2419/2123 3283/3088/2721
f 2744/2374/2078 3283/3088/2721 3282/3203/2836
f 3282/3203/2836 3283/3088/2721 2861/3090/2723
f 3282/3203/2836 2861/3090/2723 2795/3204/2837
f 2217/3123/2756 2219/3195/2828 3245/3196/2829
f 2217/3123/2756 3245/3196/2829 2930/3124/2757
f 2930/3124/2757 3245/3196/2829 2738/3186/2819
f 2930/3124/2757 2738/3186/2819 2741/3126/2759
f 2754/3084/2717 2742/3078/2711 3249/3202/2835
f 2754/3084/2717 3249/3202/2835 3259/3176/2809
f 2755/2395/2099 2743/2371/2075 3309/3205/2838
f 2755/2395/2099 3309/3205/2838 3276/3206/2839
f 3259/3176/2809 3249/3202/2835 2205/3201/2834
f 3259/3176/2809 2205/3201/2834 2207/3175/2808
f 3276/3206/2839 3309/3205/2838 2793/3207/2840
f 3276/3206/2839 2793/3207/2840 2817/3208/2841
f 2813/3209/2842 3293/3210/2345 3288/3211/2843
f 2813/3209/2842 3288/3211/2843 2788/3212/2844
f 3288/3211/2843 3293/3210/2345 2815/3213/2845
f 3288/3211/2843 2815/3213/2845 2792/3214/2846
f 2839/3215/2784 3300/3216/2639 3298/3217/2642
f 2839/3215/2784 3298/3217/2642 2831/3218/2847
f 3298/3217/2642 3300/3216/2639 2840/3219/2848
f 3298/3217/2642 2840/3219/2848 2832/3220/2849
f 2807/3221/2782 3291/3222/2336 3306/3223/2337
f 2807/3221/2782 3306/3223/2337 2863/3224/2850
f 3306/3223/2337 3291/3222/2336 2804/3225/2851
f 3306/3223/2337 2804/3225/2851 2864/3226/2852
f 2796/3227/2853 3289/3228/2351 3305/3229/2352
f 2796/3227/2853 3305/3229/2352 2859/3230/2854
f 3305/3229/2352 3289/3228/2351 2794/3231/2855
f 3305/3229/2352 2794/3231/2855 2860/3232/2856
f 2786/3233/2826 3286/3234/2434 3304/3235/2432
f 2786/3233/2826 3304/3235/2432 2854/3236/2857
f 3304/3235/2432 3286/3234/2434 2785/3237/2858
f 3304/3235/2432 2785/3237/2858 2857/3238/2859
f 2863/3224/2850 3306/3223/2337 3303/3239/2339
f 2863/3224/2850 3303/3239/2339 2851/3240/2860
f 3303/3239/2339 3306/3223/2337 2864/3226/2852
f 3303/3239/2339 2864/3226/2852 2852/3241/2861
f 2859/3230/2854 3305/3229/2352 3302/3242/2416
f 2859/3230/2854 3302/3242/2416 2847/3243/2754
f 3302/3242/2416 3305/3229/2352 2860/3232/2856
f 3302/3242/2416 2860/3232/2856 2848/3244/2862
f 2854/3236/2857 3304/3235/2432 3301/3245/2430
f 2854/3236/2857 3301/3245/2430 2842/3246/2863
f 3301/3245/2430 3304/3235/2432 2857/3238/2859
f 3301/3245/2430 2857/3238/2859 2845/3247/2864
f 2851/3240/2860 3303/3239/2339 3300/3216/2639
f 2851/3240/2860 3300/3216/2639 2839/3215/2784
f 3300/3216/2639 3303/3239/2339 2852/3241/2861
f 3300/3216/2639 2852/3241/2861 2840/3219/2848
f 2847/3243/2754 3302/3242/2416 3295/3248/2130
f 2847/3243/2754 3295/3248/2130 2819/3249/2865
f 3295/3248/2130 3302/3242/2416 2848/3244/2862
f 3295/3248/2130 2848/3244/2862 2821/3250/2866
f 2842/3246/2863 3301/3245/2430 3299/3251/2428
f 2842/3246/2863 3299/3251/2428 2834/3252/2867
f 3299/3251/2428 3301/3245/2430 2845/3247/2864
f 3299/3251/2428 2845/3247/2864 2836/3253/2868
f 2834/3252/2867 3299/3251/2428 3297/3254/2660
f 2834/3252/2867 3297/3254/2660 2826/3255/2869
f 3297/3254/2660 3299/3251/2428 2836/3253/2868
f 3297/3254/2660 2836/3253/2868 2828/3256/2766
f 2831/3218/2847 3298/3217/2642 3296/3257/2646
f 2831/3218/2847 3296/3257/2646 2823/3258/2870
f 3296/3257/2646 3298/3217/2642 2832/3220/2849
f 3296/3257/2646 2832/3220/2849 2824/3259/2871
f 2826/3255/2869 3297/3254/2660 3294/3210/2872
f 2826/3255/2869 3294/3210/2872 2812/3209/2842
f 3294/3210/2872 3297/3254/2660 2828/3256/2766
f 3294/3210/2872 2828/3256/2766 2816/3213/2845
f 2823/3258/2870 3296/3257/2646 3292/3260/2438
f 2823/3258/2870 3292/3260/2438 2808/3261/2820
f 3292/3260/2438 3296/3257/2646 2824/3259/2871
f 3292/3260/2438 2824/3259/2871 2810/3262/2873
f 2819/3249/2865 3295/3248/2130 3290/3263/2131
f 2819/3249/2865 3290/3263/2131 2799/3264/2874
f 3290/3263/2131 3295/3248/2130 2821/3250/2866
f 3290/3263/2131 2821/3250/2866 2801/3265/2875
f 2808/3261/2820 3292/3260/2438 3285/3266/2436
f 2808/3261/2820 3285/3266/2436 2780/3267/2876
f 3285/3266/2436 3292/3260/2438 2810/3262/2873
f 3285/3266/2436 2810/3262/2873 2782/3268/2877
f 2799/3264/2874 3290/3263/2131 3291/3222/2336
f 2799/3264/2874 3291/3222/2336 2807/3221/2782
f 3291/3222/2336 3290/3263/2131 2801/3265/2875
f 3291/3222/2336 2801/3265/2875 2804/3225/2851
f 2789/3212/2844 3287/3211/2349 3289/3228/2351
f 2789/3212/2844 3289/3228/2351 2796/3227/2853
f 3289/3228/2351 3287/3211/2349 2791/3214/2846
f 3289/3228/2351 2791/3214/2846 2794/3231/2855
f 2780/3267/2876 3285/3266/2436 3286/3234/2434
f 2780/3267/2876 3286/3234/2434 2786/3233/2826
f 3286/3234/2434 3285/3266/2436 2782/3268/2877
f 3286/3234/2434 2782/3268/2877 2785/3237/2858
f 2763/2398/2102 2759/2389/2093 3325/3269/2878
f 2763/2398/2102 3325/3269/2878 3326/3270/2879
f 3326/3270/2879 3325/3269/2878 2825/3271/2880
f 3326/3270/2879 2825/3271/2880 2833/3272/2881
f 2841/3273/2882 3254/3274/2883 3326/3270/2879
f 2841/3273/2882 3326/3270/2879 2833/3272/2881
f 2774/3127/2760 3272/3192/2825 3327/3275/2884
f 2774/3127/2760 3327/3275/2884 2768/3143/2776
f 3326/3270/2879 3254/3274/2883 2767/2413/2117
f 3326/3270/2879 2767/2413/2117 2763/2398/2102
f 3327/3275/2884 3272/3192/2825 2855/3194/2827
f 3327/3275/2884 2855/3194/2827 2843/3276/2885
f 2743/2371/2075 2744/2374/2078 3282/3203/2836
f 2743/2371/2075 3282/3203/2836 3309/3205/2838
f 3309/3205/2838 3282/3203/2836 2795/3204/2837
f 3309/3205/2838 2795/3204/2837 2793/3207/2840
f 2760/3158/2791 3308/3157/2790 3284/3085/2718
f 2760/3158/2791 3284/3085/2718 2754/3084/2717
f 3284/3085/2718 3308/3157/2790 2827/3160/2793
f 3284/3085/2718 2827/3160/2793 2814/3086/2719
f 2775/2416/2120 2769/2404/2108 3279/3199/2832
f 2775/2416/2120 3279/3199/2832 3263/3177/2810
f 3263/3177/2810 3279/3199/2832 2844/3200/2833
f 3263/3177/2810 2844/3200/2833 2856/3179/2812
f 2738/3186/2819 3265/3185/2818 3274/3191/2824
f 2738/3186/2819 3274/3191/2824 2741/3126/2759
f 3274/3191/2824 3265/3185/2818 2781/3188/2821
f 3274/3191/2824 2781/3188/2821 2787/3193/2826
f 2761/2392/2096 2755/2395/2099 3276/3206/2839
f 2761/2392/2096 3276/3206/2839 3315/3131/2764
f 3315/3131/2764 3276/3206/2839 2817/3208/2841
f 3315/3131/2764 2817/3208/2841 2829/3133/2766
f 2772/3130/2763 3246/3164/2797 3270/3150/2783
f 2772/3130/2763 3270/3150/2783 2766/3091/2724
f 3270/3150/2783 3246/3164/2797 2850/3166/2799
f 3270/3150/2783 2850/3166/2799 2838/3151/2784
f 2739/2302/2008 2740/2305/2011 3261/3178/2811
f 2739/2302/2008 3261/3178/2811 3252/3167/2800
f 3252/3167/2800 3261/3178/2811 2784/3180/2813
f 3252/3167/2800 2784/3180/2813 2783/3169/2802
f 2758/3097/2730 3322/3096/2729 3267/3184/2817
f 2758/3097/2730 3267/3184/2817 2752/3183/2816
f 3267/3184/2817 3322/3096/2729 2822/3101/2734
f 3267/3184/2817 2822/3101/2734 2809/3187/2820
f 2773/2410/2114 2767/2413/2117 3254/3274/2883
f 2773/2410/2114 3254/3274/2883 3313/3137/2770
f 3313/3137/2770 3254/3274/2883 2841/3273/2882
f 3313/3137/2770 2841/3273/2882 2853/3139/2772
f 2759/2389/2093 2753/2383/2087 3250/3168/2801
f 2759/2389/2093 3250/3168/2801 3325/3269/2878
f 3325/3269/2878 3250/3168/2801 2811/3170/2803
f 3325/3269/2878 2811/3170/2803 2825/3271/2880
f 2750/3106/2739 3311/3277/2886 3248/3163/2796
f 2750/3106/2739 3248/3163/2796 2778/3107/2740
f 3248/3163/2796 3311/3277/2886 2805/3278/2782
f 3248/3163/2796 2805/3278/2782 2862/3165/2798
f 2770/3119/2752 3317/3118/2751 3328/3279/2887
f 2770/3119/2752 3328/3279/2887 2756/3154/2787
f 3328/3279/2887 3317/3118/2751 2846/3121/2754
f 3328/3279/2887 2846/3121/2754 2818/3280/2888
f 2756/3154/2787 3328/3279/2887 3310/3145/2778
f 2756/3154/2787 3310/3145/2778 2746/3144/2777
f 3310/3145/2778 3328/3279/2887 2818/3280/2888
f 3310/3145/2778 2818/3280/2888 2798/3148/2781
f 2748/2425/2084 2779/2422/2126 3314/3138/2771
f 2748/2425/2084 3314/3138/2771 3318/3281/2889
f 3318/3281/2889 3314/3138/2771 2865/3140/2773
f 3318/3281/2889 2865/3140/2773 2802/3282/2743
f 2771/2407/2111 2757/2386/2090 3329/3283/2890
f 2771/2407/2111 3329/3283/2890 3323/3087/2720
f 3323/3087/2720 3329/3283/2890 2820/3284/2891
f 3323/3087/2720 2820/3284/2891 2849/3089/2722
f 2757/2386/2090 2747/2377/2081 3320/3109/2742
f 2757/2386/2090 3320/3109/2742 3329/3283/2890
f 3329/3283/2890 3320/3109/2742 2800/3111/2744
f 3329/3283/2890 2800/3111/2744 2820/3284/2891
f 2745/3081/2714 3324/3080/2713 3316/3117/2750
f 2745/3081/2714 3316/3117/2750 2776/3116/2749
f 3316/3117/2750 3324/3080/2713 2797/3083/2716
f 3316/3117/2750 2797/3083/2716 2858/3120/2753
f 2768/3143/2776 3327/3275/2884 3307/3156/2789
f 2768/3143/2776 3307/3156/2789 2764/3155/2788
f 3307/3156/2789 3327/3275/2884 2843/3276/2885
f 3307/3156/2789 2843/3276/2885 2835/3159/2792
f 2886/2646/2335 2866/2645/2334 3338/3285/2892
f 2886/2646/2335 3338/3285/2892 3194/3286/2893
f 2884/2649/2338 2886/2646/2335 3194/3286/2893
f 2884/2649/2338 3194/3286/2893 3191/3287/2894
f 3194/3286/2893 3338/3285/2892 2653/3074/2707
f 3194/3286/2893 2653/3074/2707 2650/2977/2607
f 2883/2652/2341 2885/2651/2340 3192/3288/2894
f 2883/2652/2341 3192/3288/2894 3189/3289/2895
f 3191/3287/2894 3194/3286/2893 2650/2977/2607
f 3191/3287/2894 2650/2977/2607 2646/2976/2606
f 2882/2654/2343 2883/2652/2341 3189/3289/2895
f 2882/2654/2343 3189/3289/2895 3187/3290/2896
f 3189/3289/2895 3192/3288/2894 2647/2957/2587
f 3189/3289/2895 2647/2957/2587 2644/2910/2541
f 2881/2657/2346 2882/2654/2343 3187/3290/2896
f 2881/2657/2346 3187/3290/2896 3185/3291/2897
f 3187/3290/2896 3189/3289/2895 2644/2910/2541
f 3187/3290/2896 2644/2910/2541 2642/2909/2540
f 2638/3066/2696 3184/3292/2898 3185/3291/2897
f 2638/3066/2696 3185/3291/2897 2640/3055/2686
f 3185/3291/2897 3187/3290/2896 2642/2909/2540
f 3185/3291/2897 2642/2909/2540 2640/3055/2686
f 2879/2794/2441 2880/2776/2423 3184/3292/2898
f 2879/2794/2441 3184/3292/2898 3182/3293/2899
f 3185/3291/2897 3184/3292/2898 2880/2776/2423
f 3185/3291/2897 2880/2776/2423 2881/2657/2346
f 2878/2792/2439 2879/2794/2441 3182/3293/2899
f 2878/2792/2439 3182/3293/2899 3180/3294/2900
f 3182/3293/2899 3184/3292/2898 2638/3066/2696
f 3182/3293/2899 2638/3066/2696 2636/2993/2623
f 2877/2790/2437 2878/2792/2439 3180/3294/2900
f 2877/2790/2437 3180/3294/2900 3177/3295/2901
f 3180/3294/2900 3182/3293/2899 2636/2993/2623
f 3180/3294/2900 2636/2993/2623 2634/2971/2601
f 2876/2788/2435 2877/2790/2437 3177/3295/2901
f 2876/2788/2435 3177/3295/2901 3176/3296/2902
f 3177/3295/2901 3180/3294/2900 2634/2971/2601
f 3177/3295/2901 2634/2971/2601 2632/2949/2579
f 2875/2786/2433 2876/2788/2435 3176/3296/2902
f 2875/2786/2433 3176/3296/2902 3174/3297/2903
f 3176/3296/2902 3177/3295/2901 2632/2949/2579
f 3176/3296/2902 2632/2949/2579 2630/2948/2578
f 2874/2784/2431 2875/2786/2433 3174/3297/2903
f 2874/2784/2431 3174/3297/2903 3172/3298/2904
f 3174/3297/2903 3176/3296/2902 2630/2948/2578
f 3174/3297/2903 2630/2948/2578 2628/3048/2678
f 2873/2782/2429 2874/2784/2431 3172/3298/2904
f 2873/2782/2429 3172/3298/2904 3171/3299/2905
f 3172/3298/2904 3174/3297/2903 2628/3048/2678
f 3172/3298/2904 2628/3048/2678 2626/3059/2690
f 2872/2658/2347 2873/2782/2429 3171/3299/2905
f 2872/2658/2347 3171/3299/2905 3169/3300/2906
f 3171/3299/2905 3172/3298/2904 2626/3059/2690
f 3171/3299/2905 2626/3059/2690 2624/3070/2702
f 2871/2659/2348 2872/2658/2347 3169/3300/2906
f 2871/2659/2348 3169/3300/2906 3168/3301/2907
f 3169/3300/2906 3171/3299/2905 2624/3070/2702
f 3169/3300/2906 2624/3070/2702 2622/2986/2616
f 2618/2925/2555 3166/3302/2908 3168/3301/2907
f 2618/2925/2555 3168/3301/2907 2620/2926/2556
f 3168/3301/2907 3169/3300/2906 2622/2986/2616
f 3168/3301/2907 2622/2986/2616 2620/2926/2556
f 2869/2664/2353 2870/2661/2350 3166/3302/2908
f 2869/2664/2353 3166/3302/2908 3165/3303/2909
f 3168/3301/2907 3166/3302/2908 2870/2661/2350
f 3168/3301/2907 2870/2661/2350 2871/2659/2348
f 2868/2665/2354 2869/2664/2353 3165/3303/2909
f 2868/2665/2354 3165/3303/2909 3163/3304/2910
f 3165/3303/2909 3166/3302/2908 2618/2925/2555
f 3165/3303/2909 2618/2925/2555 2616/2933/2563
f 2867/2770/2417 2868/2665/2354 3163/3304/2910
f 2867/2770/2417 3163/3304/2910 3161/3305/2911
f 3163/3304/2910 3165/3303/2909 2616/2933/2563
f 3163/3304/2910 2616/2933/2563 2614/3051/2681
f 2866/2645/2334 2867/2770/2417 3161/3305/2911
f 2866/2645/2334 3161/3305/2911 3338/3285/2892
f 3161/3305/2911 3163/3304/2910 2614/3051/2681
f 3161/3305/2911 2614/3051/2681 2612/3064/2694
f 3338/3285/2892 3161/3305/2911 2612/3064/2694
f 3338/3285/2892 2612/3064/2694 2653/3074/2707
f 2304/2447/2149 2311/2446/2148 3120/2435/2137
f 2304/2447/2149 3120/2435/2137 3119/2434/2136
f 2446/2242/1949 3077/2241/1948 2887/2243/1950
f 2446/2242/1949 2887/2243/1950 2448/2299/2006
f 2260/2768/3 2507/2706/2375 2508/2709/2378
f 2260/2768/3 2508/2709/2378 2262/2749/3
f 3359/285/212 3361/296/223 3048/2694/2369
f 3359/285/212 3048/2694/2369 3047/2692/2368
f 3368/281/208 3363/280/207 3053/2704/2374
f 3368/281/208 3053/2704/2374 3052/2702/2373
f 3367/292/219 3357/294/221 3038/2674/2359
f 3367/292/219 3038/2674/2359 3037/2672/2358
f 3372/225/170 3358/224/169 3043/2684/2364
f 3372/225/170 3043/2684/2364 3042/2682/2363
f 3034/2666/2355 3370/279/206 3356/295/222
f 3034/2666/2355 3356/295/222 3035/2667/2356
f 3035/2667/2356 3356/295/222 3364/293/220
f 3035/2667/2356 3364/293/220 3036/2670/2357
f 3038/2674/2359 3357/294/221 3353/291/218
f 3038/2674/2359 3353/291/218 3039/2676/2360
f 3036/2670/2357 3364/293/220 3367/292/219
f 3036/2670/2357 3367/292/219 3037/2672/2358
f 3039/2676/2360 3353/291/218 3366/290/217
f 3039/2676/2360 3366/290/217 3040/2677/2361
f 3040/2677/2361 3366/290/217 3369/289/216
f 3040/2677/2361 3369/289/216 3041/2680/2362
f 3041/2680/2362 3369/289/216 3372/225/170
f 3041/2680/2362 3372/225/170 3042/2682/2363
f 3043/2684/2364 3358/224/169 3355/288/215
f 3043/2684/2364 3355/288/215 3044/2686/2365
f 3044/2686/2365 3355/288/215 3354/287/214
f 3044/2686/2365 3354/287/214 3045/2688/2366
f 3045/2688/2366 3354/287/214 3371/286/213
f 3045/2688/2366 3371/286/213 3046/2690/2367
f 3046/2690/2367 3371/286/213 3359/285/212
f 3046/2690/2367 3359/285/212 3047/2692/2368
f 3049/2696/2370 3360/284/211 3362/283/210
f 3049/2696/2370 3362/283/210 3050/2697/2371
f 3050/2697/2371 3362/283/210 3365/282/209
f 3050/2697/2371 3365/282/209 3051/2700/2372
f 3051/2700/2372 3365/282/209 3368/281/208
f 3051/2700/2372 3368/281/208 3052/2702/2373
f 3053/2704/2374 3363/280/207 3370/279/206
f 3053/2704/2374 3370/279/206 3034/2666/2355
f 3048/2694/2369 3361/296/223 3360/284/211
f 3048/2694/2369 3360/284/211 3049/2696/2370
f 3427/3306/2912 3946/3307/2913 4625/3308/2914
f 3427/3306/2912 4625/3308/2914 3968/3309/2915
f 3946/3307/2913 3384/3310/2916 3901/3311/2917
f 3946/3307/2913 3901/3311/2917 4625/3308/2914
f 4625/3308/2914 3901/3311/2917 3391/3312/2918
f 4625/3308/2914 3391/3312/2918 3948/3313/2919
f 3968/3309/2915 4625/3308/2914 3948/3313/2919
f 3968/3309/2915 3948/3313/2919 3429/3314/2920
f 3883/3315/2921 3385/3316/2922 3896/3317/2923
f 3883/3315/2921 3896/3317/2923 4626/3318/2924
f 4626/3318/2924 3896/3317/2923 3393/3319/2925
f 4626/3318/2924 3393/3319/2925 3895/3320/2926
f 3425/3321/2927 3944/3322/2928 4627/3323/2929
f 3425/3321/2927 4627/3323/2929 3967/3324/2930
f 3944/3322/2928 3374/3325/2931 3885/3326/2932
f 3944/3322/2928 3885/3326/2932 4627/3323/2929
f 4627/3323/2929 3885/3326/2932 3384/3310/2916
f 4627/3323/2929 3384/3310/2916 3946/3307/2913
f 3967/3324/2930 4627/3323/2929 3946/3307/2913
f 3967/3324/2930 3946/3307/2913 3427/3306/2912
f 3439/3327/2933 3969/3328/2934 4628/3329/2935
f 3439/3327/2933 4628/3329/2935 3995/3330/2936
f 3969/3328/2934 3377/3331/2937 3888/3332/2938
f 3969/3328/2934 3888/3332/2938 4628/3329/2935
f 4628/3329/2935 3888/3332/2938 3381/3333/2939
f 4628/3329/2935 3381/3333/2939 3971/3334/2940
f 3995/3330/2936 4628/3329/2935 3971/3334/2940
f 3995/3330/2936 3971/3334/2940 3441/3335/2941
f 3879/3336/2942 3379/3337/2943 3890/3338/2944
f 3879/3336/2942 3890/3338/2944 4629/3339/2945
f 4629/3339/2945 3890/3338/2944 3385/3316/2922
f 4629/3339/2945 3385/3316/2922 3883/3315/2921
f 3536/3340/2946 3877/3341/2947 4630/3342/2948
f 3536/3340/2946 4630/3342/2948 4127/3343/2949
f 3877/3341/2947 3375/3344/2950 3886/3345/2951
f 3877/3341/2947 3886/3345/2951 4630/3342/2948
f 4630/3342/2948 3886/3345/2951 3387/3346/2952
f 4630/3342/2948 3387/3346/2952 3881/3347/2953
f 4127/3343/2949 4630/3342/2948 3881/3347/2953
f 4127/3343/2949 3881/3347/2953 3538/3348/2954
f 3540/3349/2955 3893/3350/2956 4631/3351/2957
f 3540/3349/2955 4631/3351/2957 4126/3352/2958
f 3893/3350/2956 3395/3353/2959 3908/3354/2960
f 3893/3350/2956 3908/3354/2960 4631/3351/2957
f 4631/3351/2957 3908/3354/2960 3403/3355/2961
f 4631/3351/2957 3403/3355/2961 3905/3356/2962
f 4126/3352/2958 4631/3351/2957 3905/3356/2962
f 4126/3352/2958 3905/3356/2962 3542/3357/2963
f 3441/3335/2941 3971/3334/2940 4632/3358/2964
f 3441/3335/2941 4632/3358/2964 3992/3359/2965
f 3971/3334/2940 3381/3333/2939 3898/3360/2966
f 3971/3334/2940 3898/3360/2966 4632/3358/2964
f 4632/3358/2964 3898/3360/2966 3390/3361/2967
f 4632/3358/2964 3390/3361/2967 3973/3362/2968
f 3992/3359/2965 4632/3358/2964 3973/3362/2968
f 3992/3359/2965 3973/3362/2968 3443/3363/2969
f 3538/3348/2954 3881/3347/2953 4633/3364/2970
f 3538/3348/2954 4633/3364/2970 4125/3365/2971
f 3881/3347/2953 3387/3346/2952 3902/3366/2972
f 3881/3347/2953 3902/3366/2972 4633/3364/2970
f 4633/3364/2970 3902/3366/2972 3395/3353/2959
f 4633/3364/2970 3395/3353/2959 3893/3350/2956
f 4125/3365/2971 4633/3364/2970 3893/3350/2956
f 4125/3365/2971 3893/3350/2956 3540/3349/2955
f 3895/3320/2926 3393/3319/2925 3910/3367/2973
f 3895/3320/2926 3910/3367/2973 4634/3368/2974
f 4634/3368/2974 3910/3367/2973 3401/3369/2975
f 4634/3368/2974 3401/3369/2975 3907/3370/2976
f 3429/3314/2920 3948/3313/2919 4635/3371/2977
f 3429/3314/2920 4635/3371/2977 3966/3372/2978
f 3948/3313/2919 3391/3312/2918 3914/3373/2979
f 3948/3313/2919 3914/3373/2979 4635/3371/2977
f 4635/3371/2977 3914/3373/2979 3399/3374/2980
f 4635/3371/2977 3399/3374/2980 3950/3375/2981
f 3966/3372/2978 4635/3371/2977 3950/3375/2981
f 3966/3372/2978 3950/3375/2981 3431/3376/2982
f 3443/3363/2969 3973/3362/2968 4636/3377/2983
f 3443/3363/2969 4636/3377/2983 3990/3378/2984
f 3973/3362/2968 3390/3361/2967 3913/3379/2985
f 3973/3362/2968 3913/3379/2985 4636/3377/2983
f 4636/3377/2983 3913/3379/2985 3398/3380/2986
f 4636/3377/2983 3398/3380/2986 3975/3381/2987
f 3990/3378/2984 4636/3377/2983 3975/3381/2987
f 3990/3378/2984 3975/3381/2987 3445/3382/2988
f 3574/3383/2989 4180/3384/2990 4637/3385/2991
f 3574/3383/2989 4637/3385/2991 3965/3386/2992
f 4180/3384/2990 3570/3387/2993 3941/3388/2994
f 4180/3384/2990 3941/3388/2994 4637/3385/2991
f 4637/3385/2991 3941/3388/2994 3418/3389/2995
f 4637/3385/2991 3418/3389/2995 3955/3390/2996
f 3965/3386/2992 4637/3385/2991 3955/3390/2996
f 3965/3386/2992 3955/3390/2996 3436/3391/2997
f 4179/3392/2998 3565/3393/2999 3936/3394/3000
f 4179/3392/2998 3936/3394/3000 4638/3395/3001
f 4638/3395/3001 3936/3394/3000 3419/3396/3002
f 4638/3395/3001 3419/3396/3002 3934/3397/3003
f 3542/3357/2963 3905/3356/2962 4639/3398/3004
f 3542/3357/2963 4639/3398/3004 4124/3399/3005
f 3905/3356/2962 3403/3355/2961 3920/3400/3006
f 3905/3356/2962 3920/3400/3006 4639/3398/3004
f 4639/3398/3004 3920/3400/3006 3411/3401/3007
f 4639/3398/3004 3411/3401/3007 3917/3402/3008
f 4124/3399/3005 4639/3398/3004 3917/3402/3008
f 4124/3399/3005 3917/3402/3008 3544/3403/3009
f 3907/3370/2976 3401/3369/2975 3922/3404/3010
f 3907/3370/2976 3922/3404/3010 4640/3405/3011
f 4640/3405/3011 3922/3404/3010 3409/3406/3012
f 4640/3405/3011 3409/3406/3012 3919/3407/3013
f 3431/3376/2982 3950/3375/2981 4641/3408/3014
f 3431/3376/2982 4641/3408/3014 3964/3409/3015
f 3950/3375/2981 3399/3374/2980 3926/3410/3016
f 3950/3375/2981 3926/3410/3016 4641/3408/3014
f 4641/3408/3014 3926/3410/3016 3408/3411/3017
f 4641/3408/3014 3408/3411/3017 3952/3412/3018
f 3964/3409/3015 4641/3408/3014 3952/3412/3018
f 3964/3409/3015 3952/3412/3018 3433/3413/3019
f 3445/3382/2988 3975/3381/2987 4642/3414/3020
f 3445/3382/2988 4642/3414/3020 3988/3415/3021
f 3975/3381/2987 3398/3380/2986 3925/3416/3022
f 3975/3381/2987 3925/3416/3022 4642/3414/3020
f 4642/3414/3020 3925/3416/3022 3405/3417/3023
f 4642/3414/3020 3405/3417/3023 3977/3418/3024
f 3988/3415/3021 4642/3414/3020 3977/3418/3024
f 3988/3415/3021 3977/3418/3024 3447/3419/3025
f 4120/3420/3026 4152/3421/3027 3563/3422/3028
f 4120/3420/3026 3563/3422/3028 3548/3423/3029
f 4643/3424/3030 3935/3425/3031 3421/3426/3032
f 4643/3424/3030 3421/3426/3032 3982/3427/3033
f 3987/3428/3034 4643/3424/3030 3982/3427/3033
f 3987/3428/3034 3982/3427/3033 3452/3429/3035
f 3576/3430/3036 4178/3431/3037 4644/3432/3038
f 3576/3430/3036 4644/3432/3038 3986/3433/3039
f 4178/3431/3037 3567/3434/3040 4157/3435/3041
f 4178/3431/3037 4157/3435/3041 4644/3432/3038
f 4644/3432/3038 4157/3435/3041 3413/3436/3042
f 4644/3432/3038 3413/3436/3042 3979/3437/3043
f 3986/3433/3039 4644/3432/3038 3979/3437/3043
f 3986/3433/3039 3979/3437/3043 3450/3438/3044
f 3578/3439/3045 4177/3440/3046 4645/3441/3047
f 3578/3439/3045 4645/3441/3047 4123/3442/3048
f 4177/3440/3046 3571/3443/3049 4161/3444/3050
f 4177/3440/3046 4161/3444/3050 4645/3441/3047
f 4645/3441/3047 4161/3444/3050 3422/3445/3051
f 4645/3441/3047 3422/3445/3051 3930/3446/3052
f 4123/3442/3048 4645/3441/3047 3930/3446/3052
f 4123/3442/3048 3930/3446/3052 3547/3447/3029
f 3432/3448/3053 3907/3370/2976 4640/3405/3011
f 3432/3448/3053 4640/3405/3011 3962/3449/3054
f 3983/3450/3055 4643/3424/3030 3987/3428/3034
f 3983/3450/3055 3987/3428/3034 3453/3451/3056
f 3404/3452/3057 3906/3453/3058 4646/3454/3059
f 3404/3452/3057 4646/3454/3059 3921/3455/3060
f 3921/3455/3060 4646/3454/3059 3918/3456/3061
f 3921/3455/3060 3918/3456/3061 3412/3457/3062
f 4640/3405/3011 3919/3407/3013 3434/3458/3063
f 4640/3405/3011 3434/3458/3063 3962/3449/3054
f 3573/3459/3064 4179/3392/2998 4638/3395/3001
f 3573/3459/3064 4638/3395/3001 3961/3460/3065
f 4638/3395/3001 3934/3397/3003 3437/3461/3066
f 4638/3395/3001 3437/3461/3066 3961/3460/3065
f 3430/3462/3067 3895/3320/2926 4634/3368/2974
f 3430/3462/3067 4634/3368/2974 3960/3463/3068
f 3572/3464/3069 4176/3465/3070 4647/3466/3071
f 3572/3464/3069 4647/3466/3071 4162/3467/3072
f 4162/3467/3072 4647/3466/3071 3932/3468/3073
f 4162/3467/3072 3932/3468/3073 3423/3469/3074
f 3396/3470/3075 3894/3471/3076 4648/3472/3077
f 3396/3470/3075 4648/3472/3077 3909/3473/3078
f 3909/3473/3078 4648/3472/3077 3906/3453/3058
f 3909/3473/3078 3906/3453/3058 3404/3452/3057
f 4634/3368/2974 3907/3370/2976 3432/3448/3053
f 4634/3368/2974 3432/3448/3053 3960/3463/3068
f 3426/3474/3079 3879/3336/2942 4629/3339/2945
f 3426/3474/3079 4629/3339/2945 3959/3475/3080
f 4629/3339/2945 3883/3315/2921 3428/3476/3081
f 4629/3339/2945 3428/3476/3081 3959/3475/3080
f 3428/3476/3081 3883/3315/2921 4626/3318/2924
f 3428/3476/3081 4626/3318/2924 3958/3477/3082
f 3376/3478/2950 3878/3479/3083 4649/3480/3084
f 3376/3478/2950 4649/3480/3084 3887/3481/3085
f 3887/3481/3085 4649/3480/3084 3882/3482/3086
f 3887/3481/3085 3882/3482/3086 3388/3483/2952
f 4626/3318/2924 3895/3320/2926 3430/3462/3067
f 4626/3318/2924 3430/3462/3067 3958/3477/3082
f 3906/3453/3058 3431/3376/2982 3964/3409/3015
f 3906/3453/3058 3964/3409/3015 4646/3454/3059
f 3388/3483/2952 3882/3482/3086 4650/3484/3087
f 3388/3483/2952 4650/3484/3087 3903/3485/3088
f 3903/3485/3088 4650/3484/3087 3894/3471/3076
f 3903/3485/3088 3894/3471/3076 3396/3470/3075
f 3382/3486/2939 3947/3487/3089 4651/3488/3090
f 3382/3486/2939 4651/3488/3090 3899/3489/3091
f 3947/3487/3089 3428/3476/3081 3958/3477/3082
f 3947/3487/3089 3958/3477/3082 4651/3488/3090
f 4651/3488/3090 3958/3477/3082 3430/3462/3067
f 4651/3488/3090 3430/3462/3067 3949/3490/3092
f 3899/3489/3091 4651/3488/3090 3949/3490/3092
f 3899/3489/3091 3949/3490/3092 3389/3491/2967
f 3378/3492/3093 3945/3493/3094 4652/3494/3095
f 3378/3492/3093 4652/3494/3095 3889/3495/3096
f 3945/3493/3094 3426/3474/3079 3959/3475/3080
f 3945/3493/3094 3959/3475/3080 4652/3494/3095
f 4652/3494/3095 3959/3475/3080 3428/3476/3081
f 4652/3494/3095 3428/3476/3081 3947/3487/3089
f 3889/3495/3096 4652/3494/3095 3947/3487/3089
f 3889/3495/3096 3947/3487/3089 3382/3486/2939
f 3389/3491/2967 3949/3490/3092 4653/3496/3097
f 3389/3491/2967 4653/3496/3097 3912/3497/3098
f 3949/3490/3092 3430/3462/3067 3960/3463/3068
f 3949/3490/3092 3960/3463/3068 4653/3496/3097
f 4653/3496/3097 3960/3463/3068 3432/3448/3053
f 4653/3496/3097 3432/3448/3053 3951/3498/3099
f 3912/3497/3098 4653/3496/3097 3951/3498/3099
f 3912/3497/3098 3951/3498/3099 3397/3499/3100
f 3568/3500/3101 4175/3501/3102 4654/3502/3103
f 3568/3500/3101 4654/3502/3103 4158/3503/3041
f 4175/3501/3102 3573/3459/3064 3961/3460/3065
f 4175/3501/3102 3961/3460/3065 4654/3502/3103
f 4654/3502/3103 3961/3460/3065 3437/3461/3066
f 4654/3502/3103 3437/3461/3066 3956/3504/3104
f 4158/3503/3041 4654/3502/3103 3956/3504/3104
f 4158/3503/3041 3956/3504/3104 3414/3505/3105
f 3397/3499/3100 3951/3498/3099 4655/3506/3106
f 3397/3499/3100 4655/3506/3106 3924/3507/3022
f 3951/3498/3099 3432/3448/3053 3962/3449/3054
f 3951/3498/3099 3962/3449/3054 4655/3506/3106
f 4655/3506/3106 3962/3449/3054 3434/3458/3063
f 4655/3506/3106 3434/3458/3063 3953/3508/3107
f 3924/3507/3022 4655/3506/3106 3953/3508/3107
f 3924/3507/3022 3953/3508/3107 3406/3509/3108
f 3449/3510/3109 3980/3511/3043 4656/3512/3110
f 3449/3510/3109 4656/3512/3110 3984/3513/3111
f 3980/3511/3043 3415/3514/3042 3957/3515/3112
f 3980/3511/3043 3957/3515/3112 4656/3512/3110
f 4656/3512/3110 3957/3515/3112 3438/3516/3113
f 4656/3512/3110 3438/3516/3113 3983/3450/3055
f 3984/3513/3111 4656/3512/3110 3983/3450/3055
f 3984/3513/3111 3983/3450/3055 3453/3451/3056
f 4646/3454/3059 3964/3409/3015 3433/3413/3019
f 4646/3454/3059 3433/3413/3019 3918/3456/3061
f 3574/3383/2989 3965/3386/2992 4647/3466/3071
f 3574/3383/2989 4647/3466/3071 4176/3465/3070
f 4647/3466/3071 3965/3386/2992 3436/3391/2997
f 4647/3466/3071 3436/3391/2997 3932/3468/3073
f 3894/3471/3076 3429/3314/2920 3966/3372/2978
f 3894/3471/3076 3966/3372/2978 4648/3472/3077
f 4648/3472/3077 3966/3372/2978 3431/3376/2982
f 4648/3472/3077 3431/3376/2982 3906/3453/3058
f 3878/3479/3083 3425/3321/2927 3967/3324/2930
f 3878/3479/3083 3967/3324/2930 4649/3480/3084
f 4649/3480/3084 3967/3324/2930 3427/3306/2912
f 4649/3480/3084 3427/3306/2912 3882/3482/3086
f 3882/3482/3086 3427/3306/2912 3968/3309/2915
f 3882/3482/3086 3968/3309/2915 4650/3484/3087
f 4650/3484/3087 3968/3309/2915 3429/3314/2920
f 4650/3484/3087 3429/3314/2920 3894/3471/3076
f 3453/3451/3056 3987/3428/3034 4660/3517/3114
f 3453/3451/3056 4660/3517/3114 4142/3518/3115
f 3560/3519/3116 4138/3520/3117 4657/3521/3118
f 3560/3519/3116 4657/3521/3118 4154/3522/3119
f 4138/3520/3117 3449/3510/3109 3984/3513/3111
f 4138/3520/3117 3984/3513/3111 4657/3521/3118
f 4657/3521/3118 3984/3513/3111 3453/3451/3056
f 4657/3521/3118 3453/3451/3056 4142/3518/3115
f 4154/3522/3119 4657/3521/3118 4142/3518/3115
f 4154/3522/3119 4142/3518/3115 3564/3523/3120
f 3549/3524/3121 4120/3420/3026 4717/3525/3122
f 3549/3524/3121 4717/3525/3122 3963/3526/3123
f 4142/3518/3115 4660/3517/3114 4152/3421/3027
f 4142/3518/3115 4152/3421/3027 3564/3523/3120
f 3566/3527/3124 4174/3528/3125 4658/3529/3126
f 3566/3527/3124 4658/3529/3126 3937/3530/3127
f 4174/3528/3125 3575/3531/3128 3985/3532/3129
f 4174/3528/3125 3985/3532/3129 4658/3529/3126
f 4658/3529/3126 3985/3532/3129 3451/3533/3035
f 4658/3529/3126 3451/3533/3035 3981/3534/3130
f 3937/3530/3127 4658/3529/3126 3981/3534/3130
f 3937/3530/3127 3981/3534/3130 3420/3535/3131
f 3580/3536/3132 4173/3537/3133 4659/3538/3134
f 3580/3536/3132 4659/3538/3134 4153/3539/3135
f 4173/3537/3133 3576/3430/3036 3986/3433/3039
f 4173/3537/3133 3986/3433/3039 4659/3538/3134
f 4659/3538/3134 3986/3433/3039 3450/3438/3044
f 4659/3538/3134 3450/3438/3044 4139/3540/3136
f 4153/3539/3135 4659/3538/3134 4139/3540/3136
f 4153/3539/3135 4139/3540/3136 3561/3541/3137
f 4660/3517/3114 3987/3428/3034 3452/3429/3035
f 4660/3517/3114 3452/3429/3035 4141/3542/3138
f 4152/3421/3027 4660/3517/3114 4141/3542/3138
f 4152/3421/3027 4141/3542/3138 3563/3422/3028
s 0
f 3556/3543/3139 4134/3544/3139 4661/3545/3139
f 3556/3543/3139 4661/3545/3139 4151/3546/3139
s 1
f 4134/3544/3139 3445/3382/2988 3988/3415/3021
f 4134/3544/3139 3988/3415/3021 4661/3545/3139
f 4661/3545/3139 3988/3415/3021 3447/3419/3025
f 4661/3545/3139 3447/3419/3025 4136/3547/3140
s 0
f 4151/3546/3139 4661/3545/3139 4136/3547/3141
f 4151/3546/3141 4136/3547/3141 3558/3548/3141
s 1
f 3402/3549/3142 3976/3550/3143 4662/3551/3144
f 3402/3549/3142 4662/3551/3144 3923/3552/3145
f 3976/3550/3143 3446/3553/3146 3989/3554/3147
f 3976/3550/3143 3989/3554/3147 4662/3551/3144
f 4662/3551/3144 3989/3554/3147 3448/3555/3148
f 4662/3551/3144 3448/3555/3148 3978/3556/3149
f 3923/3552/3145 4662/3551/3144 3978/3556/3149
f 3923/3552/3145 3978/3556/3149 3410/3557/3150
s 0
f 3554/3558/3139 4132/3559/3139 4663/3560/3139
s 1
f 3554/3558/3139 4663/3560/3139 4150/3561/3139
f 4132/3559/3139 3443/3363/2969 3990/3378/2984
f 4132/3559/3139 3990/3378/2984 4663/3560/3139
f 4663/3560/3139 3990/3378/2984 3445/3382/2988
f 4663/3560/3139 3445/3382/2988 4134/3544/3139
s 0
f 4150/3561/3139 4663/3560/3139 4134/3544/3139
f 4150/3561/3139 4134/3544/3139 3556/3543/3139
s 1
f 3386/3562/2922 3972/3563/3151 4664/3564/3152
f 3386/3562/2922 4664/3564/3152 3897/3565/3153
f 3972/3563/3151 3442/3566/3154 3991/3567/3155
f 3972/3563/3151 3991/3567/3155 4664/3564/3152
f 4664/3564/3152 3991/3567/3155 3444/3568/3156
f 4664/3564/3152 3444/3568/3156 3974/3569/3157
f 3897/3565/3153 4664/3564/3152 3974/3569/3157
f 3897/3565/3153 3974/3569/3157 3394/3570/3158
s 0
f 3552/3571/3139 4130/3572/3139 4665/3573/3139
f 3552/3571/3139 4665/3573/3139 4149/3574/3139
s 1
f 4130/3572/3139 3441/3335/2941 3992/3359/2965
f 4130/3572/3139 3992/3359/2965 4665/3573/3139
f 4665/3573/3139 3992/3359/2965 3443/3363/2969
f 4665/3573/3139 3443/3363/2969 4132/3559/3139
s 0
f 4149/3574/3139 4665/3573/3139 4132/3559/3139
f 4149/3574/3139 4132/3559/3139 3554/3558/3139
s 1
f 3394/3570/3158 3974/3569/3157 4666/3575/3159
f 3394/3570/3158 4666/3575/3159 3911/3576/2973
f 3974/3569/3157 3444/3568/3156 3993/3577/3160
f 3974/3569/3157 3993/3577/3160 4666/3575/3159
f 4666/3575/3159 3993/3577/3160 3446/3553/3146
f 4666/3575/3159 3446/3553/3146 3976/3550/3143
f 3911/3576/2973 4666/3575/3159 3976/3550/3143
f 3911/3576/2973 3976/3550/3143 3402/3549/3142
f 3380/3578/3161 3970/3579/3162 4667/3580/3163
f 3380/3578/3161 4667/3580/3163 3891/3581/3164
f 3970/3579/3162 3440/3582/3165 3994/3583/3166
f 3970/3579/3162 3994/3583/3166 4667/3580/3163
f 4667/3580/3163 3994/3583/3166 3442/3566/3154
f 4667/3580/3163 3442/3566/3154 3972/3563/3151
f 3891/3581/3164 4667/3580/3163 3972/3563/3151
f 3891/3581/3164 3972/3563/3151 3386/3562/2922
s 0
f 3550/3584/3139 4128/3585/3139 4668/3586/3139
f 3550/3584/3139 4668/3586/3139 4148/3587/3139
s 1
f 4128/3585/3139 3439/3327/2933 3995/3330/2936
f 4128/3585/3139 3995/3330/2936 4668/3586/3139
f 4668/3586/3139 3995/3330/2936 3441/3335/2941
f 4668/3586/3139 3441/3335/2941 4130/3572/3139
s 0
f 4148/3587/3139 4668/3586/3139 4130/3572/3139
f 4148/3587/3139 4130/3572/3139 3552/3571/3139
s 1
f 3508/3588/3167 4066/3589/3168 4669/3590/3169
f 3508/3588/3167 4669/3590/3169 4088/3591/3170
f 4066/3589/3168 3464/3592/3171 4020/3593/3172
f 4066/3589/3168 4020/3593/3172 4669/3590/3169
f 4669/3590/3169 4020/3593/3172 3473/3594/3173
f 4669/3590/3169 3473/3594/3173 4068/3595/3174
f 4088/3591/3170 4669/3590/3169 4068/3595/3174
f 4088/3591/3170 4068/3595/3174 3510/3596/3175
f 4003/3597/3176 3467/3598/3177 4017/3599/3178
f 4003/3597/3176 4017/3599/3178 4670/3600/3179
f 4670/3600/3179 4017/3599/3178 3475/3601/3180
f 4670/3600/3179 3475/3601/3180 4015/3602/3181
f 3506/3603/3182 4064/3604/3183 4671/3605/3184
f 3506/3603/3182 4671/3605/3184 4087/3606/3185
f 4064/3604/3183 3454/3607/3186 4004/3608/3187
f 4064/3604/3183 4004/3608/3187 4671/3605/3184
f 4671/3605/3184 4004/3608/3187 3464/3592/3171
f 4671/3605/3184 3464/3592/3171 4066/3589/3168
f 4087/3606/3185 4671/3605/3184 4066/3589/3168
f 4087/3606/3185 4066/3589/3168 3508/3588/3167
f 3520/3609/3188 4089/3610/3189 4672/3611/3190
f 3520/3609/3188 4672/3611/3190 4115/3612/3191
f 4089/3610/3189 3459/3613/3192 4009/3614/3193
f 4089/3610/3189 4009/3614/3193 4672/3611/3190
f 4672/3611/3190 4009/3614/3193 3463/3615/3194
f 4672/3611/3190 3463/3615/3194 4091/3616/3195
f 4115/3612/3191 4672/3611/3190 4091/3616/3195
f 4115/3612/3191 4091/3616/3195 3522/3617/3196
f 3999/3618/3197 3461/3619/3198 4011/3620/3199
f 3999/3618/3197 4011/3620/3199 4673/3621/3200
f 4673/3621/3200 4011/3620/3199 3467/3598/3177
f 4673/3621/3200 3467/3598/3177 4003/3597/3176
f 3582/3622/3201 4181/3623/3202 4674/3624/3203
f 3582/3622/3201 4674/3624/3203 4193/3625/3204
f 4181/3623/3202 3457/3626/3205 4007/3627/3206
f 4181/3623/3202 4007/3627/3206 4674/3624/3203
f 4674/3624/3203 4007/3627/3206 3469/3628/3207
f 4674/3624/3203 3469/3628/3207 4001/3629/3208
f 4193/3625/3204 4674/3624/3203 4001/3629/3208
f 4193/3625/3204 4001/3629/3208 3584/3630/3209
f 3586/3631/3210 4013/3632/3211 4675/3633/3212
f 3586/3631/3210 4675/3633/3212 4192/3634/3213
f 4013/3632/3211 3477/3635/3214 4029/3636/3215
f 4013/3632/3211 4029/3636/3215 4675/3633/3212
f 4675/3633/3212 4029/3636/3215 3485/3637/3216
f 4675/3633/3212 3485/3637/3216 4025/3638/3217
f 4192/3634/3213 4675/3633/3212 4025/3638/3217
f 4192/3634/3213 4025/3638/3217 3588/3639/3218
f 3522/3617/3196 4091/3616/3195 4676/3640/3219
f 3522/3617/3196 4676/3640/3219 4112/3641/3220
f 4091/3616/3195 3463/3615/3194 4019/3642/3221
f 4091/3616/3195 4019/3642/3221 4676/3640/3219
f 4676/3640/3219 4019/3642/3221 3470/3643/3222
f 4676/3640/3219 3470/3643/3222 4093/3644/3223
f 4112/3641/3220 4676/3640/3219 4093/3644/3223
f 4112/3641/3220 4093/3644/3223 3524/3645/3224
f 3584/3630/3209 4001/3629/3208 4677/3646/3225
f 3584/3630/3209 4677/3646/3225 4191/3647/3226
f 4001/3629/3208 3469/3628/3207 4023/3648/3227
f 4001/3629/3208 4023/3648/3227 4677/3646/3225
f 4677/3646/3225 4023/3648/3227 3477/3635/3214
f 4677/3646/3225 3477/3635/3214 4013/3632/3211
f 4191/3647/3226 4677/3646/3225 4013/3632/3211
f 4191/3647/3226 4013/3632/3211 3586/3631/3210
f 4015/3602/3181 3475/3601/3180 4031/3649/3228
f 4015/3602/3181 4031/3649/3228 4678/3650/3229
f 4678/3650/3229 4031/3649/3228 3483/3651/3230
f 4678/3650/3229 3483/3651/3230 4027/3652/3231
f 3510/3596/3175 4068/3595/3174 4679/3653/3232
f 3510/3596/3175 4679/3653/3232 4086/3654/3233
f 4068/3595/3174 3473/3594/3173 4035/3655/3234
f 4068/3595/3174 4035/3655/3234 4679/3653/3232
f 4679/3653/3232 4035/3655/3234 3481/3656/3235
f 4679/3653/3232 3481/3656/3235 4070/3657/3236
f 4086/3654/3233 4679/3653/3232 4070/3657/3236
f 4086/3654/3233 4070/3657/3236 3512/3658/3237
f 3524/3645/3224 4093/3644/3223 4680/3659/3238
f 3524/3645/3224 4680/3659/3238 4110/3660/3239
f 4093/3644/3223 3470/3643/3222 4032/3661/3240
f 4093/3644/3223 4032/3661/3240 4680/3659/3238
f 4680/3659/3238 4032/3661/3240 3478/3662/3241
f 4680/3659/3238 3478/3662/3241 4095/3663/3242
f 4110/3660/3239 4680/3659/3238 4095/3663/3242
f 4110/3660/3239 4095/3663/3242 3526/3664/3243
f 3620/3665/3244 4245/3666/3245 4681/3667/3246
f 3620/3665/3244 4681/3667/3246 4085/3668/3247
f 4245/3666/3245 3615/3669/3248 4060/3670/3249
f 4245/3666/3245 4060/3670/3249 4681/3667/3246
f 4681/3667/3246 4060/3670/3249 3497/3671/3250
f 4681/3667/3246 3497/3671/3250 4074/3672/3251
f 4085/3668/3247 4681/3667/3246 4074/3672/3251
f 4085/3668/3247 4074/3672/3251 3516/3673/3252
f 4244/3674/3253 3612/3675/3254 4057/3676/3255
f 4244/3674/3253 4057/3676/3255 4682/3677/3256
f 4682/3677/3256 4057/3676/3255 3502/3678/3257
f 4682/3677/3256 3502/3678/3257 4055/3679/3258
f 3588/3639/3218 4025/3638/3217 4683/3680/3259
f 3588/3639/3218 4683/3680/3259 4190/3681/3260
f 4025/3638/3217 3485/3637/3216 4041/3682/3261
f 4025/3638/3217 4041/3682/3261 4683/3680/3259
f 4683/3680/3259 4041/3682/3261 3493/3683/3262
f 4683/3680/3259 3493/3683/3262 4037/3684/3263
f 4190/3681/3260 4683/3680/3259 4037/3684/3263
f 4190/3681/3260 4037/3684/3263 3590/3685/3264
f 4027/3652/3231 3483/3651/3230 4043/3686/3265
f 4027/3652/3231 4043/3686/3265 4684/3687/3266
f 4684/3687/3266 4043/3686/3265 3491/3688/3267
f 4684/3687/3266 3491/3688/3267 4039/3689/3268
f 3512/3658/3237 4070/3657/3236 4685/3690/3269
f 3512/3658/3237 4685/3690/3269 4084/3691/3270
f 4070/3657/3236 3481/3656/3235 4047/3692/3271
f 4070/3657/3236 4047/3692/3271 4685/3690/3269
f 4685/3690/3269 4047/3692/3271 3488/3693/3272
f 4685/3690/3269 3488/3693/3272 4072/3694/3273
f 4084/3691/3270 4685/3690/3269 4072/3694/3273
f 4084/3691/3270 4072/3694/3273 3514/3695/3274
f 3526/3664/3243 4095/3663/3242 4686/3696/3275
f 3526/3664/3243 4686/3696/3275 4108/3697/3276
f 4095/3663/3242 3478/3662/3241 4044/3698/3277
f 4095/3663/3242 4044/3698/3277 4686/3696/3275
f 4686/3696/3275 4044/3698/3277 3487/3699/3278
f 4686/3696/3275 3487/3699/3278 4097/3700/3279
f 4108/3697/3276 4686/3696/3275 4097/3700/3279
f 4108/3697/3276 4097/3700/3279 3528/3701/3280
f 4186/3702/3281 4217/3703/3282 3608/3704/3283
f 4186/3702/3281 3608/3704/3283 3593/3705/3284
f 4687/3706/3285 4054/3707/3258 3500/3708/3286
f 4687/3706/3285 3500/3708/3286 4101/3709/3287
f 4107/3710/3288 4687/3706/3285 4101/3709/3287
f 4107/3710/3288 4101/3709/3287 3532/3711/3289
f 3622/3712/3290 4243/3713/3291 4688/3714/3292
f 3622/3712/3290 4688/3714/3292 4106/3715/3293
f 4243/3713/3291 3614/3716/3294 4223/3717/3295
f 4243/3713/3291 4223/3717/3295 4688/3714/3292
f 4688/3714/3292 4223/3717/3295 3496/3718/3296
f 4688/3714/3292 3496/3718/3296 4100/3719/3297
f 4106/3715/3293 4688/3714/3292 4100/3719/3297
f 4106/3715/3293 4100/3719/3297 3530/3720/3298
f 3624/3721/3299 4242/3722/3300 4689/3723/3301
f 3624/3721/3299 4689/3723/3301 4189/3724/3302
f 4242/3722/3300 3618/3725/3303 4227/3726/3304
f 4242/3722/3300 4227/3726/3304 4689/3723/3301
f 4689/3723/3301 4227/3726/3304 3505/3727/3305
f 4689/3723/3301 3505/3727/3305 4051/3728/3306
f 4189/3724/3302 4689/3723/3301 4051/3728/3306
f 4189/3724/3302 4051/3728/3306 3594/3729/3284
f 3513/3730/3307 4027/3652/3231 4684/3687/3266
f 3513/3730/3307 4684/3687/3266 4082/3731/3308
f 4103/3732/3309 4687/3706/3285 4107/3710/3288
f 4103/3732/3309 4107/3710/3288 3534/3733/3310
f 3484/3734/3311 4026/3735/3312 4690/3736/3313
f 3484/3734/3311 4690/3736/3313 4040/3737/3314
f 4040/3737/3314 4690/3736/3313 4038/3738/3315
f 4040/3737/3314 4038/3738/3315 3492/3739/3316
f 4684/3687/3266 4039/3689/3268 3515/3740/3317
f 4684/3687/3266 3515/3740/3317 4082/3731/3308
f 3619/3741/3318 4244/3674/3253 4682/3677/3256
f 3619/3741/3318 4682/3677/3256 4081/3742/3319
f 4682/3677/3256 4055/3679/3258 3519/3743/3320
f 4682/3677/3256 3519/3743/3320 4081/3742/3319
f 3511/3744/3321 4015/3602/3181 4678/3650/3229
f 3511/3744/3321 4678/3650/3229 4080/3745/3322
f 3617/3746/3323 4241/3747/3324 4691/3748/3325
f 3617/3746/3323 4691/3748/3325 4226/3749/3326
f 4226/3749/3326 4691/3748/3325 4053/3750/3327
f 4226/3749/3326 4053/3750/3327 3504/3751/3328
f 3476/3752/3329 4014/3753/3330 4692/3754/3331
f 3476/3752/3329 4692/3754/3331 4028/3755/3332
f 4028/3755/3332 4692/3754/3331 4026/3735/3312
f 4028/3755/3332 4026/3735/3312 3484/3734/3311
f 4678/3650/3229 4027/3652/3231 3513/3730/3307
f 4678/3650/3229 3513/3730/3307 4080/3745/3322
f 3999/3618/3197 4673/3621/3200 4079/3756/3333
f 3999/3618/3197 4079/3756/3333 3507/3757/3334
f 4673/3621/3200 4003/3597/3176 3509/3758/3335
f 4673/3621/3200 3509/3758/3335 4079/3756/3333
f 3509/3758/3335 4003/3597/3176 4670/3600/3179
f 3509/3758/3335 4670/3600/3179 4078/3759/3336
f 3456/3760/3337 3998/3761/3338 4693/3762/3339
f 3456/3760/3337 4693/3762/3339 4006/3763/3340
f 4006/3763/3340 4693/3762/3339 4002/3764/3341
f 4006/3763/3340 4002/3764/3341 3468/3765/3207
f 4670/3600/3179 4015/3602/3181 3511/3744/3321
f 4670/3600/3179 3511/3744/3321 4078/3759/3336
f 4026/3735/3312 3512/3658/3237 4084/3691/3270
f 4026/3735/3312 4084/3691/3270 4690/3736/3313
f 3468/3765/3207 4002/3764/3341 4694/3766/3342
f 3468/3765/3207 4694/3766/3342 4022/3767/3343
f 4022/3767/3343 4694/3766/3342 4014/3753/3330
f 4022/3767/3343 4014/3753/3330 3476/3752/3329
f 3462/3768/3194 4067/3769/3344 4695/3770/3345
f 3462/3768/3194 4695/3770/3345 4018/3771/3346
f 4067/3769/3344 3509/3758/3335 4078/3759/3336
f 4067/3769/3344 4078/3759/3336 4695/3770/3345
f 4695/3770/3345 4078/3759/3336 3511/3744/3321
f 4695/3770/3345 3511/3744/3321 4069/3772/3347
f 4018/3771/3346 4695/3770/3345 4069/3772/3347
f 4018/3771/3346 4069/3772/3347 3471/3773/3222
f 3458/3774/3348 4065/3775/3349 4696/3776/3350
f 3458/3774/3348 4696/3776/3350 4008/3777/3351
f 4065/3775/3349 3507/3757/3334 4079/3756/3333
f 4065/3775/3349 4079/3756/3333 4696/3776/3350
f 4696/3776/3350 4079/3756/3333 3509/3758/3335
f 4696/3776/3350 3509/3758/3335 4067/3769/3344
f 4008/3777/3351 4696/3776/3350 4067/3769/3344
f 4008/3777/3351 4067/3769/3344 3462/3768/3194
f 3471/3773/3222 4069/3772/3347 4697/3778/3352
f 3471/3773/3222 4697/3778/3352 4033/3779/3353
f 4069/3772/3347 3511/3744/3321 4080/3745/3322
f 4069/3772/3347 4080/3745/3322 4697/3778/3352
f 4697/3778/3352 4080/3745/3322 3513/3730/3307
f 4697/3778/3352 3513/3730/3307 4071/3780/3354
f 4033/3779/3353 4697/3778/3352 4071/3780/3354
f 4033/3779/3353 4071/3780/3354 3479/3781/3241
f 3613/3782/3355 4240/3783/3356 4698/3784/3357
f 3613/3782/3355 4698/3784/3357 4222/3785/3358
f 4240/3783/3356 3619/3741/3318 4081/3742/3319
f 4240/3783/3356 4081/3742/3319 4698/3784/3357
f 4698/3784/3357 4081/3742/3319 3519/3743/3320
f 4698/3784/3357 3519/3743/3320 4077/3786/3359
f 4222/3785/3358 4698/3784/3357 4077/3786/3359
f 4222/3785/3358 4077/3786/3359 3495/3787/3360
f 3479/3781/3241 4071/3780/3354 4699/3788/3361
f 3479/3781/3241 4699/3788/3361 4045/3789/3362
f 4071/3780/3354 3513/3730/3307 4082/3731/3308
f 4071/3780/3354 4082/3731/3308 4699/3788/3361
f 4699/3788/3361 4082/3731/3308 3515/3740/3317
f 4699/3788/3361 3515/3740/3317 4073/3790/3363
f 4045/3789/3362 4699/3788/3361 4073/3790/3363
f 4045/3789/3362 4073/3790/3363 3486/3791/3364
f 3531/3792/3298 4099/3793/3297 4700/3794/3365
f 3531/3792/3298 4700/3794/3365 4104/3795/3366
f 4099/3793/3297 3494/3796/3367 4076/3797/3368
f 4099/3793/3297 4076/3797/3368 4700/3794/3365
f 4700/3794/3365 4076/3797/3368 3518/3798/3369
f 4700/3794/3365 3518/3798/3369 4103/3732/3309
f 4104/3795/3366 4700/3794/3365 4103/3732/3309
f 4104/3795/3366 4103/3732/3309 3534/3733/3310
f 4690/3736/3313 4084/3691/3270 3514/3695/3274
f 4690/3736/3313 3514/3695/3274 4038/3738/3315
f 3620/3665/3244 4085/3668/3247 4691/3748/3325
f 3620/3665/3244 4691/3748/3325 4241/3747/3324
f 4691/3748/3325 4085/3668/3247 3516/3673/3252
f 4691/3748/3325 3516/3673/3252 4053/3750/3327
f 4014/3753/3330 3510/3596/3175 4086/3654/3233
f 4014/3753/3330 4086/3654/3233 4692/3754/3331
f 4692/3754/3331 4086/3654/3233 3512/3658/3237
f 4692/3754/3331 3512/3658/3237 4026/3735/3312
f 3998/3761/3338 3506/3603/3182 4087/3606/3185
f 3998/3761/3338 4087/3606/3185 4693/3762/3339
f 4693/3762/3339 4087/3606/3185 3508/3588/3167
f 4693/3762/3339 3508/3588/3167 4002/3764/3341
f 4002/3764/3341 3508/3588/3167 4088/3591/3170
f 4002/3764/3341 4088/3591/3170 4694/3766/3342
f 4694/3766/3342 4088/3591/3170 3510/3596/3175
f 4694/3766/3342 3510/3596/3175 4014/3753/3330
f 3534/3733/3310 4107/3710/3288 4704/3799/3370
f 3534/3733/3310 4704/3799/3370 4207/3800/3371
f 3607/3801/3372 4204/3802/3373 4701/3803/3374
f 3607/3801/3372 4701/3803/3374 4219/3804/3375
f 4204/3802/3373 3531/3792/3298 4104/3795/3366
f 4204/3802/3373 4104/3795/3366 4701/3803/3374
f 4701/3803/3374 4104/3795/3366 3534/3733/3310
f 4701/3803/3374 3534/3733/3310 4207/3800/3371
f 4219/3804/3375 4701/3803/3374 4207/3800/3371
f 4219/3804/3375 4207/3800/3371 3610/3805/3376
f 3595/3806/3377 4186/3702/3281 4739/3807/3378
f 3595/3806/3377 4739/3807/3378 4083/3808/3379
f 4207/3800/3371 4704/3799/3370 4217/3703/3282
f 4207/3800/3371 4217/3703/3282 3610/3805/3376
f 3611/3809/3380 4239/3810/3381 4702/3811/3382
f 3611/3809/3380 4702/3811/3382 4056/3812/3383
f 4239/3810/3381 3621/3813/3384 4105/3814/3385
f 4239/3810/3381 4105/3814/3385 4702/3811/3382
f 4702/3811/3382 4105/3814/3385 3533/3815/3289
f 4702/3811/3382 3533/3815/3289 4102/3816/3386
f 4056/3812/3383 4702/3811/3382 4102/3816/3386
f 4056/3812/3383 4102/3816/3386 3501/3817/3286
f 3626/3818/3387 4238/3819/3387 4703/3820/3388
f 3626/3818/3387 4703/3820/3388 4218/3821/3389
f 4238/3819/3387 3622/3712/3290 4106/3715/3293
f 4238/3819/3387 4106/3715/3293 4703/3820/3388
f 4703/3820/3388 4106/3715/3293 3530/3720/3298
f 4703/3820/3388 3530/3720/3298 4203/3822/3373
f 4218/3821/3389 4703/3820/3388 4203/3822/3373
f 4218/3821/3389 4203/3822/3373 3606/3823/3372
f 4704/3799/3370 4107/3710/3288 3532/3711/3289
f 4704/3799/3370 3532/3711/3289 4205/3824/3390
f 4217/3703/3282 4704/3799/3370 4205/3824/3390
f 4217/3703/3282 4205/3824/3390 3608/3704/3283
s 0
f 3602/3825/3391 4199/3826/3391 4705/3827/3391
f 3602/3825/3391 4705/3827/3391 4216/3828/3391
s 1
f 4199/3826/3391 3526/3664/3243 4108/3697/3276
f 4199/3826/3391 4108/3697/3276 4705/3827/3391
f 4705/3827/3391 4108/3697/3276 3528/3701/3280
f 4705/3827/3391 3528/3701/3280 4201/3829/3392
f 4216/3828/3391 4705/3827/3391 4201/3829/3392
f 4216/3828/3391 4201/3829/3392 3604/3830/3393
f 3482/3831/3394 4096/3832/3395 4706/3833/3396
f 3482/3831/3394 4706/3833/3396 4042/3834/3397
f 4096/3832/3395 3527/3835/3398 4109/3836/3399
f 4096/3832/3395 4109/3836/3399 4706/3833/3396
f 4706/3833/3396 4109/3836/3399 3529/3837/3400
f 4706/3833/3396 3529/3837/3400 4098/3838/3401
f 4042/3834/3397 4706/3833/3396 4098/3838/3401
f 4042/3834/3397 4098/3838/3401 3490/3839/3267
s 0
f 3600/3840/3391 4197/3841/3391 4707/3842/3391
f 3600/3840/3391 4707/3842/3391 4215/3843/3391
s 1
f 4197/3841/3391 3524/3645/3224 4110/3660/3239
f 4197/3841/3391 4110/3660/3239 4707/3842/3391
f 4707/3842/3391 4110/3660/3239 3526/3664/3243
f 4707/3842/3391 3526/3664/3243 4199/3826/3391
s 0
f 4215/3843/3391 4707/3842/3391 4199/3826/3391
f 4215/3843/3391 4199/3826/3391 3602/3825/3391
s 1
f 3466/3844/3402 4092/3845/3403 4708/3846/3404
f 3466/3844/3402 4708/3846/3404 4016/3847/3405
f 4092/3845/3403 3523/3848/3406 4111/3849/3407
f 4092/3845/3403 4111/3849/3407 4708/3846/3404
f 4708/3846/3404 4111/3849/3407 3525/3850/3408
f 4708/3846/3404 3525/3850/3408 4094/3851/3409
f 4016/3847/3405 4708/3846/3404 4094/3851/3409
f 4016/3847/3405 4094/3851/3409 3474/3852/3410
s 0
f 3598/3853/3391 4195/3854/3391 4709/3855/3391
f 3598/3853/3391 4709/3855/3391 4214/3856/3391
s 1
f 4195/3854/3391 3522/3617/3196 4112/3641/3220
f 4195/3854/3391 4112/3641/3220 4709/3855/3391
f 4709/3855/3391 4112/3641/3220 3524/3645/3224
f 4709/3855/3391 3524/3645/3224 4197/3841/3391
s 0
f 4214/3856/3391 4709/3855/3391 4197/3841/3391
f 4214/3856/3391 4197/3841/3391 3600/3840/3391
s 1
f 3474/3852/3410 4094/3851/3409 4710/3857/3411
f 3474/3852/3410 4710/3857/3411 4030/3858/3412
f 4094/3851/3409 3525/3850/3408 4113/3859/3413
f 4094/3851/3409 4113/3859/3413 4710/3857/3411
f 4710/3857/3411 4113/3859/3413 3527/3835/3398
f 4710/3857/3411 3527/3835/3398 4096/3832/3395
f 4030/3858/3412 4710/3857/3411 4096/3832/3395
f 4030/3858/3412 4096/3832/3395 3482/3831/3394
f 3460/3860/3414 4090/3861/3415 4711/3862/3416
f 3460/3860/3414 4711/3862/3416 4010/3863/3417
f 4090/3861/3415 3521/3864/3418 4114/3865/3419
f 4090/3861/3415 4114/3865/3419 4711/3862/3416
f 4711/3862/3416 4114/3865/3419 3523/3848/3406
f 4711/3862/3416 3523/3848/3406 4092/3845/3403
f 4010/3863/3417 4711/3862/3416 4092/3845/3403
f 4010/3863/3417 4092/3845/3403 3466/3844/3402
s 0
f 3597/3866/3391 4194/3867/3391 4712/3868/3391
f 3597/3866/3391 4712/3868/3391 4213/3869/3391
s 1
f 4194/3867/3391 3520/3609/3188 4115/3612/3191
f 4194/3867/3391 4115/3612/3191 4712/3868/3391
f 4712/3868/3391 4115/3612/3191 3522/3617/3196
f 4712/3868/3391 3522/3617/3196 4195/3854/3391
s 0
f 4213/3869/3391 4712/3868/3391 4195/3854/3391
f 4213/3869/3391 4195/3854/3391 3598/3853/3391
s 1
f 3373/3870/2931 3876/3871/3420 4713/3872/3421
f 3373/3870/2931 4713/3872/3421 3884/3873/3422
f 3876/3871/3420 3535/3874/3423 4116/3875/3424
f 3876/3871/3420 4116/3875/3424 4713/3872/3421
f 4713/3872/3421 4116/3875/3424 3537/3876/3425
f 4713/3872/3421 3537/3876/3425 3880/3877/3426
f 3884/3873/3422 4713/3872/3421 3880/3877/3426
f 3884/3873/3422 3880/3877/3426 3383/3878/3427
f 3383/3878/3427 3880/3877/3426 4714/3879/3428
f 3383/3878/3427 4714/3879/3428 3900/3880/3429
f 3880/3877/3426 3537/3876/3425 4117/3881/3430
f 3880/3877/3426 4117/3881/3430 4714/3879/3428
f 4714/3879/3428 4117/3881/3430 3539/3882/3431
f 4714/3879/3428 3539/3882/3431 3892/3883/3432
f 3900/3880/3429 4714/3879/3428 3892/3883/3432
f 3900/3880/3429 3892/3883/3432 3392/3884/2918
f 3392/3884/2918 3892/3883/3432 4715/3885/3433
f 3392/3884/2918 4715/3885/3433 3915/3886/3434
f 3892/3883/3432 3539/3882/3431 4118/3887/3435
f 3892/3883/3432 4118/3887/3435 4715/3885/3433
f 4715/3885/3433 4118/3887/3435 3541/3888/3436
f 4715/3885/3433 3541/3888/3436 3904/3889/3437
f 3915/3886/3434 4715/3885/3433 3904/3889/3437
f 3915/3886/3434 3904/3889/3437 3400/3890/2980
f 3400/3890/2980 3904/3889/3437 4716/3891/3438
f 3400/3890/2980 4716/3891/3438 3927/3892/3439
f 3904/3889/3437 3541/3888/3436 4119/3893/3440
f 3904/3889/3437 4119/3893/3440 4716/3891/3438
f 4716/3891/3438 4119/3893/3440 3543/3894/3441
f 4716/3891/3438 3543/3894/3441 3916/3895/3442
f 3927/3892/3439 4716/3891/3438 3916/3895/3442
f 3927/3892/3439 3916/3895/3442 3407/3896/3017
f 4717/3525/3122 4120/3420/3026 3548/3423/3029
f 4717/3525/3122 3548/3423/3029 3931/3897/3443
f 3933/3898/3073 4717/3525/3122 3931/3897/3443
f 3933/3898/3073 3931/3897/3443 3424/3899/3051
f 3569/3900/3444 4172/3901/3445 4718/3902/3446
f 3569/3900/3444 4718/3902/3446 3940/3903/2994
f 4172/3901/3445 3577/3904/3447 4121/3905/3448
f 4172/3901/3445 4121/3905/3448 4718/3902/3446
f 4718/3902/3446 4121/3905/3448 3546/3906/3449
f 4718/3902/3446 3546/3906/3449 3929/3907/3450
f 3940/3903/2994 4718/3902/3446 3929/3907/3450
f 3940/3903/2994 3929/3907/3450 3416/3908/3451
f 3578/3439/3045 4123/3442/3048 4147/3909/3452
f 3578/3439/3045 4147/3909/3452 3579/3910/3453
f 3963/3526/3123 4717/3525/3122 3933/3898/3073
f 3963/3526/3123 3933/3898/3073 3435/3911/3454
f 3417/3912/2995 3928/3913/3455 4719/3914/3456
f 3417/3912/2995 4719/3914/3456 3954/3915/3457
f 3928/3913/3455 3545/3916/3449 4122/3917/3458
f 3928/3913/3455 4122/3917/3458 4719/3914/3456
f 4719/3914/3456 4122/3917/3458 3549/3524/3121
f 4719/3914/3456 3549/3524/3121 3963/3526/3123
f 3954/3915/3457 4719/3914/3456 3963/3526/3123
f 3954/3915/3457 3963/3526/3123 3435/3911/3454
f 4147/3909/3452 4123/3442/3048 3547/3447/3029
f 4147/3909/3452 3547/3447/3029 3562/3918/3028
f 3557/3919/3391 3542/3357/2963 4124/3399/3005
f 3557/3919/3391 4124/3399/3005 4146/3920/3459
f 4146/3920/3459 4124/3399/3005 3544/3403/3009
f 4146/3920/3459 3544/3403/3009 3559/3921/3460
f 3553/3922/3391 3538/3348/2954 4125/3365/2971
f 3553/3922/3391 4125/3365/2971 4145/3923/3391
f 4145/3923/3391 4125/3365/2971 3540/3349/2955
f 4145/3923/3391 3540/3349/2955 3555/3924/3391
f 3555/3924/3391 3540/3349/2955 4126/3352/2958
f 3555/3924/3391 4126/3352/2958 4144/3925/3391
f 4144/3925/3391 4126/3352/2958 3542/3357/2963
f 4144/3925/3391 3542/3357/2963 3557/3919/3391
f 3551/3926/3391 3536/3340/2946 4127/3343/2949
f 3551/3926/3391 4127/3343/2949 4143/3927/3391
f 4143/3927/3391 4127/3343/2949 3538/3348/2954
f 4143/3927/3391 3538/3348/2954 3553/3922/3391
f 3550/3584/3139 4148/3587/3139 4116/3875/3424
f 3550/3584/3139 4116/3875/3424 3535/3874/3423
f 3440/3582/3165 4129/3928/3391 4720/3929/3391
f 3440/3582/3165 4720/3929/3391 3994/3583/3166
s 0
f 4129/3928/3391 3551/3926/3391 4143/3927/3391
f 4129/3928/3391 4143/3927/3391 4720/3929/3391
f 4720/3929/3391 4143/3927/3391 3553/3922/3391
f 4720/3929/3391 3553/3922/3391 4131/3930/3391
s 1
f 3994/3583/3166 4720/3929/3391 4131/3930/3391
f 3994/3583/3166 4131/3930/3391 3442/3566/3154
f 3444/3568/3156 4133/3931/3391 4721/3932/3391
f 3444/3568/3156 4721/3932/3391 3993/3577/3160
s 0
f 4133/3931/3391 3555/3924/3391 4144/3925/3391
f 4133/3931/3391 4144/3925/3391 4721/3932/3391
f 4721/3932/3391 4144/3925/3391 3557/3919/3391
f 4721/3932/3391 3557/3919/3391 4135/3933/3391
s 1
f 3993/3577/3160 4721/3932/3391 4135/3933/3391
f 3993/3577/3160 4135/3933/3391 3446/3553/3146
f 3442/3566/3154 4131/3930/3391 4722/3934/3391
f 3442/3566/3154 4722/3934/3391 3991/3567/3155
s 0
f 4131/3930/3391 3553/3922/3391 4145/3923/3391
f 4131/3930/3391 4145/3923/3391 4722/3934/3391
f 4722/3934/3391 4145/3923/3391 3555/3924/3391
f 4722/3934/3391 3555/3924/3391 4133/3931/3391
s 1
f 3991/3567/3155 4722/3934/3391 4133/3931/3391
f 3991/3567/3155 4133/3931/3391 3444/3568/3156
f 3446/3553/3146 4135/3933/3391 4723/3935/3391
f 3446/3553/3146 4723/3935/3391 3989/3554/3147
s 0
f 4135/3933/3391 3557/3919/3391 4146/3920/3391
f 4135/3933/3391 4146/3920/3391 4723/3935/3391
f 4723/3935/3391 4146/3920/3391 3559/3921/3391
s 1
f 4723/3935/3391 3559/3921/3460 4137/3936/3461
f 3989/3554/3147 4723/3935/3391 4137/3936/3461
f 3989/3554/3147 4137/3936/3461 3448/3555/3148
f 3575/3531/3128 4171/3937/3462 4724/3938/3463
f 3575/3531/3128 4724/3938/3463 3985/3532/3129
f 4171/3937/3462 3579/3910/3453 4147/3909/3452
f 4171/3937/3462 4147/3909/3452 4724/3938/3463
f 4724/3938/3463 4147/3909/3452 3562/3918/3028
f 4724/3938/3463 3562/3918/3028 4140/3939/3138
f 3985/3532/3129 4724/3938/3463 4140/3939/3138
f 3985/3532/3129 4140/3939/3138 3451/3533/3035
f 4116/3875/3424 4148/3587/3139 3552/3571/3139
f 4116/3875/3424 3552/3571/3139 3537/3876/3425
f 3552/3571/3139 4149/3574/3139 4117/3881/3430
f 3552/3571/3139 4117/3881/3430 3537/3876/3425
f 4117/3881/3430 4149/3574/3139 3554/3558/3139
f 4117/3881/3430 3554/3558/3139 3539/3882/3431
f 3554/3558/3139 4150/3561/3139 4118/3887/3435
f 3554/3558/3139 4118/3887/3435 3539/3882/3431
f 4118/3887/3435 4150/3561/3139 3556/3543/3139
f 4118/3887/3435 3556/3543/3139 3541/3888/3436
f 3556/3543/3139 4151/3546/3139 4119/3893/3440
f 3556/3543/3139 4119/3893/3440 3541/3888/3436
f 4119/3893/3440 4151/3546/3139 3558/3548/3141
f 4119/3893/3440 3558/3548/3141 3543/3894/3441
f 3560/3519/3116 4154/3522/3119 4122/3917/3458
f 3560/3519/3116 4122/3917/3458 3545/3916/3449
f 3580/3536/3132 4153/3539/3135 4121/3905/3448
f 3580/3536/3132 4121/3905/3448 3577/3904/3447
f 4121/3905/3448 4153/3539/3135 3561/3541/3137
f 4121/3905/3448 3561/3541/3137 3546/3906/3449
f 3564/3523/3120 4152/3421/3027 4120/3420/3026
f 3564/3523/3120 4120/3420/3026 3549/3524/3121
f 4122/3917/3458 4154/3522/3119 3564/3523/3120
f 4122/3917/3458 3564/3523/3120 3549/3524/3121
f 3558/3548/3141 4170/3940/3464 4167/3941/3465
f 3558/3548/3141 4167/3941/3465 3543/3894/3441
f 4167/3941/3465 4170/3940/3464 3580/3536/3132
f 4167/3941/3465 3580/3536/3132 3577/3904/3447
f 3559/3921/3460 3544/3403/3009 4168/3942/3466
f 3559/3921/3460 4168/3942/3466 4169/3943/3467
f 3448/3555/3148 4137/3936/3461 4725/3944/3468
f 3448/3555/3148 4725/3944/3468 4165/3945/3469
f 4137/3936/3461 3559/3921/3460 4169/3943/3467
f 4137/3936/3461 4169/3943/3467 4725/3944/3468
f 4725/3944/3468 4169/3943/3467 3579/3910/3453
f 4725/3944/3468 3579/3910/3453 4171/3937/3462
f 4165/3945/3469 4725/3944/3468 4171/3937/3462
f 4165/3945/3469 4171/3937/3462 3575/3531/3128
f 4169/3943/3467 4168/3942/3466 3578/3439/3045
f 4169/3943/3467 3578/3439/3045 3579/3910/3453
f 3918/3456/3061 3433/3413/3019 4164/3946/3470
f 3918/3456/3061 4164/3946/3470 4730/3947/3471
f 3407/3896/3017 3916/3895/3442 4726/3948/3472
f 3407/3896/3017 4726/3948/3472 4159/3949/3473
f 3916/3895/3442 3543/3894/3441 4167/3941/3465
f 3916/3895/3442 4167/3941/3465 4726/3948/3472
f 4726/3948/3472 4167/3941/3465 3577/3904/3447
f 4726/3948/3472 3577/3904/3447 4172/3901/3445
f 4159/3949/3473 4726/3948/3472 4172/3901/3445
f 4159/3949/3473 4172/3901/3445 3569/3900/3444
s 0
f 3558/3548/3474 4136/3547/3475 4727/3950/3476
s 1
f 3558/3548/3141 4727/3950/3477 4170/3940/3464
f 4136/3547/3140 3447/3419/3025 4166/3951/3478
f 4136/3547/3140 4166/3951/3478 4727/3950/3477
f 4727/3950/3477 4166/3951/3478 3576/3430/3036
f 4727/3950/3477 3576/3430/3036 4173/3537/3133
f 4170/3940/3464 4727/3950/3477 4173/3537/3133
f 4170/3940/3464 4173/3537/3133 3580/3536/3132
f 3410/3557/3150 3978/3556/3149 4728/3952/3479
f 3410/3557/3150 4728/3952/3479 4156/3953/3480
f 3978/3556/3149 3448/3555/3148 4165/3945/3469
f 3978/3556/3149 4165/3945/3469 4728/3952/3479
f 4728/3952/3479 4165/3945/3469 3575/3531/3128
f 4728/3952/3479 3575/3531/3128 4174/3528/3125
f 4156/3953/3480 4728/3952/3479 4174/3528/3125
f 4156/3953/3480 4174/3528/3125 3566/3527/3124
f 4730/3947/3471 4164/3946/3470 3574/3383/2989
f 4730/3947/3471 3574/3383/2989 4176/3465/3070
f 3919/3407/3013 4733/3954/3481 4163/3955/3482
f 3919/3407/3013 4163/3955/3482 3434/3458/3063
f 3438/3516/3113 3935/3425/3031 4643/3424/3030
f 3438/3516/3113 4643/3424/3030 3983/3450/3055
f 3406/3509/3108 3953/3508/3107 4729/3956/3483
f 3406/3509/3108 4729/3956/3483 3939/3957/3484
f 3953/3508/3107 3434/3458/3063 4163/3955/3482
f 3953/3508/3107 4163/3955/3482 4729/3956/3483
f 4729/3956/3483 4163/3955/3482 3573/3459/3064
f 4729/3956/3483 3573/3459/3064 4175/3501/3102
f 3939/3957/3484 4729/3956/3483 4175/3501/3102
f 3939/3957/3484 4175/3501/3102 3568/3500/3101
f 3412/3457/3062 3918/3456/3061 4730/3947/3471
f 3412/3457/3062 4730/3947/3471 3943/3958/3485
f 3943/3958/3485 4730/3947/3471 4176/3465/3070
f 3943/3958/3485 4176/3465/3070 3572/3464/3069
f 4163/3955/3482 4733/3954/3481 4179/3392/2998
f 4163/3955/3482 4179/3392/2998 3573/3459/3064
f 3544/3403/3009 3917/3402/3008 4731/3959/3486
f 3544/3403/3009 4731/3959/3486 4168/3942/3466
f 3917/3402/3008 3411/3401/3007 3942/3960/3487
f 3917/3402/3008 3942/3960/3487 4731/3959/3486
f 4731/3959/3486 3942/3960/3487 3571/3443/3049
f 4731/3959/3486 3571/3443/3049 4177/3440/3046
f 4168/3942/3466 4731/3959/3486 4177/3440/3046
f 4168/3942/3466 4177/3440/3046 3578/3439/3045
f 3447/3419/3025 3977/3418/3024 4732/3961/3488
f 3447/3419/3025 4732/3961/3488 4166/3951/3478
f 3977/3418/3024 3405/3417/3023 3938/3962/3489
f 3977/3418/3024 3938/3962/3489 4732/3961/3488
f 4732/3961/3488 3938/3962/3489 3567/3434/3040
f 4732/3961/3488 3567/3434/3040 4178/3431/3037
f 4166/3951/3478 4732/3961/3488 4178/3431/3037
f 4166/3951/3478 4178/3431/3037 3576/3430/3036
f 3919/3407/3013 3409/3406/3012 4155/3963/3490
f 3919/3407/3013 4155/3963/3490 4733/3954/3481
f 4733/3954/3481 4155/3963/3490 3565/3393/2999
f 4733/3954/3481 3565/3393/2999 4179/3392/2998
f 3433/3413/3019 3952/3412/3018 4734/3964/3491
f 3433/3413/3019 4734/3964/3491 4164/3946/3470
f 3952/3412/3018 3408/3411/3017 4160/3965/3473
f 3952/3412/3018 4160/3965/3473 4734/3964/3491
f 4734/3964/3491 4160/3965/3473 3570/3387/2993
f 4734/3964/3491 3570/3387/2993 4180/3384/2990
f 4164/3946/3470 4734/3964/3491 4180/3384/2990
f 4164/3946/3470 4180/3384/2990 3574/3383/2989
f 3455/3966/3186 3996/3967/3492 4735/3968/3493
f 3455/3966/3186 4735/3968/3493 4005/3969/3494
f 3996/3967/3492 3581/3970/3495 4182/3971/3496
f 3996/3967/3492 4182/3971/3496 4735/3968/3493
f 4735/3968/3493 4182/3971/3496 3583/3972/3497
f 4735/3968/3493 3583/3972/3497 4000/3973/3498
f 4005/3969/3494 4735/3968/3493 4000/3973/3498
f 4005/3969/3494 4000/3973/3498 3465/3974/3171
f 3465/3974/3171 4000/3973/3498 4736/3975/3499
f 3465/3974/3171 4736/3975/3499 4021/3976/3500
f 4000/3973/3498 3583/3972/3497 4183/3977/3501
f 4000/3973/3498 4183/3977/3501 4736/3975/3499
f 4736/3975/3499 4183/3977/3501 3585/3978/3502
f 4736/3975/3499 3585/3978/3502 4012/3979/3503
f 4021/3976/3500 4736/3975/3499 4012/3979/3503
f 4021/3976/3500 4012/3979/3503 3472/3980/3173
f 3472/3980/3173 4012/3979/3503 4737/3981/3504
f 3472/3980/3173 4737/3981/3504 4034/3982/3234
f 4012/3979/3503 3585/3978/3502 4184/3983/3505
f 4012/3979/3503 4184/3983/3505 4737/3981/3504
f 4737/3981/3504 4184/3983/3505 3587/3984/3506
f 4737/3981/3504 3587/3984/3506 4024/3985/3507
f 4034/3982/3234 4737/3981/3504 4024/3985/3507
f 4034/3982/3234 4024/3985/3507 3480/3986/3235
f 3480/3986/3235 4024/3985/3507 4738/3987/3508
f 3480/3986/3235 4738/3987/3508 4046/3988/3509
f 4024/3985/3507 3587/3984/3506 4185/3989/3510
f 4024/3985/3507 4185/3989/3510 4738/3987/3508
f 4738/3987/3508 4185/3989/3510 3589/3990/3511
f 4738/3987/3508 3589/3990/3511 4036/3991/3512
f 4046/3988/3509 4738/3987/3508 4036/3991/3512
f 4046/3988/3509 4036/3991/3512 3489/3992/3513
f 4739/3807/3378 4186/3702/3281 3593/3705/3284
f 4739/3807/3378 3593/3705/3284 4050/3993/3514
f 4052/3994/3515 4739/3807/3378 4050/3993/3514
f 4052/3994/3515 4050/3993/3514 3503/3995/3305
f 3616/3996/3516 4237/3997/3517 4740/3998/3518
f 3616/3996/3516 4740/3998/3518 4061/3999/3519
f 4237/3997/3517 3623/4000/3520 4187/4001/3521
f 4237/3997/3517 4187/4001/3521 4740/3998/3518
f 4740/3998/3518 4187/4001/3521 3591/4002/3522
f 4740/3998/3518 3591/4002/3522 4048/4003/3523
f 4061/3999/3519 4740/3998/3518 4048/4003/3523
f 4061/3999/3519 4048/4003/3523 3498/4004/3250
f 3624/3721/3299 4189/3724/3302 4212/4005/3524
f 3624/3721/3299 4212/4005/3524 3625/4006/3525
f 4083/3808/3379 4739/3807/3378 4052/3994/3515
f 4083/3808/3379 4052/3994/3515 3517/4007/3526
f 3499/4008/3527 4049/4009/3523 4741/4010/3528
f 3499/4008/3527 4741/4010/3528 4075/4011/3529
f 4049/4009/3523 3592/4012/3522 4188/4013/3530
f 4049/4009/3523 4188/4013/3530 4741/4010/3528
f 4741/4010/3528 4188/4013/3530 3595/3806/3377
f 4741/4010/3528 3595/3806/3377 4083/3808/3379
f 4075/4011/3529 4741/4010/3528 4083/3808/3379
f 4075/4011/3529 4083/3808/3379 3517/4007/3526
f 4212/4005/3524 4189/3724/3302 3594/3729/3284
f 4212/4005/3524 3594/3729/3284 3609/4014/3283
f 3603/4015/3139 3588/3639/3218 4190/3681/3260
f 3603/4015/3139 4190/3681/3260 4211/4016/3531
f 4211/4016/3531 4190/3681/3260 3590/3685/3264
f 4211/4016/3531 3590/3685/3264 3605/4017/3532
f 3599/4018/3139 3584/3630/3209 4191/3647/3226
f 3599/4018/3139 4191/3647/3226 4210/4019/3139
f 4210/4019/3139 4191/3647/3226 3586/3631/3210
f 4210/4019/3139 3586/3631/3210 3601/4020/3139
f 3601/4020/3139 3586/3631/3210 4192/3634/3213
f 3601/4020/3139 4192/3634/3213 4209/4021/3139
f 4209/4021/3139 4192/3634/3213 3588/3639/3218
f 4209/4021/3139 3588/3639/3218 3603/4015/3139
f 3582/3622/3201 4193/3625/3204 4208/4022/3139
f 3582/3622/3201 4208/4022/3139 3596/4023/3139
f 4208/4022/3139 4193/3625/3204 3584/3630/3209
f 4208/4022/3139 3584/3630/3209 3599/4018/3139
f 3597/3866/3391 4213/3869/3391 4182/3971/3496
f 3597/3866/3391 4182/3971/3496 3581/3970/3495
f 3521/3864/3418 3997/4024/3139 4742/4025/3139
f 3521/3864/3418 4742/4025/3139 4114/3865/3419
s 0
f 3997/4024/3139 3596/4023/3139 4208/4022/3139
f 3997/4024/3139 4208/4022/3139 4742/4025/3139
f 4742/4025/3139 4208/4022/3139 3599/4018/3139
f 4742/4025/3139 3599/4018/3139 4196/4026/3139
s 1
f 4114/3865/3419 4742/4025/3139 4196/4026/3139
f 4114/3865/3419 4196/4026/3139 3523/3848/3406
f 3525/3850/3408 4198/4027/3139 4743/4028/3139
f 3525/3850/3408 4743/4028/3139 4113/3859/3413
s 0
f 4198/4027/3139 3601/4020/3139 4209/4021/3139
f 4198/4027/3139 4209/4021/3139 4743/4028/3139
f 4743/4028/3139 4209/4021/3139 3603/4015/3139
f 4743/4028/3139 3603/4015/3139 4200/4029/3139
s 1
f 4113/3859/3413 4743/4028/3139 4200/4029/3139
f 4113/3859/3413 4200/4029/3139 3527/3835/3398
f 3523/3848/3406 4196/4026/3139 4744/4030/3139
f 3523/3848/3406 4744/4030/3139 4111/3849/3407
s 0
f 4196/4026/3139 3599/4018/3139 4210/4019/3139
f 4196/4026/3139 4210/4019/3139 4744/4030/3139
f 4744/4030/3139 4210/4019/3139 3601/4020/3139
f 4744/4030/3139 3601/4020/3139 4198/4027/3139
s 1
f 4111/3849/3407 4744/4030/3139 4198/4027/3139
f 4111/3849/3407 4198/4027/3139 3525/3850/3408
f 3527/3835/3398 4200/4029/3139 4745/4031/3139
f 3527/3835/3398 4745/4031/3139 4109/3836/3399
s 0
f 4200/4029/3139 3603/4015/3139 4211/4016/3139
s 1
f 4200/4029/3139 4211/4016/3139 4745/4031/3139
s 0
f 4745/4031/3139 4211/4016/3139 3605/4017/3532
s 1
f 4745/4031/3139 3605/4017/3532 4202/4032/3533
f 4109/3836/3399 4745/4031/3139 4202/4032/3533
f 4109/3836/3399 4202/4032/3533 3529/3837/3400
f 3621/3813/3384 4236/4033/3534 4746/4034/3535
f 3621/3813/3384 4746/4034/3535 4105/3814/3385
f 4236/4033/3534 3625/4006/3525 4212/4005/3524
f 4236/4033/3534 4212/4005/3524 4746/4034/3535
f 4746/4034/3535 4212/4005/3524 3609/4014/3283
f 4746/4034/3535 3609/4014/3283 4206/4035/3390
f 4105/3814/3385 4746/4034/3535 4206/4035/3390
f 4105/3814/3385 4206/4035/3390 3533/3815/3289
f 4182/3971/3496 4213/3869/3391 3598/3853/3391
f 4182/3971/3496 3598/3853/3391 3583/3972/3497
f 3598/3853/3391 4214/3856/3391 4183/3977/3501
f 3598/3853/3391 4183/3977/3501 3583/3972/3497
f 4183/3977/3501 4214/3856/3391 3600/3840/3391
f 4183/3977/3501 3600/3840/3391 3585/3978/3502
f 3600/3840/3391 4215/3843/3391 4184/3983/3505
f 3600/3840/3391 4184/3983/3505 3585/3978/3502
f 4184/3983/3505 4215/3843/3391 3602/3825/3391
f 4184/3983/3505 3602/3825/3391 3587/3984/3506
f 3602/3825/3391 4216/3828/3391 4185/3989/3510
f 3602/3825/3391 4185/3989/3510 3587/3984/3506
f 4185/3989/3510 4216/3828/3391 3604/3830/3393
f 4185/3989/3510 3604/3830/3393 3589/3990/3511
f 3607/3801/3372 4219/3804/3375 4188/4013/3530
f 3607/3801/3372 4188/4013/3530 3592/4012/3522
f 3626/3818/3387 4218/3821/3389 4187/4001/3521
f 3626/3818/3387 4187/4001/3521 3623/4000/3520
f 4187/4001/3521 4218/3821/3389 3606/3823/3372
f 4187/4001/3521 3606/3823/3372 3591/4002/3522
f 3610/3805/3376 4217/3703/3282 4186/3702/3281
f 3610/3805/3376 4186/3702/3281 3595/3806/3377
f 4188/4013/3530 4219/3804/3375 3610/3805/3376
f 4188/4013/3530 3610/3805/3376 3595/3806/3377
f 3604/3830/3393 4235/4036/3536 4232/4037/3537
f 3604/3830/3393 4232/4037/3537 3589/3990/3511
f 4232/4037/3537 4235/4036/3536 3626/3818/3387
f 4232/4037/3537 3626/3818/3387 3623/4000/3520
f 3605/4017/3532 3590/3685/3264 4233/4038/3538
f 3605/4017/3532 4233/4038/3538 4234/4039/3539
f 3529/3837/3400 4202/4032/3533 4747/4040/3540
f 3529/3837/3400 4747/4040/3540 4230/4041/3541
f 4202/4032/3533 3605/4017/3532 4234/4039/3539
s 0
f 4202/4032/3542 4234/4039/3543 4747/4040/3544
s 1
f 4747/4040/3540 4234/4039/3539 3625/4006/3525
f 4747/4040/3540 3625/4006/3525 4236/4033/3534
f 4230/4041/3541 4747/4040/3540 4236/4033/3534
f 4230/4041/3541 4236/4033/3534 3621/3813/3384
f 4234/4039/3539 4233/4038/3538 3624/3721/3299
f 4234/4039/3539 3624/3721/3299 3625/4006/3525
f 4038/3738/3315 3514/3695/3274 4229/4042/3545
f 4038/3738/3315 4229/4042/3545 4752/4043/3546
f 3489/3992/3513 4036/3991/3512 4748/4044/3547
f 3489/3992/3513 4748/4044/3547 4225/4045/3548
f 4036/3991/3512 3589/3990/3511 4232/4037/3537
f 4036/3991/3512 4232/4037/3537 4748/4044/3547
f 4748/4044/3547 4232/4037/3537 3623/4000/3520
f 4748/4044/3547 3623/4000/3520 4237/3997/3517
f 4225/4045/3548 4748/4044/3547 4237/3997/3517
f 4225/4045/3548 4237/3997/3517 3616/3996/3516
s 0
f 3604/3830/3549 4201/3829/3550 4749/4046/3551
f 3604/3830/3552 4749/4046/3552 4235/4036/3552
s 1
f 4201/3829/3392 3528/3701/3280 4231/4047/3553
f 4201/3829/3392 4231/4047/3553 4749/4046/3554
f 4749/4046/3554 4231/4047/3553 3622/3712/3290
f 4749/4046/3554 3622/3712/3290 4238/3819/3387
f 4235/4036/3536 4749/4046/3554 4238/3819/3387
f 4235/4036/3536 4238/3819/3387 3626/3818/3387
f 3490/3839/3267 4098/3838/3401 4750/4048/3555
f 3490/3839/3267 4750/4048/3555 4220/4049/3556
f 4098/3838/3401 3529/3837/3400 4230/4041/3541
f 4098/3838/3401 4230/4041/3541 4750/4048/3555
f 4750/4048/3555 4230/4041/3541 3621/3813/3384
f 4750/4048/3555 3621/3813/3384 4239/3810/3381
f 4220/4049/3556 4750/4048/3555 4239/3810/3381
f 4220/4049/3556 4239/3810/3381 3611/3809/3380
f 4752/4043/3546 4229/4042/3545 3620/3665/3244
f 4752/4043/3546 3620/3665/3244 4241/3747/3324
f 4039/3689/3268 4755/4050/3557 4228/4051/3558
f 4039/3689/3268 4228/4051/3558 3515/3740/3317
f 3518/3798/3369 4054/3707/3258 4687/3706/3285
f 3518/3798/3369 4687/3706/3285 4103/3732/3309
f 3486/3791/3364 4073/3790/3363 4751/4052/3559
f 3486/3791/3364 4751/4052/3559 4058/4053/3560
f 4073/3790/3363 3515/3740/3317 4228/4051/3558
f 4073/3790/3363 4228/4051/3558 4751/4052/3559
f 4751/4052/3559 4228/4051/3558 3619/3741/3318
f 4751/4052/3559 3619/3741/3318 4240/3783/3356
f 4058/4053/3560 4751/4052/3559 4240/3783/3356
f 4058/4053/3560 4240/3783/3356 3613/3782/3355
f 3492/3739/3316 4038/3738/3315 4752/4043/3546
f 3492/3739/3316 4752/4043/3546 4062/4054/3561
f 4062/4054/3561 4752/4043/3546 4241/3747/3324
f 4062/4054/3561 4241/3747/3324 3617/3746/3323
f 4228/4051/3558 4755/4050/3557 4244/3674/3253
f 4228/4051/3558 4244/3674/3253 3619/3741/3318
f 3590/3685/3264 4037/3684/3263 4753/4055/3562
f 3590/3685/3264 4753/4055/3562 4233/4038/3538
f 4037/3684/3263 3493/3683/3262 4063/4056/3563
f 4037/3684/3263 4063/4056/3563 4753/4055/3562
f 4753/4055/3562 4063/4056/3563 3618/3725/3303
f 4753/4055/3562 3618/3725/3303 4242/3722/3300
f 4233/4038/3538 4753/4055/3562 4242/3722/3300
f 4233/4038/3538 4242/3722/3300 3624/3721/3299
f 3528/3701/3280 4097/3700/3279 4754/4057/3564
f 3528/3701/3280 4754/4057/3564 4231/4047/3553
f 4097/3700/3279 3487/3699/3278 4059/4058/3565
f 4097/3700/3279 4059/4058/3565 4754/4057/3564
f 4754/4057/3564 4059/4058/3565 3614/3716/3294
f 4754/4057/3564 3614/3716/3294 4243/3713/3291
f 4231/4047/3553 4754/4057/3564 4243/3713/3291
f 4231/4047/3553 4243/3713/3291 3622/3712/3290
f 4039/3689/3268 3491/3688/3267 4221/4059/3566
f 4039/3689/3268 4221/4059/3566 4755/4050/3557
f 4755/4050/3557 4221/4059/3566 3612/3675/3254
f 4755/4050/3557 3612/3675/3254 4244/3674/3253
f 3514/3695/3274 4072/3694/3273 4756/4060/3567
f 3514/3695/3274 4756/4060/3567 4229/4042/3545
f 4072/3694/3273 3488/3693/3272 4224/4061/3568
f 4072/3694/3273 4224/4061/3568 4756/4060/3567
f 4756/4060/3567 4224/4061/3568 3615/3669/3248
f 4756/4060/3567 3615/3669/3248 4245/3666/3245
f 4229/4042/3545 4756/4060/3567 4245/3666/3245
f 4229/4042/3545 4245/3666/3245 3620/3665/3244
f 3681/4062/3569 4303/4063/3570 4757/4064/3571
f 3681/4062/3569 4757/4064/3571 4324/4065/3572
f 4303/4063/3570 3638/4066/3573 4265/4067/3574
f 4303/4063/3570 4265/4067/3574 4757/4064/3571
f 4757/4064/3571 4265/4067/3574 3645/4068/3575
f 4757/4064/3571 3645/4068/3575 4305/4069/3576
f 4324/4065/3572 4757/4064/3571 4305/4069/3576
f 4324/4065/3572 4305/4069/3576 3683/4070/3577
f 4249/4071/3578 3640/4072/3579 4261/4073/3580
f 4249/4071/3578 4261/4073/3580 4758/4074/3581
f 4758/4074/3581 4261/4073/3580 3648/4075/3582
f 4758/4074/3581 3648/4075/3582 4259/4076/3583
f 3679/4077/3584 4301/4078/3585 4759/4079/3586
f 3679/4077/3584 4759/4079/3586 4323/4080/3587
f 4301/4078/3585 3628/4081/3588 4251/4082/3589
f 4301/4078/3585 4251/4082/3589 4759/4079/3586
f 4759/4079/3586 4251/4082/3589 3638/4066/3573
f 4759/4079/3586 3638/4066/3573 4303/4063/3570
f 4323/4080/3587 4759/4079/3586 4303/4063/3570
f 4323/4080/3587 4303/4063/3570 3681/4062/3569
f 3693/4083/3590 4325/4084/3591 4760/4085/3592
f 3693/4083/3590 4760/4085/3592 4351/4086/3593
f 4325/4084/3591 3631/4087/3594 4254/4088/3595
f 4325/4084/3591 4254/4088/3595 4760/4085/3592
f 4760/4085/3592 4254/4088/3595 3635/4089/3596
f 4760/4085/3592 3635/4089/3596 4327/4090/3597
f 4351/4086/3593 4760/4085/3592 4327/4090/3597
f 4351/4086/3593 4327/4090/3597 3695/4091/3598
f 4247/4092/3599 3634/4093/3600 4257/4094/3601
f 4247/4092/3599 4257/4094/3601 4761/4095/3602
f 4761/4095/3602 4257/4094/3601 3640/4072/3579
f 4761/4095/3602 3640/4072/3579 4249/4071/3578
f 4430/4096/3603 4268/4097/3604 3709/4098/3605
f 4430/4096/3603 3709/4098/3605 3753/4099/3606
f 3691/4100/3607 4291/4101/3608 4772/4102/3609
f 3691/4100/3607 4772/4102/3609 4339/4103/3610
f 3735/4104/3611 4410/4105/3612 4762/4106/3613
f 3735/4104/3611 4762/4106/3613 4341/4107/3614
f 4410/4105/3612 3708/4108/3615 4363/4109/3616
f 4410/4105/3612 4363/4109/3616 4762/4106/3613
f 4762/4106/3613 4363/4109/3616 3720/4110/3617
f 4762/4106/3613 3720/4110/3617 4376/4111/3618
f 4341/4107/3614 4762/4106/3613 4376/4111/3618
f 4341/4107/3614 4376/4111/3618 3706/4112/3619
f 3695/4091/3598 4327/4090/3597 4763/4113/3620
f 3695/4091/3598 4763/4113/3620 4348/4114/3621
f 4327/4090/3597 3635/4089/3596 4262/4115/3622
f 4327/4090/3597 4262/4115/3622 4763/4113/3620
f 4763/4113/3620 4262/4115/3622 3644/4116/3623
f 4763/4113/3620 3644/4116/3623 4329/4117/3624
f 4348/4114/3621 4763/4113/3620 4329/4117/3624
f 4348/4114/3621 4329/4117/3624 3697/4118/3625
f 4259/4076/3583 3648/4075/3582 4274/4119/3626
f 4259/4076/3583 4274/4119/3626 4764/4120/3627
f 4764/4120/3627 4274/4119/3626 3656/4121/3628
f 4764/4120/3627 3656/4121/3628 4270/4122/3629
f 3683/4070/3577 4305/4069/3576 4765/4123/3630
f 3683/4070/3577 4765/4123/3630 4322/4124/3631
f 4305/4069/3576 3645/4068/3575 4277/4125/3632
f 4305/4069/3576 4277/4125/3632 4765/4123/3630
f 4765/4123/3630 4277/4125/3632 3653/4126/3633
f 4765/4123/3630 3653/4126/3633 4307/4127/3634
f 4322/4124/3631 4765/4123/3630 4307/4127/3634
f 4322/4124/3631 4307/4127/3634 3685/4128/3635
f 3697/4118/3625 4329/4117/3624 4766/4129/3636
f 3697/4118/3625 4766/4129/3636 4346/4130/3637
f 4329/4117/3624 3644/4116/3623 4276/4131/3638
f 4329/4117/3624 4276/4131/3638 4766/4129/3636
f 4766/4129/3636 4276/4131/3638 3652/4132/3639
f 4766/4129/3636 3652/4132/3639 4331/4133/3640
f 4346/4130/3637 4766/4129/3636 4331/4133/3640
f 4346/4130/3637 4331/4133/3640 3699/4134/3641
f 3734/4135/3642 4415/4136/3643 4767/4137/3644
f 3734/4135/3642 4767/4137/3644 4321/4138/3645
f 4415/4136/3643 3730/4139/3646 4298/4140/3647
f 4415/4136/3643 4298/4140/3647 4767/4137/3644
f 4767/4137/3644 4298/4140/3647 3672/4141/3648
f 4767/4137/3644 3672/4141/3648 4312/4142/3649
f 4321/4138/3645 4767/4137/3644 4312/4142/3649
f 4321/4138/3645 4312/4142/3649 3690/4143/3650
f 4414/4144/3651 3726/4145/3652 4294/4146/3653
f 4414/4144/3651 4294/4146/3653 4768/4147/3654
f 4768/4147/3654 4294/4146/3653 3675/4148/3655
f 4768/4147/3654 3675/4148/3655 4292/4149/3608
f 4270/4122/3629 3656/4121/3628 4284/4150/3656
f 4270/4122/3629 4284/4150/3656 4769/4151/3657
f 4769/4151/3657 4284/4150/3656 3664/4152/3658
f 4769/4151/3657 3664/4152/3658 4280/4153/3659
f 3685/4128/3635 4307/4127/3634 4770/4154/3660
f 3685/4128/3635 4770/4154/3660 4320/4155/3661
f 4307/4127/3634 3653/4126/3633 4287/4156/3662
f 4307/4127/3634 4287/4156/3662 4770/4154/3660
f 4770/4154/3660 4287/4156/3662 3662/4157/3663
f 4770/4154/3660 3662/4157/3663 4309/4158/3664
f 4320/4155/3661 4770/4154/3660 4309/4158/3664
f 4320/4155/3661 4309/4158/3664 3687/4159/3665
f 3699/4134/3641 4331/4133/3640 4771/4160/3666
f 3699/4134/3641 4771/4160/3666 4344/4161/3667
f 4331/4133/3640 3652/4132/3639 4286/4162/3668
f 4331/4133/3640 4286/4162/3668 4771/4160/3666
f 4771/4160/3666 4286/4162/3668 3659/4163/3669
f 4771/4160/3666 3659/4163/3669 4333/4164/3670
f 4344/4161/3667 4771/4160/3666 4333/4164/3670
f 4344/4161/3667 4333/4164/3670 3701/4165/3671
f 4772/4102/3609 4291/4101/3608 3674/4166/3655
f 4772/4102/3609 3674/4166/3655 4338/4167/3672
f 4343/4168/3673 4772/4102/3609 4338/4167/3672
f 4343/4168/3673 4338/4167/3672 3705/4169/3674
f 3736/4170/3675 4413/4171/3676 4773/4172/3677
f 3736/4170/3675 4773/4172/3677 4342/4173/3678
f 4413/4171/3676 3727/4174/3679 4398/4175/3680
f 4413/4171/3676 4398/4175/3680 4773/4172/3677
f 4773/4172/3677 4398/4175/3680 3668/4176/3681
f 4773/4172/3677 3668/4176/3681 4336/4177/3682
f 4342/4173/3678 4773/4172/3677 4336/4177/3682
f 4342/4173/3678 4336/4177/3682 3704/4178/3683
f 3686/4179/3684 4270/4122/3629 4769/4151/3657
f 3686/4179/3684 4769/4151/3657 4319/4180/3685
f 4339/4103/3610 4772/4102/3609 4343/4168/3673
f 4339/4103/3610 4343/4168/3673 3707/4181/3686
f 3657/4182/3687 4269/4183/3688 4774/4184/3689
f 3657/4182/3687 4774/4184/3689 4281/4185/3690
f 4281/4185/3690 4774/4184/3689 4279/4186/3691
f 4281/4185/3690 4279/4186/3691 3665/4187/3692
f 4769/4151/3657 4280/4153/3659 3688/4188/3693
f 4769/4151/3657 3688/4188/3693 4319/4180/3685
f 3733/4189/3694 4414/4144/3651 4768/4147/3654
f 3733/4189/3694 4768/4147/3654 4318/4190/3695
f 4768/4147/3654 4292/4149/3608 3692/4191/3696
f 4768/4147/3654 3692/4191/3696 4318/4190/3695
f 3684/4192/3697 4259/4076/3583 4764/4120/3627
f 3684/4192/3697 4764/4120/3627 4317/4193/3698
f 3731/4194/3699 4412/4195/3700 4775/4196/3701
f 3731/4194/3699 4775/4196/3701 4402/4197/3702
f 4402/4197/3702 4775/4196/3701 4289/4198/3703
f 4402/4197/3702 4289/4198/3703 3676/4199/3704
f 3649/4200/3705 4258/4201/3706 4776/4202/3707
f 3649/4200/3705 4776/4202/3707 4271/4203/3708
f 4271/4203/3708 4776/4202/3707 4269/4183/3688
f 4271/4203/3708 4269/4183/3688 3657/4182/3687
f 4764/4120/3627 4270/4122/3629 3686/4179/3684
f 4764/4120/3627 3686/4179/3684 4317/4193/3698
f 3680/4204/3709 4247/4092/3599 4761/4095/3602
f 3680/4204/3709 4761/4095/3602 4316/4205/3710
f 4761/4095/3602 4249/4071/3578 3682/4206/3711
f 4761/4095/3602 3682/4206/3711 4316/4205/3710
f 3682/4206/3711 4249/4071/3578 4758/4074/3581
f 3682/4206/3711 4758/4074/3581 4315/4207/3712
f 3629/4208/3713 4246/4209/3714 4777/4210/3715
f 3629/4208/3713 4777/4210/3715 4252/4211/3716
f 4252/4211/3716 4777/4210/3715 4248/4212/3717
f 4252/4211/3716 4248/4212/3717 3641/4213/3718
f 4758/4074/3581 4259/4076/3583 3684/4192/3697
f 4758/4074/3581 3684/4192/3697 4315/4207/3712
f 4269/4183/3688 3685/4128/3635 4320/4155/3661
f 4269/4183/3688 4320/4155/3661 4774/4184/3689
f 3641/4213/3718 4248/4212/3717 4778/4214/3719
f 3641/4213/3718 4778/4214/3719 4266/4215/3720
f 4266/4215/3720 4778/4214/3719 4258/4201/3706
f 4266/4215/3720 4258/4201/3706 3649/4200/3705
f 3636/4216/3721 4304/4217/3722 4779/4218/3723
f 3636/4216/3721 4779/4218/3723 4263/4219/3724
f 4304/4217/3722 3682/4206/3711 4315/4207/3712
f 4304/4217/3722 4315/4207/3712 4779/4218/3723
f 4779/4218/3723 4315/4207/3712 3684/4192/3697
f 4779/4218/3723 3684/4192/3697 4306/4220/3725
f 4263/4219/3724 4779/4218/3723 4306/4220/3725
f 4263/4219/3724 4306/4220/3725 3643/4221/3623
f 3632/4222/3726 4302/4223/3727 4780/4224/3728
f 3632/4222/3726 4780/4224/3728 4255/4225/3729
f 4302/4223/3727 3680/4204/3709 4316/4205/3710
f 4302/4223/3727 4316/4205/3710 4780/4224/3728
f 4780/4224/3728 4316/4205/3710 3682/4206/3711
f 4780/4224/3728 3682/4206/3711 4304/4217/3722
f 4255/4225/3729 4780/4224/3728 4304/4217/3722
f 4255/4225/3729 4304/4217/3722 3636/4216/3721
f 3643/4221/3623 4306/4220/3725 4781/4226/3730
f 3643/4221/3623 4781/4226/3730 4275/4227/3731
f 4306/4220/3725 3684/4192/3697 4317/4193/3698
f 4306/4220/3725 4317/4193/3698 4781/4226/3730
f 4781/4226/3730 4317/4193/3698 3686/4179/3684
f 4781/4226/3730 3686/4179/3684 4308/4228/3732
f 4275/4227/3731 4781/4226/3730 4308/4228/3732
f 4275/4227/3731 4308/4228/3732 3651/4229/3733
f 3728/4230/3734 4411/4231/3735 4782/4232/3736
f 3728/4230/3734 4782/4232/3736 4399/4233/3737
f 4411/4231/3735 3733/4189/3694 4318/4190/3695
f 4411/4231/3735 4318/4190/3695 4782/4232/3736
f 4782/4232/3736 4318/4190/3695 3692/4191/3696
f 4782/4232/3736 3692/4191/3696 4314/4234/3738
f 4399/4233/3737 4782/4232/3736 4314/4234/3738
f 4399/4233/3737 4314/4234/3738 3669/4235/3681
f 3651/4229/3733 4308/4228/3732 4783/4236/3739
f 3651/4229/3733 4783/4236/3739 4285/4237/3740
f 4308/4228/3732 3686/4179/3684 4319/4180/3685
f 4308/4228/3732 4319/4180/3685 4783/4236/3739
f 4783/4236/3739 4319/4180/3685 3688/4188/3693
f 4783/4236/3739 3688/4188/3693 4310/4238/3741
f 4285/4237/3740 4783/4236/3739 4310/4238/3741
f 4285/4237/3740 4310/4238/3741 3660/4239/3742
f 3703/4240/3743 4335/4241/3682 4784/4242/3744
f 3703/4240/3743 4784/4242/3744 4340/4243/3745
f 4335/4241/3682 3667/4244/3746 4313/4245/3738
f 4335/4241/3682 4313/4245/3738 4784/4242/3744
f 4784/4242/3744 4313/4245/3738 3691/4100/3607
f 4784/4242/3744 3691/4100/3607 4339/4103/3610
f 4340/4243/3745 4784/4242/3744 4339/4103/3610
f 4340/4243/3745 4339/4103/3610 3707/4181/3686
f 4774/4184/3689 4320/4155/3661 3687/4159/3665
f 4774/4184/3689 3687/4159/3665 4279/4186/3691
f 3734/4135/3642 4321/4138/3645 4775/4196/3701
f 3734/4135/3642 4775/4196/3701 4412/4195/3700
f 4775/4196/3701 4321/4138/3645 3690/4143/3650
f 4775/4196/3701 3690/4143/3650 4289/4198/3703
f 4258/4201/3706 3683/4070/3577 4322/4124/3631
f 4258/4201/3706 4322/4124/3631 4776/4202/3707
f 4776/4202/3707 4322/4124/3631 3685/4128/3635
f 4776/4202/3707 3685/4128/3635 4269/4183/3688
f 4246/4209/3714 3679/4077/3584 4323/4080/3587
f 4246/4209/3714 4323/4080/3587 4777/4210/3715
f 4777/4210/3715 4323/4080/3587 3681/4062/3569
f 4777/4210/3715 3681/4062/3569 4248/4212/3717
f 4248/4212/3717 3681/4062/3569 4324/4065/3572
f 4248/4212/3717 4324/4065/3572 4778/4214/3719
f 4778/4214/3719 4324/4065/3572 3683/4070/3577
f 4778/4214/3719 3683/4070/3577 4258/4201/3706
f 3717/4246/3747 4352/4247/3748 4429/4248/3749
f 3717/4246/3747 4429/4248/3749 3744/4249/3750
f 4429/4248/3749 4352/4247/3748 3721/4250/3751
f 4429/4248/3749 3721/4250/3751 3741/4251/3752
f 3707/4181/3686 4343/4168/3673 4789/4252/3753
f 3707/4181/3686 4789/4252/3753 4377/4253/3754
f 3725/4254/3755 4409/4255/3756 4785/4256/3757
f 3725/4254/3755 4785/4256/3757 4293/4257/3758
f 4409/4255/3756 3735/4104/3611 4341/4107/3614
f 4409/4255/3756 4341/4107/3614 4785/4256/3757
f 4785/4256/3757 4341/4107/3614 3706/4112/3619
f 4785/4256/3757 3706/4112/3619 4337/4258/3759
f 4293/4257/3758 4785/4256/3757 4337/4258/3759
f 4293/4257/3758 4337/4258/3759 3673/4259/3760
f 3717/4246/3747 4373/4260/3761 4786/4261/3762
f 3717/4246/3747 4786/4261/3762 4352/4247/3748
f 4373/4260/3761 3703/4240/3743 4340/4243/3745
f 4373/4260/3761 4340/4243/3745 4786/4261/3762
f 4786/4261/3762 4340/4243/3745 3707/4181/3686
f 4786/4261/3762 3707/4181/3686 4377/4253/3754
f 4352/4247/3748 4786/4261/3762 4377/4253/3754
f 4352/4247/3748 4377/4253/3754 3721/4250/3751
f 3722/4262/3763 4364/4263/3763 4418/4264/3764
f 3722/4262/3763 4418/4264/3764 3740/4265/3765
f 4377/4253/3754 4789/4252/3753 4354/4266/3766
f 4377/4253/3754 4354/4266/3766 3721/4250/3751
f 3753/4099/3606 4428/4267/3767 4787/4268/3768
f 3753/4099/3606 4787/4268/3768 4408/4269/3769
f 4428/4267/3767 3745/4270/3770 4388/4271/3771
f 4428/4267/3767 4388/4271/3771 4787/4268/3768
f 4787/4268/3768 4388/4271/3771 3670/4272/3648
f 4787/4268/3768 3670/4272/3648 4297/4273/3647
f 4408/4269/3769 4787/4268/3768 4297/4273/3647
f 4408/4269/3769 4297/4273/3647 3729/4274/3772
f 3655/4275/3773 4332/4276/3774 4788/4277/3775
f 3655/4275/3773 4788/4277/3775 4283/4278/3776
f 4332/4276/3774 3700/4279/3777 4345/4280/3778
f 4332/4276/3774 4345/4280/3778 4788/4277/3775
f 4788/4277/3775 4345/4280/3778 3702/4281/3779
f 4788/4277/3775 3702/4281/3779 4334/4282/3780
f 4283/4278/3776 4788/4277/3775 4334/4282/3780
f 4283/4278/3776 4334/4282/3780 3663/4283/3658
f 4789/4252/3753 4343/4168/3673 3705/4169/3674
f 4789/4252/3753 3705/4169/3674 4375/4284/3781
f 4354/4266/3766 4789/4252/3753 4375/4284/3781
f 4354/4266/3766 4375/4284/3781 3719/4285/3617
s 0
f 3713/4286/3763 4369/4287/3763 4790/4288/3763
f 3713/4286/3763 4790/4288/3763 4355/4289/3763
s 1
f 4369/4287/3763 3699/4134/3641 4344/4161/3667
f 4369/4287/3763 4344/4161/3667 4790/4288/3763
f 4790/4288/3763 4344/4161/3667 3701/4165/3671
f 4790/4288/3763 3701/4165/3671 4371/4290/3782
s 0
f 4355/4289/3763 4790/4288/3763 4371/4290/3763
s 1
f 4355/4289/3783 4371/4290/3782 3715/4291/3784
f 3639/4292/3785 4328/4293/3786 4791/4294/3787
f 3639/4292/3785 4791/4294/3787 4260/4295/3580
f 4328/4293/3786 3696/4296/3788 4347/4297/3789
f 4328/4293/3786 4347/4297/3789 4791/4294/3787
f 4791/4294/3787 4347/4297/3789 3698/4298/3790
f 4791/4294/3787 3698/4298/3790 4330/4299/3791
f 4260/4295/3580 4791/4294/3787 4330/4299/3791
f 4260/4295/3580 4330/4299/3791 3647/4300/3792
s 0
f 3711/4301/3763 4367/4302/3763 4792/4303/3763
f 3711/4301/3763 4792/4303/3763 4356/4304/3763
s 1
f 4367/4302/3763 3697/4118/3625 4346/4130/3637
f 4367/4302/3763 4346/4130/3637 4792/4303/3763
f 4792/4303/3763 4346/4130/3637 3699/4134/3641
f 4792/4303/3763 3699/4134/3641 4369/4287/3763
s 0
f 4356/4304/3763 4792/4303/3763 4369/4287/3763
f 4356/4304/3763 4369/4287/3763 3713/4286/3763
s 1
f 3647/4300/3792 4330/4299/3791 4793/4305/3793
f 3647/4300/3792 4793/4305/3793 4273/4306/3794
f 4330/4299/3791 3698/4298/3790 4349/4307/3795
f 4330/4299/3791 4349/4307/3795 4793/4305/3793
f 4793/4305/3793 4349/4307/3795 3700/4279/3777
f 4793/4305/3793 3700/4279/3777 4332/4276/3774
f 4273/4306/3794 4793/4305/3793 4332/4276/3774
f 4273/4306/3794 4332/4276/3774 3655/4275/3773
f 3633/4308/3796 4326/4309/3797 4794/4310/3798
f 3633/4308/3796 4794/4310/3798 4256/4311/3799
f 4326/4309/3797 3694/4312/3800 4350/4313/3801
f 4326/4309/3797 4350/4313/3801 4794/4310/3798
f 4794/4310/3798 4350/4313/3801 3696/4296/3788
f 4794/4310/3798 3696/4296/3788 4328/4293/3786
f 4256/4311/3799 4794/4310/3798 4328/4293/3786
f 4256/4311/3799 4328/4293/3786 3639/4292/3785
s 0
f 3724/4314/3763 4380/4315/3763 4795/4316/3763
f 3724/4314/3763 4795/4316/3763 4357/4317/3763
s 1
f 4380/4315/3763 3693/4083/3590 4351/4086/3593
f 4380/4315/3763 4351/4086/3593 4795/4316/3763
f 4795/4316/3763 4351/4086/3593 3695/4091/3598
f 4795/4316/3763 3695/4091/3598 4378/4318/3763
s 0
f 4357/4317/3763 4795/4316/3763 4378/4318/3763
f 4357/4317/3763 4378/4318/3763 3722/4262/3763
s 1
f 3715/4291/3784 4268/4097/3604 4430/4096/3603
f 3715/4291/3784 4430/4096/3603 3747/4319/3802
f 3713/4286/3763 4355/4289/3783 4426/4320/3803
f 3713/4286/3763 4426/4320/3803 3749/4321/3804
f 4426/4320/3803 4355/4289/3783 3715/4291/3784
f 4426/4320/3803 3715/4291/3784 3747/4319/3802
f 3711/4301/3763 4356/4304/3763 4425/4322/3805
f 3711/4301/3763 4425/4322/3805 3751/4323/3806
f 3736/4170/3675 4342/4173/3678 4796/4324/3807
f 3736/4170/3675 4796/4324/3807 4365/4325/3808
f 4342/4173/3678 3704/4178/3683 4374/4326/3761
f 4342/4173/3678 4374/4326/3761 4796/4324/3807
f 4796/4324/3807 4374/4326/3761 3718/4327/3747
f 4796/4324/3807 3718/4327/3747 4353/4328/3809
f 4365/4325/3808 4796/4324/3807 4353/4328/3809
f 4365/4325/3808 4353/4328/3809 3709/4098/3605
f 4425/4322/3805 4356/4304/3763 3713/4286/3763
f 4425/4322/3805 3713/4286/3763 3749/4321/3804
f 3724/4314/3763 4357/4317/3763 4424/4329/3810
f 3724/4314/3763 4424/4329/3810 3738/4330/3811
f 4424/4329/3810 4357/4317/3763 3722/4262/3763
f 4424/4329/3810 3722/4262/3763 3740/4265/3765
f 3710/4331/3812 4359/4332/3812 4423/4333/3813
f 3710/4331/3812 4423/4333/3813 3752/4334/3814
f 3714/4335/3812 4360/4336/3812 4422/4337/3815
f 3714/4335/3812 4422/4337/3815 3748/4338/3816
f 4423/4333/3813 4359/4332/3812 3723/4339/3812
f 4423/4333/3813 3723/4339/3812 3739/4340/3817
f 3712/4341/3812 4361/4342/3812 4421/4343/3818
f 3712/4341/3812 4421/4343/3818 3750/4344/3819
f 4422/4337/3815 4360/4336/3812 3712/4341/3812
f 4422/4337/3815 3712/4341/3812 3750/4344/3819
f 3716/4345/3820 4362/4346/3812 4420/4347/3821
f 3716/4345/3820 4420/4347/3821 3746/4348/3822
f 4421/4343/3818 4361/4342/3812 3710/4331/3812
f 4421/4343/3818 3710/4331/3812 3752/4334/3814
f 4420/4347/3821 4362/4346/3812 3714/4335/3812
f 4420/4347/3821 3714/4335/3812 3748/4338/3816
f 3721/4250/3751 4354/4266/3766 4427/4349/3823
f 3721/4250/3751 4427/4349/3823 3741/4251/3752
s 0
f 3723/4339/3812 4359/4332/3812 4797/4350/3812
f 3723/4339/3812 4797/4350/3812 4379/4351/3812
f 4359/4332/3812 3710/4331/3812 4366/4352/3812
f 4359/4332/3812 4366/4352/3812 4797/4350/3812
s 1
f 4797/4350/3812 4366/4352/3812 3696/4296/3788
f 4797/4350/3812 3696/4296/3788 4350/4313/3801
f 4379/4351/3812 4797/4350/3812 4350/4313/3801
f 4379/4351/3812 4350/4313/3801 3694/4312/3800
s 0
f 3712/4341/3812 4360/4336/3812 4798/4353/3812
f 3712/4341/3812 4798/4353/3812 4368/4354/3812
f 4360/4336/3812 3714/4335/3812 4370/4355/3812
f 4360/4336/3812 4370/4355/3812 4798/4353/3812
s 1
f 4798/4353/3812 4370/4355/3812 3700/4279/3777
f 4798/4353/3812 3700/4279/3777 4349/4307/3795
f 4368/4354/3812 4798/4353/3812 4349/4307/3795
f 4368/4354/3812 4349/4307/3795 3698/4298/3790
s 0
f 3710/4331/3812 4361/4342/3812 4799/4356/3812
f 3710/4331/3812 4799/4356/3812 4366/4352/3812
f 4361/4342/3812 3712/4341/3812 4368/4354/3812
f 4361/4342/3812 4368/4354/3812 4799/4356/3812
s 1
f 4799/4356/3812 4368/4354/3812 3698/4298/3790
f 4799/4356/3812 3698/4298/3790 4347/4297/3789
f 4366/4352/3812 4799/4356/3812 4347/4297/3789
f 4366/4352/3812 4347/4297/3789 3696/4296/3788
s 0
f 3714/4335/3812 4362/4346/3812 4800/4357/3812
f 3714/4335/3812 4800/4357/3812 4370/4355/3812
f 4362/4346/3824 3716/4345/3824 4372/4358/3824
f 4362/4346/3812 4372/4358/3812 4800/4357/3812
s 1
f 4800/4357/3812 4372/4358/3825 3702/4281/3779
f 4800/4357/3812 3702/4281/3779 4345/4280/3778
f 4370/4355/3812 4800/4357/3812 4345/4280/3778
f 4370/4355/3812 4345/4280/3778 3700/4279/3777
f 3737/4359/3826 4416/4360/3827 4801/4361/3828
f 3737/4359/3826 4801/4361/3828 4419/4362/3829
f 4416/4360/3827 3732/4363/3699 4403/4364/3830
f 4416/4360/3827 4403/4364/3830 4801/4361/3828
f 4801/4361/3828 4403/4364/3830 3678/4365/3831
f 4801/4361/3828 3678/4365/3831 4386/4366/3832
f 4419/4362/3829 4801/4361/3828 4386/4366/3832
f 4419/4362/3829 4386/4366/3832 3743/4367/3833
s 0
f 3722/4262/3763 4378/4318/3763 4802/4368/3763
f 3722/4262/3763 4802/4368/3763 4364/4263/3763
s 1
f 4378/4318/3763 3695/4091/3598 4348/4114/3621
f 4378/4318/3763 4348/4114/3621 4802/4368/3763
f 4802/4368/3763 4348/4114/3621 3697/4118/3625
f 4802/4368/3763 3697/4118/3625 4367/4302/3763
s 0
f 4364/4263/3763 4802/4368/3763 4367/4302/3763
f 4364/4263/3763 4367/4302/3763 3711/4301/3763
s 1
f 4418/4264/3764 4364/4263/3763 3711/4301/3763
f 4418/4264/3764 3711/4301/3763 3751/4323/3806
f 3737/4359/3826 3708/4108/3615 4358/4369/3834
f 3737/4359/3826 4358/4369/3834 4417/4370/3835
f 3715/4291/3784 4371/4290/3782 4803/4371/3836
f 3715/4291/3784 4803/4371/3836 4268/4097/3604
f 4371/4290/3782 3701/4165/3671 4407/4372/3837
f 4371/4290/3782 4407/4372/3837 4803/4371/3836
f 4803/4371/3836 4407/4372/3837 3736/4170/3675
f 4803/4371/3836 3736/4170/3675 4365/4325/3808
f 4268/4097/3604 4803/4371/3836 4365/4325/3808
f 4268/4097/3604 4365/4325/3808 3709/4098/3605
f 3716/4345/3820 4358/4369/3834 4804/4373/3838
f 3716/4345/3820 4804/4373/3838 4372/4358/3825
f 4358/4369/3834 3708/4108/3615 4410/4105/3612
f 4358/4369/3834 4410/4105/3612 4804/4373/3838
f 4804/4373/3838 4410/4105/3612 3735/4104/3611
f 4804/4373/3838 3735/4104/3611 4406/4374/3839
f 4372/4358/3825 4804/4373/3838 4406/4374/3839
f 4372/4358/3825 4406/4374/3839 3702/4281/3779
f 4279/4186/3691 3687/4159/3665 4405/4375/3840
f 4279/4186/3691 4405/4375/3840 4807/4376/3841
f 4417/4370/3835 4358/4369/3834 3716/4345/3820
f 4417/4370/3835 3716/4345/3820 3746/4348/3822
f 3663/4283/3658 4334/4282/3780 4805/4377/3842
f 3663/4283/3658 4805/4377/3842 4396/4378/3843
f 4334/4282/3780 3702/4281/3779 4406/4374/3839
f 4334/4282/3780 4406/4374/3839 4805/4377/3842
f 4805/4377/3842 4406/4374/3839 3735/4104/3611
f 4805/4377/3842 3735/4104/3611 4409/4255/3756
f 4396/4378/3843 4805/4377/3842 4409/4255/3756
f 4396/4378/3843 4409/4255/3756 3725/4254/3755
f 4807/4376/3841 4405/4375/3840 3734/4135/3642
f 4807/4376/3841 3734/4135/3642 4412/4195/3700
f 4280/4153/3659 4809/4379/3844 4404/4380/3845
f 4280/4153/3659 4404/4380/3845 3688/4188/3693
f 4427/4349/3823 4354/4266/3766 3719/4285/3617
f 4427/4349/3823 3719/4285/3617 3742/4381/3846
f 3660/4239/3742 4310/4238/3741 4806/4382/3847
f 3660/4239/3742 4806/4382/3847 4296/4383/3848
f 4310/4238/3741 3688/4188/3693 4404/4380/3845
f 4310/4238/3741 4404/4380/3845 4806/4382/3847
f 4806/4382/3847 4404/4380/3845 3733/4189/3694
f 4806/4382/3847 3733/4189/3694 4411/4231/3735
f 4296/4383/3848 4806/4382/3847 4411/4231/3735
f 4296/4383/3848 4411/4231/3735 3728/4230/3734
f 3665/4187/3692 4279/4186/3691 4807/4376/3841
f 3665/4187/3692 4807/4376/3841 4299/4384/3849
f 4299/4384/3849 4807/4376/3841 4412/4195/3700
f 4299/4384/3849 4412/4195/3700 3731/4194/3699
f 4404/4380/3845 4809/4379/3844 4414/4144/3651
f 4404/4380/3845 4414/4144/3651 3733/4189/3694
f 3737/4359/3826 4419/4362/3829 4363/4109/3616
f 3737/4359/3826 4363/4109/3616 3708/4108/3615
f 3701/4165/3671 4333/4164/3670 4808/4385/3850
f 3701/4165/3671 4808/4385/3850 4407/4372/3837
f 4333/4164/3670 3659/4163/3669 4295/4386/3851
f 4333/4164/3670 4295/4386/3851 4808/4385/3850
f 4808/4385/3850 4295/4386/3851 3727/4174/3679
f 4808/4385/3850 3727/4174/3679 4413/4171/3676
f 4407/4372/3837 4808/4385/3850 4413/4171/3676
f 4407/4372/3837 4413/4171/3676 3736/4170/3675
f 4280/4153/3659 3664/4152/3658 4397/4387/3852
f 4280/4153/3659 4397/4387/3852 4809/4379/3844
f 4809/4379/3844 4397/4387/3852 3726/4145/3652
f 4809/4379/3844 3726/4145/3652 4414/4144/3651
f 3687/4159/3665 4309/4158/3664 4810/4388/3853
f 3687/4159/3665 4810/4388/3853 4405/4375/3840
f 4309/4158/3664 3662/4157/3663 4401/4389/3854
f 4309/4158/3664 4401/4389/3854 4810/4388/3853
f 4810/4388/3853 4401/4389/3854 3730/4139/3646
f 4810/4388/3853 3730/4139/3646 4415/4136/3643
f 4405/4375/3840 4810/4388/3853 4415/4136/3643
f 4405/4375/3840 4415/4136/3643 3734/4135/3642
f 3666/4390/3855 4300/4391/3849 4811/4392/3856
f 3666/4390/3855 4811/4392/3856 4389/4393/3857
f 4300/4391/3849 3732/4363/3699 4416/4360/3827
f 4300/4391/3849 4416/4360/3827 4811/4392/3856
f 4811/4392/3856 4416/4360/3827 3737/4359/3826
f 4811/4392/3856 3737/4359/3826 4417/4370/3835
f 4389/4393/3857 4811/4392/3856 4417/4370/3835
f 4389/4393/3857 4417/4370/3835 3746/4348/3822
f 3637/4394/3858 4383/4395/3859 4812/4396/3860
f 3637/4394/3858 4812/4396/3860 4264/4397/3861
f 4383/4395/3859 3740/4265/3765 4418/4264/3764
f 4383/4395/3859 4418/4264/3764 4812/4396/3860
f 4812/4396/3860 4418/4264/3764 3751/4323/3806
f 4812/4396/3860 3751/4323/3806 4394/4398/3862
f 4264/4397/3861 4812/4396/3860 4394/4398/3862
f 4264/4397/3861 4394/4398/3862 3646/4399/3575
f 4363/4109/3616 4419/4362/3829 3743/4367/3833
f 4363/4109/3616 3743/4367/3833 3720/4110/3617
f 3741/4251/3752 4427/4349/3823 4820/4400/3863
f 3741/4251/3752 4820/4400/3863 4384/4401/3864
f 3718/4327/3747 3745/4270/3770 4428/4267/3767
f 3718/4327/3747 4428/4267/3767 4353/4328/3809
f 4384/4401/3864 4820/4400/3863 4290/4402/3865
f 4384/4401/3864 4290/4402/3865 3689/4403/3866
f 3658/4404/3867 4282/4405/3868 4813/4406/3869
f 3658/4404/3867 4813/4406/3869 4391/4407/3870
f 4282/4405/3868 3666/4390/3855 4389/4393/3857
f 4282/4405/3868 4389/4393/3857 4813/4406/3869
f 4813/4406/3869 4389/4393/3857 3746/4348/3822
f 4813/4406/3869 3746/4348/3822 4420/4347/3821
f 4391/4407/3870 4813/4406/3869 4420/4347/3821
f 4391/4407/3870 4420/4347/3821 3748/4338/3816
f 3642/4408/3871 4267/4409/3720 4814/4410/3872
f 3642/4408/3871 4814/4410/3872 4395/4411/3873
f 4267/4409/3720 3650/4412/3705 4393/4413/3874
f 4267/4409/3720 4393/4413/3874 4814/4410/3872
f 4814/4410/3872 4393/4413/3874 3750/4344/3819
f 4814/4410/3872 3750/4344/3819 4421/4343/3818
f 4395/4411/3873 4814/4410/3872 4421/4343/3818
f 4395/4411/3873 4421/4343/3818 3752/4334/3814
f 3650/4412/3705 4272/4414/3708 4815/4415/3875
f 3650/4412/3705 4815/4415/3875 4393/4413/3874
f 4272/4414/3708 3658/4404/3867 4391/4407/3870
f 4272/4414/3708 4391/4407/3870 4815/4415/3875
f 4815/4415/3875 4391/4407/3870 3748/4338/3816
f 4815/4415/3875 3748/4338/3816 4422/4337/3815
f 4393/4413/3874 4815/4415/3875 4422/4337/3815
f 4393/4413/3874 4422/4337/3815 3750/4344/3819
f 3630/4416/3876 4253/4417/3877 4816/4418/3878
f 3630/4416/3876 4816/4418/3878 4382/4419/3879
f 4253/4417/3877 3642/4408/3871 4395/4411/3873
f 4253/4417/3877 4395/4411/3873 4816/4418/3878
f 4816/4418/3878 4395/4411/3873 3752/4334/3814
f 4816/4418/3878 3752/4334/3814 4423/4333/3813
f 4382/4419/3879 4816/4418/3878 4423/4333/3813
f 4382/4419/3879 4423/4333/3813 3739/4340/3817
f 3627/4420/3880 4381/4421/3881 4817/4422/3882
f 3627/4420/3880 4817/4422/3882 4250/4423/3883
f 4381/4421/3881 3738/4330/3811 4424/4329/3810
f 4381/4421/3881 4424/4329/3810 4817/4422/3882
f 4817/4422/3882 4424/4329/3810 3740/4265/3765
f 4817/4422/3882 3740/4265/3765 4383/4395/3859
f 4250/4423/3883 4817/4422/3882 4383/4395/3859
f 4250/4423/3883 4383/4395/3859 3637/4394/3858
f 3646/4399/3575 4394/4398/3862 4818/4424/3884
f 3646/4399/3575 4818/4424/3884 4278/4425/3885
f 4394/4398/3862 3751/4323/3806 4425/4322/3805
f 4394/4398/3862 4425/4322/3805 4818/4424/3884
f 4818/4424/3884 4425/4322/3805 3749/4321/3804
f 4818/4424/3884 3749/4321/3804 4392/4426/3886
f 4278/4425/3885 4818/4424/3884 4392/4426/3886
f 4278/4425/3885 4392/4426/3886 3654/4427/3887
f 3654/4427/3887 4392/4426/3886 4819/4428/3888
f 3654/4427/3887 4819/4428/3888 4288/4429/3662
f 4392/4426/3886 3749/4321/3804 4426/4320/3803
f 4392/4426/3886 4426/4320/3803 4819/4428/3888
f 4819/4428/3888 4426/4320/3803 3747/4319/3802
f 4819/4428/3888 3747/4319/3802 4390/4430/3889
f 4288/4429/3662 4819/4428/3888 4390/4430/3889
f 4288/4429/3662 4390/4430/3889 3661/4431/3663
f 4820/4400/3863 4427/4349/3823 3742/4381/3846
f 4820/4400/3863 3742/4381/3846 4385/4432/3890
f 4290/4402/3865 4820/4400/3863 4385/4432/3890
f 4290/4402/3865 4385/4432/3890 3677/4433/3891
f 4353/4328/3809 4428/4267/3767 3753/4099/3606
f 4353/4328/3809 3753/4099/3606 3709/4098/3605
f 3671/4434/3892 4387/4435/3893 4821/4436/3894
f 3671/4434/3892 4821/4436/3894 4311/4437/3895
f 4387/4435/3893 3744/4249/3750 4429/4248/3749
f 4387/4435/3893 4429/4248/3749 4821/4436/3894
f 4821/4436/3894 4429/4248/3749 3741/4251/3752
f 4821/4436/3894 3741/4251/3752 4384/4401/3864
f 4311/4437/3895 4821/4436/3894 4384/4401/3864
f 4311/4437/3895 4384/4401/3864 3689/4403/3866
f 3661/4431/3663 4390/4430/3889 4822/4438/3896
f 3661/4431/3663 4822/4438/3896 4400/4439/3897
f 4390/4430/3889 3747/4319/3802 4430/4096/3603
f 4390/4430/3889 4430/4096/3603 4822/4438/3896
f 4822/4438/3896 4430/4096/3603 3753/4099/3606
f 4822/4438/3896 3753/4099/3606 4408/4269/3769
f 4400/4439/3897 4822/4438/3896 4408/4269/3769
f 4400/4439/3897 4408/4269/3769 3729/4274/3772
f 4432/4440/3898 3760/4441/3899 4439/4442/3900
f 4432/4440/3898 4439/4442/3900 4823/4443/3901
f 4823/4443/3901 4439/4442/3900 3766/4444/3902
f 4823/4443/3901 3766/4444/3902 4434/4445/3903
f 4491/4446/3904 4432/4440/3898 4823/4443/3901
f 4491/4446/3904 4823/4443/3901 4845/4447/3905
f 4844/4448/3906 4824/4449/3907 4492/4450/3908
f 4844/4448/3906 4492/4450/3908 4433/4451/3909
f 4490/4452/3910 3754/4453/3911 4435/4454/3912
f 4490/4452/3910 4435/4454/3912 4824/4449/3907
f 4824/4449/3907 4435/4454/3912 3764/4455/3913
f 4824/4449/3907 3764/4455/3913 4492/4450/3908
f 3869/4456/3914 4624/4457/3915 4825/4458/3916
f 3869/4456/3914 4825/4458/3916 4549/4459/3917
f 4624/4457/3915 3872/4460/3918 4552/4461/3919
f 4624/4457/3915 4552/4461/3919 4825/4458/3916
f 4825/4458/3916 4552/4461/3919 3818/4462/3920
f 4825/4458/3916 3818/4462/3920 4521/4463/3921
f 4549/4459/3917 4825/4458/3916 4521/4463/3921
f 4549/4459/3917 4521/4463/3921 3802/4464/3922
f 3806/4465/3923 4506/4466/3924 4826/4467/3925
f 3806/4465/3923 4826/4467/3925 4530/4468/3926
f 4506/4466/3924 3758/4469/3927 4441/4470/3928
f 4506/4466/3924 4441/4470/3928 4826/4467/3925
f 4826/4467/3925 4441/4470/3928 3762/4471/3929
f 4826/4467/3925 3762/4471/3929 4510/4472/3930
f 4530/4468/3926 4826/4467/3925 4510/4472/3930
f 4530/4468/3926 4510/4472/3930 3808/4473/3931
f 4843/4474/3932 4827/4475/3933 4496/4476/3934
f 4843/4474/3932 4496/4476/3934 4458/4477/3935
f 4494/4478/3936 3773/4479/3937 4461/4480/3938
f 4494/4478/3936 4461/4480/3938 4827/4475/3933
f 4827/4475/3933 4461/4480/3938 3781/4481/3939
f 4827/4475/3933 3781/4481/3939 4496/4476/3934
f 4824/4449/3907 4844/4448/3906 4431/4482/3940
f 4824/4449/3907 4431/4482/3940 4490/4452/3910
f 3808/4473/3931 4510/4472/3930 4828/4483/3941
f 3808/4473/3931 4828/4483/3941 4529/4484/3942
f 4510/4472/3930 3762/4471/3929 4448/4485/3943
f 4510/4472/3930 4448/4485/3943 4828/4483/3941
f 4828/4483/3941 4448/4485/3943 3770/4486/3944
f 4828/4483/3941 3770/4486/3944 4512/4487/3945
f 4529/4484/3942 4828/4483/3941 4512/4487/3945
f 4529/4484/3942 4512/4487/3945 3810/4488/3946
f 4434/4445/3903 3766/4444/3902 4452/4489/3947
f 4434/4445/3903 4452/4489/3947 4829/4490/3948
f 4829/4490/3948 4452/4489/3947 3775/4491/3949
f 4829/4490/3948 3775/4491/3949 4447/4492/3950
f 4842/4493/3951 4830/4494/3952 4494/4478/3936
f 4842/4493/3951 4494/4478/3936 4446/4495/3953
f 4492/4450/3908 3764/4455/3913 4450/4496/3954
f 4492/4450/3908 4450/4496/3954 4830/4494/3952
f 4830/4494/3952 4450/4496/3954 3773/4479/3937
f 4830/4494/3952 3773/4479/3937 4494/4478/3936
f 4827/4475/3933 4843/4474/3932 4446/4495/3953
f 4827/4475/3933 4446/4495/3953 4494/4478/3936
f 4443/4497/3955 3825/4498/3956 4477/4499/3957
f 4443/4497/3955 4477/4499/3957 4831/4500/3958
f 4831/4500/3958 4477/4499/3957 3790/4501/3959
f 4831/4500/3958 3790/4501/3959 4472/4502/3960
f 3820/4503/3961 4444/4504/3962 4832/4505/3963
f 3820/4503/3961 4832/4505/3963 4527/4506/3964
f 4444/4504/3962 3828/4507/3965 4473/4508/3966
f 4444/4504/3962 4473/4508/3966 4832/4505/3963
f 4832/4505/3963 4473/4508/3966 3786/4509/3967
f 4832/4505/3963 3786/4509/3967 4516/4510/3968
f 4527/4506/3964 4832/4505/3963 4516/4510/3968
f 4527/4506/3964 4516/4510/3968 3814/4511/3969
f 3810/4488/3946 4512/4487/3945 4833/4512/3970
f 3810/4488/3946 4833/4512/3970 4525/4513/3971
f 4512/4487/3945 3770/4486/3944 4466/4514/3972
f 4512/4487/3945 4466/4514/3972 4833/4512/3970
f 4833/4512/3970 4466/4514/3972 3778/4515/3973
f 4833/4512/3970 3778/4515/3973 4514/4516/3974
f 4525/4513/3971 4833/4512/3970 4514/4516/3974
f 4525/4513/3971 4514/4516/3974 3812/4517/3975
f 4447/4492/3950 3775/4491/3949 4465/4518/3976
f 4447/4492/3950 4465/4518/3976 4834/4519/3977
f 4834/4519/3977 4465/4518/3976 3783/4520/3978
f 4834/4519/3977 3783/4520/3978 4459/4521/3979
f 4841/4522/3980 4835/4523/3981 4498/4524/3982
f 4841/4522/3980 4498/4524/3982 4471/4525/3983
f 4445/4526/3984 3827/4527/3985 4504/4528/3986
f 4445/4526/3984 4504/4528/3986 4835/4523/3981
f 4835/4523/3981 4504/4528/3986 3788/4529/3987
f 4835/4523/3981 3788/4529/3987 4498/4524/3982
f 4830/4494/3952 4842/4493/3951 4433/4451/3909
f 4830/4494/3952 4433/4451/3909 4492/4450/3908
f 4600/4530/3988 4554/4531/3812 3844/4532/3812
f 4600/4530/3988 3844/4532/3812 3846/4533/3989
f 3836/4534/3990 4469/4535/3991 4599/4536/3992
f 3836/4534/3990 4599/4536/3992 3853/4537/3993
f 3862/4538/3994 4532/4539/3995 4598/4540/3996
f 3862/4538/3994 4598/4540/3996 3875/4541/3997
f 4587/4542/3998 4533/4543/3999 3839/4544/4000
f 4587/4542/3998 3839/4544/4000 3852/4545/4001
f 4502/4546/4002 4484/4547/4003 4836/4548/4004
f 4502/4546/4002 4836/4548/4004 4849/4549/4005
f 4836/4548/4004 4484/4547/4003 3800/4550/4006
f 4836/4548/4004 3800/4550/4006 4520/4551/4007
f 4523/4552/4008 4836/4548/4004 4520/4551/4007
f 4523/4552/4008 4520/4551/4007 3819/4553/4009
f 3873/4554/4010 4623/4555/4011 4837/4556/4012
f 3873/4554/4010 4837/4556/4012 4553/4557/4013
f 4623/4555/4011 3864/4558/4014 4544/4559/4015
f 4623/4555/4011 4544/4559/4015 4837/4556/4012
f 4837/4556/4012 4544/4559/4015 3795/4560/4016
f 4837/4556/4012 3795/4560/4016 4519/4561/4017
f 4553/4557/4013 4837/4556/4012 4519/4561/4017
f 4553/4557/4013 4519/4561/4017 3817/4562/4018
f 4622/4563/4019 3868/4564/4020 4548/4565/3917
f 4622/4563/4019 4548/4565/3917 4838/4566/4021
f 4838/4566/4021 4548/4565/3917 3801/4567/4022
f 4838/4566/4021 3801/4567/4022 4485/4568/4023
f 4838/4566/4021 4850/4569/4024 4619/4570/4025
f 4838/4566/4021 4619/4570/4025 4622/4563/4019
f 4598/4540/3996 4532/4539/3995 3835/4571/4026
f 4598/4540/3996 3835/4571/4026 3855/4572/4027
f 3830/4573/3812 4534/4574/3812 4597/4575/4028
f 3830/4573/3812 4597/4575/4028 3860/4576/4029
f 4840/4577/4030 4839/4578/4031 4501/4579/4032
f 4840/4577/4030 4501/4579/4032 4483/4580/4033
f 4621/4581/4034 3866/4582/4035 4605/4583/4036
f 4621/4581/4034 4605/4583/4036 4839/4578/4031
f 4839/4578/4031 4605/4583/4036 3798/4584/4037
f 4839/4578/4031 3798/4584/4037 4501/4579/4032
f 3871/4585/4038 4620/4586/4039 4840/4577/4030
f 3871/4585/4038 4840/4577/4030 4610/4587/4040
f 4610/4587/4040 4840/4577/4030 4483/4580/4033
f 4610/4587/4040 4483/4580/4033 3805/4588/4041
f 3823/4589/4042 4456/4590/4043 4841/4522/3980
f 3823/4589/4042 4841/4522/3980 4487/4591/4044
f 4487/4591/4044 4841/4522/3980 4471/4525/3983
f 4487/4591/4044 4471/4525/3983 3793/4592/4045
f 3769/4593/4046 4433/4451/3909 4842/4493/3951
f 3769/4593/4046 4842/4493/3951 4455/4594/4047
f 4455/4594/4047 4842/4493/3951 4446/4495/3953
f 4455/4594/4047 4446/4495/3953 3777/4595/4048
f 3777/4595/4048 4446/4495/3953 4843/4474/3932
f 3777/4595/4048 4843/4474/3932 4463/4596/4049
f 4463/4596/4049 4843/4474/3932 4458/4477/3935
f 4463/4596/4049 4458/4477/3935 3785/4597/4050
f 3757/4598/4051 4431/4482/3940 4844/4448/3906
f 3757/4598/4051 4844/4448/3906 4438/4599/4052
f 4438/4599/4052 4844/4448/3906 4433/4451/3909
f 4438/4599/4052 4433/4451/3909 3769/4593/4046
f 3759/4600/4053 4491/4446/3904 4845/4447/3905
f 3759/4600/4053 4845/4447/3905 4442/4601/3928
f 4823/4443/3901 4434/4445/3903 4493/4602/4054
f 4823/4443/3901 4493/4602/4054 4845/4447/3905
f 4493/4602/4054 4434/4445/3903 4829/4490/3948
f 4493/4602/4054 4829/4490/3948 4846/4603/4055
f 4442/4601/3928 4845/4447/3905 4493/4602/4054
f 4442/4601/3928 4493/4602/4054 3763/4604/4056
f 3763/4604/4056 4493/4602/4054 4846/4603/4055
f 3763/4604/4056 4846/4603/4055 4449/4605/4057
f 4829/4490/3948 4447/4492/3950 4495/4606/4058
f 4829/4490/3948 4495/4606/4058 4846/4603/4055
f 4831/4500/3958 4847/4607/4059 4457/4608/4060
f 4831/4500/3958 4457/4608/4060 4443/4497/3955
f 4449/4605/4057 4846/4603/4055 4495/4606/4058
f 4449/4605/4057 4495/4606/4058 3771/4609/4061
f 3829/4610/4062 4457/4608/4060 4847/4607/4059
f 3829/4610/4062 4847/4607/4059 4474/4611/4063
f 4831/4500/3958 4472/4502/3960 4499/4612/4064
f 4831/4500/3958 4499/4612/4064 4847/4607/4059
f 4495/4606/4058 4447/4492/3950 4834/4519/3977
f 4495/4606/4058 4834/4519/3977 4848/4613/4065
f 4474/4611/4063 4847/4607/4059 4499/4612/4064
f 4474/4611/4063 4499/4612/4064 3787/4614/4066
f 3771/4609/4061 4495/4606/4058 4848/4613/4065
f 3771/4609/4061 4848/4613/4065 4467/4615/4067
f 4834/4519/3977 4459/4521/3979 4497/4616/4068
f 4834/4519/3977 4497/4616/4068 4848/4613/4065
f 4835/4523/3981 4841/4522/3980 4456/4590/4043
f 4835/4523/3981 4456/4590/4043 4445/4526/3984
f 4467/4615/4067 4848/4613/4065 4497/4616/4068
f 4467/4615/4067 4497/4616/4068 3779/4617/4069
f 3816/4618/4018 4518/4619/4070 4849/4549/4005
f 3816/4618/4018 4849/4549/4005 4522/4620/4071
f 4518/4619/4070 3794/4621/4016 4502/4546/4002
f 4518/4619/4070 4502/4546/4002 4849/4549/4005
f 4849/4549/4005 4836/4548/4004 4523/4552/4008
f 4849/4549/4005 4523/4552/4008 4522/4620/4071
f 3865/4622/4072 4619/4570/4025 4850/4569/4024
f 3865/4622/4072 4850/4569/4024 4545/4623/4073
f 4838/4566/4021 4485/4568/4023 4503/4624/4002
f 4838/4566/4021 4503/4624/4002 4850/4569/4024
f 4839/4578/4031 4840/4577/4030 4620/4586/4039
f 4839/4578/4031 4620/4586/4039 4621/4581/4034
f 4545/4623/4073 4850/4569/4024 4503/4624/4002
f 4545/4623/4073 4503/4624/4002 3796/4625/4074
s 0
f 3832/4626/3812 4557/4627/3812 4851/4628/3812
f 3832/4626/3812 4851/4628/3812 4554/4531/3812
s 1
f 4557/4627/3812 3812/4517/3975 4470/4629/4075
f 4557/4627/3812 4470/4629/4075 4851/4628/3812
f 4851/4628/3812 4470/4629/4075 3820/4503/3961
f 4851/4628/3812 3820/4503/3961 4585/4630/3812
s 0
f 4554/4531/3812 4851/4628/3812 4585/4630/3812
f 4554/4531/3812 4585/4630/3812 3844/4532/3812
s 1
f 3836/4534/3990 4561/4631/4076 4852/4632/4077
f 3836/4534/3990 4852/4632/4077 4469/4535/3991
f 4561/4631/4076 3816/4618/4018 4522/4620/4071
f 4561/4631/4076 4522/4620/4071 4852/4632/4077
f 4852/4632/4077 4855/4633/4078 4533/4543/3999
f 4852/4632/4077 4533/4543/3999 4469/4535/3991
f 3862/4538/3994 4618/4634/4079 4853/4635/4080
f 3862/4538/3994 4853/4635/4080 4532/4539/3995
f 4618/4634/4079 3872/4460/3918 4611/4636/4081
f 4618/4634/4079 4611/4636/4081 4853/4635/4080
f 4853/4635/4080 4611/4636/4081 3815/4637/4082
f 4853/4635/4080 3815/4637/4082 4560/4638/4083
f 4532/4539/3995 4853/4635/4080 4560/4638/4083
f 4532/4539/3995 4560/4638/4083 3835/4571/4026
f 3824/4639/4084 4468/4640/4085 4854/4641/4086
f 3824/4639/4084 4854/4641/4086 4478/4642/4087
f 4468/4640/4085 3821/4643/4088 4524/4644/4089
f 4468/4640/4085 4524/4644/4089 4854/4641/4086
f 4854/4641/4086 4524/4644/4089 3815/4637/4082
f 4854/4641/4086 3815/4637/4082 4517/4645/4090
f 4478/4642/4087 4854/4641/4086 4517/4645/4090
f 4478/4642/4087 4517/4645/4090 3791/4646/4091
f 4522/4620/4071 4523/4552/4008 4855/4633/4078
f 4522/4620/4071 4855/4633/4078 4852/4632/4077
f 4855/4633/4078 4523/4552/4008 3819/4553/4009
f 4855/4633/4078 3819/4553/4009 4564/4647/4092
f 4533/4543/3999 4855/4633/4078 4564/4647/4092
f 4533/4543/3999 4564/4647/4092 3839/4544/4000
f 3774/4648/4093 4513/4649/4094 4856/4650/4095
f 3774/4648/4093 4856/4650/4095 4464/4651/4096
f 4513/4649/4094 3811/4652/4097 4526/4653/4098
f 4513/4649/4094 4526/4653/4098 4856/4650/4095
f 4856/4650/4095 4526/4653/4098 3813/4654/4099
f 4856/4650/4095 3813/4654/4099 4515/4655/4100
f 4464/4651/4096 4856/4650/4095 4515/4655/4100
f 4464/4651/4096 4515/4655/4100 3782/4656/4101
f 3767/4657/4102 4511/4658/4103 4857/4659/4104
f 3767/4657/4102 4857/4659/4104 4453/4660/4105
f 4511/4658/4103 3809/4661/4106 4528/4662/4107
f 4511/4658/4103 4528/4662/4107 4857/4659/4104
f 4857/4659/4104 4528/4662/4107 3811/4652/4097
f 4857/4659/4104 3811/4652/4097 4513/4649/4094
f 4453/4660/4105 4857/4659/4104 4513/4649/4094
f 4453/4660/4105 4513/4649/4094 3774/4648/4093
s 0
f 3830/4573/3812 4555/4663/3812 4858/4664/3812
f 3830/4573/3812 4858/4664/3812 4534/4574/3812
s 1
f 4555/4663/3812 3810/4488/3946 4525/4513/3971
f 4555/4663/3812 4525/4513/3971 4858/4664/3812
f 4858/4664/3812 4525/4513/3971 3812/4517/3975
f 4858/4664/3812 3812/4517/3975 4557/4627/3812
s 0
f 4534/4574/3812 4858/4664/3812 4557/4627/3812
f 4534/4574/3812 4557/4627/3812 3832/4626/3812
f 3844/4532/3812 4585/4630/3812 4859/4665/3812
f 3844/4532/3812 4859/4665/3812 4535/4666/3812
s 1
f 4585/4630/3812 3820/4503/3961 4527/4506/3964
f 4585/4630/3812 4527/4506/3964 4859/4665/3812
f 4859/4665/3812 4527/4506/3964 3814/4511/3969
f 4859/4665/3812 3814/4511/3969 4559/4667/4108
s 0
f 4535/4666/3812 4859/4665/3812 4559/4667/3812
f 4535/4666/4109 4559/4667/4109 3834/4668/4109
f 3843/4669/3812 4568/4670/3812 4860/4671/3812
f 3843/4669/3812 4860/4671/3812 4536/4672/3812
s 1
f 4568/4670/3812 3806/4465/3923 4530/4468/3926
f 4568/4670/3812 4530/4468/3926 4860/4671/3812
f 4860/4671/3812 4530/4468/3926 3808/4473/3931
f 4860/4671/3812 3808/4473/3931 4566/4673/3812
s 0
f 4536/4672/3812 4860/4671/3812 4566/4673/3812
f 4536/4672/3812 4566/4673/3812 3841/4674/3812
s 1
f 3761/4675/4110 4507/4676/4111 4861/4677/4112
f 3761/4675/4110 4861/4677/4112 4440/4678/4113
f 4507/4676/4111 3807/4679/4114 4531/4680/4115
f 4507/4676/4111 4531/4680/4115 4861/4677/4112
f 4861/4677/4112 4531/4680/4115 3809/4661/4106
f 4861/4677/4112 3809/4661/4106 4511/4658/4103
f 4440/4678/4113 4861/4677/4112 4511/4658/4103
f 4440/4678/4113 4511/4658/4103 3767/4657/4102
f 4597/4575/4028 4534/4574/3812 3832/4626/3812
f 4597/4575/4028 3832/4626/3812 3858/4681/4116
f 3844/4532/3812 4535/4666/4117 4596/4682/4118
f 3844/4532/3812 4596/4682/4118 3846/4533/3989
s 0
f 3845/4683/3763 4569/4684/3763 4862/4685/3763
f 3845/4683/3763 4862/4685/3763 4537/4686/3763
s 1
f 4569/4684/3763 3821/4643/4088 4481/4687/4119
f 4569/4684/3763 4481/4687/4119 4862/4685/3763
f 4862/4685/3763 4481/4687/4119 3813/4654/4099
f 4862/4685/3763 3813/4654/4099 4558/4688/3763
s 0
f 4537/4686/3763 4862/4685/3763 4558/4688/3763
f 4537/4686/3763 4558/4688/3763 3833/4689/3763
s 1
f 4863/4690/4120 4443/4497/3955 4457/4608/4060
f 4863/4690/4120 4457/4608/4060 4867/4691/4121
f 4459/4521/3979 3783/4520/3978 4489/4692/4122
f 4459/4521/3979 4489/4692/4122 4863/4690/4120
f 4863/4690/4120 4489/4692/4122 3825/4498/3956
f 4863/4690/4120 3825/4498/3956 4443/4497/3955
f 4865/4693/4123 4866/4694/4124 4458/4477/3935
f 4865/4693/4123 4458/4477/3935 4496/4476/3934
f 3812/4517/3975 4514/4516/3974 4864/4695/4125
f 3812/4517/3975 4864/4695/4125 4470/4629/4075
f 4514/4516/3974 3778/4515/3973 4508/4696/4126
f 4514/4516/3974 4508/4696/4126 4864/4695/4125
f 4864/4695/4125 4508/4696/4126 3828/4507/3965
f 4864/4695/4125 3828/4507/3965 4444/4504/3962
f 4470/4629/4075 4864/4695/4125 4444/4504/3962
f 4470/4629/4075 4444/4504/3962 3820/4503/3961
f 4496/4476/3934 3781/4481/3939 4476/4697/4127
f 4496/4476/3934 4476/4697/4127 4865/4693/4123
f 4865/4693/4123 4476/4697/4127 3827/4527/3985
f 4865/4693/4123 3827/4527/3985 4445/4526/3984
f 3785/4597/4050 4458/4477/3935 4866/4694/4124
f 3785/4597/4050 4866/4694/4124 4480/4698/4128
f 4866/4694/4124 4865/4693/4123 4445/4526/3984
f 4866/4694/4124 4445/4526/3984 4456/4590/4043
f 4480/4698/4128 4866/4694/4124 4456/4590/4043
f 4480/4698/4128 4456/4590/4043 3823/4589/4042
f 3779/4617/4069 4497/4616/4068 4867/4691/4121
f 3779/4617/4069 4867/4691/4121 4509/4699/4129
f 4497/4616/4068 4459/4521/3979 4863/4690/4120
f 4497/4616/4068 4863/4690/4120 4867/4691/4121
f 4509/4699/4129 4867/4691/4121 4457/4608/4060
f 4509/4699/4129 4457/4608/4060 3829/4610/4062
f 3782/4656/4101 4515/4655/4100 4868/4700/4130
f 3782/4656/4101 4868/4700/4130 4488/4701/4122
f 4515/4655/4100 3813/4654/4099 4481/4687/4119
f 4515/4655/4100 4481/4687/4119 4868/4700/4130
f 4868/4700/4130 4481/4687/4119 3821/4643/4088
f 4868/4700/4130 3821/4643/4088 4468/4640/4085
f 4488/4701/4122 4868/4700/4130 4468/4640/4085
f 4488/4701/4122 4468/4640/4085 3824/4639/4084
s 0
f 3841/4674/3812 4566/4673/3812 4869/4702/3812
f 3841/4674/3812 4869/4702/3812 4538/4703/3812
s 1
f 4566/4673/3812 3808/4473/3931 4529/4484/3942
f 4566/4673/3812 4529/4484/3942 4869/4702/3812
f 4869/4702/3812 4529/4484/3942 3810/4488/3946
f 4869/4702/3812 3810/4488/3946 4555/4663/3812
s 0
f 4538/4703/3812 4869/4702/3812 4555/4663/3812
f 4538/4703/3812 4555/4663/3812 3830/4573/3812
s 1
f 4596/4682/4118 4535/4666/4117 3834/4668/4131
f 4596/4682/4118 3834/4668/4131 3856/4704/4132
f 3843/4669/3812 4536/4672/3812 4595/4705/4133
f 3843/4669/3812 4595/4705/4133 3847/4706/4134
f 4595/4705/4133 4536/4672/3812 3841/4674/3812
f 4595/4705/4133 3841/4674/3812 3849/4707/4135
f 3861/4708/4136 3845/4683/3763 4537/4686/3763
f 3861/4708/4136 4537/4686/3763 4594/4709/4137
f 4594/4709/4137 4537/4686/3763 3833/4689/3763
f 4594/4709/4137 3833/4689/3763 3857/4710/4138
f 3841/4674/3812 4538/4703/3812 4593/4711/4139
f 3841/4674/3812 4593/4711/4139 3849/4707/4135
f 4593/4711/4139 4538/4703/3812 3830/4573/3812
f 4593/4711/4139 3830/4573/3812 3860/4576/4029
f 3840/4712/3763 4539/4713/3763 4592/4714/4140
f 3840/4712/3763 4592/4714/4140 3850/4715/4141
f 3831/4716/3763 4540/4717/3763 4591/4718/4142
f 3831/4716/3763 4591/4718/4142 3859/4719/4143
f 4592/4714/4140 4539/4713/3763 3842/4720/3763
f 4592/4714/4140 3842/4720/3763 3848/4721/4144
f 3833/4689/3763 4541/4722/3763 4590/4723/4145
f 3833/4689/3763 4590/4723/4145 3857/4710/4138
f 4591/4718/4142 4540/4717/3763 3840/4712/3763
f 4591/4718/4142 3840/4712/3763 3850/4715/4141
f 3834/4668/4131 4602/4724/4146 4613/4725/4147
f 3834/4668/4131 4613/4725/4147 3856/4704/4132
f 4590/4723/4145 4541/4722/3763 3831/4716/3763
f 4590/4723/4145 3831/4716/3763 3859/4719/4143
f 3821/4643/4088 4569/4684/3763 4870/4726/4148
f 3821/4643/4088 4870/4726/4148 4524/4644/4089
s 0
f 4569/4684/3763 3845/4683/3763 4542/4727/4149
f 4569/4684/3763 4542/4727/3763 4870/4726/3763
s 1
f 4870/4726/4148 4542/4727/4150 3835/4571/4026
f 4870/4726/4148 3835/4571/4026 4560/4638/4083
f 4524/4644/4089 4870/4726/4148 4560/4638/4083
f 4524/4644/4089 4560/4638/4083 3815/4637/4082
s 0
f 3842/4720/3763 4539/4713/3763 4871/4728/3763
f 3842/4720/3763 4871/4728/3763 4567/4729/3763
f 4539/4713/3763 3840/4712/3763 4565/4730/3763
f 4539/4713/3763 4565/4730/3763 4871/4728/3763
s 1
f 4871/4728/3763 4565/4730/3763 3809/4661/4106
f 4871/4728/3763 3809/4661/4106 4531/4680/4115
f 4567/4729/3763 4871/4728/3763 4531/4680/4115
f 4567/4729/3763 4531/4680/4115 3807/4679/4114
s 0
f 3840/4712/3763 4540/4717/3763 4872/4731/3763
f 3840/4712/3763 4872/4731/3763 4565/4730/3763
f 4540/4717/3763 3831/4716/3763 4556/4732/3763
f 4540/4717/3763 4556/4732/3763 4872/4731/3763
s 1
f 4872/4731/3763 4556/4732/3763 3811/4652/4097
f 4872/4731/3763 3811/4652/4097 4528/4662/4107
f 4565/4730/3763 4872/4731/3763 4528/4662/4107
f 4565/4730/3763 4528/4662/4107 3809/4661/4106
s 0
f 3831/4716/3763 4541/4722/3763 4873/4733/3763
f 3831/4716/3763 4873/4733/3763 4556/4732/3763
f 4541/4722/3763 3833/4689/3763 4558/4688/3763
f 4541/4722/3763 4558/4688/3763 4873/4733/3763
s 1
f 4873/4733/3763 4558/4688/3763 3813/4654/4099
f 4873/4733/3763 3813/4654/4099 4526/4653/4098
f 4556/4732/3763 4873/4733/3763 4526/4653/4098
f 4556/4732/3763 4526/4653/4098 3811/4652/4097
f 3861/4708/4136 4586/4734/4151 4874/4735/4152
f 3861/4708/4136 4874/4735/4152 4589/4736/4153
f 4586/4734/4151 3822/4737/4154 4486/4738/4155
f 4586/4734/4151 4486/4738/4155 4874/4735/4152
f 4874/4735/4152 4486/4738/4155 3792/4739/4045
f 4874/4735/4152 3792/4739/4045 4579/4740/4156
f 4589/4736/4153 4874/4735/4152 4579/4740/4156
f 4589/4736/4153 4579/4740/4156 3855/4572/4027
f 3863/4741/4157 4602/4724/4146 4875/4742/4158
f 3863/4741/4157 4875/4742/4158 4617/4743/4159
f 4602/4724/4146 3834/4668/4131 4559/4667/4108
f 4602/4724/4146 4559/4667/4108 4875/4742/4158
f 4875/4742/4158 4559/4667/4108 3814/4511/3969
f 4875/4742/4158 3814/4511/3969 4612/4744/4160
f 4617/4743/4159 4875/4742/4158 4612/4744/4160
f 4617/4743/4159 4612/4744/4160 3873/4554/4010
f 4533/4543/3999 4587/4542/3998 4599/4536/3992
f 4533/4543/3999 4599/4536/3992 4469/4535/3991
f 4613/4725/4147 4602/4724/4146 3863/4741/4157
f 4613/4725/4147 3863/4741/4157 3874/4745/4161
f 3861/4708/4136 4589/4736/4153 4542/4727/4150
f 3861/4708/4136 4542/4727/4150 3845/4683/3763
f 4887/4746/4162 4876/4747/4163 4482/4748/4164
f 4887/4746/4162 4482/4748/4164 4500/4749/4165
f 4876/4747/4163 4587/4542/3998 3852/4545/4001
f 4876/4747/4163 3852/4545/4001 4576/4750/4166
f 4482/4748/4164 4876/4747/4163 4576/4750/4166
f 4482/4748/4164 4576/4750/4166 3804/4751/4167
f 3867/4752/4168 4547/4753/4169 4877/4754/4170
f 3867/4752/4168 4877/4754/4170 4616/4755/4171
f 4547/4753/4169 3789/4756/4172 4580/4757/4173
f 4547/4753/4169 4580/4757/4173 4877/4754/4170
f 4877/4754/4170 4580/4757/4173 3856/4704/4132
f 4877/4754/4170 3856/4704/4132 4613/4725/4147
f 4616/4755/4171 4877/4754/4170 4613/4725/4147
f 4616/4755/4171 4613/4725/4147 3874/4745/4161
f 4542/4727/4150 4589/4736/4153 3855/4572/4027
f 4542/4727/4150 3855/4572/4027 3835/4571/4026
f 3874/4745/4161 3863/4741/4157 4543/4758/4174
f 3874/4745/4161 4543/4758/4174 4588/4759/4175
f 3776/4760/4048 4462/4761/4176 4878/4762/4177
f 3776/4760/4048 4878/4762/4177 4583/4763/4178
f 4462/4761/4176 3784/4764/4179 4581/4765/4180
f 4462/4761/4176 4581/4765/4180 4878/4762/4177
f 4878/4762/4177 4581/4765/4180 3857/4710/4138
f 4878/4762/4177 3857/4710/4138 4590/4723/4145
f 4583/4763/4178 4878/4762/4177 4590/4723/4145
f 4583/4763/4178 4590/4723/4145 3859/4719/4143
f 3768/4766/4046 4454/4767/4181 4879/4768/4182
f 3768/4766/4046 4879/4768/4182 4574/4769/4183
f 4454/4767/4181 3776/4760/4048 4583/4763/4178
f 4454/4767/4181 4583/4763/4178 4879/4768/4182
f 4879/4768/4182 4583/4763/4178 3859/4719/4143
f 4879/4768/4182 3859/4719/4143 4591/4718/4142
f 4574/4769/4183 4879/4768/4182 4591/4718/4142
f 4574/4769/4183 4591/4718/4142 3850/4715/4141
f 3756/4770/4184 4437/4771/4052 4880/4772/4185
f 3756/4770/4184 4880/4772/4185 4572/4773/4186
f 4437/4771/4052 3768/4766/4046 4574/4769/4183
f 4437/4771/4052 4574/4769/4183 4880/4772/4185
f 4880/4772/4185 4574/4769/4183 3850/4715/4141
f 4880/4772/4185 3850/4715/4141 4592/4714/4140
f 4572/4773/4186 4880/4772/4185 4592/4714/4140
f 4572/4773/4186 4592/4714/4140 3848/4721/4144
f 3765/4774/3913 4573/4775/4187 4881/4776/4188
f 3765/4774/3913 4881/4776/4188 4451/4777/3954
f 4573/4775/4187 3849/4707/4135 4593/4711/4139
f 4573/4775/4187 4593/4711/4139 4881/4776/4188
f 4881/4776/4188 4593/4711/4139 3860/4576/4029
f 4881/4776/4188 3860/4576/4029 4584/4778/4189
f 4451/4777/3954 4881/4776/4188 4584/4778/4189
f 4451/4777/3954 4584/4778/4189 3772/4779/3937
f 3822/4737/4154 4586/4734/4151 4882/4780/4190
f 3822/4737/4154 4882/4780/4190 4479/4781/4191
f 4586/4734/4151 3861/4708/4136 4594/4709/4137
f 4586/4734/4151 4594/4709/4137 4882/4780/4190
f 4882/4780/4190 4594/4709/4137 3857/4710/4138
f 4882/4780/4190 3857/4710/4138 4581/4765/4180
f 4479/4781/4191 4882/4780/4190 4581/4765/4180
f 4479/4781/4191 4581/4765/4180 3784/4764/4179
f 3755/4782/3911 4571/4783/4192 4883/4784/4193
f 3755/4782/3911 4883/4784/4193 4436/4785/4194
f 4571/4783/4192 3847/4706/4134 4595/4705/4133
f 4571/4783/4192 4595/4705/4133 4883/4784/4193
f 4883/4784/4193 4595/4705/4133 3849/4707/4135
f 4883/4784/4193 3849/4707/4135 4573/4775/4187
f 4436/4785/4194 4883/4784/4193 4573/4775/4187
f 4436/4785/4194 4573/4775/4187 3765/4774/3913
f 3826/4786/4195 4570/4787/4196 4884/4788/4197
f 3826/4786/4195 4884/4788/4197 4505/4789/4198
f 4570/4787/4196 3846/4533/3989 4596/4682/4118
f 4570/4787/4196 4596/4682/4118 4884/4788/4197
f 4884/4788/4197 4596/4682/4118 3856/4704/4132
f 4884/4788/4197 3856/4704/4132 4580/4757/4173
f 4505/4789/4198 4884/4788/4197 4580/4757/4173
f 4505/4789/4198 4580/4757/4173 3789/4756/4172
f 3772/4779/3937 4584/4778/4189 4885/4790/4199
f 3772/4779/3937 4885/4790/4199 4460/4791/4200
f 4584/4778/4189 3860/4576/4029 4597/4575/4028
f 4584/4778/4189 4597/4575/4028 4885/4790/4199
f 4885/4790/4199 4597/4575/4028 3858/4681/4116
f 4885/4790/4199 3858/4681/4116 4582/4792/4201
f 4460/4791/4200 4885/4790/4199 4582/4792/4201
f 4460/4791/4200 4582/4792/4201 3780/4793/4202
f 3870/4794/4203 4615/4795/4204 4886/4796/4205
f 3870/4794/4203 4886/4796/4205 4550/4797/4206
f 4615/4795/4204 3875/4541/3997 4598/4540/3996
f 4615/4795/4204 4598/4540/3996 4886/4796/4205
f 4886/4796/4205 4598/4540/3996 3855/4572/4027
f 4886/4796/4205 3855/4572/4027 4579/4740/4156
f 4550/4797/4206 4886/4796/4205 4579/4740/4156
f 4550/4797/4206 4579/4740/4156 3792/4739/4045
f 3797/4798/4207 4577/4799/4208 4887/4746/4162
f 3797/4798/4207 4887/4746/4162 4500/4749/4165
f 4577/4799/4208 3853/4537/3993 4599/4536/3992
f 4577/4799/4208 4599/4536/3992 4887/4746/4162
f 4599/4536/3992 4587/4542/3998 4876/4747/4163
f 4599/4536/3992 4876/4747/4163 4887/4746/4162
f 3780/4793/4202 4582/4792/4201 4888/4800/4209
f 3780/4793/4202 4888/4800/4209 4475/4801/4210
f 4582/4792/4201 3858/4681/4116 4600/4530/3988
f 4582/4792/4201 4600/4530/3988 4888/4800/4209
f 4888/4800/4209 4600/4530/3988 3846/4533/3989
f 4888/4800/4209 3846/4533/3989 4570/4787/4196
f 4475/4801/4210 4888/4800/4209 4570/4787/4196
f 4475/4801/4210 4570/4787/4196 3826/4786/4195
f 3803/4802/4211 4575/4803/4212 4889/4804/4213
f 3803/4802/4211 4889/4804/4213 4609/4805/4214
f 4575/4803/4212 3851/4806/4001 4614/4807/4215
f 4575/4803/4212 4614/4807/4215 4889/4804/4213
f 4889/4804/4213 4614/4807/4215 3875/4541/3997
f 4889/4804/4213 3875/4541/3997 4615/4795/4204
f 4609/4805/4214 4889/4804/4213 4615/4795/4204
f 4609/4805/4214 4615/4795/4204 3870/4794/4203
f 3799/4808/4216 4606/4809/4217 4890/4810/4218
f 3799/4808/4216 4890/4810/4218 4578/4811/4208
f 4606/4809/4217 3867/4752/4168 4616/4755/4171
f 4606/4809/4217 4616/4755/4171 4890/4810/4218
f 4890/4810/4218 4616/4755/4171 3874/4745/4161
f 4890/4810/4218 3874/4745/4161 4588/4759/4175
f 4578/4811/4208 4890/4810/4218 4588/4759/4175
f 4578/4811/4208 4588/4759/4175 3854/4812/3993
f 3838/4813/4000 4601/4814/4219 4614/4807/4215
f 3838/4813/4000 4614/4807/4215 3851/4806/4001
f 4588/4759/4175 4543/4758/4174 3837/4815/3990
f 4588/4759/4175 3837/4815/3990 3854/4812/3993
f 3837/4815/3990 4543/4758/4174 4891/4816/4220
f 3837/4815/3990 4891/4816/4220 4562/4817/4076
f 4543/4758/4174 3863/4741/4157 4617/4743/4159
f 4543/4758/4174 4617/4743/4159 4891/4816/4220
f 4891/4816/4220 4617/4743/4159 3873/4554/4010
f 4891/4816/4220 3873/4554/4010 4553/4557/4013
f 4562/4817/4076 4891/4816/4220 4553/4557/4013
f 4562/4817/4076 4553/4557/4013 3817/4562/4018
f 3838/4813/4000 4563/4818/4221 4892/4819/4222
f 3838/4813/4000 4892/4819/4222 4601/4814/4219
f 4563/4818/4221 3818/4462/3920 4552/4461/3919
f 4563/4818/4221 4552/4461/3919 4892/4819/4222
f 4892/4819/4222 4552/4461/3919 3872/4460/3918
f 4892/4819/4222 3872/4460/3918 4618/4634/4079
f 4601/4814/4219 4892/4819/4222 4618/4634/4079
f 4601/4814/4219 4618/4634/4079 3862/4538/3994
f 3787/4614/4066 4499/4612/4064 4893/4820/4223
f 3787/4614/4066 4893/4820/4223 4604/4821/4224
f 4893/4820/4223 4896/4822/4225 4622/4563/4019
f 4893/4820/4223 4622/4563/4019 4619/4570/4025
f 4895/4823/4226 4894/4824/4227 4471/4525/3983
f 4895/4823/4226 4471/4525/3983 4498/4524/3982
f 4604/4821/4224 4893/4820/4223 4619/4570/4025
f 4604/4821/4224 4619/4570/4025 3865/4622/4072
f 3793/4592/4045 4471/4525/3983 4894/4824/4227
f 3793/4592/4045 4894/4824/4227 4551/4825/4228
f 4551/4825/4228 4894/4824/4227 4620/4586/4039
f 4551/4825/4228 4620/4586/4039 3871/4585/4038
f 4895/4823/4226 4621/4581/4034 4620/4586/4039
f 4895/4823/4226 4620/4586/4039 4894/4824/4227
f 4498/4524/3982 3788/4529/3987 4546/4826/4229
f 4498/4524/3982 4546/4826/4229 4895/4823/4226
f 4895/4823/4226 4546/4826/4229 3866/4582/4035
f 4895/4823/4226 3866/4582/4035 4621/4581/4034
f 3832/4626/3812 4554/4531/3812 4600/4530/3988
f 3832/4626/3812 4600/4530/3988 3858/4681/4116
f 4614/4807/4215 4601/4814/4219 3862/4538/3994
f 4614/4807/4215 3862/4538/3994 3875/4541/3997
f 4472/4502/3960 3790/4501/3959 4607/4827/4230
f 4472/4502/3960 4607/4827/4230 4896/4822/4225
f 4896/4822/4225 4607/4827/4230 3868/4564/4020
f 4896/4822/4225 3868/4564/4020 4622/4563/4019
f 4499/4612/4064 4472/4502/3960 4896/4822/4225
f 4499/4612/4064 4896/4822/4225 4893/4820/4223
f 3814/4511/3969 4516/4510/3968 4897/4828/4231
f 3814/4511/3969 4897/4828/4231 4612/4744/4160
f 4516/4510/3968 3786/4509/3967 4603/4829/4224
f 4516/4510/3968 4603/4829/4224 4897/4828/4231
f 4897/4828/4231 4603/4829/4224 3864/4558/4014
f 4897/4828/4231 3864/4558/4014 4623/4555/4011
f 4612/4744/4160 4897/4828/4231 4623/4555/4011
f 4612/4744/4160 4623/4555/4011 3873/4554/4010
f 3791/4646/4091 4517/4645/4090 4898/4830/4232
f 3791/4646/4091 4898/4830/4232 4608/4831/4230
f 4517/4645/4090 3815/4637/4082 4611/4636/4081
f 4517/4645/4090 4611/4636/4081 4898/4830/4232
f 4898/4830/4232 4611/4636/4081 3872/4460/3918
f 4898/4830/4232 3872/4460/3918 4624/4457/3915
f 4608/4831/4230 4898/4830/4232 4624/4457/3915
f 4608/4831/4230 4624/4457/3915 3869/4456/3914
f 4933/4832/4233 4943/4833/4234 4912/4834/4235
f 4933/4832/4233 4912/4834/4235 4900/4835/4236
f 4949/4836/4237 4959/4837/4238 4944/4838/4239
f 4949/4836/4237 4944/4838/4239 4932/4839/4240
f 4917/4840/4241 4927/4841/4242 4960/4842/4243
f 4917/4840/4241 4960/4842/4243 4948/4843/4244
f 4901/4844/4245 4911/4845/4246 4928/4846/4247
f 4901/4844/4245 4928/4846/4247 4916/4847/4248
f 4899/4848/4249 4902/4849/4250 4904/4850/4251
f 4899/4848/4249 4904/4850/4251 4909/4851/4252
f 4900/4835/4236 4907/4852/4253 4905/4853/4254
f 4900/4835/4236 4905/4853/4254 4903/4854/4255
f 4901/4844/4245 4910/4855/4252 4906/4856/4254
f 4901/4844/4245 4906/4856/4254 4908/4857/4256
f 4915/4858/4257 4918/4859/4258 4921/4860/4259
f 4915/4858/4257 4921/4860/4259 4926/4861/4260
f 4916/4847/4248 4924/4862/4261 4922/4863/4259
f 4916/4847/4248 4922/4863/4259 4919/4864/4262
f 4917/4840/4241 4925/4865/4263 4920/4866/4264
f 4917/4840/4241 4920/4866/4264 4923/4867/4265
f 4931/4868/4266 4934/4869/4267 4937/4870/4268
f 4931/4868/4266 4937/4870/4268 4942/4871/4269
f 4932/4839/4240 4940/4872/4270 4938/4873/4271
f 4932/4839/4240 4938/4873/4271 4935/4874/4272
f 4933/4832/4233 4941/4875/4273 4936/4876/4274
f 4933/4832/4233 4936/4876/4274 4939/4877/4275
f 4947/4878/4276 4950/4879/4277 4952/4880/4278
f 4947/4878/4276 4952/4880/4278 4957/4881/4279
f 4948/4843/4244 4955/4882/4280 4953/4883/4278
f 4948/4843/4244 4953/4883/4278 4951/4884/4281
f 4949/4836/4237 4958/4885/4282 4954/4886/4278
f 4949/4836/4237 4954/4886/4278 4956/4887/4283
f 4915/4858/4257 4899/4848/4249 4909/4851/4252
f 4915/4858/4257 4909/4851/4252 4918/4859/4258
f 4919/4864/4262 4910/4855/4252 4901/4844/4245
f 4919/4864/4262 4901/4844/4245 4916/4847/4248
f 4900/4835/4236 4912/4834/4235 4913/4888/4284
f 4900/4835/4236 4913/4888/4284 4907/4852/4253
f 4908/4857/4256 4914/4889/4285 4911/4845/4246
f 4908/4857/4256 4911/4845/4246 4901/4844/4245
f 4927/4841/4242 4917/4840/4241 4923/4867/4265
f 4927/4841/4242 4923/4867/4265 4929/4890/4286
f 4930/4891/4287 4924/4862/4261 4916/4847/4248
f 4930/4891/4287 4916/4847/4248 4928/4846/4247
f 4947/4878/4276 4915/4858/4257 4926/4861/4260
f 4947/4878/4276 4926/4861/4260 4950/4879/4277
f 4951/4884/4281 4925/4865/4263 4917/4840/4241
f 4951/4884/4281 4917/4840/4241 4948/4843/4244
f 4959/4837/4238 4949/4836/4237 4956/4887/4283
f 4959/4837/4238 4956/4887/4283 4962/4892/4288
f 4961/4893/4289 4955/4882/4280 4948/4843/4244
f 4961/4893/4289 4948/4843/4244 4960/4842/4243
f 4931/4868/4266 4947/4878/4276 4957/4881/4279
f 4931/4868/4266 4957/4881/4279 4934/4869/4267
f 4935/4874/4272 4958/4885/4282 4949/4836/4237
f 4935/4874/4272 4949/4836/4237 4932/4839/4240
f 4943/4833/4234 4933/4832/4233 4939/4877/4275
f 4943/4833/4234 4939/4877/4275 4945/4894/4290
f 4946/4895/4291 4940/4872/4270 4932/4839/4240
f 4946/4895/4291 4932/4839/4240 4944/4838/4239
f 4899/4848/4249 4931/4868/4266 4942/4871/4269
f 4899/4848/4249 4942/4871/4269 4902/4849/4250
f 4903/4854/4255 4941/4875/4273 4933/4832/4233
f 4903/4854/4255 4933/4832/4233 4900/4835/4236
f 4915/4858/4257 4947/4878/4276 4931/4868/4266
f 4915/4858/4257 4931/4868/4266 4899/4848/4249
f 4997/4896/4292 5007/4897/4293 4976/4898/4294
f 4997/4896/4292 4976/4898/4294 4964/4899/4295
f 5013/4900/4296 5023/4901/4297 5008/4902/4298
f 5013/4900/4296 5008/4902/4298 4996/4903/4299
f 4981/4904/4300 4991/4905/4301 5024/4906/4302
f 4981/4904/4300 5024/4906/4302 5012/4907/4303
f 4965/4908/4304 4975/4909/4305 4992/4910/4306
f 4965/4908/4304 4992/4910/4306 4980/4911/4307
f 4963/4912/4308 4967/4913/4309 4970/4914/4310
f 4963/4912/4308 4970/4914/4310 4973/4915/4311
f 4964/4899/4295 4971/4916/4312 4968/4917/4313
f 4964/4899/4295 4968/4917/4313 4966/4918/4314
f 4965/4908/4304 4974/4919/4315 4969/4920/4313
f 4965/4908/4304 4969/4920/4313 4972/4921/4312
f 4979/4922/4316 4982/4923/4317 4984/4924/4318
f 4979/4922/4316 4984/4924/4318 4989/4925/4319
f 4980/4911/4307 4988/4926/4320 4986/4927/4318
f 4980/4911/4307 4986/4927/4318 4983/4928/4321
f 4981/4904/4300 4990/4929/4322 4985/4930/4318
f 4981/4904/4300 4985/4930/4318 4987/4931/4323
f 4995/4932/4324 4998/4933/4325 5000/4934/4326
f 4995/4932/4324 5000/4934/4326 5005/4935/4327
f 4996/4903/4299 5004/4936/4328 5002/4937/4326
f 4996/4903/4299 5002/4937/4326 4999/4938/4329
f 4997/4896/4292 5006/4939/4330 5001/4940/4326
f 4997/4896/4292 5001/4940/4326 5003/4941/4331
f 5011/4942/4332 5015/4943/4333 5018/4944/4334
f 5011/4942/4332 5018/4944/4334 5021/4945/4335
f 5012/4907/4303 5019/4946/4336 5016/4947/4334
f 5012/4907/4303 5016/4947/4334 5014/4948/4337
f 5013/4900/4296 5022/4949/4338 5017/4950/4339
f 5013/4900/4296 5017/4950/4339 5020/4951/4340
f 4979/4922/4316 4963/4912/4308 4973/4915/4311
f 4979/4922/4316 4973/4915/4311 4982/4923/4317
f 4983/4928/4321 4974/4919/4315 4965/4908/4304
f 4983/4928/4321 4965/4908/4304 4980/4911/4307
f 4964/4899/4295 4976/4898/4294 4977/4952/4341
f 4964/4899/4295 4977/4952/4341 4971/4916/4312
f 4972/4921/4312 4978/4953/4342 4975/4909/4305
f 4972/4921/4312 4975/4909/4305 4965/4908/4304
f 4991/4905/4301 4981/4904/4300 4987/4931/4323
f 4991/4905/4301 4987/4931/4323 4994/4954/4343
f 4993/4955/4344 4988/4926/4320 4980/4911/4307
f 4993/4955/4344 4980/4911/4307 4992/4910/4306
f 5011/4942/4332 4979/4922/4316 4989/4925/4319
f 5011/4942/4332 4989/4925/4319 5015/4943/4333
f 5014/4948/4337 4990/4929/4322 4981/4904/4300
f 5014/4948/4337 4981/4904/4300 5012/4907/4303
f 5023/4901/4297 5013/4900/4296 5020/4951/4340
f 5023/4901/4297 5020/4951/4340 5026/4956/4345
f 5025/4957/4345 5019/4946/4336 5012/4907/4303
f 5025/4957/4345 5012/4907/4303 5024/4906/4302
f 4995/4932/4324 5011/4942/4332 5021/4945/4335
f 4995/4932/4324 5021/4945/4335 4998/4933/4325
f 4999/4938/4329 5022/4949/4338 5013/4900/4296
f 4999/4938/4329 5013/4900/4296 4996/4903/4299
f 5007/4897/4293 4997/4896/4292 5003/4941/4331
f 5007/4897/4293 5003/4941/4331 5010/4958/4346
f 5009/4959/4346 5004/4936/4328 4996/4903/4299
f 5009/4959/4346 4996/4903/4299 5008/4902/4298
f 4963/4912/4308 4995/4932/4324 5005/4935/4327
f 4963/4912/4308 5005/4935/4327 4967/4913/4309
f 4966/4918/4314 5006/4939/4330 4997/4896/4292
f 4966/4918/4314 4997/4896/4292 4964/4899/4295
f 4979/4922/4316 5011/4942/4332 4995/4932/4324
f 4979/4922/4316 4995/4932/4324 4963/4912/4308
f 5061/4960/4347 5071/4961/4348 5040/4962/4349
f 5061/4960/4347 5040/4962/4349 5028/4963/4350
f 5077/4964/4351 5087/4965/4352 5072/4966/4353
f 5077/4964/4351 5072/4966/4353 5060/4967/4354
f 5045/4968/4355 5055/4969/4356 5088/4970/4357
f 5045/4968/4355 5088/4970/4357 5076/4971/4358
f 5029/4972/4359 5039/4973/4360 5056/4974/4361
f 5029/4972/4359 5056/4974/4361 5044/4975/4362
f 5027/4976/4363 5030/4977/4364 5032/4978/4365
f 5027/4976/4363 5032/4978/4365 5037/4979/4366
f 5028/4963/4350 5036/4980/4367 5034/4981/4368
f 5028/4963/4350 5034/4981/4368 5031/4982/4369
f 5029/4972/4359 5038/4983/4370 5033/4984/4365
f 5029/4972/4359 5033/4984/4365 5035/4985/4371
f 5043/4986/4372 5047/4987/4373 5049/4988/4374
f 5043/4986/4372 5049/4988/4374 5053/4989/4375
f 5044/4975/4362 5051/4990/4376 5048/4991/4374
f 5044/4975/4362 5048/4991/4374 5046/4992/4377
f 5045/4968/4355 5054/4993/4378 5050/4994/4379
f 5045/4968/4355 5050/4994/4379 5052/4995/4380
f 5059/4996/4381 5062/4997/4382 5065/4998/4383
f 5059/4996/4381 5065/4998/4383 5069/4999/4384
f 5060/4967/4354 5068/5000/4385 5066/5001/4383
f 5060/4967/4354 5066/5001/4383 5063/5002/4386
f 5061/4960/4347 5070/5003/4387 5064/5004/4383
f 5061/4960/4347 5064/5004/4383 5067/5005/4388
f 5075/5006/4389 5078/5007/4390 5080/5008/4391
f 5075/5006/4389 5080/5008/4391 5085/5009/4392
f 5076/4971/4358 5083/5010/4393 5081/5011/4391
f 5076/4971/4358 5081/5011/4391 5079/5012/4394
f 5077/4964/4351 5086/5013/4395 5082/5014/4396
f 5077/4964/4351 5082/5014/4396 5084/5015/4393
f 5043/4986/4372 5027/4976/4363 5037/4979/4366
f 5043/4986/4372 5037/4979/4366 5047/4987/4373
f 5046/4992/4377 5038/4983/4370 5029/4972/4359
f 5046/4992/4377 5029/4972/4359 5044/4975/4362
f 5028/4963/4350 5040/4962/4349 5041/5016/4397
f 5028/4963/4350 5041/5016/4397 5036/4980/4367
f 5035/4985/4371 5042/5017/4398 5039/4973/4360
f 5035/4985/4371 5039/4973/4360 5029/4972/4359
f 5055/4969/4356 5045/4968/4355 5052/4995/4380
f 5055/4969/4356 5052/4995/4380 5058/5018/4399
f 5057/5019/4400 5051/4990/4376 5044/4975/4362
f 5057/5019/4400 5044/4975/4362 5056/4974/4361
f 5075/5006/4389 5043/4986/4372 5053/4989/4375
f 5075/5006/4389 5053/4989/4375 5078/5007/4390
f 5079/5012/4394 5054/4993/4378 5045/4968/4355
f 5079/5012/4394 5045/4968/4355 5076/4971/4358
f 5087/4965/4352 5077/4964/4351 5084/5015/4393
f 5087/4965/4352 5084/5015/4393 5089/5020/4401
f 5090/5021/4402 5083/5010/4393 5076/4971/4358
f 5090/5021/4402 5076/4971/4358 5088/4970/4357
f 5059/4996/4381 5075/5006/4389 5085/5009/4392
f 5059/4996/4381 5085/5009/4392 5062/4997/4382
f 5063/5002/4386 5086/5013/4395 5077/4964/4351
f 5063/5002/4386 5077/4964/4351 5060/4967/4354
f 5071/4961/4348 5061/4960/4347 5067/5005/4388
f 5071/4961/4348 5067/5005/4388 5073/5022/4403
f 5074/5023/4404 5068/5000/4385 5060/4967/4354
f 5074/5023/4404 5060/4967/4354 5072/4966/4353
f 5027/4976/4363 5059/4996/4381 5069/4999/4384
f 5027/4976/4363 5069/4999/4384 5030/4977/4364
f 5031/4982/4369 5070/5003/4387 5061/4960/4347
f 5031/4982/4369 5061/4960/4347 5028/4963/4350
f 5043/4986/4372 5075/5006/4389 5059/4996/4381
f 5043/4986/4372 5059/4996/4381 5027/4976/4363
f 5125/5024/4405 5135/5025/4406 5104/5026/4407
f 5125/5024/4405 5104/5026/4407 5092/5027/4408
f 5141/5028/4409 5151/5029/4410 5136/5030/4411
f 5141/5028/4409 5136/5030/4411 5124/5031/4412
f 5109/5032/4413 5119/5033/4414 5152/5034/4415
f 5109/5032/4413 5152/5034/4415 5140/5035/4416
f 5093/5036/4417 5103/5037/4418 5120/5038/4419
f 5093/5036/4417 5120/5038/4419 5108/5039/4420
f 5091/5040/4421 5095/5041/4422 5097/5042/4423
f 5091/5040/4421 5097/5042/4423 5102/5043/4424
f 5092/5027/4408 5099/5044/4425 5096/5045/4423
f 5092/5027/4408 5096/5045/4423 5094/5046/4426
f 5093/5036/4417 5101/5047/4424 5098/5048/4423
f 5093/5036/4417 5098/5048/4423 5100/5049/4425
f 5107/5050/4427 5111/5051/4428 5114/5052/4429
f 5107/5050/4427 5114/5052/4429 5118/5053/4430
f 5108/5039/4420 5115/5054/4431 5112/5055/4432
f 5108/5039/4420 5112/5055/4432 5110/5056/4433
f 5109/5032/4413 5117/5057/4434 5113/5058/4429
f 5109/5032/4413 5113/5058/4429 5116/5059/4435
f 5123/5060/4436 5127/5061/4437 5130/5062/4438
f 5123/5060/4436 5130/5062/4438 5134/5063/4439
f 5124/5031/4412 5132/5064/4440 5129/5065/4438
f 5124/5031/4412 5129/5065/4438 5126/5066/4441
f 5125/5024/4405 5133/5067/4442 5128/5068/4438
f 5125/5024/4405 5128/5068/4438 5131/5069/4443
f 5139/5070/4444 5142/5071/4445 5145/5072/4446
f 5139/5070/4444 5145/5072/4446 5150/5073/4447
f 5140/5035/4416 5148/5074/4448 5146/5075/4446
f 5140/5035/4416 5146/5075/4446 5143/5076/4449
f 5141/5028/4409 5149/5077/4447 5144/5078/4450
f 5141/5028/4409 5144/5078/4450 5147/5079/4451
f 5107/5050/4427 5091/5040/4421 5102/5043/4424
f 5107/5050/4427 5102/5043/4424 5111/5051/4428
f 5110/5056/4433 5101/5047/4424 5093/5036/4417
f 5110/5056/4433 5093/5036/4417 5108/5039/4420
f 5092/5027/4408 5104/5026/4407 5105/5080/4452
f 5092/5027/4408 5105/5080/4452 5099/5044/4425
f 5100/5049/4425 5106/5081/4452 5103/5037/4418
f 5100/5049/4425 5103/5037/4418 5093/5036/4417
f 5119/5033/4414 5109/5032/4413 5116/5059/4435
f 5119/5033/4414 5116/5059/4435 5121/5082/4453
f 5122/5083/4454 5115/5054/4431 5108/5039/4420
f 5122/5083/4454 5108/5039/4420 5120/5038/4419
f 5139/5070/4444 5107/5050/4427 5118/5053/4430
f 5139/5070/4444 5118/5053/4430 5142/5071/4445
f 5143/5076/4449 5117/5057/4434 5109/5032/4413
f 5143/5076/4449 5109/5032/4413 5140/5035/4416
f 5151/5029/4410 5141/5028/4409 5147/5079/4451
f 5151/5029/4410 5147/5079/4451 5153/5084/4455
f 5154/5085/4456 5148/5074/4448 5140/5035/4416
f 5154/5085/4456 5140/5035/4416 5152/5034/4415
f 5123/5060/4436 5139/5070/4444 5150/5073/4447
f 5123/5060/4436 5150/5073/4447 5127/5061/4437
f 5126/5066/4441 5149/5077/4447 5141/5028/4409
f 5126/5066/4441 5141/5028/4409 5124/5031/4412
f 5135/5025/4406 5125/5024/4405 5131/5069/4443
f 5135/5025/4406 5131/5069/4443 5138/5086/4457
f 5137/5087/4458 5132/5064/4440 5124/5031/4412
f 5137/5087/4458 5124/5031/4412 5136/5030/4411
f 5091/5040/4421 5123/5060/4436 5134/5063/4439
f 5091/5040/4421 5134/5063/4439 5095/5041/4422
f 5094/5046/4426 5133/5067/4442 5125/5024/4405
f 5094/5046/4426 5125/5024/4405 5092/5027/4408
f 5107/5050/4427 5139/5070/4444 5123/5060/4436
f 5107/5050/4427 5123/5060/4436 5091/5040/4421
o Object_6
v -0.235367 1.734941 0.198649
v -0.235367 1.734941 0.198649
v -0.235367 1.734941 0.198649
v -0.235367 1.747387 0.198649
v -0.235367 1.747387 0.198649
v -0.225813 1.734941 0.182100
v -0.225813 1.734941 0.182100
v -0.225813 1.734941 0.182100
v -0.225813 1.747387 0.182100
v -0.225813 1.747387 0.182100
v -0.206704 1.734941 0.182100
v -0.206704 1.734941 0.182100
v -0.206704 1.734941 0.182100
v -0.206704 1.747387 0.182100
v -0.206704 1.747387 0.182100
v -0.197150 1.734941 0.198649
v -0.197150 1.734941 0.198649
v -0.197150 1.734941 0.198649
v -0.197150 1.747387 0.198649
v -0.197150 1.747387 0.198649
v -0.206704 1.734941 0.215197
v -0.206704 1.734941 0.215197
v -0.206704 1.734941 0.215197
v -0.206704 1.747387 0.215197
v -0.206704 1.747387 0.215197
v -0.225813 1.734941 0.215197
v -0.225813 1.734941 0.215197
v -0.225813 1.734941 0.215197
v -0.225813 1.747387 0.215197
v -0.225813 1.747387 0.215197
v -0.224075 1.723192 0.198649
v -0.224075 1.723192 0.198649
v -0.224075 1.734960 0.198649
v -0.223480 1.723192 0.195657
v -0.223480 1.723192 0.195657
v -0.223480 1.734960 0.195657
v -0.221786 1.723192 0.193121
v -0.221786 1.723192 0.193121
v -0.221786 1.734960 0.193121
v -0.219250 1.723192 0.191427
v -0.219250 1.723192 0.191427
v -0.219250 1.734960 0.191427
v -0.216258 1.723192 0.190832
v -0.216258 1.723192 0.190832
v -0.216258 1.734960 0.190832
v -0.213267 1.723192 0.191427
v -0.213267 1.723192 0.191427
v -0.213267 1.734960 0.191427
v -0.210731 1.723192 0.193121
v -0.210731 1.723192 0.193121
v -0.210731 1.734960 0.193121
v -0.209037 1.723192 0.195657
v -0.209037 1.723192 0.195657
v -0.209037 1.734960 0.195657
v -0.208441 1.723192 0.198649
v -0.208441 1.723192 0.198649
v -0.208441 1.734960 0.198649
v -0.209037 1.723192 0.201640
v -0.209037 1.723192 0.201640
v -0.209037 1.734960 0.201640
v -0.210731 1.723192 0.204176
v -0.210731 1.723192 0.204176
v -0.210731 1.734960 0.204176
v -0.213267 1.723192 0.205871
v -0.213267 1.723192 0.205871
v -0.213267 1.734960 0.205871
v -0.216258 1.723192 0.206466
v -0.216258 1.723192 0.206466
v -0.216258 1.734960 0.206466
v -0.219250 1.723192 0.205871
v -0.219250 1.723192 0.205871
v -0.219250 1.734960 0.205871
v -0.221786 1.723192 0.204176
v -0.221786 1.723192 0.204176
v -0.221786 1.734960 0.204176
v -0.223480 1.723192 0.201640
v -0.223480 1.723192 0.201640
v -0.223480 1.723192 0.201640
v -0.223480 1.734960 0.201640
v -0.223480 1.734960 0.201640
v -0.254294 1.750350 0.198649
v -0.254294 1.750350 0.198649
v -0.254294 1.752567 0.198649
v -0.252432 1.750350 0.186895
v -0.252432 1.750350 0.186895
v -0.252432 1.752567 0.186895
v -0.247030 1.750350 0.176292
v -0.247030 1.750350 0.176292
v -0.247030 1.752567 0.176292
v -0.238615 1.750350 0.167878
v -0.238615 1.750350 0.167878
v -0.238615 1.752567 0.167878
v -0.228012 1.750350 0.162475
v -0.228012 1.750350 0.162475
v -0.228012 1.752567 0.162475
v -0.216259 1.750350 0.160614
v -0.216259 1.750350 0.160614
v -0.216259 1.752567 0.160614
v -0.204505 1.750350 0.162475
v -0.204505 1.750350 0.162475
v -0.204505 1.752567 0.162475
v -0.193902 1.750350 0.167878
v -0.193902 1.750350 0.167878
v -0.193902 1.752567 0.167878
v -0.185487 1.750350 0.176292
v -0.185487 1.750350 0.176292
v -0.185487 1.752567 0.176292
v -0.180085 1.750350 0.186895
v -0.180085 1.750350 0.186895
v -0.180085 1.752567 0.186895
v -0.178223 1.750350 0.198649
v -0.178223 1.750350 0.198649
v -0.178223 1.752567 0.198649
v -0.180085 1.750350 0.210402
v -0.180085 1.750350 0.210402
v -0.180085 1.752567 0.210402
v -0.185488 1.750350 0.221005
v -0.185488 1.750350 0.221005
v -0.185488 1.752567 0.221005
v -0.193902 1.750350 0.229420
v -0.193902 1.750350 0.229420
v -0.193902 1.752567 0.229420
v -0.204505 1.750350 0.234822
v -0.204505 1.750350 0.234822
v -0.204505 1.752567 0.234822
v -0.216259 1.750350 0.236684
v -0.216259 1.750350 0.236684
v -0.216259 1.752567 0.236684
v -0.228012 1.750350 0.234822
v -0.228012 1.750350 0.234822
v -0.228012 1.752567 0.234822
v -0.238615 1.750350 0.229420
v -0.238615 1.750350 0.229420
v -0.238615 1.752567 0.229420
v -0.247030 1.750350 0.221005
v -0.247030 1.750350 0.221005
v -0.247030 1.750350 0.221005
v -0.247030 1.752567 0.221005
v -0.247030 1.752567 0.221005
v -0.252432 1.750350 0.210402
v -0.252432 1.750350 0.210402
v -0.252432 1.752567 0.210402
v -0.242941 1.747736 0.198649
v -0.242941 1.747736 0.198649
v -0.242941 1.750419 0.198649
v -0.241635 1.747736 0.190403
v -0.241635 1.747736 0.190403
v -0.241635 1.750419 0.190403
v -0.237845 1.747736 0.182965
v -0.237845 1.747736 0.182965
v -0.237845 1.750419 0.182965
v -0.231942 1.747736 0.177062
v -0.231942 1.747736 0.177062
v -0.231942 1.750419 0.177062
v -0.224504 1.747736 0.173272
v -0.224504 1.747736 0.173272
v -0.224504 1.750419 0.173272
v -0.216259 1.747736 0.171966
v -0.216259 1.747736 0.171966
v -0.216259 1.750419 0.171966
v -0.208013 1.747736 0.173272
v -0.208013 1.747736 0.173272
v -0.208013 1.750419 0.173272
v -0.200575 1.747736 0.177062
v -0.200575 1.747736 0.177062
v -0.200575 1.750419 0.177062
v -0.194672 1.747736 0.182965
v -0.194672 1.747736 0.182965
v -0.194672 1.750419 0.182965
v -0.190882 1.747736 0.190403
v -0.190882 1.747736 0.190403
v -0.190882 1.750419 0.190403
v -0.189576 1.747736 0.198649
v -0.189576 1.747736 0.198649
v -0.189576 1.750419 0.198649
v -0.190882 1.747736 0.206894
v -0.190882 1.747736 0.206894
v -0.190882 1.750419 0.206894
v -0.194672 1.747736 0.214332
v -0.194672 1.747736 0.214332
v -0.194672 1.750419 0.214332
v -0.200575 1.747736 0.220236
v -0.200575 1.747736 0.220236
v -0.200575 1.750419 0.220236
v -0.208013 1.747736 0.224026
v -0.208013 1.747736 0.224026
v -0.208013 1.750419 0.224026
v -0.216259 1.747736 0.225331
v -0.216259 1.747736 0.225331
v -0.216259 1.750419 0.225331
v -0.224504 1.747736 0.224026
v -0.224504 1.747736 0.224026
v -0.224504 1.750419 0.224026
v -0.231942 1.747736 0.220236
v -0.231942 1.747736 0.220236
v -0.231942 1.750419 0.220236
v -0.237845 1.747736 0.214332
v -0.237845 1.747736 0.214332
v -0.237845 1.747736 0.214332
v -0.237845 1.750419 0.214332
v -0.237845 1.750419 0.214332
v -0.241635 1.747736 0.206894
v -0.241635 1.747736 0.206894
v -0.241635 1.750419 0.206894
v 0.281756 1.734941 -0.197282
v 0.281756 1.734941 -0.197282
v 0.281756 1.734941 -0.197282
v 0.281756 1.747387 -0.197282
v 0.281756 1.747387 -0.197282
v 0.263289 1.734941 -0.192375
v 0.263289 1.734941 -0.192375
v 0.263289 1.734941 -0.192375
v 0.263289 1.747387 -0.192375
v 0.263289 1.747387 -0.192375
v 0.258304 1.734941 -0.173928
v 0.258304 1.734941 -0.173928
v 0.258304 1.734941 -0.173928
v 0.258304 1.747387 -0.173928
v 0.258304 1.747387 -0.173928
v 0.271787 1.734941 -0.160388
v 0.271787 1.734941 -0.160388
v 0.271787 1.734941 -0.160388
v 0.271787 1.747387 -0.160388
v 0.271787 1.747387 -0.160388
v 0.290254 1.734941 -0.165294
v 0.290254 1.734941 -0.165294
v 0.290254 1.734941 -0.165294
v 0.290254 1.747387 -0.165294
v 0.290254 1.747387 -0.165294
v 0.295239 1.734941 -0.183741
v 0.295239 1.734941 -0.183741
v 0.295239 1.734941 -0.183741
v 0.295239 1.747387 -0.183741
v 0.295239 1.747387 -0.183741
v 0.278811 1.723192 -0.186381
v 0.278811 1.723192 -0.186381
v 0.278811 1.734960 -0.186381
v 0.275768 1.723192 -0.186587
v 0.275768 1.723192 -0.186587
v 0.275768 1.734960 -0.186587
v 0.272877 1.723192 -0.185613
v 0.272877 1.723192 -0.185613
v 0.272877 1.734960 -0.185613
v 0.270580 1.723192 -0.183607
v 0.270580 1.723192 -0.183607
v 0.270580 1.734960 -0.183607
v 0.269225 1.723192 -0.180874
v 0.269225 1.723192 -0.180874
v 0.269225 1.734960 -0.180874
v 0.269019 1.723192 -0.177831
v 0.269019 1.723192 -0.177831
v 0.269019 1.734960 -0.177831
v 0.269993 1.723192 -0.174941
v 0.269993 1.723192 -0.174941
v 0.269993 1.734960 -0.174941
v 0.272000 1.723192 -0.172643
v 0.272000 1.723192 -0.172643
v 0.272000 1.734960 -0.172643
v 0.274732 1.723192 -0.171288
v 0.274732 1.723192 -0.171288
v 0.274732 1.734960 -0.171288
v 0.277775 1.723192 -0.171082
v 0.277775 1.723192 -0.171082
v 0.277775 1.734960 -0.171082
v 0.280666 1.723192 -0.172057
v 0.280666 1.723192 -0.172057
v 0.280666 1.734960 -0.172057
v 0.282963 1.723192 -0.174063
v 0.282963 1.723192 -0.174063
v 0.282963 1.734960 -0.174063
v 0.284318 1.723192 -0.176795
v 0.284318 1.723192 -0.176795
v 0.284318 1.734960 -0.176795
v 0.284524 1.723192 -0.179838
v 0.284524 1.723192 -0.179838
v 0.284524 1.723192 -0.179838
v 0.284524 1.734960 -0.179838
v 0.284524 1.734960 -0.179838
v 0.283550 1.723192 -0.182729
v 0.283550 1.723192 -0.182729
v 0.283550 1.734960 -0.182729
v 0.281543 1.723192 -0.185026
v 0.281543 1.723192 -0.185026
v 0.281543 1.734960 -0.185026
v 0.286694 1.750350 -0.215553
v 0.286694 1.750350 -0.215553
v 0.286694 1.752567 -0.215553
v 0.274862 1.750350 -0.216822
v 0.274862 1.750350 -0.216822
v 0.274862 1.752567 -0.216822
v 0.263216 1.750350 -0.214373
v 0.263216 1.750350 -0.214373
v 0.263216 1.752567 -0.214373
v 0.252898 1.750350 -0.208444
v 0.252898 1.750350 -0.208444
v 0.252898 1.752567 -0.208444
v 0.244917 1.750350 -0.199618
v 0.244917 1.750350 -0.199618
v 0.244917 1.752567 -0.199618
v 0.240053 1.750350 -0.188757
v 0.240053 1.750350 -0.188757
v 0.240053 1.752567 -0.188757
v 0.238784 1.750350 -0.176925
v 0.238784 1.750350 -0.176925
v 0.238784 1.752567 -0.176925
v 0.241234 1.750350 -0.165280
v 0.241234 1.750350 -0.165280
v 0.241234 1.752567 -0.165280
v 0.247162 1.750350 -0.154961
v 0.247162 1.750350 -0.154961
v 0.247162 1.752567 -0.154961
v 0.255988 1.750350 -0.146980
v 0.255988 1.750350 -0.146980
v 0.255988 1.752567 -0.146980
v 0.266849 1.750350 -0.142117
v 0.266849 1.750350 -0.142117
v 0.266849 1.752567 -0.142117
v 0.278681 1.750350 -0.140848
v 0.278681 1.750350 -0.140848
v 0.278681 1.752567 -0.140848
v 0.290327 1.750350 -0.143297
v 0.290327 1.750350 -0.143297
v 0.290327 1.752567 -0.143297
v 0.300645 1.750350 -0.149225
v 0.300645 1.750350 -0.149225
v 0.300645 1.752567 -0.149225
v 0.308626 1.750350 -0.158052
v 0.308626 1.750350 -0.158052
v 0.308626 1.752567 -0.158052
v 0.313490 1.750350 -0.168912
v 0.313490 1.750350 -0.168912
v 0.313490 1.752567 -0.168912
v 0.314759 1.750350 -0.180745
v 0.314759 1.750350 -0.180745
v 0.314759 1.752567 -0.180745
v 0.312309 1.750350 -0.192390
v 0.312309 1.750350 -0.192390
v 0.312309 1.752567 -0.192390
v 0.306381 1.750350 -0.202708
v 0.306381 1.750350 -0.202708
v 0.306381 1.750350 -0.202708
v 0.306381 1.752567 -0.202708
v 0.306381 1.752567 -0.202708
v 0.297555 1.750350 -0.210690
v 0.297555 1.750350 -0.210690
v 0.297555 1.752567 -0.210690
v 0.283732 1.747736 -0.204594
v 0.283732 1.747736 -0.204594
v 0.283732 1.750419 -0.204594
v 0.275432 1.747736 -0.205484
v 0.275432 1.747736 -0.205484
v 0.275432 1.750419 -0.205484
v 0.267262 1.747736 -0.203765
v 0.267262 1.747736 -0.203765
v 0.267262 1.750419 -0.203765
v 0.260024 1.747736 -0.199607
v 0.260024 1.747736 -0.199607
v 0.260024 1.750419 -0.199607
v 0.254424 1.747736 -0.193415
v 0.254424 1.747736 -0.193415
v 0.254424 1.750419 -0.193415
v 0.251013 1.747736 -0.185796
v 0.251013 1.747736 -0.185796
v 0.251013 1.750419 -0.185796
v 0.250122 1.747736 -0.177495
v 0.250122 1.747736 -0.177495
v 0.250122 1.750419 -0.177495
v 0.251841 1.747736 -0.169325
v 0.251841 1.747736 -0.169325
v 0.251841 1.750419 -0.169325
v 0.255999 1.747736 -0.162087
v 0.255999 1.747736 -0.162087
v 0.255999 1.750419 -0.162087
v 0.262192 1.747736 -0.156488
v 0.262192 1.747736 -0.156488
v 0.262192 1.750419 -0.156488
v 0.269811 1.747736 -0.153076
v 0.269811 1.747736 -0.153076
v 0.269811 1.750419 -0.153076
v 0.278111 1.747736 -0.152186
v 0.278111 1.747736 -0.152186
v 0.278111 1.750419 -0.152186
v 0.286281 1.747736 -0.153904
v 0.286281 1.747736 -0.153904
v 0.286281 1.750419 -0.153904
v 0.293519 1.747736 -0.158063
v 0.293519 1.747736 -0.158063
v 0.293519 1.750419 -0.158063
v 0.299118 1.747736 -0.164255
v 0.299118 1.747736 -0.164255
v 0.299118 1.750419 -0.164255
v 0.302530 1.747736 -0.171874
v 0.302530 1.747736 -0.171874
v 0.302530 1.750419 -0.171874
v 0.303421 1.747736 -0.180175
v 0.303421 1.747736 -0.180175
v 0.303421 1.750419 -0.180175
v 0.301702 1.747736 -0.188344
v 0.301702 1.747736 -0.188344
v 0.301702 1.747736 -0.188344
v 0.301702 1.750419 -0.188344
v 0.301702 1.750419 -0.188344
v 0.297543 1.747736 -0.195583
v 0.297543 1.747736 -0.195583
v 0.297543 1.750419 -0.195583
v 0.291351 1.747736 -0.201182
v 0.291351 1.747736 -0.201182
v 0.291351 1.750419 -0.201182
v -0.201890 1.734941 -0.254539
v -0.201890 1.734941 -0.254539
v -0.201890 1.734941 -0.254539
v -0.201890 1.747387 -0.254539
v -0.201890 1.747387 -0.254539
v -0.185342 1.734941 -0.244985
v -0.185342 1.734941 -0.244985
v -0.185342 1.734941 -0.244985
v -0.185342 1.747387 -0.244985
v -0.185342 1.747387 -0.244985
v -0.185342 1.734941 -0.225877
v -0.185342 1.734941 -0.225877
v -0.185342 1.734941 -0.225877
v -0.185342 1.747387 -0.225877
v -0.185342 1.747387 -0.225877
v -0.201890 1.734941 -0.216323
v -0.201890 1.734941 -0.216323
v -0.201890 1.734941 -0.216323
v -0.201890 1.747387 -0.216323
v -0.201890 1.747387 -0.216323
v -0.218438 1.734941 -0.225877
v -0.218438 1.734941 -0.225877
v -0.218438 1.734941 -0.225877
v -0.218438 1.747387 -0.225877
v -0.218438 1.747387 -0.225877
v -0.218438 1.734941 -0.244985
v -0.218438 1.734941 -0.244985
v -0.218438 1.734941 -0.244985
v -0.218438 1.747387 -0.244985
v -0.218438 1.747387 -0.244985
v -0.201890 1.723192 -0.243248
v -0.201890 1.723192 -0.243248
v -0.201890 1.734960 -0.243248
v -0.198899 1.723192 -0.242653
v -0.198899 1.723192 -0.242653
v -0.198899 1.734960 -0.242653
v -0.196363 1.723192 -0.240958
v -0.196363 1.723192 -0.240958
v -0.196363 1.734960 -0.240958
v -0.194668 1.723192 -0.238422
v -0.194668 1.723192 -0.238422
v -0.194668 1.734960 -0.238422
v -0.194073 1.723192 -0.235431
v -0.194073 1.723192 -0.235431
v -0.194073 1.734960 -0.235431
v -0.194668 1.723192 -0.232439
v -0.194668 1.723192 -0.232439
v -0.194668 1.734960 -0.232439
v -0.196363 1.723192 -0.229903
v -0.196363 1.723192 -0.229903
v -0.196363 1.734960 -0.229903
v -0.198899 1.723192 -0.228209
v -0.198899 1.723192 -0.228209
v -0.198899 1.734960 -0.228209
v -0.201890 1.723192 -0.227614
v -0.201890 1.723192 -0.227614
v -0.201890 1.734960 -0.227614
v -0.204881 1.723192 -0.228209
v -0.204881 1.723192 -0.228209
v -0.204881 1.734960 -0.228209
v -0.207417 1.723192 -0.229903
v -0.207417 1.723192 -0.229903
v -0.207417 1.734960 -0.229903
v -0.209112 1.723192 -0.232439
v -0.209112 1.723192 -0.232439
v -0.209112 1.734960 -0.232439
v -0.209707 1.723192 -0.235431
v -0.209707 1.723192 -0.235431
v -0.209707 1.734960 -0.235431
v -0.209112 1.723192 -0.238422
v -0.209112 1.723192 -0.238422
v -0.209112 1.734960 -0.238422
v -0.207417 1.723192 -0.240958
v -0.207417 1.723192 -0.240958
v -0.207417 1.734960 -0.240958
v -0.204881 1.723192 -0.242653
v -0.204881 1.723192 -0.242653
v -0.204881 1.723192 -0.242653
v -0.204881 1.734960 -0.242653
v -0.204881 1.734960 -0.242653
v -0.201890 1.750350 -0.273466
v -0.201890 1.750350 -0.273466
v -0.201890 1.752567 -0.273466
v -0.190136 1.750350 -0.271605
v -0.190136 1.750350 -0.271605
v -0.190136 1.752567 -0.271605
v -0.179533 1.750350 -0.266202
v -0.179533 1.750350 -0.266202
v -0.179533 1.752567 -0.266202
v -0.171119 1.750350 -0.257787
v -0.171119 1.750350 -0.257787
v -0.171119 1.752567 -0.257787
v -0.165716 1.750350 -0.247185
v -0.165716 1.750350 -0.247185
v -0.165716 1.752567 -0.247185
v -0.163855 1.750350 -0.235431
v -0.163855 1.750350 -0.235431
v -0.163855 1.752567 -0.235431
v -0.165716 1.750350 -0.223677
v -0.165716 1.750350 -0.223677
v -0.165716 1.752567 -0.223677
v -0.171119 1.750350 -0.213074
v -0.171119 1.750350 -0.213074
v -0.171119 1.752567 -0.213074
v -0.179533 1.750350 -0.204660
v -0.179533 1.750350 -0.204660
v -0.179533 1.752567 -0.204660
v -0.190136 1.750350 -0.199257
v -0.190136 1.750350 -0.199257
v -0.190136 1.752567 -0.199257
v -0.201890 1.750350 -0.197396
v -0.201890 1.750350 -0.197396
v -0.201890 1.752567 -0.197396
v -0.213643 1.750350 -0.199257
v -0.213643 1.750350 -0.199257
v -0.213643 1.752567 -0.199257
v -0.224246 1.750350 -0.204660
v -0.224246 1.750350 -0.204660
v -0.224246 1.752567 -0.204660
v -0.232661 1.750350 -0.213075
v -0.232661 1.750350 -0.213075
v -0.232661 1.752567 -0.213075
v -0.238064 1.750350 -0.223678
v -0.238064 1.750350 -0.223678
v -0.238064 1.752567 -0.223678
v -0.239925 1.750350 -0.235431
v -0.239925 1.750350 -0.235431
v -0.239925 1.752567 -0.235431
v -0.238063 1.750350 -0.247185
v -0.238063 1.750350 -0.247185
v -0.238063 1.752567 -0.247185
v -0.232661 1.750350 -0.257788
v -0.232661 1.750350 -0.257788
v -0.232661 1.752567 -0.257788
v -0.224246 1.750350 -0.266202
v -0.224246 1.750350 -0.266202
v -0.224246 1.752567 -0.266202
v -0.213643 1.750350 -0.271605
v -0.213643 1.750350 -0.271605
v -0.213643 1.750350 -0.271605
v -0.213643 1.752567 -0.271605
v -0.213643 1.752567 -0.271605
v -0.201890 1.747736 -0.262114
v -0.201890 1.747736 -0.262114
v -0.201890 1.750419 -0.262114
v -0.193645 1.747736 -0.260808
v -0.193645 1.747736 -0.260808
v -0.193645 1.750419 -0.260808
v -0.186206 1.747736 -0.257018
v -0.186206 1.747736 -0.257018
v -0.186206 1.750419 -0.257018
v -0.180303 1.747736 -0.251115
v -0.180303 1.747736 -0.251115
v -0.180303 1.750419 -0.251115
v -0.176513 1.747736 -0.243676
v -0.176513 1.747736 -0.243676
v -0.176513 1.750419 -0.243676
v -0.175207 1.747736 -0.235431
v -0.175207 1.747736 -0.235431
v -0.175207 1.750419 -0.235431
v -0.176513 1.747736 -0.227186
v -0.176513 1.747736 -0.227186
v -0.176513 1.750419 -0.227186
v -0.180303 1.747736 -0.219747
v -0.180303 1.747736 -0.219747
v -0.180303 1.750419 -0.219747
v -0.186206 1.747736 -0.213844
v -0.186206 1.747736 -0.213844
v -0.186206 1.750419 -0.213844
v -0.193645 1.747736 -0.210054
v -0.193645 1.747736 -0.210054
v -0.193645 1.750419 -0.210054
v -0.201890 1.747736 -0.208748
v -0.201890 1.747736 -0.208748
v -0.201890 1.750419 -0.208748
v -0.210135 1.747736 -0.210054
v -0.210135 1.747736 -0.210054
v -0.210135 1.750419 -0.210054
v -0.217574 1.747736 -0.213844
v -0.217574 1.747736 -0.213844
v -0.217574 1.750419 -0.213844
v -0.223477 1.747736 -0.219747
v -0.223477 1.747736 -0.219747
v -0.223477 1.750419 -0.219747
v -0.227267 1.747736 -0.227186
v -0.227267 1.747736 -0.227186
v -0.227267 1.750419 -0.227186
v -0.228573 1.747736 -0.235431
v -0.228573 1.747736 -0.235431
v -0.228573 1.750419 -0.235431
v -0.227267 1.747736 -0.243676
v -0.227267 1.747736 -0.243676
v -0.227267 1.750419 -0.243676
v -0.223477 1.747736 -0.251115
v -0.223477 1.747736 -0.251115
v -0.223477 1.750419 -0.251115
v -0.217574 1.747736 -0.257018
v -0.217574 1.747736 -0.257018
v -0.217574 1.750419 -0.257018
v -0.210135 1.747736 -0.260808
v -0.210135 1.747736 -0.260808
v -0.210135 1.747736 -0.260808
v -0.210135 1.750419 -0.260808
v -0.210135 1.750419 -0.260808
v 0.257619 1.734941 0.213134
v 0.257619 1.734941 0.213134
v 0.257619 1.734941 0.213134
v 0.257619 1.747387 0.213134
v 0.257619 1.747387 0.213134
v 0.252713 1.734941 0.194666
v 0.252713 1.734941 0.194666
v 0.252713 1.734941 0.194666
v 0.252713 1.747387 0.194666
v 0.252713 1.747387 0.194666
v 0.234266 1.734941 0.189681
v 0.234266 1.734941 0.189681
v 0.234266 1.734941 0.189681
v 0.234266 1.747387 0.189681
v 0.234266 1.747387 0.189681
v 0.220725 1.734941 0.203164
v 0.220725 1.734941 0.203164
v 0.220725 1.734941 0.203164
v 0.220725 1.747387 0.203164
v 0.220725 1.747387 0.203164
v 0.225632 1.734941 0.221632
v 0.225632 1.734941 0.221632
v 0.225632 1.734941 0.221632
v 0.225632 1.747387 0.221632
v 0.225632 1.747387 0.221632
v 0.244079 1.734941 0.226617
v 0.244079 1.734941 0.226617
v 0.244079 1.734941 0.226617
v 0.244079 1.747387 0.226617
v 0.244079 1.747387 0.226617
v 0.246718 1.723192 0.210188
v 0.246718 1.723192 0.210188
v 0.246718 1.734960 0.210188
v 0.246924 1.723192 0.207145
v 0.246924 1.723192 0.207145
v 0.246924 1.734960 0.207145
v 0.245950 1.723192 0.204255
v 0.245950 1.723192 0.204255
v 0.245950 1.734960 0.204255
v 0.243944 1.723192 0.201958
v 0.243944 1.723192 0.201958
v 0.243944 1.734960 0.201958
v 0.241211 1.723192 0.200603
v 0.241211 1.723192 0.200603
v 0.241211 1.734960 0.200603
v 0.238168 1.723192 0.200397
v 0.238168 1.723192 0.200397
v 0.238168 1.734960 0.200397
v 0.235278 1.723192 0.201371
v 0.235278 1.723192 0.201371
v 0.235278 1.734960 0.201371
v 0.232981 1.723192 0.203377
v 0.232981 1.723192 0.203377
v 0.232981 1.734960 0.203377
v 0.231626 1.723192 0.206110
v 0.231626 1.723192 0.206110
v 0.231626 1.734960 0.206110
v 0.231420 1.723192 0.209153
v 0.231420 1.723192 0.209153
v 0.231420 1.734960 0.209153
v 0.232394 1.723192 0.212043
v 0.232394 1.723192 0.212043
v 0.232394 1.734960 0.212043
v 0.234400 1.723192 0.214341
v 0.234400 1.723192 0.214341
v 0.234400 1.734960 0.214341
v 0.237133 1.723192 0.215695
v 0.237133 1.723192 0.215695
v 0.237133 1.734960 0.215695
v 0.240176 1.723192 0.215901
v 0.240176 1.723192 0.215901
v 0.240176 1.734960 0.215901
v 0.243066 1.723192 0.214927
v 0.243066 1.723192 0.214927
v 0.243066 1.723192 0.214927
v 0.243066 1.734960 0.214927
v 0.243066 1.734960 0.214927
v 0.245364 1.723192 0.212921
v 0.245364 1.723192 0.212921
v 0.245364 1.734960 0.212921
v 0.275890 1.750350 0.218071
v 0.275890 1.750350 0.218071
v 0.275890 1.752567 0.218071
v 0.277159 1.750350 0.206239
v 0.277159 1.750350 0.206239
v 0.277159 1.752567 0.206239
v 0.274710 1.750350 0.194594
v 0.274710 1.750350 0.194594
v 0.274710 1.752567 0.194594
v 0.268782 1.750350 0.184276
v 0.268782 1.750350 0.184276
v 0.268782 1.752567 0.184276
v 0.259955 1.750350 0.176294
v 0.259955 1.750350 0.176294
v 0.259955 1.752567 0.176294
v 0.249094 1.750350 0.171431
v 0.249094 1.750350 0.171431
v 0.249094 1.752567 0.171431
v 0.237262 1.750350 0.170162
v 0.237262 1.750350 0.170162
v 0.237262 1.752567 0.170162
v 0.225617 1.750350 0.172611
v 0.225617 1.750350 0.172611
v 0.225617 1.752567 0.172611
v 0.215299 1.750350 0.178539
v 0.215299 1.750350 0.178539
v 0.215299 1.752567 0.178539
v 0.207317 1.750350 0.187366
v 0.207317 1.750350 0.187366
v 0.207317 1.752567 0.187366
v 0.202454 1.750350 0.198227
v 0.202454 1.750350 0.198227
v 0.202454 1.752567 0.198227
v 0.201185 1.750350 0.210059
v 0.201185 1.750350 0.210059
v 0.201185 1.752567 0.210059
v 0.203634 1.750350 0.221704
v 0.203634 1.750350 0.221704
v 0.203634 1.752567 0.221704
v 0.209563 1.750350 0.232022
v 0.209563 1.750350 0.232022
v 0.209563 1.752567 0.232022
v 0.218389 1.750350 0.240004
v 0.218389 1.750350 0.240004
v 0.218389 1.752567 0.240004
v 0.229250 1.750350 0.244867
v 0.229250 1.750350 0.244867
v 0.229250 1.752567 0.244867
v 0.241082 1.750350 0.246136
v 0.241082 1.750350 0.246136
v 0.241082 1.752567 0.246136
v 0.252727 1.750350 0.243687
v 0.252727 1.750350 0.243687
v 0.252727 1.752567 0.243687
v 0.263046 1.750350 0.237759
v 0.263046 1.750350 0.237759
v 0.263046 1.750350 0.237759
v 0.263046 1.752567 0.237759
v 0.263046 1.752567 0.237759
v 0.271027 1.750350 0.228932
v 0.271027 1.750350 0.228932
v 0.271027 1.752567 0.228932
v 0.264931 1.747736 0.215110
v 0.264931 1.747736 0.215110
v 0.264931 1.750419 0.215110
v 0.265821 1.747736 0.206809
v 0.265821 1.747736 0.206809
v 0.265821 1.750419 0.206809
v 0.264103 1.747736 0.198640
v 0.264103 1.747736 0.198640
v 0.264103 1.750419 0.198640
v 0.259944 1.747736 0.191401
v 0.259944 1.747736 0.191401
v 0.259944 1.750419 0.191401
v 0.253752 1.747736 0.185802
v 0.253752 1.747736 0.185802
v 0.253752 1.750419 0.185802
v 0.246133 1.747736 0.182390
v 0.246133 1.747736 0.182390
v 0.246133 1.750419 0.182390
v 0.237832 1.747736 0.181500
v 0.237832 1.747736 0.181500
v 0.237832 1.750419 0.181500
v 0.229663 1.747736 0.183218
v 0.229663 1.747736 0.183218
v 0.229663 1.750419 0.183218
v 0.222424 1.747736 0.187377
v 0.222424 1.747736 0.187377
v 0.222424 1.750419 0.187377
v 0.216825 1.747736 0.193569
v 0.216825 1.747736 0.193569
v 0.216825 1.750419 0.193569
v 0.213413 1.747736 0.201188
v 0.213413 1.747736 0.201188
v 0.213413 1.750419 0.201188
v 0.212523 1.747736 0.209489
v 0.212523 1.747736 0.209489
v 0.212523 1.750419 0.209489
v 0.214241 1.747736 0.217658
v 0.214241 1.747736 0.217658
v 0.214241 1.750419 0.217658
v 0.218400 1.747736 0.224897
v 0.218400 1.747736 0.224897
v 0.218400 1.750419 0.224897
v 0.224592 1.747736 0.230496
v 0.224592 1.747736 0.230496
v 0.224592 1.750419 0.230496
v 0.232211 1.747736 0.233908
v 0.232211 1.747736 0.233908
v 0.232211 1.750419 0.233908
v 0.240512 1.747736 0.234798
v 0.240512 1.747736 0.234798
v 0.240512 1.750419 0.234798
v 0.248681 1.747736 0.233080
v 0.248681 1.747736 0.233080
v 0.248681 1.747736 0.233080
v 0.248681 1.750419 0.233080
v 0.248681 1.750419 0.233080
v 0.255920 1.747736 0.228921
v 0.255920 1.747736 0.228921
v 0.255920 1.750419 0.228921
v 0.261519 1.747736 0.222729
v 0.261519 1.747736 0.222729
v 0.261519 1.750419 0.222729
vn -0.0000 -1.0000 -0.0000
vn -0.0002 -1.0000 -0.0000
vn -0.0001 -1.0000 -0.0000
vn 0.0001 -1.0000 -0.0000
vn 0.0002 -1.0000 -0.0000
vn -0.8660 -0.0000 -0.5000
vn -0.0000 -0.0000 -1.0000
vn 0.8660 -0.0000 -0.5000
vn 0.8660 -0.0000 0.5000
vn -0.0000 -0.0000 1.0000
vn -0.8660 -0.0000 0.5000
vn -1.0000 -0.0000 -0.0000
vn -0.9239 -0.0000 -0.3827
vn -0.7071 -0.0000 -0.7071
vn -0.3827 -0.0000 -0.9239
vn 0.3827 -0.0000 -0.9239
vn 0.7071 -0.0000 -0.7071
vn 0.9239 -0.0000 -0.3827
vn 1.0000 -0.0000 -0.0000
vn 0.9239 -0.0000 0.3827
vn 0.7071 -0.0000 0.7071
vn 0.3827 -0.0000 0.9239
vn -0.3827 -0.0000 0.9239
vn -0.7071 -0.0000 0.7071
vn -0.9239 -0.0000 0.3827
vn -0.9239 -0.0000 0.3826
vn 0.8090 -0.0000 0.5878
vn 0.5878 -0.0000 0.8090
vn -0.9511 -0.0000 -0.3090
vn -0.8090 -0.0000 -0.5878
vn 0.3090 -0.0000 -0.9511
vn -0.5878 -0.0000 -0.8090
vn 0.9511 -0.0000 0.3090
vn -0.3090 -0.0000 -0.9511
vn 0.5878 -0.0000 -0.8090
vn 0.8090 -0.0000 -0.5878
vn 0.9511 -0.0000 -0.3090
vn 0.3090 -0.0000 0.9511
vn -0.3090 -0.0000 0.9511
vn -0.5878 -0.0000 0.8090
vn -0.8090 -0.0000 0.5878
vn -0.9511 -0.0000 0.3090
vn -0.8090 0.0001 0.5878
vn -0.8090 -0.0000 0.5877
vn -0.2568 -0.0000 -0.9665
vn -0.9654 -0.0000 -0.2609
vn -0.7086 -0.0000 0.7056
vn 0.2568 -0.0000 0.9665
vn 0.9654 -0.0000 0.2609
vn 0.7086 -0.0000 -0.7056
vn 0.2609 -0.0000 -0.9654
vn -0.1284 -0.0000 -0.9917
vn -0.4982 -0.0000 -0.8671
vn -0.7921 -0.0000 -0.6104
vn -0.7921 -0.0000 -0.6105
vn -0.9917 -0.0000 0.1284
vn -0.8671 -0.0000 0.4982
vn -0.6105 -0.0000 0.7921
vn -0.6104 -0.0000 0.7921
vn -0.2609 -0.0000 0.9654
vn 0.1284 -0.0000 0.9917
vn 0.4982 -0.0000 0.8671
vn 0.7921 -0.0000 0.6104
vn 0.9917 -0.0000 -0.1284
vn 0.9917 -0.0000 -0.1285
vn 0.8671 -0.0000 -0.4982
vn 0.6104 -0.0000 -0.7921
vn 0.3564 -0.0000 0.9343
vn 0.6277 -0.0000 0.7785
vn -0.0502 -0.0000 -0.9987
vn -0.3564 -0.0000 -0.9343
vn -0.9987 -0.0000 0.0502
vn -0.6277 -0.0000 -0.7785
vn 0.0502 -0.0000 0.9987
vn -0.8375 -0.0000 -0.5464
vn -0.9343 -0.0000 0.3564
vn -0.7785 -0.0000 0.6277
vn -0.6276 -0.0000 -0.7785
vn -0.5464 -0.0000 0.8375
vn 0.8375 -0.0000 0.5464
vn 0.9987 -0.0000 -0.0502
vn 0.9343 -0.0000 -0.3564
vn 0.7785 -0.0000 -0.6276
vn 0.7784 -0.0000 -0.6277
vn 0.5464 -0.0000 -0.8375
vn 0.7785 -0.0000 -0.6277
vn 0.5000 -0.0000 -0.8660
vn 0.5000 -0.0000 0.8660
vn -0.5000 -0.0000 0.8660
vn -0.5000 -0.0000 -0.8660
vn -0.3826 -0.0000 -0.9239
vn -0.3826 -0.0001 -0.9239
vn 0.9510 -0.0000 -0.3090
vn -0.3090 -0.0000 -0.9510
vn 0.9665 -0.0000 -0.2568
vn -0.7056 -0.0000 -0.7086
vn -0.9665 -0.0000 0.2568
vn 0.7056 -0.0000 0.7086
vn 0.4981 -0.0000 0.8671
vn 0.6276 -0.0000 0.7785
vn 0.6277 -0.0000 0.7784
vn 0.3563 -0.0000 0.9344
vn 0.3564 -0.0000 0.9344
vt 0.669551 0.841100
vt 0.678910 0.841100
vt 0.683590 0.832994
vt 0.378085 0.991381
vt 0.381094 0.995883
vt 0.385596 0.992875
vt 0.014075 0.911746
vt 0.035703 0.908298
vt 0.019583 0.876741
vt 0.004118 0.862133
vt 0.012224 0.866810
vt 0.020329 0.862128
vt 0.365354 0.995881
vt 0.368228 0.995309
vt 0.363973 0.988943
vt 0.120417 0.221943
vt 0.130678 0.216720
vt 0.114599 0.185141
vt 0.708220 0.616771
vt 0.696933 0.594622
vt 0.686070 0.605487
vt 0.673414 0.981205
vt 0.665309 0.976525
vt 0.657203 0.981204
vt 0.164422 0.995317
vt 0.166050 0.992880
vt 0.163041 0.988378
vt 0.644482 0.190367
vt 0.641046 0.211996
vt 0.676048 0.206469
vt 0.405663 0.971330
vt 0.398696 0.985023
vt 0.409566 0.995880
vt 0.132477 0.987767
vt 0.137150 0.995876
vt 0.146510 0.995883
vt 0.181786 0.991391
vt 0.180162 0.988952
vt 0.175897 0.995311
vt 0.579839 0.221947
vt 0.595324 0.206460
vt 0.585379 0.186948
vt 0.493305 0.939505
vt 0.481971 0.917380
vt 0.471131 0.928267
vt 0.678910 0.824889
vt 0.669551 0.824889
vt 0.664872 0.832994
vt 0.385596 0.991381
vt 0.385024 0.990001
vt 0.383968 0.988945
vt 0.382587 0.988373
vt 0.381094 0.988373
vt 0.379713 0.988945
vt 0.378657 0.990001
vt 0.378085 0.992875
vt 0.378657 0.994255
vt 0.379713 0.995312
vt 0.382587 0.995883
vt 0.383968 0.995312
vt 0.385024 0.994255
vt 0.004113 0.892243
vt 0.004119 0.898071
vt 0.005926 0.903613
vt 0.009356 0.908325
vt 0.019621 0.913542
vt 0.025449 0.913536
vt 0.030991 0.911729
vt 0.039124 0.903580
vt 0.040920 0.898035
vt 0.040914 0.892206
vt 0.039107 0.886665
vt 0.035676 0.881952
vt 0.030958 0.878531
vt 0.025412 0.876736
vt 0.014042 0.878549
vt 0.009331 0.881979
vt 0.005909 0.886698
vt 0.020326 0.852769
vt 0.012220 0.848092
vt 0.004116 0.852773
vt 0.369284 0.994253
vt 0.369856 0.992873
vt 0.369856 0.991379
vt 0.369284 0.989999
vt 0.368227 0.988942
vt 0.366848 0.988371
vt 0.365354 0.988371
vt 0.362917 0.989999
vt 0.362345 0.991379
vt 0.362346 0.992873
vt 0.362917 0.994253
vt 0.363973 0.995309
vt 0.366848 0.995881
vt 0.134105 0.212006
vt 0.135908 0.206463
vt 0.135909 0.200634
vt 0.134110 0.195090
vt 0.130685 0.190373
vt 0.125971 0.186946
vt 0.120428 0.185144
vt 0.109056 0.186941
vt 0.104339 0.190365
vt 0.100912 0.195080
vt 0.099109 0.200623
vt 0.099107 0.206452
vt 0.100907 0.211995
vt 0.104331 0.216712
vt 0.109046 0.220140
vt 0.114589 0.221942
vt 0.125961 0.220145
vt 0.686071 0.609576
vt 0.693046 0.619175
vt 0.687334 0.613465
vt 0.689738 0.616772
vt 0.696935 0.620439
vt 0.701024 0.620438
vt 0.704913 0.619175
vt 0.710624 0.613463
vt 0.710623 0.601597
vt 0.711887 0.609574
vt 0.711887 0.605485
vt 0.708220 0.598288
vt 0.704911 0.595885
vt 0.701022 0.594622
vt 0.693045 0.595886
vt 0.689737 0.598289
vt 0.687334 0.601598
vt 0.657202 0.990563
vt 0.665308 0.995244
vt 0.673413 0.990564
vt 0.161548 0.988378
vt 0.158539 0.991386
vt 0.160168 0.988950
vt 0.159111 0.990006
vt 0.158539 0.992880
vt 0.159111 0.994260
vt 0.160168 0.995317
vt 0.161548 0.995888
vt 0.163041 0.995888
vt 0.165478 0.994260
vt 0.166050 0.991386
vt 0.165478 0.990006
vt 0.164422 0.988949
vt 0.666114 0.186951
vt 0.660572 0.185147
vt 0.654743 0.185144
vt 0.649199 0.186943
vt 0.641054 0.195080
vt 0.639250 0.200623
vt 0.639247 0.206452
vt 0.644469 0.216713
vt 0.649183 0.220141
vt 0.654726 0.221945
vt 0.660554 0.221948
vt 0.666098 0.220149
vt 0.670816 0.216725
vt 0.674244 0.212011
vt 0.676051 0.200640
vt 0.674252 0.195096
vt 0.670828 0.190379
vt 0.423251 0.988897
vt 0.424513 0.985008
vt 0.424510 0.980918
vt 0.423244 0.977031
vt 0.420839 0.973724
vt 0.417529 0.971323
vt 0.413640 0.970061
vt 0.409551 0.970064
vt 0.402356 0.973735
vt 0.399955 0.977044
vt 0.398694 0.980934
vt 0.399962 0.988911
vt 0.402367 0.992218
vt 0.405676 0.994619
vt 0.413655 0.995878
vt 0.417543 0.994612
vt 0.420850 0.992207
vt 0.151196 0.987781
vt 0.146522 0.979672
vt 0.137163 0.979665
vt 0.178784 0.988377
vt 0.177289 0.988374
vt 0.175908 0.988944
vt 0.174850 0.989998
vt 0.174276 0.991377
vt 0.174273 0.992871
vt 0.174842 0.994252
vt 0.177276 0.995885
vt 0.178770 0.995888
vt 0.180151 0.995319
vt 0.181209 0.994264
vt 0.181784 0.992885
vt 0.181217 0.990010
vt 0.563749 0.190375
vt 0.560323 0.195091
vt 0.558523 0.200635
vt 0.558523 0.206463
vt 0.560325 0.212007
vt 0.563751 0.216722
vt 0.568467 0.220147
vt 0.574011 0.221948
vt 0.585383 0.220146
vt 0.590098 0.216719
vt 0.593523 0.212003
vt 0.595323 0.200631
vt 0.593521 0.195088
vt 0.590094 0.190373
vt 0.579836 0.185147
vt 0.574007 0.185147
vt 0.568464 0.186949
vt 0.471140 0.932356
vt 0.472412 0.936242
vt 0.474822 0.939545
vt 0.478136 0.941941
vt 0.482027 0.943196
vt 0.486116 0.943188
vt 0.490002 0.941916
vt 0.495701 0.936192
vt 0.495676 0.924325
vt 0.496956 0.932300
vt 0.496948 0.928212
vt 0.493265 0.921023
vt 0.489952 0.918626
vt 0.486061 0.917371
vt 0.478085 0.918652
vt 0.474783 0.921062
vt 0.472386 0.924376
vt 0.060437 0.449701
vt 0.066534 0.449701
vt 0.066534 0.440341
vt 0.060437 0.440341
vt 0.066534 0.430982
vt 0.060437 0.430982
vt 0.066534 0.421623
vt 0.060437 0.421623
vt 0.066534 0.412263
vt 0.060437 0.412263
vt 0.066534 0.402904
vt 0.060437 0.402904
vt 0.060437 0.459060
vt 0.066534 0.459060
vt 0.066195 0.512404
vt 0.060430 0.512404
vt 0.060430 0.513898
vt 0.066195 0.513898
vt 0.060430 0.515391
vt 0.066195 0.515391
vt 0.060430 0.516885
vt 0.066195 0.516885
vt 0.060430 0.518379
vt 0.066195 0.518379
vt 0.060430 0.519873
vt 0.066195 0.519873
vt 0.060430 0.521367
vt 0.066195 0.521367
vt 0.060430 0.522861
vt 0.066195 0.522861
vt 0.060430 0.524355
vt 0.066195 0.524355
vt 0.060430 0.525849
vt 0.066195 0.525849
vt 0.060430 0.527343
vt 0.066195 0.527343
vt 0.060430 0.528837
vt 0.066195 0.528836
vt 0.060430 0.530330
vt 0.066195 0.530330
vt 0.060430 0.531825
vt 0.066195 0.531825
vt 0.060430 0.533319
vt 0.066195 0.533319
vt 0.060430 0.534812
vt 0.066195 0.534812
vt 0.066195 0.510910
vt 0.060430 0.510910
vt 0.980288 0.158111
vt 0.981602 0.158111
vt 0.981602 0.154022
vt 0.980288 0.154022
vt 0.969823 0.360721
vt 0.968737 0.360721
vt 0.968737 0.366550
vt 0.969823 0.366550
vt 0.968737 0.372380
vt 0.969823 0.372380
vt 0.980288 0.186733
vt 0.981602 0.186733
vt 0.981602 0.182644
vt 0.980288 0.182644
vt 0.968737 0.378210
vt 0.969823 0.378210
vt 0.980288 0.162199
vt 0.981602 0.162199
vt 0.968737 0.384039
vt 0.969823 0.384039
vt 0.968737 0.389868
vt 0.969823 0.389868
vt 0.980288 0.190822
vt 0.981602 0.190822
vt 0.968737 0.395698
vt 0.969823 0.395698
vt 0.980288 0.166288
vt 0.981602 0.166288
vt 0.968737 0.401528
vt 0.969823 0.401528
vt 0.968737 0.407357
vt 0.969823 0.407357
vt 0.980288 0.194911
vt 0.981602 0.194911
vt 0.968737 0.413187
vt 0.969823 0.413187
vt 0.980288 0.170377
vt 0.981602 0.170377
vt 0.968738 0.419016
vt 0.969823 0.419016
vt 0.968738 0.424846
vt 0.969823 0.424846
vt 0.980288 0.198999
vt 0.981602 0.198999
vt 0.968738 0.430675
vt 0.969823 0.430675
vt 0.980288 0.174466
vt 0.981602 0.174466
vt 0.968738 0.436505
vt 0.969823 0.436505
vt 0.968738 0.442334
vt 0.969823 0.442334
vt 0.980288 0.203088
vt 0.981602 0.203089
vt 0.968737 0.448164
vt 0.969823 0.448164
vt 0.980288 0.178555
vt 0.981602 0.178555
vt 0.968737 0.453994
vt 0.969823 0.453994
vt 0.968737 0.459823
vt 0.969823 0.459823
vt 0.980288 0.207178
vt 0.981602 0.207178
vt 0.968737 0.465653
vt 0.969823 0.465653
vt 0.969823 0.349061
vt 0.968738 0.349061
vt 0.968737 0.354891
vt 0.969823 0.354891
vt 0.981602 0.149933
vt 0.980288 0.149933
vt 0.981602 0.145844
vt 0.980288 0.145844
vt 0.981602 0.141755
vt 0.980288 0.141755
vt 0.981602 0.137666
vt 0.980288 0.137666
vt 0.981602 0.133577
vt 0.980288 0.133577
vt 0.980288 0.215355
vt 0.981602 0.215355
vt 0.981602 0.211267
vt 0.980288 0.211267
vt 0.960360 0.390421
vt 0.960360 0.381061
vt 0.954265 0.381061
vt 0.954265 0.390421
vt 0.960360 0.371701
vt 0.954265 0.371701
vt 0.960360 0.362342
vt 0.954265 0.362342
vt 0.960360 0.352983
vt 0.954265 0.352983
vt 0.960360 0.343623
vt 0.954265 0.343623
vt 0.960360 0.399780
vt 0.954265 0.399780
vt 0.074429 0.502216
vt 0.074429 0.503711
vt 0.080193 0.503711
vt 0.080193 0.502216
vt 0.074429 0.505205
vt 0.080193 0.505205
vt 0.074429 0.506698
vt 0.080193 0.506698
vt 0.074429 0.508192
vt 0.080193 0.508192
vt 0.074429 0.509687
vt 0.080193 0.509687
vt 0.074429 0.511180
vt 0.080193 0.511180
vt 0.074429 0.512674
vt 0.080193 0.512674
vt 0.074429 0.514168
vt 0.080193 0.514168
vt 0.074429 0.515662
vt 0.080193 0.515662
vt 0.074429 0.517156
vt 0.080193 0.517156
vt 0.074429 0.518650
vt 0.080193 0.518650
vt 0.074429 0.520143
vt 0.080193 0.520143
vt 0.074429 0.521637
vt 0.080193 0.521637
vt 0.074429 0.497736
vt 0.074429 0.499228
vt 0.080193 0.499228
vt 0.080193 0.497736
vt 0.074429 0.500723
vt 0.080193 0.500723
vt 0.115549 0.359577
vt 0.115549 0.363666
vt 0.116863 0.363666
vt 0.116863 0.359577
vt 0.374234 0.123626
vt 0.374234 0.129454
vt 0.375321 0.129454
vt 0.375321 0.123626
vt 0.374234 0.135281
vt 0.375321 0.135281
vt 0.115549 0.330952
vt 0.115549 0.335041
vt 0.116863 0.335041
vt 0.116863 0.330952
vt 0.374234 0.141109
vt 0.375321 0.141109
vt 0.115549 0.355488
vt 0.116863 0.355488
vt 0.374234 0.146937
vt 0.375321 0.146937
vt 0.374234 0.152766
vt 0.375321 0.152766
vt 0.115549 0.326864
vt 0.116863 0.326864
vt 0.374234 0.158593
vt 0.375321 0.158593
vt 0.115549 0.351399
vt 0.116863 0.351399
vt 0.374234 0.164421
vt 0.375321 0.164421
vt 0.374234 0.170249
vt 0.375321 0.170249
vt 0.115549 0.322774
vt 0.116863 0.322774
vt 0.374234 0.176077
vt 0.375321 0.176077
vt 0.115549 0.347309
vt 0.116863 0.347309
vt 0.374234 0.181904
vt 0.375321 0.181904
vt 0.374234 0.187733
vt 0.375321 0.187733
vt 0.115549 0.318685
vt 0.116863 0.318685
vt 0.374234 0.193561
vt 0.375321 0.193561
vt 0.115549 0.343220
vt 0.116863 0.343220
vt 0.374234 0.199389
vt 0.375321 0.199389
vt 0.374234 0.205217
vt 0.375321 0.205217
vt 0.115549 0.314595
vt 0.116863 0.314595
vt 0.374234 0.211045
vt 0.375321 0.211045
vt 0.115549 0.339130
vt 0.116863 0.339130
vt 0.374234 0.216872
vt 0.375321 0.216872
vt 0.374234 0.222701
vt 0.375321 0.222701
vt 0.115549 0.310506
vt 0.116863 0.310506
vt 0.374234 0.228529
vt 0.375320 0.228529
vt 0.374234 0.111970
vt 0.374234 0.117798
vt 0.375321 0.117798
vt 0.375321 0.111970
vt 0.115549 0.367755
vt 0.116863 0.367755
vt 0.115549 0.371844
vt 0.116863 0.371844
vt 0.115549 0.375934
vt 0.116863 0.375934
vt 0.115549 0.380023
vt 0.116863 0.380023
vt 0.115549 0.298239
vt 0.115549 0.302328
vt 0.116863 0.302328
vt 0.116863 0.298239
vt 0.115549 0.306417
vt 0.116863 0.306417
vt 0.800558 0.495120
vt 0.794462 0.495120
vt 0.794462 0.504479
vt 0.800558 0.504479
vt 0.794462 0.513839
vt 0.800558 0.513839
vt 0.794462 0.523198
vt 0.800558 0.523198
vt 0.794462 0.532558
vt 0.800558 0.532558
vt 0.794462 0.541918
vt 0.800558 0.541918
vt 0.794462 0.551277
vt 0.800558 0.551277
vt 0.127424 0.463008
vt 0.121659 0.463008
vt 0.121659 0.464502
vt 0.127424 0.464502
vt 0.121659 0.465996
vt 0.127424 0.465996
vt 0.121659 0.467490
vt 0.127424 0.467490
vt 0.121659 0.468983
vt 0.127424 0.468983
vt 0.121659 0.470478
vt 0.127424 0.470478
vt 0.121659 0.471971
vt 0.127424 0.471971
vt 0.121659 0.473465
vt 0.127424 0.473465
vt 0.121659 0.474959
vt 0.127424 0.474959
vt 0.121659 0.476453
vt 0.127424 0.476453
vt 0.121659 0.477947
vt 0.127424 0.477947
vt 0.121659 0.479441
vt 0.127424 0.479441
vt 0.121659 0.480935
vt 0.127424 0.480935
vt 0.121659 0.482429
vt 0.127424 0.482429
vt 0.121659 0.483922
vt 0.127424 0.483922
vt 0.121659 0.485417
vt 0.127424 0.485417
vt 0.127424 0.461514
vt 0.121659 0.461514
vt 0.144137 0.155614
vt 0.145451 0.155614
vt 0.145451 0.151525
vt 0.144137 0.151525
vt 0.629701 0.212822
vt 0.630787 0.212822
vt 0.630787 0.206994
vt 0.629701 0.206994
vt 0.630787 0.201167
vt 0.629701 0.201167
vt 0.144137 0.184236
vt 0.145451 0.184236
vt 0.145451 0.180147
vt 0.144137 0.180147
vt 0.630787 0.195339
vt 0.629701 0.195339
vt 0.144137 0.159703
vt 0.145451 0.159703
vt 0.630787 0.189512
vt 0.629701 0.189512
vt 0.630787 0.183684
vt 0.629701 0.183684
vt 0.144137 0.188325
vt 0.145451 0.188325
vt 0.630787 0.177857
vt 0.629701 0.177857
vt 0.144137 0.163791
vt 0.145451 0.163791
vt 0.630787 0.172029
vt 0.629701 0.172029
vt 0.630787 0.166202
vt 0.629701 0.166202
vt 0.144137 0.192413
vt 0.145451 0.192413
vt 0.630787 0.160374
vt 0.629701 0.160374
vt 0.144137 0.167881
vt 0.145451 0.167881
vt 0.630787 0.154546
vt 0.629701 0.154546
vt 0.630787 0.148718
vt 0.629701 0.148718
vt 0.144137 0.196502
vt 0.145451 0.196502
vt 0.630787 0.142891
vt 0.629701 0.142891
vt 0.144137 0.171969
vt 0.145451 0.171969
vt 0.630787 0.137062
vt 0.629701 0.137062
vt 0.630787 0.131235
vt 0.629701 0.131235
vt 0.144137 0.200591
vt 0.145451 0.200591
vt 0.630787 0.125407
vt 0.629701 0.125407
vt 0.144137 0.176058
vt 0.145451 0.176058
vt 0.630787 0.119579
vt 0.629701 0.119579
vt 0.630787 0.113751
vt 0.629701 0.113751
vt 0.144137 0.204680
vt 0.145451 0.204680
vt 0.630787 0.107923
vt 0.629701 0.107923
vt 0.630787 0.102095
vt 0.629701 0.102095
vt 0.629701 0.218649
vt 0.630787 0.218649
vt 0.145451 0.147436
vt 0.144137 0.147436
vt 0.145451 0.143347
vt 0.144137 0.143347
vt 0.145451 0.139259
vt 0.144137 0.139259
vt 0.145451 0.135170
vt 0.144137 0.135170
vt 0.145451 0.131081
vt 0.144137 0.131081
vt 0.145451 0.126992
vt 0.144137 0.126992
vt 0.144137 0.208769
vt 0.145451 0.208769
vt 0.960494 0.456290
vt 0.960494 0.446931
vt 0.954398 0.446931
vt 0.954398 0.456290
vt 0.960494 0.437572
vt 0.954398 0.437572
vt 0.960494 0.428212
vt 0.954398 0.428212
vt 0.960494 0.418853
vt 0.954398 0.418853
vt 0.960494 0.409493
vt 0.954398 0.409493
vt 0.960494 0.465650
vt 0.954398 0.465650
vt 0.267724 0.372291
vt 0.267724 0.373784
vt 0.273488 0.373784
vt 0.273488 0.372291
vt 0.267724 0.375278
vt 0.273488 0.375278
vt 0.267724 0.376773
vt 0.273488 0.376773
vt 0.267724 0.378267
vt 0.273488 0.378267
vt 0.267724 0.379760
vt 0.273488 0.379760
vt 0.267724 0.381255
vt 0.273488 0.381255
vt 0.267724 0.382748
vt 0.273488 0.382748
vt 0.267724 0.384243
vt 0.273488 0.384243
vt 0.267724 0.385736
vt 0.273488 0.385736
vt 0.267724 0.387230
vt 0.273488 0.387230
vt 0.267724 0.388724
vt 0.273488 0.388724
vt 0.267724 0.390218
vt 0.273488 0.390218
vt 0.267724 0.391712
vt 0.273488 0.391712
vt 0.267724 0.393206
vt 0.273488 0.393206
vt 0.267724 0.369303
vt 0.267724 0.370797
vt 0.273488 0.370797
vt 0.273488 0.369303
vt 0.404564 0.194916
vt 0.404564 0.199005
vt 0.405878 0.199005
vt 0.405878 0.194916
vt 0.416330 0.216876
vt 0.416330 0.211049
vt 0.415244 0.211049
vt 0.415244 0.216876
vt 0.416330 0.205221
vt 0.415244 0.205221
vt 0.404564 0.166295
vt 0.404564 0.170383
vt 0.405878 0.170383
vt 0.405878 0.166295
vt 0.416330 0.199393
vt 0.415244 0.199393
vt 0.404564 0.190827
vt 0.405878 0.190827
vt 0.416330 0.193565
vt 0.415244 0.193565
vt 0.416330 0.187737
vt 0.415244 0.187737
vt 0.404564 0.162206
vt 0.405878 0.162206
vt 0.416330 0.181909
vt 0.415244 0.181909
vt 0.404564 0.186739
vt 0.405878 0.186739
vt 0.416330 0.176081
vt 0.415244 0.176081
vt 0.416330 0.170254
vt 0.415244 0.170254
vt 0.404564 0.158117
vt 0.405878 0.158117
vt 0.416330 0.164425
vt 0.415244 0.164425
vt 0.404564 0.182649
vt 0.405878 0.182649
vt 0.416330 0.158597
vt 0.415244 0.158597
vt 0.416330 0.152770
vt 0.415244 0.152770
vt 0.404564 0.154029
vt 0.405878 0.154029
vt 0.416330 0.146942
vt 0.415244 0.146942
vt 0.404564 0.178561
vt 0.405878 0.178561
vt 0.416330 0.141114
vt 0.415244 0.141114
vt 0.416330 0.135286
vt 0.415244 0.135286
vt 0.404564 0.149940
vt 0.405878 0.149940
vt 0.416330 0.129458
vt 0.415244 0.129458
vt 0.404564 0.174472
vt 0.405878 0.174472
vt 0.416330 0.123630
vt 0.415244 0.123630
vt 0.416330 0.117803
vt 0.415244 0.117803
vt 0.404564 0.145851
vt 0.405878 0.145851
vt 0.416330 0.111975
vt 0.415244 0.111975
vt 0.416330 0.228531
vt 0.416330 0.222704
vt 0.415244 0.222704
vt 0.415244 0.228531
vt 0.404564 0.203094
vt 0.405878 0.203094
vt 0.404564 0.207183
vt 0.405878 0.207183
vt 0.404564 0.211271
vt 0.405878 0.211271
vt 0.404564 0.215360
vt 0.405878 0.215360
vt 0.404564 0.133585
vt 0.404564 0.137674
vt 0.405878 0.137674
vt 0.405878 0.133585
vt 0.404564 0.141762
vt 0.405878 0.141762
vt 0.544325 0.620448
vt 0.536348 0.619184
vt 0.540236 0.620448
vt 0.548214 0.619185
vt 0.533040 0.616781
vt 0.551522 0.616782
vt 0.530636 0.613472
vt 0.553926 0.613474
vt 0.529373 0.609583
vt 0.555190 0.609585
vt 0.529374 0.605494
vt 0.555190 0.605496
vt 0.530638 0.601606
vt 0.533041 0.598298
vt 0.553927 0.601607
vt 0.536349 0.595894
vt 0.551524 0.598299
vt 0.540238 0.594632
vt 0.548216 0.595896
vt 0.544327 0.594632
s 0
usemtl round_wooden_table_01
f 5170/5088/4459 5175/5089/4459 5181/5090/4459
f 5206/5091/4459 5218/5092/4459 5232/5093/4459
f 5245/5094/4459 5256/5095/4459 5281/5096/4459
f 5375/5097/4459 5371/5098/4459 5366/5099/4459
f 5399/5100/4459 5393/5101/4459 5416/5102/4459
f 5449/5103/4459 5443/5104/4459 5478/5105/4459
f 5520/5106/4459 5557/5107/4459 5543/5108/4459
f 5579/5109/4459 5585/5110/4459 5590/5111/4459
f 5621/5112/4459 5627/5113/4459 5640/5114/4459
f 5652/5115/4459 5664/5116/4459 5689/5117/4459
f 5706/5118/4459 5717/5119/4459 5729/5120/4459
f 5784/5121/4459 5778/5122/4459 5772/5123/4459
f 5806/5124/4459 5800/5125/4459 5825/5126/4459
f 5887/5127/4459 5875/5128/4459 5862/5129/4459
f 5928/5130/4459 5965/5131/4459 5952/5132/4459
f 5181/5090/4459 5157/5133/4459 5170/5088/4459
f 5157/5133/4459 5162/5134/4459 5170/5088/4459
f 5162/5134/4459 5166/5135/4459 5170/5088/4459
f 5232/5093/4459 5186/5136/4459 5189/5137/4459
f 5189/5137/4459 5192/5138/4459 5232/5093/4459
f 5192/5138/4459 5195/5139/4459 5232/5093/4459
f 5195/5139/4459 5197/5140/4459 5200/5141/4459
f 5200/5141/4460 5203/5142/4460 5206/5091/4460
f 5206/5091/4459 5209/5143/4459 5218/5092/4459
f 5209/5143/4459 5212/5144/4459 5218/5092/4459
f 5212/5144/4459 5215/5145/4459 5218/5092/4459
f 5218/5092/4459 5221/5146/4459 5232/5093/4459
f 5221/5146/4459 5225/5147/4459 5232/5093/4459
f 5225/5147/4459 5228/5148/4459 5232/5093/4459
f 5195/5139/4459 5200/5141/4459 5232/5093/4459
f 5200/5141/4459 5206/5091/4459 5232/5093/4459
f 5295/5149/4459 5236/5150/4459 5245/5094/4459
f 5236/5150/4461 5239/5151/4461 5245/5094/4461
f 5239/5151/4462 5242/5152/4462 5245/5094/4462
f 5245/5094/4459 5248/5153/4459 5250/5154/4459
f 5250/5154/4459 5253/5155/4459 5245/5094/4459
f 5253/5155/4459 5256/5095/4459 5245/5094/4459
f 5256/5095/4459 5259/5156/4459 5262/5157/4459
f 5262/5157/4462 5265/5158/4462 5268/5159/4462
f 5268/5159/4459 5271/5160/4459 5281/5096/4459
f 5271/5160/4459 5274/5161/4459 5281/5096/4459
f 5274/5161/4459 5277/5162/4459 5281/5096/4459
f 5281/5096/4459 5284/5163/4459 5287/5164/4459
f 5287/5164/4461 5291/5165/4461 5295/5149/4461
f 5256/5095/4459 5262/5157/4459 5281/5096/4459
f 5262/5157/4459 5268/5159/4459 5281/5096/4459
f 5281/5096/4459 5287/5164/4459 5295/5149/4459
f 5295/5149/4459 5245/5094/4459 5281/5096/4459
f 5366/5099/4459 5360/5166/4459 5384/5167/4459
f 5384/5167/4459 5379/5168/4459 5366/5099/4459
f 5379/5168/4459 5375/5097/4459 5366/5099/4459
f 5393/5101/4459 5389/5169/4459 5436/5170/4459
f 5436/5170/4459 5433/5171/4459 5428/5172/4459
f 5428/5172/4459 5425/5173/4459 5422/5174/4459
f 5422/5174/4461 5419/5175/4461 5416/5102/4461
f 5416/5102/4459 5414/5176/4459 5411/5177/4459
f 5411/5177/4459 5408/5178/4459 5405/5179/4459
f 5405/5179/4459 5402/5180/4459 5399/5100/4459
f 5399/5100/4462 5396/5181/4462 5393/5101/4462
f 5393/5101/4459 5436/5170/4459 5428/5172/4459
f 5428/5172/4459 5422/5174/4459 5393/5101/4459
f 5422/5174/4459 5416/5102/4459 5393/5101/4459
f 5416/5102/4459 5411/5177/4459 5405/5179/4459
f 5405/5179/4462 5399/5100/4462 5416/5102/4462
f 5443/5104/4459 5439/5182/4459 5498/5183/4459
f 5498/5183/4459 5493/5184/4459 5443/5104/4459
f 5493/5184/4459 5490/5185/4459 5443/5104/4459
f 5490/5185/4462 5487/5186/4462 5484/5187/4462
f 5484/5187/4459 5481/5188/4459 5478/5105/4459
f 5478/5105/4459 5475/5189/4459 5472/5190/4459
f 5472/5190/4459 5470/5191/4459 5467/5192/4459
f 5467/5192/4462 5464/5193/4462 5461/5194/4462
f 5461/5194/4461 5458/5195/4461 5455/5196/4461
f 5455/5196/4459 5452/5197/4459 5449/5103/4459
f 5449/5103/4459 5446/5198/4459 5443/5104/4459
f 5490/5185/4459 5484/5187/4459 5443/5104/4459
f 5484/5187/4459 5478/5105/4459 5443/5104/4459
f 5478/5105/4459 5472/5190/4459 5467/5192/4459
f 5467/5192/4459 5461/5194/4459 5478/5105/4459
f 5461/5194/4459 5455/5196/4459 5478/5105/4459
f 5455/5196/4459 5449/5103/4459 5478/5105/4459
f 5543/5108/4459 5540/5199/4459 5532/5200/4459
f 5540/5199/4459 5537/5201/4459 5532/5200/4459
f 5537/5201/4459 5534/5202/4459 5532/5200/4459
f 5532/5200/4461 5529/5203/4461 5526/5204/4461
f 5526/5204/4459 5523/5205/4459 5520/5106/4459
f 5520/5106/4459 5517/5206/4459 5508/5207/4459
f 5517/5206/4461 5514/5208/4461 5508/5207/4461
f 5514/5208/4462 5511/5209/4462 5508/5207/4462
f 5508/5207/4459 5505/5210/4459 5501/5211/4459
f 5501/5211/4461 5560/5212/4461 5557/5107/4461
f 5557/5107/4459 5552/5213/4459 5543/5108/4459
f 5552/5213/4459 5549/5214/4459 5543/5108/4459
f 5549/5214/4459 5546/5215/4459 5543/5108/4459
f 5532/5200/4459 5526/5204/4459 5543/5108/4459
f 5526/5204/4459 5520/5106/4459 5543/5108/4459
f 5508/5207/4459 5501/5211/4459 5520/5106/4459
f 5501/5211/4459 5557/5107/4459 5520/5106/4459
f 5590/5111/4459 5564/5216/4459 5579/5109/4459
f 5564/5216/4459 5568/5217/4459 5579/5109/4459
f 5568/5217/4459 5573/5218/4459 5579/5109/4459
f 5640/5114/4462 5594/5219/4462 5602/5220/4462
f 5594/5219/4460 5596/5221/4460 5602/5220/4460
f 5596/5221/4459 5599/5222/4459 5602/5220/4459
f 5602/5220/4460 5605/5223/4460 5608/5224/4460
f 5608/5224/4459 5611/5225/4459 5614/5226/4459
f 5614/5226/4459 5617/5227/4459 5621/5112/4459
f 5621/5112/4459 5624/5228/4459 5627/5113/4459
f 5627/5113/4461 5630/5229/4461 5640/5114/4463
f 5630/5229/4463 5633/5230/4463 5640/5114/4463
f 5633/5230/4459 5636/5231/4459 5640/5114/4459
f 5602/5220/4462 5608/5224/4462 5640/5114/4462
f 5608/5224/4459 5614/5226/4459 5640/5114/4459
f 5614/5226/4459 5621/5112/4459 5640/5114/4459
f 5702/5232/4459 5644/5233/4459 5646/5234/4459
f 5646/5234/4459 5649/5235/4459 5702/5232/4459
f 5649/5235/4459 5652/5115/4459 5702/5232/4459
f 5652/5115/4459 5655/5236/4459 5658/5237/4459
f 5658/5237/4459 5661/5238/4459 5652/5115/4459
f 5661/5238/4459 5664/5116/4459 5652/5115/4459
f 5664/5116/4459 5667/5239/4459 5670/5240/4459
f 5670/5240/4459 5673/5241/4459 5664/5116/4459
f 5673/5241/4459 5677/5242/4459 5664/5116/4459
f 5677/5242/4459 5680/5243/4459 5683/5244/4459
f 5683/5244/4461 5686/5245/4461 5689/5117/4461
f 5689/5117/4459 5692/5246/4459 5702/5232/4459
f 5692/5246/4459 5695/5247/4459 5702/5232/4459
f 5695/5247/4459 5698/5248/4459 5702/5232/4459
f 5677/5242/4459 5683/5244/4459 5664/5116/4459
f 5683/5244/4459 5689/5117/4459 5664/5116/4459
f 5702/5232/4459 5652/5115/4459 5689/5117/4459
f 5742/5249/4462 5745/5250/4462 5748/5251/4462
f 5748/5251/4459 5751/5252/4459 5754/5253/4459
f 5754/5253/4462 5757/5254/4462 5760/5255/4462
f 5760/5255/4459 5764/5256/4459 5754/5253/4459
f 5764/5256/4459 5706/5118/4459 5754/5253/4459
f 5706/5118/4459 5708/5257/4459 5711/5258/4459
f 5711/5258/4459 5714/5259/4459 5706/5118/4459
f 5714/5259/4459 5717/5119/4459 5706/5118/4459
f 5717/5119/4459 5720/5260/4459 5729/5120/4459
f 5720/5260/4459 5723/5261/4459 5729/5120/4459
f 5723/5261/4461 5726/5262/4461 5729/5120/4461
f 5729/5120/4459 5732/5263/4459 5736/5264/4459
f 5736/5264/4459 5739/5265/4459 5729/5120/4459
f 5739/5265/4459 5742/5249/4459 5729/5120/4459
f 5742/5249/4459 5748/5251/4459 5754/5253/4459
f 5742/5249/4459 5754/5253/4459 5729/5120/4459
f 5754/5253/4459 5706/5118/4459 5729/5120/4459
f 5772/5123/4459 5767/5266/4459 5793/5267/4459
f 5793/5267/4459 5789/5268/4459 5772/5123/4459
f 5789/5268/4459 5784/5121/4459 5772/5123/4459
f 5800/5125/4459 5797/5269/4459 5844/5270/4459
f 5844/5270/4461 5839/5271/4461 5836/5272/4461
f 5836/5272/4459 5834/5273/4459 5831/5274/4459
f 5831/5274/4459 5828/5275/4459 5825/5126/4459
f 5825/5126/4460 5822/5276/4460 5819/5277/4460
f 5819/5277/4462 5816/5278/4462 5813/5279/4462
f 5813/5279/4459 5809/5280/4459 5806/5124/4459
f 5806/5124/4459 5803/5281/4459 5800/5125/4459
f 5800/5125/4459 5844/5270/4459 5825/5126/4459
f 5844/5270/4459 5836/5272/4459 5825/5126/4459
f 5836/5272/4459 5831/5274/4459 5825/5126/4459
f 5825/5126/4459 5819/5277/4459 5813/5279/4459
f 5813/5279/4459 5806/5124/4459 5825/5126/4459
f 5850/5282/4462 5847/5283/4462 5906/5284/4462
f 5906/5284/4461 5901/5285/4461 5898/5286/4461
f 5898/5286/4459 5895/5287/4459 5893/5288/4459
f 5893/5288/4459 5890/5289/4459 5887/5127/4459
f 5887/5127/4459 5884/5290/4459 5875/5128/4459
f 5884/5290/4461 5881/5291/4461 5875/5128/4461
f 5881/5291/4459 5878/5292/4459 5875/5128/4459
f 5875/5128/4459 5872/5293/4459 5862/5129/4459
f 5872/5293/4459 5869/5294/4459 5862/5129/4459
f 5869/5294/4459 5866/5295/4459 5862/5129/4459
f 5862/5129/4459 5859/5296/4459 5856/5297/4459
f 5856/5297/4459 5853/5298/4459 5850/5282/4459
f 5850/5282/4459 5906/5284/4459 5898/5286/4459
f 5898/5286/4459 5893/5288/4459 5887/5127/4459
f 5862/5129/4459 5856/5297/4459 5887/5127/4459
f 5856/5297/4459 5850/5282/4459 5887/5127/4459
f 5850/5282/4459 5898/5286/4459 5887/5127/4459
f 5952/5132/4459 5949/5299/4459 5946/5300/4459
f 5946/5300/4459 5943/5301/4459 5952/5132/4459
f 5943/5301/4462 5940/5302/4462 5952/5132/4462
f 5940/5302/4459 5937/5303/4459 5928/5130/4459
f 5937/5303/4459 5934/5304/4459 5928/5130/4459
f 5934/5304/4459 5931/5305/4459 5928/5130/4459
f 5928/5130/4459 5924/5306/4459 5915/5307/4459
f 5924/5306/4459 5921/5308/4459 5915/5307/4459
f 5921/5308/4461 5918/5309/4461 5915/5307/4461
f 5915/5307/4459 5912/5310/4459 5965/5131/4459
f 5912/5310/4459 5909/5311/4459 5965/5131/4459
f 5909/5311/4459 5968/5312/4459 5965/5131/4459
f 5965/5131/4459 5960/5313/4459 5952/5132/4459
f 5960/5313/4459 5957/5314/4459 5952/5132/4459
f 5957/5314/4459 5955/5315/4459 5952/5132/4459
f 5952/5132/4459 5940/5302/4459 5928/5130/4459
f 5928/5130/4459 5915/5307/4459 5965/5131/4459
f 5155/5316/4464 5158/5317/4464 5163/5318/4464
f 5155/5316/4464 5163/5318/4464 5160/5319/4464
f 5161/5319/4465 5164/5318/4465 5168/5320/4465
f 5161/5319/4465 5168/5320/4465 5165/5321/4465
f 5167/5321/4466 5169/5320/4466 5173/5322/4466
f 5167/5321/4466 5173/5322/4466 5171/5323/4466
f 5172/5323/4467 5174/5322/4467 5179/5324/4467
f 5172/5323/4467 5179/5324/4467 5177/5325/4467
f 5176/5325/4468 5178/5324/4468 5184/5326/4468
f 5176/5325/4468 5184/5326/4468 5182/5327/4468
f 5180/5328/4469 5183/5329/4469 5159/5317/4469
f 5180/5328/4469 5159/5317/4469 5156/5316/4469
s 1
f 5185/5330/4470 5187/5331/4470 5190/5332/4471
f 5185/5330/4470 5190/5332/4471 5188/5333/4471
f 5188/5333/4471 5190/5332/4471 5193/5334/4472
f 5188/5333/4471 5193/5334/4472 5191/5335/4472
f 5191/5335/4472 5193/5334/4472 5196/5336/4473
f 5191/5335/4472 5196/5336/4473 5194/5337/4473
f 5194/5337/4473 5196/5336/4473 5199/5338/4465
f 5194/5337/4473 5199/5338/4465 5198/5339/4465
f 5198/5339/4465 5199/5338/4465 5202/5340/4474
f 5198/5339/4465 5202/5340/4474 5201/5341/4474
f 5201/5341/4474 5202/5340/4474 5205/5342/4475
f 5201/5341/4474 5205/5342/4475 5204/5343/4475
f 5204/5343/4475 5205/5342/4475 5208/5344/4476
f 5204/5343/4475 5208/5344/4476 5207/5345/4476
f 5207/5345/4476 5208/5344/4476 5211/5346/4477
f 5207/5345/4476 5211/5346/4477 5210/5347/4477
f 5210/5347/4477 5211/5346/4477 5214/5348/4478
f 5210/5347/4477 5214/5348/4478 5213/5349/4478
f 5213/5349/4478 5214/5348/4478 5217/5350/4479
f 5213/5349/4478 5217/5350/4479 5216/5351/4479
f 5216/5351/4479 5217/5350/4479 5220/5352/4480
f 5216/5351/4479 5220/5352/4480 5219/5353/4480
f 5219/5353/4480 5220/5352/4480 5223/5354/4468
f 5219/5353/4480 5223/5354/4468 5222/5355/4468
f 5222/5355/4468 5223/5354/4468 5226/5356/4481
f 5222/5355/4468 5226/5356/4481 5224/5357/4481
f 5224/5357/4481 5226/5356/4481 5229/5358/4482
f 5224/5357/4481 5229/5358/4482 5227/5359/4482
f 5227/5359/4482 5229/5358/4482 5233/5360/4483
f 5227/5359/4482 5233/5360/4483 5230/5361/4483
f 5231/5362/4484 5234/5363/4484 5187/5331/4470
f 5231/5362/4484 5187/5331/4470 5185/5330/4470
f 5334/5364/4485 5335/5365/4485 5338/5366/4486
f 5334/5364/4485 5338/5366/4486 5337/5367/4486
f 5235/5368/4470 5237/5369/4470 5240/5370/4487
f 5235/5368/4470 5240/5370/4487 5238/5371/4487
f 5238/5371/4487 5240/5370/4487 5243/5372/4488
f 5238/5371/4487 5243/5372/4488 5241/5373/4488
f 5313/5374/4465 5314/5375/4465 5317/5376/4489
f 5313/5374/4465 5317/5376/4489 5316/5377/4489
f 5241/5373/4488 5243/5372/4488 5246/5378/4490
f 5241/5373/4488 5246/5378/4490 5244/5379/4490
f 5331/5380/4491 5332/5381/4491 5335/5365/4485
f 5331/5380/4491 5335/5365/4485 5334/5364/4485
f 5244/5379/4490 5246/5378/4490 5249/5382/4492
f 5244/5379/4490 5249/5382/4492 5247/5383/4492
f 5247/5383/4492 5249/5382/4492 5252/5384/4465
f 5247/5383/4492 5252/5384/4465 5251/5385/4465
f 5309/5386/4492 5311/5387/4492 5314/5375/4465
f 5309/5386/4492 5314/5375/4465 5313/5374/4465
f 5251/5385/4465 5252/5384/4465 5255/5388/4489
f 5251/5385/4465 5255/5388/4489 5254/5389/4489
f 5328/5390/4477 5329/5391/4477 5332/5381/4491
f 5328/5390/4477 5332/5381/4491 5331/5380/4491
f 5254/5389/4489 5255/5388/4489 5258/5392/4493
f 5254/5389/4489 5258/5392/4493 5257/5393/4493
f 5257/5393/4493 5258/5392/4493 5261/5394/4494
f 5257/5393/4493 5261/5394/4494 5260/5395/4494
f 5306/5396/4490 5308/5397/4490 5311/5387/4492
f 5306/5396/4490 5311/5387/4492 5309/5386/4492
f 5260/5395/4494 5261/5394/4494 5264/5398/4495
f 5260/5395/4494 5264/5398/4495 5263/5399/4495
f 5325/5400/4495 5326/5401/4495 5329/5391/4477
f 5325/5400/4495 5329/5391/4477 5328/5390/4477
f 5263/5399/4495 5264/5398/4495 5267/5402/4477
f 5263/5399/4495 5267/5402/4477 5266/5403/4477
f 5266/5403/4477 5267/5402/4477 5270/5404/4491
f 5266/5403/4477 5270/5404/4491 5269/5405/4491
f 5303/5406/4488 5305/5407/4488 5308/5397/4490
f 5303/5406/4488 5308/5397/4490 5306/5396/4490
f 5269/5405/4491 5270/5404/4491 5273/5408/4485
f 5269/5405/4491 5273/5408/4485 5272/5409/4485
f 5322/5410/4494 5323/5411/4494 5326/5401/4495
f 5322/5410/4494 5326/5401/4495 5325/5400/4495
f 5272/5409/4485 5273/5408/4485 5276/5412/4486
f 5272/5409/4485 5276/5412/4486 5275/5413/4486
f 5275/5413/4486 5276/5412/4486 5279/5414/4496
f 5275/5413/4486 5279/5414/4496 5278/5415/4496
f 5300/5416/4487 5302/5417/4487 5305/5407/4488
f 5300/5416/4487 5305/5407/4488 5303/5406/4488
f 5278/5415/4496 5279/5414/4496 5282/5418/4468
f 5278/5415/4496 5282/5418/4468 5280/5419/4468
f 5319/5420/4493 5320/5421/4493 5323/5411/4494
f 5319/5420/4493 5323/5411/4494 5322/5410/4494
f 5280/5419/4468 5282/5418/4468 5285/5422/4497
f 5280/5419/4468 5285/5422/4497 5283/5423/4497
f 5283/5423/4497 5285/5422/4497 5288/5424/4498
f 5283/5423/4497 5288/5424/4498 5286/5425/4498
f 5297/5426/4470 5299/5427/4470 5302/5417/4487
f 5297/5426/4470 5302/5417/4487 5300/5416/4487
f 5286/5425/4498 5288/5424/4498 5292/5428/4499
f 5286/5425/4498 5292/5428/4499 5289/5429/4499
f 5290/5430/4499 5293/5431/4499 5296/5432/4500
f 5290/5430/4499 5296/5432/4500 5294/5433/4500
f 5316/5377/4489 5317/5376/4489 5320/5421/4493
f 5316/5377/4489 5320/5421/4493 5319/5420/4493
f 5294/5433/4500 5296/5432/4500 5237/5369/4470
f 5294/5433/4500 5237/5369/4470 5235/5368/4470
f 5337/5367/4486 5338/5366/4486 5341/5434/4496
f 5337/5367/4486 5341/5434/4496 5340/5435/4496
f 5340/5435/4496 5341/5434/4496 5344/5436/4468
f 5340/5435/4496 5344/5436/4468 5343/5437/4468
f 5343/5437/4468 5344/5436/4468 5347/5438/4497
f 5343/5437/4468 5347/5438/4497 5345/5439/4497
f 5345/5439/4497 5347/5438/4497 5350/5440/4498
f 5345/5439/4497 5350/5440/4498 5348/5441/4498
f 5348/5441/4498 5350/5440/4498 5355/5442/4499
f 5348/5441/4498 5355/5442/4499 5352/5443/4501
f 5351/5444/4502 5354/5445/4499 5358/5446/4500
f 5351/5444/4502 5358/5446/4500 5356/5447/4500
f 5356/5447/4500 5358/5446/4500 5299/5427/4470
f 5356/5447/4500 5299/5427/4470 5297/5426/4470
s 0
f 5359/5448/4503 5365/5449/4503 5368/5450/4503
f 5359/5448/4503 5368/5450/4503 5362/5451/4503
f 5364/5449/4504 5369/5452/4504 5372/5453/4504
f 5364/5449/4504 5372/5453/4504 5367/5450/4504
f 5370/5452/4505 5374/5454/4505 5377/5455/4505
f 5370/5452/4505 5377/5455/4505 5373/5453/4505
f 5376/5454/4506 5380/5456/4506 5382/5457/4506
f 5376/5454/4506 5382/5457/4506 5378/5455/4506
f 5381/5456/4507 5386/5458/4507 5388/5459/4507
f 5381/5456/4507 5388/5459/4507 5383/5457/4507
f 5385/5460/4508 5361/5448/4508 5363/5451/4508
f 5385/5460/4508 5363/5451/4508 5387/5461/4508
s 1
f 5390/5462/4509 5392/5463/4510 5394/5464/4510
f 5390/5462/4509 5394/5464/4510 5391/5465/4509
f 5392/5463/4510 5395/5466/4511 5397/5467/4511
f 5392/5463/4510 5397/5467/4511 5394/5464/4510
f 5395/5466/4511 5398/5468/4512 5400/5469/4513
f 5395/5466/4511 5400/5469/4513 5397/5467/4511
f 5398/5468/4512 5401/5470/4504 5403/5471/4504
f 5398/5468/4512 5403/5471/4504 5400/5469/4513
f 5401/5470/4504 5404/5472/4514 5406/5473/4514
f 5401/5470/4504 5406/5473/4514 5403/5471/4504
f 5404/5472/4514 5407/5474/4515 5409/5475/4515
f 5404/5472/4514 5409/5475/4515 5406/5473/4514
f 5407/5474/4515 5410/5476/4516 5412/5477/4517
f 5407/5474/4515 5412/5477/4517 5409/5475/4515
f 5410/5476/4516 5413/5478/4518 5415/5479/4518
f 5410/5476/4516 5415/5479/4518 5412/5477/4517
f 5413/5478/4518 5417/5480/4519 5418/5481/4519
f 5413/5478/4518 5418/5481/4519 5415/5479/4518
f 5417/5480/4519 5420/5482/4520 5421/5483/4520
f 5417/5480/4519 5421/5483/4520 5418/5481/4519
f 5420/5482/4520 5423/5484/4521 5424/5485/4521
f 5420/5482/4520 5424/5485/4521 5421/5483/4520
f 5423/5484/4521 5426/5486/4507 5427/5487/4507
f 5423/5484/4521 5427/5487/4507 5424/5485/4521
f 5426/5486/4507 5429/5488/4522 5431/5489/4522
f 5426/5486/4507 5431/5489/4522 5427/5487/4507
f 5430/5490/4523 5434/5491/4524 5435/5492/4524
f 5430/5490/4523 5435/5492/4524 5432/5493/4522
f 5434/5491/4524 5437/5494/4525 5438/5495/4525
f 5434/5491/4524 5438/5495/4525 5435/5492/4524
f 5437/5494/4525 5390/5462/4509 5391/5465/4509
f 5437/5494/4525 5391/5465/4509 5438/5495/4525
f 5538/5496/4526 5541/5497/4527 5542/5498/4527
f 5538/5496/4526 5542/5498/4527 5539/5499/4526
f 5440/5500/4509 5442/5501/4528 5444/5502/4528
f 5440/5500/4509 5444/5502/4528 5441/5503/4509
f 5442/5501/4528 5445/5504/4529 5447/5505/4529
f 5442/5501/4528 5447/5505/4529 5444/5502/4528
f 5516/5506/4504 5519/5507/4530 5521/5508/4530
f 5516/5506/4504 5521/5508/4530 5518/5509/4504
f 5445/5504/4529 5448/5510/4531 5450/5511/4531
f 5445/5504/4529 5450/5511/4531 5447/5505/4529
f 5535/5512/4532 5538/5496/4526 5539/5499/4526
f 5535/5512/4532 5539/5499/4526 5536/5513/4532
f 5448/5510/4531 5451/5514/4533 5453/5515/4533
f 5448/5510/4531 5453/5515/4533 5450/5511/4531
f 5451/5514/4533 5454/5516/4504 5456/5517/4504
f 5451/5514/4533 5456/5517/4504 5453/5515/4533
f 5513/5518/4533 5516/5506/4504 5518/5509/4504
f 5513/5518/4533 5518/5509/4504 5515/5519/4533
f 5454/5516/4504 5457/5520/4530 5459/5521/4530
f 5454/5516/4504 5459/5521/4530 5456/5517/4504
f 5531/5522/4518 5535/5512/4532 5536/5513/4532
f 5531/5522/4518 5536/5513/4532 5533/5523/4518
f 5457/5520/4530 5460/5524/4534 5462/5525/4534
f 5457/5520/4530 5462/5525/4534 5459/5521/4530
f 5460/5524/4534 5463/5526/4535 5465/5527/4535
f 5460/5524/4534 5465/5527/4535 5462/5525/4534
f 5510/5528/4536 5513/5518/4533 5515/5519/4533
f 5510/5528/4536 5515/5519/4533 5512/5529/4531
f 5463/5526/4535 5466/5530/4537 5468/5531/4537
f 5463/5526/4535 5468/5531/4537 5465/5527/4535
f 5528/5532/4537 5531/5522/4518 5533/5523/4518
f 5528/5532/4537 5533/5523/4518 5530/5533/4537
f 5466/5530/4537 5469/5534/4518 5471/5535/4518
f 5466/5530/4537 5471/5535/4518 5468/5531/4537
f 5469/5534/4518 5473/5536/4532 5474/5537/4532
f 5469/5534/4518 5474/5537/4532 5471/5535/4518
f 5507/5538/4529 5510/5528/4536 5512/5529/4531
f 5507/5538/4529 5512/5529/4531 5509/5539/4529
f 5473/5536/4532 5476/5540/4526 5477/5541/4526
f 5473/5536/4532 5477/5541/4526 5474/5537/4532
f 5525/5542/4535 5528/5532/4537 5530/5533/4537
f 5525/5542/4535 5530/5533/4537 5527/5543/4535
f 5476/5540/4526 5479/5544/4527 5480/5545/4527
f 5476/5540/4526 5480/5545/4527 5477/5541/4526
f 5479/5544/4527 5482/5546/4538 5483/5547/4538
f 5479/5544/4527 5483/5547/4538 5480/5545/4527
f 5504/5548/4528 5507/5538/4529 5509/5539/4529
f 5504/5548/4528 5509/5539/4529 5506/5549/4528
f 5482/5546/4538 5485/5550/4507 5486/5551/4507
f 5482/5546/4538 5486/5551/4507 5483/5547/4538
f 5522/5552/4534 5525/5542/4535 5527/5543/4535
f 5522/5552/4534 5527/5543/4535 5524/5553/4534
f 5485/5550/4507 5488/5554/4539 5489/5555/4539
f 5485/5550/4507 5489/5555/4539 5486/5551/4507
f 5488/5554/4539 5491/5556/4540 5492/5557/4540
f 5488/5554/4539 5492/5557/4540 5489/5555/4539
f 5502/5558/4509 5504/5548/4528 5506/5549/4528
f 5502/5558/4509 5506/5549/4528 5503/5559/4509
f 5491/5556/4540 5494/5560/4541 5496/5561/4541
f 5491/5556/4540 5496/5561/4541 5492/5557/4540
f 5495/5562/4542 5499/5563/4543 5500/5564/4543
f 5495/5562/4542 5500/5564/4543 5497/5565/4544
f 5519/5507/4530 5522/5552/4534 5524/5553/4534
f 5519/5507/4530 5524/5553/4534 5521/5508/4530
f 5499/5563/4543 5440/5500/4509 5441/5503/4509
f 5499/5563/4543 5441/5503/4509 5500/5564/4543
f 5541/5497/4527 5544/5566/4538 5545/5567/4538
f 5541/5497/4527 5545/5567/4538 5542/5498/4527
f 5544/5566/4538 5547/5568/4507 5548/5569/4507
f 5544/5566/4538 5548/5569/4507 5545/5567/4538
f 5547/5568/4507 5550/5570/4539 5551/5571/4539
f 5547/5568/4507 5551/5571/4539 5548/5569/4507
f 5550/5570/4539 5553/5572/4540 5555/5573/4540
f 5550/5570/4539 5555/5573/4540 5551/5571/4539
f 5554/5574/4540 5558/5575/4544 5559/5576/4544
f 5554/5574/4540 5559/5576/4544 5556/5577/4540
f 5558/5575/4544 5561/5578/4543 5562/5579/4543
f 5558/5575/4544 5562/5579/4543 5559/5576/4544
f 5561/5578/4543 5502/5558/4509 5503/5559/4509
f 5561/5578/4543 5503/5559/4509 5562/5579/4543
s 0
f 5565/5580/4545 5567/5581/4545 5571/5582/4545
f 5565/5580/4545 5571/5582/4545 5569/5583/4545
f 5570/5583/4477 5572/5582/4477 5577/5584/4477
f 5570/5583/4477 5577/5584/4477 5575/5585/4477
f 5574/5585/4546 5576/5584/4546 5582/5586/4546
f 5574/5585/4546 5582/5586/4546 5580/5587/4546
f 5578/5587/4547 5581/5586/4547 5587/5588/4547
f 5578/5587/4547 5587/5588/4547 5584/5589/4547
f 5583/5589/4470 5586/5588/4470 5591/5590/4470
f 5583/5589/4470 5591/5590/4470 5588/5591/4470
f 5589/5591/4548 5592/5590/4548 5566/5592/4548
f 5589/5591/4548 5566/5592/4548 5563/5593/4548
s 1
f 5593/5594/4465 5595/5595/4465 5598/5596/4474
f 5593/5594/4465 5598/5596/4474 5597/5597/4474
f 5597/5597/4474 5598/5596/4474 5601/5598/4475
f 5597/5597/4474 5601/5598/4475 5600/5599/4475
f 5600/5599/4475 5601/5598/4475 5604/5600/4476
f 5600/5599/4475 5604/5600/4476 5603/5601/4476
f 5603/5601/4476 5604/5600/4476 5607/5602/4477
f 5603/5601/4476 5607/5602/4477 5606/5603/4477
f 5606/5603/4477 5607/5602/4477 5610/5604/4478
f 5606/5603/4477 5610/5604/4478 5609/5605/4478
f 5609/5605/4478 5610/5604/4478 5613/5606/4479
f 5609/5605/4478 5613/5606/4479 5612/5607/4479
f 5612/5607/4479 5613/5606/4479 5616/5608/4480
f 5612/5607/4479 5616/5608/4480 5615/5609/4480
f 5615/5609/4480 5616/5608/4480 5619/5610/4468
f 5615/5609/4480 5619/5610/4468 5618/5611/4468
f 5618/5611/4468 5619/5610/4468 5622/5612/4481
f 5618/5611/4468 5622/5612/4481 5620/5613/4481
f 5620/5613/4481 5622/5612/4481 5625/5614/4482
f 5620/5613/4481 5625/5614/4482 5623/5615/4482
f 5623/5615/4482 5625/5614/4482 5628/5616/4483
f 5623/5615/4482 5628/5616/4483 5626/5617/4483
f 5626/5617/4483 5628/5616/4483 5631/5618/4470
f 5626/5617/4483 5631/5618/4470 5629/5619/4470
f 5629/5619/4470 5631/5618/4470 5634/5620/4471
f 5629/5619/4470 5634/5620/4471 5632/5621/4471
f 5632/5621/4471 5634/5620/4471 5637/5622/4472
f 5632/5621/4471 5637/5622/4472 5635/5623/4472
f 5635/5623/4472 5637/5622/4472 5641/5624/4473
f 5635/5623/4472 5641/5624/4473 5638/5625/4473
f 5639/5626/4549 5642/5627/4550 5595/5595/4465
f 5639/5626/4549 5595/5595/4465 5593/5594/4465
f 5741/5628/4498 5743/5629/4498 5746/5630/4499
f 5741/5628/4498 5746/5630/4499 5744/5631/4499
f 5643/5632/4465 5645/5633/4465 5648/5634/4489
f 5643/5632/4465 5648/5634/4489 5647/5635/4489
f 5647/5635/4489 5648/5634/4489 5651/5636/4493
f 5647/5635/4489 5651/5636/4493 5650/5637/4493
f 5721/5638/4477 5722/5639/4477 5725/5640/4491
f 5721/5638/4477 5725/5640/4491 5724/5641/4491
f 5650/5637/4493 5651/5636/4493 5654/5642/4494
f 5650/5637/4493 5654/5642/4494 5653/5643/4494
f 5738/5644/4497 5740/5645/4497 5743/5629/4498
f 5738/5644/4497 5743/5629/4498 5741/5628/4498
f 5653/5643/4494 5654/5642/4494 5657/5646/4495
f 5653/5643/4494 5657/5646/4495 5656/5647/4495
f 5656/5647/4495 5657/5646/4495 5660/5648/4477
f 5656/5647/4495 5660/5648/4477 5659/5649/4477
f 5718/5650/4551 5719/5651/4495 5722/5639/4477
f 5718/5650/4551 5722/5639/4477 5721/5638/4477
f 5659/5649/4477 5660/5648/4477 5663/5652/4491
f 5659/5649/4477 5663/5652/4491 5662/5653/4491
f 5735/5654/4468 5737/5655/4468 5740/5645/4497
f 5735/5654/4468 5740/5645/4497 5738/5644/4497
f 5662/5653/4491 5663/5652/4491 5666/5656/4485
f 5662/5653/4491 5666/5656/4485 5665/5657/4485
f 5665/5657/4485 5666/5656/4485 5669/5658/4486
f 5665/5657/4485 5669/5658/4486 5668/5659/4486
f 5715/5660/4494 5716/5661/4494 5719/5651/4495
f 5715/5660/4494 5719/5651/4495 5718/5650/4551
f 5668/5659/4486 5669/5658/4486 5672/5662/4496
f 5668/5659/4486 5672/5662/4496 5671/5663/4496
f 5733/5664/4496 5734/5665/4496 5737/5655/4468
f 5733/5664/4496 5737/5655/4468 5735/5654/4468
f 5671/5663/4496 5672/5662/4496 5675/5666/4468
f 5671/5663/4496 5675/5666/4468 5674/5667/4468
f 5674/5667/4468 5675/5666/4468 5678/5668/4497
f 5674/5667/4468 5678/5668/4497 5676/5669/4497
f 5712/5670/4493 5713/5671/4493 5716/5661/4494
f 5712/5670/4493 5716/5661/4494 5715/5660/4494
f 5676/5669/4497 5678/5668/4497 5681/5672/4498
f 5676/5669/4497 5681/5672/4498 5679/5673/4498
f 5730/5674/4486 5731/5675/4486 5734/5665/4496
f 5730/5674/4486 5734/5665/4496 5733/5664/4496
f 5679/5673/4498 5681/5672/4498 5684/5676/4499
f 5679/5673/4498 5684/5676/4499 5682/5677/4499
f 5682/5677/4499 5684/5676/4499 5687/5678/4500
f 5682/5677/4499 5687/5678/4500 5685/5679/4500
f 5709/5680/4489 5710/5681/4489 5713/5671/4493
f 5709/5680/4489 5713/5671/4493 5712/5670/4493
f 5685/5679/4500 5687/5678/4500 5690/5682/4470
f 5685/5679/4500 5690/5682/4470 5688/5683/4470
f 5727/5684/4485 5728/5685/4485 5731/5675/4486
f 5727/5684/4485 5731/5675/4486 5730/5674/4486
f 5688/5683/4470 5690/5682/4470 5693/5686/4487
f 5688/5683/4470 5693/5686/4487 5691/5687/4487
f 5691/5687/4487 5693/5686/4487 5696/5688/4488
f 5691/5687/4487 5696/5688/4488 5694/5689/4488
f 5705/5690/4465 5707/5691/4465 5710/5681/4489
f 5705/5690/4465 5710/5681/4489 5709/5680/4489
f 5694/5689/4488 5696/5688/4488 5699/5692/4490
f 5694/5689/4488 5699/5692/4490 5697/5693/4490
f 5697/5693/4490 5699/5692/4490 5704/5694/4552
f 5697/5693/4490 5704/5694/4552 5701/5695/4492
f 5724/5641/4491 5725/5640/4491 5728/5685/4485
f 5724/5641/4491 5728/5685/4485 5727/5684/4485
f 5700/5696/4492 5703/5697/4492 5645/5633/4465
f 5700/5696/4492 5645/5633/4465 5643/5632/4465
f 5744/5631/4499 5746/5630/4499 5749/5698/4500
f 5744/5631/4499 5749/5698/4500 5747/5699/4500
f 5747/5699/4500 5749/5698/4500 5752/5700/4470
f 5747/5699/4500 5752/5700/4470 5750/5701/4470
f 5750/5701/4470 5752/5700/4470 5755/5702/4487
f 5750/5701/4470 5755/5702/4487 5753/5703/4487
f 5753/5703/4487 5755/5702/4487 5758/5704/4488
f 5753/5703/4487 5758/5704/4488 5756/5705/4488
f 5756/5705/4488 5758/5704/4488 5761/5706/4490
f 5756/5705/4488 5761/5706/4490 5759/5707/4490
f 5759/5707/4490 5761/5706/4490 5766/5708/4552
f 5759/5707/4490 5766/5708/4552 5763/5709/4552
f 5762/5710/4492 5765/5711/4492 5707/5691/4465
f 5762/5710/4492 5707/5691/4465 5705/5690/4465
f 5769/5712/4553 5774/5713/4553 5776/5714/4553
s 0
f 5769/5712/4553 5776/5714/4553 5771/5715/4553
s 1
f 5773/5713/4509 5779/5716/4509 5781/5717/4509
s 0
f 5773/5713/4509 5781/5717/4509 5775/5714/4509
f 5777/5716/4554 5783/5718/4554 5786/5719/4554
f 5777/5716/4554 5786/5719/4554 5780/5717/4554
f 5782/5718/4555 5787/5720/4555 5790/5721/4555
f 5782/5718/4555 5790/5721/4555 5785/5719/4555
f 5788/5720/4518 5792/5722/4518 5795/5723/4518
f 5788/5720/4518 5795/5723/4518 5791/5721/4518
f 5794/5724/4556 5768/5712/4556 5770/5715/4556
f 5794/5724/4556 5770/5715/4556 5796/5725/4556
s 1
f 5798/5726/4507 5801/5727/4522 5802/5728/4522
f 5798/5726/4507 5802/5728/4522 5799/5729/4507
f 5801/5727/4522 5804/5730/4524 5805/5731/4524
f 5801/5727/4522 5805/5731/4524 5802/5728/4522
f 5804/5730/4524 5807/5732/4525 5808/5733/4525
f 5804/5730/4524 5808/5733/4525 5805/5731/4524
f 5807/5732/4525 5810/5734/4509 5811/5735/4509
f 5807/5732/4525 5811/5735/4509 5808/5733/4525
f 5810/5734/4509 5812/5736/4510 5814/5737/4510
f 5810/5734/4509 5814/5737/4510 5811/5735/4509
f 5812/5736/4510 5815/5738/4511 5817/5739/4511
f 5812/5736/4510 5817/5739/4511 5814/5737/4510
f 5815/5738/4511 5818/5740/4512 5820/5741/4512
f 5815/5738/4511 5820/5741/4512 5817/5739/4511
f 5818/5740/4512 5821/5742/4504 5823/5743/4504
f 5818/5740/4512 5823/5743/4504 5820/5741/4512
f 5821/5742/4504 5824/5744/4514 5826/5745/4514
f 5821/5742/4504 5826/5745/4514 5823/5743/4504
f 5824/5744/4514 5827/5746/4515 5829/5747/4515
f 5824/5744/4514 5829/5747/4515 5826/5745/4514
f 5827/5746/4515 5830/5748/4516 5832/5749/4517
f 5827/5746/4515 5832/5749/4517 5829/5747/4515
f 5830/5748/4516 5833/5750/4518 5835/5751/4518
f 5830/5748/4516 5835/5751/4518 5832/5749/4517
f 5833/5750/4518 5837/5752/4519 5838/5753/4519
f 5833/5750/4518 5838/5753/4519 5835/5751/4518
f 5837/5752/4519 5840/5754/4557 5842/5755/4557
f 5837/5752/4519 5842/5755/4557 5838/5753/4519
f 5841/5756/4520 5845/5757/4521 5846/5758/4521
f 5841/5756/4520 5846/5758/4521 5843/5759/4520
f 5845/5757/4521 5798/5726/4507 5799/5729/4507
f 5845/5757/4521 5799/5729/4507 5846/5758/4521
f 5945/5760/4534 5948/5761/4535 5950/5762/4535
f 5945/5760/4534 5950/5762/4535 5947/5763/4534
f 5848/5764/4507 5851/5765/4539 5852/5766/4539
f 5848/5764/4507 5852/5766/4539 5849/5767/4507
f 5851/5765/4539 5854/5768/4540 5855/5769/4540
f 5851/5765/4539 5855/5769/4540 5852/5766/4539
f 5925/5770/4509 5927/5771/4528 5929/5772/4528
f 5925/5770/4509 5929/5772/4528 5926/5773/4509
f 5854/5768/4540 5857/5774/4544 5858/5775/4544
f 5854/5768/4540 5858/5775/4544 5855/5769/4540
f 5942/5776/4530 5945/5760/4534 5947/5763/4534
f 5942/5776/4530 5947/5763/4534 5944/5777/4530
f 5857/5774/4544 5860/5778/4543 5861/5779/4543
f 5857/5774/4544 5861/5779/4543 5858/5775/4544
f 5860/5778/4543 5863/5780/4509 5864/5781/4509
f 5860/5778/4543 5864/5781/4509 5861/5779/4543
f 5922/5782/4543 5925/5770/4509 5926/5773/4509
f 5922/5782/4543 5926/5773/4509 5923/5783/4543
f 5863/5780/4509 5865/5784/4528 5867/5785/4528
f 5863/5780/4509 5867/5785/4528 5864/5781/4509
f 5939/5786/4504 5942/5776/4530 5944/5777/4530
f 5939/5786/4504 5944/5777/4530 5941/5787/4504
f 5865/5784/4528 5868/5788/4529 5870/5789/4529
f 5865/5784/4528 5870/5789/4529 5867/5785/4528
f 5868/5788/4529 5871/5790/4531 5873/5791/4531
f 5868/5788/4529 5873/5791/4531 5870/5789/4529
f 5919/5792/4544 5922/5782/4543 5923/5783/4543
f 5919/5792/4544 5923/5783/4543 5920/5793/4544
f 5871/5790/4531 5874/5794/4533 5876/5795/4533
f 5871/5790/4531 5876/5795/4533 5873/5791/4531
f 5936/5796/4533 5939/5786/4504 5941/5787/4504
f 5936/5796/4533 5941/5787/4504 5938/5797/4533
f 5874/5794/4533 5877/5798/4504 5879/5799/4504
f 5874/5794/4533 5879/5799/4504 5876/5795/4533
f 5877/5798/4504 5880/5800/4530 5882/5801/4530
f 5877/5798/4504 5882/5801/4530 5879/5799/4504
f 5916/5802/4540 5919/5792/4544 5920/5793/4544
f 5916/5802/4540 5920/5793/4544 5917/5803/4540
f 5880/5800/4530 5883/5804/4534 5885/5805/4534
f 5880/5800/4530 5885/5805/4534 5882/5801/4530
f 5933/5806/4531 5936/5796/4533 5938/5797/4533
f 5933/5806/4531 5938/5797/4533 5935/5807/4531
f 5883/5804/4534 5886/5808/4535 5888/5809/4535
f 5883/5804/4534 5888/5809/4535 5885/5805/4534
f 5886/5808/4535 5889/5810/4537 5891/5811/4537
f 5886/5808/4535 5891/5811/4537 5888/5809/4535
f 5913/5812/4539 5916/5802/4540 5917/5803/4540
f 5913/5812/4539 5917/5803/4540 5914/5813/4539
f 5889/5810/4537 5892/5814/4518 5894/5815/4518
f 5889/5810/4537 5894/5815/4518 5891/5811/4537
f 5930/5816/4529 5933/5806/4531 5935/5807/4531
f 5930/5816/4529 5935/5807/4531 5932/5817/4529
f 5892/5814/4518 5896/5818/4532 5897/5819/4532
f 5892/5814/4518 5897/5819/4532 5894/5815/4518
f 5896/5818/4532 5899/5820/4526 5900/5821/4526
f 5896/5818/4532 5900/5821/4526 5897/5819/4532
f 5910/5822/4507 5913/5812/4539 5914/5813/4539
f 5910/5822/4507 5914/5813/4539 5911/5823/4507
f 5899/5820/4526 5903/5824/4558 5905/5825/4558
f 5899/5820/4526 5905/5825/4558 5900/5821/4526
f 5902/5826/4559 5907/5827/4538 5908/5828/4538
f 5902/5826/4559 5908/5828/4538 5904/5829/4559
f 5927/5771/4528 5930/5816/4529 5932/5817/4529
f 5927/5771/4528 5932/5817/4529 5929/5772/4528
f 5907/5827/4538 5848/5764/4507 5849/5767/4507
f 5907/5827/4538 5849/5767/4507 5908/5828/4538
f 5948/5761/4535 5951/5830/4537 5953/5831/4537
f 5948/5761/4535 5953/5831/4537 5950/5762/4535
f 5951/5830/4537 5954/5832/4518 5956/5833/4518
f 5951/5830/4537 5956/5833/4518 5953/5831/4537
f 5954/5832/4518 5958/5834/4532 5959/5835/4532
f 5954/5832/4518 5959/5835/4532 5956/5833/4518
f 5958/5834/4532 5961/5836/4560 5963/5837/4561
f 5958/5834/4532 5963/5837/4561 5959/5835/4532
f 5962/5838/4526 5966/5839/4527 5967/5840/4527
f 5962/5838/4526 5967/5840/4527 5964/5841/4526
f 5966/5839/4527 5969/5842/4538 5970/5843/4538
f 5966/5839/4527 5970/5843/4538 5967/5840/4527
f 5969/5842/4538 5910/5822/4507 5911/5823/4507
f 5969/5842/4538 5911/5823/4507 5970/5843/4538
s 0
f 5315/5844/4459 5310/5845/4459 5312/5846/4459
f 5310/5845/4459 5315/5844/4459 5318/5847/4459
f 5310/5845/4459 5318/5847/4459 5307/5848/4459
f 5307/5848/4459 5318/5847/4459 5321/5849/4459
f 5307/5848/4459 5321/5849/4459 5304/5850/4459
f 5304/5850/4459 5321/5849/4459 5324/5851/4459
f 5304/5850/4459 5324/5851/4459 5301/5852/4459
f 5301/5852/4459 5324/5851/4459 5327/5853/4459
f 5301/5852/4459 5327/5853/4459 5298/5854/4459
f 5298/5854/4459 5327/5853/4459 5330/5855/4459
f 5298/5854/4459 5330/5855/4459 5357/5856/4459
f 5357/5856/4459 5330/5855/4459 5353/5857/4459
f 5353/5857/4459 5330/5855/4459 5333/5858/4459
f 5353/5857/4459 5333/5858/4459 5349/5859/4459
f 5349/5859/4459 5333/5858/4459 5336/5860/4459
f 5349/5859/4459 5336/5860/4459 5346/5861/4459
f 5346/5861/4459 5336/5860/4459 5339/5862/4459
f 5346/5861/4459 5339/5862/4459 5342/5863/4459
