# 3ds Max Wavefront OBJ Exporter v0.97b - (c)2007 guruware
# File Created: 27.04.2020 18:57:25

mtllib wooden_airplane_toy_1.mtl

#
# object wooden_airplane_toy_1
#

v  1.2411 8.7507 3.8963
v  1.2411 9.2203 3.8679
v  -9.7839 9.2203 3.8679
v  -9.7839 8.7507 3.8963
v  1.2411 9.6831 3.7831
v  -9.7839 9.6831 3.7831
v  1.2411 10.1323 3.6431
v  -9.7839 10.1323 3.6431
v  1.2411 10.5614 3.4500
v  -9.7839 10.5614 3.4500
v  1.2411 10.9640 3.2066
v  -9.7839 10.9640 3.2066
v  1.2411 11.3344 2.9164
v  -9.7839 11.3344 2.9164
v  1.2411 11.6671 2.5837
v  -9.7839 11.6671 2.5837
v  1.2411 11.9573 2.2134
v  -9.7839 11.9573 2.2133
v  1.2411 12.2007 1.8107
v  -9.7839 12.2007 1.8107
v  1.2411 12.3938 1.3816
v  -9.7839 12.3938 1.3816
v  1.2411 12.5337 0.9324
v  -9.7839 12.5337 0.9324
v  1.2411 12.6186 0.4696
v  -9.7839 12.6186 0.4696
v  1.2411 12.6470 -0.0000
v  -9.7839 12.6470 -0.0000
v  1.2411 12.6186 -0.4696
v  -9.7839 12.6186 -0.4696
v  1.2411 12.5337 -0.9324
v  -9.7839 12.5337 -0.9324
v  1.2411 12.3938 -1.3816
v  -9.7839 12.3938 -1.3816
v  1.2411 12.2007 -1.8107
v  -9.7839 12.2007 -1.8107
v  1.2411 11.9573 -2.2134
v  -9.7839 11.9573 -2.2134
v  1.2411 11.6671 -2.5837
v  -9.7839 11.6671 -2.5837
v  1.2411 11.3344 -2.9164
v  -9.7839 11.3344 -2.9164
v  1.2411 10.9640 -3.2066
v  -9.7839 10.9640 -3.2066
v  1.2411 10.5614 -3.4500
v  -9.7839 10.5614 -3.4500
v  1.2411 10.1323 -3.6431
v  -9.7839 10.1323 -3.6431
v  1.2411 9.6831 -3.7831
v  -9.7839 9.6831 -3.7831
v  1.2411 9.2203 -3.8679
v  -9.7839 9.2203 -3.8679
v  1.2411 8.7507 -3.8963
v  -9.7839 8.7507 -3.8963
v  1.2411 8.2810 -3.8679
v  -9.7839 8.2810 -3.8679
v  1.2411 7.8182 -3.7831
v  -9.7839 7.8182 -3.7831
v  1.2411 7.3690 -3.6431
v  -9.7839 7.3690 -3.6431
v  1.2411 6.9400 -3.4500
v  -9.7839 6.9400 -3.4500
v  1.2411 6.5373 -3.2066
v  -9.7839 6.5373 -3.2066
v  1.2411 6.1669 -2.9164
v  -9.7839 6.1669 -2.9164
v  1.2411 5.8342 -2.5837
v  -9.7839 5.8342 -2.5837
v  1.2411 5.5441 -2.2133
v  -9.7839 5.5441 -2.2133
v  1.2411 5.3007 -1.8107
v  -9.7839 5.3007 -1.8107
v  1.2411 5.1076 -1.3816
v  -9.7839 5.1076 -1.3816
v  1.2411 4.9676 -0.9324
v  -9.7839 4.9676 -0.9324
v  1.2411 4.8828 -0.4696
v  -9.7839 4.8828 -0.4696
v  1.2411 4.8544 0.0000
v  -9.7839 4.8544 0.0000
v  1.2411 4.8828 0.4697
v  -9.7839 4.8828 0.4697
v  1.2411 4.9676 0.9325
v  -9.7839 4.9676 0.9325
v  1.2411 5.1076 1.3817
v  -9.7839 5.1076 1.3817
v  1.2411 5.3007 1.8107
v  -9.7839 5.3007 1.8107
v  1.2411 5.5441 2.2134
v  -9.7839 5.5441 2.2134
v  1.2411 5.8342 2.5837
v  -9.7839 5.8342 2.5837
v  1.2411 6.1669 2.9164
v  -9.7839 6.1669 2.9164
v  1.2411 6.5373 3.2066
v  -9.7839 6.5373 3.2066
v  1.2411 6.9400 3.4500
v  -9.7839 6.9400 3.4500
v  1.2411 7.3690 3.6431
v  -9.7839 7.3690 3.6431
v  1.2411 7.8182 3.7831
v  -9.7839 7.8182 3.7831
v  1.2411 8.2810 3.8679
v  -9.7839 8.2810 3.8679
v  -9.9470 8.7507 3.7913
v  -9.9470 9.2077 3.7636
v  -10.0021 9.2076 3.7631
v  -10.0021 8.7507 3.7907
v  -9.9470 9.6580 3.6811
v  -10.0021 9.6579 3.6806
v  -9.9470 10.0951 3.5449
v  -10.0021 10.0949 3.5444
v  -9.9470 10.5126 3.3570
v  -10.0021 10.5123 3.3565
v  -9.9470 10.9043 3.1201
v  -10.0021 10.9041 3.1197
v  -9.9470 11.2647 2.8378
v  -10.0021 11.2644 2.8374
v  -9.9470 11.5885 2.5141
v  -10.0021 11.5881 2.5137
v  -9.9470 11.8708 2.1537
v  -10.0021 11.8704 2.1534
v  -9.9470 12.1077 1.7619
v  -10.0021 12.1072 1.7616
v  -9.9470 12.2956 1.3444
v  -10.0021 12.2951 1.3442
v  -9.9470 12.4318 0.9073
v  -10.0021 12.4313 0.9072
v  -9.9470 12.5143 0.4570
v  -10.0021 12.5138 0.4569
v  -9.9470 12.5419 -0.0000
v  -10.0021 12.5414 -0.0000
v  -9.9470 12.5143 -0.4570
v  -10.0021 12.5138 -0.4569
v  -9.9470 12.4318 -0.9073
v  -10.0021 12.4313 -0.9072
v  -9.9470 12.2956 -1.3444
v  -10.0021 12.2951 -1.3442
v  -9.9470 12.1077 -1.7619
v  -10.0021 12.1072 -1.7616
v  -9.9470 11.8708 -2.1537
v  -10.0021 11.8704 -2.1534
v  -9.9470 11.5885 -2.5141
v  -10.0021 11.5881 -2.5137
v  -9.9470 11.2647 -2.8378
v  -10.0021 11.2644 -2.8374
v  -9.9470 10.9043 -3.1201
v  -10.0021 10.9041 -3.1197
v  -9.9470 10.5126 -3.3570
v  -10.0021 10.5123 -3.3565
v  -9.9470 10.0951 -3.5449
v  -10.0021 10.0949 -3.5444
v  -9.9470 9.6580 -3.6811
v  -10.0021 9.6578 -3.6806
v  -9.9470 9.2076 -3.7636
v  -10.0021 9.2076 -3.7631
v  -9.9470 8.7507 -3.7913
v  -10.0021 8.7507 -3.7907
v  -9.9470 8.2937 -3.7636
v  -10.0021 8.2937 -3.7631
v  -9.9470 7.8434 -3.6811
v  -10.0021 7.8435 -3.6806
v  -9.9470 7.4063 -3.5449
v  -10.0021 7.4064 -3.5444
v  -9.9470 6.9888 -3.3570
v  -10.0021 6.9890 -3.3565
v  -9.9470 6.5970 -3.1201
v  -10.0021 6.5973 -3.1197
v  -9.9470 6.2366 -2.8378
v  -10.0021 6.2369 -2.8374
v  -9.9470 5.9129 -2.5141
v  -10.0021 5.9133 -2.5137
v  -9.9470 5.6305 -2.1537
v  -10.0021 5.6309 -2.1534
v  -9.9470 5.3937 -1.7619
v  -10.0021 5.3941 -1.7616
v  -9.9470 5.2058 -1.3444
v  -10.0021 5.2063 -1.3442
v  -9.9470 5.0696 -0.9073
v  -10.0021 5.0701 -0.9072
v  -9.9470 4.9870 -0.4570
v  -10.0021 4.9876 -0.4569
v  -9.9470 4.9594 0.0000
v  -10.0021 4.9599 0.0000
v  -9.9470 4.9870 0.4570
v  -10.0021 4.9876 0.4569
v  -9.9470 5.0696 0.9073
v  -10.0021 5.0701 0.9072
v  -9.9470 5.2058 1.3444
v  -10.0021 5.2063 1.3442
v  -9.9470 5.3937 1.7619
v  -10.0021 5.3941 1.7616
v  -9.9470 5.6305 2.1537
v  -10.0021 5.6310 2.1534
v  -9.9470 5.9129 2.5141
v  -10.0021 5.9133 2.5137
v  -9.9470 6.2366 2.8378
v  -10.0021 6.2369 2.8374
v  -9.9470 6.5970 3.1202
v  -10.0021 6.5973 3.1197
v  -9.9470 6.9888 3.3570
v  -10.0021 6.9890 3.3565
v  -9.9470 7.4063 3.5449
v  -10.0021 7.4065 3.5444
v  -9.9470 7.8434 3.6811
v  -10.0021 7.8435 3.6806
v  -9.9470 8.2937 3.7636
v  -10.0021 8.2938 3.7631
v  -10.1672 8.7507 3.8927
v  -10.1672 9.2199 3.8643
v  -10.4322 9.2177 3.8464
v  -10.4322 8.7507 3.8747
v  -10.1672 9.6822 3.7796
v  -10.4322 9.6779 3.7621
v  -10.1672 10.1310 3.6397
v  -10.4322 10.1247 3.6229
v  -10.1672 10.5597 3.4468
v  -10.4322 10.5513 3.4309
v  -10.1672 10.9620 3.2036
v  -10.4322 10.9517 3.1888
v  -10.1672 11.3320 2.9137
v  -10.4322 11.3201 2.9003
v  -10.1672 11.6644 2.5813
v  -10.4322 11.6509 2.5694
v  -10.1672 11.9543 2.2113
v  -10.4322 11.9395 2.2011
v  -10.1672 12.1975 1.8090
v  -10.4322 12.1815 1.8007
v  -10.1672 12.3904 1.3804
v  -10.4322 12.3736 1.3740
v  -10.1672 12.5302 0.9316
v  -10.4322 12.5128 0.9273
v  -10.1672 12.6150 0.4692
v  -10.4322 12.5971 0.4670
v  -10.1672 12.6434 -0.0000
v  -10.4322 12.6254 -0.0000
v  -10.1672 12.6150 -0.4692
v  -10.4322 12.5971 -0.4670
v  -10.1672 12.5302 -0.9316
v  -10.4322 12.5128 -0.9273
v  -10.1672 12.3904 -1.3804
v  -10.4322 12.3736 -1.3740
v  -10.1672 12.1975 -1.8090
v  -10.4322 12.1815 -1.8007
v  -10.1672 11.9543 -2.2113
v  -10.4322 11.9395 -2.2011
v  -10.1672 11.6644 -2.5813
v  -10.4322 11.6509 -2.5694
v  -10.1672 11.3320 -2.9137
v  -10.4322 11.3201 -2.9003
v  -10.1672 10.9620 -3.2036
v  -10.4322 10.9517 -3.1888
v  -10.1672 10.5597 -3.4468
v  -10.4322 10.5513 -3.4309
v  -10.1672 10.1310 -3.6397
v  -10.4322 10.1247 -3.6229
v  -10.1672 9.6822 -3.7796
v  -10.4322 9.6779 -3.7621
v  -10.1672 9.2199 -3.8643
v  -10.4322 9.2177 -3.8465
v  -10.1672 8.7507 -3.8927
v  -10.4322 8.7507 -3.8747
v  -10.1672 8.2815 -3.8643
v  -10.4322 8.2836 -3.8464
v  -10.1672 7.8191 -3.7796
v  -10.4322 7.8234 -3.7621
v  -10.1672 7.3703 -3.6397
v  -10.4322 7.3767 -3.6229
v  -10.1672 6.9416 -3.4468
v  -10.4322 6.9500 -3.4309
v  -10.1672 6.5394 -3.2036
v  -10.4322 6.5496 -3.1888
v  -10.1672 6.1693 -2.9137
v  -10.4322 6.1813 -2.9003
v  -10.1672 5.8369 -2.5813
v  -10.4322 5.8504 -2.5694
v  -10.1672 5.5470 -2.2113
v  -10.4322 5.5618 -2.2011
v  -10.1672 5.3039 -1.8090
v  -10.4322 5.3198 -1.8007
v  -10.1672 5.1109 -1.3804
v  -10.4322 5.1278 -1.3740
v  -10.1672 4.9711 -0.9316
v  -10.4322 4.9886 -0.9273
v  -10.1672 4.8864 -0.4692
v  -10.4322 4.9042 -0.4670
v  -10.1672 4.8580 0.0000
v  -10.4322 4.8760 0.0000
v  -10.1672 4.8864 0.4692
v  -10.4322 4.9042 0.4670
v  -10.1672 4.9711 0.9316
v  -10.4322 4.9886 0.9273
v  -10.1672 5.1109 1.3804
v  -10.4322 5.1278 1.3740
v  -10.1672 5.3039 1.8090
v  -10.4322 5.3198 1.8007
v  -10.1672 5.5471 2.2113
v  -10.4322 5.5619 2.2011
v  -10.1672 5.8370 2.5813
v  -10.4322 5.8504 2.5694
v  -10.1672 6.1693 2.9137
v  -10.4322 6.1813 2.9003
v  -10.1672 6.5394 3.2036
v  -10.4322 6.5496 3.1888
v  -10.1672 6.9417 3.4468
v  -10.4322 6.9500 3.4309
v  -10.1672 7.3703 3.6397
v  -10.4322 7.3767 3.6229
v  -10.1672 7.8191 3.7796
v  -10.4322 7.8234 3.7621
v  -10.1672 8.2815 3.8643
v  -10.4322 8.2836 3.8464
v  -10.6975 8.7507 3.8378
v  -10.6975 9.2133 3.8098
v  -10.9478 9.2069 3.7572
v  -10.9478 8.7507 3.7848
v  -10.6975 9.6691 3.7263
v  -10.9478 9.6564 3.6748
v  -10.6975 10.1116 3.5884
v  -10.9478 10.0928 3.5388
v  -10.6975 10.5342 3.3982
v  -10.9478 10.5095 3.3513
v  -10.6975 10.9308 3.1584
v  -10.9478 10.9007 3.1148
v  -10.6975 11.2956 2.8726
v  -10.9478 11.2604 2.8330
v  -10.6975 11.6233 2.5449
v  -10.9478 11.5836 2.5098
v  -10.6975 11.9091 2.1801
v  -10.9478 11.8655 2.1500
v  -10.6975 12.1489 1.7835
v  -10.9478 12.1019 1.7589
v  -10.6975 12.3391 1.3609
v  -10.9478 12.2895 1.3421
v  -10.6975 12.4769 0.9184
v  -10.9478 12.4255 0.9058
v  -10.6975 12.5605 0.4626
v  -10.9478 12.5079 0.4562
v  -10.6975 12.5884 -0.0000
v  -10.9478 12.5355 -0.0000
v  -10.6975 12.5605 -0.4626
v  -10.9478 12.5079 -0.4562
v  -10.6975 12.4769 -0.9184
v  -10.9478 12.4255 -0.9058
v  -10.6975 12.3391 -1.3609
v  -10.9478 12.2895 -1.3421
v  -10.6975 12.1489 -1.7835
v  -10.9478 12.1019 -1.7589
v  -10.6975 11.9091 -2.1801
v  -10.9478 11.8655 -2.1500
v  -10.6975 11.6233 -2.5449
v  -10.9478 11.5836 -2.5098
v  -10.6975 11.2956 -2.8726
v  -10.9478 11.2604 -2.8330
v  -10.6975 10.9308 -3.1584
v  -10.9478 10.9007 -3.1148
v  -10.6975 10.5342 -3.3982
v  -10.9478 10.5095 -3.3513
v  -10.6975 10.1116 -3.5884
v  -10.9478 10.0928 -3.5388
v  -10.6975 9.6691 -3.7263
v  -10.9478 9.6564 -3.6748
v  -10.6975 9.2133 -3.8098
v  -10.9478 9.2069 -3.7572
v  -10.6975 8.7507 -3.8378
v  -10.9478 8.7507 -3.7848
v  -10.6975 8.2881 -3.8098
v  -10.9478 8.2945 -3.7572
v  -10.6975 7.8322 -3.7263
v  -10.9478 7.8449 -3.6748
v  -10.6975 7.3898 -3.5884
v  -10.9478 7.4086 -3.5388
v  -10.6975 6.9672 -3.3982
v  -10.9478 6.9918 -3.3513
v  -10.6975 6.5706 -3.1584
v  -10.9478 6.6007 -3.1148
v  -10.6975 6.2057 -2.8726
v  -10.9478 6.2409 -2.8330
v  -10.6975 5.8780 -2.5449
v  -10.9478 5.9177 -2.5098
v  -10.6975 5.5922 -2.1801
v  -10.9478 5.6358 -2.1500
v  -10.6975 5.3525 -1.7835
v  -10.9478 5.3994 -1.7589
v  -10.6975 5.1623 -1.3609
v  -10.9478 5.2118 -1.3421
v  -10.6975 5.0244 -0.9184
v  -10.9478 5.0759 -0.9058
v  -10.6975 4.9409 -0.4626
v  -10.9478 4.9935 -0.4562
v  -10.6975 4.9129 0.0000
v  -10.9478 4.9659 0.0000
v  -10.6975 4.9409 0.4626
v  -10.9478 4.9935 0.4562
v  -10.6975 5.0244 0.9184
v  -10.9478 5.0759 0.9058
v  -10.6975 5.1623 1.3609
v  -10.9478 5.2118 1.3421
v  -10.6975 5.3525 1.7835
v  -10.9478 5.3994 1.7589
v  -10.6975 5.5922 2.1801
v  -10.9478 5.6359 2.1500
v  -10.6975 5.8781 2.5449
v  -10.9478 5.9177 2.5098
v  -10.6975 6.2058 2.8726
v  -10.9478 6.2409 2.8330
v  -10.6975 6.5706 3.1584
v  -10.9478 6.6007 3.1148
v  -10.6975 6.9672 3.3982
v  -10.9478 6.9918 3.3513
v  -10.6975 7.3898 3.5884
v  -10.9478 7.4086 3.5388
v  -10.6975 7.8322 3.7263
v  -10.9478 7.8449 3.6748
v  -10.6975 8.2881 3.8098
v  -10.9478 8.2945 3.7572
v  -11.2012 8.7507 3.7008
v  -11.2012 9.1968 3.6738
v  -11.4467 9.1831 3.5617
v  -11.4467 8.7507 3.5879
v  -11.2012 9.6363 3.5933
v  -11.4467 9.6093 3.4836
v  -11.2012 10.0630 3.4603
v  -11.4467 10.0229 3.3547
v  -11.2012 10.4705 3.2769
v  -11.4467 10.4180 3.1769
v  -11.2012 10.8530 3.0457
v  -11.4467 10.7888 2.9527
v  -11.2012 11.2048 2.7701
v  -11.4467 11.1299 2.6855
v  -11.2012 11.5208 2.4541
v  -11.4467 11.4362 2.3792
v  -11.2012 11.7964 2.1023
v  -11.4467 11.7034 2.0381
v  -11.2012 12.0276 1.7199
v  -11.4467 11.9276 1.6674
v  -11.2012 12.2110 1.3123
v  -11.4467 12.1054 1.2723
v  -11.2012 12.3440 0.8857
v  -11.4467 12.2343 0.8586
v  -11.2012 12.4245 0.4461
v  -11.4467 12.3124 0.4325
v  -11.2012 12.4515 -0.0000
v  -11.4467 12.3385 -0.0000
v  -11.2012 12.4245 -0.4461
v  -11.4467 12.3124 -0.4325
v  -11.2012 12.3440 -0.8857
v  -11.4467 12.2343 -0.8586
v  -11.2012 12.2110 -1.3123
v  -11.4467 12.1054 -1.2723
v  -11.2012 12.0276 -1.7199
v  -11.4467 11.9276 -1.6674
v  -11.2012 11.7964 -2.1023
v  -11.4467 11.7034 -2.0381
v  -11.2012 11.5208 -2.4541
v  -11.4467 11.4362 -2.3792
v  -11.2012 11.2048 -2.7701
v  -11.4467 11.1299 -2.6855
v  -11.2012 10.8530 -3.0457
v  -11.4467 10.7888 -2.9527
v  -11.2012 10.4705 -3.2769
v  -11.4467 10.4180 -3.1769
v  -11.2012 10.0630 -3.4603
v  -11.4467 10.0229 -3.3547
v  -11.2012 9.6363 -3.5933
v  -11.4467 9.6093 -3.4836
v  -11.2012 9.1967 -3.6739
v  -11.4467 9.1831 -3.5617
v  -11.2012 8.7507 -3.7008
v  -11.4467 8.7507 -3.5879
v  -11.2012 8.3046 -3.6739
v  -11.4467 8.3182 -3.5617
v  -11.2012 7.8650 -3.5933
v  -11.4467 7.8920 -3.4836
v  -11.2012 7.4383 -3.4603
v  -11.4467 7.4784 -3.3547
v  -11.2012 7.0308 -3.2769
v  -11.4467 7.0833 -3.1769
v  -11.2012 6.6484 -3.0457
v  -11.4467 6.7125 -2.9527
v  -11.2012 6.2966 -2.7701
v  -11.4467 6.3715 -2.6855
v  -11.2012 5.9805 -2.4541
v  -11.4467 6.0651 -2.3792
v  -11.2012 5.7049 -2.1023
v  -11.4467 5.7979 -2.0381
v  -11.2012 5.4737 -1.7199
v  -11.4467 5.5738 -1.6674
v  -11.2012 5.2903 -1.3123
v  -11.4467 5.3960 -1.2723
v  -11.2012 5.1574 -0.8857
v  -11.4467 5.2671 -0.8586
v  -11.2012 5.0768 -0.4461
v  -11.4467 5.1890 -0.4325
v  -11.2012 5.0498 0.0000
v  -11.4467 5.1628 0.0000
v  -11.2012 5.0768 0.4461
v  -11.4467 5.1890 0.4325
v  -11.2012 5.1574 0.8857
v  -11.4467 5.2671 0.8586
v  -11.2012 5.2903 1.3123
v  -11.4467 5.3960 1.2723
v  -11.2012 5.4737 1.7199
v  -11.4467 5.5738 1.6674
v  -11.2012 5.7049 2.1023
v  -11.4467 5.7979 2.0381
v  -11.2012 5.9806 2.4541
v  -11.4467 6.0651 2.3792
v  -11.2012 6.2966 2.7701
v  -11.4467 6.3715 2.6856
v  -11.2012 6.6484 3.0457
v  -11.4467 6.7125 2.9528
v  -11.2012 7.0308 3.2769
v  -11.4467 7.0833 3.1769
v  -11.2012 7.4383 3.4603
v  -11.4467 7.4784 3.3547
v  -11.2012 7.8650 3.5933
v  -11.4467 7.8920 3.4836
v  -11.2012 8.3046 3.6739
v  -11.4467 8.3182 3.5617
v  -11.6747 8.7507 3.4493
v  -11.6747 9.1664 3.4241
v  -11.9067 9.1447 3.2450
v  -11.9067 8.7507 3.2688
v  -11.6747 9.5761 3.3490
v  -11.9067 9.5330 3.1739
v  -11.6747 9.9738 3.2251
v  -11.9067 9.9098 3.0564
v  -11.6747 10.3536 3.0542
v  -11.9067 10.2698 2.8944
v  -11.6747 10.7101 2.8387
v  -11.9067 10.6076 2.6902
v  -11.6747 11.0380 2.5818
v  -11.9067 10.9183 2.4468
v  -11.6747 11.3325 2.2873
v  -11.9067 11.1974 2.1676
v  -11.6747 11.5894 1.9594
v  -11.9067 11.4409 1.8569
v  -11.6747 11.8048 1.6030
v  -11.9067 11.6451 1.5191
v  -11.6747 11.9758 1.2231
v  -11.9067 11.8071 1.1591
v  -11.6747 12.0997 0.8255
v  -11.9067 11.9245 0.7823
v  -11.6747 12.1748 0.4158
v  -11.9067 11.9957 0.3940
v  -11.6747 12.1999 -0.0000
v  -11.9067 12.0195 -0.0000
v  -11.6747 12.1748 -0.4158
v  -11.9067 11.9957 -0.3940
v  -11.6747 12.0997 -0.8255
v  -11.9067 11.9245 -0.7823
v  -11.6747 11.9758 -1.2231
v  -11.9067 11.8071 -1.1591
v  -11.6747 11.8048 -1.6030
v  -11.9067 11.6451 -1.5191
v  -11.6747 11.5894 -1.9594
v  -11.9067 11.4409 -1.8569
v  -11.6747 11.3325 -2.2873
v  -11.9067 11.1974 -2.1676
v  -11.6747 11.0380 -2.5818
v  -11.9067 10.9183 -2.4468
v  -11.6747 10.7101 -2.8387
v  -11.9067 10.6076 -2.6902
v  -11.6747 10.3536 -3.0542
v  -11.9067 10.2698 -2.8944
v  -11.6747 9.9738 -3.2251
v  -11.9067 9.9098 -3.0564
v  -11.6747 9.5761 -3.3490
v  -11.9067 9.5330 -3.1739
v  -11.6747 9.1664 -3.4241
v  -11.9067 9.1447 -3.2450
v  -11.6747 8.7507 -3.4493
v  -11.9067 8.7507 -3.2688
v  -11.6747 8.3349 -3.4241
v  -11.9067 8.3566 -3.2450
v  -11.6747 7.9252 -3.3490
v  -11.9067 7.9684 -3.1739
v  -11.6747 7.5275 -3.2251
v  -11.9067 7.5915 -3.0564
v  -11.6747 7.1477 -3.0542
v  -11.9067 7.2316 -2.8944
v  -11.6747 6.7913 -2.8387
v  -11.9067 6.8937 -2.6902
v  -11.6747 6.4634 -2.5818
v  -11.9067 6.5830 -2.4468
v  -11.6747 6.1688 -2.2873
v  -11.9067 6.3039 -2.1676
v  -11.6747 5.9120 -1.9594
v  -11.9067 6.0605 -1.8569
v  -11.6747 5.6965 -1.6030
v  -11.9067 5.8562 -1.5191
v  -11.6747 5.5255 -1.2231
v  -11.9067 5.6942 -1.1591
v  -11.6747 5.4016 -0.8255
v  -11.9067 5.5768 -0.7823
v  -11.6747 5.3265 -0.4158
v  -11.9067 5.5057 -0.3940
v  -11.6747 5.3014 0.0000
v  -11.9067 5.4818 0.0000
v  -11.6747 5.3265 0.4158
v  -11.9067 5.5057 0.3940
v  -11.6747 5.4016 0.8255
v  -11.9067 5.5768 0.7823
v  -11.6747 5.5255 1.2231
v  -11.9067 5.6942 1.1592
v  -11.6747 5.6965 1.6030
v  -11.9067 5.8563 1.5191
v  -11.6747 5.9120 1.9594
v  -11.9067 6.0605 1.8569
v  -11.6747 6.1689 2.2873
v  -11.9067 6.3039 2.1676
v  -11.6747 6.4634 2.5818
v  -11.9067 6.5830 2.4468
v  -11.6747 6.7913 2.8387
v  -11.9067 6.8938 2.6902
v  -11.6747 7.1477 3.0542
v  -11.9067 7.2316 2.8944
v  -11.6747 7.5275 3.2251
v  -11.9067 7.5915 3.0564
v  -11.6747 7.9252 3.3490
v  -11.9067 7.9684 3.1739
v  -11.6747 8.3349 3.4241
v  -11.9067 8.3567 3.2450
v  -12.1020 8.7507 3.0861
v  -12.1020 9.1227 3.0636
v  -12.2952 9.0965 2.8480
v  -12.2952 8.7507 2.8689
v  -12.1020 9.4892 2.9964
v  -12.2952 9.4372 2.7855
v  -12.1020 9.8450 2.8855
v  -12.2952 9.7680 2.6825
v  -12.1020 10.1848 2.7326
v  -12.2952 10.0839 2.5403
v  -12.1020 10.5038 2.5398
v  -12.2952 10.3804 2.3610
v  -12.1020 10.7971 2.3100
v  -12.2952 10.6531 2.1474
v  -12.1020 11.0606 2.0464
v  -12.2952 10.8981 1.9024
v  -12.1020 11.2905 1.7531
v  -12.2952 11.1117 1.6297
v  -12.1020 11.4832 1.4342
v  -12.2952 11.2909 1.3332
v  -12.1020 11.6362 1.0943
v  -12.2952 11.4331 1.0173
v  -12.1020 11.7471 0.7385
v  -12.2952 11.5362 0.6866
v  -12.1020 11.8142 0.3720
v  -12.2952 11.5986 0.3458
v  -12.1020 11.8367 -0.0000
v  -12.2952 11.6196 -0.0000
v  -12.1020 11.8142 -0.3720
v  -12.2952 11.5986 -0.3458
v  -12.1020 11.7471 -0.7385
v  -12.2952 11.5362 -0.6866
v  -12.1020 11.6362 -1.0943
v  -12.2952 11.4331 -1.0173
v  -12.1020 11.4832 -1.4342
v  -12.2952 11.2909 -1.3332
v  -12.1020 11.2905 -1.7531
v  -12.2952 11.1117 -1.6297
v  -12.1020 11.0606 -2.0464
v  -12.2952 10.8981 -1.9024
v  -12.1020 10.7971 -2.3100
v  -12.2952 10.6531 -2.1474
v  -12.1020 10.5038 -2.5398
v  -12.2952 10.3804 -2.3611
v  -12.1020 10.1848 -2.7326
v  -12.2952 10.0839 -2.5403
v  -12.1020 9.8450 -2.8855
v  -12.2952 9.7680 -2.6825
v  -12.1020 9.4892 -2.9964
v  -12.2952 9.4372 -2.7855
v  -12.1020 9.1226 -3.0636
v  -12.2952 9.0965 -2.8480
v  -12.1020 8.7507 -3.0861
v  -12.2952 8.7507 -2.8689
v  -12.1020 8.3787 -3.0636
v  -12.2952 8.4049 -2.8480
v  -12.1020 8.0121 -2.9964
v  -12.2952 8.0641 -2.7855
v  -12.1020 7.6563 -2.8855
v  -12.2952 7.7333 -2.6825
v  -12.1020 7.3165 -2.7326
v  -12.2952 7.4174 -2.5403
v  -12.1020 6.9976 -2.5398
v  -12.2952 7.1209 -2.3610
v  -12.1020 6.7042 -2.3100
v  -12.2952 6.8482 -2.1474
v  -12.1020 6.4407 -2.0464
v  -12.2952 6.6033 -1.9024
v  -12.1020 6.2109 -1.7531
v  -12.2952 6.3896 -1.6297
v  -12.1020 6.0181 -1.4342
v  -12.2952 6.2104 -1.3332
v  -12.1020 5.8651 -1.0943
v  -12.2952 6.0682 -1.0173
v  -12.1020 5.7543 -0.7385
v  -12.2952 5.9651 -0.6866
v  -12.1020 5.6871 -0.3720
v  -12.2952 5.9027 -0.3458
v  -12.1020 5.6646 0.0000
v  -12.2952 5.8818 0.0000
v  -12.1020 5.6871 0.3720
v  -12.2952 5.9027 0.3458
v  -12.1020 5.7543 0.7385
v  -12.2952 5.9651 0.6866
v  -12.1020 5.8651 1.0943
v  -12.2952 6.0682 1.0173
v  -12.1020 6.0181 1.4342
v  -12.2952 6.2104 1.3332
v  -12.1020 6.2109 1.7531
v  -12.2952 6.3896 1.6297
v  -12.1020 6.4407 2.0464
v  -12.2952 6.6033 1.9024
v  -12.1020 6.7042 2.3100
v  -12.2952 6.8482 2.1474
v  -12.1020 6.9976 2.5398
v  -12.2952 7.1210 2.3611
v  -12.1020 7.3165 2.7326
v  -12.2952 7.4174 2.5403
v  -12.1020 7.6563 2.8855
v  -12.2952 7.7334 2.6825
v  -12.1020 8.0121 2.9964
v  -12.2952 8.0641 2.7855
v  -12.1020 8.3787 3.0636
v  -12.2952 8.4049 2.8480
v  -12.4608 8.7507 2.6581
v  -12.4608 9.0711 2.6387
v  -12.5926 9.0480 2.4491
v  -12.5926 8.7507 2.4670
v  -12.4608 9.3868 2.5808
v  -12.5926 9.3411 2.3954
v  -12.4608 9.6932 2.4853
v  -12.5926 9.6255 2.3067
v  -12.4608 9.9859 2.3536
v  -12.5926 9.8972 2.1845
v  -12.4608 10.2606 2.1875
v  -12.5926 10.1521 2.0303
v  -12.4608 10.5133 1.9896
v  -12.5926 10.3866 1.8466
v  -12.4608 10.7402 1.7626
v  -12.5926 10.5973 1.6360
v  -12.4608 10.9382 1.5099
v  -12.5926 10.7810 1.4014
v  -12.4608 11.1043 1.2353
v  -12.5926 10.9351 1.1465
v  -12.4608 11.2360 0.9426
v  -12.5926 11.0574 0.8748
v  -12.4608 11.3315 0.6361
v  -12.5926 11.1460 0.5904
v  -12.4608 11.3893 0.3204
v  -12.5926 11.1997 0.2974
v  -12.4608 11.4087 -0.0000
v  -12.5926 11.2177 -0.0000
v  -12.4608 11.3893 -0.3204
v  -12.5926 11.1997 -0.2974
v  -12.4608 11.3315 -0.6361
v  -12.5926 11.1460 -0.5904
v  -12.4608 11.2360 -0.9426
v  -12.5926 11.0574 -0.8748
v  -12.4608 11.1043 -1.2353
v  -12.5926 10.9351 -1.1465
v  -12.4608 10.9382 -1.5099
v  -12.5926 10.7810 -1.4014
v  -12.4608 10.7402 -1.7626
v  -12.5926 10.5973 -1.6360
v  -12.4608 10.5133 -1.9896
v  -12.5926 10.3866 -1.8466
v  -12.4608 10.2606 -2.1875
v  -12.5926 10.1521 -2.0303
v  -12.4608 9.9859 -2.3536
v  -12.5926 9.8972 -2.1845
v  -12.4608 9.6932 -2.4853
v  -12.5926 9.6255 -2.3067
v  -12.4608 9.3868 -2.5808
v  -12.5926 9.3411 -2.3954
v  -12.4608 9.0711 -2.6387
v  -12.5926 9.0480 -2.4491
v  -12.4608 8.7507 -2.6581
v  -12.5926 8.7507 -2.4671
v  -12.4608 8.4303 -2.6387
v  -12.5926 8.4533 -2.4491
v  -12.4608 8.1145 -2.5808
v  -12.5926 8.1603 -2.3954
v  -12.4608 7.8081 -2.4853
v  -12.5926 7.8758 -2.3067
v  -12.4608 7.5154 -2.3536
v  -12.5926 7.6042 -2.1845
v  -12.4608 7.2407 -2.1875
v  -12.5926 7.3492 -2.0303
v  -12.4608 6.9880 -1.9896
v  -12.5926 7.1147 -1.8466
v  -12.4608 6.7611 -1.7626
v  -12.5926 6.9041 -1.6360
v  -12.4608 6.5631 -1.5099
v  -12.5926 6.7203 -1.4014
v  -12.4608 6.3971 -1.2353
v  -12.5926 6.5662 -1.1465
v  -12.4608 6.2653 -0.9426
v  -12.5926 6.4439 -0.8748
v  -12.4608 6.1699 -0.6361
v  -12.5926 6.3553 -0.5904
v  -12.4608 6.1120 -0.3204
v  -12.5926 6.3016 -0.2974
v  -12.4608 6.0926 0.0000
v  -12.5926 6.2836 0.0000
v  -12.4608 6.1120 0.3204
v  -12.5926 6.3016 0.2974
v  -12.4608 6.1699 0.6361
v  -12.5926 6.3553 0.5904
v  -12.4608 6.2653 0.9426
v  -12.5926 6.4439 0.8748
v  -12.4608 6.3971 1.2353
v  -12.5926 6.5662 1.1465
v  -12.4608 6.5631 1.5099
v  -12.5926 6.7203 1.4014
v  -12.4608 6.7611 1.7626
v  -12.5926 6.9041 1.6360
v  -12.4608 6.9881 1.9896
v  -12.5926 7.1147 1.8466
v  -12.4608 7.2407 2.1875
v  -12.5926 7.3492 2.0303
v  -12.4608 7.5154 2.3536
v  -12.5926 7.6042 2.1845
v  -12.4608 7.8081 2.4853
v  -12.5926 7.8758 2.3067
v  -12.4608 8.1146 2.5808
v  -12.5926 8.1603 2.3954
v  -12.4608 8.4303 2.6387
v  -12.5926 8.4533 2.4491
v  -12.7308 8.7507 2.2374
v  -12.7308 9.0203 2.2210
v  -12.8176 9.0002 2.0552
v  -12.8176 8.7507 2.0703
v  -12.7308 9.2861 2.1723
v  -12.8176 9.2461 2.0102
v  -12.7308 9.5440 2.0920
v  -12.8176 9.4848 1.9358
v  -12.7308 9.7904 1.9811
v  -12.8176 9.7128 1.8332
v  -12.7308 10.0216 1.8413
v  -12.8176 9.9268 1.7039
v  -12.7308 10.2343 1.6747
v  -12.8176 10.1236 1.5497
v  -12.7308 10.4254 1.4836
v  -12.8176 10.3003 1.3729
v  -12.7308 10.5920 1.2710
v  -12.8176 10.4545 1.1761
v  -12.7308 10.7317 1.0397
v  -12.8176 10.5839 0.9621
v  -12.7308 10.8426 0.7934
v  -12.8176 10.6865 0.7341
v  -12.7308 10.9230 0.5354
v  -12.8175 10.7608 0.4955
v  -12.7308 10.9717 0.2697
v  -12.8175 10.8059 0.2496
v  -12.7308 10.9880 -0.0000
v  -12.8175 10.8210 -0.0000
v  -12.7308 10.9717 -0.2697
v  -12.8175 10.8059 -0.2496
v  -12.7308 10.9230 -0.5354
v  -12.8175 10.7608 -0.4955
v  -12.7308 10.8426 -0.7934
v  -12.8176 10.6865 -0.7342
v  -12.7308 10.7317 -1.0398
v  -12.8175 10.5839 -0.9621
v  -12.7308 10.5920 -1.2710
v  -12.8175 10.4545 -1.1761
v  -12.7308 10.4253 -1.4836
v  -12.8175 10.3003 -1.3729
v  -12.7308 10.2343 -1.6747
v  -12.8176 10.1236 -1.5497
v  -12.7308 10.0216 -1.8413
v  -12.8176 9.9268 -1.7039
v  -12.7308 9.7904 -1.9811
v  -12.8175 9.7128 -1.8332
v  -12.7308 9.5440 -2.0920
v  -12.8175 9.4848 -1.9358
v  -12.7308 9.2861 -2.1723
v  -12.8176 9.2461 -2.0102
v  -12.7308 9.0203 -2.2210
v  -12.8175 9.0002 -2.0552
v  -12.7308 8.7507 -2.2374
v  -12.8175 8.7507 -2.0703
v  -12.7308 8.4810 -2.2210
v  -12.8175 8.5011 -2.0552
v  -12.7308 8.2152 -2.1723
v  -12.8175 8.2552 -2.0102
v  -12.7308 7.9573 -2.0920
v  -12.8175 8.0165 -1.9358
v  -12.7308 7.7109 -1.9811
v  -12.8176 7.7885 -1.8332
v  -12.7308 7.4797 -1.8413
v  -12.8176 7.5746 -1.7039
v  -12.7308 7.2670 -1.6747
v  -12.8175 7.3778 -1.5497
v  -12.7308 7.0760 -1.4836
v  -12.8176 7.2010 -1.3729
v  -12.7308 6.9094 -1.2710
v  -12.8175 7.0468 -1.1761
v  -12.7308 6.7696 -1.0398
v  -12.8175 6.9175 -0.9621
v  -12.7308 6.6587 -0.7934
v  -12.8175 6.8149 -0.7342
v  -12.7308 6.5783 -0.5354
v  -12.8175 6.7405 -0.4955
v  -12.7308 6.5296 -0.2697
v  -12.8175 6.6954 -0.2495
v  -12.7308 6.5133 0.0000
v  -12.8176 6.6803 0.0000
v  -12.7308 6.5296 0.2697
v  -12.8175 6.6954 0.2496
v  -12.7308 6.5783 0.5354
v  -12.8175 6.7405 0.4955
v  -12.7308 6.6587 0.7934
v  -12.8175 6.8149 0.7342
v  -12.7308 6.7696 1.0398
v  -12.8176 6.9175 0.9621
v  -12.7308 6.9094 1.2710
v  -12.8175 7.0468 1.1761
v  -12.7308 7.0760 1.4836
v  -12.8176 7.2010 1.3729
v  -12.7308 7.2670 1.6747
v  -12.8175 7.3778 1.5497
v  -12.7308 7.4797 1.8413
v  -12.8176 7.5746 1.7039
v  -12.7308 7.7109 1.9811
v  -12.8176 7.7885 1.8332
v  -12.7308 7.9573 2.0920
v  -12.8176 8.0165 1.9358
v  -12.7308 8.2152 2.1723
v  -12.8176 8.2552 2.0102
v  -12.7308 8.4810 2.2210
v  -12.8176 8.5011 2.0552
v  -12.9022 8.9613 1.7343
v  -12.9022 8.7507 1.7471
v  -12.9022 9.1688 1.6963
v  -12.9022 9.3702 1.6335
v  -12.9022 9.5626 1.5470
v  -12.9022 9.7431 1.4378
v  -12.9022 9.9092 1.3077
v  -12.9022 10.0584 1.1585
v  -12.9022 10.1885 0.9925
v  -12.9022 10.2976 0.8119
v  -12.9022 10.3842 0.6195
v  -12.9022 10.4470 0.4181
v  -12.9022 10.4850 0.2106
v  -12.9022 10.4977 -0.0000
v  -12.9022 10.4850 -0.2106
v  -12.9022 10.4470 -0.4181
v  -12.9022 10.3842 -0.6195
v  -12.9022 10.2976 -0.8119
v  -12.9022 10.1885 -0.9925
v  -12.9022 10.0584 -1.1585
v  -12.9022 9.9092 -1.3077
v  -12.9022 9.7431 -1.4378
v  -12.9022 9.5626 -1.5470
v  -12.9022 9.3702 -1.6336
v  -12.9022 9.1688 -1.6963
v  -12.9022 8.9613 -1.7343
v  -12.9022 8.7507 -1.7471
v  -12.9022 8.5401 -1.7343
v  -12.9022 8.3326 -1.6963
v  -12.9022 8.1311 -1.6336
v  -12.9022 7.9388 -1.5470
v  -12.9022 7.7582 -1.4378
v  -12.9022 7.5921 -1.3077
v  -12.9022 7.4430 -1.1585
v  -12.9022 7.3128 -0.9925
v  -12.9022 7.2037 -0.8119
v  -12.9022 7.1171 -0.6195
v  -12.9022 7.0544 -0.4181
v  -12.9022 7.0163 -0.2106
v  -12.9022 7.0036 0.0000
v  -12.9022 7.0163 0.2106
v  -12.9022 7.0544 0.4181
v  -12.9022 7.1171 0.6195
v  -12.9022 7.2037 0.8119
v  -12.9022 7.3128 0.9925
v  -12.9022 7.4430 1.1585
v  -12.9022 7.5921 1.3077
v  -12.9022 7.7582 1.4378
v  -12.9022 7.9388 1.5470
v  -12.9022 8.1311 1.6335
v  -12.9022 8.3326 1.6963
v  -12.9022 8.5401 1.7343
v  1.8566 8.7507 3.8739
v  1.8566 9.2176 3.8457
v  1.8566 9.6778 3.7613
v  1.8566 10.1244 3.6222
v  1.8566 10.5510 3.4302
v  1.8566 10.9513 3.1882
v  1.8566 11.3195 2.8997
v  1.8566 11.6503 2.5689
v  1.8566 11.9388 2.2006
v  1.8566 12.1808 1.8003
v  1.8566 12.3728 1.3737
v  1.8566 12.5120 0.9271
v  1.8566 12.5963 0.4669
v  1.8566 12.6246 -0.0000
v  1.8566 12.5963 -0.4669
v  1.8566 12.5120 -0.9271
v  1.8566 12.3728 -1.3737
v  1.8566 12.1808 -1.8003
v  1.8566 11.9388 -2.2006
v  1.8566 11.6503 -2.5689
v  1.8566 11.3195 -2.8997
v  1.8566 10.9513 -3.1882
v  1.8566 10.5510 -3.4302
v  1.8566 10.1244 -3.6222
v  1.8566 9.6777 -3.7613
v  1.8566 9.2176 -3.8457
v  1.8566 8.7507 -3.8739
v  1.8566 8.2837 -3.8457
v  1.8566 7.8236 -3.7613
v  1.8566 7.3770 -3.6222
v  1.8566 6.9504 -3.4302
v  1.8566 6.5500 -3.1882
v  1.8566 6.1818 -2.8997
v  1.8566 5.8510 -2.5689
v  1.8566 5.5625 -2.2006
v  1.8566 5.3205 -1.8003
v  1.8566 5.1285 -1.3737
v  1.8566 4.9893 -0.9271
v  1.8566 4.9050 -0.4669
v  1.8566 4.8768 0.0000
v  1.8566 4.9050 0.4670
v  1.8566 4.9893 0.9271
v  1.8566 5.1285 1.3737
v  1.8566 5.3205 1.8003
v  1.8566 5.5625 2.2006
v  1.8566 5.8510 2.5689
v  1.8566 6.1818 2.8997
v  1.8566 6.5500 3.1882
v  1.8566 6.9504 3.4302
v  1.8566 7.3770 3.6222
v  1.8566 7.8236 3.7613
v  1.8566 8.2837 3.8457
v  2.5502 9.2110 3.7910
v  2.5502 8.7507 3.8188
v  2.8110 8.7507 3.7868
v  2.8110 9.2071 3.7592
v  2.5502 9.6646 3.7078
v  2.8110 9.6569 3.6767
v  2.5502 10.1048 3.5706
v  2.8110 10.0935 3.5407
v  2.5502 10.5254 3.3814
v  2.8110 10.5105 3.3530
v  2.5502 10.9200 3.1428
v  2.8110 10.9018 3.1165
v  2.5502 11.2830 2.8584
v  2.8110 11.2618 2.8344
v  2.5502 11.6091 2.5323
v  2.8110 11.5851 2.5111
v  2.5502 11.8935 2.1693
v  2.8110 11.8671 2.1511
v  2.5502 12.1320 1.7747
v  2.8110 12.1037 1.7598
v  2.5502 12.3213 1.3542
v  2.8110 12.2914 1.3428
v  2.5502 12.4585 0.9139
v  2.8110 12.4274 0.9062
v  2.5502 12.5416 0.4603
v  2.8110 12.5098 0.4564
v  2.5502 12.5695 -0.0000
v  2.8110 12.5374 -0.0000
v  2.5502 12.5416 -0.4603
v  2.8110 12.5098 -0.4564
v  2.5502 12.4585 -0.9139
v  2.8110 12.4274 -0.9062
v  2.5502 12.3213 -1.3542
v  2.8110 12.2914 -1.3428
v  2.5502 12.1320 -1.7747
v  2.8110 12.1037 -1.7598
v  2.5502 11.8935 -2.1693
v  2.8110 11.8671 -2.1511
v  2.5502 11.6091 -2.5323
v  2.8110 11.5851 -2.5111
v  2.5502 11.2830 -2.8584
v  2.8110 11.2618 -2.8344
v  2.5502 10.9200 -3.1428
v  2.8110 10.9018 -3.1165
v  2.5502 10.5254 -3.3814
v  2.8110 10.5105 -3.3530
v  2.5502 10.1048 -3.5706
v  2.8110 10.0935 -3.5407
v  2.5502 9.6646 -3.7078
v  2.8110 9.6569 -3.6767
v  2.5502 9.2110 -3.7910
v  2.8110 9.2071 -3.7592
v  2.5502 8.7507 -3.8188
v  2.8110 8.7507 -3.7868
v  2.5502 8.2904 -3.7910
v  2.8110 8.2942 -3.7592
v  2.5502 7.8368 -3.7078
v  2.8110 7.8444 -3.6767
v  2.5502 7.3965 -3.5706
v  2.8110 7.4079 -3.5407
v  2.5502 6.9760 -3.3814
v  2.8110 6.9909 -3.3530
v  2.5502 6.5813 -3.1428
v  2.8110 6.5995 -3.1165
v  2.5502 6.2183 -2.8584
v  2.8110 6.2396 -2.8344
v  2.5502 5.8923 -2.5323
v  2.8110 5.9162 -2.5111
v  2.5502 5.6079 -2.1693
v  2.8110 5.6342 -2.1511
v  2.5502 5.3693 -1.7747
v  2.8110 5.3976 -1.7598
v  2.5502 5.1800 -1.3542
v  2.8110 5.2100 -1.3428
v  2.5502 5.0428 -0.9139
v  2.8110 5.0739 -0.9062
v  2.5502 4.9597 -0.4603
v  2.8110 4.9915 -0.4564
v  2.5502 4.9319 0.0000
v  2.8110 4.9639 0.0000
v  2.5502 4.9597 0.4603
v  2.8110 4.9915 0.4565
v  2.5502 5.0428 0.9139
v  2.8110 5.0739 0.9062
v  2.5502 5.1800 1.3542
v  2.8110 5.2100 1.3428
v  2.5502 5.3693 1.7747
v  2.8110 5.3976 1.7598
v  2.5502 5.6079 2.1693
v  2.8110 5.6342 2.1511
v  2.5502 5.8923 2.5323
v  2.8110 5.9162 2.5111
v  2.5502 6.2183 2.8584
v  2.8110 6.2396 2.8344
v  2.5502 6.5813 3.1428
v  2.8110 6.5995 3.1165
v  2.5502 6.9760 3.3814
v  2.8110 6.9909 3.3530
v  2.5502 7.3965 3.5706
v  2.8110 7.4079 3.5407
v  2.5502 7.8368 3.7078
v  2.8110 7.8444 3.6767
v  2.5502 8.2904 3.7910
v  2.8110 8.2942 3.7592
v  3.4931 9.1912 3.6281
v  3.4931 8.7507 3.6548
v  4.0936 8.7507 3.4950
v  4.0936 9.1719 3.4695
v  3.4931 9.6253 3.5486
v  4.0936 9.5871 3.3934
v  3.4931 10.0467 3.4173
v  4.0936 9.9900 3.2679
v  3.4931 10.4491 3.2362
v  4.0936 10.3749 3.0947
v  3.4931 10.8268 3.0078
v  4.0936 10.7360 2.8763
v  3.4931 11.1742 2.7357
v  4.0936 11.0683 2.6160
v  3.4931 11.4863 2.4236
v  4.0936 11.3667 2.3176
v  3.4931 11.7585 2.0762
v  4.0936 11.6270 1.9854
v  3.4931 11.9868 1.6985
v  4.0936 11.8453 1.6242
v  3.4931 12.1680 1.2960
v  4.0936 12.0185 1.2393
v  3.4931 12.2993 0.8747
v  4.0936 12.1441 0.8364
v  3.4931 12.3788 0.4405
v  4.0936 12.2202 0.4213
v  3.4931 12.4055 -0.0000
v  4.0936 12.2456 -0.0000
v  3.4931 12.3788 -0.4405
v  4.0936 12.2202 -0.4213
v  3.4931 12.2993 -0.8747
v  4.0936 12.1441 -0.8364
v  3.4931 12.1680 -1.2960
v  4.0936 12.0185 -1.2393
v  3.4931 11.9868 -1.6985
v  4.0936 11.8453 -1.6242
v  3.4931 11.7585 -2.0762
v  4.0936 11.6270 -1.9854
v  3.4931 11.4863 -2.4236
v  4.0936 11.3667 -2.3176
v  3.4931 11.1742 -2.7357
v  4.0936 11.0683 -2.6160
v  3.4931 10.8268 -3.0078
v  4.0936 10.7360 -2.8763
v  3.4931 10.4491 -3.2362
v  4.0936 10.3749 -3.0947
v  3.4931 10.0467 -3.4173
v  4.0936 9.9900 -3.2679
v  3.4931 9.6253 -3.5486
v  4.0936 9.5871 -3.3934
v  3.4931 9.1912 -3.6282
v  4.0936 9.1719 -3.4695
v  3.4931 8.7507 -3.6548
v  4.0936 8.7507 -3.4950
v  3.4931 8.3101 -3.6281
v  4.0936 8.3294 -3.4695
v  3.4931 7.8760 -3.5486
v  4.0936 7.9143 -3.3934
v  3.4931 7.4547 -3.4173
v  4.0936 7.5113 -3.2679
v  3.4931 7.0522 -3.2362
v  4.0936 7.1265 -3.0947
v  3.4931 6.6745 -3.0078
v  4.0936 6.7653 -2.8763
v  3.4931 6.3271 -2.7357
v  4.0936 6.4331 -2.6160
v  3.4931 6.0150 -2.4236
v  4.0936 6.1346 -2.3176
v  3.4931 5.7428 -2.0762
v  4.0936 5.8744 -1.9854
v  3.4931 5.5145 -1.6985
v  4.0936 5.6560 -1.6242
v  3.4931 5.3334 -1.2960
v  4.0936 5.4828 -1.2393
v  3.4931 5.2021 -0.8746
v  4.0936 5.3572 -0.8364
v  3.4931 5.1225 -0.4405
v  4.0936 5.2812 -0.4213
v  3.4931 5.0959 0.0000
v  4.0936 5.2557 0.0000
v  3.4931 5.1225 0.4405
v  4.0936 5.2812 0.4213
v  3.4931 5.2021 0.8747
v  4.0936 5.3572 0.8364
v  3.4931 5.3334 1.2960
v  4.0936 5.4828 1.2393
v  3.4931 5.5145 1.6985
v  4.0936 5.6560 1.6242
v  3.4931 5.7428 2.0762
v  4.0936 5.8744 1.9854
v  3.4931 6.0150 2.4236
v  4.0936 6.1346 2.3176
v  3.4931 6.3271 2.7357
v  4.0936 6.4331 2.6160
v  3.4931 6.6745 3.0078
v  4.0936 6.7653 2.8763
v  3.4931 7.0522 3.2362
v  4.0936 7.1265 3.0947
v  3.4931 7.4547 3.4173
v  4.0936 7.5113 3.2679
v  3.4931 7.8760 3.5486
v  4.0936 7.9143 3.3934
v  3.4931 8.3101 3.6282
v  4.0936 8.3294 3.4695
v  14.1008 8.7507 0.3468
v  14.1008 8.7925 0.3442
v  14.1008 8.8337 0.3367
v  14.1008 8.8736 0.3242
v  14.1008 8.9118 0.3071
v  14.1008 8.9477 0.2854
v  14.1008 8.9806 0.2596
v  14.1008 9.0102 0.2300
v  14.1008 9.0361 0.1970
v  14.1008 9.0577 0.1612
v  14.1008 9.0749 0.1230
v  14.1008 9.0874 0.0830
v  14.1008 9.0949 0.0418
v  14.1008 9.0974 0.0000
v  14.1008 9.0949 -0.0418
v  14.1008 9.0874 -0.0830
v  14.1008 9.0749 -0.1230
v  14.1008 9.0577 -0.1612
v  14.1008 9.0361 -0.1970
v  14.1008 9.0102 -0.2300
v  14.1008 8.9806 -0.2596
v  14.1008 8.9477 -0.2854
v  14.1008 8.9118 -0.3070
v  14.1008 8.8736 -0.3242
v  14.1008 8.8337 -0.3367
v  14.1008 8.7925 -0.3442
v  14.1008 8.7507 -0.3468
v  14.1008 8.7089 -0.3442
v  14.1008 8.6677 -0.3367
v  14.1008 8.6277 -0.3242
v  14.1008 8.5895 -0.3070
v  14.1008 8.5537 -0.2854
v  14.1008 8.5207 -0.2596
v  14.1008 8.4911 -0.2299
v  14.1008 8.4653 -0.1970
v  14.1008 8.4436 -0.1612
v  14.1008 8.4264 -0.1230
v  14.1008 8.4140 -0.0830
v  14.1008 8.4064 -0.0418
v  14.1008 8.4039 0.0000
v  14.1008 8.4064 0.0418
v  14.1008 8.4140 0.0830
v  14.1008 8.4264 0.1230
v  14.1008 8.4436 0.1612
v  14.1008 8.4653 0.1970
v  14.1008 8.4911 0.2300
v  14.1008 8.5207 0.2596
v  14.1008 8.5537 0.2854
v  14.1008 8.5895 0.3071
v  14.1008 8.6277 0.3242
v  14.1008 8.6677 0.3367
v  14.1008 8.7089 0.3442
v  -9.8253 9.2145 3.8199
v  -9.8253 8.7507 3.8479
v  -9.8253 9.6715 3.7361
v  -9.8253 10.1152 3.5979
v  -9.8253 10.5389 3.4072
v  -9.8253 10.9365 3.1668
v  -9.8253 11.3023 2.8802
v  -9.8253 11.6309 2.5516
v  -9.8253 11.9174 2.1859
v  -9.8253 12.1578 1.7882
v  -9.8253 12.3485 1.3645
v  -9.8253 12.4868 0.9209
v  -9.8253 12.5705 0.4638
v  -9.8253 12.5986 -0.0000
v  -9.8253 12.5705 -0.4638
v  -9.8253 12.4868 -0.9209
v  -9.8253 12.3485 -1.3645
v  -9.8253 12.1578 -1.7882
v  -9.8253 11.9174 -2.1859
v  -9.8253 11.6309 -2.5516
v  -9.8253 11.3023 -2.8802
v  -9.8253 10.9365 -3.1668
v  -9.8253 10.5389 -3.4072
v  -9.8253 10.1152 -3.5979
v  -9.8253 9.6715 -3.7361
v  -9.8253 9.2145 -3.8199
v  -9.8253 8.7507 -3.8479
v  -9.8253 8.2868 -3.8199
v  -9.8253 7.8298 -3.7361
v  -9.8253 7.3862 -3.5979
v  -9.8253 6.9624 -3.4072
v  -9.8253 6.5648 -3.1668
v  -9.8253 6.1990 -2.8802
v  -9.8253 5.8705 -2.5516
v  -9.8253 5.5839 -2.1859
v  -9.8253 5.3435 -1.7882
v  -9.8253 5.1528 -1.3645
v  -9.8253 5.0146 -0.9209
v  -9.8253 4.9308 -0.4638
v  -9.8253 4.9027 0.0000
v  -9.8253 4.9308 0.4638
v  -9.8253 5.0146 0.9209
v  -9.8253 5.1528 1.3645
v  -9.8253 5.3435 1.7882
v  -9.8253 5.5839 2.1859
v  -9.8253 5.8705 2.5516
v  -9.8253 6.1990 2.8802
v  -9.8253 6.5648 3.1668
v  -9.8253 6.9625 3.4072
v  -9.8253 7.3862 3.5979
v  -9.8253 7.8298 3.7361
v  -9.8253 8.2869 3.8199
v  -10.1248 8.7507 3.8451
v  -10.1248 9.2141 3.8171
v  -10.1248 8.2872 3.8171
v  -10.1248 7.8305 3.7334
v  -10.1248 7.3872 3.5952
v  -10.1248 6.9638 3.4047
v  -10.1248 6.5664 3.1645
v  -10.1248 6.2009 2.8781
v  -10.1248 5.8726 2.5498
v  -10.1248 5.5862 2.1843
v  -10.1248 5.3460 1.7869
v  -10.1248 5.1554 1.3635
v  -10.1248 5.0173 0.9202
v  -10.1248 4.9336 0.4635
v  -10.1248 4.9056 0.0000
v  -10.1248 4.9336 -0.4635
v  -10.1248 5.0173 -0.9202
v  -10.1248 5.1554 -1.3635
v  -10.1248 5.3460 -1.7869
v  -10.1248 5.5862 -2.1843
v  -10.1248 5.8726 -2.5498
v  -10.1248 6.2009 -2.8781
v  -10.1248 6.5664 -3.1644
v  -10.1248 6.9638 -3.4047
v  -10.1248 7.3872 -3.5952
v  -10.1248 7.8305 -3.7334
v  -10.1248 8.2872 -3.8171
v  -10.1248 8.7507 -3.8451
v  -10.1248 9.2141 -3.8171
v  -10.1248 9.6709 -3.7334
v  -10.1248 10.1142 -3.5952
v  -10.1248 10.5376 -3.4047
v  -10.1248 10.9349 -3.1645
v  -10.1248 11.3004 -2.8781
v  -10.1248 11.6288 -2.5498
v  -10.1248 11.9151 -2.1843
v  -10.1248 12.1553 -1.7869
v  -10.1248 12.3459 -1.3635
v  -10.1248 12.4840 -0.9202
v  -10.1248 12.5677 -0.4635
v  -10.1248 12.5958 -0.0000
v  -10.1248 12.5677 0.4635
v  -10.1248 12.4840 0.9202
v  -10.1248 12.3459 1.3635
v  -10.1248 12.1553 1.7869
v  -10.1248 11.9151 2.1843
v  -10.1248 11.6288 2.5498
v  -10.1248 11.3004 2.8781
v  -10.1248 10.9349 3.1644
v  -10.1248 10.5376 3.4047
v  -10.1248 10.1142 3.5952
v  -10.1248 9.6709 3.7334
v  -9.8994 8.7507 3.8020
v  -9.8642 8.7507 3.8184
v  -9.8642 9.2109 3.7906
v  -9.8994 9.2090 3.7743
v  -9.8642 9.6645 3.7075
v  -9.8994 9.6606 3.6916
v  -9.8642 10.1047 3.5703
v  -9.8994 10.0989 3.5550
v  -9.8642 10.5252 3.3810
v  -9.8994 10.5176 3.3665
v  -9.8642 10.9198 3.1425
v  -9.8994 10.9105 3.1290
v  -9.8642 11.2828 2.8581
v  -9.8994 11.2719 2.8459
v  -9.8642 11.6088 2.5321
v  -9.8994 11.5965 2.5212
v  -9.8642 11.8932 2.1691
v  -9.8994 11.8797 2.1598
v  -9.8642 12.1317 1.7745
v  -9.8994 12.1172 1.7669
v  -9.8642 12.3210 1.3540
v  -9.8994 12.3056 1.3482
v  -9.8642 12.4581 0.9138
v  -9.8994 12.4422 0.9099
v  -9.8642 12.5413 0.4603
v  -9.8994 12.5250 0.4583
v  -9.8642 12.5691 -0.0000
v  -9.8994 12.5527 -0.0000
v  -9.8642 12.5413 -0.4603
v  -9.8994 12.5250 -0.4583
v  -9.8642 12.4581 -0.9138
v  -9.8994 12.4422 -0.9099
v  -9.8642 12.3210 -1.3540
v  -9.8994 12.3056 -1.3482
v  -9.8642 12.1317 -1.7745
v  -9.8994 12.1172 -1.7669
v  -9.8642 11.8932 -2.1691
v  -9.8994 11.8797 -2.1598
v  -9.8642 11.6088 -2.5321
v  -9.8994 11.5965 -2.5212
v  -9.8642 11.2828 -2.8581
v  -9.8994 11.2719 -2.8459
v  -9.8642 10.9198 -3.1425
v  -9.8994 10.9105 -3.1290
v  -9.8642 10.5252 -3.3810
v  -9.8994 10.5176 -3.3665
v  -9.8642 10.1047 -3.5703
v  -9.8994 10.0989 -3.5550
v  -9.8642 9.6645 -3.7075
v  -9.8994 9.6606 -3.6916
v  -9.8642 9.2109 -3.7906
v  -9.8994 9.2089 -3.7743
v  -9.8642 8.7507 -3.8184
v  -9.8994 8.7507 -3.8020
v  -9.8642 8.2904 -3.7906
v  -9.8994 8.2924 -3.7743
v  -9.8642 7.8369 -3.7075
v  -9.8994 7.8408 -3.6916
v  -9.8642 7.3966 -3.5703
v  -9.8994 7.4024 -3.5550
v  -9.8642 6.9762 -3.3810
v  -9.8994 6.9838 -3.3665
v  -9.8642 6.5816 -3.1425
v  -9.8994 6.5909 -3.1290
v  -9.8642 6.2186 -2.8581
v  -9.8994 6.2294 -2.8459
v  -9.8642 5.8925 -2.5321
v  -9.8994 5.9048 -2.5212
v  -9.8642 5.6082 -2.1691
v  -9.8994 5.6216 -2.1598
v  -9.8642 5.3696 -1.7745
v  -9.8994 5.3841 -1.7669
v  -9.8642 5.1804 -1.3540
v  -9.8994 5.1957 -1.3482
v  -9.8642 5.0432 -0.9138
v  -9.8994 5.0591 -0.9099
v  -9.8642 4.9601 -0.4603
v  -9.8994 4.9764 -0.4583
v  -9.8642 4.9322 0.0000
v  -9.8994 4.9486 0.0000
v  -9.8642 4.9601 0.4603
v  -9.8994 4.9764 0.4583
v  -9.8642 5.0432 0.9138
v  -9.8994 5.0591 0.9099
v  -9.8642 5.1804 1.3540
v  -9.8994 5.1957 1.3482
v  -9.8642 5.3696 1.7745
v  -9.8994 5.3841 1.7669
v  -9.8642 5.6082 2.1691
v  -9.8994 5.6217 2.1598
v  -9.8642 5.8925 2.5321
v  -9.8994 5.9048 2.5212
v  -9.8642 6.2186 2.8581
v  -9.8994 6.2295 2.8459
v  -9.8642 6.5816 3.1425
v  -9.8994 6.5909 3.1290
v  -9.8642 6.9762 3.3810
v  -9.8994 6.9838 3.3665
v  -9.8642 7.3966 3.5703
v  -9.8994 7.4025 3.5550
v  -9.8642 7.8369 3.7075
v  -9.8994 7.8408 3.6916
v  -9.8642 8.2904 3.7906
v  -9.8994 8.2924 3.7743
v  -10.0499 9.2088 3.7729
v  -10.0854 9.2107 3.7885
v  -10.0854 8.7507 3.8163
v  -10.0499 8.7507 3.8006
v  -10.0854 8.2907 3.7885
v  -10.0499 8.2926 3.7729
v  -10.0854 7.8374 3.7054
v  -10.0499 7.8411 3.6902
v  -10.0854 7.3974 3.5683
v  -10.0499 7.4030 3.5536
v  -10.0854 6.9771 3.3792
v  -10.0499 6.9844 3.3653
v  -10.0854 6.5827 3.1408
v  -10.0499 6.5917 3.1278
v  -10.0854 6.2200 2.8566
v  -10.0499 6.2304 2.8448
v  -10.0854 5.8941 2.5307
v  -10.0499 5.9059 2.5203
v  -10.0854 5.6099 2.1679
v  -10.0499 5.6228 2.1590
v  -10.0854 5.3715 1.7735
v  -10.0499 5.3854 1.7662
v  -10.0854 5.1823 1.3533
v  -10.0499 5.1970 1.3477
v  -10.0854 5.0452 0.9133
v  -10.0499 5.0605 0.9096
v  -10.0854 4.9622 0.4600
v  -10.0499 4.9778 0.4581
v  -10.0854 4.9343 0.0000
v  -10.0499 4.9501 0.0000
v  -10.0854 4.9622 -0.4600
v  -10.0499 4.9778 -0.4581
v  -10.0854 5.0452 -0.9133
v  -10.0499 5.0605 -0.9095
v  -10.0854 5.1823 -1.3533
v  -10.0499 5.1970 -1.3477
v  -10.0854 5.3715 -1.7735
v  -10.0499 5.3854 -1.7662
v  -10.0854 5.6099 -2.1679
v  -10.0499 5.6228 -2.1590
v  -10.0854 5.8941 -2.5307
v  -10.0499 5.9059 -2.5203
v  -10.0854 6.2200 -2.8566
v  -10.0499 6.2304 -2.8448
v  -10.0854 6.5827 -3.1408
v  -10.0499 6.5917 -3.1278
v  -10.0854 6.9771 -3.3792
v  -10.0499 6.9844 -3.3653
v  -10.0854 7.3974 -3.5683
v  -10.0499 7.4029 -3.5536
v  -10.0854 7.8374 -3.7054
v  -10.0499 7.8411 -3.6902
v  -10.0854 8.2907 -3.7885
v  -10.0499 8.2925 -3.7729
v  -10.0854 8.7507 -3.8163
v  -10.0499 8.7507 -3.8006
v  -10.0854 9.2107 -3.7885
v  -10.0499 9.2088 -3.7729
v  -10.0854 9.6640 -3.7054
v  -10.0499 9.6602 -3.6902
v  -10.0854 10.1040 -3.5683
v  -10.0499 10.0984 -3.5536
v  -10.0854 10.5242 -3.3792
v  -10.0499 10.5169 -3.3653
v  -10.0854 10.9186 -3.1408
v  -10.0499 10.9097 -3.1278
v  -10.0854 11.2814 -2.8566
v  -10.0499 11.2709 -2.8448
v  -10.0854 11.6072 -2.5307
v  -10.0499 11.5955 -2.5203
v  -10.0854 11.8914 -2.1679
v  -10.0499 11.8785 -2.1590
v  -10.0854 12.1299 -1.7735
v  -10.0499 12.1159 -1.7662
v  -10.0854 12.3190 -1.3533
v  -10.0499 12.3043 -1.3477
v  -10.0854 12.4561 -0.9133
v  -10.0499 12.4408 -0.9095
v  -10.0854 12.5392 -0.4600
v  -10.0499 12.5236 -0.4581
v  -10.0854 12.5670 -0.0000
v  -10.0499 12.5513 -0.0000
v  -10.0854 12.5392 0.4600
v  -10.0499 12.5236 0.4581
v  -10.0854 12.4561 0.9133
v  -10.0499 12.4408 0.9095
v  -10.0854 12.3190 1.3533
v  -10.0499 12.3043 1.3477
v  -10.0854 12.1299 1.7735
v  -10.0499 12.1159 1.7662
v  -10.0854 11.8915 2.1679
v  -10.0499 11.8785 2.1590
v  -10.0854 11.6072 2.5307
v  -10.0499 11.5955 2.5203
v  -10.0854 11.2814 2.8566
v  -10.0499 11.2709 2.8448
v  -10.0854 10.9186 3.1408
v  -10.0499 10.9097 3.1278
v  -10.0854 10.5242 3.3792
v  -10.0499 10.5169 3.3653
v  -10.0854 10.1040 3.5683
v  -10.0499 10.0984 3.5536
v  -10.0854 9.6640 3.7054
v  -10.0499 9.6602 3.6902
v  2.0749 8.7507 3.8613
v  2.3326 8.7507 3.8408
v  2.3326 9.2136 3.8128
v  2.0749 9.2161 3.8331
v  2.3326 9.6698 3.7292
v  2.0749 9.6747 3.7491
v  2.3326 10.1126 3.5912
v  2.0749 10.1199 3.6103
v  2.3326 10.5356 3.4008
v  2.0749 10.5451 3.4190
v  2.3326 10.9325 3.1609
v  2.0749 10.9441 3.1778
v  2.3326 11.2976 2.8749
v  2.0749 11.3112 2.8902
v  2.3326 11.6255 2.5469
v  2.0749 11.6409 2.5605
v  2.3326 11.9116 2.1818
v  2.0749 11.9284 2.1934
v  2.3326 12.1515 1.7849
v  2.0749 12.1696 1.7944
v  2.3326 12.3419 1.3620
v  2.0749 12.3610 1.3692
v  2.3326 12.4798 0.9192
v  2.0749 12.4997 0.9241
v  2.3326 12.5635 0.4630
v  2.0749 12.5838 0.4654
v  2.3326 12.5915 -0.0000
v  2.0749 12.6119 -0.0000
v  2.3326 12.5635 -0.4630
v  2.0749 12.5838 -0.4654
v  2.3326 12.4798 -0.9192
v  2.0749 12.4997 -0.9241
v  2.3326 12.3419 -1.3620
v  2.0749 12.3610 -1.3692
v  2.3326 12.1515 -1.7849
v  2.0749 12.1696 -1.7944
v  2.3326 11.9116 -2.1818
v  2.0749 11.9284 -2.1934
v  2.3326 11.6255 -2.5469
v  2.0749 11.6409 -2.5605
v  2.3326 11.2976 -2.8749
v  2.0749 11.3112 -2.8902
v  2.3326 10.9325 -3.1609
v  2.0749 10.9441 -3.1778
v  2.3326 10.5356 -3.4009
v  2.0749 10.5451 -3.4190
v  2.3326 10.1126 -3.5912
v  2.0749 10.1199 -3.6103
v  2.3326 9.6698 -3.7292
v  2.0749 9.6747 -3.7491
v  2.3326 9.2136 -3.8128
v  2.0749 9.2161 -3.8331
v  2.3326 8.7507 -3.8408
v  2.0749 8.7507 -3.8613
v  2.3326 8.2877 -3.8128
v  2.0749 8.2852 -3.8331
v  2.3326 7.8315 -3.7292
v  2.0749 7.8266 -3.7491
v  2.3326 7.3887 -3.5912
v  2.0749 7.3814 -3.6103
v  2.3326 6.9658 -3.4008
v  2.0749 6.9562 -3.4190
v  2.3326 6.5688 -3.1609
v  2.0749 6.5572 -3.1778
v  2.3326 6.2038 -2.8749
v  2.0749 6.1902 -2.8902
v  2.3326 5.8758 -2.5469
v  2.0749 5.8605 -2.5605
v  2.3326 5.5898 -2.1818
v  2.0749 5.5729 -2.1934
v  2.3326 5.3498 -1.7849
v  2.0749 5.3317 -1.7944
v  2.3326 5.1595 -1.3620
v  2.0749 5.1403 -1.3692
v  2.3326 5.0215 -0.9192
v  2.0749 5.0016 -0.9241
v  2.3326 4.9379 -0.4630
v  2.0749 4.9176 -0.4654
v  2.3326 4.9099 0.0000
v  2.0749 4.8894 0.0000
v  2.3326 4.9379 0.4630
v  2.0749 4.9176 0.4654
v  2.3326 5.0215 0.9192
v  2.0749 5.0016 0.9241
v  2.3326 5.1595 1.3620
v  2.0749 5.1403 1.3692
v  2.3326 5.3498 1.7849
v  2.0749 5.3317 1.7944
v  2.3326 5.5898 2.1818
v  2.0749 5.5729 2.1935
v  2.3326 5.8758 2.5469
v  2.0749 5.8605 2.5605
v  2.3326 6.2038 2.8749
v  2.0749 6.1902 2.8902
v  2.3326 6.5689 3.1609
v  2.0749 6.5572 3.1778
v  2.3326 6.9658 3.4009
v  2.0749 6.9563 3.4190
v  2.3326 7.3887 3.5912
v  2.0749 7.3815 3.6103
v  2.3326 7.8315 3.7292
v  2.0749 7.8266 3.7491
v  2.3326 8.2877 3.8128
v  2.0749 8.2853 3.8331
v  3.0269 8.7507 3.7527
v  3.2800 8.7507 3.7037
v  3.2800 9.1971 3.6767
v  3.0269 9.2030 3.7253
v  3.2800 9.6370 3.5961
v  3.0269 9.6487 3.6436
v  3.2800 10.0640 3.4630
v  3.0269 10.0814 3.5088
v  3.2800 10.4719 3.2795
v  3.0269 10.4946 3.3228
v  3.2800 10.8546 3.0481
v  3.0269 10.8824 3.0884
v  3.2800 11.2067 2.7723
v  3.0269 11.2392 2.8089
v  3.2800 11.5229 2.4560
v  3.0269 11.5596 2.4885
v  3.2800 11.7987 2.1039
v  3.0269 11.8391 2.1318
v  3.2800 12.0301 1.7212
v  3.0269 12.0735 1.7440
v  3.2800 12.2137 1.3133
v  3.0269 12.2595 1.3307
v  3.2800 12.3467 0.8864
v  3.0269 12.3943 0.8981
v  3.2800 12.4274 0.4464
v  3.0269 12.4760 0.4523
v  3.2800 12.4544 -0.0000
v  3.0269 12.5033 -0.0000
v  3.2800 12.4274 -0.4464
v  3.0269 12.4760 -0.4523
v  3.2800 12.3467 -0.8864
v  3.0269 12.3943 -0.8981
v  3.2800 12.2137 -1.3133
v  3.0269 12.2595 -1.3307
v  3.2800 12.0301 -1.7212
v  3.0269 12.0735 -1.7440
v  3.2800 11.7987 -2.1039
v  3.0269 11.8391 -2.1318
v  3.2800 11.5229 -2.4560
v  3.0269 11.5596 -2.4885
v  3.2800 11.2067 -2.7723
v  3.0269 11.2391 -2.8089
v  3.2800 10.8546 -3.0481
v  3.0269 10.8824 -3.0884
v  3.2800 10.4719 -3.2795
v  3.0269 10.4946 -3.3228
v  3.2800 10.0640 -3.4630
v  3.0269 10.0814 -3.5088
v  3.2800 9.6370 -3.5961
v  3.0269 9.6487 -3.6436
v  3.2800 9.1971 -3.6767
v  3.0269 9.2030 -3.7253
v  3.2800 8.7507 -3.7037
v  3.0269 8.7507 -3.7527
v  3.2800 8.3042 -3.6767
v  3.0269 8.2983 -3.7253
v  3.2800 7.8643 -3.5961
v  3.0269 7.8526 -3.6436
v  3.2800 7.4373 -3.4630
v  3.0269 7.4199 -3.5088
v  3.2800 7.0295 -3.2795
v  3.0269 7.0067 -3.3228
v  3.2800 6.6467 -3.0481
v  3.0269 6.6189 -3.0884
v  3.2800 6.2947 -2.7723
v  3.0269 6.2622 -2.8089
v  3.2800 5.9784 -2.4560
v  3.0269 5.9417 -2.4885
v  3.2800 5.7026 -2.1039
v  3.0269 5.6623 -2.1318
v  3.2800 5.4712 -1.7212
v  3.0269 5.4278 -1.7440
v  3.2800 5.2876 -1.3133
v  3.0269 5.2419 -1.3307
v  3.2800 5.1546 -0.8863
v  3.0269 5.1070 -0.8981
v  3.2800 5.0740 -0.4464
v  3.0269 5.0254 -0.4523
v  3.2800 5.0470 0.0000
v  3.0269 4.9980 0.0000
v  3.2800 5.0740 0.4464
v  3.0269 5.0254 0.4523
v  3.2800 5.1546 0.8864
v  3.0269 5.1070 0.8981
v  3.2800 5.2877 1.3134
v  3.0269 5.2419 1.3307
v  3.2800 5.4712 1.7212
v  3.0269 5.4278 1.7440
v  3.2800 5.7026 2.1039
v  3.0269 5.6623 2.1318
v  3.2800 5.9784 2.4560
v  3.0269 5.9418 2.4885
v  3.2800 6.2947 2.7723
v  3.0269 6.2622 2.8089
v  3.2800 6.6467 3.0481
v  3.0269 6.6189 3.0884
v  3.2800 7.0295 3.2795
v  3.0269 7.0067 3.3228
v  3.2800 7.4373 3.4630
v  3.0269 7.4200 3.5088
v  3.2800 7.8643 3.5961
v  3.0269 7.8526 3.6436
v  3.2800 8.3042 3.6767
v  3.0269 8.2983 3.7253
v  -12.9022 8.8588 0.8902
v  -12.9022 8.7507 0.8968
v  -12.9022 8.9653 0.8707
v  -12.9022 9.0687 0.8385
v  -12.9022 9.1674 0.7941
v  -12.9022 9.2601 0.7380
v  -12.9022 9.3453 0.6713
v  -12.9022 9.4219 0.5947
v  -12.9022 9.4887 0.5094
v  -12.9022 9.5447 0.4168
v  -12.9022 9.5892 0.3180
v  -12.9022 9.6214 0.2146
v  -12.9022 9.6409 0.1081
v  -12.9022 9.6475 -0.0000
v  -12.9022 9.6409 -0.1081
v  -12.9022 9.6214 -0.2146
v  -12.9022 9.5892 -0.3180
v  -12.9022 9.5447 -0.4168
v  -12.9022 9.4887 -0.5094
v  -12.9022 9.4219 -0.5947
v  -12.9022 9.3453 -0.6713
v  -12.9022 9.2601 -0.7380
v  -12.9022 9.1674 -0.7941
v  -12.9022 9.0687 -0.8385
v  -12.9022 8.9653 -0.8707
v  -12.9022 8.8588 -0.8903
v  -12.9022 8.7507 -0.8968
v  -12.9022 8.6426 -0.8903
v  -12.9022 8.5360 -0.8707
v  -12.9022 8.4327 -0.8385
v  -12.9022 8.3339 -0.7941
v  -12.9022 8.2412 -0.7380
v  -12.9022 8.1560 -0.6713
v  -12.9022 8.0794 -0.5947
v  -12.9022 8.0126 -0.5094
v  -12.9022 7.9566 -0.4168
v  -12.9022 7.9122 -0.3180
v  -12.9022 7.8799 -0.2146
v  -12.9022 7.8604 -0.1081
v  -12.9022 7.8539 0.0000
v  -12.9022 7.8604 0.1081
v  -12.9022 7.8799 0.2146
v  -12.9022 7.9122 0.3180
v  -12.9022 7.9566 0.4168
v  -12.9022 8.0126 0.5094
v  -12.9022 8.0794 0.5947
v  -12.9022 8.1560 0.6713
v  -12.9022 8.2412 0.7380
v  -12.9022 8.3339 0.7941
v  -12.9022 8.4327 0.8385
v  -12.9022 8.5361 0.8707
v  -12.9022 8.6426 0.8903
v  -13.0897 8.8588 0.8902
v  -13.0897 8.7507 0.8968
v  -13.0897 8.9653 0.8707
v  -13.0897 9.0687 0.8385
v  -13.0897 9.1674 0.7941
v  -13.0897 9.2601 0.7380
v  -13.0897 9.3453 0.6713
v  -13.0897 9.4219 0.5947
v  -13.0897 9.4887 0.5094
v  -13.0897 9.5447 0.4168
v  -13.0897 9.5892 0.3180
v  -13.0897 9.6214 0.2146
v  -13.0897 9.6409 0.1081
v  -13.0897 9.6475 -0.0000
v  -13.0897 9.6409 -0.1081
v  -13.0897 9.6214 -0.2146
v  -13.0897 9.5892 -0.3180
v  -13.0897 9.5447 -0.4168
v  -13.0897 9.4887 -0.5094
v  -13.0897 9.4219 -0.5947
v  -13.0897 9.3453 -0.6713
v  -13.0897 9.2601 -0.7380
v  -13.0897 9.1674 -0.7941
v  -13.0897 9.0687 -0.8385
v  -13.0897 8.9653 -0.8707
v  -13.0897 8.8588 -0.8903
v  -13.0897 8.7507 -0.8968
v  -13.0897 8.6426 -0.8903
v  -13.0897 8.5360 -0.8707
v  -13.0897 8.4327 -0.8385
v  -13.0897 8.3339 -0.7941
v  -13.0897 8.2412 -0.7380
v  -13.0897 8.1560 -0.6713
v  -13.0897 8.0794 -0.5947
v  -13.0897 8.0126 -0.5094
v  -13.0897 7.9566 -0.4168
v  -13.0897 7.9122 -0.3180
v  -13.0897 7.8799 -0.2146
v  -13.0897 7.8604 -0.1081
v  -13.0897 7.8539 0.0000
v  -13.0897 7.8604 0.1081
v  -13.0897 7.8799 0.2146
v  -13.0897 7.9122 0.3180
v  -13.0897 7.9566 0.4168
v  -13.0897 8.0126 0.5094
v  -13.0897 8.0794 0.5947
v  -13.0897 8.1560 0.6713
v  -13.0897 8.2412 0.7380
v  -13.0897 8.3339 0.7941
v  -13.0897 8.4327 0.8385
v  -13.0897 8.5361 0.8707
v  -13.0897 8.6426 0.8903
v  -13.0897 8.8245 0.6079
v  -13.0897 8.7507 0.6124
v  -13.0897 8.8972 0.5946
v  -13.0897 8.9678 0.5726
v  -13.0897 9.0353 0.5422
v  -13.0897 9.0985 0.5040
v  -13.0897 9.1568 0.4584
v  -13.0897 9.2091 0.4061
v  -13.0897 9.2547 0.3479
v  -13.0897 9.2929 0.2846
v  -13.0897 9.3233 0.2172
v  -13.0897 9.3453 0.1466
v  -13.0897 9.3586 0.0738
v  -13.0897 9.3631 -0.0000
v  -13.0897 9.3586 -0.0738
v  -13.0897 9.3453 -0.1466
v  -13.0897 9.3233 -0.2172
v  -13.0897 9.2929 -0.2846
v  -13.0897 9.2547 -0.3479
v  -13.0897 9.2091 -0.4061
v  -13.0897 9.1568 -0.4584
v  -13.0897 9.0985 -0.5040
v  -13.0897 9.0353 -0.5422
v  -13.0897 8.9678 -0.5726
v  -13.0897 8.8972 -0.5946
v  -13.0897 8.8245 -0.6079
v  -13.0897 8.7507 -0.6124
v  -13.0897 8.6769 -0.6079
v  -13.0897 8.6041 -0.5946
v  -13.0897 8.5335 -0.5726
v  -13.0897 8.4661 -0.5422
v  -13.0897 8.4028 -0.5040
v  -13.0897 8.3446 -0.4584
v  -13.0897 8.2923 -0.4061
v  -13.0897 8.2467 -0.3479
v  -13.0897 8.2084 -0.2846
v  -13.0897 8.1781 -0.2172
v  -13.0897 8.1561 -0.1466
v  -13.0897 8.1427 -0.0738
v  -13.0897 8.1383 -0.0000
v  -13.0897 8.1427 0.0738
v  -13.0897 8.1561 0.1466
v  -13.0897 8.1781 0.2172
v  -13.0897 8.2084 0.2846
v  -13.0897 8.2467 0.3479
v  -13.0897 8.2923 0.4061
v  -13.0897 8.3446 0.4584
v  -13.0897 8.4028 0.5040
v  -13.0897 8.4661 0.5422
v  -13.0897 8.5335 0.5726
v  -13.0897 8.6041 0.5946
v  -13.0897 8.6769 0.6079
v  -14.2572 8.8245 0.6079
v  -14.2572 8.7507 0.6124
v  -14.2572 8.8972 0.5946
v  -14.2572 8.9678 0.5726
v  -14.2572 9.0353 0.5422
v  -14.2572 9.0985 0.5040
v  -14.2572 9.1568 0.4584
v  -14.2572 9.2091 0.4061
v  -14.2572 9.2547 0.3479
v  -14.2572 9.2929 0.2846
v  -14.2572 9.3233 0.2172
v  -14.2572 9.3453 0.1466
v  -14.2572 9.3586 0.0738
v  -14.2572 9.3631 -0.0000
v  -14.2572 9.3586 -0.0738
v  -14.2572 9.3453 -0.1466
v  -14.2572 9.3233 -0.2172
v  -14.2572 9.2929 -0.2846
v  -14.2572 9.2547 -0.3479
v  -14.2572 9.2091 -0.4061
v  -14.2572 9.1568 -0.4584
v  -14.2572 9.0985 -0.5040
v  -14.2572 9.0353 -0.5422
v  -14.2572 8.9678 -0.5726
v  -14.2572 8.8972 -0.5946
v  -14.2572 8.8245 -0.6079
v  -14.2572 8.7507 -0.6124
v  -14.2572 8.6769 -0.6079
v  -14.2572 8.6041 -0.5946
v  -14.2572 8.5335 -0.5726
v  -14.2572 8.4661 -0.5422
v  -14.2572 8.4028 -0.5040
v  -14.2572 8.3446 -0.4584
v  -14.2572 8.2923 -0.4061
v  -14.2572 8.2467 -0.3479
v  -14.2572 8.2084 -0.2846
v  -14.2572 8.1781 -0.2172
v  -14.2572 8.1561 -0.1466
v  -14.2572 8.1427 -0.0738
v  -14.2572 8.1383 -0.0000
v  -14.2572 8.1427 0.0738
v  -14.2572 8.1561 0.1466
v  -14.2572 8.1781 0.2172
v  -14.2572 8.2084 0.2846
v  -14.2572 8.2467 0.3479
v  -14.2572 8.2923 0.4061
v  -14.2572 8.3446 0.4584
v  -14.2572 8.4028 0.5040
v  -14.2572 8.4661 0.5422
v  -14.2572 8.5335 0.5726
v  -14.2572 8.6041 0.5946
v  -14.2572 8.6769 0.6079
v  10.4612 11.0864 0.2962
v  10.4612 11.0864 -0.2962
v  10.4419 10.9711 -0.2962
v  10.4419 10.9711 0.2962
v  10.4856 11.2004 -0.2962
v  10.4856 11.2004 0.2962
v  10.4260 10.8550 0.2962
v  10.4260 10.8550 -0.2962
v  10.4119 10.7384 -0.2962
v  10.4119 10.7384 0.2962
v  10.5996 11.5307 0.2962
v  10.5996 11.5307 -0.2962
v  10.5550 11.4230 -0.2962
v  10.5550 11.4230 0.2962
v  10.6507 11.6355 -0.2962
v  10.6507 11.6355 0.2962
v  10.5170 11.3127 0.2962
v  10.5170 11.3127 -0.2962
v  10.8404 11.9290 0.2962
v  10.8404 11.9290 -0.2962
v  10.7713 11.8350 -0.2962
v  10.7713 11.8350 0.2962
v  10.9150 12.0185 -0.2962
v  10.9150 12.0185 0.2962
v  10.7080 11.7371 0.2962
v  10.7080 11.7371 -0.2962
v  11.1695 12.2580 0.2962
v  11.1695 12.2580 -0.2962
v  11.0799 12.1834 -0.2962
v  11.0799 12.1834 0.2962
v  11.2634 12.3271 -0.2962
v  11.2634 12.3271 0.2962
v  10.9950 12.1034 0.2962
v  10.9950 12.1034 -0.2962
v  11.5677 12.4988 0.2962
v  11.5677 12.4988 -0.2962
v  11.4629 12.4477 -0.2962
v  11.4629 12.4477 0.2962
v  11.6755 12.5434 -0.2962
v  11.6755 12.5434 0.2962
v  11.3613 12.3904 0.2962
v  11.3613 12.3904 -0.2962
v  12.0120 12.6372 0.2962
v  12.0120 12.6372 -0.2962
v  11.8980 12.6128 -0.2962
v  11.8980 12.6128 0.2962
v  12.1273 12.6548 -0.2962
v  12.1273 12.6548 0.2962
v  11.7857 12.5815 0.2962
v  11.7857 12.5815 -0.2962
v  12.4766 12.6653 0.2962
v  12.4766 12.6653 -0.2962
v  12.3600 12.6688 -0.2962
v  12.3600 12.6688 0.2962
v  12.5927 12.6548 -0.2962
v  12.5927 12.6548 0.2962
v  12.2435 12.6653 0.2962
v  12.2435 12.6653 -0.2962
v  12.9343 12.5815 0.2962
v  12.9343 12.5815 -0.2962
v  12.8220 12.6128 -0.2962
v  12.8220 12.6128 0.2962
v  13.0446 12.5434 -0.2962
v  13.0446 12.5434 0.2962
v  12.7080 12.6372 0.2962
v  12.7080 12.6372 -0.2962
v  13.3587 12.3904 0.2962
v  13.3587 12.3904 -0.2962
v  13.2571 12.4477 -0.2962
v  13.2571 12.4477 0.2962
v  13.4566 12.3271 -0.2962
v  13.4566 12.3271 0.2962
v  13.1523 12.4988 0.2962
v  13.1523 12.4988 -0.2962
v  13.7250 12.1034 0.2962
v  13.7250 12.1034 -0.2962
v  13.6401 12.1834 -0.2962
v  13.6401 12.1834 0.2962
v  13.8050 12.0185 -0.2962
v  13.8050 12.0185 0.2962
v  13.5506 12.2580 0.2962
v  13.5506 12.2580 -0.2962
v  14.0121 11.7371 0.2962
v  14.0121 11.7371 -0.2962
v  13.9487 11.8350 -0.2962
v  13.9487 11.8350 0.2962
v  14.0694 11.6355 -0.2962
v  14.0694 11.6355 0.2962
v  13.8796 11.9290 0.2962
v  13.8796 11.9290 -0.2962
v  14.2031 11.3127 0.2962
v  14.2031 11.3127 -0.2962
v  14.1650 11.4230 -0.2962
v  14.1650 11.4230 0.2962
v  14.2344 11.2004 -0.2962
v  14.2344 11.2004 0.2962
v  14.1204 11.5307 0.2962
v  14.1204 11.5307 -0.2962
v  14.2905 10.7806 0.2962
v  14.2905 10.7806 -0.2962
v  14.2773 10.9525 -0.2962
v  14.2773 10.9525 0.2962
v  14.3011 10.5897 -0.2962
v  14.3011 10.5897 0.2962
v  14.2588 11.0864 0.2962
v  14.2588 11.0864 -0.2962
v  10.4119 9.8019 -0.2962
v  10.4119 9.8019 0.2962
v  14.3082 8.7388 0.2962
v  14.3082 8.7388 -0.2962
v  13.6652 9.0348 5.0861
v  10.9582 9.0348 1.1576
v  10.9582 8.4666 1.1576
v  13.6652 8.4666 5.0861
v  13.6652 9.0348 -5.0861
v  10.9582 9.0348 -1.1576
v  14.3690 9.0348 4.9604
v  14.3795 9.0348 4.8707
v  14.3795 9.0348 -4.8707
v  14.3690 9.0348 -4.9604
v  14.3382 9.0348 5.0453
v  14.3382 9.0348 -5.0453
v  14.2886 9.0348 5.1208
v  14.2886 9.0348 -5.1208
v  14.1448 9.0348 5.2281
v  14.2230 9.0348 5.1828
v  14.2230 9.0348 -5.1828
v  14.1448 9.0348 -5.2281
v  13.7236 9.0348 5.1551
v  13.7962 9.0348 5.2088
v  13.7962 9.0348 -5.2088
v  13.7236 9.0348 -5.1551
v  14.0584 9.0348 -5.2542
v  14.0584 9.0348 5.2542
v  13.9682 9.0348 -5.2597
v  13.9682 9.0348 5.2597
v  13.8792 9.0348 -5.2443
v  13.8792 9.0348 5.2443
v  14.3690 8.4666 4.9604
v  14.3795 8.4666 4.8707
v  14.3382 8.4666 5.0453
v  14.2886 8.4666 5.1208
v  14.2230 8.4666 5.1828
v  14.1448 8.4666 5.2281
v  14.0584 8.4666 5.2542
v  13.9682 8.4666 5.2597
v  13.8792 8.4666 5.2443
v  13.7962 8.4666 5.2088
v  13.7236 8.4666 5.1551
v  13.6652 8.4666 -5.0861
v  10.9582 8.4666 -1.1576
v  14.3795 8.4666 -4.8707
v  14.3690 8.4666 -4.9604
v  14.3382 8.4666 -5.0453
v  14.2886 8.4666 -5.1208
v  14.2230 8.4666 -5.1828
v  14.1448 8.4666 -5.2281
v  14.0584 8.4666 -5.2542
v  13.9682 8.4666 -5.2597
v  13.8792 8.4666 -5.2443
v  13.7962 8.4666 -5.2088
v  13.7236 8.4666 -5.1551
v  -1.3218 5.5199 -12.6195
v  -1.3218 4.5458 -12.6195
v  -1.4621 4.5458 -13.0696
v  -1.4621 5.5199 -13.0696
v  -1.6556 4.5458 -13.4995
v  -1.6556 5.5199 -13.4995
v  -1.8995 4.5458 -13.9030
v  -1.8995 5.5199 -13.9030
v  -2.1902 4.5458 -14.2741
v  -2.1902 5.5199 -14.2741
v  -2.5236 4.5458 -14.6075
v  -2.5236 5.5199 -14.6075
v  -2.8947 4.5458 -14.8983
v  -2.8947 5.5199 -14.8983
v  -3.2982 4.5458 -15.1422
v  -3.2982 5.5199 -15.1422
v  -3.7281 4.5458 -15.3356
v  -3.7281 5.5199 -15.3356
v  -4.1782 4.5458 -15.4759
v  -4.1782 5.5199 -15.4759
v  -4.6419 4.5458 -15.5609
v  -4.6419 5.5199 -15.5609
v  -5.1125 4.5458 -15.5894
v  -5.1125 5.5199 -15.5894
v  -5.5831 4.5458 -15.5609
v  -5.5831 5.5199 -15.5609
v  -6.0469 4.5458 -15.4759
v  -6.0469 5.5199 -15.4759
v  -6.4970 4.5458 -15.3356
v  -6.4970 5.5199 -15.3356
v  -6.9269 4.5458 -15.1422
v  -6.9269 5.5199 -15.1422
v  -7.3304 4.5458 -14.8983
v  -7.3304 5.5199 -14.8983
v  -7.7015 4.5458 -14.6075
v  -7.7015 5.5199 -14.6075
v  -8.0349 4.5458 -14.2741
v  -8.0349 5.5199 -14.2741
v  -8.3256 4.5458 -13.9030
v  -8.3256 5.5199 -13.9030
v  -8.5695 4.5458 -13.4995
v  -8.5695 5.5199 -13.4995
v  -8.7630 4.5458 -13.0696
v  -8.7630 5.5199 -13.0696
v  -8.9033 4.5458 -12.6195
v  -8.9033 5.5199 -12.6195
v  -8.9883 4.5458 -12.1558
v  -8.9883 5.5199 -12.1558
v  -9.0167 4.5458 -11.6852
v  -9.0167 5.5199 -11.6852
v  -8.5695 5.5199 13.4995
v  -8.5695 4.5458 13.4995
v  -8.3256 4.5458 13.9030
v  -8.3256 5.5199 13.9030
v  -8.0349 4.5458 14.2741
v  -8.0349 5.5199 14.2741
v  -7.7015 4.5458 14.6075
v  -7.7015 5.5199 14.6075
v  -7.3304 4.5458 14.8983
v  -7.3304 5.5199 14.8983
v  -6.9269 4.5458 15.1422
v  -6.9269 5.5199 15.1422
v  -9.0167 5.5199 11.6852
v  -9.0167 4.5458 11.6852
v  -8.9883 4.5458 12.1558
v  -8.9883 5.5199 12.1558
v  -6.4970 4.5458 15.3356
v  -6.4970 5.5199 15.3356
v  -6.0469 5.5199 15.4759
v  -6.0469 4.5458 15.4759
v  -5.5831 4.5458 15.5609
v  -5.5831 5.5199 15.5609
v  -5.1125 4.5458 15.5894
v  -5.1125 5.5199 15.5894
v  -4.6419 4.5458 15.5609
v  -4.6419 5.5199 15.5609
v  -4.1782 5.5199 15.4759
v  -4.1782 4.5458 15.4759
v  -3.7281 4.5458 15.3356
v  -3.7281 5.5199 15.3356
v  -3.2982 4.5458 15.1422
v  -3.2982 5.5199 15.1422
v  -2.8947 4.5458 14.8983
v  -2.8947 5.5199 14.8983
v  -2.5236 4.5458 14.6075
v  -2.5236 5.5199 14.6075
v  -1.6556 5.5199 13.4995
v  -1.6556 4.5458 13.4995
v  -1.4621 4.5458 13.0696
v  -1.4621 5.5199 13.0696
v  -1.3218 4.5458 12.6195
v  -1.3218 5.5199 12.6195
v  -1.2368 5.5199 -12.1558
v  -1.2368 5.5199 12.1558
v  -1.8995 5.5199 13.9030
v  -2.1902 5.5199 14.2741
v  -8.9033 5.5199 12.6195
v  -1.2083 5.5199 -11.6852
v  -1.2083 5.5199 11.6852
v  -8.7630 5.5199 13.0696
v  -8.9033 4.5458 12.6195
v  -8.7630 4.5458 13.0696
v  -2.1902 4.5458 14.2741
v  -1.8995 4.5458 13.9030
v  -1.2368 4.5458 -12.1558
v  -1.2368 4.5458 12.1558
v  -1.2083 4.5458 -11.6852
v  -1.2083 4.5458 11.6852
v  -5.1020 11.2487 2.8390
v  -4.9855 11.2487 2.8249
v  -4.9855 14.5971 2.8249
v  -5.1020 14.5971 2.8390
v  -4.8757 11.2487 2.7832
v  -4.8757 14.5971 2.7832
v  -4.7791 11.2487 2.7165
v  -4.7791 14.5971 2.7165
v  -4.7012 11.2487 2.6287
v  -4.7012 14.5971 2.6287
v  -4.6466 11.2487 2.5247
v  -4.6466 14.5971 2.5247
v  -4.6185 11.2487 2.4107
v  -4.6185 14.5971 2.4107
v  -4.6185 11.2487 2.2933
v  -4.6185 14.5971 2.2933
v  -4.6466 11.2487 2.1793
v  -4.6466 14.5971 2.1793
v  -4.7012 11.2487 2.0753
v  -4.7012 14.5971 2.0753
v  -4.7791 11.2487 1.9874
v  -4.7791 14.5971 1.9874
v  -4.8757 11.2487 1.9207
v  -4.8757 14.5971 1.9207
v  -4.9855 11.2487 1.8791
v  -4.9855 14.5971 1.8791
v  -5.1020 11.2487 1.8649
v  -5.1020 14.5971 1.8649
v  -2.6477 5.4644 9.2821
v  -2.7643 5.4644 9.2679
v  -2.7643 14.5971 9.2679
v  -2.6477 14.5971 9.2821
v  -2.5379 5.4644 9.3237
v  -2.5379 14.5971 9.3237
v  -2.4413 5.4644 9.3904
v  -2.4413 14.5971 9.3904
v  -2.3634 5.4644 9.4783
v  -2.3634 14.5971 9.4783
v  -2.3089 5.4644 9.5822
v  -2.3089 14.5971 9.5822
v  -2.2808 5.4644 9.6962
v  -2.2808 14.5971 9.6962
v  -2.2808 5.4644 9.8137
v  -2.2808 14.5971 9.8137
v  -2.3089 5.4644 9.9276
v  -2.3089 14.5971 9.9276
v  -2.3634 5.4644 10.0316
v  -2.3634 14.5971 10.0316
v  -2.4413 5.4644 10.1195
v  -2.4413 14.5971 10.1195
v  -2.5379 5.4644 10.1862
v  -2.5379 14.5971 10.1862
v  -2.6477 5.4644 10.2278
v  -2.6477 14.5971 10.2278
v  -2.7643 5.4644 10.2420
v  -2.7643 14.5971 10.2420
v  -7.3233 5.4644 9.2821
v  -7.4398 5.4644 9.2679
v  -7.4398 14.5971 9.2679
v  -7.3233 14.5971 9.2821
v  -7.2135 5.4644 9.3237
v  -7.2135 14.5971 9.3237
v  -7.1168 5.4644 9.3904
v  -7.1168 14.5971 9.3904
v  -7.0390 5.4644 9.4783
v  -7.0390 14.5971 9.4783
v  -6.9844 5.4644 9.5822
v  -6.9844 14.5971 9.5822
v  -6.9563 5.4644 9.6962
v  -6.9563 14.5971 9.6962
v  -6.9563 5.4644 9.8137
v  -6.9563 14.5971 9.8137
v  -6.9844 5.4644 9.9276
v  -6.9844 14.5971 9.9276
v  -7.0390 5.4644 10.0316
v  -7.0390 14.5971 10.0316
v  -7.1168 5.4644 10.1195
v  -7.1168 14.5971 10.1195
v  -7.2135 5.4644 10.1862
v  -7.2135 14.5971 10.1862
v  -7.3233 5.4644 10.2278
v  -7.3233 14.5971 10.2278
v  -7.4398 5.4644 10.2420
v  -7.4398 14.5971 10.2420
v  -7.5564 5.4644 10.2278
v  -7.5564 14.5971 10.2278
v  -7.6662 5.4644 10.1862
v  -7.6662 14.5971 10.1862
v  -7.7628 5.4644 10.1195
v  -7.7628 14.5971 10.1195
v  -7.8406 5.4644 10.0316
v  -7.8406 14.5971 10.0316
v  -7.8952 5.4644 9.9276
v  -7.8952 14.5971 9.9276
v  -7.9233 5.4644 9.8137
v  -7.9233 14.5971 9.8137
v  -7.9233 5.4644 9.6962
v  -7.9233 14.5971 9.6962
v  -7.8952 5.4644 9.5822
v  -7.8952 14.5971 9.5822
v  -7.8406 5.4644 9.4783
v  -7.8406 14.5971 9.4783
v  -7.7628 5.4644 9.3904
v  -7.7628 14.5971 9.3904
v  -7.6662 5.4644 9.3237
v  -7.6662 14.5971 9.3237
v  -7.5564 5.4644 9.2821
v  -7.5564 14.5971 9.2821
v  -2.8808 5.4644 10.2278
v  -2.8808 14.5971 10.2278
v  -2.9906 5.4644 10.1862
v  -2.9906 14.5971 10.1862
v  -3.0872 5.4644 10.1195
v  -3.0872 14.5971 10.1195
v  -3.1651 5.4644 10.0316
v  -3.1651 14.5971 10.0316
v  -3.2196 5.4644 9.9276
v  -3.2196 14.5971 9.9276
v  -3.2477 5.4644 9.8137
v  -3.2477 14.5971 9.8137
v  -3.2477 5.4644 9.6962
v  -3.2477 14.5971 9.6962
v  -3.2196 5.4644 9.5822
v  -3.2196 14.5971 9.5822
v  -3.1651 5.4644 9.4783
v  -3.1651 14.5971 9.4783
v  -3.0872 5.4644 9.3904
v  -3.0872 14.5971 9.3904
v  -2.9906 5.4644 9.3237
v  -2.9906 14.5971 9.3237
v  -2.8808 5.4644 9.2821
v  -2.8808 14.5971 9.2821
v  -5.2186 11.2487 1.8791
v  -5.2186 14.5971 1.8791
v  -5.3284 11.2487 1.9207
v  -5.3284 14.5971 1.9207
v  -5.4250 11.2487 1.9874
v  -5.4250 14.5971 1.9874
v  -5.5029 11.2487 2.0753
v  -5.5029 14.5971 2.0753
v  -5.5574 11.2487 2.1793
v  -5.5574 14.5971 2.1793
v  -5.5855 11.2487 2.2933
v  -5.5855 14.5971 2.2933
v  -5.5855 11.2487 2.4107
v  -5.5855 14.5971 2.4107
v  -5.5574 11.2487 2.5247
v  -5.5574 14.5971 2.5247
v  -5.5029 11.2487 2.6287
v  -5.5029 14.5971 2.6287
v  -5.4250 11.2487 2.7165
v  -5.4250 14.5971 2.7165
v  -5.3284 11.2487 2.7832
v  -5.3284 14.5971 2.7832
v  -5.2186 11.2487 2.8249
v  -5.2186 14.5971 2.8249
v  -5.1020 11.2487 -2.8390
v  -5.1020 14.5971 -2.8390
v  -4.9855 14.5971 -2.8249
v  -4.9855 11.2487 -2.8249
v  -4.8757 14.5971 -2.7832
v  -4.8757 11.2487 -2.7832
v  -4.7791 14.5971 -2.7165
v  -4.7791 11.2487 -2.7165
v  -4.7012 14.5971 -2.6287
v  -4.7012 11.2487 -2.6287
v  -4.6466 14.5971 -2.5247
v  -4.6466 11.2487 -2.5247
v  -4.6185 14.5971 -2.4107
v  -4.6185 11.2487 -2.4107
v  -4.6185 14.5971 -2.2933
v  -4.6185 11.2487 -2.2933
v  -4.6466 14.5971 -2.1793
v  -4.6466 11.2487 -2.1793
v  -4.7012 14.5971 -2.0753
v  -4.7012 11.2487 -2.0753
v  -4.7791 14.5971 -1.9874
v  -4.7791 11.2487 -1.9874
v  -4.8757 14.5971 -1.9207
v  -4.8757 11.2487 -1.9207
v  -4.9855 14.5971 -1.8791
v  -4.9855 11.2487 -1.8791
v  -5.1020 14.5971 -1.8649
v  -5.1020 11.2487 -1.8649
v  -2.6477 5.4644 -9.2821
v  -2.6477 14.5971 -9.2821
v  -2.7643 14.5971 -9.2679
v  -2.7643 5.4644 -9.2679
v  -2.5379 5.4644 -9.3237
v  -2.5379 14.5971 -9.3237
v  -2.4413 5.4644 -9.3904
v  -2.4413 14.5971 -9.3904
v  -2.3634 5.4644 -9.4783
v  -2.3634 14.5971 -9.4783
v  -2.3089 5.4644 -9.5822
v  -2.3089 14.5971 -9.5822
v  -2.2808 5.4644 -9.6962
v  -2.2808 14.5971 -9.6962
v  -2.2808 5.4644 -9.8137
v  -2.2808 14.5971 -9.8137
v  -2.3089 5.4644 -9.9276
v  -2.3089 14.5971 -9.9276
v  -2.3634 5.4644 -10.0316
v  -2.3634 14.5971 -10.0316
v  -2.4413 5.4644 -10.1195
v  -2.4413 14.5971 -10.1195
v  -2.5379 5.4644 -10.1862
v  -2.5379 14.5971 -10.1862
v  -2.6477 5.4644 -10.2278
v  -2.6477 14.5971 -10.2278
v  -2.7643 5.4644 -10.2420
v  -2.7643 14.5971 -10.2420
v  -7.3233 5.4644 -9.2821
v  -7.3233 14.5971 -9.2821
v  -7.4398 14.5971 -9.2679
v  -7.4398 5.4644 -9.2679
v  -7.2135 5.4644 -9.3237
v  -7.2135 14.5971 -9.3237
v  -7.1168 5.4644 -9.3904
v  -7.1168 14.5971 -9.3904
v  -7.0390 5.4644 -9.4783
v  -7.0390 14.5971 -9.4783
v  -6.9844 5.4644 -9.5822
v  -6.9844 14.5971 -9.5822
v  -6.9563 5.4644 -9.6962
v  -6.9563 14.5971 -9.6962
v  -6.9563 5.4644 -9.8137
v  -6.9563 14.5971 -9.8137
v  -6.9844 5.4644 -9.9276
v  -6.9844 14.5971 -9.9276
v  -7.0390 5.4644 -10.0316
v  -7.0390 14.5971 -10.0316
v  -7.1168 5.4644 -10.1195
v  -7.1168 14.5971 -10.1195
v  -7.2135 5.4644 -10.1862
v  -7.2135 14.5971 -10.1862
v  -7.3233 5.4644 -10.2278
v  -7.3233 14.5971 -10.2278
v  -7.4398 5.4644 -10.2420
v  -7.4398 14.5971 -10.2420
v  -7.5564 5.4644 -10.2278
v  -7.5564 14.5971 -10.2278
v  -7.6662 5.4644 -10.1862
v  -7.6662 14.5971 -10.1862
v  -7.7628 5.4644 -10.1195
v  -7.7628 14.5971 -10.1195
v  -7.8406 5.4644 -10.0316
v  -7.8406 14.5971 -10.0316
v  -7.8952 5.4644 -9.9276
v  -7.8952 14.5971 -9.9276
v  -7.9233 5.4644 -9.8137
v  -7.9233 14.5971 -9.8137
v  -7.9233 5.4644 -9.6962
v  -7.9233 14.5971 -9.6962
v  -7.8952 5.4644 -9.5822
v  -7.8952 14.5971 -9.5822
v  -7.8406 5.4644 -9.4783
v  -7.8406 14.5971 -9.4783
v  -7.7628 5.4644 -9.3904
v  -7.7628 14.5971 -9.3904
v  -7.6662 5.4644 -9.3237
v  -7.6662 14.5971 -9.3237
v  -7.5564 5.4644 -9.2821
v  -7.5564 14.5971 -9.2821
v  -2.8808 5.4644 -10.2278
v  -2.8808 14.5971 -10.2278
v  -2.9906 5.4644 -10.1862
v  -2.9906 14.5971 -10.1862
v  -3.0872 5.4644 -10.1195
v  -3.0872 14.5971 -10.1195
v  -3.1651 5.4644 -10.0316
v  -3.1651 14.5971 -10.0316
v  -3.2196 5.4644 -9.9276
v  -3.2196 14.5971 -9.9276
v  -3.2477 5.4644 -9.8137
v  -3.2477 14.5971 -9.8137
v  -3.2477 5.4644 -9.6962
v  -3.2477 14.5971 -9.6962
v  -3.2196 5.4644 -9.5822
v  -3.2196 14.5971 -9.5822
v  -3.1651 5.4644 -9.4783
v  -3.1651 14.5971 -9.4783
v  -3.0872 5.4644 -9.3904
v  -3.0872 14.5971 -9.3904
v  -2.9906 5.4644 -9.3237
v  -2.9906 14.5971 -9.3237
v  -2.8808 5.4644 -9.2821
v  -2.8808 14.5971 -9.2821
v  -5.2186 14.5971 -1.8791
v  -5.2186 11.2487 -1.8791
v  -5.3284 14.5971 -1.9207
v  -5.3284 11.2487 -1.9207
v  -5.4250 14.5971 -1.9874
v  -5.4250 11.2487 -1.9874
v  -5.5029 14.5971 -2.0753
v  -5.5029 11.2487 -2.0753
v  -5.5574 14.5971 -2.1793
v  -5.5574 11.2487 -2.1793
v  -5.5855 14.5971 -2.2933
v  -5.5855 11.2487 -2.2933
v  -5.5855 14.5971 -2.4107
v  -5.5855 11.2487 -2.4107
v  -5.5574 14.5971 -2.5247
v  -5.5574 11.2487 -2.5247
v  -5.5029 14.5971 -2.6287
v  -5.5029 11.2487 -2.6287
v  -5.4250 14.5971 -2.7165
v  -5.4250 11.2487 -2.7165
v  -5.3284 14.5971 -2.7832
v  -5.3284 11.2487 -2.7832
v  -5.2186 14.5971 -2.8249
v  -5.2186 11.2487 -2.8249
v  -2.7923 2.1839 4.1380
v  -2.8082 2.4472 4.1380
v  -2.8082 2.4472 5.1420
v  -2.7923 2.1839 5.1420
v  -2.8558 2.7066 4.1380
v  -2.8558 2.7066 5.1420
v  -2.9342 2.9583 4.1380
v  -2.9342 2.9583 5.1420
v  -3.0425 3.1988 4.1380
v  -3.0425 3.1988 5.1420
v  -3.1789 3.4245 4.1380
v  -3.1789 3.4245 5.1420
v  -3.3416 3.6321 4.1380
v  -3.3416 3.6321 5.1420
v  -3.5280 3.8186 4.1380
v  -3.5280 3.8186 5.1420
v  -3.7356 3.9813 4.1380
v  -3.7356 3.9813 5.1420
v  -3.9613 4.1177 4.1380
v  -3.9613 4.1177 5.1420
v  -4.2018 4.2259 4.1380
v  -4.2018 4.2259 5.1420
v  -4.4536 4.3044 4.1380
v  -4.4536 4.3044 5.1420
v  -4.7130 4.3519 4.1380
v  -4.7130 4.3519 5.1420
v  -4.9763 4.3679 4.1380
v  -4.9763 4.3679 5.1420
v  -5.2395 4.3519 4.1380
v  -5.2395 4.3519 5.1420
v  -5.4989 4.3044 4.1380
v  -5.4989 4.3044 5.1420
v  -5.7507 4.2259 4.1380
v  -5.7507 4.2259 5.1420
v  -5.9912 4.1177 4.1380
v  -5.9912 4.1177 5.1420
v  -6.2169 3.9813 4.1380
v  -6.2169 3.9813 5.1420
v  -6.4245 3.8186 4.1380
v  -6.4245 3.8186 5.1420
v  -6.6110 3.6321 4.1380
v  -6.6110 3.6321 5.1420
v  -6.7736 3.4245 4.1380
v  -6.7736 3.4245 5.1420
v  -6.9100 3.1988 4.1380
v  -6.9100 3.1988 5.1420
v  -7.0183 2.9583 4.1380
v  -7.0183 2.9583 5.1420
v  -7.0967 2.7066 4.1380
v  -7.0967 2.7066 5.1420
v  -7.1443 2.4472 4.1380
v  -7.1443 2.4472 5.1420
v  -7.1602 2.1839 4.1380
v  -7.1602 2.1839 5.1420
v  -7.1443 1.9207 4.1380
v  -7.1443 1.9207 5.1420
v  -7.0967 1.6613 4.1380
v  -7.0967 1.6613 5.1420
v  -7.0183 1.4095 4.1380
v  -7.0183 1.4095 5.1420
v  -6.9100 1.1690 4.1380
v  -6.9100 1.1690 5.1420
v  -6.7736 0.9433 4.1380
v  -6.7736 0.9433 5.1420
v  -6.6110 0.7357 4.1380
v  -6.6110 0.7357 5.1420
v  -6.4245 0.5492 4.1380
v  -6.4245 0.5492 5.1420
v  -6.2169 0.3866 4.1380
v  -6.2169 0.3866 5.1420
v  -5.9912 0.2501 4.1380
v  -5.9912 0.2501 5.1420
v  -5.7507 0.1419 4.1380
v  -5.7507 0.1419 5.1420
v  -5.4989 0.0634 4.1380
v  -5.4989 0.0634 5.1420
v  -5.2395 0.0159 4.1380
v  -5.2395 0.0159 5.1420
v  -4.9763 -0.0000 4.1380
v  -4.9763 -0.0000 5.1420
v  -4.7130 0.0159 4.1380
v  -4.7130 0.0159 5.1420
v  -4.4536 0.0634 4.1380
v  -4.4536 0.0634 5.1420
v  -4.2018 0.1419 4.1380
v  -4.2018 0.1419 5.1420
v  -3.9613 0.2501 4.1380
v  -3.9613 0.2501 5.1420
v  -3.7356 0.3866 4.1380
v  -3.7356 0.3866 5.1420
v  -3.5280 0.5492 4.1380
v  -3.5280 0.5492 5.1420
v  -3.3416 0.7357 4.1380
v  -3.3416 0.7357 5.1420
v  -3.1789 0.9433 4.1380
v  -3.1789 0.9433 5.1420
v  -3.0425 1.1690 4.1380
v  -3.0425 1.1690 5.1420
v  -2.9342 1.4095 4.1380
v  -2.9342 1.4095 5.1420
v  -2.8558 1.6613 4.1380
v  -2.8558 1.6613 5.1420
v  -2.8082 1.9207 4.1380
v  -2.8082 1.9207 5.1420
v  -2.9640 2.4282 5.2440
v  -2.9492 2.1839 5.2440
v  -3.0081 2.6690 5.2440
v  -3.0809 2.9027 5.2440
v  -3.1814 3.1259 5.2440
v  -3.3080 3.3354 5.2440
v  -3.4590 3.5281 5.2440
v  -3.6321 3.7012 5.2440
v  -3.8248 3.8521 5.2440
v  -4.0342 3.9788 5.2440
v  -4.2575 4.0792 5.2440
v  -4.4912 4.1521 5.2440
v  -4.7319 4.1962 5.2440
v  -4.9763 4.2110 5.2440
v  -5.2206 4.1962 5.2440
v  -5.4614 4.1521 5.2440
v  -5.6951 4.0792 5.2440
v  -5.9183 3.9788 5.2440
v  -6.1278 3.8521 5.2440
v  -6.3204 3.7012 5.2440
v  -6.4935 3.5281 5.2440
v  -6.6445 3.3354 5.2440
v  -6.7711 3.1259 5.2440
v  -6.8716 2.9027 5.2440
v  -6.9444 2.6690 5.2440
v  -6.9885 2.4282 5.2440
v  -7.0033 2.1839 5.2440
v  -6.9885 1.9396 5.2440
v  -6.9444 1.6988 5.2440
v  -6.8716 1.4651 5.2440
v  -6.7711 1.2419 5.2440
v  -6.6445 1.0324 5.2440
v  -6.4935 0.8397 5.2440
v  -6.3204 0.6666 5.2440
v  -6.1278 0.5157 5.2440
v  -5.9183 0.3891 5.2440
v  -5.6951 0.2886 5.2440
v  -5.4614 0.2158 5.2440
v  -5.2206 0.1716 5.2440
v  -4.9763 0.1569 5.2440
v  -4.7319 0.1716 5.2440
v  -4.4912 0.2158 5.2440
v  -4.2575 0.2886 5.2440
v  -4.0342 0.3891 5.2440
v  -3.8248 0.5157 5.2440
v  -3.6321 0.6666 5.2440
v  -3.4590 0.8397 5.2440
v  -3.3080 1.0324 5.2440
v  -3.1814 1.2419 5.2440
v  -3.0809 1.4651 5.2440
v  -3.0081 1.6988 5.2440
v  -2.9640 1.9396 5.2440
v  -4.1286 2.2868 5.2440
v  -4.1224 2.1839 5.2440
v  -4.1472 2.3883 5.2440
v  -4.1778 2.4867 5.2440
v  -4.2202 2.5807 5.2440
v  -4.2735 2.6690 5.2440
v  -4.3371 2.7502 5.2440
v  -4.4100 2.8231 5.2440
v  -4.4912 2.8867 5.2440
v  -4.5794 2.9400 5.2440
v  -4.6735 2.9823 5.2440
v  -4.7719 3.0130 5.2440
v  -4.8733 3.0316 5.2440
v  -4.9763 3.0378 5.2440
v  -5.0792 3.0316 5.2440
v  -5.1806 3.0130 5.2440
v  -5.2791 2.9823 5.2440
v  -5.3731 2.9400 5.2440
v  -5.4613 2.8867 5.2440
v  -5.5425 2.8231 5.2440
v  -5.6154 2.7502 5.2440
v  -5.6790 2.6690 5.2440
v  -5.7324 2.5807 5.2440
v  -5.7747 2.4867 5.2440
v  -5.8054 2.3883 5.2440
v  -5.8239 2.2868 5.2440
v  -5.8302 2.1839 5.2440
v  -5.8239 2.0810 5.2440
v  -5.8054 1.9796 5.2440
v  -5.7747 1.8811 5.2440
v  -5.7324 1.7871 5.2440
v  -5.6790 1.6988 5.2440
v  -5.6154 1.6177 5.2440
v  -5.5425 1.5448 5.2440
v  -5.4613 1.4812 5.2440
v  -5.3731 1.4278 5.2440
v  -5.2791 1.3855 5.2440
v  -5.1806 1.3548 5.2440
v  -5.0792 1.3362 5.2440
v  -4.9763 1.3300 5.2440
v  -4.8733 1.3362 5.2440
v  -4.7719 1.3548 5.2440
v  -4.6735 1.3855 5.2440
v  -4.5794 1.4278 5.2440
v  -4.4912 1.4812 5.2440
v  -4.4100 1.5448 5.2440
v  -4.3371 1.6177 5.2440
v  -4.2735 1.6988 5.2440
v  -4.2202 1.7871 5.2440
v  -4.1778 1.8811 5.2440
v  -4.1472 1.9796 5.2440
v  -4.1286 2.0810 5.2440
v  -4.4394 2.2491 4.7779
v  -4.4354 2.1839 4.7779
v  -4.4512 2.3133 4.7779
v  -4.4706 2.3757 4.7779
v  -4.4974 2.4352 4.7779
v  -4.5312 2.4911 4.7779
v  -4.5715 2.5425 4.7779
v  -4.6176 2.5887 4.7779
v  -4.6690 2.6290 4.7779
v  -4.7249 2.6628 4.7779
v  -4.7845 2.6896 4.7779
v  -4.8468 2.7090 4.7779
v  -4.9111 2.7208 4.7779
v  -4.9763 2.7247 4.7779
v  -5.0414 2.7208 4.7779
v  -5.1057 2.7090 4.7779
v  -5.1680 2.6896 4.7779
v  -5.2276 2.6628 4.7779
v  -5.2835 2.6290 4.7779
v  -5.3349 2.5887 4.7779
v  -5.3811 2.5425 4.7779
v  -5.4213 2.4911 4.7779
v  -5.4551 2.4352 4.7779
v  -5.4819 2.3757 4.7779
v  -5.5014 2.3133 4.7779
v  -5.5131 2.2491 4.7779
v  -5.5171 2.1839 4.7779
v  -5.5131 2.1187 4.7779
v  -5.5014 2.0545 4.7779
v  -5.4819 1.9921 4.7779
v  -5.4551 1.9326 4.7779
v  -5.4213 1.8767 4.7779
v  -5.3811 1.8253 4.7779
v  -5.3349 1.7791 4.7779
v  -5.2835 1.7388 4.7779
v  -5.2276 1.7050 4.7779
v  -5.1680 1.6782 4.7779
v  -5.1057 1.6588 4.7779
v  -5.0414 1.6470 4.7779
v  -4.9763 1.6431 4.7779
v  -4.9111 1.6470 4.7779
v  -4.8468 1.6588 4.7779
v  -4.7845 1.6782 4.7779
v  -4.7249 1.7050 4.7779
v  -4.6690 1.7388 4.7779
v  -4.6176 1.7791 4.7779
v  -4.5715 1.8253 4.7779
v  -4.5312 1.8767 4.7779
v  -4.4974 1.9326 4.7779
v  -4.4706 1.9921 4.7779
v  -4.4512 2.0545 4.7779
v  -4.4394 2.1187 4.7779
v  -2.9583 2.1839 3.9862
v  -2.9730 2.4271 3.9862
v  -3.0169 2.6668 3.9862
v  -3.0894 2.8995 3.9862
v  -3.1894 3.1217 3.9862
v  -3.3155 3.3302 3.9862
v  -3.4658 3.5221 3.9862
v  -3.6381 3.6944 3.9862
v  -3.8299 3.8447 3.9862
v  -4.0385 3.9707 3.9862
v  -4.2607 4.0707 3.9862
v  -4.4933 4.1432 3.9862
v  -4.7330 4.1872 3.9862
v  -4.9763 4.2019 3.9862
v  -5.2195 4.1872 3.9862
v  -5.4592 4.1432 3.9862
v  -5.6918 4.0707 3.9862
v  -5.9141 3.9707 3.9862
v  -6.1226 3.8447 3.9862
v  -6.3144 3.6944 3.9862
v  -6.4867 3.5221 3.9862
v  -6.6370 3.3302 3.9862
v  -6.7631 3.1217 3.9862
v  -6.8631 2.8995 3.9862
v  -6.9356 2.6668 3.9862
v  -6.9795 2.4271 3.9862
v  -6.9942 2.1839 3.9862
v  -6.9795 1.9407 3.9862
v  -6.9356 1.7010 3.9862
v  -6.8631 1.4683 3.9862
v  -6.7631 1.2461 3.9862
v  -6.6370 1.0376 3.9862
v  -6.4867 0.8458 3.9862
v  -6.3144 0.6734 3.9862
v  -6.1226 0.5232 3.9862
v  -5.9141 0.3971 3.9862
v  -5.6918 0.2971 3.9862
v  -5.4592 0.2246 3.9862
v  -5.2195 0.1807 3.9862
v  -4.9763 0.1660 3.9862
v  -4.7330 0.1807 3.9862
v  -4.4933 0.2246 3.9862
v  -4.2607 0.2971 3.9862
v  -4.0385 0.3971 3.9862
v  -3.8299 0.5232 3.9862
v  -3.6381 0.6734 3.9862
v  -3.4658 0.8458 3.9862
v  -3.3155 1.0376 3.9862
v  -3.1894 1.2461 3.9862
v  -3.0894 1.4683 3.9862
v  -3.0169 1.7010 3.9862
v  -2.9730 1.9407 3.9862
v  -4.2841 2.1839 3.9862
v  -4.2892 2.2673 3.9862
v  -4.3043 2.3495 3.9862
v  -4.3291 2.4293 3.9862
v  -4.3634 2.5056 3.9862
v  -4.4067 2.5771 3.9862
v  -4.4582 2.6429 3.9862
v  -4.5173 2.7020 3.9862
v  -4.5831 2.7535 3.9862
v  -4.6546 2.7968 3.9862
v  -4.7308 2.8311 3.9862
v  -4.8106 2.8559 3.9862
v  -4.8928 2.8710 3.9862
v  -4.9763 2.8760 3.9862
v  -5.0597 2.8710 3.9862
v  -5.1419 2.8559 3.9862
v  -5.2217 2.8311 3.9862
v  -5.2979 2.7968 3.9862
v  -5.3694 2.7535 3.9862
v  -5.4352 2.7020 3.9862
v  -5.4943 2.6429 3.9862
v  -5.5459 2.5771 3.9862
v  -5.5891 2.5056 3.9862
v  -5.6234 2.4293 3.9862
v  -5.6483 2.3495 3.9862
v  -5.6633 2.2673 3.9862
v  -5.6684 2.1839 3.9862
v  -5.6633 2.1005 3.9862
v  -5.6483 2.0183 3.9862
v  -5.6234 1.9385 3.9862
v  -5.5891 1.8623 3.9862
v  -5.5459 1.7907 3.9862
v  -5.4943 1.7250 3.9862
v  -5.4352 1.6659 3.9862
v  -5.3694 1.6143 3.9862
v  -5.2979 1.5711 3.9862
v  -5.2217 1.5368 3.9862
v  -5.1419 1.5119 3.9862
v  -5.0597 1.4968 3.9862
v  -4.9763 1.4918 3.9862
v  -4.8928 1.4968 3.9862
v  -4.8106 1.5119 3.9862
v  -4.7308 1.5368 3.9862
v  -4.6546 1.5711 3.9862
v  -4.5831 1.6143 3.9862
v  -4.5173 1.6659 3.9862
v  -4.4582 1.7250 3.9862
v  -4.4067 1.7907 3.9862
v  -4.3634 1.8623 3.9862
v  -4.3291 1.9385 3.9862
v  -4.3043 2.0183 3.9862
v  -4.2892 2.1005 3.9862
v  -4.2841 2.1839 3.8036
v  -4.2892 2.2673 3.8036
v  -4.3043 2.3495 3.8036
v  -4.3291 2.4293 3.8036
v  -4.3634 2.5056 3.8036
v  -4.4067 2.5771 3.8036
v  -4.4582 2.6429 3.8036
v  -4.5173 2.7020 3.8036
v  -4.5831 2.7535 3.8036
v  -4.6546 2.7968 3.8036
v  -4.7308 2.8311 3.8036
v  -4.8106 2.8559 3.8036
v  -4.8928 2.8710 3.8036
v  -4.9763 2.8760 3.8036
v  -5.0597 2.8710 3.8036
v  -5.1419 2.8559 3.8036
v  -5.2217 2.8311 3.8036
v  -5.2979 2.7968 3.8036
v  -5.3694 2.7535 3.8036
v  -5.4352 2.7020 3.8036
v  -5.4943 2.6429 3.8036
v  -5.5459 2.5771 3.8036
v  -5.5891 2.5056 3.8036
v  -5.6234 2.4293 3.8036
v  -5.6483 2.3495 3.8036
v  -5.6633 2.2673 3.8036
v  -5.6684 2.1839 3.8036
v  -5.6633 2.1005 3.8036
v  -5.6483 2.0183 3.8036
v  -5.6234 1.9385 3.8036
v  -5.5891 1.8623 3.8036
v  -5.5459 1.7907 3.8036
v  -5.4943 1.7250 3.8036
v  -5.4352 1.6659 3.8036
v  -5.3694 1.6143 3.8036
v  -5.2979 1.5711 3.8036
v  -5.2217 1.5368 3.8036
v  -5.1419 1.5119 3.8036
v  -5.0597 1.4968 3.8036
v  -4.9763 1.4918 3.8036
v  -4.8928 1.4968 3.8036
v  -4.8106 1.5119 3.8036
v  -4.7308 1.5368 3.8036
v  -4.6546 1.5711 3.8036
v  -4.5831 1.6143 3.8036
v  -4.5173 1.6659 3.8036
v  -4.4582 1.7250 3.8036
v  -4.4067 1.7907 3.8036
v  -4.3634 1.8623 3.8036
v  -4.3291 1.9385 3.8036
v  -4.3043 2.0183 3.8036
v  -4.2892 2.1005 3.8036
v  -2.7923 2.1839 -4.1380
v  -2.7923 2.1839 -5.1420
v  -2.8082 2.4472 -5.1420
v  -2.8082 2.4472 -4.1380
v  -2.8558 2.7066 -5.1420
v  -2.8558 2.7066 -4.1380
v  -2.9342 2.9583 -5.1420
v  -2.9342 2.9583 -4.1380
v  -3.0425 3.1988 -5.1420
v  -3.0425 3.1988 -4.1380
v  -3.1789 3.4245 -5.1420
v  -3.1789 3.4245 -4.1380
v  -3.3416 3.6321 -5.1420
v  -3.3416 3.6321 -4.1380
v  -3.5280 3.8186 -5.1420
v  -3.5280 3.8186 -4.1380
v  -3.7356 3.9813 -5.1420
v  -3.7356 3.9813 -4.1380
v  -3.9613 4.1177 -5.1420
v  -3.9613 4.1177 -4.1380
v  -4.2018 4.2259 -5.1420
v  -4.2018 4.2259 -4.1380
v  -4.4536 4.3044 -5.1420
v  -4.4536 4.3044 -4.1380
v  -4.7130 4.3519 -5.1420
v  -4.7130 4.3519 -4.1380
v  -4.9763 4.3679 -5.1420
v  -4.9763 4.3679 -4.1380
v  -5.2395 4.3519 -5.1420
v  -5.2395 4.3519 -4.1380
v  -5.4989 4.3044 -5.1420
v  -5.4989 4.3044 -4.1380
v  -5.7507 4.2259 -5.1420
v  -5.7507 4.2259 -4.1380
v  -5.9912 4.1177 -5.1420
v  -5.9912 4.1177 -4.1380
v  -6.2169 3.9813 -5.1420
v  -6.2169 3.9813 -4.1380
v  -6.4245 3.8186 -5.1420
v  -6.4245 3.8186 -4.1380
v  -6.6110 3.6321 -5.1420
v  -6.6110 3.6321 -4.1380
v  -6.7736 3.4245 -5.1420
v  -6.7736 3.4245 -4.1380
v  -6.9100 3.1988 -5.1420
v  -6.9100 3.1988 -4.1380
v  -7.0183 2.9583 -5.1420
v  -7.0183 2.9583 -4.1380
v  -7.0967 2.7066 -5.1420
v  -7.0967 2.7066 -4.1380
v  -7.1443 2.4472 -5.1420
v  -7.1443 2.4472 -4.1380
v  -7.1602 2.1839 -5.1420
v  -7.1602 2.1839 -4.1380
v  -7.1443 1.9207 -5.1420
v  -7.1443 1.9207 -4.1380
v  -7.0967 1.6613 -5.1420
v  -7.0967 1.6613 -4.1380
v  -7.0183 1.4095 -5.1420
v  -7.0183 1.4095 -4.1380
v  -6.9100 1.1690 -5.1420
v  -6.9100 1.1690 -4.1380
v  -6.7736 0.9433 -5.1420
v  -6.7736 0.9433 -4.1380
v  -6.6110 0.7357 -5.1420
v  -6.6110 0.7357 -4.1380
v  -6.4245 0.5492 -5.1420
v  -6.4245 0.5492 -4.1380
v  -6.2169 0.3866 -5.1420
v  -6.2169 0.3866 -4.1380
v  -5.9912 0.2501 -5.1420
v  -5.9912 0.2501 -4.1380
v  -5.7507 0.1419 -5.1420
v  -5.7507 0.1419 -4.1380
v  -5.4989 0.0634 -5.1420
v  -5.4989 0.0634 -4.1380
v  -5.2395 0.0159 -5.1420
v  -5.2395 0.0159 -4.1380
v  -4.9763 -0.0000 -5.1420
v  -4.9763 -0.0000 -4.1380
v  -4.7130 0.0159 -5.1420
v  -4.7130 0.0159 -4.1380
v  -4.4536 0.0634 -5.1420
v  -4.4536 0.0634 -4.1380
v  -4.2018 0.1419 -5.1420
v  -4.2018 0.1419 -4.1380
v  -3.9613 0.2501 -5.1420
v  -3.9613 0.2501 -4.1380
v  -3.7356 0.3866 -5.1420
v  -3.7356 0.3866 -4.1380
v  -3.5280 0.5492 -5.1420
v  -3.5280 0.5492 -4.1380
v  -3.3416 0.7357 -5.1420
v  -3.3416 0.7357 -4.1380
v  -3.1789 0.9433 -5.1420
v  -3.1789 0.9433 -4.1380
v  -3.0425 1.1690 -5.1420
v  -3.0425 1.1690 -4.1380
v  -2.9342 1.4095 -5.1420
v  -2.9342 1.4095 -4.1380
v  -2.8558 1.6613 -5.1420
v  -2.8558 1.6613 -4.1380
v  -2.8082 1.9207 -5.1420
v  -2.8082 1.9207 -4.1380
v  -2.9492 2.1839 -5.2440
v  -2.9640 2.4282 -5.2440
v  -3.0081 2.6690 -5.2440
v  -3.0809 2.9027 -5.2440
v  -3.1814 3.1259 -5.2440
v  -3.3080 3.3354 -5.2440
v  -3.4590 3.5281 -5.2440
v  -3.6321 3.7012 -5.2440
v  -3.8248 3.8521 -5.2440
v  -4.0342 3.9788 -5.2440
v  -4.2575 4.0792 -5.2440
v  -4.4912 4.1521 -5.2440
v  -4.7319 4.1962 -5.2440
v  -4.9763 4.2110 -5.2440
v  -5.2206 4.1962 -5.2440
v  -5.4614 4.1521 -5.2440
v  -5.6951 4.0792 -5.2440
v  -5.9183 3.9788 -5.2440
v  -6.1278 3.8521 -5.2440
v  -6.3204 3.7012 -5.2440
v  -6.4935 3.5281 -5.2440
v  -6.6445 3.3354 -5.2440
v  -6.7711 3.1259 -5.2440
v  -6.8716 2.9027 -5.2440
v  -6.9444 2.6690 -5.2440
v  -6.9885 2.4282 -5.2440
v  -7.0033 2.1839 -5.2440
v  -6.9885 1.9396 -5.2440
v  -6.9444 1.6988 -5.2440
v  -6.8716 1.4651 -5.2440
v  -6.7711 1.2419 -5.2440
v  -6.6445 1.0324 -5.2440
v  -6.4935 0.8397 -5.2440
v  -6.3204 0.6666 -5.2440
v  -6.1278 0.5157 -5.2440
v  -5.9183 0.3891 -5.2440
v  -5.6951 0.2886 -5.2440
v  -5.4614 0.2158 -5.2440
v  -5.2206 0.1716 -5.2440
v  -4.9763 0.1569 -5.2440
v  -4.7319 0.1716 -5.2440
v  -4.4912 0.2158 -5.2440
v  -4.2575 0.2886 -5.2440
v  -4.0342 0.3891 -5.2440
v  -3.8248 0.5157 -5.2440
v  -3.6321 0.6666 -5.2440
v  -3.4590 0.8397 -5.2440
v  -3.3080 1.0324 -5.2440
v  -3.1814 1.2419 -5.2440
v  -3.0809 1.4651 -5.2440
v  -3.0081 1.6988 -5.2440
v  -2.9640 1.9396 -5.2440
v  -4.1224 2.1839 -5.2440
v  -4.1286 2.2868 -5.2440
v  -4.1472 2.3883 -5.2440
v  -4.1778 2.4867 -5.2440
v  -4.2202 2.5807 -5.2440
v  -4.2735 2.6690 -5.2440
v  -4.3371 2.7502 -5.2440
v  -4.4100 2.8231 -5.2440
v  -4.4912 2.8867 -5.2440
v  -4.5794 2.9400 -5.2440
v  -4.6735 2.9823 -5.2440
v  -4.7719 3.0130 -5.2440
v  -4.8733 3.0316 -5.2440
v  -4.9763 3.0378 -5.2440
v  -5.0792 3.0316 -5.2440
v  -5.1806 3.0130 -5.2440
v  -5.2791 2.9823 -5.2440
v  -5.3731 2.9400 -5.2440
v  -5.4613 2.8867 -5.2440
v  -5.5425 2.8231 -5.2440
v  -5.6154 2.7502 -5.2440
v  -5.6790 2.6690 -5.2440
v  -5.7324 2.5807 -5.2440
v  -5.7747 2.4867 -5.2440
v  -5.8054 2.3883 -5.2440
v  -5.8239 2.2868 -5.2440
v  -5.8302 2.1839 -5.2440
v  -5.8239 2.0810 -5.2440
v  -5.8054 1.9796 -5.2440
v  -5.7747 1.8811 -5.2440
v  -5.7324 1.7871 -5.2440
v  -5.6790 1.6988 -5.2440
v  -5.6154 1.6177 -5.2440
v  -5.5425 1.5448 -5.2440
v  -5.4613 1.4812 -5.2440
v  -5.3731 1.4278 -5.2440
v  -5.2791 1.3855 -5.2440
v  -5.1806 1.3548 -5.2440
v  -5.0792 1.3362 -5.2440
v  -4.9763 1.3300 -5.2440
v  -4.8733 1.3362 -5.2440
v  -4.7719 1.3548 -5.2440
v  -4.6735 1.3855 -5.2440
v  -4.5794 1.4278 -5.2440
v  -4.4912 1.4812 -5.2440
v  -4.4100 1.5448 -5.2440
v  -4.3371 1.6177 -5.2440
v  -4.2735 1.6988 -5.2440
v  -4.2202 1.7871 -5.2440
v  -4.1778 1.8811 -5.2440
v  -4.1472 1.9796 -5.2440
v  -4.1286 2.0810 -5.2440
v  -4.4354 2.1839 -4.7779
v  -4.4394 2.2491 -4.7779
v  -4.4512 2.3133 -4.7779
v  -4.4706 2.3757 -4.7779
v  -4.4974 2.4352 -4.7779
v  -4.5312 2.4911 -4.7779
v  -4.5715 2.5425 -4.7779
v  -4.6176 2.5887 -4.7779
v  -4.6690 2.6290 -4.7779
v  -4.7249 2.6628 -4.7779
v  -4.7845 2.6896 -4.7779
v  -4.8468 2.7090 -4.7779
v  -4.9111 2.7208 -4.7779
v  -4.9763 2.7247 -4.7779
v  -5.0414 2.7208 -4.7779
v  -5.1057 2.7090 -4.7779
v  -5.1680 2.6896 -4.7779
v  -5.2276 2.6628 -4.7779
v  -5.2835 2.6290 -4.7779
v  -5.3349 2.5887 -4.7779
v  -5.3811 2.5425 -4.7779
v  -5.4213 2.4911 -4.7779
v  -5.4551 2.4352 -4.7779
v  -5.4819 2.3757 -4.7779
v  -5.5014 2.3133 -4.7779
v  -5.5131 2.2491 -4.7779
v  -5.5171 2.1839 -4.7779
v  -5.5131 2.1187 -4.7779
v  -5.5014 2.0545 -4.7779
v  -5.4819 1.9921 -4.7779
v  -5.4551 1.9326 -4.7779
v  -5.4213 1.8767 -4.7779
v  -5.3811 1.8253 -4.7779
v  -5.3349 1.7791 -4.7779
v  -5.2835 1.7388 -4.7779
v  -5.2276 1.7050 -4.7779
v  -5.1680 1.6782 -4.7779
v  -5.1057 1.6588 -4.7779
v  -5.0414 1.6470 -4.7779
v  -4.9763 1.6431 -4.7779
v  -4.9111 1.6470 -4.7779
v  -4.8468 1.6588 -4.7779
v  -4.7845 1.6782 -4.7779
v  -4.7249 1.7050 -4.7779
v  -4.6690 1.7388 -4.7779
v  -4.6176 1.7791 -4.7779
v  -4.5715 1.8253 -4.7779
v  -4.5312 1.8767 -4.7779
v  -4.4974 1.9326 -4.7779
v  -4.4706 1.9921 -4.7779
v  -4.4512 2.0545 -4.7779
v  -4.4394 2.1187 -4.7779
v  -2.9730 2.4271 -3.9862
v  -2.9583 2.1839 -3.9862
v  -3.0169 2.6668 -3.9862
v  -3.0894 2.8995 -3.9862
v  -3.1894 3.1217 -3.9862
v  -3.3155 3.3302 -3.9862
v  -3.4658 3.5221 -3.9862
v  -3.6381 3.6944 -3.9862
v  -3.8299 3.8447 -3.9862
v  -4.0385 3.9707 -3.9862
v  -4.2607 4.0707 -3.9862
v  -4.4933 4.1432 -3.9862
v  -4.7330 4.1872 -3.9862
v  -4.9763 4.2019 -3.9862
v  -5.2195 4.1872 -3.9862
v  -5.4592 4.1432 -3.9862
v  -5.6918 4.0707 -3.9862
v  -5.9141 3.9707 -3.9862
v  -6.1226 3.8447 -3.9862
v  -6.3144 3.6944 -3.9862
v  -6.4867 3.5221 -3.9862
v  -6.6370 3.3302 -3.9862
v  -6.7631 3.1217 -3.9862
v  -6.8631 2.8995 -3.9862
v  -6.9356 2.6668 -3.9862
v  -6.9795 2.4271 -3.9862
v  -6.9942 2.1839 -3.9862
v  -6.9795 1.9407 -3.9862
v  -6.9356 1.7010 -3.9862
v  -6.8631 1.4683 -3.9862
v  -6.7631 1.2461 -3.9862
v  -6.6370 1.0376 -3.9862
v  -6.4867 0.8458 -3.9862
v  -6.3144 0.6734 -3.9862
v  -6.1226 0.5232 -3.9862
v  -5.9141 0.3971 -3.9862
v  -5.6918 0.2971 -3.9862
v  -5.4592 0.2246 -3.9862
v  -5.2195 0.1807 -3.9862
v  -4.9763 0.1660 -3.9862
v  -4.7330 0.1807 -3.9862
v  -4.4933 0.2246 -3.9862
v  -4.2607 0.2971 -3.9862
v  -4.0385 0.3971 -3.9862
v  -3.8299 0.5232 -3.9862
v  -3.6381 0.6734 -3.9862
v  -3.4658 0.8458 -3.9862
v  -3.3155 1.0376 -3.9862
v  -3.1894 1.2461 -3.9862
v  -3.0894 1.4683 -3.9862
v  -3.0169 1.7010 -3.9862
v  -2.9730 1.9407 -3.9862
v  -4.2892 2.2673 -3.9862
v  -4.2841 2.1839 -3.9862
v  -4.3043 2.3495 -3.9862
v  -4.3291 2.4293 -3.9862
v  -4.3634 2.5056 -3.9862
v  -4.4067 2.5771 -3.9862
v  -4.4582 2.6429 -3.9862
v  -4.5173 2.7020 -3.9862
v  -4.5831 2.7535 -3.9862
v  -4.6546 2.7968 -3.9862
v  -4.7308 2.8311 -3.9862
v  -4.8106 2.8559 -3.9862
v  -4.8928 2.8710 -3.9862
v  -4.9763 2.8760 -3.9862
v  -5.0597 2.8710 -3.9862
v  -5.1419 2.8559 -3.9862
v  -5.2217 2.8311 -3.9862
v  -5.2979 2.7968 -3.9862
v  -5.3694 2.7535 -3.9862
v  -5.4352 2.7020 -3.9862
v  -5.4943 2.6429 -3.9862
v  -5.5459 2.5771 -3.9862
v  -5.5891 2.5056 -3.9862
v  -5.6234 2.4293 -3.9862
v  -5.6483 2.3495 -3.9862
v  -5.6633 2.2673 -3.9862
v  -5.6684 2.1839 -3.9862
v  -5.6633 2.1005 -3.9862
v  -5.6483 2.0183 -3.9862
v  -5.6234 1.9385 -3.9862
v  -5.5891 1.8623 -3.9862
v  -5.5459 1.7907 -3.9862
v  -5.4943 1.7250 -3.9862
v  -5.4352 1.6659 -3.9862
v  -5.3694 1.6143 -3.9862
v  -5.2979 1.5711 -3.9862
v  -5.2217 1.5368 -3.9862
v  -5.1419 1.5119 -3.9862
v  -5.0597 1.4968 -3.9862
v  -4.9763 1.4918 -3.9862
v  -4.8928 1.4968 -3.9862
v  -4.8106 1.5119 -3.9862
v  -4.7308 1.5368 -3.9862
v  -4.6546 1.5711 -3.9862
v  -4.5831 1.6143 -3.9862
v  -4.5173 1.6659 -3.9862
v  -4.4582 1.7250 -3.9862
v  -4.4067 1.7907 -3.9862
v  -4.3634 1.8623 -3.9862
v  -4.3291 1.9385 -3.9862
v  -4.3043 2.0183 -3.9862
v  -4.2892 2.1005 -3.9862
v  -4.2892 2.2673 -3.8036
v  -4.2841 2.1839 -3.8036
v  -4.3043 2.3495 -3.8036
v  -4.3291 2.4293 -3.8036
v  -4.3634 2.5056 -3.8036
v  -4.4067 2.5771 -3.8036
v  -4.4582 2.6429 -3.8036
v  -4.5173 2.7020 -3.8036
v  -4.5831 2.7535 -3.8036
v  -4.6546 2.7968 -3.8036
v  -4.7308 2.8311 -3.8036
v  -4.8106 2.8559 -3.8036
v  -4.8928 2.8710 -3.8036
v  -4.9763 2.8760 -3.8036
v  -5.0597 2.8710 -3.8036
v  -5.1419 2.8559 -3.8036
v  -5.2217 2.8311 -3.8036
v  -5.2979 2.7968 -3.8036
v  -5.3694 2.7535 -3.8036
v  -5.4352 2.7020 -3.8036
v  -5.4943 2.6429 -3.8036
v  -5.5459 2.5771 -3.8036
v  -5.5891 2.5056 -3.8036
v  -5.6234 2.4293 -3.8036
v  -5.6483 2.3495 -3.8036
v  -5.6633 2.2673 -3.8036
v  -5.6684 2.1839 -3.8036
v  -5.6633 2.1005 -3.8036
v  -5.6483 2.0183 -3.8036
v  -5.6234 1.9385 -3.8036
v  -5.5891 1.8623 -3.8036
v  -5.5459 1.7907 -3.8036
v  -5.4943 1.7250 -3.8036
v  -5.4352 1.6659 -3.8036
v  -5.3694 1.6143 -3.8036
v  -5.2979 1.5711 -3.8036
v  -5.2217 1.5368 -3.8036
v  -5.1419 1.5119 -3.8036
v  -5.0597 1.4968 -3.8036
v  -4.9763 1.4918 -3.8036
v  -4.8928 1.4968 -3.8036
v  -4.8106 1.5119 -3.8036
v  -4.7308 1.5368 -3.8036
v  -4.6546 1.5711 -3.8036
v  -4.5831 1.6143 -3.8036
v  -4.5173 1.6659 -3.8036
v  -4.4582 1.7250 -3.8036
v  -4.4067 1.7907 -3.8036
v  -4.3634 1.8623 -3.8036
v  -4.3291 1.9385 -3.8036
v  -4.3043 2.0183 -3.8036
v  -4.2892 2.1005 -3.8036
v  -4.0018 3.2508 3.6527
v  -4.0018 3.0647 3.8963
v  -4.0018 1.3031 3.8963
v  -4.0018 1.4892 3.6527
v  -4.0018 3.4333 3.4070
v  -4.0018 1.6717 3.4070
v  -4.0018 3.7733 2.9005
v  -4.0018 3.6086 3.1570
v  -4.0018 1.8471 3.1570
v  -4.0018 2.0118 2.9005
v  -4.0018 3.9238 2.6354
v  -4.0018 2.1622 2.6354
v  -4.0018 4.0597 2.3626
v  -4.0018 2.2981 2.3626
v  -4.0018 4.2860 1.7968
v  -4.0018 4.1805 2.0828
v  -4.0018 2.4190 2.0828
v  -4.0018 2.5245 1.7968
v  -4.0018 4.3758 1.5055
v  -4.0018 2.6142 1.5055
v  -4.0018 4.4496 1.2194
v  -4.0018 2.6880 1.2194
v  -4.0018 4.5486 0.7043
v  -4.0018 4.5072 0.9488
v  -4.0018 2.7457 0.9488
v  -4.0018 2.7870 0.7043
v  -4.0018 4.5734 0.4963
v  -4.0018 2.8118 0.4963
v  -4.0018 4.5857 0.3156
v  -4.0018 2.8242 0.3156
v  -4.0018 4.5899 -0.0000
v  -4.0018 4.5899 0.1532
v  -4.0018 2.8283 0.1533
v  -4.0018 2.8283 -0.0000
v  -4.0018 3.2508 -3.6527
v  -4.0018 1.4892 -3.6527
v  -4.0018 1.3031 -3.8963
v  -4.0018 3.0647 -3.8963
v  -4.0018 3.4333 -3.4070
v  -4.0018 1.6717 -3.4070
v  -4.0018 3.7733 -2.9005
v  -4.0018 2.0118 -2.9005
v  -4.0018 1.8471 -3.1570
v  -4.0018 3.6086 -3.1570
v  -4.0018 3.9238 -2.6354
v  -4.0018 2.1622 -2.6354
v  -4.0018 4.0597 -2.3626
v  -4.0018 2.2981 -2.3626
v  -4.0018 4.2860 -1.7968
v  -4.0018 2.5245 -1.7968
v  -4.0018 2.4190 -2.0828
v  -4.0018 4.1805 -2.0828
v  -4.0018 4.3758 -1.5055
v  -4.0018 2.6142 -1.5055
v  -4.0018 4.4496 -1.2194
v  -4.0018 2.6880 -1.2194
v  -4.0018 4.5486 -0.7043
v  -4.0018 2.7870 -0.7043
v  -4.0018 2.7457 -0.9488
v  -4.0018 4.5072 -0.9488
v  -4.0018 4.5734 -0.4963
v  -4.0018 2.8118 -0.4963
v  -4.0018 4.5857 -0.3156
v  -4.0018 2.8242 -0.3156
v  -4.0018 2.8283 -0.1533
v  -4.0018 4.5899 -0.1532
v  -5.9507 1.3031 3.8963
v  -5.9507 3.0647 3.8963
v  -5.9507 3.2508 3.6527
v  -5.9507 1.4892 3.6527
v  -5.9507 3.4333 3.4070
v  -5.9507 1.6717 3.4070
v  -5.9507 1.8471 3.1570
v  -5.9507 3.6086 3.1570
v  -5.9507 3.7733 2.9005
v  -5.9507 2.0118 2.9005
v  -5.9507 3.9238 2.6354
v  -5.9507 2.1622 2.6354
v  -5.9507 4.0597 2.3626
v  -5.9507 2.2981 2.3626
v  -5.9507 2.4190 2.0828
v  -5.9507 4.1805 2.0828
v  -5.9507 4.2860 1.7968
v  -5.9507 2.5245 1.7968
v  -5.9507 4.3758 1.5055
v  -5.9507 2.6142 1.5055
v  -5.9507 4.4496 1.2194
v  -5.9507 2.6880 1.2194
v  -5.9507 2.7457 0.9488
v  -5.9507 4.5072 0.9488
v  -5.9507 4.5486 0.7043
v  -5.9507 2.7870 0.7043
v  -5.9507 4.5734 0.4963
v  -5.9507 2.8118 0.4963
v  -5.9507 4.5857 0.3156
v  -5.9507 2.8242 0.3156
v  -5.9507 2.8283 0.1533
v  -5.9507 4.5899 0.1532
v  -5.9507 4.5899 -0.0000
v  -5.9507 2.8283 -0.0000
v  -5.9507 1.3031 -3.8963
v  -5.9507 1.4892 -3.6527
v  -5.9507 3.2508 -3.6527
v  -5.9507 3.0647 -3.8963
v  -5.9507 1.6717 -3.4070
v  -5.9507 3.4333 -3.4070
v  -5.9507 1.8471 -3.1570
v  -5.9507 2.0118 -2.9005
v  -5.9507 3.7733 -2.9005
v  -5.9507 3.6086 -3.1570
v  -5.9507 2.1622 -2.6354
v  -5.9507 3.9238 -2.6354
v  -5.9507 2.2981 -2.3626
v  -5.9507 4.0597 -2.3626
v  -5.9507 2.4190 -2.0828
v  -5.9507 2.5245 -1.7968
v  -5.9507 4.2860 -1.7968
v  -5.9507 4.1805 -2.0828
v  -5.9507 2.6142 -1.5055
v  -5.9507 4.3758 -1.5055
v  -5.9507 2.6880 -1.2194
v  -5.9507 4.4496 -1.2194
v  -5.9507 2.7457 -0.9488
v  -5.9507 2.7870 -0.7043
v  -5.9507 4.5486 -0.7043
v  -5.9507 4.5072 -0.9488
v  -5.9507 2.8118 -0.4963
v  -5.9507 4.5734 -0.4963
v  -5.9507 2.8242 -0.3156
v  -5.9507 4.5857 -0.3156
v  -5.9507 2.8283 -0.1533
v  -5.9507 4.5899 -0.1532
v  -13.2733 6.9446 4.6707
v  -14.3741 5.6114 3.8376
v  -14.3685 5.5458 3.9577
v  -13.2789 6.8654 4.7823
v  -13.5786 9.0085 0.5450
v  -14.0688 8.4148 0.1740
v  -13.4090 5.6698 4.9941
v  -13.4873 5.5697 4.9431
v  -13.5657 5.4801 4.8756
v  -14.0377 5.4116 3.7128
v  -13.7325 8.2150 0.0492
v  -13.2422 8.8088 0.4202
v  -12.9369 6.7448 4.5459
v  -13.3323 5.7781 5.0275
v  -13.6687 5.9779 5.1523
v  -13.7454 5.8695 5.1189
v  -13.2587 5.8926 5.0426
v  -13.5951 6.0924 5.1674
v  -13.1898 6.0109 5.0391
v  -13.5262 6.2106 5.1640
v  -13.1269 6.1305 5.0171
v  -13.4633 6.3302 5.1420
v  -13.0714 6.2490 4.9771
v  -13.4078 6.4488 5.1019
v  -13.0243 6.3641 4.9197
v  -13.3607 6.5639 5.0445
v  -12.9867 6.4734 4.8463
v  -13.3231 6.6731 4.9711
v  -12.9592 6.5746 4.7583
v  -13.2956 6.7743 4.8831
v  -12.9425 6.6657 4.6575
v  -14.0321 5.3461 3.8329
v  -14.0154 5.2954 3.9590
v  -14.3518 5.4951 4.0838
v  -13.9880 5.2606 4.0885
v  -14.3244 5.4604 4.2133
v  -13.9503 5.2425 4.2189
v  -14.2867 5.4423 4.3437
v  -13.9033 5.2415 4.3475
v  -14.2397 5.4412 4.4723
v  -13.8478 5.2574 4.4716
v  -14.1841 5.4572 4.5964
v  -13.7849 5.2901 4.5887
v  -14.1213 5.4898 4.7136
v  -13.7160 5.3388 4.6965
v  -14.0524 5.5385 4.8214
v  -13.6424 5.4025 4.7928
v  -13.9788 5.6023 4.9176
v  -13.9020 5.6798 5.0004
v  -13.8237 5.7695 5.0679
v  -13.4144 11.8063 -4.8297
v  -13.4927 11.9063 -4.7787
v  -13.5710 11.9960 -4.7111
v  -13.7378 9.2611 0.1152
v  -13.2476 8.6673 -0.2558
v  -12.9423 10.7312 -4.3815
v  -14.0431 12.0644 -3.5484
v  -13.2843 10.6106 -4.6178
v  -14.3739 11.9303 -3.7933
v  -14.3572 11.9809 -3.9193
v  -13.3010 10.7018 -4.7187
v  -13.2787 10.5315 -4.5063
v  -13.5839 8.4676 -0.3806
v  -14.0742 9.0613 -0.0096
v  -14.3795 11.8647 -3.6732
v  -13.9074 11.7963 -4.8359
v  -13.9841 11.8738 -4.7532
v  -13.6477 12.0735 -4.6284
v  -14.0577 11.9375 -4.6569
v  -13.7213 12.1373 -4.5321
v  -14.1266 11.9863 -4.5491
v  -13.7902 12.1860 -4.4243
v  -14.1895 12.0189 -4.4320
v  -13.8531 12.2187 -4.3072
v  -14.2450 12.0349 -4.3078
v  -13.9086 12.2346 -4.1830
v  -14.2921 12.0338 -4.1793
v  -13.9557 12.2335 -4.0545
v  -14.3297 12.0157 -4.0489
v  -13.9933 12.2154 -3.9241
v  -14.0208 12.1807 -3.7945
v  -14.0375 12.1300 -3.6684
v  -12.9479 10.8104 -4.4930
v  -12.9646 10.9015 -4.5938
v  -13.3284 10.8030 -4.8067
v  -12.9920 11.0027 -4.6819
v  -13.3661 10.9122 -4.8801
v  -13.0297 11.1120 -4.7553
v  -13.4131 11.0273 -4.9374
v  -13.0767 11.2271 -4.8126
v  -13.4686 11.1459 -4.9775
v  -13.1323 11.3456 -4.8527
v  -13.1951 11.4652 -4.8747
v  -13.5315 11.2655 -4.9995
v  -13.6004 11.3837 -5.0030
v  -13.2640 11.5835 -4.8782
v  -13.6740 11.4982 -4.9879
v  -13.3376 11.6979 -4.8631
v  -13.7507 11.6065 -4.9545
v  -13.8291 11.7066 -4.9035
v  -1.4621 15.5081 13.0696
v  -1.4621 14.5340 13.0696
v  -1.3218 14.5340 12.6195
v  -1.3218 15.5081 12.6195
v  -1.2368 15.5081 12.1558
v  -1.2368 14.5340 12.1558
v  -1.2083 14.5340 11.6852
v  -1.2083 15.5081 11.6852
v  -8.9883 15.5081 12.1558
v  -8.9883 14.5340 12.1558
v  -8.9033 14.5340 12.6195
v  -8.9033 15.5081 12.6195
v  -8.7630 15.5081 13.0696
v  -8.7630 14.5340 13.0696
v  -8.5695 14.5340 13.4995
v  -8.5695 15.5081 13.4995
v  -8.3256 14.5340 13.9030
v  -8.3256 15.5081 13.9030
v  -8.0349 15.5081 14.2741
v  -8.0349 14.5340 14.2741
v  -7.7015 14.5340 14.6075
v  -7.7015 15.5081 14.6075
v  -7.3304 14.5340 14.8983
v  -7.3304 15.5081 14.8983
v  -6.9269 14.5340 15.1422
v  -6.9269 15.5081 15.1422
v  -9.0167 15.5081 11.6852
v  -9.0167 14.5340 11.6852
v  -5.5831 15.5081 15.5609
v  -5.5831 14.5340 15.5609
v  -5.1125 14.5340 15.5894
v  -5.1125 15.5081 15.5894
v  -4.6419 15.5081 15.5609
v  -4.6419 14.5340 15.5609
v  -4.1782 15.5081 15.4759
v  -4.1782 14.5340 15.4759
v  -3.7281 14.5340 15.3356
v  -3.7281 15.5081 15.3356
v  -3.2982 14.5340 15.1422
v  -3.2982 15.5081 15.1422
v  -2.8947 14.5340 14.8983
v  -2.8947 15.5081 14.8983
v  -2.5236 14.5340 14.6075
v  -2.5236 15.5081 14.6075
v  -2.1902 14.5340 14.2741
v  -2.1902 15.5081 14.2741
v  -1.8995 15.5081 13.9030
v  -1.8995 14.5340 13.9030
v  -1.6556 14.5340 13.4995
v  -1.6556 15.5081 13.4995
v  -4.3549 15.5081 1.2520
v  -4.3549 14.5340 1.2520
v  -4.4268 14.5340 0.6824
v  -4.4268 15.5081 0.6824
v  -9.0167 15.5081 -11.6852
v  -9.0167 14.5340 -11.6852
v  -1.2083 15.5081 5.8264
v  -1.2083 14.5340 5.8264
v  -2.6581 15.5081 4.5702
v  -2.6581 14.5340 4.5702
v  -2.8671 14.5340 4.3331
v  -2.8671 15.5081 4.3331
v  -3.4948 15.5081 3.4661
v  -3.4948 14.5340 3.4661
v  -3.6516 14.5340 3.1919
v  -3.6516 15.5081 3.1919
v  -3.8358 14.5340 2.8247
v  -3.8358 15.5081 2.8247
v  -4.0117 15.5081 2.4354
v  -4.0117 14.5340 2.4354
v  -4.1504 14.5340 2.0616
v  -4.1504 15.5081 2.0616
v  -1.6406 15.5081 5.4972
v  -1.8864 15.5081 5.2983
v  -2.1653 15.5081 5.0588
v  -2.3952 15.5081 4.8420
v  -3.1114 15.5081 4.0289
v  -3.2964 15.5081 3.7727
v  -6.4970 15.5081 15.3356
v  -6.0469 15.5081 15.4759
v  -4.2609 15.5081 1.6680
v  -4.4570 15.5081 -0.0000
v  -1.2368 15.5081 -12.1558
v  -1.2368 14.5340 -12.1558
v  -1.3218 14.5340 -12.6195
v  -1.3218 15.5081 -12.6195
v  -8.9033 14.5340 -12.6195
v  -8.9883 14.5340 -12.1558
v  -8.9883 15.5081 -12.1558
v  -8.9033 15.5081 -12.6195
v  -8.5695 14.5340 -13.4995
v  -8.7630 14.5340 -13.0696
v  -8.7630 15.5081 -13.0696
v  -8.5695 15.5081 -13.4995
v  -8.3256 14.5340 -13.9030
v  -8.3256 15.5081 -13.9030
v  -7.3304 14.5340 -14.8983
v  -7.7015 14.5340 -14.6075
v  -7.7015 15.5081 -14.6075
v  -7.3304 15.5081 -14.8983
v  -6.4970 14.5340 -15.3356
v  -6.9269 14.5340 -15.1422
v  -6.9269 15.5081 -15.1422
v  -6.4970 15.5081 -15.3356
v  -6.0469 14.5340 -15.4759
v  -6.0469 15.5081 -15.4759
v  -5.5831 14.5340 -15.5609
v  -5.5831 15.5081 -15.5609
v  -4.6419 14.5340 -15.5609
v  -5.1125 14.5340 -15.5894
v  -5.1125 15.5081 -15.5894
v  -4.6419 15.5081 -15.5609
v  -4.4570 14.5340 -0.0000
v  -4.4268 14.5340 -0.6824
v  -4.4268 15.5081 -0.6824
v  -4.3549 14.5340 -1.2520
v  -4.3549 15.5081 -1.2520
v  -4.2609 14.5340 -1.6680
v  -4.2609 15.5081 -1.6680
v  -4.1504 14.5340 -2.0616
v  -4.1504 15.5081 -2.0616
v  -1.8864 14.5340 -5.2983
v  -1.6406 14.5340 -5.4972
v  -1.6406 15.5081 -5.4972
v  -1.8864 15.5081 -5.2983
v  -2.1653 14.5340 -5.0588
v  -2.1653 15.5081 -5.0588
v  -2.3952 14.5340 -4.8420
v  -2.3952 15.5081 -4.8420
v  -3.2964 14.5340 -3.7727
v  -3.1114 14.5340 -4.0289
v  -3.1114 15.5081 -4.0289
v  -3.2964 15.5081 -3.7727
v  -1.2083 15.5081 -5.8264
v  -1.2083 15.5081 -11.6852
v  -1.4621 15.5081 -13.0696
v  -1.6556 15.5081 -13.4995
v  -1.8995 15.5081 -13.9030
v  -2.6581 15.5081 -4.5702
v  -2.1902 15.5081 -14.2741
v  -2.8671 15.5081 -4.3331
v  -2.5236 15.5081 -14.6075
v  -2.8947 15.5081 -14.8983
v  -3.2982 15.5081 -15.1422
v  -3.4948 15.5081 -3.4661
v  -3.7281 15.5081 -15.3356
v  -3.6516 15.5081 -3.1919
v  -4.1782 15.5081 -15.4759
v  -3.8358 15.5081 -2.8247
v  -4.0117 15.5081 -2.4354
v  -8.0349 15.5081 -14.2741
v  -6.4970 14.5340 15.3356
v  -6.0469 14.5340 15.4759
v  -4.2609 14.5340 1.6680
v  -1.6406 14.5340 5.4972
v  -1.8864 14.5340 5.2983
v  -2.1653 14.5340 5.0588
v  -2.3952 14.5340 4.8420
v  -3.1114 14.5340 4.0289
v  -3.2964 14.5340 3.7727
v  -1.4621 14.5340 -13.0696
v  -8.0349 14.5340 -14.2741
v  -4.1782 14.5340 -15.4759
v  -3.7281 14.5340 -15.3356
v  -3.2982 14.5340 -15.1422
v  -2.8947 14.5340 -14.8983
v  -2.5236 14.5340 -14.6075
v  -2.1902 14.5340 -14.2741
v  -1.8995 14.5340 -13.9030
v  -1.6556 14.5340 -13.4995
v  -1.2083 14.5340 -5.8264
v  -2.6581 14.5340 -4.5702
v  -2.8671 14.5340 -4.3331
v  -3.4948 14.5340 -3.4661
v  -3.6516 14.5340 -3.1919
v  -3.8358 14.5340 -2.8247
v  -4.0117 14.5340 -2.4354
v  -1.2083 14.5340 -11.6852
# 3852 vertices

vn 0.0182 0.0000 0.9998
vn 0.0182 0.1205 0.9925
vn -0.0000 0.1205 0.9927
vn -0.0000 0.0000 1.0000
vn 0.0182 0.2393 0.9708
vn -0.0000 0.2393 0.9709
vn 0.0182 0.3545 0.9349
vn -0.0000 0.3546 0.9350
vn 0.0182 0.4646 0.8853
vn -0.0000 0.4647 0.8855
vn 0.0182 0.5680 0.8228
vn 0.0000 0.5681 0.8230
vn 0.0182 0.6630 0.7484
vn -0.0000 0.6631 0.7485
vn 0.0182 0.7484 0.6630
vn 0.0000 0.7485 0.6631
vn 0.0182 0.8228 0.5680
vn -0.0000 0.8230 0.5681
vn 0.0182 0.8853 0.4646
vn -0.0000 0.8855 0.4647
vn 0.0182 0.9349 0.3545
vn -0.0000 0.9350 0.3546
vn 0.0182 0.9708 0.2393
vn -0.0000 0.9709 0.2393
vn 0.0182 0.9925 0.1205
vn -0.0000 0.9927 0.1205
vn 0.0182 0.9998 0.0000
vn 0.0000 1.0000 0.0000
vn 0.0182 0.9925 -0.1205
vn 0.0000 0.9927 -0.1205
vn 0.0182 0.9708 -0.2393
vn 0.0000 0.9709 -0.2393
vn 0.0182 0.9349 -0.3545
vn 0.0000 0.9350 -0.3546
vn 0.0182 0.8853 -0.4646
vn 0.0000 0.8855 -0.4647
vn 0.0182 0.8228 -0.5680
vn 0.0000 0.8230 -0.5681
vn 0.0182 0.7484 -0.6630
vn 0.0000 0.7485 -0.6631
vn 0.0182 0.6630 -0.7484
vn 0.0000 0.6631 -0.7485
vn 0.0182 0.5680 -0.8228
vn 0.0000 0.5681 -0.8230
vn 0.0182 0.4646 -0.8853
vn 0.0000 0.4647 -0.8855
vn 0.0182 0.3545 -0.9349
vn 0.0000 0.3546 -0.9350
vn 0.0182 0.2393 -0.9708
vn 0.0000 0.2393 -0.9709
vn 0.0182 0.1205 -0.9925
vn 0.0000 0.1205 -0.9927
vn 0.0182 -0.0000 -0.9998
vn 0.0000 -0.0000 -1.0000
vn 0.0182 -0.1205 -0.9925
vn 0.0000 -0.1205 -0.9927
vn 0.0182 -0.2393 -0.9708
vn 0.0000 -0.2393 -0.9709
vn 0.0182 -0.3545 -0.9349
vn 0.0000 -0.3546 -0.9350
vn 0.0182 -0.4646 -0.8853
vn 0.0000 -0.4647 -0.8855
vn 0.0182 -0.5680 -0.8228
vn 0.0000 -0.5681 -0.8230
vn 0.0182 -0.6630 -0.7484
vn 0.0000 -0.6631 -0.7485
vn 0.0182 -0.7484 -0.6630
vn 0.0000 -0.7485 -0.6631
vn 0.0182 -0.8228 -0.5680
vn 0.0000 -0.8230 -0.5681
vn 0.0182 -0.8853 -0.4646
vn 0.0000 -0.8855 -0.4647
vn 0.0182 -0.9349 -0.3545
vn 0.0000 -0.9350 -0.3546
vn 0.0182 -0.9708 -0.2393
vn 0.0000 -0.9709 -0.2393
vn 0.0182 -0.9925 -0.1205
vn 0.0000 -0.9927 -0.1205
vn 0.0182 -0.9998 0.0000
vn -0.0000 -1.0000 0.0000
vn 0.0182 -0.9925 0.1205
vn -0.0000 -0.9927 0.1205
vn 0.0182 -0.9708 0.2393
vn -0.0000 -0.9709 0.2393
vn 0.0182 -0.9349 0.3545
vn -0.0000 -0.9350 0.3546
vn 0.0182 -0.8853 0.4646
vn 0.0000 -0.8855 0.4647
vn 0.0182 -0.8228 0.5680
vn 0.0000 -0.8230 0.5681
vn 0.0182 -0.7484 0.6630
vn -0.0000 -0.7485 0.6631
vn 0.0182 -0.6630 0.7484
vn -0.0000 -0.6631 0.7485
vn 0.0182 -0.5680 0.8228
vn -0.0000 -0.5681 0.8230
vn 0.0182 -0.4646 0.8853
vn -0.0000 -0.4647 0.8855
vn 0.0182 -0.3545 0.9349
vn -0.0000 -0.3546 0.9350
vn 0.0182 -0.2393 0.9708
vn -0.0000 -0.2393 0.9709
vn 0.0182 -0.1205 0.9925
vn -0.0000 -0.1205 0.9927
vn -0.1163 0.0000 0.9932
vn -0.1163 0.1197 0.9860
vn 0.0974 0.1200 0.9880
vn 0.0974 0.0000 0.9952
vn -0.1163 0.2377 0.9644
vn 0.0974 0.2382 0.9663
vn -0.1163 0.3522 0.9287
vn 0.0974 0.3529 0.9306
vn -0.1163 0.4616 0.8795
vn 0.0974 0.4625 0.8812
vn -0.1163 0.5642 0.8174
vn 0.0974 0.5654 0.8191
vn -0.1163 0.6586 0.7434
vn 0.0974 0.6600 0.7450
vn -0.1163 0.7434 0.6586
vn 0.0974 0.7450 0.6600
vn -0.1163 0.8174 0.5642
vn 0.0974 0.8191 0.5654
vn -0.1163 0.8795 0.4616
vn 0.0974 0.8812 0.4625
vn -0.1163 0.9287 0.3522
vn 0.0974 0.9306 0.3529
vn -0.1163 0.9644 0.2377
vn 0.0974 0.9663 0.2382
vn -0.1163 0.9860 0.1197
vn 0.0974 0.9880 0.1200
vn -0.1163 0.9932 -0.0000
vn 0.0974 0.9952 -0.0000
vn -0.1163 0.9860 -0.1197
vn 0.0974 0.9880 -0.1200
vn -0.1163 0.9644 -0.2377
vn 0.0974 0.9663 -0.2382
vn -0.1163 0.9287 -0.3522
vn 0.0974 0.9306 -0.3529
vn -0.1163 0.8794 -0.4616
vn 0.0974 0.8812 -0.4625
vn -0.1163 0.8174 -0.5642
vn 0.0974 0.8191 -0.5654
vn -0.1163 0.7434 -0.6586
vn 0.0974 0.7450 -0.6600
vn -0.1163 0.6586 -0.7434
vn 0.0974 0.6600 -0.7450
vn -0.1163 0.5642 -0.8174
vn 0.0974 0.5654 -0.8191
vn -0.1163 0.4616 -0.8795
vn 0.0974 0.4625 -0.8812
vn -0.1163 0.3522 -0.9287
vn 0.0974 0.3529 -0.9306
vn -0.1163 0.2377 -0.9644
vn 0.0974 0.2382 -0.9663
vn -0.1163 0.1197 -0.9860
vn 0.0974 0.1200 -0.9880
vn -0.1163 -0.0000 -0.9932
vn 0.0974 -0.0000 -0.9952
vn -0.1163 -0.1197 -0.9860
vn 0.0974 -0.1200 -0.9880
vn -0.1163 -0.2377 -0.9644
vn 0.0974 -0.2382 -0.9663
vn -0.1163 -0.3522 -0.9287
vn 0.0974 -0.3529 -0.9306
vn -0.1163 -0.4616 -0.8794
vn 0.0974 -0.4625 -0.8812
vn -0.1163 -0.5642 -0.8174
vn 0.0974 -0.5654 -0.8191
vn -0.1163 -0.6586 -0.7434
vn 0.0974 -0.6600 -0.7450
vn -0.1163 -0.7434 -0.6586
vn 0.0974 -0.7450 -0.6600
vn -0.1163 -0.8174 -0.5642
vn 0.0974 -0.8191 -0.5654
vn -0.1163 -0.8795 -0.4616
vn 0.0974 -0.8812 -0.4625
vn -0.1163 -0.9287 -0.3522
vn 0.0974 -0.9306 -0.3529
vn -0.1163 -0.9644 -0.2377
vn 0.0974 -0.9663 -0.2382
vn -0.1163 -0.9860 -0.1197
vn 0.0974 -0.9880 -0.1200
vn -0.1163 -0.9932 0.0000
vn 0.0974 -0.9952 0.0000
vn -0.1163 -0.9860 0.1197
vn 0.0974 -0.9880 0.1200
vn -0.1163 -0.9644 0.2377
vn 0.0974 -0.9663 0.2382
vn -0.1163 -0.9287 0.3522
vn 0.0974 -0.9306 0.3529
vn -0.1163 -0.8794 0.4616
vn 0.0974 -0.8812 0.4625
vn -0.1163 -0.8174 0.5642
vn 0.0974 -0.8191 0.5654
vn -0.1163 -0.7434 0.6586
vn 0.0974 -0.7449 0.6600
vn -0.1163 -0.6586 0.7434
vn 0.0974 -0.6600 0.7450
vn -0.1163 -0.5642 0.8174
vn 0.0974 -0.5654 0.8191
vn -0.1163 -0.4616 0.8795
vn 0.0974 -0.4625 0.8812
vn -0.1163 -0.3522 0.9287
vn 0.0974 -0.3529 0.9306
vn -0.1163 -0.2377 0.9644
vn 0.0974 -0.2382 0.9663
vn -0.1163 -0.1197 0.9860
vn 0.0974 -0.1200 0.9880
vn -0.0677 0.0000 0.9977
vn -0.0677 0.1203 0.9904
vn -0.1027 0.1199 0.9875
vn -0.1027 0.0000 0.9947
vn -0.0677 0.2388 0.9687
vn -0.1027 0.2380 0.9658
vn -0.0677 0.3538 0.9329
vn -0.1027 0.3527 0.9301
vn -0.0677 0.4637 0.8834
vn -0.1027 0.4623 0.8808
vn -0.0677 0.5668 0.8211
vn -0.1027 0.5651 0.8186
vn -0.0677 0.6616 0.7468
vn -0.1027 0.6596 0.7446
vn -0.0677 0.7468 0.6616
vn -0.1027 0.7446 0.6596
vn -0.0677 0.8211 0.5668
vn -0.1027 0.8186 0.5651
vn -0.0677 0.8834 0.4637
vn -0.1027 0.8808 0.4623
vn -0.0677 0.9329 0.3538
vn -0.1027 0.9301 0.3527
vn -0.0677 0.9687 0.2388
vn -0.1027 0.9658 0.2381
vn -0.0677 0.9904 0.1203
vn -0.1027 0.9875 0.1199
vn -0.0677 0.9977 -0.0000
vn -0.1027 0.9947 -0.0000
vn -0.0677 0.9904 -0.1203
vn -0.1027 0.9875 -0.1199
vn -0.0677 0.9687 -0.2388
vn -0.1027 0.9658 -0.2380
vn -0.0677 0.9329 -0.3538
vn -0.1027 0.9301 -0.3527
vn -0.0677 0.8834 -0.4637
vn -0.1027 0.8808 -0.4623
vn -0.0677 0.8211 -0.5668
vn -0.1027 0.8186 -0.5651
vn -0.0677 0.7468 -0.6616
vn -0.1027 0.7446 -0.6596
vn -0.0677 0.6616 -0.7468
vn -0.1027 0.6596 -0.7446
vn -0.0677 0.5668 -0.8211
vn -0.1027 0.5651 -0.8186
vn -0.0677 0.4637 -0.8834
vn -0.1027 0.4623 -0.8808
vn -0.0677 0.3538 -0.9329
vn -0.1027 0.3527 -0.9301
vn -0.0677 0.2388 -0.9687
vn -0.1027 0.2381 -0.9658
vn -0.0677 0.1203 -0.9904
vn -0.1027 0.1199 -0.9875
vn -0.0677 -0.0000 -0.9977
vn -0.1027 -0.0000 -0.9947
vn -0.0677 -0.1203 -0.9904
vn -0.1027 -0.1199 -0.9875
vn -0.0677 -0.2388 -0.9687
vn -0.1027 -0.2381 -0.9658
vn -0.0677 -0.3538 -0.9329
vn -0.1027 -0.3527 -0.9301
vn -0.0677 -0.4637 -0.8834
vn -0.1027 -0.4623 -0.8808
vn -0.0677 -0.5668 -0.8211
vn -0.1027 -0.5651 -0.8186
vn -0.0677 -0.6616 -0.7468
vn -0.1027 -0.6596 -0.7446
vn -0.0677 -0.7468 -0.6616
vn -0.1027 -0.7446 -0.6596
vn -0.0677 -0.8211 -0.5668
vn -0.1027 -0.8186 -0.5651
vn -0.0677 -0.8834 -0.4637
vn -0.1027 -0.8808 -0.4623
vn -0.0677 -0.9329 -0.3538
vn -0.1027 -0.9301 -0.3527
vn -0.0677 -0.9687 -0.2388
vn -0.1027 -0.9658 -0.2380
vn -0.0677 -0.9904 -0.1203
vn -0.1027 -0.9875 -0.1199
vn -0.0677 -0.9977 0.0000
vn -0.1027 -0.9947 0.0000
vn -0.0677 -0.9904 0.1203
vn -0.1027 -0.9875 0.1199
vn -0.0677 -0.9687 0.2388
vn -0.1027 -0.9658 0.2381
vn -0.0677 -0.9329 0.3538
vn -0.1027 -0.9301 0.3527
vn -0.0677 -0.8834 0.4637
vn -0.1027 -0.8808 0.4623
vn -0.0677 -0.8211 0.5668
vn -0.1027 -0.8186 0.5651
vn -0.0677 -0.7468 0.6616
vn -0.1027 -0.7446 0.6596
vn -0.0677 -0.6616 0.7468
vn -0.1027 -0.6596 0.7446
vn -0.0677 -0.5668 0.8211
vn -0.1027 -0.5651 0.8186
vn -0.0677 -0.4637 0.8834
vn -0.1027 -0.4623 0.8808
vn -0.0677 -0.3538 0.9329
vn -0.1027 -0.3527 0.9301
vn -0.0677 -0.2388 0.9687
vn -0.1027 -0.2380 0.9658
vn -0.0677 -0.1203 0.9904
vn -0.1027 -0.1199 0.9875
vn -0.1724 0.0000 0.9850
vn -0.1724 0.1187 0.9778
vn -0.2607 0.1164 0.9584
vn -0.2607 0.0000 0.9654
vn -0.1724 0.2357 0.9564
vn -0.2607 0.2310 0.9374
vn -0.1724 0.3493 0.9210
vn -0.2607 0.3423 0.9027
vn -0.1724 0.4578 0.8722
vn -0.2607 0.4487 0.8548
vn -0.1724 0.5596 0.8107
vn -0.2607 0.5484 0.7945
vn -0.1724 0.6532 0.7373
vn -0.2607 0.6402 0.7226
vn -0.1724 0.7373 0.6532
vn -0.2607 0.7226 0.6402
vn -0.1724 0.8107 0.5596
vn -0.2607 0.7945 0.5484
vn -0.1724 0.8722 0.4578
vn -0.2607 0.8548 0.4487
vn -0.1724 0.9210 0.3493
vn -0.2607 0.9027 0.3423
vn -0.1724 0.9564 0.2357
vn -0.2607 0.9374 0.2310
vn -0.1724 0.9779 0.1187
vn -0.2607 0.9584 0.1164
vn -0.1724 0.9850 -0.0000
vn -0.2607 0.9654 -0.0000
vn -0.1724 0.9779 -0.1187
vn -0.2607 0.9584 -0.1164
vn -0.1724 0.9564 -0.2357
vn -0.2607 0.9374 -0.2310
vn -0.1724 0.9210 -0.3493
vn -0.2607 0.9027 -0.3423
vn -0.1724 0.8722 -0.4578
vn -0.2607 0.8548 -0.4487
vn -0.1724 0.8107 -0.5596
vn -0.2607 0.7945 -0.5484
vn -0.1724 0.7373 -0.6532
vn -0.2607 0.7226 -0.6402
vn -0.1724 0.6532 -0.7373
vn -0.2607 0.6402 -0.7226
vn -0.1724 0.5596 -0.8107
vn -0.2607 0.5484 -0.7945
vn -0.1724 0.4578 -0.8722
vn -0.2607 0.4486 -0.8548
vn -0.1724 0.3493 -0.9210
vn -0.2607 0.3423 -0.9027
vn -0.1724 0.2357 -0.9564
vn -0.2607 0.2310 -0.9374
vn -0.1724 0.1187 -0.9779
vn -0.2607 0.1164 -0.9584
vn -0.1724 -0.0000 -0.9850
vn -0.2607 -0.0000 -0.9654
vn -0.1724 -0.1187 -0.9778
vn -0.2607 -0.1164 -0.9584
vn -0.1724 -0.2357 -0.9564
vn -0.2607 -0.2310 -0.9374
vn -0.1724 -0.3493 -0.9210
vn -0.2607 -0.3423 -0.9027
vn -0.1724 -0.4578 -0.8722
vn -0.2607 -0.4487 -0.8548
vn -0.1724 -0.5596 -0.8107
vn -0.2607 -0.5484 -0.7945
vn -0.1724 -0.6532 -0.7373
vn -0.2607 -0.6402 -0.7226
vn -0.1724 -0.7373 -0.6532
vn -0.2607 -0.7226 -0.6402
vn -0.1724 -0.8107 -0.5596
vn -0.2607 -0.7945 -0.5484
vn -0.1724 -0.8722 -0.4578
vn -0.2607 -0.8548 -0.4486
vn -0.1724 -0.9210 -0.3493
vn -0.2607 -0.9027 -0.3423
vn -0.1724 -0.9564 -0.2357
vn -0.2607 -0.9374 -0.2310
vn -0.1724 -0.9779 -0.1187
vn -0.2607 -0.9584 -0.1164
vn -0.1724 -0.9850 0.0000
vn -0.2607 -0.9654 0.0000
vn -0.1724 -0.9778 0.1187
vn -0.2607 -0.9584 0.1164
vn -0.1724 -0.9564 0.2357
vn -0.2607 -0.9374 0.2310
vn -0.1724 -0.9210 0.3493
vn -0.2607 -0.9027 0.3423
vn -0.1724 -0.8722 0.4578
vn -0.2607 -0.8548 0.4487
vn -0.1724 -0.8107 0.5596
vn -0.2607 -0.7945 0.5484
vn -0.1724 -0.7373 0.6532
vn -0.2607 -0.7226 0.6402
vn -0.1724 -0.6532 0.7373
vn -0.2607 -0.6402 0.7226
vn -0.1724 -0.5596 0.8107
vn -0.2607 -0.5484 0.7945
vn -0.1724 -0.4578 0.8722
vn -0.2607 -0.4486 0.8548
vn -0.1724 -0.3493 0.9210
vn -0.2607 -0.3423 0.9027
vn -0.1724 -0.2357 0.9564
vn -0.2607 -0.2310 0.9374
vn -0.1724 -0.1187 0.9778
vn -0.2607 -0.1164 0.9584
vn -0.3661 0.0000 0.9306
vn -0.3661 0.1122 0.9238
vn -0.4685 0.1065 0.8770
vn -0.4685 0.0000 0.8834
vn -0.3661 0.2227 0.9035
vn -0.4685 0.2114 0.8578
vn -0.3661 0.3300 0.8701
vn -0.4685 0.3133 0.8260
vn -0.3661 0.4325 0.8240
vn -0.4685 0.4106 0.7822
vn -0.3661 0.5286 0.7659
vn -0.4685 0.5019 0.7271
vn -0.3661 0.6171 0.6966
vn -0.4685 0.5858 0.6613
vn -0.3661 0.6966 0.6171
vn -0.4685 0.6613 0.5858
vn -0.3661 0.7659 0.5286
vn -0.4685 0.7271 0.5019
vn -0.3661 0.8240 0.4325
vn -0.4685 0.7823 0.4106
vn -0.3661 0.8701 0.3300
vn -0.4685 0.8260 0.3133
vn -0.3661 0.9035 0.2227
vn -0.4685 0.8578 0.2114
vn -0.3661 0.9238 0.1122
vn -0.4685 0.8770 0.1065
vn -0.3661 0.9306 -0.0000
vn -0.4685 0.8834 0.0000
vn -0.3661 0.9238 -0.1122
vn -0.4685 0.8770 -0.1065
vn -0.3661 0.9035 -0.2227
vn -0.4685 0.8578 -0.2114
vn -0.3661 0.8701 -0.3300
vn -0.4685 0.8260 -0.3133
vn -0.3661 0.8240 -0.4325
vn -0.4685 0.7823 -0.4106
vn -0.3661 0.7659 -0.5286
vn -0.4685 0.7271 -0.5019
vn -0.3661 0.6966 -0.6171
vn -0.4685 0.6613 -0.5858
vn -0.3661 0.6171 -0.6966
vn -0.4685 0.5858 -0.6613
vn -0.3661 0.5286 -0.7659
vn -0.4685 0.5019 -0.7271
vn -0.3661 0.4325 -0.8240
vn -0.4685 0.4106 -0.7823
vn -0.3661 0.3300 -0.8701
vn -0.4685 0.3133 -0.8260
vn -0.3661 0.2227 -0.9035
vn -0.4685 0.2114 -0.8578
vn -0.3661 0.1122 -0.9238
vn -0.4685 0.1065 -0.8770
vn -0.3661 -0.0000 -0.9306
vn -0.4685 -0.0000 -0.8834
vn -0.3661 -0.1122 -0.9238
vn -0.4685 -0.1065 -0.8770
vn -0.3661 -0.2227 -0.9035
vn -0.4685 -0.2114 -0.8578
vn -0.3661 -0.3300 -0.8701
vn -0.4685 -0.3133 -0.8260
vn -0.3661 -0.4325 -0.8240
vn -0.4685 -0.4106 -0.7822
vn -0.3661 -0.5286 -0.7659
vn -0.4685 -0.5019 -0.7271
vn -0.3661 -0.6171 -0.6966
vn -0.4685 -0.5858 -0.6613
vn -0.3661 -0.6966 -0.6171
vn -0.4685 -0.6613 -0.5858
vn -0.3661 -0.7659 -0.5286
vn -0.4685 -0.7271 -0.5019
vn -0.3661 -0.8240 -0.4325
vn -0.4685 -0.7823 -0.4106
vn -0.3661 -0.8701 -0.3300
vn -0.4685 -0.8260 -0.3133
vn -0.3661 -0.9035 -0.2227
vn -0.4685 -0.8578 -0.2114
vn -0.3661 -0.9238 -0.1122
vn -0.4685 -0.8770 -0.1065
vn -0.3661 -0.9306 0.0000
vn -0.4685 -0.8834 0.0000
vn -0.3661 -0.9238 0.1122
vn -0.4685 -0.8770 0.1065
vn -0.3661 -0.9035 0.2227
vn -0.4685 -0.8578 0.2114
vn -0.3661 -0.8701 0.3300
vn -0.4685 -0.8260 0.3133
vn -0.3661 -0.8240 0.4325
vn -0.4685 -0.7822 0.4106
vn -0.3661 -0.7659 0.5286
vn -0.4685 -0.7271 0.5019
vn -0.3661 -0.6966 0.6171
vn -0.4685 -0.6613 0.5858
vn -0.3661 -0.6171 0.6966
vn -0.4685 -0.5858 0.6613
vn -0.3661 -0.5286 0.7659
vn -0.4685 -0.5019 0.7271
vn -0.3661 -0.4325 0.8240
vn -0.4685 -0.4106 0.7823
vn -0.3661 -0.3300 0.8701
vn -0.4685 -0.3133 0.8260
vn -0.3661 -0.2227 0.9035
vn -0.4685 -0.2114 0.8578
vn -0.3661 -0.1122 0.9238
vn -0.4685 -0.1065 0.8770
vn -0.5666 0.0000 0.8240
vn -0.5666 0.0993 0.8180
vn -0.6485 0.0918 0.7557
vn -0.6485 0.0000 0.7612
vn -0.5666 0.1972 0.8001
vn -0.6485 0.1822 0.7391
vn -0.5666 0.2922 0.7705
vn -0.6485 0.2699 0.7118
vn -0.5666 0.3829 0.7296
vn -0.6485 0.3538 0.6740
vn -0.5666 0.4681 0.6781
vn -0.6485 0.4324 0.6265
vn -0.5666 0.5464 0.6168
vn -0.6485 0.5048 0.5698
vn -0.5666 0.6168 0.5464
vn -0.6485 0.5698 0.5048
vn -0.5666 0.6781 0.4681
vn -0.6485 0.6265 0.4324
vn -0.5666 0.7296 0.3829
vn -0.6485 0.6740 0.3538
vn -0.5666 0.7705 0.2922
vn -0.6485 0.7118 0.2699
vn -0.5666 0.8001 0.1972
vn -0.6485 0.7391 0.1822
vn -0.5666 0.8180 0.0993
vn -0.6485 0.7557 0.0918
vn -0.5666 0.8240 0.0000
vn -0.6485 0.7612 0.0000
vn -0.5666 0.8180 -0.0993
vn -0.6485 0.7557 -0.0918
vn -0.5666 0.8001 -0.1972
vn -0.6485 0.7391 -0.1822
vn -0.5666 0.7705 -0.2922
vn -0.6485 0.7118 -0.2699
vn -0.5666 0.7296 -0.3829
vn -0.6485 0.6740 -0.3538
vn -0.5666 0.6781 -0.4681
vn -0.6485 0.6265 -0.4324
vn -0.5666 0.6168 -0.5464
vn -0.6485 0.5698 -0.5048
vn -0.5666 0.5464 -0.6168
vn -0.6485 0.5048 -0.5698
vn -0.5666 0.4681 -0.6781
vn -0.6485 0.4324 -0.6265
vn -0.5666 0.3829 -0.7296
vn -0.6485 0.3538 -0.6740
vn -0.5666 0.2922 -0.7705
vn -0.6485 0.2699 -0.7118
vn -0.5666 0.1972 -0.8001
vn -0.6485 0.1822 -0.7391
vn -0.5666 0.0993 -0.8180
vn -0.6485 0.0918 -0.7557
vn -0.5666 -0.0000 -0.8240
vn -0.6485 -0.0000 -0.7612
vn -0.5666 -0.0993 -0.8180
vn -0.6485 -0.0918 -0.7557
vn -0.5666 -0.1972 -0.8001
vn -0.6485 -0.1822 -0.7391
vn -0.5666 -0.2922 -0.7705
vn -0.6485 -0.2699 -0.7118
vn -0.5666 -0.3829 -0.7296
vn -0.6485 -0.3538 -0.6740
vn -0.5666 -0.4681 -0.6781
vn -0.6485 -0.4324 -0.6265
vn -0.5666 -0.5464 -0.6168
vn -0.6485 -0.5048 -0.5698
vn -0.5666 -0.6168 -0.5464
vn -0.6485 -0.5698 -0.5048
vn -0.5666 -0.6781 -0.4681
vn -0.6485 -0.6265 -0.4324
vn -0.5666 -0.7296 -0.3829
vn -0.6485 -0.6740 -0.3538
vn -0.5666 -0.7705 -0.2922
vn -0.6485 -0.7118 -0.2699
vn -0.5666 -0.8001 -0.1972
vn -0.6485 -0.7391 -0.1822
vn -0.5666 -0.8180 -0.0993
vn -0.6485 -0.7557 -0.0918
vn -0.5666 -0.8240 0.0000
vn -0.6485 -0.7612 0.0000
vn -0.5666 -0.8180 0.0993
vn -0.6485 -0.7557 0.0918
vn -0.5666 -0.8001 0.1972
vn -0.6485 -0.7391 0.1822
vn -0.5666 -0.7705 0.2922
vn -0.6485 -0.7118 0.2699
vn -0.5666 -0.7296 0.3829
vn -0.6485 -0.6740 0.3538
vn -0.5666 -0.6781 0.4681
vn -0.6485 -0.6265 0.4324
vn -0.5666 -0.6168 0.5464
vn -0.6485 -0.5698 0.5048
vn -0.5666 -0.5464 0.6168
vn -0.6485 -0.5048 0.5698
vn -0.5666 -0.4681 0.6781
vn -0.6485 -0.4324 0.6265
vn -0.5666 -0.3829 0.7296
vn -0.6485 -0.3538 0.6740
vn -0.5666 -0.2922 0.7705
vn -0.6485 -0.2699 0.7118
vn -0.5666 -0.1972 0.8001
vn -0.6485 -0.1822 0.7391
vn -0.5666 -0.0993 0.8180
vn -0.6485 -0.0918 0.7557
vn -0.7151 0.0000 0.6990
vn -0.7151 0.0843 0.6939
vn -0.7665 0.0774 0.6375
vn -0.7665 0.0000 0.6422
vn -0.7151 0.1673 0.6787
vn -0.7665 0.1537 0.6235
vn -0.7151 0.2479 0.6536
vn -0.7666 0.2277 0.6005
vn -0.7151 0.3249 0.6190
vn -0.7666 0.2984 0.5686
vn -0.7151 0.3971 0.5753
vn -0.7665 0.3648 0.5285
vn -0.7151 0.4635 0.5232
vn -0.7666 0.4258 0.4807
vn -0.7151 0.5232 0.4636
vn -0.7666 0.4807 0.4258
vn -0.7151 0.5753 0.3971
vn -0.7666 0.5285 0.3648
vn -0.7151 0.6190 0.3249
vn -0.7665 0.5686 0.2984
vn -0.7151 0.6536 0.2479
vn -0.7665 0.6005 0.2277
vn -0.7151 0.6787 0.1673
vn -0.7665 0.6235 0.1537
vn -0.7151 0.6939 0.0843
vn -0.7665 0.6375 0.0774
vn -0.7151 0.6990 0.0000
vn -0.7665 0.6422 0.0000
vn -0.7151 0.6939 -0.0843
vn -0.7666 0.6375 -0.0774
vn -0.7151 0.6787 -0.1673
vn -0.7666 0.6235 -0.1537
vn -0.7151 0.6536 -0.2479
vn -0.7665 0.6005 -0.2277
vn -0.7151 0.6190 -0.3249
vn -0.7665 0.5686 -0.2984
vn -0.7151 0.5753 -0.3971
vn -0.7666 0.5285 -0.3648
vn -0.7151 0.5232 -0.4636
vn -0.7665 0.4807 -0.4258
vn -0.7151 0.4636 -0.5232
vn -0.7665 0.4258 -0.4807
vn -0.7151 0.3971 -0.5753
vn -0.7665 0.3648 -0.5285
vn -0.7151 0.3249 -0.6190
vn -0.7666 0.2984 -0.5686
vn -0.7151 0.2479 -0.6536
vn -0.7665 0.2277 -0.6005
vn -0.7151 0.1673 -0.6787
vn -0.7665 0.1537 -0.6235
vn -0.7151 0.0843 -0.6939
vn -0.7665 0.0774 -0.6375
vn -0.7151 -0.0000 -0.6990
vn -0.7666 -0.0000 -0.6422
vn -0.7151 -0.0843 -0.6939
vn -0.7666 -0.0774 -0.6375
vn -0.7151 -0.1673 -0.6787
vn -0.7665 -0.1537 -0.6235
vn -0.7151 -0.2479 -0.6536
vn -0.7665 -0.2277 -0.6005
vn -0.7151 -0.3249 -0.6190
vn -0.7665 -0.2984 -0.5686
vn -0.7151 -0.3971 -0.5753
vn -0.7665 -0.3648 -0.5285
vn -0.7151 -0.4636 -0.5232
vn -0.7665 -0.4258 -0.4807
vn -0.7151 -0.5232 -0.4636
vn -0.7665 -0.4807 -0.4258
vn -0.7151 -0.5753 -0.3971
vn -0.7666 -0.5285 -0.3648
vn -0.7151 -0.6190 -0.3249
vn -0.7666 -0.5686 -0.2984
vn -0.7151 -0.6536 -0.2479
vn -0.7665 -0.6005 -0.2277
vn -0.7151 -0.6787 -0.1673
vn -0.7665 -0.6235 -0.1537
vn -0.7151 -0.6939 -0.0843
vn -0.7665 -0.6375 -0.0774
vn -0.7151 -0.6990 0.0000
vn -0.7665 -0.6422 -0.0000
vn -0.7151 -0.6939 0.0843
vn -0.7665 -0.6375 0.0774
vn -0.7151 -0.6787 0.1673
vn -0.7665 -0.6235 0.1537
vn -0.7151 -0.6536 0.2479
vn -0.7665 -0.6005 0.2277
vn -0.7151 -0.6190 0.3249
vn -0.7666 -0.5686 0.2984
vn -0.7151 -0.5753 0.3971
vn -0.7665 -0.5285 0.3648
vn -0.7151 -0.5232 0.4636
vn -0.7665 -0.4807 0.4258
vn -0.7151 -0.4635 0.5232
vn -0.7665 -0.4258 0.4807
vn -0.7151 -0.3971 0.5753
vn -0.7666 -0.3648 0.5285
vn -0.7151 -0.3249 0.6190
vn -0.7666 -0.2984 0.5686
vn -0.7151 -0.2479 0.6536
vn -0.7665 -0.2277 0.6005
vn -0.7151 -0.1673 0.6787
vn -0.7665 -0.1537 0.6235
vn -0.7151 -0.0843 0.6939
vn -0.7666 -0.0774 0.6375
vn -0.8045 0.0000 0.5939
vn -0.8045 0.0716 0.5896
vn -0.8398 0.0654 0.5390
vn -0.8398 0.0000 0.5429
vn -0.8045 0.1421 0.5767
vn -0.8398 0.1299 0.5272
vn -0.8045 0.2106 0.5553
vn -0.8398 0.1925 0.5077
vn -0.8045 0.2760 0.5259
vn -0.8398 0.2523 0.4807
vn -0.8045 0.3374 0.4888
vn -0.8398 0.3084 0.4468
vn -0.8045 0.3938 0.4446
vn -0.8398 0.3600 0.4064
vn -0.8045 0.4446 0.3938
vn -0.8398 0.4064 0.3600
vn -0.8045 0.4888 0.3374
vn -0.8398 0.4468 0.3084
vn -0.8045 0.5259 0.2760
vn -0.8398 0.4807 0.2523
vn -0.8045 0.5553 0.2106
vn -0.8398 0.5077 0.1925
vn -0.8045 0.5767 0.1421
vn -0.8398 0.5272 0.1299
vn -0.8045 0.5896 0.0716
vn -0.8398 0.5390 0.0654
vn -0.8045 0.5939 0.0000
vn -0.8398 0.5429 0.0000
vn -0.8045 0.5896 -0.0716
vn -0.8398 0.5390 -0.0654
vn -0.8045 0.5767 -0.1421
vn -0.8398 0.5272 -0.1299
vn -0.8045 0.5553 -0.2106
vn -0.8398 0.5077 -0.1925
vn -0.8045 0.5259 -0.2760
vn -0.8398 0.4807 -0.2523
vn -0.8045 0.4888 -0.3374
vn -0.8398 0.4468 -0.3084
vn -0.8045 0.4446 -0.3938
vn -0.8398 0.4064 -0.3600
vn -0.8045 0.3938 -0.4446
vn -0.8398 0.3600 -0.4064
vn -0.8045 0.3374 -0.4888
vn -0.8398 0.3084 -0.4468
vn -0.8045 0.2760 -0.5259
vn -0.8398 0.2523 -0.4808
vn -0.8045 0.2106 -0.5553
vn -0.8398 0.1925 -0.5077
vn -0.8045 0.1421 -0.5767
vn -0.8398 0.1299 -0.5272
vn -0.8045 0.0716 -0.5896
vn -0.8398 0.0654 -0.5390
vn -0.8045 -0.0000 -0.5939
vn -0.8398 0.0000 -0.5429
vn -0.8045 -0.0716 -0.5896
vn -0.8398 -0.0654 -0.5390
vn -0.8045 -0.1421 -0.5767
vn -0.8398 -0.1299 -0.5272
vn -0.8045 -0.2106 -0.5553
vn -0.8398 -0.1925 -0.5077
vn -0.8045 -0.2760 -0.5259
vn -0.8398 -0.2523 -0.4808
vn -0.8045 -0.3374 -0.4888
vn -0.8398 -0.3084 -0.4468
vn -0.8045 -0.3938 -0.4446
vn -0.8398 -0.3600 -0.4064
vn -0.8045 -0.4446 -0.3938
vn -0.8398 -0.4064 -0.3600
vn -0.8045 -0.4888 -0.3374
vn -0.8398 -0.4468 -0.3084
vn -0.8045 -0.5259 -0.2760
vn -0.8398 -0.4808 -0.2523
vn -0.8045 -0.5553 -0.2106
vn -0.8398 -0.5077 -0.1925
vn -0.8045 -0.5767 -0.1421
vn -0.8398 -0.5272 -0.1299
vn -0.8045 -0.5896 -0.0716
vn -0.8398 -0.5390 -0.0654
vn -0.8045 -0.5939 0.0000
vn -0.8398 -0.5429 -0.0000
vn -0.8045 -0.5896 0.0716
vn -0.8398 -0.5390 0.0654
vn -0.8045 -0.5767 0.1421
vn -0.8398 -0.5272 0.1299
vn -0.8045 -0.5553 0.2106
vn -0.8398 -0.5077 0.1925
vn -0.8045 -0.5259 0.2760
vn -0.8398 -0.4807 0.2523
vn -0.8045 -0.4888 0.3374
vn -0.8398 -0.4468 0.3084
vn -0.8045 -0.4446 0.3938
vn -0.8398 -0.4064 0.3600
vn -0.8045 -0.3938 0.4446
vn -0.8398 -0.3600 0.4064
vn -0.8045 -0.3374 0.4888
vn -0.8398 -0.3084 0.4468
vn -0.8045 -0.2760 0.5259
vn -0.8398 -0.2523 0.4807
vn -0.8045 -0.2106 0.5553
vn -0.8398 -0.1925 0.5077
vn -0.8045 -0.1421 0.5767
vn -0.8398 -0.1299 0.5272
vn -0.8045 -0.0716 0.5896
vn -0.8398 -0.0654 0.5390
vn -0.8721 0.0000 0.4893
vn -0.8721 0.0590 0.4857
vn -0.9318 0.0438 0.3604
vn -0.9318 0.0000 0.3630
vn -0.8721 0.1171 0.4751
vn -0.9318 0.0869 0.3525
vn -0.8721 0.1735 0.4575
vn -0.9318 0.1287 0.3394
vn -0.8721 0.2274 0.4333
vn -0.9318 0.1687 0.3214
vn -0.8721 0.2780 0.4027
vn -0.9318 0.2062 0.2988
vn -0.8721 0.3245 0.3663
vn -0.9318 0.2407 0.2717
vn -0.8721 0.3663 0.3245
vn -0.9318 0.2717 0.2407
vn -0.8721 0.4027 0.2780
vn -0.9318 0.2988 0.2062
vn -0.8721 0.4333 0.2274
vn -0.9318 0.3214 0.1687
vn -0.8721 0.4575 0.1735
vn -0.9318 0.3394 0.1287
vn -0.8721 0.4751 0.1171
vn -0.9318 0.3525 0.0869
vn -0.8721 0.4857 0.0590
vn -0.9318 0.3604 0.0438
vn -0.8721 0.4893 0.0000
vn -0.9318 0.3630 0.0000
vn -0.8721 0.4857 -0.0590
vn -0.9318 0.3604 -0.0438
vn -0.8721 0.4751 -0.1171
vn -0.9318 0.3525 -0.0869
vn -0.8721 0.4575 -0.1735
vn -0.9318 0.3394 -0.1287
vn -0.8721 0.4333 -0.2274
vn -0.9318 0.3214 -0.1687
vn -0.8721 0.4027 -0.2780
vn -0.9318 0.2988 -0.2062
vn -0.8721 0.3663 -0.3245
vn -0.9318 0.2717 -0.2407
vn -0.8721 0.3245 -0.3663
vn -0.9318 0.2407 -0.2717
vn -0.8721 0.2780 -0.4027
vn -0.9318 0.2062 -0.2988
vn -0.8721 0.2274 -0.4333
vn -0.9318 0.1687 -0.3214
vn -0.8721 0.1735 -0.4575
vn -0.9318 0.1287 -0.3394
vn -0.8721 0.1171 -0.4751
vn -0.9318 0.0869 -0.3525
vn -0.8721 0.0590 -0.4857
vn -0.9318 0.0438 -0.3604
vn -0.8721 0.0000 -0.4893
vn -0.9318 -0.0000 -0.3630
vn -0.8721 -0.0590 -0.4857
vn -0.9318 -0.0438 -0.3604
vn -0.8721 -0.1171 -0.4751
vn -0.9318 -0.0869 -0.3525
vn -0.8721 -0.1735 -0.4575
vn -0.9318 -0.1287 -0.3394
vn -0.8721 -0.2274 -0.4333
vn -0.9318 -0.1687 -0.3214
vn -0.8721 -0.2780 -0.4027
vn -0.9318 -0.2062 -0.2988
vn -0.8721 -0.3245 -0.3663
vn -0.9318 -0.2407 -0.2717
vn -0.8721 -0.3663 -0.3245
vn -0.9318 -0.2717 -0.2407
vn -0.8721 -0.4027 -0.2780
vn -0.9318 -0.2988 -0.2062
vn -0.8721 -0.4333 -0.2274
vn -0.9318 -0.3214 -0.1687
vn -0.8721 -0.4575 -0.1735
vn -0.9318 -0.3394 -0.1287
vn -0.8721 -0.4751 -0.1171
vn -0.9318 -0.3525 -0.0869
vn -0.8721 -0.4857 -0.0590
vn -0.9318 -0.3604 -0.0438
vn -0.8721 -0.4893 -0.0000
vn -0.9318 -0.3630 -0.0000
vn -0.8721 -0.4857 0.0590
vn -0.9318 -0.3604 0.0438
vn -0.8721 -0.4751 0.1171
vn -0.9318 -0.3525 0.0869
vn -0.8721 -0.4575 0.1735
vn -0.9318 -0.3394 0.1287
vn -0.8721 -0.4333 0.2274
vn -0.9318 -0.3214 0.1687
vn -0.8721 -0.4027 0.2780
vn -0.9318 -0.2988 0.2062
vn -0.8721 -0.3663 0.3245
vn -0.9318 -0.2717 0.2407
vn -0.8721 -0.3245 0.3663
vn -0.9318 -0.2407 0.2717
vn -0.8721 -0.2780 0.4027
vn -0.9318 -0.2062 0.2988
vn -0.8721 -0.2274 0.4333
vn -0.9318 -0.1687 0.3214
vn -0.8721 -0.1735 0.4575
vn -0.9318 -0.1287 0.3394
vn -0.8721 -0.1171 0.4751
vn -0.9318 -0.0869 0.3525
vn -0.8721 -0.0590 0.4857
vn -0.9318 -0.0438 0.3604
vn -0.9674 0.0305 0.2515
vn -0.9674 0.0000 0.2534
vn -0.9674 0.0606 0.2460
vn -0.9674 0.0898 0.2369
vn -0.9674 0.1177 0.2243
vn -0.9674 0.1439 0.2085
vn -0.9674 0.1680 0.1896
vn -0.9674 0.1896 0.1680
vn -0.9674 0.2085 0.1439
vn -0.9674 0.2243 0.1177
vn -0.9674 0.2369 0.0898
vn -0.9674 0.2460 0.0606
vn -0.9674 0.2515 0.0305
vn -0.9674 0.2534 -0.0000
vn -0.9674 0.2515 -0.0305
vn -0.9674 0.2460 -0.0606
vn -0.9674 0.2369 -0.0898
vn -0.9674 0.2243 -0.1177
vn -0.9674 0.2085 -0.1439
vn -0.9674 0.1896 -0.1680
vn -0.9674 0.1680 -0.1896
vn -0.9674 0.1439 -0.2085
vn -0.9674 0.1177 -0.2243
vn -0.9674 0.0898 -0.2369
vn -0.9674 0.0606 -0.2460
vn -0.9674 0.0305 -0.2515
vn -0.9674 -0.0000 -0.2534
vn -0.9674 -0.0305 -0.2515
vn -0.9674 -0.0606 -0.2460
vn -0.9674 -0.0898 -0.2369
vn -0.9674 -0.1177 -0.2243
vn -0.9674 -0.1439 -0.2085
vn -0.9674 -0.1680 -0.1896
vn -0.9674 -0.1896 -0.1680
vn -0.9674 -0.2085 -0.1439
vn -0.9674 -0.2243 -0.1177
vn -0.9674 -0.2369 -0.0898
vn -0.9674 -0.2460 -0.0606
vn -0.9674 -0.2515 -0.0305
vn -0.9674 -0.2534 -0.0000
vn -0.9674 -0.2515 0.0305
vn -0.9674 -0.2460 0.0606
vn -0.9674 -0.2369 0.0898
vn -0.9674 -0.2243 0.1177
vn -0.9674 -0.2085 0.1439
vn -0.9674 -0.1896 0.1680
vn -0.9674 -0.1680 0.1896
vn -0.9674 -0.1439 0.2085
vn -0.9674 -0.1177 0.2243
vn -0.9674 -0.0898 0.2369
vn -0.9674 -0.0606 0.2460
vn -0.9674 -0.0305 0.2515
vn 0.0471 0.0000 0.9989
vn 0.0471 0.1204 0.9916
vn 0.0471 0.2391 0.9699
vn 0.0471 0.3542 0.9340
vn 0.0471 0.4642 0.8845
vn 0.0471 0.5674 0.8221
vn 0.0471 0.6624 0.7477
vn 0.0471 0.7477 0.6624
vn 0.0471 0.8221 0.5674
vn 0.0471 0.8845 0.4642
vn 0.0471 0.9340 0.3542
vn 0.0471 0.9699 0.2390
vn 0.0471 0.9916 0.1204
vn 0.0471 0.9989 0.0000
vn 0.0471 0.9916 -0.1204
vn 0.0471 0.9699 -0.2391
vn 0.0471 0.9340 -0.3542
vn 0.0471 0.8845 -0.4642
vn 0.0471 0.8221 -0.5674
vn 0.0471 0.7477 -0.6624
vn 0.0471 0.6624 -0.7477
vn 0.0471 0.5674 -0.8221
vn 0.0471 0.4642 -0.8845
vn 0.0471 0.3542 -0.9340
vn 0.0471 0.2390 -0.9699
vn 0.0471 0.1204 -0.9916
vn 0.0471 -0.0000 -0.9989
vn 0.0471 -0.1204 -0.9916
vn 0.0471 -0.2391 -0.9699
vn 0.0471 -0.3542 -0.9340
vn 0.0471 -0.4642 -0.8845
vn 0.0471 -0.5674 -0.8221
vn 0.0471 -0.6624 -0.7477
vn 0.0471 -0.7477 -0.6624
vn 0.0471 -0.8221 -0.5674
vn 0.0471 -0.8845 -0.4642
vn 0.0471 -0.9340 -0.3542
vn 0.0471 -0.9699 -0.2390
vn 0.0471 -0.9916 -0.1204
vn 0.0471 -0.9989 0.0000
vn 0.0471 -0.9916 0.1204
vn 0.0471 -0.9699 0.2391
vn 0.0471 -0.9340 0.3542
vn 0.0471 -0.8845 0.4642
vn 0.0471 -0.8221 0.5674
vn 0.0471 -0.7477 0.6624
vn 0.0471 -0.6624 0.7477
vn 0.0471 -0.5674 0.8221
vn 0.0471 -0.4642 0.8845
vn 0.0471 -0.3542 0.9340
vn 0.0471 -0.2390 0.9699
vn 0.0471 -0.1204 0.9916
vn 0.1112 0.1198 0.9866
vn 0.1112 0.0000 0.9938
vn 0.1389 0.0000 0.9903
vn 0.1389 0.1194 0.9831
vn 0.1112 0.2378 0.9649
vn 0.1389 0.2370 0.9615
vn 0.1112 0.3524 0.9292
vn 0.1389 0.3512 0.9260
vn 0.1112 0.4618 0.8800
vn 0.1389 0.4602 0.8769
vn 0.1112 0.5645 0.8179
vn 0.1389 0.5626 0.8150
vn 0.1112 0.6590 0.7439
vn 0.1389 0.6567 0.7413
vn 0.1112 0.7439 0.6590
vn 0.1389 0.7413 0.6567
vn 0.1112 0.8179 0.5645
vn 0.1389 0.8150 0.5626
vn 0.1112 0.8800 0.4618
vn 0.1389 0.8769 0.4602
vn 0.1112 0.9292 0.3524
vn 0.1389 0.9260 0.3512
vn 0.1112 0.9649 0.2378
vn 0.1389 0.9615 0.2370
vn 0.1112 0.9866 0.1198
vn 0.1389 0.9831 0.1194
vn 0.1112 0.9938 -0.0000
vn 0.1389 0.9903 -0.0000
vn 0.1112 0.9866 -0.1198
vn 0.1389 0.9831 -0.1194
vn 0.1112 0.9649 -0.2378
vn 0.1389 0.9615 -0.2370
vn 0.1112 0.9292 -0.3524
vn 0.1389 0.9260 -0.3512
vn 0.1112 0.8800 -0.4618
vn 0.1389 0.8769 -0.4602
vn 0.1112 0.8179 -0.5645
vn 0.1389 0.8150 -0.5626
vn 0.1112 0.7439 -0.6590
vn 0.1389 0.7413 -0.6567
vn 0.1112 0.6590 -0.7439
vn 0.1389 0.6567 -0.7413
vn 0.1112 0.5645 -0.8179
vn 0.1389 0.5626 -0.8150
vn 0.1112 0.4618 -0.8800
vn 0.1389 0.4602 -0.8769
vn 0.1112 0.3524 -0.9292
vn 0.1389 0.3512 -0.9260
vn 0.1112 0.2378 -0.9649
vn 0.1389 0.2370 -0.9615
vn 0.1112 0.1198 -0.9866
vn 0.1389 0.1194 -0.9831
vn 0.1112 -0.0000 -0.9938
vn 0.1389 -0.0000 -0.9903
vn 0.1112 -0.1198 -0.9866
vn 0.1389 -0.1194 -0.9831
vn 0.1112 -0.2378 -0.9649
vn 0.1389 -0.2370 -0.9615
vn 0.1112 -0.3524 -0.9292
vn 0.1389 -0.3512 -0.9260
vn 0.1112 -0.4618 -0.8800
vn 0.1389 -0.4602 -0.8769
vn 0.1112 -0.5645 -0.8179
vn 0.1389 -0.5626 -0.8150
vn 0.1112 -0.6590 -0.7439
vn 0.1389 -0.6567 -0.7413
vn 0.1112 -0.7439 -0.6590
vn 0.1389 -0.7413 -0.6567
vn 0.1112 -0.8179 -0.5645
vn 0.1389 -0.8150 -0.5626
vn 0.1112 -0.8800 -0.4618
vn 0.1389 -0.8769 -0.4602
vn 0.1112 -0.9292 -0.3524
vn 0.1389 -0.9260 -0.3512
vn 0.1112 -0.9649 -0.2378
vn 0.1389 -0.9615 -0.2370
vn 0.1112 -0.9866 -0.1198
vn 0.1389 -0.9831 -0.1194
vn 0.1112 -0.9938 0.0000
vn 0.1389 -0.9903 0.0000
vn 0.1112 -0.9866 0.1198
vn 0.1389 -0.9831 0.1194
vn 0.1112 -0.9649 0.2378
vn 0.1389 -0.9615 0.2370
vn 0.1112 -0.9292 0.3524
vn 0.1389 -0.9260 0.3512
vn 0.1112 -0.8800 0.4618
vn 0.1389 -0.8769 0.4602
vn 0.1112 -0.8179 0.5645
vn 0.1389 -0.8150 0.5626
vn 0.1112 -0.7439 0.6590
vn 0.1389 -0.7413 0.6567
vn 0.1112 -0.6590 0.7439
vn 0.1389 -0.6567 0.7413
vn 0.1112 -0.5645 0.8179
vn 0.1389 -0.5626 0.8150
vn 0.1112 -0.4618 0.8800
vn 0.1389 -0.4602 0.8769
vn 0.1112 -0.3524 0.9292
vn 0.1389 -0.3512 0.9260
vn 0.1112 -0.2378 0.9649
vn 0.1389 -0.2370 0.9615
vn 0.1112 -0.1198 0.9866
vn 0.1389 -0.1194 0.9831
vn 0.2403 0.1170 0.9636
vn 0.2403 0.0000 0.9707
vn 0.2785 0.0000 0.9604
vn 0.2785 0.1158 0.9534
vn 0.2403 0.2323 0.9425
vn 0.2785 0.2298 0.9325
vn 0.2403 0.3442 0.9076
vn 0.2785 0.3406 0.8980
vn 0.2403 0.4511 0.8595
vn 0.2785 0.4463 0.8504
vn 0.2403 0.5514 0.7989
vn 0.2785 0.5456 0.7904
vn 0.2403 0.6437 0.7266
vn 0.2785 0.6369 0.7189
vn 0.2403 0.7266 0.6437
vn 0.2785 0.7189 0.6369
vn 0.2403 0.7989 0.5514
vn 0.2785 0.7904 0.5456
vn 0.2403 0.8595 0.4511
vn 0.2785 0.8504 0.4463
vn 0.2403 0.9076 0.3442
vn 0.2785 0.8980 0.3406
vn 0.2403 0.9425 0.2323
vn 0.2785 0.9325 0.2298
vn 0.2403 0.9636 0.1170
vn 0.2785 0.9534 0.1158
vn 0.2403 0.9707 0.0000
vn 0.2785 0.9604 0.0000
vn 0.2403 0.9636 -0.1170
vn 0.2785 0.9534 -0.1158
vn 0.2403 0.9425 -0.2323
vn 0.2785 0.9325 -0.2298
vn 0.2403 0.9076 -0.3442
vn 0.2785 0.8980 -0.3406
vn 0.2403 0.8595 -0.4511
vn 0.2785 0.8504 -0.4463
vn 0.2403 0.7989 -0.5514
vn 0.2785 0.7904 -0.5456
vn 0.2403 0.7266 -0.6437
vn 0.2785 0.7189 -0.6369
vn 0.2403 0.6437 -0.7266
vn 0.2785 0.6369 -0.7189
vn 0.2403 0.5514 -0.7989
vn 0.2785 0.5456 -0.7904
vn 0.2403 0.4511 -0.8595
vn 0.2785 0.4463 -0.8504
vn 0.2403 0.3442 -0.9076
vn 0.2785 0.3406 -0.8980
vn 0.2403 0.2323 -0.9425
vn 0.2785 0.2298 -0.9325
vn 0.2403 0.1170 -0.9636
vn 0.2785 0.1158 -0.9534
vn 0.2403 -0.0000 -0.9707
vn 0.2785 -0.0000 -0.9604
vn 0.2403 -0.1170 -0.9636
vn 0.2785 -0.1158 -0.9534
vn 0.2403 -0.2323 -0.9425
vn 0.2785 -0.2298 -0.9325
vn 0.2403 -0.3442 -0.9076
vn 0.2785 -0.3406 -0.8980
vn 0.2403 -0.4511 -0.8595
vn 0.2785 -0.4463 -0.8504
vn 0.2403 -0.5514 -0.7989
vn 0.2785 -0.5456 -0.7904
vn 0.2403 -0.6437 -0.7266
vn 0.2785 -0.6369 -0.7189
vn 0.2403 -0.7266 -0.6437
vn 0.2785 -0.7189 -0.6369
vn 0.2403 -0.7989 -0.5514
vn 0.2785 -0.7904 -0.5456
vn 0.2403 -0.8595 -0.4511
vn 0.2785 -0.8504 -0.4463
vn 0.2403 -0.9076 -0.3442
vn 0.2785 -0.8980 -0.3406
vn 0.2403 -0.9425 -0.2323
vn 0.2785 -0.9325 -0.2298
vn 0.2403 -0.9636 -0.1170
vn 0.2785 -0.9534 -0.1158
vn 0.2403 -0.9707 0.0000
vn 0.2785 -0.9604 0.0000
vn 0.2403 -0.9636 0.1170
vn 0.2785 -0.9534 0.1158
vn 0.2403 -0.9425 0.2323
vn 0.2785 -0.9325 0.2299
vn 0.2403 -0.9076 0.3442
vn 0.2785 -0.8980 0.3406
vn 0.2403 -0.8595 0.4511
vn 0.2785 -0.8504 0.4463
vn 0.2403 -0.7989 0.5514
vn 0.2785 -0.7904 0.5456
vn 0.2403 -0.7266 0.6437
vn 0.2785 -0.7189 0.6369
vn 0.2403 -0.6437 0.7266
vn 0.2785 -0.6369 0.7189
vn 0.2403 -0.5514 0.7989
vn 0.2785 -0.5456 0.7904
vn 0.2403 -0.4511 0.8595
vn 0.2785 -0.4463 0.8504
vn 0.2403 -0.3442 0.9076
vn 0.2785 -0.3406 0.8980
vn 0.2403 -0.2323 0.9425
vn 0.2785 -0.2298 0.9325
vn 0.2403 -0.1170 0.9636
vn 0.2785 -0.1158 0.9534
vn 0.3001 -0.0000 0.9539
vn 0.3001 0.1150 0.9470
vn 0.3001 0.2283 0.9262
vn 0.3001 0.3383 0.8919
vn 0.3001 0.4433 0.8446
vn 0.3001 0.5419 0.7851
vn 0.3001 0.6326 0.7140
vn 0.3001 0.7140 0.6326
vn 0.3001 0.7851 0.5419
vn 0.3001 0.8446 0.4433
vn 0.3001 0.8919 0.3383
vn 0.3001 0.9262 0.2283
vn 0.3001 0.9470 0.1150
vn 0.3001 0.9539 -0.0000
vn 0.3001 0.9470 -0.1150
vn 0.3001 0.9262 -0.2283
vn 0.3001 0.8919 -0.3383
vn 0.3001 0.8446 -0.4433
vn 0.3001 0.7851 -0.5419
vn 0.3001 0.7140 -0.6326
vn 0.3001 0.6326 -0.7140
vn 0.3001 0.5419 -0.7851
vn 0.3001 0.4433 -0.8446
vn 0.3001 0.3383 -0.8919
vn 0.3001 0.2283 -0.9262
vn 0.3001 0.1150 -0.9470
vn 0.3001 0.0000 -0.9539
vn 0.3001 -0.1150 -0.9470
vn 0.3001 -0.2283 -0.9262
vn 0.3001 -0.3383 -0.8919
vn 0.3001 -0.4433 -0.8446
vn 0.3001 -0.5419 -0.7851
vn 0.3001 -0.6326 -0.7140
vn 0.3001 -0.7140 -0.6326
vn 0.3001 -0.7851 -0.5419
vn 0.3001 -0.8446 -0.4433
vn 0.3001 -0.8919 -0.3383
vn 0.3001 -0.9262 -0.2283
vn 0.3001 -0.9470 -0.1150
vn 0.3001 -0.9539 0.0000
vn 0.3001 -0.9470 0.1150
vn 0.3001 -0.9262 0.2283
vn 0.3001 -0.8919 0.3383
vn 0.3001 -0.8446 0.4433
vn 0.3001 -0.7851 0.5419
vn 0.3001 -0.7140 0.6326
vn 0.3001 -0.6326 0.7140
vn 0.3001 -0.5419 0.7851
vn 0.3001 -0.4433 0.8446
vn 0.3001 -0.3383 0.8919
vn 0.3001 -0.2283 0.9262
vn 0.3001 -0.1150 0.9470
vn -0.7593 0.0000 0.6507
vn -0.7593 0.0784 0.6460
vn -0.6878 0.0875 0.7206
vn -0.6878 0.0000 0.7259
vn -0.7593 0.1557 0.6318
vn -0.6878 0.1737 0.7048
vn -0.7593 0.2307 0.6084
vn -0.6878 0.2574 0.6787
vn -0.7593 0.3024 0.5762
vn -0.6878 0.3373 0.6427
vn -0.7593 0.3696 0.5355
vn -0.6878 0.4123 0.5974
vn -0.7593 0.4315 0.4871
vn -0.6878 0.4813 0.5433
vn -0.7593 0.4870 0.4315
vn -0.6878 0.5433 0.4813
vn -0.7593 0.5355 0.3696
vn -0.6878 0.5974 0.4123
vn -0.7593 0.5762 0.3024
vn -0.6878 0.6427 0.3373
vn -0.7593 0.6084 0.2307
vn -0.6878 0.6787 0.2574
vn -0.7593 0.6318 0.1557
vn -0.6878 0.7048 0.1737
vn -0.7593 0.6459 0.0784
vn -0.6878 0.7206 0.0875
vn -0.7593 0.6507 0.0000
vn -0.6878 0.7259 0.0000
vn -0.7593 0.6459 -0.0784
vn -0.6878 0.7206 -0.0875
vn -0.7593 0.6318 -0.1557
vn -0.6878 0.7048 -0.1737
vn -0.7593 0.6084 -0.2307
vn -0.6878 0.6787 -0.2574
vn -0.7593 0.5762 -0.3024
vn -0.6878 0.6427 -0.3373
vn -0.7593 0.5355 -0.3696
vn -0.6878 0.5974 -0.4123
vn -0.7593 0.4871 -0.4315
vn -0.6878 0.5433 -0.4813
vn -0.7593 0.4315 -0.4871
vn -0.6878 0.4813 -0.5433
vn -0.7593 0.3696 -0.5355
vn -0.6878 0.4123 -0.5974
vn -0.7593 0.3024 -0.5762
vn -0.6878 0.3373 -0.6427
vn -0.7593 0.2307 -0.6084
vn -0.6878 0.2574 -0.6787
vn -0.7593 0.1557 -0.6318
vn -0.6878 0.1737 -0.7048
vn -0.7593 0.0784 -0.6460
vn -0.6878 0.0875 -0.7206
vn -0.7593 -0.0000 -0.6507
vn -0.6878 -0.0000 -0.7259
vn -0.7593 -0.0784 -0.6460
vn -0.6878 -0.0875 -0.7206
vn -0.7593 -0.1557 -0.6318
vn -0.6878 -0.1737 -0.7048
vn -0.7593 -0.2307 -0.6084
vn -0.6878 -0.2574 -0.6787
vn -0.7593 -0.3024 -0.5762
vn -0.6878 -0.3373 -0.6427
vn -0.7593 -0.3696 -0.5355
vn -0.6878 -0.4123 -0.5974
vn -0.7593 -0.4315 -0.4871
vn -0.6878 -0.4813 -0.5433
vn -0.7593 -0.4871 -0.4315
vn -0.6878 -0.5433 -0.4813
vn -0.7593 -0.5355 -0.3696
vn -0.6878 -0.5974 -0.4123
vn -0.7593 -0.5762 -0.3024
vn -0.6878 -0.6427 -0.3373
vn -0.7593 -0.6084 -0.2307
vn -0.6878 -0.6787 -0.2574
vn -0.7593 -0.6318 -0.1557
vn -0.6878 -0.7048 -0.1737
vn -0.7593 -0.6460 -0.0784
vn -0.6878 -0.7206 -0.0875
vn -0.7593 -0.6507 0.0000
vn -0.6878 -0.7259 0.0000
vn -0.7593 -0.6460 0.0784
vn -0.6878 -0.7206 0.0875
vn -0.7593 -0.6318 0.1557
vn -0.6878 -0.7048 0.1737
vn -0.7593 -0.6084 0.2307
vn -0.6878 -0.6787 0.2574
vn -0.7593 -0.5762 0.3024
vn -0.6878 -0.6427 0.3373
vn -0.7593 -0.5355 0.3696
vn -0.6878 -0.5974 0.4123
vn -0.7593 -0.4870 0.4315
vn -0.6878 -0.5433 0.4813
vn -0.7593 -0.4315 0.4870
vn -0.6878 -0.4813 0.5433
vn -0.7593 -0.3696 0.5355
vn -0.6878 -0.4123 0.5974
vn -0.7593 -0.3024 0.5762
vn -0.6878 -0.3373 0.6427
vn -0.7593 -0.2307 0.6084
vn -0.6878 -0.2574 0.6787
vn -0.7593 -0.1557 0.6318
vn -0.6878 -0.1737 0.7048
vn -0.7593 -0.0784 0.6459
vn -0.6878 -0.0875 0.7206
vn 0.7470 0.0801 0.6600
vn 0.7470 0.0000 0.6649
vn 0.6740 0.0000 0.7387
vn 0.6740 0.0890 0.7333
vn 0.7470 -0.0801 0.6600
vn 0.6740 -0.0890 0.7333
vn 0.7470 -0.1591 0.6455
vn 0.6740 -0.1768 0.7173
vn 0.7470 -0.2358 0.6217
vn 0.6740 -0.2620 0.6907
vn 0.7470 -0.3090 0.5887
vn 0.6740 -0.3433 0.6541
vn 0.7470 -0.3777 0.5472
vn 0.6740 -0.4196 0.6080
vn 0.7470 -0.4409 0.4977
vn 0.6740 -0.4899 0.5529
vn 0.7470 -0.4977 0.4409
vn 0.6740 -0.5529 0.4899
vn 0.7470 -0.5472 0.3777
vn 0.6740 -0.6080 0.4196
vn 0.7470 -0.5887 0.3090
vn 0.6740 -0.6541 0.3433
vn 0.7470 -0.6217 0.2358
vn 0.6740 -0.6907 0.2620
vn 0.7470 -0.6455 0.1591
vn 0.6740 -0.7173 0.1768
vn 0.7470 -0.6600 0.0801
vn 0.6740 -0.7333 0.0890
vn 0.7470 -0.6649 0.0000
vn 0.6740 -0.7387 0.0000
vn 0.7470 -0.6600 -0.0801
vn 0.6740 -0.7333 -0.0890
vn 0.7470 -0.6455 -0.1591
vn 0.6740 -0.7173 -0.1768
vn 0.7470 -0.6217 -0.2358
vn 0.6740 -0.6907 -0.2620
vn 0.7470 -0.5887 -0.3090
vn 0.6740 -0.6541 -0.3433
vn 0.7470 -0.5472 -0.3777
vn 0.6740 -0.6079 -0.4196
vn 0.7470 -0.4977 -0.4409
vn 0.6740 -0.5529 -0.4899
vn 0.7470 -0.4409 -0.4977
vn 0.6740 -0.4899 -0.5529
vn 0.7470 -0.3777 -0.5472
vn 0.6740 -0.4196 -0.6080
vn 0.7470 -0.3090 -0.5887
vn 0.6740 -0.3433 -0.6541
vn 0.7470 -0.2358 -0.6217
vn 0.6740 -0.2620 -0.6907
vn 0.7470 -0.1591 -0.6455
vn 0.6740 -0.1768 -0.7173
vn 0.7470 -0.0801 -0.6600
vn 0.6740 -0.0890 -0.7333
vn 0.7470 -0.0000 -0.6649
vn 0.6740 -0.0000 -0.7387
vn 0.7470 0.0801 -0.6600
vn 0.6740 0.0890 -0.7333
vn 0.7470 0.1591 -0.6455
vn 0.6740 0.1768 -0.7173
vn 0.7470 0.2358 -0.6217
vn 0.6740 0.2620 -0.6907
vn 0.7470 0.3090 -0.5887
vn 0.6740 0.3433 -0.6541
vn 0.7470 0.3777 -0.5472
vn 0.6740 0.4196 -0.6079
vn 0.7470 0.4409 -0.4977
vn 0.6740 0.4899 -0.5529
vn 0.7470 0.4977 -0.4409
vn 0.6740 0.5529 -0.4899
vn 0.7470 0.5472 -0.3777
vn 0.6740 0.6080 -0.4196
vn 0.7470 0.5887 -0.3090
vn 0.6740 0.6541 -0.3433
vn 0.7470 0.6217 -0.2358
vn 0.6740 0.6907 -0.2620
vn 0.7470 0.6455 -0.1591
vn 0.6740 0.7173 -0.1768
vn 0.7470 0.6600 -0.0801
vn 0.6740 0.7333 -0.0890
vn 0.7470 0.6649 -0.0000
vn 0.6740 0.7387 -0.0000
vn 0.7470 0.6600 0.0801
vn 0.6740 0.7333 0.0890
vn 0.7470 0.6455 0.1591
vn 0.6740 0.7172 0.1768
vn 0.7470 0.6217 0.2358
vn 0.6740 0.6907 0.2620
vn 0.7470 0.5887 0.3090
vn 0.6740 0.6541 0.3433
vn 0.7470 0.5472 0.3777
vn 0.6740 0.6080 0.4196
vn 0.7470 0.4977 0.4409
vn 0.6740 0.5529 0.4899
vn 0.7470 0.4409 0.4977
vn 0.6740 0.4899 0.5529
vn 0.7470 0.3777 0.5472
vn 0.6740 0.4196 0.6080
vn 0.7470 0.3090 0.5887
vn 0.6740 0.3433 0.6541
vn 0.7470 0.2358 0.6217
vn 0.6740 0.2620 0.6907
vn 0.7470 0.1591 0.6455
vn 0.6740 0.1768 0.7173
vn -0.3246 0.0000 0.9458
vn -0.5181 0.0000 0.8553
vn -0.5181 0.1031 0.8491
vn -0.3246 0.1140 0.9390
vn -0.5181 0.2047 0.8305
vn -0.3246 0.2264 0.9184
vn -0.5181 0.3033 0.7997
vn -0.3246 0.3354 0.8844
vn -0.5181 0.3975 0.7574
vn -0.3246 0.4396 0.8375
vn -0.5181 0.4859 0.7039
vn -0.3246 0.5373 0.7784
vn -0.5181 0.5672 0.6402
vn -0.3246 0.6272 0.7080
vn -0.5181 0.6402 0.5672
vn -0.3246 0.7080 0.6272
vn -0.5181 0.7039 0.4859
vn -0.3246 0.7784 0.5373
vn -0.5181 0.7574 0.3975
vn -0.3246 0.8375 0.4396
vn -0.5181 0.7998 0.3033
vn -0.3246 0.8844 0.3354
vn -0.5181 0.8305 0.2047
vn -0.3246 0.9184 0.2264
vn -0.5181 0.8491 0.1031
vn -0.3246 0.9390 0.1140
vn -0.5181 0.8553 0.0000
vn -0.3246 0.9458 0.0000
vn -0.5181 0.8491 -0.1031
vn -0.3246 0.9389 -0.1140
vn -0.5181 0.8305 -0.2047
vn -0.3246 0.9184 -0.2264
vn -0.5181 0.7998 -0.3033
vn -0.3246 0.8844 -0.3354
vn -0.5181 0.7574 -0.3975
vn -0.3246 0.8375 -0.4396
vn -0.5181 0.7039 -0.4859
vn -0.3246 0.7784 -0.5373
vn -0.5181 0.6402 -0.5672
vn -0.3246 0.7080 -0.6272
vn -0.5181 0.5672 -0.6402
vn -0.3246 0.6272 -0.7080
vn -0.5181 0.4859 -0.7039
vn -0.3246 0.5373 -0.7784
vn -0.5181 0.3975 -0.7574
vn -0.3246 0.4396 -0.8375
vn -0.5181 0.3033 -0.7997
vn -0.3246 0.3354 -0.8844
vn -0.5181 0.2047 -0.8305
vn -0.3246 0.2264 -0.9184
vn -0.5181 0.1031 -0.8491
vn -0.3246 0.1140 -0.9390
vn -0.5181 -0.0000 -0.8553
vn -0.3246 -0.0000 -0.9458
vn -0.5181 -0.1031 -0.8491
vn -0.3246 -0.1140 -0.9390
vn -0.5181 -0.2047 -0.8305
vn -0.3246 -0.2264 -0.9184
vn -0.5181 -0.3033 -0.7997
vn -0.3246 -0.3354 -0.8844
vn -0.5181 -0.3975 -0.7574
vn -0.3246 -0.4396 -0.8375
vn -0.5181 -0.4859 -0.7039
vn -0.3246 -0.5373 -0.7784
vn -0.5181 -0.5672 -0.6402
vn -0.3246 -0.6272 -0.7080
vn -0.5181 -0.6402 -0.5672
vn -0.3246 -0.7080 -0.6272
vn -0.5181 -0.7039 -0.4859
vn -0.3246 -0.7784 -0.5373
vn -0.5181 -0.7574 -0.3975
vn -0.3246 -0.8375 -0.4396
vn -0.5181 -0.7997 -0.3033
vn -0.3246 -0.8844 -0.3354
vn -0.5181 -0.8305 -0.2047
vn -0.3246 -0.9184 -0.2264
vn -0.5181 -0.8491 -0.1031
vn -0.3246 -0.9390 -0.1140
vn -0.5181 -0.8553 0.0000
vn -0.3246 -0.9458 0.0000
vn -0.5181 -0.8491 0.1031
vn -0.3246 -0.9390 0.1140
vn -0.5181 -0.8305 0.2047
vn -0.3246 -0.9184 0.2264
vn -0.5181 -0.7998 0.3033
vn -0.3246 -0.8844 0.3354
vn -0.5181 -0.7574 0.3975
vn -0.3246 -0.8375 0.4396
vn -0.5181 -0.7039 0.4859
vn -0.3246 -0.7784 0.5373
vn -0.5181 -0.6402 0.5672
vn -0.3246 -0.7080 0.6272
vn -0.5181 -0.5672 0.6402
vn -0.3246 -0.6272 0.7080
vn -0.5181 -0.4859 0.7039
vn -0.3246 -0.5373 0.7784
vn -0.5181 -0.3975 0.7574
vn -0.3246 -0.4396 0.8375
vn -0.5181 -0.3033 0.7997
vn -0.3246 -0.3354 0.8844
vn -0.5181 -0.2047 0.8305
vn -0.3246 -0.2264 0.9184
vn -0.5181 -0.1031 0.8491
vn -0.3246 -0.1140 0.9390
vn 0.3066 0.1147 0.9449
vn 0.5018 0.1043 0.8587
vn 0.5018 0.0000 0.8650
vn 0.3066 0.0000 0.9518
vn 0.5018 -0.1043 0.8587
vn 0.3066 -0.1147 0.9449
vn 0.5018 -0.2070 0.8398
vn 0.3066 -0.2278 0.9242
vn 0.5018 -0.3067 0.8088
vn 0.3066 -0.3375 0.8900
vn 0.5018 -0.4020 0.7659
vn 0.3066 -0.4423 0.8428
vn 0.5018 -0.4914 0.7119
vn 0.3066 -0.5407 0.7833
vn 0.5018 -0.5736 0.6474
vn 0.3066 -0.6312 0.7125
vn 0.5018 -0.6474 0.5736
vn 0.3066 -0.7125 0.6312
vn 0.5018 -0.7119 0.4914
vn 0.3066 -0.7833 0.5407
vn 0.5018 -0.7659 0.4020
vn 0.3066 -0.8428 0.4423
vn 0.5018 -0.8088 0.3067
vn 0.3066 -0.8900 0.3375
vn 0.5018 -0.8398 0.2070
vn 0.3066 -0.9242 0.2278
vn 0.5018 -0.8587 0.1043
vn 0.3066 -0.9449 0.1147
vn 0.5018 -0.8650 0.0000
vn 0.3066 -0.9518 0.0000
vn 0.5018 -0.8587 -0.1043
vn 0.3066 -0.9449 -0.1147
vn 0.5018 -0.8398 -0.2070
vn 0.3066 -0.9242 -0.2278
vn 0.5018 -0.8088 -0.3067
vn 0.3066 -0.8900 -0.3375
vn 0.5018 -0.7659 -0.4020
vn 0.3066 -0.8428 -0.4423
vn 0.5018 -0.7119 -0.4914
vn 0.3066 -0.7833 -0.5407
vn 0.5018 -0.6474 -0.5736
vn 0.3066 -0.7125 -0.6312
vn 0.5018 -0.5736 -0.6474
vn 0.3066 -0.6312 -0.7125
vn 0.5018 -0.4914 -0.7119
vn 0.3066 -0.5407 -0.7833
vn 0.5018 -0.4020 -0.7659
vn 0.3066 -0.4423 -0.8428
vn 0.5018 -0.3067 -0.8088
vn 0.3066 -0.3375 -0.8900
vn 0.5018 -0.2070 -0.8398
vn 0.3066 -0.2278 -0.9242
vn 0.5018 -0.1043 -0.8587
vn 0.3066 -0.1147 -0.9449
vn 0.5018 -0.0000 -0.8650
vn 0.3066 -0.0000 -0.9518
vn 0.5018 0.1043 -0.8587
vn 0.3066 0.1147 -0.9449
vn 0.5018 0.2070 -0.8398
vn 0.3066 0.2278 -0.9242
vn 0.5018 0.3067 -0.8088
vn 0.3066 0.3375 -0.8900
vn 0.5018 0.4020 -0.7659
vn 0.3066 0.4423 -0.8428
vn 0.5018 0.4914 -0.7119
vn 0.3066 0.5407 -0.7833
vn 0.5018 0.5736 -0.6474
vn 0.3066 0.6312 -0.7125
vn 0.5018 0.6474 -0.5736
vn 0.3066 0.7125 -0.6312
vn 0.5018 0.7119 -0.4914
vn 0.3066 0.7833 -0.5407
vn 0.5018 0.7659 -0.4020
vn 0.3066 0.8428 -0.4423
vn 0.5018 0.8088 -0.3067
vn 0.3066 0.8900 -0.3375
vn 0.5018 0.8398 -0.2070
vn 0.3066 0.9242 -0.2278
vn 0.5018 0.8587 -0.1043
vn 0.3066 0.9449 -0.1147
vn 0.5018 0.8650 -0.0000
vn 0.3066 0.9518 -0.0000
vn 0.5018 0.8587 0.1043
vn 0.3066 0.9449 0.1147
vn 0.5018 0.8398 0.2070
vn 0.3066 0.9242 0.2278
vn 0.5018 0.8088 0.3067
vn 0.3066 0.8900 0.3375
vn 0.5018 0.7659 0.4020
vn 0.3066 0.8428 0.4423
vn 0.5018 0.7119 0.4914
vn 0.3066 0.7833 0.5407
vn 0.5018 0.6474 0.5736
vn 0.3066 0.7125 0.6312
vn 0.5018 0.5736 0.6474
vn 0.3066 0.6312 0.7125
vn 0.5018 0.4914 0.7119
vn 0.3066 0.5407 0.7833
vn 0.5018 0.4020 0.7659
vn 0.3066 0.4423 0.8428
vn 0.5018 0.3067 0.8088
vn 0.3066 0.3375 0.8900
vn 0.5018 0.2070 0.8398
vn 0.3066 0.2278 0.9242
vn 0.0685 0.0000 0.9977
vn 0.0898 0.0000 0.9960
vn 0.0898 0.1200 0.9887
vn 0.0685 0.1203 0.9904
vn 0.0898 0.2383 0.9670
vn 0.0685 0.2388 0.9687
vn 0.0898 0.3532 0.9312
vn 0.0685 0.3538 0.9328
vn 0.0898 0.4628 0.8819
vn 0.0685 0.4636 0.8834
vn 0.0898 0.5658 0.8197
vn 0.0685 0.5667 0.8211
vn 0.0898 0.6604 0.7455
vn 0.0685 0.6616 0.7468
vn 0.0898 0.7455 0.6604
vn 0.0685 0.7468 0.6616
vn 0.0898 0.8197 0.5658
vn 0.0685 0.8211 0.5667
vn 0.0898 0.8819 0.4628
vn 0.0685 0.8834 0.4636
vn 0.0898 0.9312 0.3532
vn 0.0685 0.9328 0.3538
vn 0.0898 0.9670 0.2383
vn 0.0685 0.9687 0.2388
vn 0.0898 0.9887 0.1200
vn 0.0685 0.9904 0.1203
vn 0.0898 0.9960 0.0000
vn 0.0685 0.9977 0.0000
vn 0.0898 0.9887 -0.1200
vn 0.0685 0.9904 -0.1203
vn 0.0898 0.9670 -0.2383
vn 0.0685 0.9687 -0.2388
vn 0.0898 0.9312 -0.3532
vn 0.0685 0.9328 -0.3538
vn 0.0898 0.8819 -0.4628
vn 0.0685 0.8834 -0.4636
vn 0.0898 0.8197 -0.5658
vn 0.0685 0.8211 -0.5667
vn 0.0898 0.7455 -0.6604
vn 0.0685 0.7468 -0.6616
vn 0.0898 0.6604 -0.7455
vn 0.0685 0.6616 -0.7468
vn 0.0898 0.5658 -0.8197
vn 0.0685 0.5667 -0.8211
vn 0.0898 0.4628 -0.8819
vn 0.0685 0.4636 -0.8834
vn 0.0898 0.3532 -0.9312
vn 0.0685 0.3538 -0.9328
vn 0.0898 0.2383 -0.9670
vn 0.0685 0.2388 -0.9687
vn 0.0898 0.1200 -0.9887
vn 0.0685 0.1203 -0.9904
vn 0.0898 -0.0000 -0.9960
vn 0.0685 -0.0000 -0.9977
vn 0.0898 -0.1200 -0.9887
vn 0.0685 -0.1203 -0.9904
vn 0.0898 -0.2383 -0.9670
vn 0.0685 -0.2388 -0.9687
vn 0.0898 -0.3532 -0.9312
vn 0.0685 -0.3538 -0.9328
vn 0.0898 -0.4628 -0.8819
vn 0.0685 -0.4636 -0.8834
vn 0.0898 -0.5658 -0.8197
vn 0.0685 -0.5667 -0.8211
vn 0.0898 -0.6604 -0.7455
vn 0.0685 -0.6616 -0.7468
vn 0.0898 -0.7455 -0.6604
vn 0.0685 -0.7468 -0.6616
vn 0.0898 -0.8197 -0.5658
vn 0.0685 -0.8211 -0.5667
vn 0.0898 -0.8819 -0.4628
vn 0.0685 -0.8834 -0.4636
vn 0.0898 -0.9312 -0.3532
vn 0.0685 -0.9328 -0.3538
vn 0.0898 -0.9670 -0.2383
vn 0.0685 -0.9687 -0.2388
vn 0.0898 -0.9887 -0.1200
vn 0.0685 -0.9904 -0.1203
vn 0.0898 -0.9960 0.0000
vn 0.0685 -0.9977 0.0000
vn 0.0898 -0.9887 0.1201
vn 0.0685 -0.9904 0.1203
vn 0.0898 -0.9670 0.2383
vn 0.0685 -0.9687 0.2388
vn 0.0898 -0.9312 0.3532
vn 0.0685 -0.9328 0.3538
vn 0.0898 -0.8819 0.4628
vn 0.0685 -0.8834 0.4636
vn 0.0898 -0.8197 0.5658
vn 0.0685 -0.8211 0.5667
vn 0.0898 -0.7455 0.6604
vn 0.0685 -0.7468 0.6616
vn 0.0898 -0.6604 0.7455
vn 0.0685 -0.6616 0.7468
vn 0.0898 -0.5658 0.8197
vn 0.0685 -0.5667 0.8211
vn 0.0898 -0.4628 0.8819
vn 0.0685 -0.4636 0.8834
vn 0.0898 -0.3532 0.9312
vn 0.0685 -0.3538 0.9328
vn 0.0898 -0.2383 0.9670
vn 0.0685 -0.2388 0.9687
vn 0.0898 -0.1200 0.9887
vn 0.0685 -0.1203 0.9904
vn 0.1729 0.0000 0.9849
vn 0.2067 0.0000 0.9784
vn 0.2067 0.1179 0.9713
vn 0.1729 0.1187 0.9778
vn 0.2067 0.2341 0.9500
vn 0.1729 0.2357 0.9563
vn 0.2067 0.3469 0.9148
vn 0.1729 0.3493 0.9209
vn 0.2067 0.4547 0.8663
vn 0.1729 0.4577 0.8721
vn 0.2067 0.5558 0.8052
vn 0.1729 0.5595 0.8106
vn 0.2067 0.6488 0.7323
vn 0.1729 0.6531 0.7372
vn 0.2067 0.7323 0.6488
vn 0.1729 0.7372 0.6531
vn 0.2067 0.8052 0.5558
vn 0.1729 0.8106 0.5595
vn 0.2067 0.8663 0.4547
vn 0.1729 0.8721 0.4577
vn 0.2067 0.9148 0.3469
vn 0.1729 0.9209 0.3493
vn 0.2067 0.9500 0.2341
vn 0.1729 0.9563 0.2357
vn 0.2067 0.9713 0.1179
vn 0.1729 0.9778 0.1187
vn 0.2067 0.9784 0.0000
vn 0.1729 0.9849 -0.0000
vn 0.2067 0.9713 -0.1179
vn 0.1729 0.9778 -0.1187
vn 0.2067 0.9500 -0.2341
vn 0.1729 0.9563 -0.2357
vn 0.2067 0.9148 -0.3469
vn 0.1729 0.9209 -0.3493
vn 0.2067 0.8663 -0.4547
vn 0.1729 0.8721 -0.4577
vn 0.2067 0.8052 -0.5558
vn 0.1729 0.8106 -0.5595
vn 0.2067 0.7323 -0.6488
vn 0.1729 0.7372 -0.6531
vn 0.2067 0.6488 -0.7323
vn 0.1729 0.6531 -0.7372
vn 0.2067 0.5558 -0.8052
vn 0.1729 0.5595 -0.8106
vn 0.2067 0.4547 -0.8663
vn 0.1729 0.4577 -0.8721
vn 0.2067 0.3469 -0.9148
vn 0.1729 0.3493 -0.9209
vn 0.2067 0.2341 -0.9500
vn 0.1729 0.2357 -0.9563
vn 0.2067 0.1179 -0.9713
vn 0.1729 0.1187 -0.9778
vn 0.2067 -0.0000 -0.9784
vn 0.1729 -0.0000 -0.9849
vn 0.2067 -0.1179 -0.9713
vn 0.1729 -0.1187 -0.9778
vn 0.2067 -0.2341 -0.9500
vn 0.1729 -0.2357 -0.9563
vn 0.2067 -0.3469 -0.9148
vn 0.1729 -0.3493 -0.9209
vn 0.2067 -0.4547 -0.8663
vn 0.1729 -0.4577 -0.8721
vn 0.2067 -0.5558 -0.8052
vn 0.1729 -0.5595 -0.8106
vn 0.2067 -0.6488 -0.7323
vn 0.1729 -0.6531 -0.7372
vn 0.2067 -0.7323 -0.6488
vn 0.1729 -0.7372 -0.6531
vn 0.2067 -0.8052 -0.5558
vn 0.1729 -0.8106 -0.5595
vn 0.2067 -0.8663 -0.4547
vn 0.1729 -0.8721 -0.4577
vn 0.2067 -0.9148 -0.3469
vn 0.1729 -0.9209 -0.3493
vn 0.2067 -0.9500 -0.2341
vn 0.1729 -0.9563 -0.2357
vn 0.2067 -0.9713 -0.1179
vn 0.1729 -0.9778 -0.1187
vn 0.2067 -0.9784 0.0000
vn 0.1729 -0.9849 0.0000
vn 0.2067 -0.9713 0.1179
vn 0.1729 -0.9778 0.1187
vn 0.2067 -0.9500 0.2341
vn 0.1729 -0.9563 0.2357
vn 0.2067 -0.9148 0.3469
vn 0.1729 -0.9209 0.3493
vn 0.2067 -0.8663 0.4547
vn 0.1729 -0.8721 0.4577
vn 0.2067 -0.8052 0.5558
vn 0.1729 -0.8106 0.5595
vn 0.2067 -0.7323 0.6488
vn 0.1729 -0.7372 0.6531
vn 0.2067 -0.6488 0.7323
vn 0.1729 -0.6531 0.7372
vn 0.2067 -0.5558 0.8052
vn 0.1729 -0.5595 0.8106
vn 0.2067 -0.4547 0.8663
vn 0.1729 -0.4577 0.8721
vn 0.2067 -0.3469 0.9148
vn 0.1729 -0.3493 0.9209
vn 0.2067 -0.2341 0.9500
vn 0.1729 -0.2357 0.9563
vn 0.2067 -0.1179 0.9713
vn 0.1729 -0.1187 0.9778
vn -1.0000 -0.0000 -0.0000
vn -1.0000 0.0000 -0.0000
vn -1.0000 -0.0000 0.0000
vn -1.0000 0.0000 0.0000
vn 0.0000 0.0000 1.0000
vn 0.0000 0.1205 0.9927
vn 0.0000 0.2393 0.9709
vn 0.0000 0.3546 0.9350
vn 0.0000 0.4647 0.8855
vn 0.0000 0.6631 0.7485
vn 0.0000 0.8230 0.5681
vn 0.0000 0.8855 0.4647
vn 0.0000 0.9350 0.3546
vn 0.0000 0.9709 0.2393
vn 0.0000 0.9927 0.1205
vn 0.0000 1.0000 -0.0000
vn 0.0000 -1.0000 0.0000
vn 0.0000 -0.9927 0.1205
vn 0.0000 -0.9709 0.2393
vn 0.0000 -0.9350 0.3546
vn 0.0000 -0.7485 0.6631
vn 0.0000 -0.6631 0.7485
vn 0.0000 -0.5681 0.8230
vn 0.0000 -0.4647 0.8855
vn 0.0000 -0.3546 0.9350
vn 0.0000 -0.2393 0.9709
vn 0.0000 -0.1205 0.9927
vn -1.0000 -0.0001 -0.0000
vn -1.0000 0.0001 0.0000
vn -1.0000 0.0001 -0.0000
vn -0.9823 0.1875 -0.0000
vn -0.9886 0.1503 -0.0000
vn -0.9709 0.2393 -0.0000
vn -0.9918 0.1280 -0.0000
vn -0.9982 0.0604 -0.0000
vn -0.9119 0.4103 -0.0000
vn -0.9350 0.3546 -0.0000
vn -0.8855 0.4647 -0.0000
vn -0.9547 0.2976 -0.0000
vn -0.7873 0.6166 -0.0000
vn -0.8230 0.5681 -0.0000
vn -0.7485 0.6631 -0.0000
vn -0.8557 0.5174 -0.0000
vn -0.6168 0.7871 -0.0000
vn -0.6631 0.7485 -0.0000
vn -0.5681 0.8230 -0.0000
vn -0.7070 0.7072 -0.0000
vn -0.4105 0.9118 -0.0000
vn -0.4647 0.8855 -0.0000
vn -0.3546 0.9350 -0.0000
vn -0.5172 0.8558 -0.0000
vn -0.1804 0.9836 -0.0000
vn -0.2393 0.9709 -0.0000
vn -0.1205 0.9927 -0.0000
vn -0.2974 0.9548 -0.0000
vn 0.0603 0.9982 -0.0000
vn 0.1205 0.9927 -0.0000
vn -0.0603 0.9982 -0.0000
vn 0.2974 0.9548 -0.0000
vn 0.2393 0.9709 -0.0000
vn 0.3546 0.9350 -0.0000
vn 0.1804 0.9836 -0.0000
vn 0.5173 0.8558 -0.0000
vn 0.4647 0.8854 -0.0000
vn 0.5681 0.8230 -0.0000
vn 0.4105 0.9118 -0.0000
vn 0.7070 0.7072 -0.0000
vn 0.6631 0.7485 -0.0000
vn 0.7485 0.6631 -0.0000
vn 0.6168 0.7871 -0.0000
vn 0.8557 0.5175 -0.0000
vn 0.8230 0.5681 -0.0000
vn 0.8854 0.4647 -0.0000
vn 0.7872 0.6166 -0.0000
vn 0.9547 0.2976 -0.0000
vn 0.9350 0.3546 -0.0000
vn 0.9709 0.2393 -0.0000
vn 0.9119 0.4103 -0.0000
vn 0.9978 0.0661 -0.0000
vn 0.9943 0.1065 -0.0000
vn 0.9996 0.0297 -0.0000
vn 0.9849 0.1731 -0.0000
vn 1.0000 0.0038 -0.0000
vn 0.0000 -0.0000 1.0000
vn 0.0000 0.0000 -1.0000
vn -0.7944 0.0000 0.6074
vn -0.8234 0.0000 0.5674
vn -0.0000 1.0000 -0.0000
vn 0.9731 0.0000 0.2302
vn 0.9983 0.0000 0.0580
vn 0.8940 0.0000 0.4481
vn 0.7668 0.0000 0.6419
vn 0.5984 0.0000 0.8012
vn 0.3979 0.0000 0.9174
vn 0.1760 0.0000 0.9844
vn -0.0554 0.0000 0.9985
vn -0.2840 0.0000 0.9588
vn -0.4970 0.0000 0.8677
vn -0.6834 0.0000 0.7301
vn -0.7944 0.0000 -0.6074
vn -0.8234 0.0000 -0.5674
vn 0.9983 0.0000 -0.0580
vn 0.9731 0.0000 -0.2302
vn 0.8940 0.0000 -0.4481
vn 0.7668 0.0000 -0.6419
vn 0.5984 0.0000 -0.8012
vn 0.3979 0.0000 -0.9174
vn 0.1760 0.0000 -0.9844
vn -0.0554 0.0000 -0.9985
vn -0.2840 0.0000 -0.9588
vn -0.4970 0.0000 -0.8677
vn -0.6834 0.0000 -0.7301
vn -0.0000 -1.0000 -0.0000
vn 0.0000 -1.0000 -0.0000
vn 0.9709 0.0000 -0.2393
vn 0.9350 0.0000 -0.3546
vn 0.8855 0.0000 -0.4647
vn 0.8230 0.0000 -0.5681
vn 0.7485 0.0000 -0.6631
vn 0.6631 0.0000 -0.7485
vn 0.5681 0.0000 -0.8230
vn 0.4647 0.0000 -0.8855
vn 0.3546 0.0000 -0.9350
vn 0.2393 0.0000 -0.9709
vn 0.1205 0.0000 -0.9927
vn -0.0000 0.0000 -1.0000
vn -0.1205 0.0000 -0.9927
vn -0.2393 0.0000 -0.9709
vn -0.3546 0.0000 -0.9350
vn -0.4647 0.0000 -0.8855
vn -0.5681 0.0000 -0.8230
vn -0.6631 0.0000 -0.7485
vn -0.7485 0.0000 -0.6631
vn -0.8230 0.0000 -0.5681
vn -0.8855 0.0000 -0.4647
vn -0.9350 0.0000 -0.3546
vn -0.9709 0.0000 -0.2393
vn -0.9927 0.0000 -0.1205
vn -0.9995 0.0000 -0.0302
vn -0.8855 0.0000 0.4647
vn -0.8230 0.0000 0.5681
vn -0.7485 0.0000 0.6631
vn -0.6631 0.0000 0.7485
vn -0.5681 0.0000 0.8230
vn -0.4647 0.0000 0.8855
vn -0.9995 0.0000 0.0302
vn -0.9927 0.0000 0.1205
vn -0.3546 0.0000 0.9350
vn -0.2393 0.0000 0.9709
vn -0.1205 0.0000 0.9927
vn 0.1205 0.0000 0.9927
vn 0.2393 0.0000 0.9709
vn 0.3546 0.0000 0.9350
vn 0.4647 0.0000 0.8855
vn 0.5681 0.0000 0.8230
vn 0.6631 0.0000 0.7485
vn 0.8855 0.0000 0.4647
vn 0.9350 0.0000 0.3546
vn 0.9709 0.0000 0.2393
vn -0.9709 0.0000 0.2393
vn -0.9350 0.0000 0.3546
vn 0.7485 0.0000 0.6631
vn 0.8230 0.0000 0.5681
vn 0.9927 0.0000 -0.1205
vn 0.9995 0.0000 -0.0302
vn 0.9927 0.0000 0.1205
vn 0.9995 0.0000 0.0302
vn 0.8230 -0.0000 0.5681
vn 0.9350 -0.0000 0.3546
vn 0.9927 -0.0000 0.1205
vn 0.9927 -0.0000 -0.1205
vn 0.9350 -0.0000 -0.3546
vn 0.8230 -0.0000 -0.5681
vn 0.2394 0.0000 -0.9709
vn 0.6631 -0.0000 0.7485
vn 0.4647 -0.0000 0.8855
vn 0.2393 -0.0000 0.9710
vn -0.0000 -0.0000 1.0000
vn 0.4647 -0.0000 0.8854
vn -0.2393 -0.0000 0.9710
vn -0.4647 -0.0000 0.8855
vn -0.6631 -0.0000 0.7485
vn -0.8230 -0.0000 0.5680
vn -0.9350 -0.0000 0.3546
vn -0.9927 -0.0000 0.1206
vn -0.2394 0.0000 -0.9709
vn -0.4647 -0.0000 0.8854
vn -0.8230 -0.0000 0.5681
vn -0.9927 0.0000 0.1206
vn -0.4647 0.0000 -0.8854
vn 0.2394 0.0000 0.9709
vn 0.6631 -0.0000 -0.7485
vn 0.4647 -0.0000 -0.8855
vn 0.2393 -0.0000 -0.9710
vn -0.0000 -0.0000 -1.0000
vn 0.4647 -0.0000 -0.8854
vn -0.2393 -0.0000 -0.9710
vn -0.4647 -0.0000 -0.8855
vn -0.6631 -0.0000 -0.7485
vn -0.8230 -0.0000 -0.5680
vn -0.9350 -0.0000 -0.3546
vn -0.9927 -0.0000 -0.1206
vn -0.2394 0.0000 0.9709
vn -0.4647 -0.0000 -0.8854
vn -0.8230 -0.0000 -0.5681
vn -0.9927 0.0000 -0.1206
vn -0.4647 0.0000 0.8854
vn 1.0000 0.0000 0.0000
vn 0.9927 0.1205 0.0000
vn 0.9709 0.2393 0.0000
vn 0.9350 0.3546 0.0000
vn 0.8855 0.4647 0.0000
vn 0.8230 0.5681 0.0000
vn 0.7485 0.6631 0.0000
vn 0.6631 0.7485 0.0000
vn 0.4647 0.8855 -0.0000
vn -0.1205 0.9927 0.0000
vn -0.2393 0.9709 0.0000
vn -0.3546 0.9350 0.0000
vn -0.4647 0.8855 0.0000
vn -0.5681 0.8230 0.0000
vn -0.6631 0.7485 0.0000
vn -0.7485 0.6631 0.0000
vn -0.8230 0.5681 0.0000
vn -0.9927 0.1205 -0.0000
vn -0.9927 -0.1205 -0.0000
vn -0.9709 -0.2393 -0.0000
vn -0.9350 -0.3546 -0.0000
vn -0.8855 -0.4647 -0.0000
vn -0.8230 -0.5681 -0.0000
vn -0.7485 -0.6631 -0.0000
vn -0.6631 -0.7485 -0.0000
vn -0.5681 -0.8230 -0.0000
vn -0.4647 -0.8855 -0.0000
vn -0.3546 -0.9350 -0.0000
vn -0.2393 -0.9709 -0.0000
vn -0.1205 -0.9927 -0.0000
vn 0.1205 -0.9927 -0.0000
vn 0.2393 -0.9709 -0.0000
vn 0.3546 -0.9350 -0.0000
vn 0.4647 -0.8855 -0.0000
vn 0.5681 -0.8230 -0.0000
vn 0.6631 -0.7485 -0.0000
vn 0.7485 -0.6631 -0.0000
vn 0.8230 -0.5681 -0.0000
vn 0.8855 -0.4647 -0.0000
vn 0.9350 -0.3546 -0.0000
vn 0.9709 -0.2393 -0.0000
vn 0.9927 -0.1205 -0.0000
vn 0.5452 0.0000 0.8383
vn 0.5412 0.0657 0.8383
vn 0.5294 0.1305 0.8383
vn 0.5098 0.1933 0.8383
vn 0.4827 0.2534 0.8383
vn 0.4487 0.3097 0.8383
vn 0.4081 0.3615 0.8383
vn 0.3615 0.4081 0.8383
vn 0.3097 0.4487 0.8383
vn 0.2534 0.4828 0.8383
vn 0.2534 0.4827 0.8383
vn 0.1933 0.5098 0.8383
vn 0.1305 0.5294 0.8383
vn 0.0657 0.5412 0.8383
vn -0.0000 0.5452 0.8383
vn -0.0657 0.5412 0.8383
vn -0.1305 0.5294 0.8383
vn -0.1933 0.5098 0.8383
vn -0.2534 0.4827 0.8383
vn -0.3097 0.4487 0.8383
vn -0.3615 0.4081 0.8383
vn -0.4081 0.3615 0.8383
vn -0.4487 0.3097 0.8383
vn -0.4827 0.2534 0.8383
vn -0.5098 0.1933 0.8383
vn -0.5294 0.1305 0.8383
vn -0.5412 0.0657 0.8383
vn -0.5452 -0.0000 0.8383
vn -0.5412 -0.0657 0.8383
vn -0.5294 -0.1305 0.8383
vn -0.5098 -0.1933 0.8383
vn -0.4827 -0.2534 0.8383
vn -0.4487 -0.3097 0.8383
vn -0.4081 -0.3615 0.8383
vn -0.3615 -0.4081 0.8383
vn -0.3097 -0.4487 0.8383
vn -0.2534 -0.4827 0.8383
vn -0.1933 -0.5098 0.8383
vn -0.1305 -0.5294 0.8383
vn -0.0657 -0.5412 0.8383
vn 0.0000 -0.5452 0.8383
vn 0.0657 -0.5412 0.8383
vn 0.1305 -0.5294 0.8383
vn 0.1933 -0.5098 0.8383
vn 0.2534 -0.4827 0.8383
vn 0.3097 -0.4487 0.8383
vn 0.3615 -0.4081 0.8383
vn 0.4081 -0.3615 0.8383
vn 0.4487 -0.3097 0.8383
vn 0.4827 -0.2534 0.8383
vn 0.5098 -0.1933 0.8383
vn 0.5294 -0.1305 0.8383
vn 0.5412 -0.0657 0.8383
vn -0.8301 -0.0000 0.5576
vn -0.8241 -0.1001 0.5576
vn -0.8060 -0.1987 0.5576
vn -0.7762 -0.2944 0.5576
vn -0.7350 -0.3858 0.5576
vn -0.6832 -0.4716 0.5576
vn -0.6213 -0.5505 0.5576
vn -0.5505 -0.6213 0.5576
vn -0.4716 -0.6832 0.5576
vn -0.3858 -0.7350 0.5576
vn -0.2944 -0.7762 0.5576
vn -0.1987 -0.8060 0.5576
vn -0.1001 -0.8241 0.5576
vn -0.0000 -0.8301 0.5576
vn 0.1001 -0.8241 0.5576
vn 0.1987 -0.8060 0.5576
vn 0.2944 -0.7762 0.5576
vn 0.3858 -0.7350 0.5576
vn 0.4716 -0.6832 0.5576
vn 0.5505 -0.6213 0.5576
vn 0.6213 -0.5505 0.5576
vn 0.6832 -0.4716 0.5576
vn 0.7350 -0.3858 0.5576
vn 0.7762 -0.2944 0.5576
vn 0.8060 -0.1987 0.5576
vn 0.8241 -0.1001 0.5576
vn 0.8301 0.0000 0.5576
vn 0.8301 -0.0000 0.5576
vn 0.8241 0.1001 0.5576
vn 0.8060 0.1987 0.5576
vn 0.7762 0.2944 0.5576
vn 0.7350 0.3858 0.5576
vn 0.6832 0.4716 0.5576
vn 0.6213 0.5505 0.5576
vn 0.5505 0.6213 0.5576
vn 0.4716 0.6832 0.5576
vn 0.3858 0.7350 0.5576
vn 0.2944 0.7762 0.5576
vn 0.1987 0.8060 0.5576
vn 0.1001 0.8241 0.5576
vn -0.0000 0.8301 0.5576
vn 0.0000 0.8301 0.5576
vn -0.1001 0.8241 0.5576
vn -0.1987 0.8060 0.5576
vn -0.2944 0.7762 0.5576
vn -0.3858 0.7350 0.5576
vn -0.4716 0.6832 0.5576
vn -0.5505 0.6213 0.5576
vn -0.6213 0.5505 0.5576
vn -0.6832 0.4716 0.5576
vn -0.7350 0.3858 0.5576
vn -0.7762 0.2944 0.5576
vn -0.8060 0.1987 0.5576
vn -0.8241 0.1001 0.5576
vn 0.6700 0.0814 -0.7379
vn 0.6749 0.0000 -0.7379
vn 0.6553 0.1615 -0.7379
vn 0.6311 0.2393 -0.7379
vn 0.5976 0.3136 -0.7379
vn 0.5554 0.3834 -0.7379
vn 0.5052 0.4475 -0.7379
vn 0.4475 0.5052 -0.7379
vn 0.3834 0.5554 -0.7379
vn 0.3136 0.5976 -0.7379
vn 0.2393 0.6311 -0.7379
vn 0.1615 0.6553 -0.7379
vn 0.0814 0.6700 -0.7379
vn 0.0000 0.6749 -0.7379
vn -0.0814 0.6700 -0.7379
vn -0.1615 0.6553 -0.7379
vn -0.2393 0.6311 -0.7379
vn -0.3136 0.5976 -0.7379
vn -0.3834 0.5554 -0.7379
vn -0.4475 0.5052 -0.7379
vn -0.5052 0.4475 -0.7379
vn -0.5554 0.3834 -0.7379
vn -0.5976 0.3136 -0.7379
vn -0.6311 0.2393 -0.7379
vn -0.6553 0.1615 -0.7379
vn -0.6700 0.0814 -0.7379
vn -0.6749 -0.0000 -0.7379
vn -0.6700 -0.0814 -0.7379
vn -0.6553 -0.1615 -0.7379
vn -0.6311 -0.2393 -0.7379
vn -0.5976 -0.3136 -0.7379
vn -0.5554 -0.3834 -0.7379
vn -0.5052 -0.4475 -0.7379
vn -0.4475 -0.5052 -0.7379
vn -0.3834 -0.5554 -0.7379
vn -0.3136 -0.5976 -0.7379
vn -0.2393 -0.6311 -0.7379
vn -0.1615 -0.6553 -0.7379
vn -0.0813 -0.6700 -0.7379
vn 0.0000 -0.6749 -0.7379
vn 0.0814 -0.6700 -0.7379
vn 0.1615 -0.6553 -0.7379
vn 0.2393 -0.6310 -0.7379
vn 0.2393 -0.6311 -0.7379
vn 0.3136 -0.5976 -0.7379
vn 0.3834 -0.5554 -0.7379
vn 0.4475 -0.5052 -0.7379
vn 0.5052 -0.4475 -0.7379
vn 0.5554 -0.3834 -0.7379
vn 0.5976 -0.3136 -0.7379
vn 0.6311 -0.2393 -0.7379
vn 0.6553 -0.1615 -0.7379
vn 0.6700 -0.0814 -0.7379
vn 0.9927 0.1205 -0.0000
vn 1.0000 -0.0000 -0.0000
vn 0.8855 0.4647 -0.0000
vn 0.5681 0.8230 0.0000
vn 0.4647 0.8855 0.0000
vn 0.3546 0.9350 0.0000
vn 1.0000 0.0000 -0.0000
vn 0.1205 0.9927 0.0000
vn -0.0000 1.0000 0.0000
vn -0.9709 -0.2393 0.0000
vn -0.9350 -0.3546 0.0000
vn -0.8855 -0.4647 0.0000
vn -0.8230 -0.5681 0.0000
vn -0.6631 -0.7485 0.0000
vn -0.5681 -0.8230 0.0000
vn -0.4647 -0.8855 0.0000
vn 0.1205 -0.9927 0.0000
vn 0.2393 -0.9709 0.0000
vn 0.3546 -0.9350 0.0000
vn 0.4647 -0.8855 0.0000
vn 0.5681 -0.8230 0.0000
vn 0.6631 -0.7485 0.0000
vn 0.7485 -0.6631 0.0000
vn 0.8230 -0.5681 0.0000
vn 0.8855 -0.4647 0.0000
vn 0.9350 -0.3546 0.0000
vn 0.9709 -0.2393 0.0000
vn 0.9927 -0.1205 0.0000
vn 0.5452 0.0000 -0.8383
vn 0.5412 0.0657 -0.8383
vn 0.5294 0.1305 -0.8383
vn 0.5098 0.1933 -0.8383
vn 0.4827 0.2534 -0.8383
vn 0.4487 0.3097 -0.8383
vn 0.4081 0.3615 -0.8383
vn 0.3615 0.4081 -0.8383
vn 0.3097 0.4487 -0.8383
vn 0.2534 0.4827 -0.8383
vn 0.2534 0.4828 -0.8383
vn 0.1933 0.5098 -0.8383
vn 0.1305 0.5294 -0.8383
vn 0.0657 0.5412 -0.8383
vn -0.0000 0.5452 -0.8383
vn -0.0657 0.5412 -0.8383
vn -0.1305 0.5294 -0.8383
vn -0.1933 0.5098 -0.8383
vn -0.2534 0.4827 -0.8383
vn -0.3097 0.4487 -0.8383
vn -0.3615 0.4081 -0.8383
vn -0.4081 0.3615 -0.8383
vn -0.4487 0.3097 -0.8383
vn -0.4827 0.2534 -0.8383
vn -0.5098 0.1933 -0.8383
vn -0.5294 0.1305 -0.8383
vn -0.5412 0.0657 -0.8383
vn -0.5452 -0.0000 -0.8383
vn -0.5412 -0.0657 -0.8383
vn -0.5294 -0.1305 -0.8383
vn -0.5098 -0.1933 -0.8383
vn -0.4827 -0.2534 -0.8383
vn -0.4487 -0.3097 -0.8383
vn -0.4081 -0.3615 -0.8383
vn -0.3615 -0.4081 -0.8383
vn -0.3097 -0.4487 -0.8383
vn -0.2534 -0.4827 -0.8383
vn -0.1933 -0.5098 -0.8383
vn -0.1305 -0.5294 -0.8383
vn -0.0657 -0.5412 -0.8383
vn 0.0000 -0.5452 -0.8383
vn 0.0657 -0.5412 -0.8383
vn 0.1305 -0.5294 -0.8383
vn 0.1933 -0.5098 -0.8383
vn 0.2534 -0.4827 -0.8383
vn 0.3097 -0.4487 -0.8383
vn 0.3615 -0.4081 -0.8383
vn 0.4081 -0.3615 -0.8383
vn 0.4487 -0.3097 -0.8383
vn 0.4827 -0.2534 -0.8383
vn 0.5098 -0.1933 -0.8383
vn 0.5294 -0.1305 -0.8383
vn 0.5412 -0.0657 -0.8383
vn -0.8301 -0.0000 -0.5576
vn -0.8241 -0.1001 -0.5576
vn -0.8060 -0.1987 -0.5576
vn -0.7762 -0.2944 -0.5576
vn -0.7350 -0.3858 -0.5576
vn -0.6832 -0.4716 -0.5576
vn -0.6213 -0.5505 -0.5576
vn -0.5505 -0.6213 -0.5576
vn -0.4716 -0.6832 -0.5576
vn -0.3858 -0.7350 -0.5576
vn -0.2944 -0.7762 -0.5576
vn -0.1987 -0.8060 -0.5576
vn -0.1001 -0.8241 -0.5576
vn -0.0000 -0.8301 -0.5576
vn 0.1001 -0.8241 -0.5576
vn 0.1987 -0.8060 -0.5576
vn 0.2944 -0.7762 -0.5576
vn 0.3858 -0.7350 -0.5576
vn 0.4716 -0.6832 -0.5576
vn 0.5505 -0.6213 -0.5576
vn 0.6213 -0.5505 -0.5576
vn 0.6832 -0.4716 -0.5576
vn 0.7350 -0.3858 -0.5576
vn 0.7762 -0.2944 -0.5576
vn 0.8060 -0.1987 -0.5576
vn 0.8241 -0.1001 -0.5576
vn 0.8301 -0.0000 -0.5576
vn 0.8301 0.0000 -0.5576
vn 0.8241 0.1001 -0.5576
vn 0.8060 0.1987 -0.5576
vn 0.7762 0.2944 -0.5576
vn 0.7350 0.3858 -0.5576
vn 0.6832 0.4716 -0.5576
vn 0.6213 0.5505 -0.5576
vn 0.5505 0.6213 -0.5576
vn 0.4716 0.6832 -0.5576
vn 0.3858 0.7350 -0.5576
vn 0.2944 0.7762 -0.5576
vn 0.1987 0.8060 -0.5576
vn 0.1001 0.8241 -0.5576
vn 0.0000 0.8301 -0.5576
vn -0.0000 0.8301 -0.5576
vn -0.1001 0.8241 -0.5576
vn -0.1987 0.8060 -0.5576
vn -0.2944 0.7762 -0.5576
vn -0.3858 0.7350 -0.5576
vn -0.4716 0.6832 -0.5576
vn -0.5505 0.6213 -0.5576
vn -0.6213 0.5505 -0.5576
vn -0.6832 0.4716 -0.5576
vn -0.7350 0.3858 -0.5576
vn -0.7762 0.2944 -0.5576
vn -0.8060 0.1987 -0.5576
vn -0.8241 0.1001 -0.5576
vn 0.6700 0.0814 0.7379
vn 0.6749 0.0000 0.7379
vn 0.6553 0.1615 0.7379
vn 0.6311 0.2393 0.7379
vn 0.5976 0.3136 0.7379
vn 0.5554 0.3834 0.7379
vn 0.5052 0.4475 0.7379
vn 0.4475 0.5052 0.7379
vn 0.3834 0.5554 0.7379
vn 0.3136 0.5976 0.7379
vn 0.2393 0.6311 0.7379
vn 0.1615 0.6553 0.7379
vn 0.0814 0.6700 0.7379
vn 0.0000 0.6749 0.7379
vn -0.0814 0.6700 0.7379
vn -0.1615 0.6553 0.7379
vn -0.2393 0.6311 0.7379
vn -0.3136 0.5976 0.7379
vn -0.3834 0.5554 0.7379
vn -0.4475 0.5052 0.7379
vn -0.5052 0.4475 0.7379
vn -0.5554 0.3834 0.7379
vn -0.5976 0.3136 0.7379
vn -0.6311 0.2393 0.7379
vn -0.6553 0.1615 0.7379
vn -0.6700 0.0814 0.7379
vn -0.6749 -0.0000 0.7379
vn -0.6700 -0.0814 0.7379
vn -0.6553 -0.1615 0.7379
vn -0.6311 -0.2393 0.7379
vn -0.5976 -0.3136 0.7379
vn -0.5554 -0.3834 0.7379
vn -0.5052 -0.4475 0.7379
vn -0.4475 -0.5052 0.7379
vn -0.3834 -0.5554 0.7379
vn -0.3136 -0.5976 0.7379
vn -0.2393 -0.6311 0.7379
vn -0.1615 -0.6553 0.7379
vn -0.0813 -0.6700 0.7379
vn 0.0000 -0.6749 0.7379
vn 0.0814 -0.6700 0.7379
vn 0.1615 -0.6553 0.7379
vn 0.2393 -0.6310 0.7379
vn 0.2393 -0.6311 0.7379
vn 0.3136 -0.5976 0.7379
vn 0.3834 -0.5554 0.7379
vn 0.4475 -0.5052 0.7379
vn 0.5052 -0.4475 0.7379
vn 0.5554 -0.3834 0.7379
vn 0.5976 -0.3136 0.7379
vn 0.6311 -0.2393 0.7379
vn 0.6553 -0.1615 0.7379
vn 0.6700 -0.0814 0.7379
vn -0.3546 -0.9350 0.0000
vn -0.2393 -0.9709 0.0000
vn -0.1205 -0.9927 0.0000
vn -0.0000 -0.7947 -0.6070
vn -0.0000 -0.7988 -0.6016
vn 0.0000 0.7988 0.6016
vn 0.0000 0.7947 0.6070
vn -0.0000 -0.8108 -0.5853
vn 0.0000 0.8108 0.5853
vn -0.0000 -0.8302 -0.5574
vn -0.0000 -0.8559 -0.5172
vn 0.0000 0.8559 0.5172
vn 0.0000 0.8302 0.5574
vn -0.0000 -0.8827 -0.4699
vn 0.0000 0.8827 0.4699
vn -0.0000 -0.9069 -0.4213
vn 0.0000 0.9069 0.4213
vn -0.0000 -0.9284 -0.3715
vn -0.0000 -0.9473 -0.3204
vn 0.0000 0.9473 0.3204
vn 0.0000 0.9284 0.3715
vn -0.0000 -0.9623 -0.2722
vn 0.0000 0.9623 0.2722
vn -0.0000 -0.9734 -0.2291
vn 0.0000 0.9734 0.2291
vn 0.0000 -0.9823 -0.1876
vn 0.0000 -0.9898 -0.1425
vn -0.0000 -0.9823 -0.1876
vn -0.0000 0.9898 0.1425
vn 0.0000 0.9823 0.1876
vn -0.0000 0.9823 0.1876
vn 0.0000 -0.9956 -0.0934
vn -0.0000 0.9956 0.0934
vn -0.0000 -0.9989 -0.0470
vn 0.0000 -0.9989 -0.0470
vn -0.0000 0.9989 0.0470
vn 0.0000 0.9989 0.0470
vn 0.0000 -0.9999 -0.0127
vn -0.0000 -0.9999 -0.0127
vn 0.0000 0.9999 0.0127
vn -0.0000 0.7947 -0.6070
vn -0.0000 0.7988 -0.6016
vn 0.0000 -0.7988 0.6016
vn 0.0000 -0.7947 0.6070
vn -0.0000 0.8108 -0.5853
vn 0.0000 -0.8108 0.5853
vn -0.0000 0.8302 -0.5574
vn -0.0000 0.8559 -0.5172
vn 0.0000 -0.8559 0.5172
vn 0.0000 -0.8302 0.5574
vn -0.0000 0.8827 -0.4699
vn 0.0000 -0.8827 0.4699
vn -0.0000 0.9069 -0.4213
vn 0.0000 -0.9069 0.4213
vn -0.0000 0.9284 -0.3715
vn -0.0000 0.9473 -0.3204
vn 0.0000 -0.9473 0.3204
vn 0.0000 -0.9284 0.3715
vn -0.0000 0.9623 -0.2722
vn 0.0000 -0.9623 0.2722
vn -0.0000 0.9734 -0.2291
vn 0.0000 -0.9734 0.2291
vn 0.0000 0.9823 -0.1876
vn 0.0000 0.9898 -0.1425
vn -0.0000 0.9823 -0.1876
vn -0.0000 -0.9898 0.1425
vn 0.0000 -0.9823 0.1876
vn -0.0000 -0.9823 0.1876
vn 0.0000 0.9956 -0.0934
vn -0.0000 -0.9956 0.0934
vn -0.0000 0.9989 -0.0470
vn 0.0000 0.9989 -0.0470
vn -0.0000 -0.9989 0.0470
vn 0.0000 -0.9989 0.0470
vn 0.0000 0.9999 -0.0127
vn -0.0000 0.9999 -0.0127
vn 0.0000 -0.9999 0.0127
vn -0.8192 0.4864 0.3040
vn -0.8192 0.4864 0.3039
vn 0.8192 -0.4864 -0.3040
vn 0.8192 -0.4864 -0.3039
vn 0.0816 -0.4257 0.9012
vn 0.1616 -0.3127 0.9360
vn 0.2383 -0.1934 0.9517
vn 0.2383 -0.1935 0.9517
vn 0.3101 -0.0702 0.9481
vn 0.3756 0.0544 0.9252
vn 0.4335 0.1780 0.8834
vn 0.4825 0.2979 0.8237
vn 0.5217 0.4118 0.7472
vn 0.5217 0.4118 0.7471
vn 0.5503 0.5172 0.6554
vn 0.5677 0.6122 0.5504
vn 0.5734 0.7062 0.4153
vn -0.5734 -0.6829 -0.4526
vn -0.5677 -0.7630 -0.3090
vn -0.5503 -0.8158 -0.1776
vn -0.5217 -0.8520 -0.0426
vn -0.4825 -0.8709 0.0933
vn -0.4335 -0.8720 0.2273
vn -0.3756 -0.8554 0.3566
vn -0.3101 -0.8214 0.4787
vn -0.2383 -0.7706 0.5911
vn -0.1616 -0.7042 0.6914
vn -0.0816 -0.6234 0.7776
vn 0.0000 -0.5299 0.8480
vn 0.5698 0.7511 0.3336
vn -0.5698 -0.6291 -0.5288
vn 0.8192 0.4864 0.3039
vn 0.8192 0.4864 0.3040
vn -0.8192 -0.4864 -0.3039
vn -0.8192 -0.4864 -0.3040
vn -0.0816 0.6234 -0.7776
vn -0.1616 0.7042 -0.6914
vn -0.2383 0.7706 -0.5911
vn -0.3101 0.8214 -0.4787
vn -0.3756 0.8554 -0.3566
vn -0.4335 0.8720 -0.2273
vn -0.4825 0.8709 -0.0933
vn -0.5217 0.8520 0.0426
vn -0.5503 0.8158 0.1776
vn -0.5677 0.7630 0.3090
vn -0.5734 0.6829 0.4526
vn 0.5734 -0.7062 -0.4153
vn 0.5677 -0.6122 -0.5504
vn 0.5503 -0.5172 -0.6554
vn 0.5217 -0.4118 -0.7471
vn 0.5217 -0.4118 -0.7472
vn 0.4825 -0.2979 -0.8237
vn 0.4335 -0.1780 -0.8834
vn 0.3756 -0.0544 -0.9252
vn 0.3101 0.0702 -0.9481
vn 0.2383 0.1935 -0.9517
vn 0.1616 0.3127 -0.9360
vn 0.0816 0.4257 -0.9012
vn -0.0000 0.5299 -0.8480
vn 0.0000 0.5299 -0.8480
vn -0.5698 0.6291 0.5288
vn 0.5698 -0.7511 -0.3336
vn 0.9849 0.0000 -0.1731
vn 0.9964 0.0000 -0.0848
vn 0.7347 0.0000 -0.6784
vn 0.7651 0.0000 -0.6439
vn 0.8541 0.0000 -0.5201
vn 0.8813 0.0000 -0.4726
vn 0.9028 0.0000 -0.4301
vn 0.9250 0.0000 -0.3801
vn 0.9510 0.0000 -0.3093
vn 0.9964 0.0000 0.0848
vn 0.9849 0.0000 0.1731
vn 0.9694 0.0000 0.2454
vn 0.9510 0.0000 0.3093
vn 0.6404 0.0000 0.7681
vn 0.6175 0.0000 0.7865
vn 0.6690 0.0000 0.7433
vn 0.7026 0.0000 0.7116
vn 0.8254 0.0000 0.5645
vn 0.7955 0.0000 0.6060
vn 0.9694 0.0000 -0.2454
vn 0.6175 0.0000 -0.7865
vn 0.6059 0.0000 -0.7955
vn 0.6404 0.0000 -0.7681
vn 0.6690 0.0000 -0.7433
vn 0.7026 0.0000 -0.7116
vn 0.7955 0.0000 -0.6060
vn 0.8254 0.0000 -0.5645
vn 0.6059 0.0000 0.7955
vn 0.7347 0.0000 0.6784
vn 0.7651 0.0000 0.6439
vn 0.8541 0.0000 0.5201
vn 0.8813 0.0000 0.4726
vn 0.9028 0.0000 0.4301
vn 0.9250 0.0000 0.3801
# 2694 vertex normals

vt 0.3226 0.7733 0.0000
vt 0.3226 0.7827 0.0000
vt 0.0955 0.7819 0.0000
vt 0.0955 0.7724 0.0000
vt 0.3226 0.7921 0.0000
vt 0.0955 0.7913 0.0000
vt 0.3226 0.8015 0.0000
vt 0.0955 0.8007 0.0000
vt 0.3226 0.8109 0.0000
vt 0.0954 0.8102 0.0000
vt 0.3226 0.8203 0.0000
vt 0.0954 0.8196 0.0000
vt 0.3226 0.8297 0.0000
vt 0.0953 0.8291 0.0000
vt 0.3226 0.8390 0.0000
vt 0.0952 0.8386 0.0000
vt 0.3226 0.8485 0.0000
vt 0.0950 0.8481 0.0000
vt 0.3225 0.8580 0.0000
vt 0.0949 0.8576 0.0000
vt 0.3225 0.8675 0.0000
vt 0.0947 0.8672 0.0000
vt 0.3225 0.8771 0.0000
vt 0.0945 0.8767 0.0000
vt 0.3226 0.8867 0.0000
vt 0.0943 0.8863 0.0000
vt 0.3227 0.8964 0.0000
vt 0.0941 0.8960 0.0000
vt 0.9603 0.3256 0.0000
vt 0.9507 0.3253 0.0000
vt 0.9506 0.0965 0.0000
vt 0.9603 0.0964 0.0000
vt 0.9410 0.3250 0.0000
vt 0.9410 0.0964 0.0000
vt 0.9315 0.3247 0.0000
vt 0.9315 0.0964 0.0000
vt 0.9219 0.3244 0.0000
vt 0.9219 0.0963 0.0000
vt 0.9124 0.3242 0.0000
vt 0.9124 0.0962 0.0000
vt 0.9028 0.3240 0.0000
vt 0.9030 0.0961 0.0000
vt 0.8932 0.3238 0.0000
vt 0.8936 0.0960 0.0000
vt 0.8837 0.3236 0.0000
vt 0.8841 0.0959 0.0000
vt 0.8742 0.3235 0.0000
vt 0.8747 0.0958 0.0000
vt 0.8647 0.3234 0.0000
vt 0.8653 0.0958 0.0000
vt 0.8552 0.3233 0.0000
vt 0.8559 0.0957 0.0000
vt 0.8458 0.3233 0.0000
vt 0.8465 0.0957 0.0000
vt 0.8364 0.3233 0.0000
vt 0.8370 0.0957 0.0000
vt 0.8270 0.3233 0.0000
vt 0.8276 0.0957 0.0000
vt 0.8176 0.3233 0.0000
vt 0.8182 0.0957 0.0000
vt 0.8082 0.3233 0.0000
vt 0.8087 0.0957 0.0000
vt 0.7988 0.3234 0.0000
vt 0.7993 0.0957 0.0000
vt 0.7894 0.3234 0.0000
vt 0.7898 0.0957 0.0000
vt 0.7801 0.3235 0.0000
vt 0.7802 0.0957 0.0000
vt 0.7706 0.3236 0.0000
vt 0.7707 0.0957 0.0000
vt 0.7612 0.3237 0.0000
vt 0.7612 0.0957 0.0000
vt 0.7516 0.3237 0.0000
vt 0.7517 0.0956 0.0000
vt 0.7421 0.3238 0.0000
vt 0.7422 0.0955 0.0000
vt 0.7325 0.3240 0.0000
vt 0.7326 0.0955 0.0000
vt 0.7229 0.3241 0.0000
vt 0.7230 0.0953 0.0000
vt 0.7132 0.3242 0.0000
vt 0.7133 0.0952 0.0000
vt 0.3242 0.6496 0.0000
vt 0.3240 0.6593 0.0000
vt 0.0957 0.6590 0.0000
vt 0.0956 0.6494 0.0000
vt 0.3238 0.6689 0.0000
vt 0.0957 0.6686 0.0000
vt 0.3236 0.6784 0.0000
vt 0.0957 0.6781 0.0000
vt 0.3234 0.6880 0.0000
vt 0.0957 0.6877 0.0000
vt 0.3233 0.6975 0.0000
vt 0.0957 0.6972 0.0000
vt 0.3231 0.7071 0.0000
vt 0.0957 0.7066 0.0000
vt 0.3230 0.7166 0.0000
vt 0.0957 0.7160 0.0000
vt 0.3229 0.7261 0.0000
vt 0.0957 0.7254 0.0000
vt 0.3228 0.7356 0.0000
vt 0.0956 0.7348 0.0000
vt 0.3228 0.7451 0.0000
vt 0.0956 0.7442 0.0000
vt 0.3227 0.7545 0.0000
vt 0.0956 0.7536 0.0000
vt 0.3227 0.7639 0.0000
vt 0.0956 0.7630 0.0000
vt 0.0936 0.7724 0.0000
vt 0.0935 0.7818 0.0000
vt 0.0929 0.7818 0.0000
vt 0.0930 0.7724 0.0000
vt 0.0935 0.7912 0.0000
vt 0.0928 0.7911 0.0000
vt 0.0934 0.8006 0.0000
vt 0.0927 0.8005 0.0000
vt 0.0932 0.8100 0.0000
vt 0.0925 0.8099 0.0000
vt 0.0929 0.8194 0.0000
vt 0.0922 0.8193 0.0000
vt 0.0926 0.8288 0.0000
vt 0.0917 0.8287 0.0000
vt 0.0921 0.8383 0.0000
vt 0.0911 0.8381 0.0000
vt 0.0914 0.8477 0.0000
vt 0.0903 0.8476 0.0000
vt 0.0905 0.8571 0.0000
vt 0.0892 0.8570 0.0000
vt 0.0897 0.8666 0.0000
vt 0.0883 0.8664 0.0000
vt 0.0886 0.8760 0.0000
vt 0.0870 0.8758 0.0000
vt 0.0874 0.8854 0.0000
vt 0.0855 0.8851 0.0000
vt 0.0863 0.8948 0.0000
vt 0.0842 0.8945 0.0000
vt 0.9596 0.0886 0.0000
vt 0.9502 0.0894 0.0000
vt 0.9500 0.0875 0.0000
vt 0.9594 0.0865 0.0000
vt 0.9407 0.0903 0.0000
vt 0.9406 0.0886 0.0000
vt 0.9313 0.0911 0.0000
vt 0.9311 0.0896 0.0000
vt 0.9218 0.0917 0.0000
vt 0.9217 0.0904 0.0000
vt 0.9124 0.0924 0.0000
vt 0.9123 0.0913 0.0000
vt 0.9029 0.0928 0.0000
vt 0.9028 0.0918 0.0000
vt 0.8935 0.0931 0.0000
vt 0.8934 0.0922 0.0000
vt 0.8841 0.0933 0.0000
vt 0.8840 0.0925 0.0000
vt 0.8747 0.0935 0.0000
vt 0.8746 0.0928 0.0000
vt 0.8653 0.0936 0.0000
vt 0.8652 0.0929 0.0000
vt 0.8559 0.0937 0.0000
vt 0.8558 0.0930 0.0000
vt 0.8465 0.0937 0.0000
vt 0.8465 0.0931 0.0000
vt 0.8371 0.0937 0.0000
vt 0.8371 0.0931 0.0000
vt 0.8277 0.0937 0.0000
vt 0.8277 0.0931 0.0000
vt 0.8183 0.0937 0.0000
vt 0.8183 0.0931 0.0000
vt 0.8089 0.0936 0.0000
vt 0.8089 0.0930 0.0000
vt 0.7994 0.0935 0.0000
vt 0.7995 0.0928 0.0000
vt 0.7900 0.0933 0.0000
vt 0.7901 0.0926 0.0000
vt 0.7806 0.0930 0.0000
vt 0.7807 0.0922 0.0000
vt 0.7711 0.0927 0.0000
vt 0.7712 0.0918 0.0000
vt 0.7616 0.0921 0.0000
vt 0.7618 0.0911 0.0000
vt 0.7522 0.0913 0.0000
vt 0.7524 0.0900 0.0000
vt 0.7427 0.0906 0.0000
vt 0.7429 0.0892 0.0000
vt 0.7332 0.0897 0.0000
vt 0.7335 0.0881 0.0000
vt 0.7238 0.0885 0.0000
vt 0.7241 0.0866 0.0000
vt 0.7144 0.0876 0.0000
vt 0.7147 0.0855 0.0000
vt 0.0877 0.6502 0.0000
vt 0.0886 0.6596 0.0000
vt 0.0866 0.6598 0.0000
vt 0.0855 0.6504 0.0000
vt 0.0896 0.6690 0.0000
vt 0.0879 0.6692 0.0000
vt 0.0904 0.6784 0.0000
vt 0.0890 0.6786 0.0000
vt 0.0911 0.6878 0.0000
vt 0.0898 0.6880 0.0000
vt 0.0919 0.6973 0.0000
vt 0.0908 0.6974 0.0000
vt 0.0924 0.7067 0.0000
vt 0.0915 0.7068 0.0000
vt 0.0928 0.7161 0.0000
vt 0.0920 0.7162 0.0000
vt 0.0931 0.7255 0.0000
vt 0.0923 0.7256 0.0000
vt 0.0933 0.7349 0.0000
vt 0.0926 0.7349 0.0000
vt 0.0934 0.7443 0.0000
vt 0.0928 0.7443 0.0000
vt 0.0935 0.7537 0.0000
vt 0.0929 0.7537 0.0000
vt 0.0936 0.7630 0.0000
vt 0.0929 0.7630 0.0000
vt 0.0909 0.7723 0.0000
vt 0.0909 0.7816 0.0000
vt 0.0859 0.7814 0.0000
vt 0.0860 0.7723 0.0000
vt 0.0908 0.7908 0.0000
vt 0.0858 0.7905 0.0000
vt 0.0905 0.8000 0.0000
vt 0.0855 0.7997 0.0000
vt 0.0901 0.8093 0.0000
vt 0.0851 0.8088 0.0000
vt 0.0896 0.8186 0.0000
vt 0.0845 0.8180 0.0000
vt 0.0888 0.8280 0.0000
vt 0.0837 0.8272 0.0000
vt 0.0878 0.8373 0.0000
vt 0.0825 0.8364 0.0000
vt 0.0864 0.8467 0.0000
vt 0.0811 0.8456 0.0000
vt 0.0848 0.8560 0.0000
vt 0.0793 0.8547 0.0000
vt 0.0828 0.8653 0.0000
vt 0.0772 0.8639 0.0000
vt 0.0806 0.8746 0.0000
vt 0.0747 0.8730 0.0000
vt 0.0781 0.8838 0.0000
vt 0.0720 0.8822 0.0000
vt 0.0757 0.8932 0.0000
vt 0.0691 0.8913 0.0000
vt 0.9584 0.0778 0.0000
vt 0.9490 0.0799 0.0000
vt 0.9475 0.0737 0.0000
vt 0.9567 0.0711 0.0000
vt 0.9396 0.0822 0.0000
vt 0.9382 0.0762 0.0000
vt 0.9303 0.0841 0.0000
vt 0.9290 0.0784 0.0000
vt 0.9209 0.0858 0.0000
vt 0.9198 0.0803 0.0000
vt 0.9115 0.0873 0.0000
vt 0.9106 0.0819 0.0000
vt 0.9022 0.0884 0.0000
vt 0.9013 0.0831 0.0000
vt 0.8928 0.0893 0.0000
vt 0.8921 0.0841 0.0000
vt 0.8835 0.0899 0.0000
vt 0.8829 0.0848 0.0000
vt 0.8742 0.0904 0.0000
vt 0.8737 0.0853 0.0000
vt 0.8649 0.0907 0.0000
vt 0.8646 0.0857 0.0000
vt 0.8556 0.0910 0.0000
vt 0.8554 0.0860 0.0000
vt 0.8464 0.0911 0.0000
vt 0.8463 0.0861 0.0000
vt 0.8372 0.0912 0.0000
vt 0.8372 0.0862 0.0000
vt 0.8279 0.0911 0.0000
vt 0.8281 0.0862 0.0000
vt 0.8187 0.0910 0.0000
vt 0.8189 0.0861 0.0000
vt 0.8094 0.0908 0.0000
vt 0.8098 0.0858 0.0000
vt 0.8001 0.0905 0.0000
vt 0.8006 0.0855 0.0000
vt 0.7908 0.0900 0.0000
vt 0.7914 0.0850 0.0000
vt 0.7814 0.0894 0.0000
vt 0.7822 0.0842 0.0000
vt 0.7721 0.0885 0.0000
vt 0.7730 0.0832 0.0000
vt 0.7627 0.0873 0.0000
vt 0.7637 0.0819 0.0000
vt 0.7533 0.0857 0.0000
vt 0.7545 0.0802 0.0000
vt 0.7439 0.0839 0.0000
vt 0.7453 0.0783 0.0000
vt 0.7346 0.0818 0.0000
vt 0.7361 0.0759 0.0000
vt 0.7253 0.0794 0.0000
vt 0.7269 0.0733 0.0000
vt 0.7159 0.0771 0.0000
vt 0.7177 0.0705 0.0000
vt 0.0768 0.6515 0.0000
vt 0.0790 0.6609 0.0000
vt 0.0728 0.6624 0.0000
vt 0.0701 0.6532 0.0000
vt 0.0813 0.6702 0.0000
vt 0.0754 0.6716 0.0000
vt 0.0834 0.6795 0.0000
vt 0.0777 0.6808 0.0000
vt 0.0852 0.6888 0.0000
vt 0.0797 0.6899 0.0000
vt 0.0868 0.6981 0.0000
vt 0.0814 0.6991 0.0000
vt 0.0880 0.7074 0.0000
vt 0.0827 0.7083 0.0000
vt 0.0889 0.7168 0.0000
vt 0.0838 0.7175 0.0000
vt 0.0896 0.7261 0.0000
vt 0.0845 0.7267 0.0000
vt 0.0902 0.7354 0.0000
vt 0.0851 0.7359 0.0000
vt 0.0905 0.7446 0.0000
vt 0.0855 0.7450 0.0000
vt 0.0908 0.7539 0.0000
vt 0.0858 0.7541 0.0000
vt 0.0909 0.7631 0.0000
vt 0.0859 0.7632 0.0000
vt 0.0809 0.7723 0.0000
vt 0.0809 0.7812 0.0000
vt 0.0761 0.7811 0.0000
vt 0.0761 0.7723 0.0000
vt 0.0807 0.7902 0.0000
vt 0.0759 0.7899 0.0000
vt 0.0804 0.7992 0.0000
vt 0.0756 0.7987 0.0000
vt 0.0800 0.8082 0.0000
vt 0.0751 0.8075 0.0000
vt 0.0793 0.8172 0.0000
vt 0.0744 0.8164 0.0000
vt 0.0785 0.8262 0.0000
vt 0.0735 0.8252 0.0000
vt 0.0773 0.8353 0.0000
vt 0.0723 0.8341 0.0000
vt 0.0758 0.8443 0.0000
vt 0.0707 0.8430 0.0000
vt 0.0739 0.8533 0.0000
vt 0.0687 0.8518 0.0000
vt 0.0716 0.8623 0.0000
vt 0.0663 0.8606 0.0000
vt 0.0689 0.8713 0.0000
vt 0.0634 0.8693 0.0000
vt 0.0659 0.8802 0.0000
vt 0.0601 0.8780 0.0000
vt 0.0626 0.8891 0.0000
vt 0.0564 0.8866 0.0000
vt 0.9547 0.0644 0.0000
vt 0.9456 0.0675 0.0000
vt 0.9435 0.0616 0.0000
vt 0.9523 0.0581 0.0000
vt 0.9366 0.0703 0.0000
vt 0.9348 0.0647 0.0000
vt 0.9276 0.0727 0.0000
vt 0.9259 0.0673 0.0000
vt 0.9185 0.0748 0.0000
vt 0.9171 0.0695 0.0000
vt 0.9094 0.0765 0.0000
vt 0.9082 0.0713 0.0000
vt 0.9003 0.0778 0.0000
vt 0.8993 0.0728 0.0000
vt 0.8913 0.0789 0.0000
vt 0.8904 0.0739 0.0000
vt 0.8822 0.0796 0.0000
vt 0.8815 0.0747 0.0000
vt 0.8732 0.0802 0.0000
vt 0.8726 0.0753 0.0000
vt 0.8642 0.0806 0.0000
vt 0.8637 0.0758 0.0000
vt 0.8552 0.0809 0.0000
vt 0.8549 0.0761 0.0000
vt 0.8462 0.0811 0.0000
vt 0.8461 0.0762 0.0000
vt 0.8372 0.0812 0.0000
vt 0.8372 0.0763 0.0000
vt 0.8282 0.0811 0.0000
vt 0.8284 0.0763 0.0000
vt 0.8192 0.0810 0.0000
vt 0.8195 0.0762 0.0000
vt 0.8102 0.0808 0.0000
vt 0.8107 0.0759 0.0000
vt 0.8012 0.0804 0.0000
vt 0.8018 0.0755 0.0000
vt 0.7922 0.0798 0.0000
vt 0.7929 0.0749 0.0000
vt 0.7831 0.0790 0.0000
vt 0.7840 0.0741 0.0000
vt 0.7740 0.0780 0.0000
vt 0.7751 0.0730 0.0000
vt 0.7649 0.0766 0.0000
vt 0.7662 0.0715 0.0000
vt 0.7559 0.0748 0.0000
vt 0.7573 0.0696 0.0000
vt 0.7468 0.0726 0.0000
vt 0.7485 0.0673 0.0000
vt 0.7378 0.0701 0.0000
vt 0.7397 0.0646 0.0000
vt 0.7288 0.0672 0.0000
vt 0.7310 0.0614 0.0000
vt 0.7198 0.0640 0.0000
vt 0.7223 0.0578 0.0000
vt 0.0635 0.6553 0.0000
vt 0.0666 0.6643 0.0000
vt 0.0607 0.6664 0.0000
vt 0.0572 0.6578 0.0000
vt 0.0695 0.6733 0.0000
vt 0.0639 0.6752 0.0000
vt 0.0720 0.6823 0.0000
vt 0.0666 0.6839 0.0000
vt 0.0742 0.6913 0.0000
vt 0.0690 0.6927 0.0000
vt 0.0760 0.7003 0.0000
vt 0.0709 0.7016 0.0000
vt 0.0774 0.7093 0.0000
vt 0.0724 0.7104 0.0000
vt 0.0785 0.7184 0.0000
vt 0.0736 0.7193 0.0000
vt 0.0794 0.7274 0.0000
vt 0.0745 0.7282 0.0000
vt 0.0800 0.7364 0.0000
vt 0.0751 0.7370 0.0000
vt 0.0804 0.7454 0.0000
vt 0.0756 0.7458 0.0000
vt 0.0807 0.7544 0.0000
vt 0.0759 0.7547 0.0000
vt 0.0809 0.7633 0.0000
vt 0.0760 0.7635 0.0000
vt 0.0710 0.7722 0.0000
vt 0.0710 0.7809 0.0000
vt 0.0657 0.7807 0.0000
vt 0.0658 0.7722 0.0000
vt 0.0708 0.7895 0.0000
vt 0.0656 0.7891 0.0000
vt 0.0705 0.7981 0.0000
vt 0.0652 0.7975 0.0000
vt 0.0700 0.8068 0.0000
vt 0.0647 0.8060 0.0000
vt 0.0693 0.8155 0.0000
vt 0.0640 0.8144 0.0000
vt 0.0683 0.8241 0.0000
vt 0.0631 0.8229 0.0000
vt 0.0671 0.8328 0.0000
vt 0.0618 0.8313 0.0000
vt 0.0654 0.8414 0.0000
vt 0.0601 0.8397 0.0000
vt 0.0634 0.8500 0.0000
vt 0.0580 0.8480 0.0000
vt 0.0608 0.8586 0.0000
vt 0.0554 0.8563 0.0000
vt 0.0578 0.8670 0.0000
vt 0.0523 0.8644 0.0000
vt 0.0543 0.8754 0.0000
vt 0.0485 0.8724 0.0000
vt 0.0502 0.8836 0.0000
vt 0.0442 0.8802 0.0000
vt 0.9494 0.0517 0.0000
vt 0.9410 0.0556 0.0000
vt 0.9382 0.0498 0.0000
vt 0.9460 0.0456 0.0000
vt 0.9326 0.0590 0.0000
vt 0.9301 0.0533 0.0000
vt 0.9240 0.0618 0.0000
vt 0.9219 0.0563 0.0000
vt 0.9154 0.0641 0.0000
vt 0.9135 0.0587 0.0000
vt 0.9067 0.0660 0.0000
vt 0.9051 0.0607 0.0000
vt 0.8980 0.0675 0.0000
vt 0.8966 0.0622 0.0000
vt 0.8893 0.0687 0.0000
vt 0.8881 0.0634 0.0000
vt 0.8806 0.0695 0.0000
vt 0.8796 0.0642 0.0000
vt 0.8719 0.0702 0.0000
vt 0.8712 0.0649 0.0000
vt 0.8632 0.0706 0.0000
vt 0.8627 0.0654 0.0000
vt 0.8546 0.0709 0.0000
vt 0.8542 0.0657 0.0000
vt 0.8459 0.0711 0.0000
vt 0.8457 0.0659 0.0000
vt 0.8372 0.0712 0.0000
vt 0.8372 0.0660 0.0000
vt 0.8286 0.0712 0.0000
vt 0.8288 0.0659 0.0000
vt 0.8199 0.0710 0.0000
vt 0.8203 0.0658 0.0000
vt 0.8112 0.0708 0.0000
vt 0.8118 0.0655 0.0000
vt 0.8025 0.0704 0.0000
vt 0.8033 0.0651 0.0000
vt 0.7938 0.0697 0.0000
vt 0.7948 0.0645 0.0000
vt 0.7851 0.0689 0.0000
vt 0.7863 0.0636 0.0000
vt 0.7764 0.0677 0.0000
vt 0.7778 0.0624 0.0000
vt 0.7677 0.0662 0.0000
vt 0.7694 0.0609 0.0000
vt 0.7591 0.0643 0.0000
vt 0.7610 0.0589 0.0000
vt 0.7505 0.0619 0.0000
vt 0.7527 0.0564 0.0000
vt 0.7419 0.0590 0.0000
vt 0.7444 0.0534 0.0000
vt 0.7335 0.0555 0.0000
vt 0.7364 0.0498 0.0000
vt 0.7252 0.0516 0.0000
vt 0.7286 0.0455 0.0000
vt 0.0508 0.6607 0.0000
vt 0.0548 0.6690 0.0000
vt 0.0490 0.6719 0.0000
vt 0.0447 0.6641 0.0000
vt 0.0582 0.6774 0.0000
vt 0.0526 0.6799 0.0000
vt 0.0611 0.6859 0.0000
vt 0.0557 0.6881 0.0000
vt 0.0636 0.6945 0.0000
vt 0.0582 0.6964 0.0000
vt 0.0656 0.7031 0.0000
vt 0.0602 0.7047 0.0000
vt 0.0671 0.7117 0.0000
vt 0.0618 0.7132 0.0000
vt 0.0684 0.7204 0.0000
vt 0.0631 0.7216 0.0000
vt 0.0693 0.7290 0.0000
vt 0.0640 0.7300 0.0000
vt 0.0700 0.7377 0.0000
vt 0.0647 0.7385 0.0000
vt 0.0704 0.7464 0.0000
vt 0.0652 0.7469 0.0000
vt 0.0708 0.7550 0.0000
vt 0.0655 0.7554 0.0000
vt 0.0709 0.7636 0.0000
vt 0.0657 0.7638 0.0000
vt 0.0606 0.7722 0.0000
vt 0.0605 0.7804 0.0000
vt 0.0547 0.7802 0.0000
vt 0.0547 0.7722 0.0000
vt 0.0603 0.7887 0.0000
vt 0.0545 0.7882 0.0000
vt 0.0600 0.7969 0.0000
vt 0.0542 0.7962 0.0000
vt 0.0595 0.8051 0.0000
vt 0.0537 0.8041 0.0000
vt 0.0588 0.8133 0.0000
vt 0.0530 0.8121 0.0000
vt 0.0579 0.8215 0.0000
vt 0.0521 0.8200 0.0000
vt 0.0566 0.8297 0.0000
vt 0.0508 0.8279 0.0000
vt 0.0549 0.8378 0.0000
vt 0.0492 0.8357 0.0000
vt 0.0528 0.8459 0.0000
vt 0.0471 0.8434 0.0000
vt 0.0502 0.8539 0.0000
vt 0.0445 0.8510 0.0000
vt 0.0469 0.8616 0.0000
vt 0.0413 0.8584 0.0000
vt 0.0431 0.8692 0.0000
vt 0.0374 0.8654 0.0000
vt 0.0385 0.8764 0.0000
vt 0.0327 0.8721 0.0000
vt 0.9424 0.0397 0.0000
vt 0.9350 0.0442 0.0000
vt 0.9314 0.0384 0.0000
vt 0.9381 0.0338 0.0000
vt 0.9274 0.0479 0.0000
vt 0.9242 0.0421 0.0000
vt 0.9195 0.0510 0.0000
vt 0.9167 0.0452 0.0000
vt 0.9115 0.0534 0.0000
vt 0.9090 0.0477 0.0000
vt 0.9033 0.0554 0.0000
vt 0.9012 0.0496 0.0000
vt 0.8951 0.0569 0.0000
vt 0.8933 0.0511 0.0000
vt 0.8869 0.0581 0.0000
vt 0.8854 0.0523 0.0000
vt 0.8786 0.0590 0.0000
vt 0.8774 0.0532 0.0000
vt 0.8703 0.0597 0.0000
vt 0.8694 0.0538 0.0000
vt 0.8621 0.0601 0.0000
vt 0.8614 0.0543 0.0000
vt 0.8538 0.0605 0.0000
vt 0.8533 0.0546 0.0000
vt 0.8455 0.0607 0.0000
vt 0.8453 0.0548 0.0000
vt 0.8372 0.0607 0.0000
vt 0.8372 0.0549 0.0000
vt 0.8290 0.0607 0.0000
vt 0.8292 0.0549 0.0000
vt 0.8207 0.0606 0.0000
vt 0.8212 0.0547 0.0000
vt 0.8124 0.0603 0.0000
vt 0.8131 0.0545 0.0000
vt 0.8041 0.0599 0.0000
vt 0.8051 0.0540 0.0000
vt 0.7959 0.0593 0.0000
vt 0.7971 0.0534 0.0000
vt 0.7876 0.0584 0.0000
vt 0.7891 0.0526 0.0000
vt 0.7794 0.0572 0.0000
vt 0.7812 0.0514 0.0000
vt 0.7712 0.0557 0.0000
vt 0.7733 0.0499 0.0000
vt 0.7631 0.0537 0.0000
vt 0.7655 0.0479 0.0000
vt 0.7550 0.0511 0.0000
vt 0.7578 0.0454 0.0000
vt 0.7472 0.0480 0.0000
vt 0.7504 0.0423 0.0000
vt 0.7395 0.0443 0.0000
vt 0.7432 0.0385 0.0000
vt 0.7322 0.0398 0.0000
vt 0.7365 0.0339 0.0000
vt 0.0389 0.6678 0.0000
vt 0.0434 0.6751 0.0000
vt 0.0377 0.6788 0.0000
vt 0.0331 0.6721 0.0000
vt 0.0472 0.6827 0.0000
vt 0.0415 0.6859 0.0000
vt 0.0504 0.6905 0.0000
vt 0.0447 0.6933 0.0000
vt 0.0529 0.6985 0.0000
vt 0.0472 0.7009 0.0000
vt 0.0550 0.7065 0.0000
vt 0.0492 0.7087 0.0000
vt 0.0566 0.7147 0.0000
vt 0.0508 0.7165 0.0000
vt 0.0579 0.7229 0.0000
vt 0.0521 0.7244 0.0000
vt 0.0588 0.7311 0.0000
vt 0.0530 0.7323 0.0000
vt 0.0595 0.7393 0.0000
vt 0.0537 0.7403 0.0000
vt 0.0600 0.7475 0.0000
vt 0.0542 0.7482 0.0000
vt 0.0603 0.7558 0.0000
vt 0.0545 0.7562 0.0000
vt 0.0605 0.7640 0.0000
vt 0.0547 0.7642 0.0000
vt 0.0494 0.7722 0.0000
vt 0.0493 0.7800 0.0000
vt 0.0434 0.7797 0.0000
vt 0.0435 0.7722 0.0000
vt 0.0492 0.7877 0.0000
vt 0.0433 0.7872 0.0000
vt 0.0489 0.7955 0.0000
vt 0.0430 0.7947 0.0000
vt 0.0484 0.8032 0.0000
vt 0.0425 0.8022 0.0000
vt 0.0477 0.8109 0.0000
vt 0.0419 0.8096 0.0000
vt 0.0468 0.8185 0.0000
vt 0.0410 0.8169 0.0000
vt 0.0456 0.8261 0.0000
vt 0.0399 0.8242 0.0000
vt 0.0440 0.8336 0.0000
vt 0.0384 0.8313 0.0000
vt 0.0420 0.8410 0.0000
vt 0.0364 0.8383 0.0000
vt 0.0394 0.8482 0.0000
vt 0.0340 0.8451 0.0000
vt 0.0363 0.8552 0.0000
vt 0.0310 0.8516 0.0000
vt 0.0324 0.8618 0.0000
vt 0.0272 0.8577 0.0000
vt 0.0277 0.8679 0.0000
vt 0.0227 0.8633 0.0000
vt 0.9340 0.0287 0.0000
vt 0.9278 0.0332 0.0000
vt 0.9238 0.0280 0.0000
vt 0.9294 0.0236 0.0000
vt 0.9211 0.0370 0.0000
vt 0.9176 0.0316 0.0000
vt 0.9140 0.0400 0.0000
vt 0.9110 0.0345 0.0000
vt 0.9067 0.0425 0.0000
vt 0.9041 0.0369 0.0000
vt 0.8992 0.0444 0.0000
vt 0.8970 0.0387 0.0000
vt 0.8916 0.0459 0.0000
vt 0.8898 0.0401 0.0000
vt 0.8840 0.0470 0.0000
vt 0.8824 0.0412 0.0000
vt 0.8763 0.0478 0.0000
vt 0.8750 0.0420 0.0000
vt 0.8685 0.0485 0.0000
vt 0.8675 0.0426 0.0000
vt 0.8607 0.0489 0.0000
vt 0.8600 0.0430 0.0000
vt 0.8529 0.0492 0.0000
vt 0.8524 0.0433 0.0000
vt 0.8451 0.0494 0.0000
vt 0.8448 0.0435 0.0000
vt 0.8372 0.0495 0.0000
vt 0.8372 0.0436 0.0000
vt 0.8294 0.0495 0.0000
vt 0.8296 0.0436 0.0000
vt 0.8216 0.0494 0.0000
vt 0.8221 0.0435 0.0000
vt 0.8138 0.0491 0.0000
vt 0.8145 0.0432 0.0000
vt 0.8060 0.0487 0.0000
vt 0.8070 0.0428 0.0000
vt 0.7982 0.0481 0.0000
vt 0.7995 0.0423 0.0000
vt 0.7905 0.0473 0.0000
vt 0.7921 0.0415 0.0000
vt 0.7829 0.0462 0.0000
vt 0.7848 0.0404 0.0000
vt 0.7753 0.0447 0.0000
vt 0.7775 0.0390 0.0000
vt 0.7678 0.0428 0.0000
vt 0.7704 0.0372 0.0000
vt 0.7605 0.0403 0.0000
vt 0.7636 0.0348 0.0000
vt 0.7535 0.0372 0.0000
vt 0.7570 0.0319 0.0000
vt 0.7468 0.0335 0.0000
vt 0.7508 0.0282 0.0000
vt 0.7406 0.0289 0.0000
vt 0.7452 0.0238 0.0000
vt 0.0280 0.6763 0.0000
vt 0.0326 0.6824 0.0000
vt 0.0274 0.6865 0.0000
vt 0.0229 0.6809 0.0000
vt 0.0364 0.6891 0.0000
vt 0.0311 0.6926 0.0000
vt 0.0395 0.6961 0.0000
vt 0.0341 0.6991 0.0000
vt 0.0420 0.7033 0.0000
vt 0.0365 0.7059 0.0000
vt 0.0440 0.7107 0.0000
vt 0.0384 0.7130 0.0000
vt 0.0456 0.7182 0.0000
vt 0.0399 0.7201 0.0000
vt 0.0468 0.7258 0.0000
vt 0.0410 0.7274 0.0000
vt 0.0477 0.7335 0.0000
vt 0.0418 0.7348 0.0000
vt 0.0483 0.7412 0.0000
vt 0.0425 0.7422 0.0000
vt 0.0488 0.7489 0.0000
vt 0.0429 0.7497 0.0000
vt 0.0491 0.7567 0.0000
vt 0.0432 0.7571 0.0000
vt 0.0493 0.7644 0.0000
vt 0.0434 0.7647 0.0000
vt 0.0380 0.7722 0.0000
vt 0.0380 0.7795 0.0000
vt 0.0332 0.7793 0.0000
vt 0.0332 0.7722 0.0000
vt 0.0378 0.7868 0.0000
vt 0.0330 0.7864 0.0000
vt 0.0375 0.7940 0.0000
vt 0.0328 0.7934 0.0000
vt 0.0371 0.8012 0.0000
vt 0.0324 0.8004 0.0000
vt 0.0365 0.8083 0.0000
vt 0.0318 0.8073 0.0000
vt 0.0357 0.8154 0.0000
vt 0.0310 0.8141 0.0000
vt 0.0346 0.8223 0.0000
vt 0.0300 0.8208 0.0000
vt 0.0332 0.8292 0.0000
vt 0.0287 0.8273 0.0000
vt 0.0314 0.8358 0.0000
vt 0.0270 0.8336 0.0000
vt 0.0290 0.8422 0.0000
vt 0.0248 0.8397 0.0000
vt 0.0262 0.8483 0.0000
vt 0.0221 0.8454 0.0000
vt 0.0226 0.8539 0.0000
vt 0.0187 0.8506 0.0000
vt 0.0183 0.8590 0.0000
vt 0.0147 0.8553 0.0000
vt 0.9252 0.0191 0.0000
vt 0.9200 0.0233 0.0000
vt 0.9168 0.0193 0.0000
vt 0.9215 0.0154 0.0000
vt 0.9143 0.0267 0.0000
vt 0.9114 0.0225 0.0000
vt 0.9081 0.0295 0.0000
vt 0.9056 0.0252 0.0000
vt 0.9016 0.0317 0.0000
vt 0.8995 0.0272 0.0000
vt 0.8949 0.0334 0.0000
vt 0.8931 0.0289 0.0000
vt 0.8880 0.0348 0.0000
vt 0.8865 0.0301 0.0000
vt 0.8810 0.0358 0.0000
vt 0.8797 0.0311 0.0000
vt 0.8738 0.0366 0.0000
vt 0.8728 0.0318 0.0000
vt 0.8666 0.0371 0.0000
vt 0.8658 0.0324 0.0000
vt 0.8593 0.0376 0.0000
vt 0.8587 0.0328 0.0000
vt 0.8520 0.0378 0.0000
vt 0.8516 0.0331 0.0000
vt 0.8446 0.0380 0.0000
vt 0.8444 0.0332 0.0000
vt 0.8372 0.0381 0.0000
vt 0.8372 0.0333 0.0000
vt 0.8299 0.0381 0.0000
vt 0.8300 0.0333 0.0000
vt 0.8225 0.0380 0.0000
vt 0.8228 0.0332 0.0000
vt 0.8152 0.0377 0.0000
vt 0.8157 0.0330 0.0000
vt 0.8079 0.0374 0.0000
vt 0.8086 0.0326 0.0000
vt 0.8007 0.0368 0.0000
vt 0.8016 0.0321 0.0000
vt 0.7935 0.0361 0.0000
vt 0.7948 0.0314 0.0000
vt 0.7865 0.0351 0.0000
vt 0.7880 0.0305 0.0000
vt 0.7796 0.0338 0.0000
vt 0.7814 0.0292 0.0000
vt 0.7729 0.0320 0.0000
vt 0.7750 0.0276 0.0000
vt 0.7664 0.0298 0.0000
vt 0.7689 0.0255 0.0000
vt 0.7603 0.0270 0.0000
vt 0.7631 0.0229 0.0000
vt 0.7545 0.0236 0.0000
vt 0.7578 0.0196 0.0000
vt 0.7494 0.0194 0.0000
vt 0.7531 0.0157 0.0000
vt 0.0185 0.6852 0.0000
vt 0.0227 0.6903 0.0000
vt 0.0188 0.6935 0.0000
vt 0.0148 0.6889 0.0000
vt 0.0262 0.6959 0.0000
vt 0.0221 0.6988 0.0000
vt 0.0291 0.7020 0.0000
vt 0.0248 0.7046 0.0000
vt 0.0314 0.7085 0.0000
vt 0.0269 0.7106 0.0000
vt 0.0332 0.7151 0.0000
vt 0.0286 0.7170 0.0000
vt 0.0345 0.7219 0.0000
vt 0.0299 0.7235 0.0000
vt 0.0356 0.7289 0.0000
vt 0.0309 0.7302 0.0000
vt 0.0364 0.7360 0.0000
vt 0.0317 0.7370 0.0000
vt 0.0370 0.7431 0.0000
vt 0.0323 0.7439 0.0000
vt 0.0375 0.7503 0.0000
vt 0.0327 0.7509 0.0000
vt 0.0378 0.7576 0.0000
vt 0.0330 0.7580 0.0000
vt 0.0379 0.7649 0.0000
vt 0.0332 0.7650 0.0000
vt 0.0277 0.7722 0.0000
vt 0.0276 0.7791 0.0000
vt 0.0237 0.7790 0.0000
vt 0.0238 0.7722 0.0000
vt 0.0275 0.7860 0.0000
vt 0.0236 0.7858 0.0000
vt 0.0272 0.7928 0.0000
vt 0.0233 0.7925 0.0000
vt 0.0268 0.7996 0.0000
vt 0.0230 0.7991 0.0000
vt 0.0263 0.8063 0.0000
vt 0.0224 0.8056 0.0000
vt 0.0256 0.8128 0.0000
vt 0.0217 0.8120 0.0000
vt 0.0246 0.8192 0.0000
vt 0.0208 0.8181 0.0000
vt 0.0234 0.8253 0.0000
vt 0.0197 0.8240 0.0000
vt 0.0218 0.8312 0.0000
vt 0.0182 0.8297 0.0000
vt 0.0199 0.8369 0.0000
vt 0.0164 0.8350 0.0000
vt 0.0174 0.8421 0.0000
vt 0.0141 0.8399 0.0000
vt 0.0143 0.8469 0.0000
vt 0.0113 0.8444 0.0000
vt 0.0107 0.8512 0.0000
vt 0.0079 0.8484 0.0000
vt 0.9175 0.0113 0.0000
vt 0.9131 0.0148 0.0000
vt 0.9107 0.0117 0.0000
vt 0.9147 0.0084 0.0000
vt 0.9082 0.0178 0.0000
vt 0.9061 0.0144 0.0000
vt 0.9029 0.0202 0.0000
vt 0.9011 0.0166 0.0000
vt 0.8972 0.0221 0.0000
vt 0.8956 0.0184 0.0000
vt 0.8911 0.0236 0.0000
vt 0.8899 0.0198 0.0000
vt 0.8849 0.0247 0.0000
vt 0.8839 0.0209 0.0000
vt 0.8784 0.0256 0.0000
vt 0.8776 0.0218 0.0000
vt 0.8718 0.0263 0.0000
vt 0.8712 0.0224 0.0000
vt 0.8650 0.0268 0.0000
vt 0.8646 0.0229 0.0000
vt 0.8582 0.0272 0.0000
vt 0.8578 0.0233 0.0000
vt 0.8512 0.0275 0.0000
vt 0.8510 0.0236 0.0000
vt 0.8442 0.0277 0.0000
vt 0.8441 0.0238 0.0000
vt 0.8372 0.0278 0.0000
vt 0.8372 0.0239 0.0000
vt 0.8302 0.0278 0.0000
vt 0.8303 0.0238 0.0000
vt 0.8232 0.0276 0.0000
vt 0.8234 0.0237 0.0000
vt 0.8162 0.0274 0.0000
vt 0.8166 0.0235 0.0000
vt 0.8094 0.0271 0.0000
vt 0.8099 0.0232 0.0000
vt 0.8026 0.0266 0.0000
vt 0.8033 0.0227 0.0000
vt 0.7960 0.0259 0.0000
vt 0.7968 0.0221 0.0000
vt 0.7896 0.0251 0.0000
vt 0.7906 0.0213 0.0000
vt 0.7834 0.0239 0.0000
vt 0.7846 0.0202 0.0000
vt 0.7774 0.0224 0.0000
vt 0.7789 0.0188 0.0000
vt 0.7716 0.0205 0.0000
vt 0.7735 0.0170 0.0000
vt 0.7663 0.0182 0.0000
vt 0.7684 0.0148 0.0000
vt 0.7614 0.0152 0.0000
vt 0.7639 0.0121 0.0000
vt 0.7571 0.0116 0.0000
vt 0.7598 0.0088 0.0000
vt 0.0108 0.6929 0.0000
vt 0.0144 0.6972 0.0000
vt 0.0113 0.6997 0.0000
vt 0.0079 0.6957 0.0000
vt 0.0174 0.7021 0.0000
vt 0.0141 0.7042 0.0000
vt 0.0198 0.7073 0.0000
vt 0.0163 0.7092 0.0000
vt 0.0218 0.7130 0.0000
vt 0.0182 0.7145 0.0000
vt 0.0233 0.7189 0.0000
vt 0.0196 0.7202 0.0000
vt 0.0246 0.7251 0.0000
vt 0.0208 0.7261 0.0000
vt 0.0255 0.7315 0.0000
vt 0.0217 0.7323 0.0000
vt 0.0262 0.7380 0.0000
vt 0.0224 0.7387 0.0000
vt 0.0268 0.7447 0.0000
vt 0.0229 0.7452 0.0000
vt 0.0272 0.7515 0.0000
vt 0.0233 0.7518 0.0000
vt 0.0274 0.7583 0.0000
vt 0.0235 0.7586 0.0000
vt 0.0276 0.7652 0.0000
vt 0.0237 0.7654 0.0000
vt 0.0168 0.7789 0.0000
vt 0.0169 0.7722 0.0000
vt 0.0167 0.7855 0.0000
vt 0.0164 0.7921 0.0000
vt 0.0161 0.7985 0.0000
vt 0.0156 0.8048 0.0000
vt 0.0149 0.8109 0.0000
vt 0.0141 0.8167 0.0000
vt 0.0130 0.8222 0.0000
vt 0.0117 0.8274 0.0000
vt 0.0101 0.8321 0.0000
vt 0.0081 0.8364 0.0000
vt 0.0057 0.8402 0.0000
vt 0.0029 0.8436 0.0000
vt 0.9066 0.0061 0.0000
vt 0.9100 0.0033 0.0000
vt 0.9027 0.0084 0.0000
vt 0.8983 0.0103 0.0000
vt 0.8934 0.0118 0.0000
vt 0.8882 0.0131 0.0000
vt 0.8825 0.0141 0.0000
vt 0.8766 0.0149 0.0000
vt 0.8704 0.0156 0.0000
vt 0.8640 0.0160 0.0000
vt 0.8574 0.0164 0.0000
vt 0.8507 0.0167 0.0000
vt 0.8439 0.0169 0.0000
vt 0.8372 0.0169 0.0000
vt 0.8304 0.0169 0.0000
vt 0.8236 0.0168 0.0000
vt 0.8170 0.0166 0.0000
vt 0.8104 0.0163 0.0000
vt 0.8040 0.0158 0.0000
vt 0.7978 0.0152 0.0000
vt 0.7919 0.0145 0.0000
vt 0.7863 0.0135 0.0000
vt 0.7811 0.0122 0.0000
vt 0.7762 0.0107 0.0000
vt 0.7719 0.0088 0.0000
vt 0.7680 0.0064 0.0000
vt 0.7646 0.0037 0.0000
vt 0.0057 0.7039 0.0000
vt 0.0029 0.7005 0.0000
vt 0.0081 0.7077 0.0000
vt 0.0100 0.7120 0.0000
vt 0.0116 0.7168 0.0000
vt 0.0129 0.7220 0.0000
vt 0.0140 0.7276 0.0000
vt 0.0148 0.7334 0.0000
vt 0.0155 0.7395 0.0000
vt 0.0160 0.7458 0.0000
vt 0.0164 0.7523 0.0000
vt 0.0166 0.7589 0.0000
vt 0.0168 0.7655 0.0000
vt 0.3348 0.7734 0.0000
vt 0.3348 0.7827 0.0000
vt 0.3348 0.7921 0.0000
vt 0.3348 0.8015 0.0000
vt 0.3348 0.8108 0.0000
vt 0.3349 0.8202 0.0000
vt 0.3349 0.8296 0.0000
vt 0.3350 0.8390 0.0000
vt 0.3351 0.8485 0.0000
vt 0.3352 0.8579 0.0000
vt 0.3354 0.8675 0.0000
vt 0.3356 0.8770 0.0000
vt 0.3359 0.8865 0.0000
vt 0.3362 0.8962 0.0000
vt 0.9597 0.3393 0.0000
vt 0.9500 0.3387 0.0000
vt 0.9404 0.3382 0.0000
vt 0.9309 0.3377 0.0000
vt 0.9213 0.3372 0.0000
vt 0.9118 0.3368 0.0000
vt 0.9023 0.3364 0.0000
vt 0.8928 0.3362 0.0000
vt 0.8834 0.3359 0.0000
vt 0.8739 0.3358 0.0000
vt 0.8645 0.3356 0.0000
vt 0.8551 0.3355 0.0000
vt 0.8457 0.3355 0.0000
vt 0.8364 0.3355 0.0000
vt 0.8270 0.3355 0.0000
vt 0.8176 0.3355 0.0000
vt 0.8083 0.3356 0.0000
vt 0.7989 0.3356 0.0000
vt 0.7895 0.3358 0.0000
vt 0.7801 0.3359 0.0000
vt 0.7707 0.3360 0.0000
vt 0.7613 0.3362 0.0000
vt 0.7518 0.3365 0.0000
vt 0.7423 0.3367 0.0000
vt 0.7327 0.3371 0.0000
vt 0.7231 0.3374 0.0000
vt 0.7135 0.3378 0.0000
vt 0.3379 0.6501 0.0000
vt 0.3374 0.6598 0.0000
vt 0.3370 0.6694 0.0000
vt 0.3365 0.6789 0.0000
vt 0.3362 0.6884 0.0000
vt 0.3358 0.6980 0.0000
vt 0.3356 0.7074 0.0000
vt 0.3354 0.7169 0.0000
vt 0.3352 0.7264 0.0000
vt 0.3351 0.7358 0.0000
vt 0.3350 0.7452 0.0000
vt 0.3349 0.7546 0.0000
vt 0.3349 0.7640 0.0000
vt 0.3478 0.7827 0.0000
vt 0.3478 0.7735 0.0000
vt 0.3529 0.7735 0.0000
vt 0.3528 0.7827 0.0000
vt 0.3478 0.7920 0.0000
vt 0.3529 0.7920 0.0000
vt 0.3479 0.8013 0.0000
vt 0.3530 0.8012 0.0000
vt 0.3480 0.8106 0.0000
vt 0.3531 0.8104 0.0000
vt 0.3482 0.8199 0.0000
vt 0.3533 0.8197 0.0000
vt 0.3484 0.8292 0.0000
vt 0.3535 0.8289 0.0000
vt 0.3487 0.8385 0.0000
vt 0.3539 0.8382 0.0000
vt 0.3491 0.8479 0.0000
vt 0.3544 0.8475 0.0000
vt 0.3496 0.8573 0.0000
vt 0.3550 0.8568 0.0000
vt 0.3503 0.8666 0.0000
vt 0.3559 0.8661 0.0000
vt 0.3511 0.8760 0.0000
vt 0.3569 0.8754 0.0000
vt 0.3521 0.8854 0.0000
vt 0.3581 0.8847 0.0000
vt 0.3533 0.8949 0.0000
vt 0.3596 0.8940 0.0000
vt 0.9482 0.3551 0.0000
vt 0.9576 0.3566 0.0000
vt 0.9565 0.3629 0.0000
vt 0.9472 0.3612 0.0000
vt 0.9388 0.3538 0.0000
vt 0.9380 0.3596 0.0000
vt 0.9295 0.3526 0.0000
vt 0.9287 0.3582 0.0000
vt 0.9201 0.3517 0.0000
vt 0.9194 0.3571 0.0000
vt 0.9107 0.3508 0.0000
vt 0.9101 0.3562 0.0000
vt 0.9014 0.3502 0.0000
vt 0.9009 0.3554 0.0000
vt 0.8920 0.3497 0.0000
vt 0.8916 0.3548 0.0000
vt 0.8827 0.3493 0.0000
vt 0.8824 0.3544 0.0000
vt 0.8734 0.3490 0.0000
vt 0.8731 0.3541 0.0000
vt 0.8641 0.3487 0.0000
vt 0.8639 0.3538 0.0000
vt 0.8548 0.3486 0.0000
vt 0.8547 0.3536 0.0000
vt 0.8455 0.3485 0.0000
vt 0.8455 0.3535 0.0000
vt 0.8363 0.3484 0.0000
vt 0.8362 0.3535 0.0000
vt 0.8270 0.3484 0.0000
vt 0.8270 0.3535 0.0000
vt 0.8178 0.3485 0.0000
vt 0.8178 0.3535 0.0000
vt 0.8085 0.3486 0.0000
vt 0.8086 0.3537 0.0000
vt 0.7992 0.3488 0.0000
vt 0.7994 0.3539 0.0000
vt 0.7899 0.3490 0.0000
vt 0.7902 0.3541 0.0000
vt 0.7806 0.3493 0.0000
vt 0.7809 0.3545 0.0000
vt 0.7713 0.3497 0.0000
vt 0.7717 0.3549 0.0000
vt 0.7619 0.3502 0.0000
vt 0.7624 0.3555 0.0000
vt 0.7526 0.3508 0.0000
vt 0.7531 0.3562 0.0000
vt 0.7432 0.3516 0.0000
vt 0.7438 0.3572 0.0000
vt 0.7338 0.3525 0.0000
vt 0.7345 0.3583 0.0000
vt 0.7244 0.3536 0.0000
vt 0.7252 0.3597 0.0000
vt 0.7149 0.3549 0.0000
vt 0.7159 0.3612 0.0000
vt 0.3538 0.6614 0.0000
vt 0.3552 0.6520 0.0000
vt 0.3615 0.6531 0.0000
vt 0.3598 0.6624 0.0000
vt 0.3526 0.6708 0.0000
vt 0.3583 0.6716 0.0000
vt 0.3515 0.6802 0.0000
vt 0.3571 0.6809 0.0000
vt 0.3506 0.6896 0.0000
vt 0.3560 0.6902 0.0000
vt 0.3499 0.6990 0.0000
vt 0.3552 0.6995 0.0000
vt 0.3493 0.7083 0.0000
vt 0.3546 0.7088 0.0000
vt 0.3489 0.7177 0.0000
vt 0.3540 0.7180 0.0000
vt 0.3485 0.7270 0.0000
vt 0.3537 0.7273 0.0000
vt 0.3483 0.7363 0.0000
vt 0.3534 0.7365 0.0000
vt 0.3481 0.7456 0.0000
vt 0.3532 0.7458 0.0000
vt 0.3479 0.7549 0.0000
vt 0.3530 0.7550 0.0000
vt 0.3479 0.7642 0.0000
vt 0.3529 0.7643 0.0000
vt 0.3662 0.7827 0.0000
vt 0.3662 0.7736 0.0000
vt 0.3787 0.7737 0.0000
vt 0.3787 0.7826 0.0000
vt 0.3662 0.7918 0.0000
vt 0.3788 0.7916 0.0000
vt 0.3663 0.8009 0.0000
vt 0.3789 0.8006 0.0000
vt 0.3665 0.8099 0.0000
vt 0.3791 0.8095 0.0000
vt 0.3668 0.8190 0.0000
vt 0.3794 0.8184 0.0000
vt 0.3671 0.8280 0.0000
vt 0.3798 0.8272 0.0000
vt 0.3677 0.8371 0.0000
vt 0.3803 0.8360 0.0000
vt 0.3683 0.8460 0.0000
vt 0.3810 0.8446 0.0000
vt 0.3693 0.8550 0.0000
vt 0.3819 0.8532 0.0000
vt 0.3705 0.8639 0.0000
vt 0.3832 0.8617 0.0000
vt 0.3720 0.8728 0.0000
vt 0.3848 0.8700 0.0000
vt 0.3740 0.8817 0.0000
vt 0.3869 0.8783 0.0000
vt 0.3764 0.8905 0.0000
vt 0.3897 0.8864 0.0000
vt 0.9437 0.3770 0.0000
vt 0.9524 0.3796 0.0000
vt 0.9479 0.3928 0.0000
vt 0.9398 0.3898 0.0000
vt 0.9349 0.3747 0.0000
vt 0.9316 0.3874 0.0000
vt 0.9260 0.3728 0.0000
vt 0.9234 0.3855 0.0000
vt 0.9172 0.3714 0.0000
vt 0.9150 0.3840 0.0000
vt 0.9083 0.3702 0.0000
vt 0.9065 0.3829 0.0000
vt 0.8993 0.3693 0.0000
vt 0.8979 0.3819 0.0000
vt 0.8903 0.3685 0.0000
vt 0.8892 0.3812 0.0000
vt 0.8813 0.3680 0.0000
vt 0.8804 0.3806 0.0000
vt 0.8723 0.3675 0.0000
vt 0.8716 0.3802 0.0000
vt 0.8633 0.3672 0.0000
vt 0.8628 0.3798 0.0000
vt 0.8543 0.3670 0.0000
vt 0.8539 0.3796 0.0000
vt 0.8452 0.3669 0.0000
vt 0.8450 0.3795 0.0000
vt 0.8362 0.3668 0.0000
vt 0.8361 0.3794 0.0000
vt 0.8271 0.3668 0.0000
vt 0.8272 0.3794 0.0000
vt 0.8180 0.3669 0.0000
vt 0.8183 0.3795 0.0000
vt 0.8090 0.3671 0.0000
vt 0.8094 0.3796 0.0000
vt 0.8000 0.3673 0.0000
vt 0.8005 0.3799 0.0000
vt 0.7909 0.3676 0.0000
vt 0.7916 0.3802 0.0000
vt 0.7819 0.3681 0.0000
vt 0.7829 0.3807 0.0000
vt 0.7729 0.3687 0.0000
vt 0.7741 0.3813 0.0000
vt 0.7639 0.3694 0.0000
vt 0.7655 0.3821 0.0000
vt 0.7550 0.3705 0.0000
vt 0.7569 0.3832 0.0000
vt 0.7461 0.3718 0.0000
vt 0.7485 0.3845 0.0000
vt 0.7372 0.3734 0.0000
vt 0.7401 0.3862 0.0000
vt 0.7283 0.3755 0.0000
vt 0.7319 0.3884 0.0000
vt 0.7196 0.3780 0.0000
vt 0.7238 0.3912 0.0000
vt 0.3757 0.6658 0.0000
vt 0.3783 0.6571 0.0000
vt 0.3915 0.6615 0.0000
vt 0.3885 0.6695 0.0000
vt 0.3735 0.6746 0.0000
vt 0.3862 0.6777 0.0000
vt 0.3717 0.6834 0.0000
vt 0.3844 0.6860 0.0000
vt 0.3703 0.6923 0.0000
vt 0.3830 0.6944 0.0000
vt 0.3692 0.7013 0.0000
vt 0.3819 0.7029 0.0000
vt 0.3684 0.7102 0.0000
vt 0.3810 0.7116 0.0000
vt 0.3677 0.7192 0.0000
vt 0.3803 0.7203 0.0000
vt 0.3672 0.7282 0.0000
vt 0.3798 0.7290 0.0000
vt 0.3668 0.7373 0.0000
vt 0.3794 0.7379 0.0000
vt 0.3666 0.7463 0.0000
vt 0.3791 0.7468 0.0000
vt 0.3664 0.7554 0.0000
vt 0.3789 0.7557 0.0000
vt 0.3662 0.7645 0.0000
vt 0.3788 0.7647 0.0000
vt 0.5952 0.7764 0.0000
vt 0.5952 0.7779 0.0000
vt 0.5949 0.7794 0.0000
vt 0.5945 0.7809 0.0000
vt 0.5939 0.7824 0.0000
vt 0.5931 0.7839 0.0000
vt 0.5922 0.7854 0.0000
vt 0.5912 0.7869 0.0000
vt 0.5902 0.7884 0.0000
vt 0.5891 0.7898 0.0000
vt 0.5881 0.7912 0.0000
vt 0.5872 0.7925 0.0000
vt 0.5866 0.7937 0.0000
vt 0.5866 0.7946 0.0000
vt 0.8504 0.5875 0.0000
vt 0.8494 0.5874 0.0000
vt 0.8483 0.5880 0.0000
vt 0.8470 0.5888 0.0000
vt 0.8457 0.5898 0.0000
vt 0.8443 0.5909 0.0000
vt 0.8430 0.5919 0.0000
vt 0.8416 0.5929 0.0000
vt 0.8402 0.5939 0.0000
vt 0.8389 0.5947 0.0000
vt 0.8376 0.5953 0.0000
vt 0.8362 0.5958 0.0000
vt 0.8349 0.5962 0.0000
vt 0.8336 0.5963 0.0000
vt 0.8323 0.5963 0.0000
vt 0.8310 0.5961 0.0000
vt 0.8296 0.5957 0.0000
vt 0.8283 0.5951 0.0000
vt 0.8270 0.5943 0.0000
vt 0.8256 0.5935 0.0000
vt 0.8243 0.5925 0.0000
vt 0.8229 0.5915 0.0000
vt 0.8216 0.5904 0.0000
vt 0.8203 0.5894 0.0000
vt 0.8190 0.5886 0.0000
vt 0.8178 0.5880 0.0000
vt 0.8169 0.5880 0.0000
vt 0.5860 0.7581 0.0000
vt 0.5860 0.7591 0.0000
vt 0.5866 0.7603 0.0000
vt 0.5875 0.7616 0.0000
vt 0.5885 0.7630 0.0000
vt 0.5896 0.7644 0.0000
vt 0.5907 0.7659 0.0000
vt 0.5917 0.7674 0.0000
vt 0.5927 0.7689 0.0000
vt 0.5935 0.7704 0.0000
vt 0.5942 0.7719 0.0000
vt 0.5947 0.7734 0.0000
vt 0.5951 0.7749 0.0000
vt 0.0948 0.7819 0.0000
vt 0.0948 0.7724 0.0000
vt 0.0947 0.7913 0.0000
vt 0.0947 0.8007 0.0000
vt 0.0946 0.8101 0.0000
vt 0.0945 0.8196 0.0000
vt 0.0944 0.8291 0.0000
vt 0.0942 0.8386 0.0000
vt 0.0939 0.8481 0.0000
vt 0.0935 0.8575 0.0000
vt 0.0932 0.8671 0.0000
vt 0.0928 0.8766 0.0000
vt 0.0923 0.8861 0.0000
vt 0.0919 0.8957 0.0000
vt 0.9506 0.0945 0.0000
vt 0.9602 0.0942 0.0000
vt 0.9410 0.0947 0.0000
vt 0.9315 0.0948 0.0000
vt 0.9220 0.0949 0.0000
vt 0.9125 0.0950 0.0000
vt 0.9030 0.0950 0.0000
vt 0.8936 0.0950 0.0000
vt 0.8841 0.0950 0.0000
vt 0.8747 0.0950 0.0000
vt 0.8653 0.0949 0.0000
vt 0.8559 0.0949 0.0000
vt 0.8465 0.0949 0.0000
vt 0.8371 0.0949 0.0000
vt 0.8276 0.0949 0.0000
vt 0.8182 0.0949 0.0000
vt 0.8087 0.0949 0.0000
vt 0.7993 0.0949 0.0000
vt 0.7898 0.0949 0.0000
vt 0.7803 0.0948 0.0000
vt 0.7708 0.0947 0.0000
vt 0.7613 0.0945 0.0000
vt 0.7518 0.0943 0.0000
vt 0.7423 0.0941 0.0000
vt 0.7327 0.0938 0.0000
vt 0.7232 0.0934 0.0000
vt 0.7136 0.0930 0.0000
vt 0.0937 0.6591 0.0000
vt 0.0934 0.6495 0.0000
vt 0.0940 0.6687 0.0000
vt 0.0942 0.6782 0.0000
vt 0.0943 0.6877 0.0000
vt 0.0945 0.6971 0.0000
vt 0.0946 0.7066 0.0000
vt 0.0947 0.7160 0.0000
vt 0.0948 0.7254 0.0000
vt 0.0948 0.7348 0.0000
vt 0.0948 0.7442 0.0000
vt 0.0948 0.7536 0.0000
vt 0.0948 0.7630 0.0000
vt 0.0917 0.7724 0.0000
vt 0.0917 0.7816 0.0000
vt 0.0917 0.7631 0.0000
vt 0.0916 0.7538 0.0000
vt 0.0914 0.7445 0.0000
vt 0.0910 0.7352 0.0000
vt 0.0906 0.7259 0.0000
vt 0.0900 0.7165 0.0000
vt 0.0891 0.7072 0.0000
vt 0.0881 0.6978 0.0000
vt 0.0866 0.6885 0.0000
vt 0.0850 0.6791 0.0000
vt 0.0833 0.6698 0.0000
vt 0.0812 0.6605 0.0000
vt 0.0794 0.6511 0.0000
vt 0.7249 0.0815 0.0000
vt 0.7155 0.0795 0.0000
vt 0.7342 0.0837 0.0000
vt 0.7436 0.0854 0.0000
vt 0.7530 0.0871 0.0000
vt 0.7624 0.0885 0.0000
vt 0.7718 0.0896 0.0000
vt 0.7812 0.0903 0.0000
vt 0.7906 0.0910 0.0000
vt 0.7999 0.0914 0.0000
vt 0.8093 0.0917 0.0000
vt 0.8186 0.0918 0.0000
vt 0.8279 0.0919 0.0000
vt 0.8372 0.0919 0.0000
vt 0.8464 0.0919 0.0000
vt 0.8557 0.0917 0.0000
vt 0.8650 0.0916 0.0000
vt 0.8743 0.0913 0.0000
vt 0.8837 0.0908 0.0000
vt 0.8930 0.0903 0.0000
vt 0.9024 0.0895 0.0000
vt 0.9118 0.0885 0.0000
vt 0.9212 0.0872 0.0000
vt 0.9306 0.0857 0.0000
vt 0.9400 0.0841 0.0000
vt 0.9493 0.0821 0.0000
vt 0.9588 0.0803 0.0000
vt 0.0802 0.8843 0.0000
vt 0.0781 0.8936 0.0000
vt 0.0825 0.8750 0.0000
vt 0.0845 0.8657 0.0000
vt 0.0862 0.8563 0.0000
vt 0.0877 0.8470 0.0000
vt 0.0889 0.8376 0.0000
vt 0.0898 0.8282 0.0000
vt 0.0905 0.8189 0.0000
vt 0.0910 0.8095 0.0000
vt 0.0913 0.8002 0.0000
vt 0.0916 0.7909 0.0000
vt 0.0941 0.7724 0.0000
vt 0.0943 0.7724 0.0000
vt 0.0943 0.7818 0.0000
vt 0.0940 0.7818 0.0000
vt 0.0943 0.7913 0.0000
vt 0.0940 0.7912 0.0000
vt 0.0942 0.8007 0.0000
vt 0.0939 0.8006 0.0000
vt 0.0941 0.8101 0.0000
vt 0.0938 0.8101 0.0000
vt 0.0939 0.8196 0.0000
vt 0.0935 0.8195 0.0000
vt 0.0937 0.8290 0.0000
vt 0.0933 0.8289 0.0000
vt 0.0934 0.8385 0.0000
vt 0.0929 0.8384 0.0000
vt 0.0930 0.8480 0.0000
vt 0.0923 0.8479 0.0000
vt 0.0925 0.8574 0.0000
vt 0.0916 0.8573 0.0000
vt 0.0920 0.8669 0.0000
vt 0.0910 0.8668 0.0000
vt 0.0914 0.8764 0.0000
vt 0.0901 0.8762 0.0000
vt 0.0906 0.8859 0.0000
vt 0.0891 0.8857 0.0000
vt 0.0900 0.8954 0.0000
vt 0.0883 0.8951 0.0000
vt 0.9598 0.0906 0.0000
vt 0.9600 0.0923 0.0000
vt 0.9505 0.0928 0.0000
vt 0.9503 0.0912 0.0000
vt 0.9409 0.0932 0.0000
vt 0.9408 0.0919 0.0000
vt 0.9314 0.0935 0.0000
vt 0.9314 0.0924 0.0000
vt 0.9219 0.0938 0.0000
vt 0.9219 0.0929 0.0000
vt 0.9125 0.0940 0.0000
vt 0.9124 0.0933 0.0000
vt 0.9030 0.0942 0.0000
vt 0.9030 0.0936 0.0000
vt 0.8936 0.0943 0.0000
vt 0.8935 0.0938 0.0000
vt 0.8841 0.0944 0.0000
vt 0.8841 0.0939 0.0000
vt 0.8747 0.0944 0.0000
vt 0.8747 0.0940 0.0000
vt 0.8653 0.0944 0.0000
vt 0.8653 0.0941 0.0000
vt 0.8559 0.0944 0.0000
vt 0.8559 0.0942 0.0000
vt 0.8465 0.0945 0.0000
vt 0.8465 0.0942 0.0000
vt 0.8371 0.0944 0.0000
vt 0.8371 0.0942 0.0000
vt 0.8276 0.0945 0.0000
vt 0.8277 0.0942 0.0000
vt 0.8182 0.0945 0.0000
vt 0.8182 0.0942 0.0000
vt 0.8088 0.0944 0.0000
vt 0.8088 0.0941 0.0000
vt 0.7993 0.0944 0.0000
vt 0.7994 0.0940 0.0000
vt 0.7899 0.0943 0.0000
vt 0.7899 0.0939 0.0000
vt 0.7804 0.0941 0.0000
vt 0.7805 0.0936 0.0000
vt 0.7709 0.0940 0.0000
vt 0.7710 0.0935 0.0000
vt 0.7614 0.0937 0.0000
vt 0.7615 0.0930 0.0000
vt 0.7519 0.0932 0.0000
vt 0.7520 0.0924 0.0000
vt 0.7424 0.0929 0.0000
vt 0.7425 0.0918 0.0000
vt 0.7329 0.0924 0.0000
vt 0.7330 0.0912 0.0000
vt 0.7234 0.0917 0.0000
vt 0.7236 0.0902 0.0000
vt 0.7138 0.0911 0.0000
vt 0.7141 0.0895 0.0000
vt 0.0897 0.6499 0.0000
vt 0.0914 0.6497 0.0000
vt 0.0920 0.6592 0.0000
vt 0.0904 0.6594 0.0000
vt 0.0925 0.6687 0.0000
vt 0.0912 0.6688 0.0000
vt 0.0929 0.6782 0.0000
vt 0.0918 0.6783 0.0000
vt 0.0932 0.6877 0.0000
vt 0.0923 0.6877 0.0000
vt 0.0936 0.6971 0.0000
vt 0.0929 0.6972 0.0000
vt 0.0939 0.7066 0.0000
vt 0.0933 0.7066 0.0000
vt 0.0940 0.7160 0.0000
vt 0.0935 0.7160 0.0000
vt 0.0942 0.7254 0.0000
vt 0.0937 0.7255 0.0000
vt 0.0943 0.7348 0.0000
vt 0.0939 0.7349 0.0000
vt 0.0943 0.7442 0.0000
vt 0.0940 0.7443 0.0000
vt 0.0943 0.7536 0.0000
vt 0.0940 0.7536 0.0000
vt 0.0943 0.7630 0.0000
vt 0.0941 0.7630 0.0000
vt 0.0924 0.7817 0.0000
vt 0.0921 0.7817 0.0000
vt 0.0922 0.7724 0.0000
vt 0.0925 0.7724 0.0000
vt 0.0922 0.7631 0.0000
vt 0.0924 0.7631 0.0000
vt 0.0921 0.7538 0.0000
vt 0.0924 0.7537 0.0000
vt 0.0919 0.7444 0.0000
vt 0.0922 0.7444 0.0000
vt 0.0916 0.7351 0.0000
vt 0.0920 0.7350 0.0000
vt 0.0912 0.7257 0.0000
vt 0.0917 0.7256 0.0000
vt 0.0907 0.7164 0.0000
vt 0.0912 0.7163 0.0000
vt 0.0900 0.7070 0.0000
vt 0.0906 0.7069 0.0000
vt 0.0890 0.6976 0.0000
vt 0.0898 0.6975 0.0000
vt 0.0877 0.6883 0.0000
vt 0.0886 0.6881 0.0000
vt 0.0863 0.6789 0.0000
vt 0.0875 0.6787 0.0000
vt 0.0849 0.6695 0.0000
vt 0.0864 0.6693 0.0000
vt 0.0831 0.6602 0.0000
vt 0.0847 0.6600 0.0000
vt 0.0816 0.6508 0.0000
vt 0.0835 0.6506 0.0000
vt 0.7150 0.0835 0.0000
vt 0.7152 0.0817 0.0000
vt 0.7246 0.0833 0.0000
vt 0.7244 0.0849 0.0000
vt 0.7339 0.0853 0.0000
vt 0.7337 0.0867 0.0000
vt 0.7433 0.0867 0.0000
vt 0.7431 0.0878 0.0000
vt 0.7527 0.0881 0.0000
vt 0.7526 0.0889 0.0000
vt 0.7621 0.0894 0.0000
vt 0.7620 0.0902 0.0000
vt 0.7716 0.0904 0.0000
vt 0.7714 0.0910 0.0000
vt 0.7810 0.0910 0.0000
vt 0.7808 0.0915 0.0000
vt 0.7904 0.0916 0.0000
vt 0.7902 0.0920 0.0000
vt 0.7998 0.0919 0.0000
vt 0.7996 0.0923 0.0000
vt 0.8091 0.0922 0.0000
vt 0.8090 0.0925 0.0000
vt 0.8185 0.0923 0.0000
vt 0.8184 0.0926 0.0000
vt 0.8278 0.0924 0.0000
vt 0.8278 0.0926 0.0000
vt 0.8371 0.0924 0.0000
vt 0.8371 0.0927 0.0000
vt 0.8465 0.0924 0.0000
vt 0.8465 0.0926 0.0000
vt 0.8558 0.0922 0.0000
vt 0.8558 0.0925 0.0000
vt 0.8651 0.0921 0.0000
vt 0.8652 0.0924 0.0000
vt 0.8745 0.0918 0.0000
vt 0.8745 0.0922 0.0000
vt 0.8838 0.0915 0.0000
vt 0.8839 0.0919 0.0000
vt 0.8932 0.0910 0.0000
vt 0.8933 0.0915 0.0000
vt 0.9026 0.0904 0.0000
vt 0.9027 0.0910 0.0000
vt 0.9120 0.0895 0.0000
vt 0.9121 0.0903 0.0000
vt 0.9214 0.0884 0.0000
vt 0.9216 0.0893 0.0000
vt 0.9308 0.0871 0.0000
vt 0.9310 0.0882 0.0000
vt 0.9402 0.0857 0.0000
vt 0.9404 0.0871 0.0000
vt 0.9496 0.0840 0.0000
vt 0.9498 0.0857 0.0000
vt 0.9590 0.0825 0.0000
vt 0.9592 0.0844 0.0000
vt 0.0821 0.8942 0.0000
vt 0.0803 0.8939 0.0000
vt 0.0821 0.8846 0.0000
vt 0.0837 0.8848 0.0000
vt 0.0841 0.8753 0.0000
vt 0.0854 0.8755 0.0000
vt 0.0858 0.8660 0.0000
vt 0.0870 0.8662 0.0000
vt 0.0872 0.8566 0.0000
vt 0.0881 0.8568 0.0000
vt 0.0886 0.8472 0.0000
vt 0.0894 0.8474 0.0000
vt 0.0897 0.8378 0.0000
vt 0.0903 0.8380 0.0000
vt 0.0905 0.8284 0.0000
vt 0.0910 0.8286 0.0000
vt 0.0911 0.8190 0.0000
vt 0.0915 0.8192 0.0000
vt 0.0916 0.8097 0.0000
vt 0.0919 0.8098 0.0000
vt 0.0919 0.8003 0.0000
vt 0.0922 0.8004 0.0000
vt 0.0920 0.7910 0.0000
vt 0.0923 0.7911 0.0000
vt 0.3388 0.7734 0.0000
vt 0.3437 0.7734 0.0000
vt 0.3437 0.7827 0.0000
vt 0.3388 0.7827 0.0000
vt 0.3437 0.7921 0.0000
vt 0.3388 0.7921 0.0000
vt 0.3438 0.8014 0.0000
vt 0.3389 0.8014 0.0000
vt 0.3439 0.8107 0.0000
vt 0.3389 0.8108 0.0000
vt 0.3440 0.8200 0.0000
vt 0.3390 0.8201 0.0000
vt 0.3441 0.8294 0.0000
vt 0.3391 0.8295 0.0000
vt 0.3444 0.8388 0.0000
vt 0.3393 0.8389 0.0000
vt 0.3447 0.8482 0.0000
vt 0.3395 0.8484 0.0000
vt 0.3451 0.8576 0.0000
vt 0.3397 0.8578 0.0000
vt 0.3456 0.8670 0.0000
vt 0.3401 0.8673 0.0000
vt 0.3462 0.8765 0.0000
vt 0.3405 0.8768 0.0000
vt 0.3470 0.8859 0.0000
vt 0.3410 0.8863 0.0000
vt 0.3478 0.8955 0.0000
vt 0.3416 0.8959 0.0000
vt 0.9592 0.3449 0.0000
vt 0.9585 0.3512 0.0000
vt 0.9490 0.3500 0.0000
vt 0.9496 0.3440 0.0000
vt 0.9395 0.3489 0.0000
vt 0.9401 0.3431 0.0000
vt 0.9300 0.3479 0.0000
vt 0.9305 0.3424 0.0000
vt 0.9206 0.3471 0.0000
vt 0.9210 0.3417 0.0000
vt 0.9111 0.3464 0.0000
vt 0.9115 0.3412 0.0000
vt 0.9017 0.3459 0.0000
vt 0.9021 0.3407 0.0000
vt 0.8923 0.3454 0.0000
vt 0.8926 0.3404 0.0000
vt 0.8830 0.3451 0.0000
vt 0.8832 0.3401 0.0000
vt 0.8736 0.3448 0.0000
vt 0.8738 0.3399 0.0000
vt 0.8643 0.3446 0.0000
vt 0.8644 0.3397 0.0000
vt 0.8549 0.3445 0.0000
vt 0.8550 0.3396 0.0000
vt 0.8456 0.3444 0.0000
vt 0.8457 0.3395 0.0000
vt 0.8363 0.3443 0.0000
vt 0.8363 0.3395 0.0000
vt 0.8270 0.3444 0.0000
vt 0.8270 0.3395 0.0000
vt 0.8177 0.3444 0.0000
vt 0.8177 0.3395 0.0000
vt 0.8084 0.3445 0.0000
vt 0.8083 0.3396 0.0000
vt 0.7991 0.3446 0.0000
vt 0.7990 0.3397 0.0000
vt 0.7898 0.3448 0.0000
vt 0.7896 0.3399 0.0000
vt 0.7804 0.3451 0.0000
vt 0.7802 0.3401 0.0000
vt 0.7710 0.3454 0.0000
vt 0.7708 0.3403 0.0000
vt 0.7616 0.3458 0.0000
vt 0.7614 0.3406 0.0000
vt 0.7522 0.3463 0.0000
vt 0.7519 0.3410 0.0000
vt 0.7428 0.3469 0.0000
vt 0.7424 0.3414 0.0000
vt 0.7333 0.3477 0.0000
vt 0.7329 0.3420 0.0000
vt 0.7238 0.3485 0.0000
vt 0.7234 0.3426 0.0000
vt 0.7143 0.3494 0.0000
vt 0.7138 0.3432 0.0000
vt 0.3434 0.6506 0.0000
vt 0.3497 0.6513 0.0000
vt 0.3486 0.6607 0.0000
vt 0.3426 0.6601 0.0000
vt 0.3476 0.6702 0.0000
vt 0.3419 0.6697 0.0000
vt 0.3468 0.6797 0.0000
vt 0.3412 0.6792 0.0000
vt 0.3461 0.6891 0.0000
vt 0.3407 0.6887 0.0000
vt 0.3455 0.6986 0.0000
vt 0.3402 0.6982 0.0000
vt 0.3450 0.7080 0.0000
vt 0.3399 0.7077 0.0000
vt 0.3446 0.7174 0.0000
vt 0.3396 0.7171 0.0000
vt 0.3443 0.7268 0.0000
vt 0.3393 0.7265 0.0000
vt 0.3441 0.7361 0.0000
vt 0.3392 0.7359 0.0000
vt 0.3439 0.7455 0.0000
vt 0.3390 0.7453 0.0000
vt 0.3438 0.7548 0.0000
vt 0.3389 0.7547 0.0000
vt 0.3438 0.7641 0.0000
vt 0.3389 0.7640 0.0000
vt 0.3570 0.7735 0.0000
vt 0.3620 0.7736 0.0000
vt 0.3620 0.7827 0.0000
vt 0.3570 0.7827 0.0000
vt 0.3620 0.7918 0.0000
vt 0.3570 0.7919 0.0000
vt 0.3621 0.8010 0.0000
vt 0.3571 0.8011 0.0000
vt 0.3623 0.8101 0.0000
vt 0.3573 0.8103 0.0000
vt 0.3625 0.8192 0.0000
vt 0.3575 0.8195 0.0000
vt 0.3629 0.8283 0.0000
vt 0.3578 0.8287 0.0000
vt 0.3633 0.8374 0.0000
vt 0.3582 0.8379 0.0000
vt 0.3640 0.8465 0.0000
vt 0.3588 0.8471 0.0000
vt 0.3648 0.8556 0.0000
vt 0.3595 0.8563 0.0000
vt 0.3659 0.8647 0.0000
vt 0.3605 0.8655 0.0000
vt 0.3673 0.8738 0.0000
vt 0.3617 0.8747 0.0000
vt 0.3691 0.8828 0.0000
vt 0.3632 0.8839 0.0000
vt 0.3711 0.8918 0.0000
vt 0.3649 0.8931 0.0000
vt 0.9554 0.3683 0.0000
vt 0.9539 0.3744 0.0000
vt 0.9449 0.3720 0.0000
vt 0.9462 0.3662 0.0000
vt 0.9360 0.3700 0.0000
vt 0.9371 0.3644 0.0000
vt 0.9270 0.3683 0.0000
vt 0.9279 0.3629 0.0000
vt 0.9179 0.3669 0.0000
vt 0.9188 0.3616 0.0000
vt 0.9089 0.3658 0.0000
vt 0.9096 0.3606 0.0000
vt 0.8998 0.3649 0.0000
vt 0.9004 0.3598 0.0000
vt 0.8907 0.3642 0.0000
vt 0.8912 0.3591 0.0000
vt 0.8817 0.3637 0.0000
vt 0.8820 0.3586 0.0000
vt 0.8726 0.3633 0.0000
vt 0.8729 0.3583 0.0000
vt 0.8635 0.3630 0.0000
vt 0.8637 0.3580 0.0000
vt 0.8544 0.3628 0.0000
vt 0.8545 0.3578 0.0000
vt 0.8453 0.3627 0.0000
vt 0.8454 0.3577 0.0000
vt 0.8362 0.3626 0.0000
vt 0.8362 0.3576 0.0000
vt 0.8271 0.3626 0.0000
vt 0.8271 0.3576 0.0000
vt 0.8180 0.3627 0.0000
vt 0.8179 0.3577 0.0000
vt 0.8089 0.3628 0.0000
vt 0.8087 0.3578 0.0000
vt 0.7998 0.3631 0.0000
vt 0.7996 0.3580 0.0000
vt 0.7907 0.3634 0.0000
vt 0.7904 0.3583 0.0000
vt 0.7816 0.3638 0.0000
vt 0.7812 0.3587 0.0000
vt 0.7725 0.3643 0.0000
vt 0.7720 0.3592 0.0000
vt 0.7634 0.3651 0.0000
vt 0.7628 0.3599 0.0000
vt 0.7543 0.3660 0.0000
vt 0.7536 0.3607 0.0000
vt 0.7453 0.3672 0.0000
vt 0.7444 0.3618 0.0000
vt 0.7362 0.3687 0.0000
vt 0.7352 0.3631 0.0000
vt 0.7272 0.3705 0.0000
vt 0.7260 0.3647 0.0000
vt 0.7182 0.3727 0.0000
vt 0.7168 0.3665 0.0000
vt 0.3669 0.6542 0.0000
vt 0.3730 0.6556 0.0000
vt 0.3707 0.6646 0.0000
vt 0.3649 0.6633 0.0000
vt 0.3688 0.6735 0.0000
vt 0.3632 0.6725 0.0000
vt 0.3671 0.6826 0.0000
vt 0.3617 0.6816 0.0000
vt 0.3658 0.6916 0.0000
vt 0.3605 0.6908 0.0000
vt 0.3648 0.7007 0.0000
vt 0.3596 0.7000 0.0000
vt 0.3640 0.7097 0.0000
vt 0.3589 0.7092 0.0000
vt 0.3634 0.7188 0.0000
vt 0.3583 0.7184 0.0000
vt 0.3630 0.7279 0.0000
vt 0.3579 0.7276 0.0000
vt 0.3626 0.7370 0.0000
vt 0.3576 0.7368 0.0000
vt 0.3623 0.7462 0.0000
vt 0.3573 0.7460 0.0000
vt 0.3622 0.7553 0.0000
vt 0.3572 0.7552 0.0000
vt 0.3620 0.7644 0.0000
vt 0.3571 0.7643 0.0000
vt 0.4673 0.6565 -0.0000
vt 0.4693 0.6527 0.0000
vt 0.4843 0.6617 0.0000
vt 0.4832 0.6637 0.0000
vt 0.4718 0.6491 0.0000
vt 0.4855 0.6599 0.0000
vt 0.4746 0.6459 0.0000
vt 0.4870 0.6582 0.0000
vt 0.4779 0.6430 0.0000
vt 0.4887 0.6568 0.0000
vt 0.4814 0.6405 0.0000
vt 0.4905 0.6555 0.0000
vt 0.4853 0.6385 0.0000
vt 0.4925 0.6544 0.0000
vt 0.4893 0.6370 0.0000
vt 0.4946 0.6537 0.0000
vt 0.4936 0.6359 0.0000
vt 0.4967 0.6531 0.0000
vt 0.4979 0.6354 0.0000
vt 0.4989 0.6529 0.0000
vt 0.5022 0.6354 0.0000
vt 0.5012 0.6528 0.0000
vt 0.5065 0.6359 0.0000
vt 0.5034 0.6531 0.0000
vt 0.5107 0.6369 0.0000
vt 0.5055 0.6536 0.0000
vt 0.5148 0.6385 0.0000
vt 0.5076 0.6544 0.0000
vt 0.5186 0.6405 0.0000
vt 0.5096 0.6555 0.0000
vt 0.5222 0.6430 0.0000
vt 0.5114 0.6567 0.0000
vt 0.5255 0.6458 0.0000
vt 0.5131 0.6582 0.0000
vt 0.5284 0.6491 0.0000
vt 0.5146 0.6599 0.0000
vt 0.5308 0.6526 0.0000
vt 0.5159 0.6617 0.0000
vt 0.5328 0.6565 0.0000
vt 0.5169 0.6637 0.0000
vt 0.5344 0.6605 0.0000
vt 0.5177 0.6658 0.0000
vt 0.5354 0.6648 0.0000
vt 0.5182 0.6679 0.0000
vt 0.5360 0.6691 0.0000
vt 0.5185 0.6701 0.0000
vt 0.5360 0.6734 0.0000
vt 0.5185 0.6724 0.0000
vt 0.5354 0.6777 0.0000
vt 0.5182 0.6746 0.0000
vt 0.5344 0.6819 0.0000
vt 0.5177 0.6767 0.0000
vt 0.5329 0.6860 -0.0000
vt 0.5169 0.6788 0.0000
vt 0.5309 0.6898 0.0000
vt 0.5159 0.6808 0.0000
vt 0.5284 0.6934 0.0000
vt 0.5146 0.6826 0.0000
vt 0.5255 0.6967 0.0000
vt 0.5131 0.6843 0.0000
vt 0.5223 0.6996 0.0000
vt 0.5115 0.6858 0.0000
vt 0.5187 0.7020 0.0000
vt 0.5096 0.6871 0.0000
vt 0.5149 0.7040 0.0000
vt 0.5077 0.6881 0.0000
vt 0.5108 0.7056 0.0000
vt 0.5056 0.6889 0.0000
vt 0.5066 0.7066 0.0000
vt 0.5034 0.6894 0.0000
vt 0.5023 0.7072 0.0000
vt 0.5012 0.6897 0.0000
vt 0.4979 0.7072 0.0000
vt 0.4990 0.6897 0.0000
vt 0.4936 0.7066 0.0000
vt 0.4968 0.6894 0.0000
vt 0.4894 0.7056 0.0000
vt 0.4946 0.6889 0.0000
vt 0.4853 0.7041 0.0000
vt 0.4925 0.6881 0.0000
vt 0.4815 0.7020 0.0000
vt 0.4905 0.6871 0.0000
vt 0.4779 0.6996 0.0000
vt 0.4887 0.6858 0.0000
vt 0.4747 0.6967 0.0000
vt 0.4870 0.6843 0.0000
vt 0.4718 0.6935 0.0000
vt 0.4856 0.6827 0.0000
vt 0.4693 0.6899 0.0000
vt 0.4843 0.6808 0.0000
vt 0.4673 0.6861 0.0000
vt 0.4833 0.6789 0.0000
vt 0.4658 0.6820 0.0000
vt 0.4825 0.6768 0.0000
vt 0.4647 0.6778 0.0000
vt 0.4819 0.6746 0.0000
vt 0.4642 0.6735 0.0000
vt 0.4817 0.6724 0.0000
vt 0.4642 0.6691 0.0000
vt 0.4817 0.6702 0.0000
vt 0.4647 0.6648 0.0000
vt 0.4819 0.6680 0.0000
vt 0.4657 0.6606 0.0000
vt 0.4825 0.6658 0.0000
vt 0.1744 0.0077 0.0000
vt 0.1765 0.0077 0.0000
vt 0.1763 0.0115 0.0000
vt 0.1743 0.0115 0.0000
vt 0.1786 0.0079 0.0000
vt 0.1783 0.0116 0.0000
vt 0.1806 0.0080 0.0000
vt 0.1803 0.0118 0.0000
vt 0.1827 0.0082 0.0000
vt 0.1823 0.0120 0.0000
vt 0.1848 0.0085 0.0000
vt 0.1842 0.0122 0.0000
vt 0.1869 0.0088 0.0000
vt 0.1862 0.0125 0.0000
vt 0.1889 0.0092 0.0000
vt 0.1882 0.0129 0.0000
vt 0.1910 0.0096 0.0000
vt 0.1901 0.0133 0.0000
vt 0.1931 0.0101 0.0000
vt 0.1921 0.0138 0.0000
vt 0.1953 0.0107 0.0000
vt 0.1940 0.0143 0.0000
vt 0.1974 0.0115 0.0000
vt 0.1960 0.0150 0.0000
vt 0.1994 0.0123 0.0000
vt 0.1979 0.0158 0.0000
vt 0.2015 0.0133 0.0000
vt 0.1998 0.0168 0.0000
vt 0.3312 0.0193 0.0000
vt 0.3333 0.0184 0.0000
vt 0.3346 0.0220 0.0000
vt 0.3327 0.0229 0.0000
vt 0.3354 0.0177 0.0000
vt 0.3366 0.0213 0.0000
vt 0.3375 0.0171 0.0000
vt 0.3386 0.0207 0.0000
vt 0.3397 0.0166 -0.0000
vt 0.3405 0.0203 0.0000
vt 0.3418 0.0162 0.0000
vt 0.3425 0.0199 0.0000
vt 0.3439 0.0158 0.0000
vt 0.3445 0.0196 0.0000
vt 0.3460 0.0156 0.0000
vt 0.3465 0.0193 0.0000
vt 0.3481 0.0154 0.0000
vt 0.3484 0.0191 0.0000
vt 0.3502 0.0152 0.0000
vt 0.3504 0.0190 0.0000
vt 0.3522 0.0151 0.0000
vt 0.3524 0.0189 0.0000
vt 0.3543 0.0150 0.0000
vt 0.3544 0.0188 0.0000
vt 0.3564 0.0150 0.0000
vt 0.3564 0.0188 0.0000
vt 0.3584 0.0150 0.0000
vt 0.3583 0.0188 0.0000
vt 0.3605 0.0151 0.0000
vt 0.3603 0.0189 0.0000
vt 0.3626 0.0152 0.0000
vt 0.3623 0.0190 0.0000
vt 0.3646 0.0154 0.0000
vt 0.3643 0.0192 0.0000
vt 0.3667 0.0156 0.0000
vt 0.3663 0.0194 0.0000
vt 0.3688 0.0158 0.0000
vt 0.3682 0.0196 0.0000
vt 0.3709 0.0162 0.0000
vt 0.3702 0.0199 0.0000
vt 0.3729 0.0165 0.0000
vt 0.3722 0.0203 0.0000
vt 0.3750 0.0170 0.0000
vt 0.3741 0.0207 0.0000
vt 0.3771 0.0175 0.0000
vt 0.3761 0.0211 0.0000
vt 0.3793 0.0181 0.0000
vt 0.3780 0.0217 0.0000
vt 0.3814 0.0188 0.0000
vt 0.3800 0.0224 0.0000
vt 0.3834 0.0197 0.0000
vt 0.3819 0.0231 0.0000
vt 0.3854 0.0207 0.0000
vt 0.3838 0.0241 0.0000
vt 0.1472 0.0119 0.0000
vt 0.1493 0.0111 0.0000
vt 0.1506 0.0146 0.0000
vt 0.1487 0.0155 0.0000
vt 0.1514 0.0103 0.0000
vt 0.1526 0.0139 0.0000
vt 0.1535 0.0097 0.0000
vt 0.1546 0.0134 0.0000
vt 0.1557 0.0092 -0.0000
vt 0.1565 0.0129 0.0000
vt 0.1578 0.0088 0.0000
vt 0.1585 0.0125 0.0000
vt 0.1599 0.0085 0.0000
vt 0.1605 0.0122 0.0000
vt 0.1620 0.0082 0.0000
vt 0.1625 0.0120 0.0000
vt 0.1641 0.0080 0.0000
vt 0.1644 0.0118 0.0000
vt 0.1662 0.0078 0.0000
vt 0.1664 0.0116 0.0000
vt 0.1682 0.0077 0.0000
vt 0.1684 0.0115 0.0000
vt 0.1703 0.0077 0.0000
vt 0.1704 0.0115 0.0000
vt 0.1724 0.0076 0.0000
vt 0.1724 0.0114 0.0000
vt 0.1761 0.0173 0.0000
vt 0.1742 0.0172 0.0000
vt 0.1779 0.0174 0.0000
vt 0.1797 0.0175 0.0000
vt 0.1816 0.0177 0.0000
vt 0.1834 0.0180 0.0000
vt 0.1852 0.0182 0.0000
vt 0.1869 0.0185 0.0000
vt 0.1887 0.0189 0.0000
vt 0.1903 0.0193 0.0000
vt 0.1920 0.0197 0.0000
vt 0.1936 0.0202 0.0000
vt 0.1950 0.0207 0.0000
vt 0.1964 0.0213 0.0000
vt 0.3372 0.0271 0.0000
vt 0.3358 0.0276 0.0000
vt 0.3387 0.0267 0.0000
vt 0.3403 0.0263 0.0000
vt 0.3420 0.0259 0.0000
vt 0.3437 0.0256 0.0000
vt 0.3454 0.0253 0.0000
vt 0.3472 0.0251 0.0000
vt 0.3490 0.0249 0.0000
vt 0.3508 0.0247 0.0000
vt 0.3527 0.0247 0.0000
vt 0.3545 0.0246 0.0000
vt 0.3564 0.0246 0.0000
vt 0.3582 0.0246 0.0000
vt 0.3601 0.0247 0.0000
vt 0.3619 0.0248 0.0000
vt 0.3637 0.0249 0.0000
vt 0.3655 0.0251 0.0000
vt 0.3674 0.0253 0.0000
vt 0.3692 0.0256 0.0000
vt 0.3709 0.0259 0.0000
vt 0.3727 0.0263 0.0000
vt 0.3743 0.0267 0.0000
vt 0.3760 0.0271 0.0000
vt 0.3776 0.0276 0.0000
vt 0.3790 0.0281 0.0000
vt 0.3804 0.0287 0.0000
vt 0.1532 0.0197 0.0000
vt 0.1518 0.0202 0.0000
vt 0.1547 0.0193 0.0000
vt 0.1563 0.0189 0.0000
vt 0.1580 0.0185 0.0000
vt 0.1597 0.0182 0.0000
vt 0.1614 0.0179 0.0000
vt 0.1632 0.0177 0.0000
vt 0.1650 0.0175 0.0000
vt 0.1669 0.0174 0.0000
vt 0.1687 0.0173 0.0000
vt 0.1705 0.0172 0.0000
vt 0.1724 0.0172 0.0000
vt 0.1750 0.0409 0.0000
vt 0.1737 0.0409 0.0000
vt 0.1764 0.0410 0.0000
vt 0.1778 0.0411 0.0000
vt 0.1792 0.0413 0.0000
vt 0.1806 0.0415 0.0000
vt 0.1819 0.0417 -0.0000
vt 0.1833 0.0419 0.0000
vt 0.1847 0.0422 0.0000
vt 0.1860 0.0426 0.0000
vt 0.1874 0.0430 0.0000
vt 0.1888 0.0434 0.0000
vt 0.1902 0.0439 0.0000
vt 0.1916 0.0443 0.0000
vt 0.3409 0.0505 0.0000
vt 0.3395 0.0508 0.0000
vt 0.3424 0.0501 0.0000
vt 0.3438 0.0497 0.0000
vt 0.3452 0.0493 0.0000
vt 0.3466 0.0491 0.0000
vt 0.3480 0.0488 0.0000
vt 0.3493 0.0486 0.0000
vt 0.3507 0.0485 0.0000
vt 0.3521 0.0484 0.0000
vt 0.3535 0.0483 0.0000
vt 0.3549 0.0483 0.0000
vt 0.3563 0.0482 0.0000
vt 0.3577 0.0483 0.0000
vt 0.3590 0.0483 0.0000
vt 0.3604 0.0484 0.0000
vt 0.3618 0.0485 0.0000
vt 0.3632 0.0486 0.0000
vt 0.3645 0.0488 0.0000
vt 0.3659 0.0490 -0.0000
vt 0.3673 0.0493 0.0000
vt 0.3687 0.0496 0.0000
vt 0.3700 0.0499 0.0000
vt 0.3714 0.0503 0.0000
vt 0.3728 0.0508 0.0000
vt 0.3742 0.0513 0.0000
vt 0.3756 0.0517 0.0000
vt 0.1570 0.0431 0.0000
vt 0.1555 0.0434 0.0000
vt 0.1584 0.0427 0.0000
vt 0.1598 0.0423 0.0000
vt 0.1612 0.0420 0.0000
vt 0.1626 0.0417 0.0000
vt 0.1640 0.0415 0.0000
vt 0.1653 0.0413 0.0000
vt 0.1667 0.0411 0.0000
vt 0.1681 0.0410 0.0000
vt 0.1695 0.0409 0.0000
vt 0.1709 0.0409 0.0000
vt 0.1723 0.0409 0.0000
vt 0.3670 0.0628 0.0000
vt 0.3678 0.0640 0.0000
vt 0.3593 0.0830 0.0000
vt 0.3578 0.0832 0.0000
vt 0.3685 0.0654 0.0000
vt 0.3608 0.0826 0.0000
vt 0.3691 0.0668 0.0000
vt 0.3695 0.0683 0.0000
vt 0.3636 0.0814 0.0000
vt 0.3622 0.0821 0.0000
vt 0.3695 0.0728 0.0000
vt 0.3691 0.0743 0.0000
vt 0.3679 0.0771 0.0000
vt 0.3670 0.0783 0.0000
vt 0.3660 0.0795 0.0000
vt 0.3696 0.0713 0.0000
vt 0.3648 0.0805 0.0000
vt 0.3696 0.0698 0.0000
vt 0.3563 0.0832 0.0000
vt 0.3660 0.0617 0.0000
vt 0.3548 0.0830 0.0000
vt 0.3648 0.0606 0.0000
vt 0.3533 0.0826 0.0000
vt 0.3636 0.0598 0.0000
vt 0.3519 0.0821 -0.0000
vt 0.3622 0.0591 -0.0000
vt 0.3506 0.0814 0.0000
vt 0.3493 0.0805 0.0000
vt 0.3593 0.0582 0.0000
vt 0.3608 0.0585 0.0000
vt 0.3482 0.0795 0.0000
vt 0.3578 0.0580 0.0000
vt 0.3471 0.0784 0.0000
vt 0.3563 0.0580 0.0000
vt 0.3463 0.0771 0.0000
vt 0.3548 0.0582 0.0000
vt 0.3456 0.0758 0.0000
vt 0.3450 0.0743 0.0000
vt 0.3519 0.0591 0.0000
vt 0.3533 0.0585 0.0000
vt 0.3447 0.0729 0.0000
vt 0.3505 0.0598 0.0000
vt 0.3445 0.0713 0.0000
vt 0.3493 0.0607 0.0000
vt 0.3445 0.0698 0.0000
vt 0.3481 0.0617 0.0000
vt 0.3447 0.0683 0.0000
vt 0.3450 0.0668 0.0000
vt 0.3463 0.0641 0.0000
vt 0.3471 0.0628 0.0000
vt 0.3686 0.0757 0.0000
vt 0.3456 0.0654 0.0000
vt 0.4499 0.9832 -0.6986
vt 0.4499 0.9710 -0.6986
vt 0.4523 0.9710 -0.6986
vt 0.4523 0.9832 -0.6986
vt 0.4475 0.9710 -0.6986
vt 0.4475 0.9832 -0.6986
vt 0.4547 0.9832 -0.6986
vt 0.4547 0.9710 -0.6986
vt 0.4572 0.9710 -0.6986
vt 0.4571 0.9832 0.6986
vt 0.4403 0.9832 -0.6986
vt 0.4403 0.9710 -0.6986
vt 0.4427 0.9710 -0.6986
vt 0.4427 0.9832 -0.6986
vt 0.4379 0.9710 -0.6986
vt 0.4379 0.9832 -0.6986
vt 0.4451 0.9832 -0.6986
vt 0.4451 0.9710 -0.6986
vt 0.4307 0.9832 -0.6986
vt 0.4307 0.9710 -0.6986
vt 0.4331 0.9710 -0.6986
vt 0.4331 0.9832 -0.6986
vt 0.4283 0.9710 -0.6986
vt 0.4283 0.9832 -0.6986
vt 0.4355 0.9832 -0.6986
vt 0.4355 0.9710 -0.6986
vt 0.4211 0.9832 -0.6986
vt 0.4211 0.9710 -0.6986
vt 0.4235 0.9710 -0.6986
vt 0.4235 0.9832 -0.6986
vt 0.4187 0.9710 -0.6986
vt 0.4187 0.9832 -0.6986
vt 0.4259 0.9832 -0.6986
vt 0.4259 0.9710 -0.6986
vt 0.4115 0.9831 -0.6986
vt 0.4115 0.9710 -0.6986
vt 0.4139 0.9710 -0.6986
vt 0.4139 0.9831 -0.6986
vt 0.4091 0.9710 -0.6986
vt 0.4091 0.9831 -0.6986
vt 0.4163 0.9832 -0.6986
vt 0.4163 0.9710 -0.6986
vt 0.4019 0.9831 -0.6986
vt 0.4019 0.9709 -0.6986
vt 0.4043 0.9709 -0.6986
vt 0.4043 0.9831 -0.6986
vt 0.3995 0.9709 -0.6986
vt 0.3995 0.9831 -0.6986
vt 0.4067 0.9831 -0.6986
vt 0.4067 0.9710 -0.6986
vt 0.3923 0.9831 -0.6986
vt 0.3924 0.9709 -0.6986
vt 0.3947 0.9709 -0.6986
vt 0.3947 0.9831 -0.6986
vt 0.3900 0.9709 -0.6986
vt 0.3899 0.9831 -0.6986
vt 0.3971 0.9831 -0.6986
vt 0.3971 0.9709 -0.6986
vt 0.3827 0.9831 -0.6986
vt 0.3828 0.9709 -0.6986
vt 0.3852 0.9709 -0.6986
vt 0.3851 0.9831 -0.6986
vt 0.3804 0.9709 -0.6986
vt 0.3803 0.9831 -0.6986
vt 0.3875 0.9831 -0.6986
vt 0.3876 0.9709 -0.6986
vt 0.3731 0.9831 -0.6986
vt 0.3732 0.9709 -0.6986
vt 0.3756 0.9709 -0.6986
vt 0.3755 0.9831 -0.6986
vt 0.3708 0.9709 -0.6986
vt 0.3707 0.9831 -0.6986
vt 0.3779 0.9831 -0.6986
vt 0.3780 0.9709 -0.6986
vt 0.3635 0.9831 -0.6986
vt 0.3636 0.9709 -0.6986
vt 0.3660 0.9709 -0.6986
vt 0.3659 0.9831 -0.6986
vt 0.3612 0.9709 -0.6986
vt 0.3611 0.9831 -0.6986
vt 0.3683 0.9831 -0.6986
vt 0.3684 0.9709 -0.6986
vt 0.3539 0.9831 -0.6986
vt 0.3539 0.9709 -0.6986
vt 0.3564 0.9709 -0.6986
vt 0.3563 0.9831 -0.6986
vt 0.3515 0.9709 -0.6986
vt 0.3515 0.9831 -0.6986
vt 0.3587 0.9831 -0.6986
vt 0.3588 0.9709 -0.6986
vt 0.3443 0.9831 -0.6986
vt 0.3443 0.9709 -0.6986
vt 0.3467 0.9709 -0.6986
vt 0.3467 0.9831 -0.6986
vt 0.3419 0.9709 -0.6986
vt 0.3419 0.9831 -0.6986
vt 0.3491 0.9831 -0.6986
vt 0.3491 0.9709 -0.6986
vt 0.3332 0.9831 -0.6986
vt 0.3332 0.9709 -0.6986
vt 0.3368 0.9709 -0.6986
vt 0.3368 0.9831 -0.6986
vt 0.3293 0.9709 -0.6986
vt 0.3293 0.9831 -0.6986
vt 0.3395 0.9831 -0.6986
vt 0.3395 0.9709 -0.6986
vt 0.4764 0.9710 -0.6986
vt 0.4764 0.9832 -0.6986
vt 0.2912 0.9830 0.6986
vt 0.2912 0.9709 -0.6986
vt 0.8617 0.6687 0.5937
vt 0.8453 0.6586 -0.5937
vt 0.8684 0.5788 0.5937
vt 0.9008 0.5988 -0.5937
vt 0.8683 0.6715 -0.5937
vt 0.8661 0.6707 -0.5937
vt 0.9070 0.6031 -0.5937
vt 0.9091 0.6049 -0.5937
vt 0.8706 0.6723 -0.5937
vt 0.9108 0.6065 -0.5937
vt 0.8639 0.6697 -0.5937
vt 0.9041 0.6010 -0.5937
vt 0.8776 0.6739 -0.5937
vt 0.8753 0.6735 -0.5937
vt 0.9140 0.6101 -0.5937
vt 0.9154 0.6121 -0.5937
vt 0.8800 0.6741 -0.5937
vt 0.9167 0.6141 -0.5937
vt 0.8729 0.6730 -0.5937
vt 0.9125 0.6083 -0.5937
vt 0.8872 0.6739 -0.5937
vt 0.8848 0.6741 -0.5937
vt 0.9189 0.6184 -0.5937
vt 0.9198 0.6206 -0.5937
vt 0.8896 0.6736 -0.5937
vt 0.9206 0.6229 -0.5937
vt 0.8824 0.6742 -0.5937
vt 0.9179 0.6162 -0.5937
vt 0.8965 0.6717 -0.5937
vt 0.8942 0.6725 -0.5937
vt 0.9217 0.6275 -0.5937
vt 0.9221 0.6299 -0.5937
vt 0.8987 0.6708 -0.5937
vt 0.9223 0.6323 -0.5937
vt 0.8919 0.6731 -0.5937
vt 0.9212 0.6252 -0.5937
vt 0.9050 0.6673 -0.5937
vt 0.9030 0.6686 -0.5937
vt 0.9223 0.6371 -0.5937
vt 0.9220 0.6395 -0.5937
vt 0.9070 0.6659 -0.5937
vt 0.9217 0.6418 -0.5937
vt 0.9009 0.6697 -0.5937
vt 0.9223 0.6347 -0.5937
vt 0.9122 0.6610 -0.5937
vt 0.9106 0.6627 -0.5937
vt 0.9205 0.6465 -0.5937
vt 0.9197 0.6488 -0.5937
vt 0.9138 0.6591 -0.5937
vt 0.9188 0.6510 -0.5937
vt 0.9088 0.6643 -0.5937
vt 0.9211 0.6442 -0.5937
vt 0.9177 0.6531 -0.5937
vt 0.9152 0.6572 -0.5937
vt 0.9165 0.6552 -0.5937
vt 0.5964 0.7743 0.5937
vt 0.6744 0.7560 -0.5937
vt 0.6846 0.7926 0.5937
vt 0.6015 0.7929 -0.5937
vt 0.5955 0.7671 -0.5937
vt 0.6708 0.7463 -0.5937
vt 0.6719 0.7489 -0.5937
vt 0.5957 0.7695 -0.5937
vt 0.5953 0.7647 -0.5937
vt 0.6697 0.7442 -0.5937
vt 0.5960 0.7719 -0.5937
vt 0.6731 0.7522 -0.5937
vt 0.5958 0.7575 -0.5937
vt 0.6656 0.7383 -0.5937
vt 0.6671 0.7402 -0.5937
vt 0.5955 0.7599 -0.5937
vt 0.5962 0.7552 -0.5937
vt 0.6640 0.7365 -0.5937
vt 0.5953 0.7623 -0.5937
vt 0.6685 0.7422 -0.5937
vt 0.5984 0.7483 -0.5937
vt 0.6587 0.7317 -0.5937
vt 0.6606 0.7332 -0.5937
vt 0.5975 0.7506 -0.5937
vt 0.5994 0.7461 -0.5937
vt 0.6567 0.7303 -0.5937
vt 0.5968 0.7529 -0.5937
vt 0.6623 0.7348 -0.5937
vt 0.6031 0.7400 -0.5937
vt 0.6503 0.7270 -0.5937
vt 0.6525 0.7280 -0.5937
vt 0.6017 0.7420 -0.5937
vt 0.6046 0.7381 -0.5937
vt 0.6481 0.7261 -0.5937
vt 0.6005 0.7440 -0.5937
vt 0.6547 0.7291 -0.5937
vt 0.6097 0.7330 -0.5937
vt 0.6411 0.7244 -0.5937
vt 0.6435 0.7248 -0.5937
vt 0.6079 0.7346 -0.5937
vt 0.6116 0.7316 -0.5937
vt 0.6387 0.7241 -0.5937
vt 0.6062 0.7363 -0.5937
vt 0.6458 0.7254 -0.5937
vt 0.6178 0.7279 -0.5937
vt 0.6316 0.7241 -0.5937
vt 0.6340 0.7239 -0.5937
vt 0.6156 0.7290 -0.5937
vt 0.6199 0.7269 -0.5937
vt 0.6292 0.7243 -0.5937
vt 0.6136 0.7302 -0.5937
vt 0.6364 0.7239 -0.5937
vt 0.6268 0.7248 -0.5937
vt 0.6222 0.7260 -0.5937
vt 0.6245 0.7253 -0.5937
vt 0.3434 0.9549 0.0001
vt 0.4416 0.9550 -0.0001
vt 0.4416 0.9667 -0.0001
vt 0.3434 0.9666 -0.0001
vt 0.7298 0.4472 0.1185
vt 0.7852 0.5282 -0.1185
vt 0.7851 0.5758 -0.1185
vt 0.7292 0.6565 0.1185
vt 0.7147 0.6539 -0.1185
vt 0.7145 0.6520 -0.1185
vt 0.7150 0.4516 -0.1185
vt 0.7153 0.4497 -0.1185
vt 0.7154 0.6556 -0.1185
vt 0.7159 0.4480 -0.1185
vt 0.7164 0.6572 -0.1185
vt 0.7169 0.4464 -0.1185
vt 0.7193 0.6594 -0.1185
vt 0.7177 0.6584 -0.1185
vt 0.7183 0.4452 -0.1185
vt 0.7199 0.4442 -0.1185
vt 0.7280 0.6579 -0.1185
vt 0.7265 0.6590 -0.1185
vt 0.7271 0.4447 -0.1185
vt 0.7286 0.4458 -0.1185
vt 0.7217 0.4437 -0.1185
vt 0.7211 0.6599 -0.1185
vt 0.7235 0.4436 -0.1185
vt 0.7230 0.6600 -0.1185
vt 0.7254 0.4439 -0.1185
vt 0.7248 0.6597 -0.1185
vt 0.3248 0.9549 -0.0001
vt 0.3248 0.9666 -0.0001
vt 0.3230 0.9666 -0.0001
vt 0.3230 0.9549 -0.0001
vt 0.3267 0.9549 -0.0001
vt 0.3267 0.9666 -0.0001
vt 0.3285 0.9549 -0.0001
vt 0.3285 0.9666 -0.0001
vt 0.3304 0.9549 -0.0001
vt 0.3304 0.9666 -0.0001
vt 0.3323 0.9549 -0.0001
vt 0.3323 0.9666 -0.0001
vt 0.3341 0.9549 -0.0001
vt 0.3341 0.9666 -0.0001
vt 0.3360 0.9549 -0.0001
vt 0.3360 0.9666 -0.0001
vt 0.3378 0.9549 -0.0001
vt 0.3378 0.9666 -0.0001
vt 0.3397 0.9549 -0.0001
vt 0.3397 0.9666 -0.0001
vt 0.3416 0.9549 -0.0001
vt 0.3415 0.9666 -0.0001
vt 0.1021 0.9664 0.0001
vt 0.0039 0.9663 -0.0001
vt 0.0039 0.9546 -0.0001
vt 0.1021 0.9547 -0.0001
vt 0.1225 0.9664 -0.0001
vt 0.1207 0.9664 -0.0001
vt 0.1207 0.9547 -0.0001
vt 0.1225 0.9547 -0.0001
vt 0.1188 0.9664 -0.0001
vt 0.1188 0.9547 -0.0001
vt 0.1169 0.9664 -0.0001
vt 0.1170 0.9547 -0.0001
vt 0.1151 0.9664 -0.0001
vt 0.1151 0.9547 -0.0001
vt 0.1132 0.9664 -0.0001
vt 0.1132 0.9547 -0.0001
vt 0.1114 0.9664 -0.0001
vt 0.1114 0.9547 -0.0001
vt 0.1095 0.9664 -0.0001
vt 0.1095 0.9547 -0.0001
vt 0.1077 0.9664 -0.0001
vt 0.1077 0.9547 -0.0001
vt 0.1058 0.9664 -0.0001
vt 0.1058 0.9547 -0.0001
vt 0.1040 0.9664 -0.0001
vt 0.1040 0.9547 -0.0001
vt 0.9426 0.4383 -0.1185
vt 0.9420 0.6476 -0.1185
vt 0.8865 0.5666 0.1185
vt 0.8866 0.5190 0.1185
vt 0.9565 0.6450 0.1185
vt 0.9570 0.4409 0.1185
vt 0.9572 0.4427 0.1185
vt 0.9567 0.6432 0.1185
vt 0.9559 0.6468 0.1185
vt 0.9564 0.4391 0.1185
vt 0.9548 0.6483 0.1185
vt 0.9554 0.4376 0.1185
vt 0.9519 0.6505 0.1185
vt 0.9524 0.4354 0.1185
vt 0.9540 0.4363 0.1185
vt 0.9535 0.6496 0.1185
vt 0.9432 0.6490 0.1185
vt 0.9438 0.4368 0.1185
vt 0.9453 0.4357 0.1185
vt 0.9447 0.6501 0.1185
vt 0.9501 0.6511 0.1185
vt 0.9507 0.4348 0.1185
vt 0.9482 0.6512 0.1185
vt 0.9488 0.4347 0.1185
vt 0.9464 0.6508 0.1185
vt 0.9470 0.4350 0.1185
vt 0.9862 0.4931 1.8101
vt 0.9661 0.4932 1.8101
vt 0.9661 0.4835 1.8101
vt 0.9862 0.4834 1.8101
vt 0.9661 0.4738 1.8101
vt 0.9862 0.4737 -1.8101
vt 0.9661 0.4641 1.8101
vt 0.9862 0.4640 1.8101
vt 0.9661 0.4544 1.8101
vt 0.9862 0.4543 1.8101
vt 0.9661 0.4446 1.8101
vt 0.9862 0.4446 1.8101
vt 0.9661 0.4349 1.8101
vt 0.9862 0.4349 1.8101
vt 0.9661 0.4252 1.8101
vt 0.9862 0.4252 1.8101
vt 0.9661 0.4155 1.8101
vt 0.9862 0.4155 1.8101
vt 0.9661 0.4058 1.8101
vt 0.9862 0.4058 1.8101
vt 0.9661 0.3961 1.8101
vt 0.9862 0.3961 1.8101
vt 0.9661 0.3864 1.8101
vt 0.9862 0.3864 1.8101
vt 0.9661 0.3767 1.8101
vt 0.9862 0.3767 1.8101
vt 0.9661 0.3670 1.8101
vt 0.9862 0.3670 1.8101
vt 0.9661 0.3573 1.8101
vt 0.9862 0.3573 1.8101
vt 0.9661 0.3476 1.8101
vt 0.9861 0.3476 1.8101
vt 0.9661 0.3379 1.8101
vt 0.9861 0.3379 1.8101
vt 0.9661 0.3282 1.8101
vt 0.9861 0.3282 1.8101
vt 0.9661 0.3185 1.8101
vt 0.9861 0.3185 1.8101
vt 0.9661 0.3088 1.8101
vt 0.9861 0.3088 1.8101
vt 0.9661 0.2991 1.8101
vt 0.9861 0.2991 -1.8101
vt 0.9661 0.2894 1.8101
vt 0.9861 0.2894 1.8101
vt 0.9661 0.2797 1.8101
vt 0.9861 0.2797 1.8101
vt 0.9661 0.2700 1.8101
vt 0.9861 0.2700 1.8101
vt 0.9661 0.2603 1.8101
vt 0.9861 0.2603 1.8101
vt 0.9664 0.0430 -1.8100
vt 0.9864 0.0430 1.8100
vt 0.9864 0.0527 1.8100
vt 0.9664 0.0527 1.8100
vt 0.9864 0.0624 1.8100
vt 0.9664 0.0624 1.8100
vt 0.9864 0.0721 1.8100
vt 0.9664 0.0721 1.8100
vt 0.9864 0.0818 1.8100
vt 0.9664 0.0818 1.8100
vt 0.9864 0.0915 1.8100
vt 0.9664 0.0915 1.8100
vt 0.9664 0.0042 1.8100
vt 0.9864 0.0042 1.8100
vt 0.9864 0.0139 1.8100
vt 0.9664 0.0139 1.8100
vt 0.9864 0.1012 1.8100
vt 0.9664 0.1012 1.8100
vt 0.9664 0.1109 1.8100
vt 0.9864 0.1109 1.8100
vt 0.9864 0.1206 1.8100
vt 0.9664 0.1206 1.8100
vt 0.9864 0.1303 1.8100
vt 0.9664 0.1303 1.8100
vt 0.9864 0.1400 1.8100
vt 0.9664 0.1400 1.8100
vt 0.9664 0.1497 1.8100
vt 0.9864 0.1497 1.8100
vt 0.9864 0.1594 1.8100
vt 0.9664 0.1594 1.8100
vt 0.9865 0.1691 1.8100
vt 0.9664 0.1691 1.8100
vt 0.9865 0.1788 1.8100
vt 0.9664 0.1788 1.8100
vt 0.9865 0.1885 1.8100
vt 0.9664 0.1885 1.8100
vt 0.9664 0.2176 -1.8100
vt 0.9865 0.2176 1.8100
vt 0.9865 0.2273 1.8100
vt 0.9664 0.2273 1.8100
vt 0.9865 0.2370 1.8100
vt 0.9664 0.2370 1.8100
vt 0.1836 0.5656 4.6237
vt 0.1635 0.5656 4.6237
vt 0.1636 0.0841 4.6237
vt 0.1836 0.0842 4.6237
vt 0.3434 0.5758 4.6237
vt 0.3416 0.5854 4.6237
vt 0.3417 0.0654 4.6237
vt 0.3434 0.0749 4.6237
vt 0.3388 0.5946 4.6237
vt 0.3388 0.0561 4.6237
vt 0.3348 0.6035 4.6237
vt 0.3348 0.0472 4.6237
vt 0.3298 0.6118 4.6237
vt 0.3298 0.0389 4.6237
vt 0.3238 0.6194 4.6237
vt 0.3238 0.0312 4.6237
vt 0.3169 0.6263 4.6237
vt 0.3170 0.0244 4.6237
vt 0.3093 0.6322 4.6237
vt 0.3094 0.0184 4.6237
vt 0.3010 0.6373 4.6237
vt 0.3011 0.0133 4.6237
vt 0.2921 0.6412 4.6237
vt 0.2922 0.0093 4.6237
vt 0.2829 0.6441 4.6237
vt 0.2830 0.0064 4.6237
vt 0.2733 0.6458 4.6237
vt 0.2734 0.0046 4.6237
vt 0.2636 0.6464 -4.6237
vt 0.2638 0.0040 -4.6237
vt 0.2540 0.6458 4.6237
vt 0.2541 0.0046 4.6237
vt 0.2444 0.6440 4.6237
vt 0.2445 0.0063 4.6237
vt 0.2352 0.6411 4.6237
vt 0.2353 0.0092 4.6237
vt 0.2264 0.6371 4.6237
vt 0.2265 0.0132 4.6237
vt 0.2181 0.6321 4.6237
vt 0.2182 0.0182 4.6237
vt 0.2104 0.6260 4.6237
vt 0.2105 0.0241 4.6237
vt 0.1841 0.5754 4.6237
vt 0.1841 0.0745 4.6237
vt 0.1859 0.0650 4.6237
vt 0.1858 0.5849 4.6237
vt 0.3440 0.5661 4.6237
vt 0.3440 0.0846 4.6237
vt 0.1887 0.0557 4.6237
vt 0.1887 0.5942 4.6237
vt 0.1927 0.0469 4.6237
vt 0.1927 0.6031 4.6237
vt 0.1977 0.0386 4.6237
vt 0.1977 0.6115 4.6237
vt 0.2037 0.0310 4.6237
vt 0.2036 0.6191 4.6237
vt 0.9864 0.0236 1.8100
vt 0.9664 0.0236 1.8100
vt 0.9864 0.0333 1.8100
vt 0.9664 0.0333 1.8100
vt 0.9865 0.1982 1.8100
vt 0.9664 0.1982 1.8100
vt 0.9865 0.2079 1.8100
vt 0.9664 0.2079 1.8100
vt 0.0034 0.5747 4.6237
vt 0.0040 0.0738 4.6237
vt 0.0058 0.0643 4.6237
vt 0.0051 0.5843 4.6237
vt 0.0087 0.0550 4.6237
vt 0.0080 0.5936 4.6237
vt 0.0127 0.0462 4.6237
vt 0.0120 0.6024 4.6237
vt 0.0177 0.0379 4.6237
vt 0.0170 0.6108 4.6237
vt 0.0237 0.0302 4.6237
vt 0.0230 0.6184 4.6237
vt 0.0305 0.0234 4.6237
vt 0.0298 0.6253 4.6237
vt 0.0382 0.0174 4.6237
vt 0.0374 0.6313 4.6237
vt 0.0465 0.0124 4.6237
vt 0.0458 0.6364 4.6237
vt 0.0553 0.0085 4.6237
vt 0.0546 0.6404 4.6237
vt 0.0645 0.0056 4.6237
vt 0.0639 0.6433 4.6237
vt 0.0741 0.0039 4.6237
vt 0.0734 0.6451 4.6237
vt 0.0837 0.0033 4.6237
vt 0.0831 0.6457 4.6237
vt 0.0934 0.0039 4.6237
vt 0.0928 0.6451 4.6237
vt 0.1029 0.0057 4.6237
vt 0.1024 0.6434 4.6237
vt 0.1121 0.0086 4.6237
vt 0.1116 0.6405 4.6237
vt 0.1210 0.0126 4.6237
vt 0.1205 0.6366 4.6237
vt 0.1292 0.0177 4.6237
vt 0.1288 0.6316 4.6237
vt 0.1364 0.6256 4.6237
vt 0.1368 0.0237 4.6237
vt 0.1629 0.5753 4.6237
vt 0.1612 0.5848 4.6237
vt 0.1613 0.0648 4.6237
vt 0.1630 0.0744 4.6237
vt 0.1583 0.5941 4.6237
vt 0.1585 0.0555 4.6237
vt 0.1543 0.6029 4.6237
vt 0.1545 0.0466 4.6237
vt 0.1493 0.6112 4.6237
vt 0.1496 0.0383 4.6237
vt 0.1433 0.6188 4.6237
vt 0.1436 0.0306 4.6237
vt 0.0028 0.5650 4.6237
vt 0.0034 0.0835 4.6237
vt 0.9862 0.5028 1.8101
vt 0.9661 0.5029 1.8101
vt 0.9862 0.5125 1.8101
vt 0.9661 0.5126 1.8101
vt 0.9664 0.2467 1.8100
vt 0.9865 0.2467 1.8100
vt 0.9664 0.2564 1.8100
vt 0.9865 0.2564 1.8100
vt 0.3641 0.0846 4.6237
vt 0.3641 0.5661 4.6237
vt 0.6152 0.8973 1.8582
vt 0.6152 0.8997 -1.8582
vt 0.5462 0.8997 -1.8582
vt 0.5462 0.8972 -1.8582
vt 0.6152 0.9021 -1.8582
vt 0.5462 0.9021 -1.8582
vt 0.6152 0.9045 -1.8582
vt 0.5462 0.9045 -1.8582
vt 0.6152 0.9070 -1.8582
vt 0.5462 0.9069 -1.8582
vt 0.6152 0.9094 -1.8582
vt 0.5462 0.9093 -1.8582
vt 0.6152 0.9118 -1.8582
vt 0.5462 0.9117 -1.8582
vt 0.6152 0.9142 -1.8582
vt 0.5462 0.9141 -1.8582
vt 0.6152 0.9166 -1.8582
vt 0.5462 0.9166 -1.8582
vt 0.6152 0.9190 -1.8582
vt 0.5462 0.9190 -1.8582
vt 0.6152 0.9214 -1.8582
vt 0.5462 0.9214 -1.8582
vt 0.6152 0.9238 -1.8582
vt 0.5462 0.9238 -1.8582
vt 0.6152 0.9263 -1.8582
vt 0.5462 0.9262 -1.8582
vt 0.6152 0.9287 1.8582
vt 0.5462 0.9286 -1.8582
vt 0.8069 0.9287 -0.9783
vt 0.8069 0.9312 0.9783
vt 0.6189 0.9310 -0.9783
vt 0.6189 0.9286 -0.9783
vt 0.8069 0.9263 -0.9783
vt 0.6189 0.9262 -0.9783
vt 0.8069 0.9239 -0.9783
vt 0.6189 0.9238 -0.9783
vt 0.8069 0.9215 -0.9783
vt 0.6189 0.9214 -0.9783
vt 0.8069 0.9191 -0.9783
vt 0.6189 0.9190 -0.9783
vt 0.8069 0.9167 -0.9783
vt 0.6189 0.9165 -0.9783
vt 0.8069 0.9143 -0.9783
vt 0.6189 0.9141 -0.9783
vt 0.8069 0.9119 -0.9783
vt 0.6189 0.9117 -0.9783
vt 0.8069 0.9095 -0.9783
vt 0.6189 0.9093 -0.9783
vt 0.8069 0.9070 -0.9783
vt 0.6189 0.9069 -0.9783
vt 0.8069 0.9046 -0.9783
vt 0.6189 0.9045 -0.9783
vt 0.8070 0.9022 -0.9783
vt 0.6189 0.9021 -0.9783
vt 0.8070 0.8998 -0.9783
vt 0.6189 0.8996 0.9783
vt 0.9970 0.8439 -121.1688
vt 0.9970 0.8463 121.1688
vt 0.8089 0.8462 -121.1688
vt 0.8089 0.8438 -121.1688
vt 0.9970 0.8415 -121.1688
vt 0.8089 0.8414 -121.1688
vt 0.9970 0.8391 -121.1688
vt 0.8089 0.8389 -121.1688
vt 0.9970 0.8367 -121.1688
vt 0.8089 0.8365 -121.1688
vt 0.9970 0.8343 -121.1688
vt 0.8089 0.8341 -121.1688
vt 0.9970 0.8318 -121.1688
vt 0.8089 0.8317 -121.1688
vt 0.9970 0.8294 -121.1688
vt 0.8089 0.8293 -121.1688
vt 0.9970 0.8270 -121.1688
vt 0.8089 0.8269 -121.1688
vt 0.9970 0.8246 -121.1688
vt 0.8089 0.8244 -121.1688
vt 0.9969 0.8849 -121.1688
vt 0.9969 0.8874 -121.1688
vt 0.8089 0.8872 -121.1688
vt 0.8089 0.8848 -121.1688
vt 0.9969 0.8825 -121.1688
vt 0.8089 0.8824 -121.1688
vt 0.9969 0.8801 -121.1688
vt 0.8089 0.8800 -121.1688
vt 0.9969 0.8777 -121.1688
vt 0.8089 0.8775 121.1688
vt 0.9969 0.8753 -121.1688
vt 0.8089 0.8751 -121.1688
vt 0.9969 0.8729 -121.1688
vt 0.8089 0.8727 -121.1688
vt 0.9969 0.8705 -121.1688
vt 0.8089 0.8703 -121.1688
vt 0.9969 0.8680 -121.1688
vt 0.8089 0.8679 -121.1688
vt 0.9969 0.8656 -121.1688
vt 0.8089 0.8655 -121.1688
vt 0.9969 0.8632 -121.1688
vt 0.8089 0.8631 -121.1688
vt 0.9969 0.8608 -121.1688
vt 0.8089 0.8607 -121.1688
vt 0.9969 0.8584 -121.1688
vt 0.8089 0.8582 -121.1688
vt 0.9969 0.8560 -121.1688
vt 0.8089 0.8558 -121.1688
vt 0.9970 0.8536 -121.1688
vt 0.8089 0.8534 -121.1688
vt 0.9970 0.8512 -121.1688
vt 0.8089 0.8510 -121.1688
vt 0.9970 0.8487 -121.1688
vt 0.8089 0.8486 -121.1688
vt 0.8070 0.8974 -0.9783
vt 0.6189 0.8972 -0.9783
vt 0.8070 0.8950 -0.9783
vt 0.6189 0.8948 -0.9783
vt 0.8070 0.8925 -0.9783
vt 0.6189 0.8924 -0.9783
vt 0.8070 0.8901 -0.9783
vt 0.6189 0.8900 -0.9783
vt 0.8069 0.9505 -0.9783
vt 0.8069 0.9529 -0.9783
vt 0.6188 0.9527 -0.9783
vt 0.6188 0.9503 -0.9783
vt 0.8069 0.9481 -0.9783
vt 0.6188 0.9479 -0.9783
vt 0.8069 0.9456 -0.9783
vt 0.6188 0.9455 -0.9783
vt 0.8069 0.9432 -0.9783
vt 0.6189 0.9431 -0.9783
vt 0.8069 0.9408 -0.9783
vt 0.6189 0.9407 -0.9783
vt 0.8069 0.9384 -0.9783
vt 0.6189 0.9383 -0.9783
vt 0.8069 0.9360 -0.9783
vt 0.6189 0.9358 -0.9783
vt 0.8069 0.9336 -0.9783
vt 0.6189 0.9334 -0.9783
vt 0.6152 0.9311 -1.8582
vt 0.5462 0.9310 -1.8582
vt 0.6152 0.9335 -1.8582
vt 0.5462 0.9334 -1.8582
vt 0.6152 0.9359 -1.8582
vt 0.5462 0.9359 -1.8582
vt 0.6152 0.9383 -1.8582
vt 0.5462 0.9383 -1.8582
vt 0.6152 0.9407 -1.8582
vt 0.5462 0.9407 -1.8582
vt 0.6152 0.9431 -1.8582
vt 0.5462 0.9431 -1.8582
vt 0.6152 0.9456 -1.8582
vt 0.5462 0.9455 -1.8582
vt 0.6152 0.9480 -1.8582
vt 0.5462 0.9479 -1.8582
vt 0.6152 0.9504 -1.8582
vt 0.5462 0.9503 -1.8582
vt 0.6152 0.9528 -1.8582
vt 0.5462 0.9528 -1.8582
vt 0.6152 0.8901 -1.8582
vt 0.6152 0.8925 -1.8582
vt 0.5463 0.8924 -1.8582
vt 0.5463 0.8900 -1.8582
vt 0.6152 0.8949 -1.8582
vt 0.5462 0.8948 -1.8582
vt 0.6144 0.8649 1.4025
vt 0.5455 0.8648 -1.4025
vt 0.5455 0.8624 -1.4025
vt 0.6144 0.8625 -1.4025
vt 0.5455 0.8600 -1.4025
vt 0.6144 0.8601 -1.4025
vt 0.5455 0.8576 -1.4025
vt 0.6144 0.8577 -1.4025
vt 0.5455 0.8552 -1.4025
vt 0.6144 0.8552 -1.4025
vt 0.5455 0.8528 -1.4025
vt 0.6144 0.8528 -1.4025
vt 0.5455 0.8504 -1.4025
vt 0.6144 0.8504 -1.4025
vt 0.5455 0.8480 -1.4025
vt 0.6144 0.8480 -1.4025
vt 0.5455 0.8455 -1.4025
vt 0.6144 0.8456 -1.4025
vt 0.5455 0.8431 -1.4025
vt 0.6144 0.8432 -1.4025
vt 0.5455 0.8407 -1.4025
vt 0.6144 0.8408 -1.4025
vt 0.5455 0.8383 -1.4025
vt 0.6144 0.8384 -1.4025
vt 0.5455 0.8359 -1.4025
vt 0.6144 0.8359 -1.4025
vt 0.5455 0.8335 1.4025
vt 0.6144 0.8335 -1.4025
vt 0.8080 0.9408 -0.9783
vt 0.9961 0.9410 -0.9783
vt 0.9961 0.9434 -0.9783
vt 0.8080 0.9432 0.9783
vt 0.8080 0.9384 -0.9783
vt 0.9961 0.9385 -0.9783
vt 0.8080 0.9360 -0.9783
vt 0.9961 0.9361 -0.9783
vt 0.8080 0.9336 -0.9783
vt 0.9961 0.9337 -0.9783
vt 0.8080 0.9312 -0.9783
vt 0.9961 0.9313 -0.9783
vt 0.8080 0.9287 -0.9783
vt 0.9961 0.9289 -0.9783
vt 0.8080 0.9263 -0.9783
vt 0.9961 0.9265 -0.9783
vt 0.8080 0.9239 -0.9783
vt 0.9961 0.9241 -0.9783
vt 0.8080 0.9215 -0.9783
vt 0.9961 0.9217 -0.9783
vt 0.8080 0.9191 -0.9783
vt 0.9961 0.9192 -0.9783
vt 0.8080 0.9167 -0.9783
vt 0.9961 0.9168 -0.9783
vt 0.8080 0.9143 -0.9783
vt 0.9961 0.9144 -0.9783
vt 0.8080 0.9119 -0.9783
vt 0.9961 0.9120 0.9783
vt 0.6193 0.8325 -385.4052
vt 0.8074 0.8326 -385.4052
vt 0.8074 0.8350 -385.4052
vt 0.6193 0.8349 385.4052
vt 0.6193 0.8301 -385.4052
vt 0.8074 0.8302 -385.4052
vt 0.6193 0.8277 -385.4052
vt 0.8074 0.8278 -385.4052
vt 0.6193 0.8252 -385.4052
vt 0.8074 0.8254 -385.4052
vt 0.6193 0.8856 -385.4052
vt 0.8073 0.8857 -385.4052
vt 0.8073 0.8881 -385.4052
vt 0.6193 0.8880 -385.4052
vt 0.6193 0.8832 -385.4052
vt 0.8073 0.8833 -385.4052
vt 0.6193 0.8808 -385.4052
vt 0.8073 0.8809 -385.4052
vt 0.6193 0.8783 -385.4052
vt 0.8073 0.8785 -385.4052
vt 0.6193 0.8759 -385.4052
vt 0.8073 0.8761 -385.4052
vt 0.6193 0.8735 -385.4052
vt 0.8073 0.8737 -385.4052
vt 0.6193 0.8711 -385.4052
vt 0.8073 0.8712 -385.4052
vt 0.6193 0.8687 -385.4052
vt 0.8073 0.8688 -385.4052
vt 0.6193 0.8663 -385.4052
vt 0.8073 0.8664 385.4052
vt 0.6193 0.8639 -385.4052
vt 0.8073 0.8640 -385.4052
vt 0.6193 0.8614 -385.4052
vt 0.8073 0.8616 -385.4052
vt 0.6193 0.8590 -385.4052
vt 0.8073 0.8592 -385.4052
vt 0.6193 0.8566 -385.4052
vt 0.8073 0.8568 -385.4052
vt 0.6193 0.8542 -385.4052
vt 0.8073 0.8544 -385.4052
vt 0.6193 0.8518 -385.4052
vt 0.8073 0.8519 -385.4052
vt 0.6193 0.8494 -385.4052
vt 0.8073 0.8495 -385.4052
vt 0.6193 0.8470 -385.4052
vt 0.8073 0.8471 -385.4052
vt 0.6193 0.8446 -385.4052
vt 0.8073 0.8447 -385.4052
vt 0.6193 0.8421 -385.4052
vt 0.8074 0.8423 -385.4052
vt 0.6193 0.8397 -385.4052
vt 0.8074 0.8399 -385.4052
vt 0.6193 0.8373 -385.4052
vt 0.8074 0.8375 -385.4052
vt 0.8080 0.9094 -0.9783
vt 0.9961 0.9096 -0.9783
vt 0.8080 0.9070 -0.9783
vt 0.9961 0.9072 -0.9783
vt 0.8080 0.9046 -0.9783
vt 0.9961 0.9048 -0.9783
vt 0.8080 0.9022 -0.9783
vt 0.9961 0.9024 -0.9783
vt 0.8080 0.8998 -0.9783
vt 0.9961 0.8999 -0.9783
vt 0.8080 0.8974 -0.9783
vt 0.9961 0.8975 -0.9783
vt 0.8080 0.8950 -0.9783
vt 0.9961 0.8951 -0.9783
vt 0.8080 0.8925 -0.9783
vt 0.9961 0.8927 -0.9783
vt 0.8080 0.8901 -0.9783
vt 0.9961 0.8903 -0.9783
vt 0.8080 0.9505 -0.9783
vt 0.9960 0.9506 -0.9783
vt 0.9960 0.9530 -0.9783
vt 0.8080 0.9529 -0.9783
vt 0.8080 0.9481 -0.9783
vt 0.9960 0.9482 -0.9783
vt 0.8080 0.9456 -0.9783
vt 0.9960 0.9458 -0.9783
vt 0.5455 0.8311 -1.4025
vt 0.6144 0.8311 -1.4025
vt 0.5455 0.8286 -1.4025
vt 0.6144 0.8287 -1.4025
vt 0.5455 0.8262 -1.4025
vt 0.6144 0.8263 -1.4025
vt 0.5455 0.8238 -1.4025
vt 0.6144 0.8239 -1.4025
vt 0.6144 0.8866 -1.4025
vt 0.5455 0.8866 -1.4025
vt 0.5455 0.8842 -1.4025
vt 0.6144 0.8842 -1.4025
vt 0.5455 0.8817 -1.4025
vt 0.6144 0.8818 -1.4025
vt 0.5455 0.8793 -1.4025
vt 0.6144 0.8794 -1.4025
vt 0.5455 0.8769 -1.4025
vt 0.6144 0.8770 -1.4025
vt 0.5455 0.8745 -1.4025
vt 0.6144 0.8745 -1.4025
vt 0.5455 0.8721 -1.4025
vt 0.6144 0.8721 -1.4025
vt 0.5455 0.8697 -1.4025
vt 0.6144 0.8697 -1.4025
vt 0.5455 0.8673 -1.4025
vt 0.6144 0.8673 -1.4025
vt 0.9669 0.7298 4.4077
vt 0.9669 0.7244 4.4077
vt 0.9876 0.7244 4.4077
vt 0.9876 0.7298 -4.4077
vt 0.9669 0.7190 4.4077
vt 0.9876 0.7190 4.4077
vt 0.9669 0.7135 4.4077
vt 0.9876 0.7135 4.4077
vt 0.9669 0.7081 4.4077
vt 0.9876 0.7081 4.4077
vt 0.9669 0.7027 4.4077
vt 0.9876 0.7027 4.4077
vt 0.9669 0.6973 4.4077
vt 0.9876 0.6973 4.4077
vt 0.9669 0.6918 4.4077
vt 0.9876 0.6918 4.4077
vt 0.9669 0.6864 4.4077
vt 0.9876 0.6864 4.4077
vt 0.9669 0.6810 4.4077
vt 0.9876 0.6810 4.4077
vt 0.9669 0.6756 4.4077
vt 0.9876 0.6756 4.4077
vt 0.9669 0.6701 4.4077
vt 0.9876 0.6701 4.4077
vt 0.9669 0.6647 4.4077
vt 0.9876 0.6647 4.4077
vt 0.9669 0.6593 4.4077
vt 0.9876 0.6593 4.4077
vt 0.9669 0.6539 4.4077
vt 0.9876 0.6539 4.4077
vt 0.9669 0.6484 4.4077
vt 0.9876 0.6484 4.4077
vt 0.9669 0.6430 4.4077
vt 0.9876 0.6430 4.4077
vt 0.9669 0.6376 4.4077
vt 0.9876 0.6376 4.4077
vt 0.9670 0.6321 4.4077
vt 0.9876 0.6322 4.4077
vt 0.9670 0.6267 4.4077
vt 0.9876 0.6267 4.4077
vt 0.9670 0.6213 4.4077
vt 0.9876 0.6213 4.4077
vt 0.9670 0.6159 4.4077
vt 0.9876 0.6159 4.4077
vt 0.9670 0.6104 4.4077
vt 0.9876 0.6104 4.4077
vt 0.9670 0.6050 4.4077
vt 0.9876 0.6050 4.4077
vt 0.9670 0.5996 4.4077
vt 0.9876 0.5996 4.4077
vt 0.9670 0.5942 4.4077
vt 0.9876 0.5942 4.4077
vt 0.9670 0.5887 4.4077
vt 0.9876 0.5887 -4.4077
vt 0.9670 0.5833 4.4077
vt 0.9876 0.5833 4.4077
vt 0.9670 0.5779 4.4077
vt 0.9876 0.5779 4.4077
vt 0.9670 0.5724 4.4077
vt 0.9876 0.5724 4.4077
vt 0.9670 0.5670 4.4077
vt 0.9876 0.5670 4.4077
vt 0.9670 0.5616 4.4077
vt 0.9876 0.5616 4.4077
vt 0.9670 0.5562 4.4077
vt 0.9876 0.5562 4.4077
vt 0.9670 0.5507 4.4077
vt 0.9876 0.5507 4.4077
vt 0.9670 0.5453 4.4077
vt 0.9876 0.5453 4.4077
vt 0.9670 0.5399 4.4077
vt 0.9876 0.5399 4.4077
vt 0.9670 0.5345 4.4077
vt 0.9876 0.5345 4.4077
vt 0.9670 0.5290 4.4077
vt 0.9876 0.5290 4.4077
vt 0.9670 0.5236 4.4077
vt 0.9876 0.5236 4.4077
vt 0.9670 0.5182 4.4077
vt 0.9876 0.5182 4.4077
vt 0.9669 0.8003 4.4077
vt 0.9669 0.7949 4.4077
vt 0.9876 0.7949 4.4077
vt 0.9876 0.8003 4.4077
vt 0.9669 0.7895 4.4077
vt 0.9876 0.7895 4.4077
vt 0.9669 0.7841 4.4077
vt 0.9876 0.7841 4.4077
vt 0.9669 0.7786 4.4077
vt 0.9876 0.7786 4.4077
vt 0.9669 0.7732 4.4077
vt 0.9876 0.7732 4.4077
vt 0.9669 0.7678 4.4077
vt 0.9876 0.7678 4.4077
vt 0.9669 0.7624 4.4077
vt 0.9876 0.7624 4.4077
vt 0.9669 0.7569 4.4077
vt 0.9876 0.7569 4.4077
vt 0.9669 0.7515 4.4077
vt 0.9876 0.7515 4.4077
vt 0.9669 0.7461 4.4077
vt 0.9876 0.7461 4.4077
vt 0.9669 0.7407 4.4077
vt 0.9876 0.7407 4.4077
vt 0.9669 0.7352 4.4077
vt 0.9876 0.7352 4.4077
vt 0.8022 0.5896 -2.5693
vt 0.8078 0.5899 2.5693
vt 0.8073 0.5937 2.5693
vt 0.8022 0.5934 2.5693
vt 0.8133 0.5909 2.5693
vt 0.8124 0.5946 2.5693
vt 0.8186 0.5926 2.5693
vt 0.8173 0.5961 2.5693
vt 0.8237 0.5949 2.5693
vt 0.8220 0.5982 2.5693
vt 0.8285 0.5978 2.5693
vt 0.8264 0.6009 2.5693
vt 0.8329 0.6012 2.5693
vt 0.8304 0.6041 2.5693
vt 0.8369 0.6052 2.5693
vt 0.8340 0.6077 2.5693
vt 0.8403 0.6096 2.5693
vt 0.8372 0.6118 2.5693
vt 0.8432 0.6144 2.5693
vt 0.8398 0.6162 2.5693
vt 0.8455 0.6195 2.5693
vt 0.8419 0.6208 2.5693
vt 0.8472 0.6248 2.5693
vt 0.8434 0.6257 2.5693
vt 0.8482 0.6303 2.5693
vt 0.8444 0.6308 2.5693
vt 0.8485 0.6359 2.5693
vt 0.8447 0.6359 2.5693
vt 0.8482 0.6415 2.5693
vt 0.8444 0.6410 2.5693
vt 0.8472 0.6470 2.5693
vt 0.8434 0.6461 2.5693
vt 0.8455 0.6523 2.5693
vt 0.8419 0.6510 2.5693
vt 0.8432 0.6574 2.5693
vt 0.8398 0.6557 2.5693
vt 0.8403 0.6622 2.5693
vt 0.8372 0.6601 2.5693
vt 0.8369 0.6666 2.5693
vt 0.8340 0.6641 2.5693
vt 0.8329 0.6706 2.5693
vt 0.8304 0.6677 2.5693
vt 0.8285 0.6740 2.5693
vt 0.8264 0.6709 2.5693
vt 0.8238 0.6769 2.5693
vt 0.8220 0.6736 2.5693
vt 0.8187 0.6793 2.5693
vt 0.8173 0.6757 2.5693
vt 0.8133 0.6809 2.5693
vt 0.8124 0.6772 2.5693
vt 0.8078 0.6819 2.5693
vt 0.8074 0.6781 2.5693
vt 0.8022 0.6823 -2.5693
vt 0.8022 0.6785 2.5693
vt 0.7967 0.6820 2.5693
vt 0.7971 0.6782 2.5693
vt 0.7912 0.6810 2.5693
vt 0.7921 0.6772 2.5693
vt 0.7858 0.6793 2.5693
vt 0.7872 0.6757 2.5693
vt 0.7807 0.6770 2.5693
vt 0.7825 0.6736 2.5693
vt 0.7759 0.6741 2.5693
vt 0.7781 0.6709 2.5693
vt 0.7715 0.6706 2.5693
vt 0.7741 0.6678 2.5693
vt 0.7676 0.6667 2.5693
vt 0.7704 0.6641 2.5693
vt 0.7641 0.6623 2.5693
vt 0.7673 0.6601 2.5693
vt 0.7613 0.6575 2.5693
vt 0.7646 0.6557 2.5693
vt 0.7590 0.6524 2.5693
vt 0.7625 0.6510 2.5693
vt 0.7573 0.6470 2.5693
vt 0.7610 0.6461 2.5693
vt 0.7563 0.6415 2.5693
vt 0.7601 0.6411 2.5693
vt 0.7560 0.6359 2.5693
vt 0.7598 0.6359 2.5693
vt 0.7563 0.6304 2.5693
vt 0.7601 0.6308 2.5693
vt 0.7573 0.6249 2.5693
vt 0.7610 0.6258 2.5693
vt 0.7590 0.6195 2.5693
vt 0.7626 0.6209 2.5693
vt 0.7613 0.6144 2.5693
vt 0.7646 0.6162 2.5693
vt 0.7641 0.6096 2.5693
vt 0.7673 0.6118 2.5693
vt 0.7676 0.6052 2.5693
vt 0.7705 0.6078 2.5693
vt 0.7715 0.6013 2.5693
vt 0.7741 0.6041 2.5693
vt 0.7759 0.5978 2.5693
vt 0.7781 0.6009 2.5693
vt 0.7807 0.5949 2.5693
vt 0.7825 0.5983 2.5693
vt 0.7858 0.5926 2.5693
vt 0.7872 0.5962 2.5693
vt 0.7911 0.5909 2.5693
vt 0.7921 0.5946 2.5693
vt 0.7966 0.5899 2.5693
vt 0.7971 0.5937 2.5693
vt 0.8044 0.6175 2.5693
vt 0.8022 0.6174 2.5693
vt 0.8066 0.6179 2.5693
vt 0.8087 0.6186 2.5693
vt 0.8107 0.6195 2.5693
vt 0.8127 0.6206 2.5693
vt 0.8144 0.6220 2.5693
vt 0.8160 0.6236 2.5693
vt 0.8174 0.6254 2.5693
vt 0.8185 0.6273 2.5693
vt 0.8194 0.6293 2.5693
vt 0.8201 0.6315 2.5693
vt 0.8205 0.6337 2.5693
vt 0.8206 0.6359 2.5693
vt 0.8205 0.6381 2.5693
vt 0.8201 0.6403 2.5693
vt 0.8194 0.6425 2.5693
vt 0.8185 0.6445 2.5693
vt 0.8174 0.6464 2.5693
vt 0.8160 0.6482 2.5693
vt 0.8144 0.6497 2.5693
vt 0.8127 0.6511 2.5693
vt 0.8108 0.6523 2.5693
vt 0.8088 0.6532 2.5693
vt 0.8067 0.6539 2.5693
vt 0.8045 0.6543 2.5693
vt 0.8023 0.6544 2.5693
vt 0.8001 0.6543 2.5693
vt 0.7979 0.6539 2.5693
vt 0.7958 0.6533 2.5693
vt 0.7937 0.6524 2.5693
vt 0.7918 0.6512 2.5693
vt 0.7900 0.6498 2.5693
vt 0.7885 0.6482 2.5693
vt 0.7871 0.6465 2.5693
vt 0.7859 0.6445 2.5693
vt 0.7850 0.6425 2.5693
vt 0.7844 0.6404 2.5693
vt 0.7840 0.6382 2.5693
vt 0.7838 0.6359 2.5693
vt 0.7840 0.6337 2.5693
vt 0.7844 0.6315 2.5693
vt 0.7850 0.6294 2.5693
vt 0.7859 0.6273 2.5693
vt 0.7871 0.6254 2.5693
vt 0.7884 0.6237 2.5693
vt 0.7900 0.6221 2.5693
vt 0.7918 0.6207 2.5693
vt 0.7937 0.6196 2.5693
vt 0.7957 0.6186 2.5693
vt 0.7978 0.6180 2.5693
vt 0.8000 0.6176 2.5693
vt 0.8033 0.6290 2.5693
vt 0.8024 0.6289 2.5693
vt 0.8041 0.6291 2.5693
vt 0.8048 0.6294 2.5693
vt 0.8055 0.6297 2.5693
vt 0.8062 0.6302 2.5693
vt 0.8068 0.6307 2.5693
vt 0.8074 0.6313 2.5693
vt 0.8079 0.6319 2.5693
vt 0.8084 0.6327 2.5693
vt 0.8087 0.6334 2.5693
vt 0.8089 0.6342 2.5693
vt 0.8091 0.6351 2.5693
vt 0.8091 0.6359 2.5693
vt 0.8091 0.6368 2.5693
vt 0.8089 0.6376 2.5693
vt 0.8087 0.6384 2.5693
vt 0.8083 0.6392 2.5693
vt 0.8079 0.6399 2.5693
vt 0.8074 0.6406 2.5693
vt 0.8068 0.6412 2.5693
vt 0.8061 0.6417 2.5693
vt 0.8054 0.6421 2.5693
vt 0.8046 0.6425 2.5693
vt 0.8038 0.6427 2.5693
vt 0.8029 0.6429 2.5693
vt 0.8021 0.6429 2.5693
vt 0.8012 0.6429 2.5693
vt 0.8004 0.6427 2.5693
vt 0.7997 0.6425 2.5693
vt 0.7989 0.6421 2.5693
vt 0.7982 0.6417 2.5693
vt 0.7976 0.6412 2.5693
vt 0.7970 0.6406 2.5693
vt 0.7965 0.6399 2.5693
vt 0.7961 0.6392 2.5693
vt 0.7958 0.6384 2.5693
vt 0.7955 0.6376 2.5693
vt 0.7954 0.6368 2.5693
vt 0.7953 0.6359 2.5693
vt 0.7954 0.6351 2.5693
vt 0.7955 0.6342 2.5693
vt 0.7958 0.6334 2.5693
vt 0.7961 0.6327 2.5693
vt 0.7966 0.6319 2.5693
vt 0.7971 0.6313 2.5693
vt 0.7977 0.6307 2.5693
vt 0.7983 0.6301 2.5693
vt 0.7991 0.6297 2.5693
vt 0.7998 0.6294 2.5693
vt 0.8007 0.6291 2.5693
vt 0.8015 0.6290 2.5693
vt 0.6719 0.6409 2.3816
vt 0.6775 0.6405 -2.3816
vt 0.6775 0.6451 2.3816
vt 0.6725 0.6454 2.3816
vt 0.6664 0.6419 2.3816
vt 0.6675 0.6463 2.3816
vt 0.6611 0.6435 2.3816
vt 0.6627 0.6478 2.3816
vt 0.6560 0.6459 2.3816
vt 0.6581 0.6499 2.3816
vt 0.6512 0.6488 2.3816
vt 0.6538 0.6525 2.3816
vt 0.6468 0.6522 2.3816
vt 0.6499 0.6557 2.3816
vt 0.6429 0.6562 2.3816
vt 0.6463 0.6592 2.3816
vt 0.6394 0.6606 2.3816
vt 0.6432 0.6632 2.3816
vt 0.6365 0.6654 2.3816
vt 0.6406 0.6675 2.3816
vt 0.6342 0.6705 2.3816
vt 0.6385 0.6721 2.3816
vt 0.6326 0.6759 2.3816
vt 0.6370 0.6769 2.3816
vt 0.6316 0.6814 2.3816
vt 0.6361 0.6819 2.3816
vt 0.6312 0.6869 2.3816
vt 0.6358 0.6869 2.3816
vt 0.6316 0.6925 2.3816
vt 0.6361 0.6920 2.3816
vt 0.6326 0.6980 2.3816
vt 0.6370 0.6969 2.3816
vt 0.6342 0.7034 2.3816
vt 0.6385 0.7018 2.3816
vt 0.6365 0.7085 2.3816
vt 0.6406 0.7064 2.3816
vt 0.6394 0.7133 2.3816
vt 0.6432 0.7107 2.3816
vt 0.6428 0.7177 2.3816
vt 0.6463 0.7147 2.3816
vt 0.6468 0.7217 2.3816
vt 0.6498 0.7182 2.3816
vt 0.6512 0.7251 2.3816
vt 0.6538 0.7214 2.3816
vt 0.6560 0.7280 2.3816
vt 0.6581 0.7240 2.3816
vt 0.6611 0.7303 2.3816
vt 0.6627 0.7261 2.3816
vt 0.6664 0.7320 2.3816
vt 0.6675 0.7276 2.3816
vt 0.6719 0.7330 2.3816
vt 0.6725 0.7285 2.3816
vt 0.6775 0.7334 -2.3816
vt 0.6775 0.7288 2.3816
vt 0.6831 0.7330 2.3816
vt 0.6826 0.7285 2.3816
vt 0.6886 0.7320 2.3816
vt 0.6875 0.7276 2.3816
vt 0.6940 0.7303 2.3816
vt 0.6923 0.7261 2.3816
vt 0.6991 0.7280 2.3816
vt 0.6969 0.7240 2.3816
vt 0.7039 0.7251 2.3816
vt 0.7012 0.7214 2.3816
vt 0.7083 0.7217 2.3816
vt 0.7052 0.7182 2.3816
vt 0.7122 0.7177 2.3816
vt 0.7088 0.7147 2.3816
vt 0.7157 0.7133 2.3816
vt 0.7119 0.7107 2.3816
vt 0.7185 0.7085 2.3816
vt 0.7145 0.7064 2.3816
vt 0.7208 0.7034 2.3816
vt 0.7165 0.7018 2.3816
vt 0.7225 0.6980 2.3816
vt 0.7180 0.6969 2.3816
vt 0.7235 0.6925 2.3816
vt 0.7189 0.6920 2.3816
vt 0.7238 0.6869 2.3816
vt 0.7192 0.6869 2.3816
vt 0.7235 0.6814 2.3816
vt 0.7189 0.6819 2.3816
vt 0.7225 0.6759 2.3816
vt 0.7180 0.6769 2.3816
vt 0.7208 0.6705 2.3816
vt 0.7165 0.6721 2.3816
vt 0.7185 0.6654 2.3816
vt 0.7145 0.6675 2.3816
vt 0.7157 0.6606 2.3816
vt 0.7119 0.6632 2.3816
vt 0.7122 0.6562 2.3816
vt 0.7088 0.6592 2.3816
vt 0.7083 0.6522 2.3816
vt 0.7052 0.6557 2.3816
vt 0.7039 0.6488 2.3816
vt 0.7012 0.6525 2.3816
vt 0.6991 0.6459 2.3816
vt 0.6969 0.6499 2.3816
vt 0.6940 0.6435 2.3816
vt 0.6923 0.6478 2.3816
vt 0.6886 0.6419 2.3816
vt 0.6875 0.6463 2.3816
vt 0.6831 0.6409 2.3816
vt 0.6826 0.6454 2.3816
vt 0.6775 0.6722 2.3816
vt 0.6758 0.6723 2.3816
vt 0.6740 0.6726 2.3816
vt 0.6723 0.6732 2.3816
vt 0.6707 0.6739 2.3816
vt 0.6692 0.6748 2.3816
vt 0.6678 0.6759 2.3816
vt 0.6666 0.6772 2.3816
vt 0.6655 0.6786 2.3816
vt 0.6646 0.6801 2.3816
vt 0.6639 0.6817 2.3816
vt 0.6633 0.6834 2.3816
vt 0.6630 0.6852 2.3816
vt 0.6629 0.6869 2.3816
vt 0.6630 0.6887 2.3816
vt 0.6633 0.6905 2.3816
vt 0.6639 0.6922 2.3816
vt 0.6646 0.6938 2.3816
vt 0.6655 0.6953 2.3816
vt 0.6666 0.6967 2.3816
vt 0.6678 0.6980 2.3816
vt 0.6692 0.6991 2.3816
vt 0.6707 0.7000 2.3816
vt 0.6723 0.7007 2.3816
vt 0.6740 0.7013 2.3816
vt 0.6758 0.7016 2.3816
vt 0.6775 0.7017 2.3816
vt 0.6793 0.7016 2.3816
vt 0.6810 0.7013 2.3816
vt 0.6827 0.7007 2.3816
vt 0.6843 0.7000 2.3816
vt 0.6858 0.6991 2.3816
vt 0.6872 0.6980 2.3816
vt 0.6885 0.6967 2.3816
vt 0.6896 0.6953 2.3816
vt 0.6905 0.6938 2.3816
vt 0.6912 0.6922 2.3816
vt 0.6917 0.6905 2.3816
vt 0.6920 0.6887 2.3816
vt 0.6921 0.6869 2.3816
vt 0.6920 0.6852 2.3816
vt 0.6917 0.6834 2.3816
vt 0.6912 0.6817 2.3816
vt 0.6905 0.6801 2.3816
vt 0.6896 0.6786 2.3816
vt 0.6885 0.6772 2.3816
vt 0.6872 0.6759 2.3816
vt 0.6858 0.6748 2.3816
vt 0.6843 0.6739 2.3816
vt 0.6827 0.6732 2.3816
vt 0.6810 0.6726 2.3816
vt 0.6793 0.6723 2.3816
vt 0.6775 0.6759 2.3816
vt 0.6762 0.6760 2.3816
vt 0.6749 0.6762 2.3816
vt 0.6737 0.6766 2.3816
vt 0.6725 0.6772 2.3816
vt 0.6713 0.6779 2.3816
vt 0.6703 0.6787 2.3816
vt 0.6694 0.6796 2.3816
vt 0.6686 0.6807 2.3816
vt 0.6679 0.6818 2.3816
vt 0.6673 0.6830 2.3816
vt 0.6669 0.6843 2.3816
vt 0.6667 0.6856 2.3816
vt 0.6666 0.6869 2.3816
vt 0.6667 0.6883 2.3816
vt 0.6669 0.6896 2.3816
vt 0.6673 0.6909 2.3816
vt 0.6679 0.6921 2.3816
vt 0.6686 0.6932 2.3816
vt 0.6694 0.6943 2.3816
vt 0.6703 0.6952 2.3816
vt 0.6713 0.6960 2.3816
vt 0.6725 0.6967 2.3816
vt 0.6737 0.6973 2.3816
vt 0.6749 0.6977 2.3816
vt 0.6762 0.6979 2.3816
vt 0.6775 0.6980 2.3816
vt 0.6788 0.6979 2.3816
vt 0.6801 0.6977 2.3816
vt 0.6814 0.6973 2.3816
vt 0.6826 0.6967 2.3816
vt 0.6837 0.6960 2.3816
vt 0.6848 0.6952 2.3816
vt 0.6857 0.6943 2.3816
vt 0.6865 0.6932 2.3816
vt 0.6872 0.6921 2.3816
vt 0.6877 0.6909 2.3816
vt 0.6881 0.6896 2.3816
vt 0.6884 0.6883 2.3816
vt 0.6884 0.6869 2.3816
vt 0.6884 0.6856 2.3816
vt 0.6881 0.6843 2.3816
vt 0.6877 0.6830 2.3816
vt 0.6872 0.6818 2.3816
vt 0.6865 0.6807 2.3816
vt 0.6857 0.6796 2.3816
vt 0.6848 0.6787 2.3816
vt 0.6837 0.6779 2.3816
vt 0.6826 0.6772 2.3816
vt 0.6814 0.6766 2.3816
vt 0.6801 0.6762 2.3816
vt 0.6788 0.6760 2.3816
vt 0.4929 0.6631 2.6556
vt 0.4939 0.6623 2.6556
vt 0.5066 0.6623 2.6556
vt 0.5076 0.6631 2.6556
vt 0.4951 0.6616 2.6556
vt 0.5054 0.6616 2.6556
vt 0.4963 0.6611 2.6556
vt 0.4976 0.6607 2.6556
vt 0.5029 0.6607 2.6556
vt 0.5042 0.6611 2.6556
vt 0.5016 0.6604 2.6556
vt 0.4989 0.6604 2.6556
vt 0.5086 0.6641 2.6556
vt 0.4919 0.6641 2.6556
vt 0.5094 0.6651 2.6556
vt 0.4911 0.6651 2.6556
vt 0.5101 0.6663 2.6556
vt 0.4904 0.6663 2.6556
vt 0.5107 0.6675 2.6556
vt 0.4899 0.6675 2.6556
vt 0.5111 0.6688 2.6556
vt 0.4895 0.6688 2.6556
vt 0.5113 0.6701 2.6556
vt 0.4892 0.6701 2.6556
vt 0.5114 0.6715 -2.6556
vt 0.4891 0.6715 -2.6556
vt 0.5113 0.6728 2.6556
vt 0.4892 0.6728 2.6556
vt 0.5111 0.6741 2.6556
vt 0.4895 0.6741 2.6556
vt 0.5107 0.6754 2.6556
vt 0.4899 0.6754 2.6556
vt 0.5101 0.6766 2.6556
vt 0.4904 0.6766 2.6556
vt 0.5094 0.6778 2.6556
vt 0.4911 0.6778 2.6556
vt 0.5086 0.6788 2.6556
vt 0.4919 0.6788 2.6556
vt 0.5076 0.6798 2.6556
vt 0.4929 0.6798 2.6556
vt 0.5066 0.6806 2.6556
vt 0.4939 0.6806 2.6556
vt 0.5054 0.6813 2.6556
vt 0.4951 0.6813 2.6556
vt 0.5042 0.6819 2.6556
vt 0.4963 0.6819 2.6556
vt 0.5029 0.6823 2.6556
vt 0.4976 0.6823 2.6556
vt 0.4989 0.6825 2.6556
vt 0.5016 0.6825 2.6556
vt 0.5003 0.6603 2.6556
vt 0.5003 0.6826 2.6556
vt 0.0748 0.9698 4.4077
vt 0.0748 0.9905 -4.4077
vt 0.0802 0.9905 4.4077
vt 0.0802 0.9698 4.4077
vt 0.0856 0.9905 4.4077
vt 0.0857 0.9698 4.4077
vt 0.0911 0.9905 4.4077
vt 0.0911 0.9698 4.4077
vt 0.0965 0.9905 4.4077
vt 0.0965 0.9698 4.4077
vt 0.1019 0.9905 4.4077
vt 0.1019 0.9698 4.4077
vt 0.1073 0.9905 4.4077
vt 0.1074 0.9699 4.4077
vt 0.1128 0.9905 4.4077
vt 0.1128 0.9699 4.4077
vt 0.1182 0.9905 4.4077
vt 0.1182 0.9699 4.4077
vt 0.1236 0.9905 4.4077
vt 0.1236 0.9699 4.4077
vt 0.1290 0.9905 4.4077
vt 0.1291 0.9699 4.4077
vt 0.1345 0.9905 4.4077
vt 0.1345 0.9699 4.4077
vt 0.1399 0.9905 4.4077
vt 0.1399 0.9699 4.4077
vt 0.1453 0.9905 4.4077
vt 0.1453 0.9699 4.4077
vt 0.1508 0.9905 4.4077
vt 0.1508 0.9699 4.4077
vt 0.1562 0.9905 4.4077
vt 0.1562 0.9699 4.4077
vt 0.1616 0.9906 4.4077
vt 0.1616 0.9699 4.4077
vt 0.1670 0.9906 4.4077
vt 0.1670 0.9699 4.4077
vt 0.1725 0.9906 4.4077
vt 0.1725 0.9699 4.4077
vt 0.1779 0.9906 4.4077
vt 0.1779 0.9699 4.4077
vt 0.1833 0.9906 4.4077
vt 0.1833 0.9699 4.4077
vt 0.1887 0.9906 4.4077
vt 0.1888 0.9699 4.4077
vt 0.1942 0.9906 4.4077
vt 0.1942 0.9699 4.4077
vt 0.1996 0.9906 4.4077
vt 0.1996 0.9699 4.4077
vt 0.2050 0.9906 4.4077
vt 0.2050 0.9699 4.4077
vt 0.2105 0.9906 4.4077
vt 0.2105 0.9699 4.4077
vt 0.2159 0.9906 -4.4077
vt 0.2159 0.9699 4.4077
vt 0.2213 0.9906 4.4077
vt 0.2213 0.9699 4.4077
vt 0.2267 0.9906 4.4077
vt 0.2268 0.9699 4.4077
vt 0.2322 0.9906 4.4077
vt 0.2322 0.9699 4.4077
vt 0.2376 0.9906 4.4077
vt 0.2376 0.9699 4.4077
vt 0.2430 0.9906 4.4077
vt 0.2430 0.9699 4.4077
vt 0.2484 0.9906 4.4077
vt 0.2485 0.9699 4.4077
vt 0.2539 0.9906 4.4077
vt 0.2539 0.9699 4.4077
vt 0.2593 0.9906 4.4077
vt 0.2593 0.9700 4.4077
vt 0.2647 0.9906 4.4077
vt 0.2647 0.9700 4.4077
vt 0.2702 0.9906 4.4077
vt 0.2702 0.9700 4.4077
vt 0.2756 0.9906 4.4077
vt 0.2756 0.9700 4.4077
vt 0.2810 0.9906 4.4077
vt 0.2810 0.9700 4.4077
vt 0.2864 0.9906 4.4077
vt 0.2865 0.9700 4.4077
vt 0.0043 0.9698 4.4077
vt 0.0043 0.9904 4.4077
vt 0.0097 0.9904 4.4077
vt 0.0097 0.9698 4.4077
vt 0.0151 0.9904 4.4077
vt 0.0151 0.9698 4.4077
vt 0.0205 0.9904 4.4077
vt 0.0206 0.9698 4.4077
vt 0.0260 0.9904 4.4077
vt 0.0260 0.9698 4.4077
vt 0.0314 0.9905 4.4077
vt 0.0314 0.9698 4.4077
vt 0.0368 0.9905 4.4077
vt 0.0368 0.9698 4.4077
vt 0.0422 0.9905 4.4077
vt 0.0423 0.9698 4.4077
vt 0.0477 0.9905 4.4077
vt 0.0477 0.9698 4.4077
vt 0.0531 0.9905 4.4077
vt 0.0531 0.9698 4.4077
vt 0.0585 0.9905 4.4077
vt 0.0585 0.9698 4.4077
vt 0.0639 0.9905 4.4077
vt 0.0640 0.9698 4.4077
vt 0.0694 0.9905 4.4077
vt 0.0694 0.9698 4.4077
vt 0.7513 0.7012 -2.5693
vt 0.7513 0.7050 2.5693
vt 0.7564 0.7053 2.5693
vt 0.7569 0.7015 2.5693
vt 0.7615 0.7062 2.5693
vt 0.7624 0.7025 2.5693
vt 0.7664 0.7078 2.5693
vt 0.7677 0.7042 2.5693
vt 0.7711 0.7099 2.5693
vt 0.7729 0.7065 2.5693
vt 0.7755 0.7125 2.5693
vt 0.7776 0.7094 2.5693
vt 0.7795 0.7157 2.5693
vt 0.7820 0.7128 2.5693
vt 0.7831 0.7193 2.5693
vt 0.7860 0.7168 2.5693
vt 0.7863 0.7234 2.5693
vt 0.7894 0.7212 2.5693
vt 0.7889 0.7278 2.5693
vt 0.7923 0.7260 2.5693
vt 0.7910 0.7325 2.5693
vt 0.7946 0.7311 2.5693
vt 0.7925 0.7374 2.5693
vt 0.7963 0.7365 2.5693
vt 0.7935 0.7424 2.5693
vt 0.7973 0.7420 2.5693
vt 0.7938 0.7475 2.5693
vt 0.7976 0.7475 2.5693
vt 0.7935 0.7527 2.5693
vt 0.7973 0.7531 2.5693
vt 0.7925 0.7577 2.5693
vt 0.7963 0.7586 2.5693
vt 0.7910 0.7626 2.5693
vt 0.7946 0.7640 2.5693
vt 0.7889 0.7673 2.5693
vt 0.7923 0.7691 2.5693
vt 0.7863 0.7717 2.5693
vt 0.7894 0.7739 2.5693
vt 0.7831 0.7757 2.5693
vt 0.7860 0.7783 2.5693
vt 0.7795 0.7794 2.5693
vt 0.7820 0.7822 2.5693
vt 0.7755 0.7825 2.5693
vt 0.7776 0.7857 2.5693
vt 0.7711 0.7852 2.5693
vt 0.7729 0.7886 2.5693
vt 0.7664 0.7873 2.5693
vt 0.7678 0.7909 2.5693
vt 0.7615 0.7888 2.5693
vt 0.7624 0.7926 2.5693
vt 0.7565 0.7898 2.5693
vt 0.7569 0.7936 2.5693
vt 0.7514 0.7901 2.5693
vt 0.7514 0.7939 -2.5693
vt 0.7462 0.7898 2.5693
vt 0.7458 0.7936 2.5693
vt 0.7412 0.7889 2.5693
vt 0.7403 0.7926 2.5693
vt 0.7363 0.7873 2.5693
vt 0.7349 0.7909 2.5693
vt 0.7316 0.7852 2.5693
vt 0.7298 0.7886 2.5693
vt 0.7272 0.7826 2.5693
vt 0.7250 0.7857 2.5693
vt 0.7232 0.7794 2.5693
vt 0.7206 0.7823 2.5693
vt 0.7196 0.7758 2.5693
vt 0.7167 0.7783 2.5693
vt 0.7164 0.7717 2.5693
vt 0.7132 0.7739 2.5693
vt 0.7138 0.7673 2.5693
vt 0.7104 0.7691 2.5693
vt 0.7117 0.7626 2.5693
vt 0.7081 0.7640 2.5693
vt 0.7101 0.7577 2.5693
vt 0.7064 0.7587 2.5693
vt 0.7092 0.7527 2.5693
vt 0.7054 0.7531 2.5693
vt 0.7089 0.7476 2.5693
vt 0.7051 0.7476 2.5693
vt 0.7092 0.7424 2.5693
vt 0.7054 0.7420 2.5693
vt 0.7101 0.7374 2.5693
vt 0.7064 0.7365 2.5693
vt 0.7117 0.7325 2.5693
vt 0.7081 0.7311 2.5693
vt 0.7138 0.7278 2.5693
vt 0.7104 0.7260 2.5693
vt 0.7164 0.7234 2.5693
vt 0.7132 0.7213 2.5693
vt 0.7196 0.7194 2.5693
vt 0.7167 0.7168 2.5693
vt 0.7232 0.7157 2.5693
vt 0.7206 0.7129 2.5693
vt 0.7272 0.7126 2.5693
vt 0.7250 0.7094 2.5693
vt 0.7316 0.7099 2.5693
vt 0.7298 0.7065 2.5693
vt 0.7363 0.7078 2.5693
vt 0.7349 0.7042 2.5693
vt 0.7412 0.7063 2.5693
vt 0.7402 0.7026 2.5693
vt 0.7462 0.7053 2.5693
vt 0.7457 0.7015 2.5693
vt 0.7513 0.7291 2.5693
vt 0.7535 0.7292 2.5693
vt 0.7557 0.7295 2.5693
vt 0.7578 0.7302 2.5693
vt 0.7599 0.7311 2.5693
vt 0.7618 0.7323 2.5693
vt 0.7635 0.7337 2.5693
vt 0.7651 0.7352 2.5693
vt 0.7665 0.7370 2.5693
vt 0.7676 0.7389 2.5693
vt 0.7685 0.7410 2.5693
vt 0.7692 0.7431 2.5693
vt 0.7696 0.7453 2.5693
vt 0.7697 0.7475 2.5693
vt 0.7696 0.7498 2.5693
vt 0.7692 0.7520 2.5693
vt 0.7685 0.7541 2.5693
vt 0.7676 0.7561 2.5693
vt 0.7665 0.7580 2.5693
vt 0.7651 0.7598 2.5693
vt 0.7636 0.7614 2.5693
vt 0.7618 0.7628 2.5693
vt 0.7599 0.7639 2.5693
vt 0.7579 0.7648 2.5693
vt 0.7558 0.7655 2.5693
vt 0.7536 0.7659 2.5693
vt 0.7514 0.7661 2.5693
vt 0.7492 0.7659 2.5693
vt 0.7470 0.7656 2.5693
vt 0.7449 0.7649 2.5693
vt 0.7428 0.7640 2.5693
vt 0.7409 0.7628 2.5693
vt 0.7391 0.7614 2.5693
vt 0.7376 0.7599 2.5693
vt 0.7362 0.7581 2.5693
vt 0.7350 0.7562 2.5693
vt 0.7341 0.7541 2.5693
vt 0.7335 0.7520 2.5693
vt 0.7331 0.7498 2.5693
vt 0.7329 0.7476 2.5693
vt 0.7331 0.7453 2.5693
vt 0.7335 0.7431 2.5693
vt 0.7341 0.7410 2.5693
vt 0.7350 0.7390 2.5693
vt 0.7362 0.7371 2.5693
vt 0.7376 0.7353 2.5693
vt 0.7391 0.7337 2.5693
vt 0.7409 0.7324 2.5693
vt 0.7428 0.7312 2.5693
vt 0.7448 0.7303 2.5693
vt 0.7469 0.7296 2.5693
vt 0.7491 0.7292 2.5693
vt 0.7515 0.7405 2.5693
vt 0.7524 0.7406 2.5693
vt 0.7532 0.7408 2.5693
vt 0.7539 0.7410 2.5693
vt 0.7546 0.7414 2.5693
vt 0.7553 0.7418 2.5693
vt 0.7560 0.7423 2.5693
vt 0.7565 0.7429 2.5693
vt 0.7570 0.7436 2.5693
vt 0.7575 0.7443 2.5693
vt 0.7578 0.7451 2.5693
vt 0.7580 0.7459 2.5693
vt 0.7582 0.7467 2.5693
vt 0.7582 0.7475 2.5693
vt 0.7582 0.7484 2.5693
vt 0.7580 0.7492 2.5693
vt 0.7578 0.7500 2.5693
vt 0.7574 0.7508 2.5693
vt 0.7570 0.7515 2.5693
vt 0.7565 0.7522 2.5693
vt 0.7559 0.7528 2.5693
vt 0.7552 0.7533 2.5693
vt 0.7545 0.7538 2.5693
vt 0.7537 0.7541 2.5693
vt 0.7529 0.7544 2.5693
vt 0.7521 0.7545 2.5693
vt 0.7512 0.7546 2.5693
vt 0.7503 0.7545 2.5693
vt 0.7495 0.7543 2.5693
vt 0.7488 0.7541 2.5693
vt 0.7480 0.7538 2.5693
vt 0.7474 0.7533 2.5693
vt 0.7467 0.7528 2.5693
vt 0.7461 0.7522 2.5693
vt 0.7456 0.7515 2.5693
vt 0.7452 0.7508 2.5693
vt 0.7449 0.7501 2.5693
vt 0.7446 0.7492 2.5693
vt 0.7445 0.7484 2.5693
vt 0.7444 0.7476 2.5693
vt 0.7445 0.7467 2.5693
vt 0.7446 0.7459 2.5693
vt 0.7449 0.7451 2.5693
vt 0.7452 0.7443 2.5693
vt 0.7457 0.7436 2.5693
vt 0.7462 0.7429 2.5693
vt 0.7468 0.7423 2.5693
vt 0.7475 0.7418 2.5693
vt 0.7482 0.7413 2.5693
vt 0.7490 0.7410 2.5693
vt 0.7498 0.7407 2.5693
vt 0.7506 0.7406 2.5693
vt 0.5766 0.6446 2.3816
vt 0.5772 0.6491 2.3816
vt 0.5822 0.6488 2.3816
vt 0.5822 0.6442 -2.3816
vt 0.5711 0.6456 2.3816
vt 0.5722 0.6500 2.3816
vt 0.5657 0.6472 2.3816
vt 0.5674 0.6515 2.3816
vt 0.5606 0.6496 2.3816
vt 0.5628 0.6536 2.3816
vt 0.5559 0.6525 2.3816
vt 0.5585 0.6562 2.3816
vt 0.5515 0.6559 2.3816
vt 0.5545 0.6594 2.3816
vt 0.5475 0.6599 2.3816
vt 0.5510 0.6629 2.3816
vt 0.5441 0.6643 2.3816
vt 0.5479 0.6669 2.3816
vt 0.5412 0.6691 2.3816
vt 0.5453 0.6712 2.3816
vt 0.5389 0.6742 2.3816
vt 0.5432 0.6758 2.3816
vt 0.5372 0.6795 2.3816
vt 0.5417 0.6806 2.3816
vt 0.5362 0.6851 2.3816
vt 0.5408 0.6856 2.3816
vt 0.5359 0.6906 2.3816
vt 0.5405 0.6906 2.3816
vt 0.5362 0.6962 2.3816
vt 0.5408 0.6957 2.3816
vt 0.5372 0.7017 2.3816
vt 0.5417 0.7006 2.3816
vt 0.5389 0.7071 2.3816
vt 0.5432 0.7055 2.3816
vt 0.5412 0.7122 2.3816
vt 0.5452 0.7101 2.3816
vt 0.5441 0.7170 2.3816
vt 0.5478 0.7144 2.3816
vt 0.5475 0.7214 2.3816
vt 0.5510 0.7184 2.3816
vt 0.5515 0.7254 2.3816
vt 0.5545 0.7219 2.3816
vt 0.5559 0.7288 2.3816
vt 0.5585 0.7251 2.3816
vt 0.5606 0.7317 2.3816
vt 0.5628 0.7277 2.3816
vt 0.5657 0.7340 2.3816
vt 0.5674 0.7297 2.3816
vt 0.5711 0.7357 2.3816
vt 0.5722 0.7313 2.3816
vt 0.5766 0.7367 2.3816
vt 0.5772 0.7322 2.3816
vt 0.5822 0.7371 -2.3816
vt 0.5822 0.7325 2.3816
vt 0.5878 0.7367 2.3816
vt 0.5872 0.7322 2.3816
vt 0.5933 0.7357 2.3816
vt 0.5922 0.7313 2.3816
vt 0.5986 0.7340 2.3816
vt 0.5970 0.7297 2.3816
vt 0.6037 0.7317 2.3816
vt 0.6016 0.7277 2.3816
vt 0.6085 0.7288 2.3816
vt 0.6059 0.7251 2.3816
vt 0.6129 0.7254 2.3816
vt 0.6099 0.7219 2.3816
vt 0.6169 0.7214 2.3816
vt 0.6134 0.7184 2.3816
vt 0.6203 0.7170 2.3816
vt 0.6165 0.7144 2.3816
vt 0.6232 0.7122 2.3816
vt 0.6191 0.7101 2.3816
vt 0.6255 0.7071 2.3816
vt 0.6212 0.7055 2.3816
vt 0.6271 0.7017 2.3816
vt 0.6227 0.7006 2.3816
vt 0.6281 0.6962 2.3816
vt 0.6236 0.6957 2.3816
vt 0.6285 0.6906 2.3816
vt 0.6239 0.6906 2.3816
vt 0.6282 0.6851 2.3816
vt 0.6236 0.6856 2.3816
vt 0.6271 0.6796 2.3816
vt 0.6227 0.6806 2.3816
vt 0.6255 0.6742 2.3816
vt 0.6212 0.6758 2.3816
vt 0.6232 0.6691 2.3816
vt 0.6191 0.6712 2.3816
vt 0.6203 0.6643 2.3816
vt 0.6165 0.6669 2.3816
vt 0.6169 0.6599 2.3816
vt 0.6134 0.6629 2.3816
vt 0.6129 0.6559 2.3816
vt 0.6099 0.6594 2.3816
vt 0.6085 0.6525 2.3816
vt 0.6059 0.6562 2.3816
vt 0.6037 0.6496 2.3816
vt 0.6016 0.6536 2.3816
vt 0.5986 0.6472 2.3816
vt 0.5970 0.6515 2.3816
vt 0.5933 0.6456 2.3816
vt 0.5922 0.6500 2.3816
vt 0.5878 0.6446 2.3816
vt 0.5872 0.6491 2.3816
vt 0.5804 0.6760 2.3816
vt 0.5822 0.6759 2.3816
vt 0.5787 0.6763 2.3816
vt 0.5770 0.6769 2.3816
vt 0.5754 0.6776 2.3816
vt 0.5739 0.6785 2.3816
vt 0.5725 0.6796 2.3816
vt 0.5712 0.6809 2.3816
vt 0.5702 0.6823 2.3816
vt 0.5692 0.6838 2.3816
vt 0.5685 0.6854 2.3816
vt 0.5680 0.6871 2.3816
vt 0.5677 0.6889 2.3816
vt 0.5676 0.6906 2.3816
vt 0.5677 0.6924 2.3816
vt 0.5680 0.6942 2.3816
vt 0.5685 0.6959 2.3816
vt 0.5692 0.6975 2.3816
vt 0.5702 0.6990 2.3816
vt 0.5712 0.7004 2.3816
vt 0.5725 0.7017 2.3816
vt 0.5739 0.7028 2.3816
vt 0.5754 0.7037 2.3816
vt 0.5770 0.7044 2.3816
vt 0.5787 0.7050 2.3816
vt 0.5804 0.7053 2.3816
vt 0.5822 0.7054 2.3816
vt 0.5840 0.7053 2.3816
vt 0.5857 0.7050 2.3816
vt 0.5874 0.7044 2.3816
vt 0.5890 0.7037 2.3816
vt 0.5905 0.7028 2.3816
vt 0.5919 0.7017 2.3816
vt 0.5931 0.7004 2.3816
vt 0.5942 0.6990 2.3816
vt 0.5951 0.6975 2.3816
vt 0.5959 0.6959 2.3816
vt 0.5964 0.6942 2.3816
vt 0.5967 0.6924 2.3816
vt 0.5968 0.6906 2.3816
vt 0.5967 0.6889 2.3816
vt 0.5964 0.6871 2.3816
vt 0.5959 0.6854 2.3816
vt 0.5951 0.6838 2.3816
vt 0.5942 0.6823 2.3816
vt 0.5931 0.6809 2.3816
vt 0.5919 0.6796 2.3816
vt 0.5905 0.6785 2.3816
vt 0.5890 0.6776 2.3816
vt 0.5874 0.6769 2.3816
vt 0.5857 0.6763 2.3816
vt 0.5840 0.6760 2.3816
vt 0.5809 0.6797 2.3816
vt 0.5822 0.6796 2.3816
vt 0.5796 0.6799 2.3816
vt 0.5783 0.6803 2.3816
vt 0.5771 0.6809 2.3816
vt 0.5760 0.6816 2.3816
vt 0.5750 0.6824 2.3816
vt 0.5740 0.6833 2.3816
vt 0.5732 0.6844 2.3816
vt 0.5725 0.6855 2.3816
vt 0.5720 0.6867 2.3816
vt 0.5716 0.6880 2.3816
vt 0.5714 0.6893 2.3816
vt 0.5713 0.6906 2.3816
vt 0.5714 0.6920 2.3816
vt 0.5716 0.6933 2.3816
vt 0.5720 0.6946 2.3816
vt 0.5725 0.6958 2.3816
vt 0.5732 0.6969 2.3816
vt 0.5740 0.6980 2.3816
vt 0.5750 0.6989 2.3816
vt 0.5760 0.6997 2.3816
vt 0.5771 0.7004 2.3816
vt 0.5783 0.7010 2.3816
vt 0.5796 0.7014 2.3816
vt 0.5809 0.7016 2.3816
vt 0.5822 0.7017 2.3816
vt 0.5835 0.7016 2.3816
vt 0.5848 0.7014 2.3816
vt 0.5861 0.7010 2.3816
vt 0.5873 0.7004 2.3816
vt 0.5884 0.6997 2.3816
vt 0.5894 0.6989 2.3816
vt 0.5903 0.6980 2.3816
vt 0.5912 0.6969 2.3816
vt 0.5918 0.6958 2.3816
vt 0.5924 0.6946 2.3816
vt 0.5928 0.6933 2.3816
vt 0.5930 0.6920 2.3816
vt 0.5931 0.6906 2.3816
vt 0.5930 0.6893 2.3816
vt 0.5928 0.6880 2.3816
vt 0.5924 0.6867 2.3816
vt 0.5918 0.6855 2.3816
vt 0.5912 0.6844 2.3816
vt 0.5903 0.6833 2.3816
vt 0.5894 0.6824 2.3816
vt 0.5884 0.6816 2.3816
vt 0.5873 0.6809 2.3816
vt 0.5861 0.6803 2.3816
vt 0.5848 0.6799 2.3816
vt 0.5835 0.6797 2.3816
vt 0.4025 0.3940 2.6556
vt 0.4025 0.4088 2.6556
vt 0.4033 0.4077 2.6556
vt 0.4033 0.3951 2.6556
vt 0.4040 0.4066 2.6556
vt 0.4040 0.3962 2.6556
vt 0.4045 0.3974 2.6556
vt 0.4045 0.4053 2.6556
vt 0.4049 0.4041 2.6556
vt 0.4049 0.3987 2.6556
vt 0.4052 0.4027 2.6556
vt 0.4052 0.4000 2.6556
vt 0.4015 0.3931 2.6556
vt 0.4015 0.4097 2.6556
vt 0.4005 0.3922 2.6556
vt 0.4005 0.4105 2.6556
vt 0.3993 0.3915 2.6556
vt 0.3993 0.4112 2.6556
vt 0.3981 0.3910 2.6556
vt 0.3981 0.4118 2.6556
vt 0.3968 0.3906 2.6556
vt 0.3968 0.4122 2.6556
vt 0.3955 0.3903 2.6556
vt 0.3955 0.4124 2.6556
vt 0.3941 0.3903 -2.6556
vt 0.3941 0.4125 -2.6556
vt 0.3928 0.3903 2.6556
vt 0.3928 0.4124 2.6556
vt 0.3915 0.3906 2.6556
vt 0.3915 0.4122 2.6556
vt 0.3902 0.3910 2.6556
vt 0.3902 0.4118 2.6556
vt 0.3890 0.3915 2.6556
vt 0.3890 0.4112 2.6556
vt 0.3878 0.3922 2.6556
vt 0.3878 0.4105 2.6556
vt 0.3868 0.3931 2.6556
vt 0.3868 0.4097 2.6556
vt 0.3858 0.3940 2.6556
vt 0.3858 0.4088 2.6556
vt 0.3850 0.3951 2.6556
vt 0.3850 0.4077 2.6556
vt 0.3843 0.3962 2.6556
vt 0.3843 0.4066 2.6556
vt 0.3837 0.3974 2.6556
vt 0.3837 0.4053 2.6556
vt 0.3833 0.4041 2.6556
vt 0.3833 0.3987 2.6556
vt 0.3831 0.4000 2.6556
vt 0.3831 0.4027 2.6556
vt 0.4053 0.4014 2.6556
vt 0.3830 0.4014 2.6556
vt 0.9549 0.7049 2.6722
vt 0.9600 0.7087 2.6722
vt 0.9603 0.7449 -2.6722
vt 0.9552 0.7412 2.6722
vt 0.9498 0.7012 2.6722
vt 0.9501 0.7374 2.6722
vt 0.9394 0.6943 2.6722
vt 0.9447 0.6976 2.6722
vt 0.9450 0.7339 2.6722
vt 0.9397 0.7305 2.6722
vt 0.9339 0.6912 2.6722
vt 0.9342 0.7275 2.6722
vt 0.9283 0.6885 2.6722
vt 0.9285 0.7247 2.6722
vt 0.9166 0.6839 2.6722
vt 0.9225 0.6860 2.6722
vt 0.9228 0.7223 2.6722
vt 0.9169 0.7202 2.6722
vt 0.9106 0.6821 2.6722
vt 0.9109 0.7184 2.6722
vt 0.9047 0.6807 2.6722
vt 0.9050 0.7169 2.6722
vt 0.8940 0.6787 2.6722
vt 0.8991 0.6795 2.6722
vt 0.8994 0.7158 2.6722
vt 0.8943 0.7149 2.6722
vt 0.8898 0.6782 2.6722
vt 0.8901 0.7145 2.6722
vt 0.8860 0.6780 2.6722
vt 0.8863 0.7142 2.6722
vt 0.8795 0.6780 2.6722
vt 0.8827 0.6779 2.6722
vt 0.8830 0.7142 2.6722
vt 0.8798 0.7142 2.6722
vt 0.8046 0.7061 2.6722
vt 0.8049 0.7424 2.6722
vt 0.7999 0.7462 -2.6722
vt 0.7996 0.7100 2.6722
vt 0.8096 0.7023 2.6722
vt 0.8099 0.7386 2.6722
vt 0.8200 0.6953 2.6722
vt 0.8203 0.7315 2.6722
vt 0.8151 0.7349 2.6722
vt 0.8148 0.6987 2.6722
vt 0.8254 0.6921 2.6722
vt 0.8257 0.7284 2.6722
vt 0.8310 0.6893 2.6722
vt 0.8313 0.7255 2.6722
vt 0.8426 0.6845 2.6722
vt 0.8429 0.7208 2.6722
vt 0.8371 0.7230 2.6722
vt 0.8368 0.6867 2.6722
vt 0.8486 0.6826 2.6722
vt 0.8489 0.7189 2.6722
vt 0.8545 0.6811 2.6722
vt 0.8548 0.7173 2.6722
vt 0.8651 0.6789 2.6722
vt 0.8654 0.7152 2.6722
vt 0.8603 0.7161 2.6722
vt 0.8600 0.6798 2.6722
vt 0.8693 0.6784 2.6722
vt 0.8696 0.7146 2.6722
vt 0.8731 0.6781 2.6722
vt 0.8734 0.7144 2.6722
vt 0.8767 0.7142 2.6722
vt 0.8764 0.6780 2.6722
vt 0.7996 0.7844 -2.6722
vt 0.7997 0.7482 2.6722
vt 0.8047 0.7443 2.6722
vt 0.8046 0.7806 2.6722
vt 0.8098 0.7406 2.6722
vt 0.8097 0.7768 2.6722
vt 0.8149 0.7733 2.6722
vt 0.8150 0.7370 2.6722
vt 0.8203 0.7336 2.6722
vt 0.8201 0.7699 2.6722
vt 0.8257 0.7306 2.6722
vt 0.8256 0.7668 2.6722
vt 0.8313 0.7278 2.6722
vt 0.8312 0.7640 2.6722
vt 0.8370 0.7616 2.6722
vt 0.8371 0.7253 2.6722
vt 0.8430 0.7232 2.6722
vt 0.8429 0.7594 2.6722
vt 0.8490 0.7213 2.6722
vt 0.8489 0.7576 2.6722
vt 0.8549 0.7198 2.6722
vt 0.8548 0.7561 2.6722
vt 0.8603 0.7549 2.6722
vt 0.8605 0.7187 2.6722
vt 0.8655 0.7178 2.6722
vt 0.8654 0.7541 2.6722
vt 0.8698 0.7173 2.6722
vt 0.8697 0.7536 2.6722
vt 0.8735 0.7171 2.6722
vt 0.8734 0.7533 2.6722
vt 0.8767 0.7533 2.6722
vt 0.8768 0.7170 2.6722
vt 0.8800 0.7170 2.6722
vt 0.8799 0.7533 2.6722
vt 0.9599 0.7849 -2.6722
vt 0.9549 0.7811 2.6722
vt 0.9551 0.7448 2.6722
vt 0.9601 0.7487 2.6722
vt 0.9499 0.7773 2.6722
vt 0.9500 0.7410 2.6722
vt 0.9448 0.7737 2.6722
vt 0.9395 0.7703 2.6722
vt 0.9396 0.7340 2.6722
vt 0.9449 0.7374 2.6722
vt 0.9341 0.7671 2.6722
vt 0.9342 0.7309 2.6722
vt 0.9285 0.7643 2.6722
vt 0.9286 0.7281 2.6722
vt 0.9227 0.7618 2.6722
vt 0.9168 0.7596 2.6722
vt 0.9169 0.7234 2.6722
vt 0.9228 0.7256 2.6722
vt 0.9108 0.7578 2.6722
vt 0.9110 0.7215 2.6722
vt 0.9050 0.7562 2.6722
vt 0.9051 0.7200 2.6722
vt 0.8994 0.7550 2.6722
vt 0.8944 0.7542 2.6722
vt 0.8945 0.7179 2.6722
vt 0.8995 0.7188 2.6722
vt 0.8901 0.7536 2.6722
vt 0.8902 0.7174 2.6722
vt 0.8864 0.7534 2.6722
vt 0.8865 0.7171 2.6722
vt 0.8830 0.7533 2.6722
vt 0.8831 0.7170 2.6722
vt 0.5720 0.9558 4.7531
vt 0.5783 0.9558 4.7531
vt 0.5783 0.9959 4.7531
vt 0.5720 0.9959 4.7531
vt 0.9537 0.9560 4.7531
vt 0.9600 0.9560 -4.7531
vt 0.9599 0.9961 4.7531
vt 0.9536 0.9961 4.7531
vt 0.5846 0.9558 4.7531
vt 0.5846 0.9959 4.7531
vt 0.9474 0.9560 4.7531
vt 0.9473 0.9961 4.7531
vt 0.5909 0.9558 4.7531
vt 0.5972 0.9558 4.7531
vt 0.5972 0.9959 4.7531
vt 0.5909 0.9959 4.7531
vt 0.9348 0.9560 4.7531
vt 0.9411 0.9560 4.7531
vt 0.9410 0.9961 4.7531
vt 0.9348 0.9961 4.7531
vt 0.6035 0.9558 4.7531
vt 0.6034 0.9959 4.7531
vt 0.9285 0.9560 4.7531
vt 0.9285 0.9961 4.7531
vt 0.6097 0.9558 4.7531
vt 0.6097 0.9959 4.7531
vt 0.9223 0.9560 4.7531
vt 0.9222 0.9961 4.7531
vt 0.6160 0.9558 4.7531
vt 0.6223 0.9558 4.7531
vt 0.6222 0.9959 4.7531
vt 0.6160 0.9959 4.7531
vt 0.9097 0.9560 4.7531
vt 0.9160 0.9560 4.7531
vt 0.9159 0.9961 4.7531
vt 0.9097 0.9961 4.7531
vt 0.6285 0.9558 4.7531
vt 0.6285 0.9959 4.7531
vt 0.9034 0.9560 4.7531
vt 0.9034 0.9961 4.7531
vt 0.6346 0.9558 4.7531
vt 0.6346 0.9959 4.7531
vt 0.8974 0.9560 4.7531
vt 0.8973 0.9961 4.7531
vt 0.6403 0.9558 4.7531
vt 0.6454 0.9558 4.7531
vt 0.6454 0.9959 4.7531
vt 0.6403 0.9959 4.7531
vt 0.8866 0.9560 4.7531
vt 0.8917 0.9560 4.7531
vt 0.8916 0.9961 4.7531
vt 0.8865 0.9961 4.7531
vt 0.6497 0.9558 4.7531
vt 0.6497 0.9959 4.7531
vt 0.8822 0.9560 4.7531
vt 0.8822 0.9961 4.7531
vt 0.6534 0.9558 4.7531
vt 0.6534 0.9959 4.7531
vt 0.8785 0.9560 4.7531
vt 0.8785 0.9961 4.7531
vt 0.6568 0.9558 4.7531
vt 0.6599 0.9558 4.7531
vt 0.6599 0.9959 4.7531
vt 0.6567 0.9959 4.7531
vt 0.8720 0.9559 4.7531
vt 0.8752 0.9560 4.7531
vt 0.8751 0.9961 4.7531
vt 0.8720 0.9961 4.7531
vt 0.7841 0.9559 -4.7531
vt 0.7904 0.9559 4.7531
vt 0.7903 0.9960 4.7531
vt 0.7840 0.9960 4.7531
vt 0.7415 0.9559 4.7531
vt 0.7478 0.9559 4.7531
vt 0.7478 0.9960 4.7531
vt 0.7415 0.9960 4.7531
vt 0.7967 0.9559 4.7531
vt 0.7966 0.9960 4.7531
vt 0.7352 0.9558 4.7531
vt 0.7352 0.9960 4.7531
vt 0.8029 0.9559 4.7531
vt 0.8092 0.9559 4.7531
vt 0.8092 0.9960 4.7531
vt 0.8029 0.9960 4.7531
vt 0.7227 0.9558 4.7531
vt 0.7289 0.9558 4.7531
vt 0.7289 0.9959 4.7531
vt 0.7226 0.9959 4.7531
vt 0.8155 0.9559 4.7531
vt 0.8155 0.9960 4.7531
vt 0.7164 0.9558 4.7531
vt 0.7164 0.9959 4.7531
vt 0.8218 0.9559 4.7531
vt 0.8217 0.9960 4.7531
vt 0.7101 0.9558 4.7531
vt 0.7101 0.9959 4.7531
vt 0.8280 0.9559 4.7531
vt 0.8343 0.9559 4.7531
vt 0.8343 0.9960 4.7531
vt 0.8280 0.9960 4.7531
vt 0.6976 0.9558 4.7531
vt 0.7038 0.9558 4.7531
vt 0.7038 0.9959 4.7531
vt 0.6976 0.9959 4.7531
vt 0.8406 0.9559 4.7531
vt 0.8406 0.9960 4.7531
vt 0.6913 0.9558 4.7531
vt 0.6913 0.9959 4.7531
vt 0.8467 0.9559 4.7531
vt 0.8466 0.9960 4.7531
vt 0.6852 0.9558 4.7531
vt 0.6852 0.9959 4.7531
vt 0.8524 0.9559 4.7531
vt 0.8575 0.9559 4.7531
vt 0.8574 0.9960 4.7531
vt 0.8523 0.9960 4.7531
vt 0.6744 0.9558 4.7531
vt 0.6795 0.9558 4.7531
vt 0.6795 0.9959 4.7531
vt 0.6744 0.9959 4.7531
vt 0.8618 0.9559 4.7531
vt 0.8618 0.9960 4.7531
vt 0.6701 0.9558 4.7531
vt 0.6701 0.9959 4.7531
vt 0.8655 0.9559 4.7531
vt 0.8655 0.9960 4.7531
vt 0.6664 0.9558 4.7531
vt 0.6664 0.9959 4.7531
vt 0.8689 0.9559 4.7531
vt 0.8688 0.9960 4.7531
vt 0.6631 0.9558 4.7531
vt 0.6630 0.9959 4.7531
vt 0.9962 0.9561 4.7531
vt 0.9962 0.9962 4.7531
vt 0.3818 0.3673 0.5350
vt 0.4209 0.3728 0.5350
vt 0.4203 0.3755 0.5350
vt 0.3816 0.3702 0.5350
vt 0.4056 0.2753 0.5350
vt 0.4231 0.2777 -0.5350
vt 0.6916 0.3429 -0.6051
vt 0.6887 0.3428 0.6051
vt 0.6860 0.3424 0.6051
vt 0.6711 0.3212 0.6051
vt 0.6916 0.2283 -0.6051
vt 0.7090 0.2301 0.6051
vt 0.7104 0.3252 0.6051
vt 0.3863 0.9446 0.7916
vt 0.3891 0.9446 0.7916
vt 0.3891 0.9531 -0.7916
vt 0.3863 0.9531 0.7916
vt 0.3919 0.9446 0.7916
vt 0.3919 0.9531 0.7916
vt 0.3947 0.9446 0.7916
vt 0.3947 0.9531 0.7916
vt 0.3976 0.9446 0.7916
vt 0.3976 0.9531 0.7916
vt 0.4004 0.9446 0.7916
vt 0.4004 0.9531 0.7916
vt 0.4032 0.9446 0.7916
vt 0.4032 0.9531 0.7916
vt 0.4060 0.9446 0.7916
vt 0.4060 0.9531 0.7916
vt 0.4088 0.9446 0.7916
vt 0.4088 0.9531 0.7916
vt 0.4116 0.9446 0.7916
vt 0.4116 0.9531 0.7916
vt 0.4145 0.9446 0.7916
vt 0.4145 0.9531 0.7916
vt 0.3525 0.9446 0.7916
vt 0.3553 0.9446 0.7916
vt 0.3553 0.9531 0.7916
vt 0.3525 0.9531 0.7916
vt 0.3581 0.9446 0.7916
vt 0.3581 0.9531 0.7916
vt 0.3609 0.9446 0.7916
vt 0.3609 0.9531 0.7916
vt 0.3637 0.9446 0.7916
vt 0.3637 0.9531 0.7916
vt 0.3666 0.9446 0.7916
vt 0.3666 0.9531 0.7916
vt 0.3694 0.9446 0.7916
vt 0.3694 0.9531 0.7916
vt 0.3722 0.9446 0.7916
vt 0.3722 0.9531 0.7916
vt 0.3750 0.9446 0.7916
vt 0.3750 0.9531 0.7916
vt 0.3778 0.9446 0.7916
vt 0.3778 0.9531 0.7916
vt 0.3807 0.9446 0.7916
vt 0.3807 0.9531 0.7916
vt 0.3835 0.9446 0.7916
vt 0.3835 0.9531 0.7916
vt 0.5096 0.9446 0.7916
vt 0.5096 0.9530 0.7916
vt 0.2573 0.9446 -0.7916
vt 0.2573 0.9531 0.7916
vt 0.3850 0.2319 0.5962
vt 0.3878 0.2320 -0.5962
vt 0.3906 0.2325 -0.5962
vt 0.3850 0.3466 0.5962
vt 0.3675 0.3448 -0.5962
vt 0.3662 0.2497 -0.5962
vt 0.4055 0.2537 -0.5962
vt 0.6837 0.3467 -0.5262
vt 0.6525 0.3701 -0.5262
vt 0.6513 0.3676 -0.5262
vt 0.6816 0.3448 -0.5262
vt 0.6856 0.3488 -0.5262
vt 0.7335 0.4310 -0.5262
vt 0.7195 0.4415 0.5262
vt 0.6540 0.3725 -0.5262
vt 0.1329 0.9446 -0.7792
vt 0.1357 0.9446 -0.7792
vt 0.1357 0.9531 -0.7792
vt 0.1329 0.9531 -0.7792
vt 0.1385 0.9446 -0.7792
vt 0.1385 0.9531 -0.7792
vt 0.1413 0.9446 -0.7792
vt 0.1413 0.9531 -0.7792
vt 0.1441 0.9446 -0.7792
vt 0.1441 0.9531 -0.7792
vt 0.1470 0.9446 -0.7792
vt 0.1470 0.9531 -0.7792
vt 0.1498 0.9446 -0.7792
vt 0.1498 0.9531 -0.7792
vt 0.1526 0.9446 -0.7792
vt 0.1526 0.9531 -0.7792
vt 0.1554 0.9446 -0.7792
vt 0.1554 0.9531 -0.7792
vt 0.1582 0.9446 -0.7792
vt 0.1582 0.9531 -0.7792
vt 0.1610 0.9446 -0.7792
vt 0.1610 0.9531 -0.7792
vt 0.0991 0.9446 -0.7792
vt 0.1019 0.9446 -0.7792
vt 0.1019 0.9531 -0.7792
vt 0.0991 0.9531 -0.7792
vt 0.1047 0.9446 -0.7792
vt 0.1047 0.9531 -0.7792
vt 0.1075 0.9446 -0.7792
vt 0.1075 0.9531 -0.7792
vt 0.1103 0.9446 -0.7792
vt 0.1103 0.9531 -0.7792
vt 0.1132 0.9446 -0.7792
vt 0.1132 0.9531 -0.7792
vt 0.1160 0.9446 -0.7792
vt 0.1160 0.9531 -0.7792
vt 0.1188 0.9531 -0.7792
vt 0.1188 0.9446 -0.7792
vt 0.1216 0.9446 -0.7792
vt 0.1216 0.9531 -0.7792
vt 0.1244 0.9446 0.7792
vt 0.1244 0.9531 -0.7792
vt 0.1272 0.9446 -0.7792
vt 0.1272 0.9531 -0.7792
vt 0.1301 0.9446 -0.7792
vt 0.1301 0.9531 -0.7792
vt 0.2562 0.9446 -0.7792
vt 0.2562 0.9530 0.7792
vt 0.0039 0.9447 -0.7792
vt 0.0039 0.9531 -0.7792
vt 0.4193 0.3782 0.5350
vt 0.3818 0.3730 0.5350
vt 0.4180 0.3807 0.5350
vt 0.3824 0.3757 0.5350
vt 0.4163 0.3829 0.5350
vt 0.3834 0.3784 0.5350
vt 0.4143 0.3849 0.5350
vt 0.3848 0.3808 0.5350
vt 0.4121 0.3866 0.5350
vt 0.3865 0.3831 0.5350
vt 0.4096 0.3880 0.5350
vt 0.3885 0.3850 0.5350
vt 0.4070 0.3890 0.5350
vt 0.3907 0.3867 0.5350
vt 0.4042 0.3896 0.5350
vt 0.3932 0.3881 0.5350
vt 0.4014 0.3898 0.5350
vt 0.3959 0.3890 -0.5350
vt 0.7099 0.3280 0.6051
vt 0.6710 0.3240 0.6051
vt 0.7090 0.3307 0.6051
vt 0.6713 0.3268 0.6051
vt 0.7078 0.3332 0.6051
vt 0.6720 0.3295 0.6051
vt 0.7062 0.3355 0.6051
vt 0.6731 0.3321 0.6051
vt 0.7043 0.3376 0.6051
vt 0.6746 0.3346 0.6051
vt 0.7021 0.3394 0.6051
vt 0.6764 0.3367 0.6051
vt 0.6997 0.3408 0.6051
vt 0.6784 0.3386 0.6051
vt 0.6971 0.3419 0.6051
vt 0.6808 0.3402 0.6051
vt 0.6943 0.3426 0.6051
vt 0.6833 0.3415 0.6051
vt 0.6501 0.3621 -0.5262
vt 0.6766 0.3421 -0.5262
vt 0.6792 0.3433 -0.5262
vt 0.6505 0.3649 -0.5262
vt 0.6505 0.3565 -0.5262
vt 0.6712 0.3410 -0.5262
vt 0.6739 0.3414 -0.5262
vt 0.6501 0.3593 -0.5262
vt 0.6524 0.3512 -0.5262
vt 0.6655 0.3414 -0.5262
vt 0.6683 0.3410 -0.5262
vt 0.6513 0.3538 -0.5262
vt 0.6558 0.3467 -0.5262
vt 0.6579 0.3449 -0.5262
vt 0.6603 0.3433 0.5262
vt 0.6539 0.3488 -0.5262
vt 0.6628 0.3422 -0.5262
vt 0.3667 0.2469 -0.5962
vt 0.4055 0.2509 -0.5962
vt 0.3675 0.2442 -0.5962
vt 0.4052 0.2481 -0.5962
vt 0.3688 0.2417 -0.5962
vt 0.4045 0.2453 -0.5962
vt 0.3704 0.2394 -0.5962
vt 0.4034 0.2427 -0.5962
vt 0.3723 0.2373 -0.5962
vt 0.4020 0.2403 -0.5962
vt 0.3745 0.2355 -0.5962
vt 0.4002 0.2381 -0.5962
vt 0.3769 0.2341 -0.5962
vt 0.3981 0.2362 -0.5962
vt 0.3795 0.2330 -0.5962
vt 0.3958 0.2346 -0.5962
vt 0.3822 0.2323 -0.5962
vt 0.3933 0.2334 -0.5962
vt 0.3986 0.3896 0.5350
vt 0.2272 0.9425 -1.6410
vt 0.2272 0.9225 -1.6410
vt 0.2369 0.9225 -1.6410
vt 0.2369 0.9425 -1.6410
vt 0.2466 0.9425 -1.6410
vt 0.2466 0.9225 -1.6410
vt 0.2563 0.9225 -1.6410
vt 0.2563 0.9425 -1.6410
vt 0.0137 0.9423 -1.6410
vt 0.0137 0.9223 -1.6410
vt 0.0234 0.9223 -1.6410
vt 0.0234 0.9423 -1.6410
vt 0.0331 0.9423 -1.6410
vt 0.0331 0.9223 -1.6410
vt 0.0428 0.9223 -1.6410
vt 0.0428 0.9424 -1.6410
vt 0.0525 0.9223 -1.6410
vt 0.0525 0.9424 -1.6410
vt 0.0622 0.9424 -1.6410
vt 0.0622 0.9223 -1.6410
vt 0.0719 0.9223 -1.6410
vt 0.0719 0.9424 -1.6410
vt 0.0816 0.9223 -1.6410
vt 0.0816 0.9424 -1.6410
vt 0.0913 0.9223 -1.6410
vt 0.0913 0.9424 -1.6410
vt 0.0040 0.9423 -1.6410
vt 0.0040 0.9223 -1.6410
vt 0.1204 0.9424 -1.6410
vt 0.1204 0.9224 -1.6410
vt 0.1302 0.9224 -1.6410
vt 0.1301 0.9424 1.6410
vt 0.1398 0.9424 -1.6410
vt 0.1399 0.9224 -1.6410
vt 0.1495 0.9424 -1.6410
vt 0.1496 0.9224 -1.6410
vt 0.1593 0.9224 -1.6410
vt 0.1592 0.9424 -1.6410
vt 0.1690 0.9224 -1.6410
vt 0.1689 0.9425 -1.6410
vt 0.1787 0.9224 -1.6410
vt 0.1787 0.9425 -1.6410
vt 0.1884 0.9224 -1.6410
vt 0.1884 0.9425 -1.6410
vt 0.1981 0.9224 -1.6410
vt 0.1981 0.9425 -1.6410
vt 0.2078 0.9425 -1.6410
vt 0.2078 0.9224 -1.6410
vt 0.2175 0.9225 -1.6410
vt 0.2175 0.9425 -1.6410
vt 0.4940 0.9427 -1.6410
vt 0.4940 0.9227 -1.6410
vt 0.5058 0.9227 -1.6410
vt 0.5058 0.9427 -1.6410
vt 0.5485 0.5668 -8.0958
vt 0.5285 0.5667 -8.0958
vt 0.5287 0.0853 -8.0958
vt 0.5488 0.0854 -8.0958
vt 0.3768 0.9426 -1.6410
vt 0.3768 0.9226 -1.6410
vt 0.4164 0.9427 -1.6410
vt 0.4164 0.9226 -1.6410
vt 0.4229 0.9226 -1.6410
vt 0.4229 0.9427 -1.6410
vt 0.4449 0.9427 -1.6410
vt 0.4449 0.9226 -1.6410
vt 0.4514 0.9226 -1.6410
vt 0.4514 0.9427 -1.6410
vt 0.4598 0.9227 -1.6410
vt 0.4598 0.9427 -1.6410
vt 0.4686 0.9427 -1.6410
vt 0.4686 0.9227 -1.6410
vt 0.4768 0.9227 -1.6410
vt 0.4768 0.9427 -1.6410
vt 0.7103 0.2088 -8.0958
vt 0.7013 0.2155 -8.0958
vt 0.7112 0.0784 -8.0958
vt 0.7117 0.0881 -8.0958
vt 0.6962 0.2195 -8.0958
vt 0.7096 0.0689 -8.0958
vt 0.6904 0.2244 -8.0958
vt 0.7068 0.0595 -8.0958
vt 0.6856 0.2288 -8.0958
vt 0.7029 0.0506 -8.0958
vt 0.6801 0.2343 -8.0958
vt 0.6979 0.0422 -8.0958
vt 0.6758 0.2391 -8.0958
vt 0.6920 0.0345 -8.0958
vt 0.6707 0.2453 -8.0958
vt 0.6852 0.0275 -8.0958
vt 0.6668 0.2505 -8.0958
vt 0.6776 0.0214 -8.0958
vt 0.6627 0.2567 -8.0958
vt 0.6693 0.0163 -8.0958
vt 0.6594 0.2623 -8.0958
vt 0.6604 0.0122 -8.0958
vt 0.6555 0.2698 -8.0958
vt 0.6512 0.0092 -8.0958
vt 0.6518 0.2778 -8.0958
vt 0.6416 0.0073 -8.0958
vt 0.6446 0.3019 -8.0958
vt 0.6430 0.3136 -8.0958
vt 0.6031 0.0114 -8.0958
vt 0.6124 0.0087 -8.0958
vt 0.6466 0.2934 -8.0958
vt 0.6221 0.0070 -8.0958
vt 0.6489 0.2854 -8.0958
vt 0.6318 0.0066 8.0958
vt 0.6423 0.3276 -8.0958
vt 0.5941 0.0153 -8.0958
vt 0.2777 0.9196 -1.6416
vt 0.2777 0.8996 -1.6416
vt 0.2874 0.8996 -1.6416
vt 0.2874 0.9196 -1.6416
vt 0.5008 0.8998 -1.6416
vt 0.5105 0.8998 -1.6416
vt 0.5105 0.9198 -1.6416
vt 0.5008 0.9198 -1.6416
vt 0.4814 0.8997 -1.6416
vt 0.4911 0.8998 -1.6416
vt 0.4911 0.9198 -1.6416
vt 0.4814 0.9198 -1.6416
vt 0.4717 0.8997 -1.6416
vt 0.4717 0.9198 -1.6416
vt 0.4426 0.8997 -1.6416
vt 0.4523 0.8997 -1.6416
vt 0.4523 0.9198 -1.6416
vt 0.4426 0.9198 -1.6416
vt 0.4232 0.8997 -1.6416
vt 0.4329 0.8997 -1.6416
vt 0.4329 0.9198 -1.6416
vt 0.4232 0.9198 -1.6416
vt 0.4135 0.8997 -1.6416
vt 0.4135 0.9198 -1.6416
vt 0.4038 0.8997 -1.6416
vt 0.4038 0.9197 -1.6416
vt 0.3844 0.8997 -1.6416
vt 0.3941 0.8997 -1.6416
vt 0.3941 0.9197 1.6416
vt 0.3844 0.9197 -1.6416
vt 0.0044 0.9194 1.6416
vt 0.0044 0.8994 -1.6416
vt 0.0184 0.8994 -1.6416
vt 0.0184 0.9194 -1.6416
vt 0.0302 0.8994 -1.6416
vt 0.0302 0.9194 -1.6416
vt 0.0390 0.8994 -1.6416
vt 0.0390 0.9194 -1.6416
vt 0.0474 0.8994 -1.6416
vt 0.0474 0.9194 -1.6416
vt 0.1298 0.8995 -1.6416
vt 0.1363 0.8995 -1.6416
vt 0.1363 0.9195 -1.6416
vt 0.1298 0.9195 -1.6416
vt 0.1222 0.8995 -1.6416
vt 0.1222 0.9195 -1.6416
vt 0.1157 0.8995 -1.6416
vt 0.1157 0.9195 -1.6416
vt 0.0869 0.8994 -1.6416
vt 0.0934 0.8994 -1.6416
vt 0.0934 0.9195 -1.6416
vt 0.0869 0.9195 -1.6416
vt 0.7080 0.4488 -8.0958
vt 0.7066 0.5694 -8.0958
vt 0.7059 0.5791 -8.0958
vt 0.6992 0.4419 -8.0958
vt 0.7041 0.5886 -8.0958
vt 0.6942 0.4377 -8.0958
vt 0.7011 0.5979 -8.0958
vt 0.6885 0.4327 -8.0958
vt 0.6970 0.6067 -8.0958
vt 0.6838 0.4282 -8.0958
vt 0.6919 0.6149 -8.0958
vt 0.6784 0.4225 -8.0958
vt 0.6859 0.6225 -8.0958
vt 0.6742 0.4176 -8.0958
vt 0.6790 0.6292 -8.0958
vt 0.6692 0.4112 -8.0958
vt 0.6713 0.6351 -8.0958
vt 0.6655 0.4059 -8.0958
vt 0.6630 0.6400 -8.0958
vt 0.6615 0.3995 -8.0958
vt 0.6542 0.6439 -8.0958
vt 0.6583 0.3938 -8.0958
vt 0.6449 0.6467 -8.0958
vt 0.6546 0.3862 -8.0958
vt 0.6354 0.6483 -8.0958
vt 0.6511 0.3781 -8.0958
vt 0.6442 0.3535 -8.0958
vt 0.6067 0.6462 -8.0958
vt 0.5976 0.6432 -8.0958
vt 0.6428 0.3417 -8.0958
vt 0.6461 0.3621 -8.0958
vt 0.6162 0.6480 -8.0958
vt 0.6483 0.3703 -8.0958
vt 0.6258 0.6487 8.0958
vt 0.5889 0.6390 -8.0958
vt 0.5642 0.0402 -8.0958
vt 0.5704 0.0327 -8.0958
vt 0.5670 0.6207 -8.0958
vt 0.5613 0.6130 -8.0958
vt 0.5855 0.0202 -8.0958
vt 0.5809 0.6339 -8.0958
vt 0.5496 0.0758 -8.0958
vt 0.5489 0.5765 -8.0958
vt 0.5515 0.0664 -8.0958
vt 0.5503 0.5862 -8.0958
vt 0.5529 0.5956 -8.0958
vt 0.5547 0.0572 -8.0958
vt 0.5566 0.6045 -8.0958
vt 0.5589 0.0484 -8.0958
vt 0.5776 0.0260 -8.0958
vt 0.5735 0.6277 -8.0958
vt 0.1010 0.9424 -1.6410
vt 0.1010 0.9224 -1.6410
vt 0.1107 0.9224 -1.6410
vt 0.1107 0.9424 -1.6410
vt 0.5199 0.9427 1.6410
vt 0.5199 0.9227 -1.6410
vt 0.4852 0.9427 -1.6410
vt 0.4852 0.9227 -1.6410
vt 0.3880 0.9226 -1.6410
vt 0.3880 0.9426 -1.6410
vt 0.3945 0.9226 -1.6410
vt 0.3945 0.9426 -1.6410
vt 0.4021 0.9226 -1.6410
vt 0.4021 0.9427 -1.6410
vt 0.4086 0.9226 -1.6410
vt 0.4086 0.9427 -1.6410
vt 0.4309 0.9226 -1.6410
vt 0.4309 0.9427 -1.6410
vt 0.4374 0.9226 -1.6410
vt 0.4374 0.9427 -1.6410
vt 0.3693 0.2033 -8.0958
vt 0.3706 0.0826 -8.0958
vt 0.3713 0.0729 -8.0958
vt 0.3781 0.2102 -8.0958
vt 0.3732 0.0634 -8.0958
vt 0.3831 0.2143 -8.0958
vt 0.3762 0.0542 -8.0958
vt 0.3888 0.2193 -8.0958
vt 0.3802 0.0454 -8.0958
vt 0.3935 0.2239 -8.0958
vt 0.3853 0.0371 -8.0958
vt 0.3988 0.2295 -8.0958
vt 0.3914 0.0296 -8.0958
vt 0.4031 0.2345 -8.0958
vt 0.3983 0.0228 -8.0958
vt 0.4080 0.2408 -8.0958
vt 0.4060 0.0169 -8.0958
vt 0.4118 0.2462 -8.0958
vt 0.4143 0.0120 -8.0958
vt 0.4158 0.2525 -8.0958
vt 0.4231 0.0082 -8.0958
vt 0.4190 0.2583 -8.0958
vt 0.4324 0.0054 -8.0958
vt 0.4227 0.2659 -8.0958
vt 0.4419 0.0038 -8.0958
vt 0.4262 0.2740 -8.0958
vt 0.4330 0.2985 -8.0958
vt 0.4705 0.0059 -8.0958
vt 0.4797 0.0089 -8.0958
vt 0.4344 0.3103 -8.0958
vt 0.4312 0.2899 -8.0958
vt 0.4611 0.0040 -8.0958
vt 0.4290 0.2817 -8.0958
vt 0.4515 0.0033 -8.0958
vt 0.4884 0.0130 -8.0958
vt 0.4349 0.3244 -8.0958
vt 0.2972 0.8996 -1.6416
vt 0.2971 0.9197 -1.6416
vt 0.4620 0.8997 -1.6416
vt 0.4620 0.9198 -1.6416
vt 0.5202 0.8998 -1.6416
vt 0.5202 0.9198 -1.6416
vt 0.3748 0.8997 -1.6416
vt 0.3747 0.9197 -1.6416
vt 0.3651 0.8997 -1.6416
vt 0.3650 0.9197 -1.6416
vt 0.3554 0.8997 -1.6416
vt 0.3553 0.9197 -1.6416
vt 0.3457 0.8997 -1.6416
vt 0.3456 0.9197 -1.6416
vt 0.3360 0.8996 -1.6416
vt 0.3359 0.9197 -1.6416
vt 0.3263 0.8996 -1.6416
vt 0.3262 0.9197 -1.6416
vt 0.3166 0.8996 -1.6416
vt 0.3165 0.9197 -1.6416
vt 0.3069 0.8996 -1.6416
vt 0.3068 0.9197 -1.6416
vt 0.1475 0.8995 -1.6416
vt 0.1475 0.9195 -1.6416
vt 0.1079 0.8994 -1.6416
vt 0.1079 0.9195 -1.6416
vt 0.1014 0.8994 -1.6416
vt 0.1014 0.9195 -1.6416
vt 0.0794 0.8994 -1.6416
vt 0.0794 0.9195 -1.6416
vt 0.0729 0.8994 -1.6416
vt 0.0729 0.9195 -1.6416
vt 0.0644 0.8994 -1.6416
vt 0.0644 0.9195 -1.6416
vt 0.0556 0.9195 -1.6416
vt 0.0556 0.8994 -1.6416
vt 0.3670 0.4433 -8.0958
vt 0.3759 0.4366 -8.0958
vt 0.3660 0.5736 -8.0958
vt 0.3656 0.5639 -8.0958
vt 0.3810 0.4326 -8.0958
vt 0.3677 0.5832 -8.0958
vt 0.3868 0.4277 -8.0958
vt 0.3705 0.5925 -8.0958
vt 0.3916 0.4233 -8.0958
vt 0.3744 0.6014 -8.0958
vt 0.3971 0.4178 -8.0958
vt 0.3793 0.6098 -8.0958
vt 0.4015 0.4130 -8.0958
vt 0.3852 0.6176 -8.0958
vt 0.4066 0.4068 -8.0958
vt 0.3920 0.6245 -8.0958
vt 0.4104 0.4016 -8.0958
vt 0.3996 0.6306 -8.0958
vt 0.4146 0.3953 -8.0958
vt 0.4079 0.6358 -8.0958
vt 0.4179 0.3897 -8.0958
vt 0.4168 0.6399 -8.0958
vt 0.4217 0.3822 -8.0958
vt 0.4261 0.6429 -8.0958
vt 0.4254 0.3743 -8.0958
vt 0.4357 0.6448 -8.0958
vt 0.4327 0.3501 -8.0958
vt 0.4342 0.3384 -8.0958
vt 0.4742 0.6406 -8.0958
vt 0.4648 0.6434 -8.0958
vt 0.4307 0.3586 -8.0958
vt 0.4552 0.6450 -8.0958
vt 0.4283 0.3667 -8.0958
vt 0.4454 0.6455 -8.0958
vt 0.4832 0.6368 -8.0958
vt 0.5159 0.0391 -8.0958
vt 0.5131 0.6118 -8.0958
vt 0.5068 0.6193 -8.0958
vt 0.5103 0.0313 -8.0958
vt 0.4964 0.0182 -8.0958
vt 0.4917 0.6319 -8.0958
vt 0.5277 0.5763 -8.0958
vt 0.5284 0.0755 -8.0958
vt 0.5257 0.5857 -8.0958
vt 0.5269 0.0659 -8.0958
vt 0.5226 0.5949 -8.0958
vt 0.5243 0.0565 -8.0958
vt 0.5184 0.6036 -8.0958
vt 0.5206 0.0475 -8.0958
vt 0.4997 0.6261 -8.0958
vt 0.5037 0.0243 -8.0958
vt 0.2680 0.9196 -1.6416
vt 0.2680 0.8996 -1.6416
# 5100 texture coords

g wooden_airplane_toy_1
usemtl wooden_airplane_toy_1
s 2
f 1/1/1 2/2/2 3/3/3 4/4/4 
f 2/2/2 5/5/5 6/6/6 3/3/3 
f 5/5/5 7/7/7 8/8/8 6/6/6 
f 7/7/7 9/9/9 10/10/10 8/8/8 
f 9/9/9 11/11/11 12/12/12 10/10/10 
f 11/11/11 13/13/13 14/14/14 12/12/12 
f 13/13/13 15/15/15 16/16/16 14/14/14 
f 15/15/15 17/17/17 18/18/18 16/16/16 
f 17/17/17 19/19/19 20/20/20 18/18/18 
f 19/19/19 21/21/21 22/22/22 20/20/20 
f 21/21/21 23/23/23 24/24/24 22/22/22 
f 23/23/23 25/25/25 26/26/26 24/24/24 
f 25/25/25 27/27/27 28/28/28 26/26/26 
f 27/29/27 29/30/29 30/31/30 28/32/28 
f 29/30/29 31/33/31 32/34/32 30/31/30 
f 31/33/31 33/35/33 34/36/34 32/34/32 
f 33/35/33 35/37/35 36/38/36 34/36/34 
f 35/37/35 37/39/37 38/40/38 36/38/36 
f 37/39/37 39/41/39 40/42/40 38/40/38 
f 39/41/39 41/43/41 42/44/42 40/42/40 
f 41/43/41 43/45/43 44/46/44 42/44/42 
f 43/45/43 45/47/45 46/48/46 44/46/44 
f 45/47/45 47/49/47 48/50/48 46/48/46 
f 47/49/47 49/51/49 50/52/50 48/50/48 
f 49/51/49 51/53/51 52/54/52 50/52/50 
f 51/53/51 53/55/53 54/56/54 52/54/52 
f 53/55/53 55/57/55 56/58/56 54/56/54 
f 55/57/55 57/59/57 58/60/58 56/58/56 
f 57/59/57 59/61/59 60/62/60 58/60/58 
f 59/61/59 61/63/61 62/64/62 60/62/60 
f 61/63/61 63/65/63 64/66/64 62/64/62 
f 63/65/63 65/67/65 66/68/66 64/66/64 
f 65/67/65 67/69/67 68/70/68 66/68/66 
f 67/69/67 69/71/69 70/72/70 68/70/68 
f 69/71/69 71/73/71 72/74/72 70/72/70 
f 71/73/71 73/75/73 74/76/74 72/74/72 
f 73/75/73 75/77/75 76/78/76 74/76/74 
f 75/77/75 77/79/77 78/80/78 76/78/76 
f 77/79/77 79/81/79 80/82/80 78/80/78 
f 79/83/79 81/84/81 82/85/82 80/86/80 
f 81/84/81 83/87/83 84/88/84 82/85/82 
f 83/87/83 85/89/85 86/90/86 84/88/84 
f 85/89/85 87/91/87 88/92/88 86/90/86 
f 87/91/87 89/93/89 90/94/90 88/92/88 
f 89/93/89 91/95/91 92/96/92 90/94/90 
f 91/95/91 93/97/93 94/98/94 92/96/92 
f 93/97/93 95/99/95 96/100/96 94/98/94 
f 95/99/95 97/101/97 98/102/98 96/100/96 
f 97/101/97 99/103/99 100/104/100 98/102/98 
f 99/103/99 101/105/101 102/106/102 100/104/100 
f 101/105/101 103/107/103 104/108/104 102/106/102 
f 103/107/103 1/1/1 4/4/4 104/108/104 
s 1
f 105/109/105 106/110/106 107/111/107 108/112/108 
f 106/110/106 109/113/109 110/114/110 107/111/107 
f 109/113/109 111/115/111 112/116/112 110/114/110 
f 111/115/111 113/117/113 114/118/114 112/116/112 
f 113/117/113 115/119/115 116/120/116 114/118/114 
f 115/119/115 117/121/117 118/122/118 116/120/116 
f 117/121/117 119/123/119 120/124/120 118/122/118 
f 119/123/119 121/125/121 122/126/122 120/124/120 
f 121/125/121 123/127/123 124/128/124 122/126/122 
f 123/127/123 125/129/125 126/130/126 124/128/124 
f 125/129/125 127/131/127 128/132/128 126/130/126 
f 127/131/127 129/133/129 130/134/130 128/132/128 
f 129/133/129 131/135/131 132/136/132 130/134/130 
f 131/137/131 133/138/133 134/139/134 132/140/132 
f 133/138/133 135/141/135 136/142/136 134/139/134 
f 135/141/135 137/143/137 138/144/138 136/142/136 
f 137/143/137 139/145/139 140/146/140 138/144/138 
f 139/145/139 141/147/141 142/148/142 140/146/140 
f 141/147/141 143/149/143 144/150/144 142/148/142 
f 143/149/143 145/151/145 146/152/146 144/150/144 
f 145/151/145 147/153/147 148/154/148 146/152/146 
f 147/153/147 149/155/149 150/156/150 148/154/148 
f 149/155/149 151/157/151 152/158/152 150/156/150 
f 151/157/151 153/159/153 154/160/154 152/158/152 
f 153/159/153 155/161/155 156/162/156 154/160/154 
f 155/161/155 157/163/157 158/164/158 156/162/156 
f 157/163/157 159/165/159 160/166/160 158/164/158 
f 159/165/159 161/167/161 162/168/162 160/166/160 
f 161/167/161 163/169/163 164/170/164 162/168/162 
f 163/169/163 165/171/165 166/172/166 164/170/164 
f 165/171/165 167/173/167 168/174/168 166/172/166 
f 167/173/167 169/175/169 170/176/170 168/174/168 
f 169/175/169 171/177/171 172/178/172 170/176/170 
f 171/177/171 173/179/173 174/180/174 172/178/172 
f 173/179/173 175/181/175 176/182/176 174/180/174 
f 175/181/175 177/183/177 178/184/178 176/182/176 
f 177/183/177 179/185/179 180/186/180 178/184/178 
f 179/185/179 181/187/181 182/188/182 180/186/180 
f 181/187/181 183/189/183 184/190/184 182/188/182 
f 183/191/183 185/192/185 186/193/186 184/194/184 
f 185/192/185 187/195/187 188/196/188 186/193/186 
f 187/195/187 189/197/189 190/198/190 188/196/188 
f 189/197/189 191/199/191 192/200/192 190/198/190 
f 191/199/191 193/201/193 194/202/194 192/200/192 
f 193/201/193 195/203/195 196/204/196 194/202/194 
f 195/203/195 197/205/197 198/206/198 196/204/196 
f 197/205/197 199/207/199 200/208/200 198/206/198 
f 199/207/199 201/209/201 202/210/202 200/208/200 
f 201/209/201 203/211/203 204/212/204 202/210/202 
f 203/211/203 205/213/205 206/214/206 204/212/204 
f 205/213/205 207/215/207 208/216/208 206/214/206 
f 207/215/207 105/109/105 108/112/108 208/216/208 
s 2
f 209/217/209 210/218/210 211/219/211 212/220/212 
f 210/218/210 213/221/213 214/222/214 211/219/211 
f 213/221/213 215/223/215 216/224/216 214/222/214 
f 215/223/215 217/225/217 218/226/218 216/224/216 
f 217/225/217 219/227/219 220/228/220 218/226/218 
f 219/227/219 221/229/221 222/230/222 220/228/220 
f 221/229/221 223/231/223 224/232/224 222/230/222 
f 223/231/223 225/233/225 226/234/226 224/232/224 
f 225/233/225 227/235/227 228/236/228 226/234/226 
f 227/235/227 229/237/229 230/238/230 228/236/228 
f 229/237/229 231/239/231 232/240/232 230/238/230 
f 231/239/231 233/241/233 234/242/234 232/240/232 
f 233/241/233 235/243/235 236/244/236 234/242/234 
f 235/245/235 237/246/237 238/247/238 236/248/236 
f 237/246/237 239/249/239 240/250/240 238/247/238 
f 239/249/239 241/251/241 242/252/242 240/250/240 
f 241/251/241 243/253/243 244/254/244 242/252/242 
f 243/253/243 245/255/245 246/256/246 244/254/244 
f 245/255/245 247/257/247 248/258/248 246/256/246 
f 247/257/247 249/259/249 250/260/250 248/258/248 
f 249/259/249 251/261/251 252/262/252 250/260/250 
f 251/261/251 253/263/253 254/264/254 252/262/252 
f 253/263/253 255/265/255 256/266/256 254/264/254 
f 255/265/255 257/267/257 258/268/258 256/266/256 
f 257/267/257 259/269/259 260/270/260 258/268/258 
f 259/269/259 261/271/261 262/272/262 260/270/260 
f 261/271/261 263/273/263 264/274/264 262/272/262 
f 263/273/263 265/275/265 266/276/266 264/274/264 
f 265/275/265 267/277/267 268/278/268 266/276/266 
f 267/277/267 269/279/269 270/280/270 268/278/268 
f 269/279/269 271/281/271 272/282/272 270/280/270 
f 271/281/271 273/283/273 274/284/274 272/282/272 
f 273/283/273 275/285/275 276/286/276 274/284/274 
f 275/285/275 277/287/277 278/288/278 276/286/276 
f 277/287/277 279/289/279 280/290/280 278/288/278 
f 279/289/279 281/291/281 282/292/282 280/290/280 
f 281/291/281 283/293/283 284/294/284 282/292/282 
f 283/293/283 285/295/285 286/296/286 284/294/284 
f 285/295/285 287/297/287 288/298/288 286/296/286 
f 287/299/287 289/300/289 290/301/290 288/302/288 
f 289/300/289 291/303/291 292/304/292 290/301/290 
f 291/303/291 293/305/293 294/306/294 292/304/292 
f 293/305/293 295/307/295 296/308/296 294/306/294 
f 295/307/295 297/309/297 298/310/298 296/308/296 
f 297/309/297 299/311/299 300/312/300 298/310/298 
f 299/311/299 301/313/301 302/314/302 300/312/300 
f 301/313/301 303/315/303 304/316/304 302/314/302 
f 303/315/303 305/317/305 306/318/306 304/316/304 
f 305/317/305 307/319/307 308/320/308 306/318/306 
f 307/319/307 309/321/309 310/322/310 308/320/308 
f 309/321/309 311/323/311 312/324/312 310/322/310 
f 311/323/311 209/217/209 212/220/212 312/324/312 
f 313/325/313 314/326/314 315/327/315 316/328/316 
f 314/326/314 317/329/317 318/330/318 315/327/315 
f 317/329/317 319/331/319 320/332/320 318/330/318 
f 319/331/319 321/333/321 322/334/322 320/332/320 
f 321/333/321 323/335/323 324/336/324 322/334/322 
f 323/335/323 325/337/325 326/338/326 324/336/324 
f 325/337/325 327/339/327 328/340/328 326/338/326 
f 327/339/327 329/341/329 330/342/330 328/340/328 
f 329/341/329 331/343/331 332/344/332 330/342/330 
f 331/343/331 333/345/333 334/346/334 332/344/332 
f 333/345/333 335/347/335 336/348/336 334/346/334 
f 335/347/335 337/349/337 338/350/338 336/348/336 
f 337/349/337 339/351/339 340/352/340 338/350/338 
f 339/353/339 341/354/341 342/355/342 340/356/340 
f 341/354/341 343/357/343 344/358/344 342/355/342 
f 343/357/343 345/359/345 346/360/346 344/358/344 
f 345/359/345 347/361/347 348/362/348 346/360/346 
f 347/361/347 349/363/349 350/364/350 348/362/348 
f 349/363/349 351/365/351 352/366/352 350/364/350 
f 351/365/351 353/367/353 354/368/354 352/366/352 
f 353/367/353 355/369/355 356/370/356 354/368/354 
f 355/369/355 357/371/357 358/372/358 356/370/356 
f 357/371/357 359/373/359 360/374/360 358/372/358 
f 359/373/359 361/375/361 362/376/362 360/374/360 
f 361/375/361 363/377/363 364/378/364 362/376/362 
f 363/377/363 365/379/365 366/380/366 364/378/364 
f 365/379/365 367/381/367 368/382/368 366/380/366 
f 367/381/367 369/383/369 370/384/370 368/382/368 
f 369/383/369 371/385/371 372/386/372 370/384/370 
f 371/385/371 373/387/373 374/388/374 372/386/372 
f 373/387/373 375/389/375 376/390/376 374/388/374 
f 375/389/375 377/391/377 378/392/378 376/390/376 
f 377/391/377 379/393/379 380/394/380 378/392/378 
f 379/393/379 381/395/381 382/396/382 380/394/380 
f 381/395/381 383/397/383 384/398/384 382/396/382 
f 383/397/383 385/399/385 386/400/386 384/398/384 
f 385/399/385 387/401/387 388/402/388 386/400/386 
f 387/401/387 389/403/389 390/404/390 388/402/388 
f 389/403/389 391/405/391 392/406/392 390/404/390 
f 391/407/391 393/408/393 394/409/394 392/410/392 
f 393/408/393 395/411/395 396/412/396 394/409/394 
f 395/411/395 397/413/397 398/414/398 396/412/396 
f 397/413/397 399/415/399 400/416/400 398/414/398 
f 399/415/399 401/417/401 402/418/402 400/416/400 
f 401/417/401 403/419/403 404/420/404 402/418/402 
f 403/419/403 405/421/405 406/422/406 404/420/404 
f 405/421/405 407/423/407 408/424/408 406/422/406 
f 407/423/407 409/425/409 410/426/410 408/424/408 
f 409/425/409 411/427/411 412/428/412 410/426/410 
f 411/427/411 413/429/413 414/430/414 412/428/412 
f 413/429/413 415/431/415 416/432/416 414/430/414 
f 415/431/415 313/325/313 316/328/316 416/432/416 
f 417/433/417 418/434/418 419/435/419 420/436/420 
f 418/434/418 421/437/421 422/438/422 419/435/419 
f 421/437/421 423/439/423 424/440/424 422/438/422 
f 423/439/423 425/441/425 426/442/426 424/440/424 
f 425/441/425 427/443/427 428/444/428 426/442/426 
f 427/443/427 429/445/429 430/446/430 428/444/428 
f 429/445/429 431/447/431 432/448/432 430/446/430 
f 431/447/431 433/449/433 434/450/434 432/448/432 
f 433/449/433 435/451/435 436/452/436 434/450/434 
f 435/451/435 437/453/437 438/454/438 436/452/436 
f 437/453/437 439/455/439 440/456/440 438/454/438 
f 439/455/439 441/457/441 442/458/442 440/456/440 
f 441/457/441 443/459/443 444/460/444 442/458/442 
f 443/461/443 445/462/445 446/463/446 444/464/444 
f 445/462/445 447/465/447 448/466/448 446/463/446 
f 447/465/447 449/467/449 450/468/450 448/466/448 
f 449/467/449 451/469/451 452/470/452 450/468/450 
f 451/469/451 453/471/453 454/472/454 452/470/452 
f 453/471/453 455/473/455 456/474/456 454/472/454 
f 455/473/455 457/475/457 458/476/458 456/474/456 
f 457/475/457 459/477/459 460/478/460 458/476/458 
f 459/477/459 461/479/461 462/480/462 460/478/460 
f 461/479/461 463/481/463 464/482/464 462/480/462 
f 463/481/463 465/483/465 466/484/466 464/482/464 
f 465/483/465 467/485/467 468/486/468 466/484/466 
f 467/485/467 469/487/469 470/488/470 468/486/468 
f 469/487/469 471/489/471 472/490/472 470/488/470 
f 471/489/471 473/491/473 474/492/474 472/490/472 
f 473/491/473 475/493/475 476/494/476 474/492/474 
f 475/493/475 477/495/477 478/496/478 476/494/476 
f 477/495/477 479/497/479 480/498/480 478/496/478 
f 479/497/479 481/499/481 482/500/482 480/498/480 
f 481/499/481 483/501/483 484/502/484 482/500/482 
f 483/501/483 485/503/485 486/504/486 484/502/484 
f 485/503/485 487/505/487 488/506/488 486/504/486 
f 487/505/487 489/507/489 490/508/490 488/506/488 
f 489/507/489 491/509/491 492/510/492 490/508/490 
f 491/509/491 493/511/493 494/512/494 492/510/492 
f 493/511/493 495/513/495 496/514/496 494/512/494 
f 495/515/495 497/516/497 498/517/498 496/518/496 
f 497/516/497 499/519/499 500/520/500 498/517/498 
f 499/519/499 501/521/501 502/522/502 500/520/500 
f 501/521/501 503/523/503 504/524/504 502/522/502 
f 503/523/503 505/525/505 506/526/506 504/524/504 
f 505/525/505 507/527/507 508/528/508 506/526/506 
f 507/527/507 509/529/509 510/530/510 508/528/508 
f 509/529/509 511/531/511 512/532/512 510/530/510 
f 511/531/511 513/533/513 514/534/514 512/532/512 
f 513/533/513 515/535/515 516/536/516 514/534/514 
f 515/535/515 517/537/517 518/538/518 516/536/516 
f 517/537/517 519/539/519 520/540/520 518/538/518 
f 519/539/519 417/433/417 420/436/420 520/540/520 
f 521/541/521 522/542/522 523/543/523 524/544/524 
f 522/542/522 525/545/525 526/546/526 523/543/523 
f 525/545/525 527/547/527 528/548/528 526/546/526 
f 527/547/527 529/549/529 530/550/530 528/548/528 
f 529/549/529 531/551/531 532/552/532 530/550/530 
f 531/551/531 533/553/533 534/554/534 532/552/532 
f 533/553/533 535/555/535 536/556/536 534/554/534 
f 535/555/535 537/557/537 538/558/538 536/556/536 
f 537/557/537 539/559/539 540/560/540 538/558/538 
f 539/559/539 541/561/541 542/562/542 540/560/540 
f 541/561/541 543/563/543 544/564/544 542/562/542 
f 543/563/543 545/565/545 546/566/546 544/564/544 
f 545/565/545 547/567/547 548/568/548 546/566/546 
f 547/569/547 549/570/549 550/571/550 548/572/548 
f 549/570/549 551/573/551 552/574/552 550/571/550 
f 551/573/551 553/575/553 554/576/554 552/574/552 
f 553/575/553 555/577/555 556/578/556 554/576/554 
f 555/577/555 557/579/557 558/580/558 556/578/556 
f 557/579/557 559/581/559 560/582/560 558/580/558 
f 559/581/559 561/583/561 562/584/562 560/582/560 
f 561/583/561 563/585/563 564/586/564 562/584/562 
f 563/585/563 565/587/565 566/588/566 564/586/564 
f 565/587/565 567/589/567 568/590/568 566/588/566 
f 567/589/567 569/591/569 570/592/570 568/590/568 
f 569/591/569 571/593/571 572/594/572 570/592/570 
f 571/593/571 573/595/573 574/596/574 572/594/572 
f 573/595/573 575/597/575 576/598/576 574/596/574 
f 575/597/575 577/599/577 578/600/578 576/598/576 
f 577/599/577 579/601/579 580/602/580 578/600/578 
f 579/601/579 581/603/581 582/604/582 580/602/580 
f 581/603/581 583/605/583 584/606/584 582/604/582 
f 583/605/583 585/607/585 586/608/586 584/606/584 
f 585/607/585 587/609/587 588/610/588 586/608/586 
f 587/609/587 589/611/589 590/612/590 588/610/588 
f 589/611/589 591/613/591 592/614/592 590/612/590 
f 591/613/591 593/615/593 594/616/594 592/614/592 
f 593/615/593 595/617/595 596/618/596 594/616/594 
f 595/617/595 597/619/597 598/620/598 596/618/596 
f 597/619/597 599/621/599 600/622/600 598/620/598 
f 599/623/599 601/624/601 602/625/602 600/626/600 
f 601/624/601 603/627/603 604/628/604 602/625/602 
f 603/627/603 605/629/605 606/630/606 604/628/604 
f 605/629/605 607/631/607 608/632/608 606/630/606 
f 607/631/607 609/633/609 610/634/610 608/632/608 
f 609/633/609 611/635/611 612/636/612 610/634/610 
f 611/635/611 613/637/613 614/638/614 612/636/612 
f 613/637/613 615/639/615 616/640/616 614/638/614 
f 615/639/615 617/641/617 618/642/618 616/640/616 
f 617/641/617 619/643/619 620/644/620 618/642/618 
f 619/643/619 621/645/621 622/646/622 620/644/620 
f 621/645/621 623/647/623 624/648/624 622/646/622 
f 623/647/623 521/541/521 524/544/524 624/648/624 
f 625/649/625 626/650/626 627/651/627 628/652/628 
f 626/650/626 629/653/629 630/654/630 627/651/627 
f 629/653/629 631/655/631 632/656/632 630/654/630 
f 631/655/631 633/657/633 634/658/634 632/656/632 
f 633/657/633 635/659/635 636/660/636 634/658/634 
f 635/659/635 637/661/637 638/662/638 636/660/636 
f 637/661/637 639/663/639 640/664/640 638/662/638 
f 639/663/639 641/665/641 642/666/642 640/664/640 
f 641/665/641 643/667/643 644/668/644 642/666/642 
f 643/667/643 645/669/645 646/670/646 644/668/644 
f 645/669/645 647/671/647 648/672/648 646/670/646 
f 647/671/647 649/673/649 650/674/650 648/672/648 
f 649/673/649 651/675/651 652/676/652 650/674/650 
f 651/677/651 653/678/653 654/679/654 652/680/652 
f 653/678/653 655/681/655 656/682/656 654/679/654 
f 655/681/655 657/683/657 658/684/658 656/682/656 
f 657/683/657 659/685/659 660/686/660 658/684/658 
f 659/685/659 661/687/661 662/688/662 660/686/660 
f 661/687/661 663/689/663 664/690/664 662/688/662 
f 663/689/663 665/691/665 666/692/666 664/690/664 
f 665/691/665 667/693/667 668/694/668 666/692/666 
f 667/693/667 669/695/669 670/696/670 668/694/668 
f 669/695/669 671/697/671 672/698/672 670/696/670 
f 671/697/671 673/699/673 674/700/674 672/698/672 
f 673/699/673 675/701/675 676/702/676 674/700/674 
f 675/701/675 677/703/677 678/704/678 676/702/676 
f 677/703/677 679/705/679 680/706/680 678/704/678 
f 679/705/679 681/707/681 682/708/682 680/706/680 
f 681/707/681 683/709/683 684/710/684 682/708/682 
f 683/709/683 685/711/685 686/712/686 684/710/684 
f 685/711/685 687/713/687 688/714/688 686/712/686 
f 687/713/687 689/715/689 690/716/690 688/714/688 
f 689/715/689 691/717/691 692/718/692 690/716/690 
f 691/717/691 693/719/693 694/720/694 692/718/692 
f 693/719/693 695/721/695 696/722/696 694/720/694 
f 695/721/695 697/723/697 698/724/698 696/722/696 
f 697/723/697 699/725/699 700/726/700 698/724/698 
f 699/725/699 701/727/701 702/728/702 700/726/700 
f 701/727/701 703/729/703 704/730/704 702/728/702 
f 703/731/703 705/732/705 706/733/706 704/734/704 
f 705/732/705 707/735/707 708/736/708 706/733/706 
f 707/735/707 709/737/709 710/738/710 708/736/708 
f 709/737/709 711/739/711 712/740/712 710/738/710 
f 711/739/711 713/741/713 714/742/714 712/740/712 
f 713/741/713 715/743/715 716/744/716 714/742/714 
f 715/743/715 717/745/717 718/746/718 716/744/716 
f 717/745/717 719/747/719 720/748/720 718/746/718 
f 719/747/719 721/749/721 722/750/722 720/748/720 
f 721/749/721 723/751/723 724/752/724 722/750/722 
f 723/751/723 725/753/725 726/754/726 724/752/724 
f 725/753/725 727/755/727 728/756/728 726/754/726 
f 727/755/727 625/649/625 628/652/628 728/756/728 
f 729/757/729 730/758/730 731/759/731 732/760/732 
f 730/758/730 733/761/733 734/762/734 731/759/731 
f 733/761/733 735/763/735 736/764/736 734/762/734 
f 735/763/735 737/765/737 738/766/738 736/764/736 
f 737/765/737 739/767/739 740/768/740 738/766/738 
f 739/767/739 741/769/741 742/770/742 740/768/740 
f 741/769/741 743/771/743 744/772/744 742/770/742 
f 743/771/743 745/773/745 746/774/746 744/772/744 
f 745/773/745 747/775/747 748/776/748 746/774/746 
f 747/775/747 749/777/749 750/778/750 748/776/748 
f 749/777/749 751/779/751 752/780/752 750/778/750 
f 751/779/751 753/781/753 754/782/754 752/780/752 
f 753/781/753 755/783/755 756/784/756 754/782/754 
f 755/785/755 757/786/757 758/787/758 756/788/756 
f 757/786/757 759/789/759 760/790/760 758/787/758 
f 759/789/759 761/791/761 762/792/762 760/790/760 
f 761/791/761 763/793/763 764/794/764 762/792/762 
f 763/793/763 765/795/765 766/796/766 764/794/764 
f 765/795/765 767/797/767 768/798/768 766/796/766 
f 767/797/767 769/799/769 770/800/770 768/798/768 
f 769/799/769 771/801/771 772/802/772 770/800/770 
f 771/801/771 773/803/773 774/804/774 772/802/772 
f 773/803/773 775/805/775 776/806/776 774/804/774 
f 775/805/775 777/807/777 778/808/778 776/806/776 
f 777/807/777 779/809/779 780/810/780 778/808/778 
f 779/809/779 781/811/781 782/812/782 780/810/780 
f 781/811/781 783/813/783 784/814/784 782/812/782 
f 783/813/783 785/815/785 786/816/786 784/814/784 
f 785/815/785 787/817/787 788/818/788 786/816/786 
f 787/817/787 789/819/789 790/820/790 788/818/788 
f 789/819/789 791/821/791 792/822/792 790/820/790 
f 791/821/791 793/823/793 794/824/794 792/822/792 
f 793/823/793 795/825/795 796/826/796 794/824/794 
f 795/825/795 797/827/797 798/828/798 796/826/796 
f 797/827/797 799/829/799 800/830/800 798/828/798 
f 799/829/799 801/831/801 802/832/802 800/830/800 
f 801/831/801 803/833/803 804/834/804 802/832/802 
f 803/833/803 805/835/805 806/836/806 804/834/804 
f 805/835/805 807/837/807 808/838/808 806/836/806 
f 807/839/807 809/840/809 810/841/810 808/842/808 
f 809/840/809 811/843/811 812/844/812 810/841/810 
f 811/843/811 813/845/813 814/846/814 812/844/812 
f 813/845/813 815/847/815 816/848/816 814/846/814 
f 815/847/815 817/849/817 818/850/818 816/848/816 
f 817/849/817 819/851/819 820/852/820 818/850/818 
f 819/851/819 821/853/821 822/854/822 820/852/820 
f 821/853/821 823/855/823 824/856/824 822/854/822 
f 823/855/823 825/857/825 826/858/826 824/856/824 
f 825/857/825 827/859/827 828/860/828 826/858/826 
f 827/859/827 829/861/829 830/862/830 828/860/828 
f 829/861/829 831/863/831 832/864/832 830/862/830 
f 831/863/831 729/757/729 732/760/732 832/864/832 
f 833/865/833 834/866/834 835/867/835 836/868/836 
f 834/866/834 837/869/837 838/870/838 835/867/835 
f 837/869/837 839/871/839 840/872/840 838/870/838 
f 839/871/839 841/873/841 842/874/842 840/872/840 
f 841/873/841 843/875/843 844/876/844 842/874/842 
f 843/875/843 845/877/845 846/878/846 844/876/844 
f 845/877/845 847/879/847 848/880/848 846/878/846 
f 847/879/847 849/881/849 850/882/850 848/880/848 
f 849/881/849 851/883/851 852/884/852 850/882/850 
f 851/883/851 853/885/853 854/886/854 852/884/852 
f 853/885/853 855/887/855 856/888/856 854/886/854 
f 855/887/855 857/889/857 858/890/858 856/888/856 
f 857/889/857 859/891/859 860/892/860 858/890/858 
f 859/893/859 861/894/861 862/895/862 860/896/860 
f 861/894/861 863/897/863 864/898/864 862/895/862 
f 863/897/863 865/899/865 866/900/866 864/898/864 
f 865/899/865 867/901/867 868/902/868 866/900/866 
f 867/901/867 869/903/869 870/904/870 868/902/868 
f 869/903/869 871/905/871 872/906/872 870/904/870 
f 871/905/871 873/907/873 874/908/874 872/906/872 
f 873/907/873 875/909/875 876/910/876 874/908/874 
f 875/909/875 877/911/877 878/912/878 876/910/876 
f 877/911/877 879/913/879 880/914/880 878/912/878 
f 879/913/879 881/915/881 882/916/882 880/914/880 
f 881/915/881 883/917/883 884/918/884 882/916/882 
f 883/917/883 885/919/885 886/920/886 884/918/884 
f 885/919/885 887/921/887 888/922/888 886/920/886 
f 887/921/887 889/923/889 890/924/890 888/922/888 
f 889/923/889 891/925/891 892/926/892 890/924/890 
f 891/925/891 893/927/893 894/928/894 892/926/892 
f 893/927/893 895/929/895 896/930/896 894/928/894 
f 895/929/895 897/931/897 898/932/898 896/930/896 
f 897/931/897 899/933/899 900/934/900 898/932/898 
f 899/933/899 901/935/901 902/936/902 900/934/900 
f 901/935/901 903/937/903 904/938/904 902/936/902 
f 903/937/903 905/939/905 906/940/906 904/938/904 
f 905/939/905 907/941/907 908/942/908 906/940/906 
f 907/941/907 909/943/909 910/944/910 908/942/908 
f 909/943/909 911/945/911 912/946/912 910/944/910 
f 911/947/911 913/948/913 914/949/914 912/950/912 
f 913/948/913 915/951/915 916/952/916 914/949/914 
f 915/951/915 917/953/917 918/954/918 916/952/916 
f 917/953/917 919/955/919 920/956/920 918/954/918 
f 919/955/919 921/957/921 922/958/922 920/956/920 
f 921/957/921 923/959/923 924/960/924 922/958/922 
f 923/959/923 925/961/925 926/962/926 924/960/924 
f 925/961/925 927/963/927 928/964/928 926/962/926 
f 927/963/927 929/965/929 930/966/930 928/964/928 
f 929/965/929 931/967/931 932/968/932 930/966/930 
f 931/967/931 933/969/933 934/970/934 932/968/932 
f 933/969/933 935/971/935 936/972/936 934/970/934 
f 935/971/935 833/865/833 836/868/836 936/972/936 
f 836/868/836 835/867/835 937/973/937 938/974/938 
f 835/867/835 838/870/838 939/975/939 937/973/937 
f 838/870/838 840/872/840 940/976/940 939/975/939 
f 840/872/840 842/874/842 941/977/941 940/976/940 
f 842/874/842 844/876/844 942/978/942 941/977/941 
f 844/876/844 846/878/846 943/979/943 942/978/942 
f 846/878/846 848/880/848 944/980/944 943/979/943 
f 848/880/848 850/882/850 945/981/945 944/980/944 
f 850/882/850 852/884/852 946/982/946 945/981/945 
f 852/884/852 854/886/854 947/983/947 946/982/946 
f 854/886/854 856/888/856 948/984/948 947/983/947 
f 856/888/856 858/890/858 949/985/949 948/984/948 
f 858/890/858 860/892/860 950/986/950 949/985/949 
f 860/896/860 862/895/862 951/987/951 950/988/950 
f 862/895/862 864/898/864 952/989/952 951/987/951 
f 864/898/864 866/900/866 953/990/953 952/989/952 
f 866/900/866 868/902/868 954/991/954 953/990/953 
f 868/902/868 870/904/870 955/992/955 954/991/954 
f 870/904/870 872/906/872 956/993/956 955/992/955 
f 872/906/872 874/908/874 957/994/957 956/993/956 
f 874/908/874 876/910/876 958/995/958 957/994/957 
f 876/910/876 878/912/878 959/996/959 958/995/958 
f 878/912/878 880/914/880 960/997/960 959/996/959 
f 880/914/880 882/916/882 961/998/961 960/997/960 
f 882/916/882 884/918/884 962/999/962 961/998/961 
f 884/918/884 886/920/886 963/1000/963 962/999/962 
f 886/920/886 888/922/888 964/1001/964 963/1000/963 
f 888/922/888 890/924/890 965/1002/965 964/1001/964 
f 890/924/890 892/926/892 966/1003/966 965/1002/965 
f 892/926/892 894/928/894 967/1004/967 966/1003/966 
f 894/928/894 896/930/896 968/1005/968 967/1004/967 
f 896/930/896 898/932/898 969/1006/969 968/1005/968 
f 898/932/898 900/934/900 970/1007/970 969/1006/969 
f 900/934/900 902/936/902 971/1008/971 970/1007/970 
f 902/936/902 904/938/904 972/1009/972 971/1008/971 
f 904/938/904 906/940/906 973/1010/973 972/1009/972 
f 906/940/906 908/942/908 974/1011/974 973/1010/973 
f 908/942/908 910/944/910 975/1012/975 974/1011/974 
f 910/944/910 912/946/912 976/1013/976 975/1012/975 
f 912/950/912 914/949/914 977/1014/977 976/1015/976 
f 914/949/914 916/952/916 978/1016/978 977/1014/977 
f 916/952/916 918/954/918 979/1017/979 978/1016/978 
f 918/954/918 920/956/920 980/1018/980 979/1017/979 
f 920/956/920 922/958/922 981/1019/981 980/1018/980 
f 922/958/922 924/960/924 982/1020/982 981/1019/981 
f 924/960/924 926/962/926 983/1021/983 982/1020/982 
f 926/962/926 928/964/928 984/1022/984 983/1021/983 
f 928/964/928 930/966/930 985/1023/985 984/1022/984 
f 930/966/930 932/968/932 986/1024/986 985/1023/985 
f 932/968/932 934/970/934 987/1025/987 986/1024/986 
f 934/970/934 936/972/936 988/1026/988 987/1025/987 
f 936/972/936 836/868/836 938/974/938 988/1026/988 
f 2/2/2 1/1/1 989/1027/989 990/1028/990 
f 5/5/5 2/2/2 990/1028/990 991/1029/991 
f 7/7/7 5/5/5 991/1029/991 992/1030/992 
f 9/9/9 7/7/7 992/1030/992 993/1031/993 
f 11/11/11 9/9/9 993/1031/993 994/1032/994 
f 13/13/13 11/11/11 994/1032/994 995/1033/995 
f 15/15/15 13/13/13 995/1033/995 996/1034/996 
f 17/17/17 15/15/15 996/1034/996 997/1035/997 
f 19/19/19 17/17/17 997/1035/997 998/1036/998 
f 21/21/21 19/19/19 998/1036/998 999/1037/999 
f 23/23/23 21/21/21 999/1037/999 1000/1038/1000 
f 25/25/25 23/23/23 1000/1038/1000 1001/1039/1001 
f 27/27/27 25/25/25 1001/1039/1001 1002/1040/1002 
f 29/30/29 27/29/27 1002/1041/1002 1003/1042/1003 
f 31/33/31 29/30/29 1003/1042/1003 1004/1043/1004 
f 33/35/33 31/33/31 1004/1043/1004 1005/1044/1005 
f 35/37/35 33/35/33 1005/1044/1005 1006/1045/1006 
f 37/39/37 35/37/35 1006/1045/1006 1007/1046/1007 
f 39/41/39 37/39/37 1007/1046/1007 1008/1047/1008 
f 41/43/41 39/41/39 1008/1047/1008 1009/1048/1009 
f 43/45/43 41/43/41 1009/1048/1009 1010/1049/1010 
f 45/47/45 43/45/43 1010/1049/1010 1011/1050/1011 
f 47/49/47 45/47/45 1011/1050/1011 1012/1051/1012 
f 49/51/49 47/49/47 1012/1051/1012 1013/1052/1013 
f 51/53/51 49/51/49 1013/1052/1013 1014/1053/1014 
f 53/55/53 51/53/51 1014/1053/1014 1015/1054/1015 
f 55/57/55 53/55/53 1015/1054/1015 1016/1055/1016 
f 57/59/57 55/57/55 1016/1055/1016 1017/1056/1017 
f 59/61/59 57/59/57 1017/1056/1017 1018/1057/1018 
f 61/63/61 59/61/59 1018/1057/1018 1019/1058/1019 
f 63/65/63 61/63/61 1019/1058/1019 1020/1059/1020 
f 65/67/65 63/65/63 1020/1059/1020 1021/1060/1021 
f 67/69/67 65/67/65 1021/1060/1021 1022/1061/1022 
f 69/71/69 67/69/67 1022/1061/1022 1023/1062/1023 
f 71/73/71 69/71/69 1023/1062/1023 1024/1063/1024 
f 73/75/73 71/73/71 1024/1063/1024 1025/1064/1025 
f 75/77/75 73/75/73 1025/1064/1025 1026/1065/1026 
f 77/79/77 75/77/75 1026/1065/1026 1027/1066/1027 
f 79/81/79 77/79/77 1027/1066/1027 1028/1067/1028 
f 81/84/81 79/83/79 1028/1068/1028 1029/1069/1029 
f 83/87/83 81/84/81 1029/1069/1029 1030/1070/1030 
f 85/89/85 83/87/83 1030/1070/1030 1031/1071/1031 
f 87/91/87 85/89/85 1031/1071/1031 1032/1072/1032 
f 89/93/89 87/91/87 1032/1072/1032 1033/1073/1033 
f 91/95/91 89/93/89 1033/1073/1033 1034/1074/1034 
f 93/97/93 91/95/91 1034/1074/1034 1035/1075/1035 
f 95/99/95 93/97/93 1035/1075/1035 1036/1076/1036 
f 97/101/97 95/99/95 1036/1076/1036 1037/1077/1037 
f 99/103/99 97/101/97 1037/1077/1037 1038/1078/1038 
f 101/105/101 99/103/99 1038/1078/1038 1039/1079/1039 
f 103/107/103 101/105/101 1039/1079/1039 1040/1080/1040 
f 1/1/1 103/107/103 1040/1080/1040 989/1027/989 
f 1041/1081/1041 1042/1082/1042 1043/1083/1043 1044/1084/1044 
f 1045/1085/1045 1041/1081/1041 1044/1084/1044 1046/1086/1046 
f 1047/1087/1047 1045/1085/1045 1046/1086/1046 1048/1088/1048 
f 1049/1089/1049 1047/1087/1047 1048/1088/1048 1050/1090/1050 
f 1051/1091/1051 1049/1089/1049 1050/1090/1050 1052/1092/1052 
f 1053/1093/1053 1051/1091/1051 1052/1092/1052 1054/1094/1054 
f 1055/1095/1055 1053/1093/1053 1054/1094/1054 1056/1096/1056 
f 1057/1097/1057 1055/1095/1055 1056/1096/1056 1058/1098/1058 
f 1059/1099/1059 1057/1097/1057 1058/1098/1058 1060/1100/1060 
f 1061/1101/1061 1059/1099/1059 1060/1100/1060 1062/1102/1062 
f 1063/1103/1063 1061/1101/1061 1062/1102/1062 1064/1104/1064 
f 1065/1105/1065 1063/1103/1063 1064/1104/1064 1066/1106/1066 
f 1067/1107/1067 1065/1105/1065 1066/1106/1066 1068/1108/1068 
f 1069/1109/1069 1067/1110/1067 1068/1111/1068 1070/1112/1070 
f 1071/1113/1071 1069/1109/1069 1070/1112/1070 1072/1114/1072 
f 1073/1115/1073 1071/1113/1071 1072/1114/1072 1074/1116/1074 
f 1075/1117/1075 1073/1115/1073 1074/1116/1074 1076/1118/1076 
f 1077/1119/1077 1075/1117/1075 1076/1118/1076 1078/1120/1078 
f 1079/1121/1079 1077/1119/1077 1078/1120/1078 1080/1122/1080 
f 1081/1123/1081 1079/1121/1079 1080/1122/1080 1082/1124/1082 
f 1083/1125/1083 1081/1123/1081 1082/1124/1082 1084/1126/1084 
f 1085/1127/1085 1083/1125/1083 1084/1126/1084 1086/1128/1086 
f 1087/1129/1087 1085/1127/1085 1086/1128/1086 1088/1130/1088 
f 1089/1131/1089 1087/1129/1087 1088/1130/1088 1090/1132/1090 
f 1091/1133/1091 1089/1131/1089 1090/1132/1090 1092/1134/1092 
f 1093/1135/1093 1091/1133/1091 1092/1134/1092 1094/1136/1094 
f 1095/1137/1095 1093/1135/1093 1094/1136/1094 1096/1138/1096 
f 1097/1139/1097 1095/1137/1095 1096/1138/1096 1098/1140/1098 
f 1099/1141/1099 1097/1139/1097 1098/1140/1098 1100/1142/1100 
f 1101/1143/1101 1099/1141/1099 1100/1142/1100 1102/1144/1102 
f 1103/1145/1103 1101/1143/1101 1102/1144/1102 1104/1146/1104 
f 1105/1147/1105 1103/1145/1103 1104/1146/1104 1106/1148/1106 
f 1107/1149/1107 1105/1147/1105 1106/1148/1106 1108/1150/1108 
f 1109/1151/1109 1107/1149/1107 1108/1150/1108 1110/1152/1110 
f 1111/1153/1111 1109/1151/1109 1110/1152/1110 1112/1154/1112 
f 1113/1155/1113 1111/1153/1111 1112/1154/1112 1114/1156/1114 
f 1115/1157/1115 1113/1155/1113 1114/1156/1114 1116/1158/1116 
f 1117/1159/1117 1115/1157/1115 1116/1158/1116 1118/1160/1118 
f 1119/1161/1119 1117/1159/1117 1118/1160/1118 1120/1162/1120 
f 1121/1163/1121 1119/1164/1119 1120/1165/1120 1122/1166/1122 
f 1123/1167/1123 1121/1163/1121 1122/1166/1122 1124/1168/1124 
f 1125/1169/1125 1123/1167/1123 1124/1168/1124 1126/1170/1126 
f 1127/1171/1127 1125/1169/1125 1126/1170/1126 1128/1172/1128 
f 1129/1173/1129 1127/1171/1127 1128/1172/1128 1130/1174/1130 
f 1131/1175/1131 1129/1173/1129 1130/1174/1130 1132/1176/1132 
f 1133/1177/1133 1131/1175/1131 1132/1176/1132 1134/1178/1134 
f 1135/1179/1135 1133/1177/1133 1134/1178/1134 1136/1180/1136 
f 1137/1181/1137 1135/1179/1135 1136/1180/1136 1138/1182/1138 
f 1139/1183/1139 1137/1181/1137 1138/1182/1138 1140/1184/1140 
f 1141/1185/1141 1139/1183/1139 1140/1184/1140 1142/1186/1142 
f 1143/1187/1143 1141/1185/1141 1142/1186/1142 1144/1188/1144 
f 1042/1082/1042 1143/1187/1143 1144/1188/1144 1043/1083/1043 
f 1145/1189/1145 1146/1190/1146 1147/1191/1147 1148/1192/1148 
f 1149/1193/1149 1145/1189/1145 1148/1192/1148 1150/1194/1150 
f 1151/1195/1151 1149/1193/1149 1150/1194/1150 1152/1196/1152 
f 1153/1197/1153 1151/1195/1151 1152/1196/1152 1154/1198/1154 
f 1155/1199/1155 1153/1197/1153 1154/1198/1154 1156/1200/1156 
f 1157/1201/1157 1155/1199/1155 1156/1200/1156 1158/1202/1158 
f 1159/1203/1159 1157/1201/1157 1158/1202/1158 1160/1204/1160 
f 1161/1205/1161 1159/1203/1159 1160/1204/1160 1162/1206/1162 
f 1163/1207/1163 1161/1205/1161 1162/1206/1162 1164/1208/1164 
f 1165/1209/1165 1163/1207/1163 1164/1208/1164 1166/1210/1166 
f 1167/1211/1167 1165/1209/1165 1166/1210/1166 1168/1212/1168 
f 1169/1213/1169 1167/1211/1167 1168/1212/1168 1170/1214/1170 
f 1171/1215/1171 1169/1213/1169 1170/1214/1170 1172/1216/1172 
f 1173/1217/1173 1171/1218/1171 1172/1219/1172 1174/1220/1174 
f 1175/1221/1175 1173/1217/1173 1174/1220/1174 1176/1222/1176 
f 1177/1223/1177 1175/1221/1175 1176/1222/1176 1178/1224/1178 
f 1179/1225/1179 1177/1223/1177 1178/1224/1178 1180/1226/1180 
f 1181/1227/1181 1179/1225/1179 1180/1226/1180 1182/1228/1182 
f 1183/1229/1183 1181/1227/1181 1182/1228/1182 1184/1230/1184 
f 1185/1231/1185 1183/1229/1183 1184/1230/1184 1186/1232/1186 
f 1187/1233/1187 1185/1231/1185 1186/1232/1186 1188/1234/1188 
f 1189/1235/1189 1187/1233/1187 1188/1234/1188 1190/1236/1190 
f 1191/1237/1191 1189/1235/1189 1190/1236/1190 1192/1238/1192 
f 1193/1239/1193 1191/1237/1191 1192/1238/1192 1194/1240/1194 
f 1195/1241/1195 1193/1239/1193 1194/1240/1194 1196/1242/1196 
f 1197/1243/1197 1195/1241/1195 1196/1242/1196 1198/1244/1198 
f 1199/1245/1199 1197/1243/1197 1198/1244/1198 1200/1246/1200 
f 1201/1247/1201 1199/1245/1199 1200/1246/1200 1202/1248/1202 
f 1203/1249/1203 1201/1247/1201 1202/1248/1202 1204/1250/1204 
f 1205/1251/1205 1203/1249/1203 1204/1250/1204 1206/1252/1206 
f 1207/1253/1207 1205/1251/1205 1206/1252/1206 1208/1254/1208 
f 1209/1255/1209 1207/1253/1207 1208/1254/1208 1210/1256/1210 
f 1211/1257/1211 1209/1255/1209 1210/1256/1210 1212/1258/1212 
f 1213/1259/1213 1211/1257/1211 1212/1258/1212 1214/1260/1214 
f 1215/1261/1215 1213/1259/1213 1214/1260/1214 1216/1262/1216 
f 1217/1263/1217 1215/1261/1215 1216/1262/1216 1218/1264/1218 
f 1219/1265/1219 1217/1263/1217 1218/1264/1218 1220/1266/1220 
f 1221/1267/1221 1219/1265/1219 1220/1266/1220 1222/1268/1222 
f 1223/1269/1223 1221/1267/1221 1222/1268/1222 1224/1270/1224 
f 1225/1271/1225 1223/1272/1223 1224/1273/1224 1226/1274/1226 
f 1227/1275/1227 1225/1271/1225 1226/1274/1226 1228/1276/1228 
f 1229/1277/1229 1227/1275/1227 1228/1276/1228 1230/1278/1230 
f 1231/1279/1231 1229/1277/1229 1230/1278/1230 1232/1280/1232 
f 1233/1281/1233 1231/1279/1231 1232/1280/1232 1234/1282/1234 
f 1235/1283/1235 1233/1281/1233 1234/1282/1234 1236/1284/1236 
f 1237/1285/1237 1235/1283/1235 1236/1284/1236 1238/1286/1238 
f 1239/1287/1239 1237/1285/1237 1238/1286/1238 1240/1288/1240 
f 1241/1289/1241 1239/1287/1239 1240/1288/1240 1242/1290/1242 
f 1243/1291/1243 1241/1289/1241 1242/1290/1242 1244/1292/1244 
f 1245/1293/1245 1243/1291/1243 1244/1292/1244 1246/1294/1246 
f 1247/1295/1247 1245/1293/1245 1246/1294/1246 1248/1296/1248 
f 1146/1190/1146 1247/1295/1247 1248/1296/1248 1147/1191/1147 
f 1148/1192/1148 1147/1191/1147 1249/1297/1249 1250/1298/1250 
f 1150/1194/1150 1148/1192/1148 1250/1298/1250 1251/1299/1251 
f 1152/1196/1152 1150/1194/1150 1251/1299/1251 1252/1300/1252 
f 1154/1198/1154 1152/1196/1152 1252/1300/1252 1253/1301/1253 
f 1156/1200/1156 1154/1198/1154 1253/1301/1253 1254/1302/1254 
f 1158/1202/1158 1156/1200/1156 1254/1302/1254 1255/1303/1255 
f 1160/1204/1160 1158/1202/1158 1255/1303/1255 1256/1304/1256 
f 1162/1206/1162 1160/1204/1160 1256/1304/1256 1257/1305/1257 
f 1164/1208/1164 1162/1206/1162 1257/1305/1257 1258/1306/1258 
f 1166/1210/1166 1164/1208/1164 1258/1306/1258 1259/1307/1259 
f 1168/1212/1168 1166/1210/1166 1259/1307/1259 1260/1308/1260 
f 1170/1214/1170 1168/1212/1168 1260/1308/1260 1261/1309/1261 
f 1172/1216/1172 1170/1214/1170 1261/1309/1261 1262/1310/1262 
f 1174/1220/1174 1172/1219/1172 1262/1311/1262 1263/1312/1263 
f 1176/1222/1176 1174/1220/1174 1263/1312/1263 1264/1313/1264 
f 1178/1224/1178 1176/1222/1176 1264/1313/1264 1265/1314/1265 
f 1180/1226/1180 1178/1224/1178 1265/1314/1265 1266/1315/1266 
f 1182/1228/1182 1180/1226/1180 1266/1315/1266 1267/1316/1267 
f 1184/1230/1184 1182/1228/1182 1267/1316/1267 1268/1317/1268 
f 1186/1232/1186 1184/1230/1184 1268/1317/1268 1269/1318/1269 
f 1188/1234/1188 1186/1232/1186 1269/1318/1269 1270/1319/1270 
f 1190/1236/1190 1188/1234/1188 1270/1319/1270 1271/1320/1271 
f 1192/1238/1192 1190/1236/1190 1271/1320/1271 1272/1321/1272 
f 1194/1240/1194 1192/1238/1192 1272/1321/1272 1273/1322/1273 
f 1196/1242/1196 1194/1240/1194 1273/1322/1273 1274/1323/1274 
f 1198/1244/1198 1196/1242/1196 1274/1323/1274 1275/1324/1275 
f 1200/1246/1200 1198/1244/1198 1275/1324/1275 1276/1325/1276 
f 1202/1248/1202 1200/1246/1200 1276/1325/1276 1277/1326/1277 
f 1204/1250/1204 1202/1248/1202 1277/1326/1277 1278/1327/1278 
f 1206/1252/1206 1204/1250/1204 1278/1327/1278 1279/1328/1279 
f 1208/1254/1208 1206/1252/1206 1279/1328/1279 1280/1329/1280 
f 1210/1256/1210 1208/1254/1208 1280/1329/1280 1281/1330/1281 
f 1212/1258/1212 1210/1256/1210 1281/1330/1281 1282/1331/1282 
f 1214/1260/1214 1212/1258/1212 1282/1331/1282 1283/1332/1283 
f 1216/1262/1216 1214/1260/1214 1283/1332/1283 1284/1333/1284 
f 1218/1264/1218 1216/1262/1216 1284/1333/1284 1285/1334/1285 
f 1220/1266/1220 1218/1264/1218 1285/1334/1285 1286/1335/1286 
f 1222/1268/1222 1220/1266/1220 1286/1335/1286 1287/1336/1287 
f 1224/1270/1224 1222/1268/1222 1287/1336/1287 1288/1337/1288 
f 1226/1274/1226 1224/1273/1224 1288/1338/1288 1289/1339/1289 
f 1228/1276/1228 1226/1274/1226 1289/1339/1289 1290/1340/1290 
f 1230/1278/1230 1228/1276/1228 1290/1340/1290 1291/1341/1291 
f 1232/1280/1232 1230/1278/1230 1291/1341/1291 1292/1342/1292 
f 1234/1282/1234 1232/1280/1232 1292/1342/1292 1293/1343/1293 
f 1236/1284/1236 1234/1282/1234 1293/1343/1293 1294/1344/1294 
f 1238/1286/1238 1236/1284/1236 1294/1344/1294 1295/1345/1295 
f 1240/1288/1240 1238/1286/1238 1295/1345/1295 1296/1346/1296 
f 1242/1290/1242 1240/1288/1240 1296/1346/1296 1297/1347/1297 
f 1244/1292/1244 1242/1290/1242 1297/1347/1297 1298/1348/1298 
f 1246/1294/1246 1244/1292/1244 1298/1348/1298 1299/1349/1299 
f 1248/1296/1248 1246/1294/1246 1299/1349/1299 1300/1350/1300 
f 1147/1191/1147 1248/1296/1248 1300/1350/1300 1249/1297/1249 
s 1
f 4/4/1301 3/3/1302 1301/1351/1303 1302/1352/1304 
f 3/3/1302 6/6/1305 1303/1353/1306 1301/1351/1303 
f 6/6/1305 8/8/1307 1304/1354/1308 1303/1353/1306 
f 8/8/1307 10/10/1309 1305/1355/1310 1304/1354/1308 
f 10/10/1309 12/12/1311 1306/1356/1312 1305/1355/1310 
f 12/12/1311 14/14/1313 1307/1357/1314 1306/1356/1312 
f 14/14/1313 16/16/1315 1308/1358/1316 1307/1357/1314 
f 16/16/1315 18/18/1317 1309/1359/1318 1308/1358/1316 
f 18/18/1317 20/20/1319 1310/1360/1320 1309/1359/1318 
f 20/20/1319 22/22/1321 1311/1361/1322 1310/1360/1320 
f 22/22/1321 24/24/1323 1312/1362/1324 1311/1361/1322 
f 24/24/1323 26/26/1325 1313/1363/1326 1312/1362/1324 
f 26/26/1325 28/28/1327 1314/1364/1328 1313/1363/1326 
f 28/32/1327 30/31/1329 1315/1365/1330 1314/1366/1328 
f 30/31/1329 32/34/1331 1316/1367/1332 1315/1365/1330 
f 32/34/1331 34/36/1333 1317/1368/1334 1316/1367/1332 
f 34/36/1333 36/38/1335 1318/1369/1336 1317/1368/1334 
f 36/38/1335 38/40/1337 1319/1370/1338 1318/1369/1336 
f 38/40/1337 40/42/1339 1320/1371/1340 1319/1370/1338 
f 40/42/1339 42/44/1341 1321/1372/1342 1320/1371/1340 
f 42/44/1341 44/46/1343 1322/1373/1344 1321/1372/1342 
f 44/46/1343 46/48/1345 1323/1374/1346 1322/1373/1344 
f 46/48/1345 48/50/1347 1324/1375/1348 1323/1374/1346 
f 48/50/1347 50/52/1349 1325/1376/1350 1324/1375/1348 
f 50/52/1349 52/54/1351 1326/1377/1352 1325/1376/1350 
f 52/54/1351 54/56/1353 1327/1378/1354 1326/1377/1352 
f 54/56/1353 56/58/1355 1328/1379/1356 1327/1378/1354 
f 56/58/1355 58/60/1357 1329/1380/1358 1328/1379/1356 
f 58/60/1357 60/62/1359 1330/1381/1360 1329/1380/1358 
f 60/62/1359 62/64/1361 1331/1382/1362 1330/1381/1360 
f 62/64/1361 64/66/1363 1332/1383/1364 1331/1382/1362 
f 64/66/1363 66/68/1365 1333/1384/1366 1332/1383/1364 
f 66/68/1365 68/70/1367 1334/1385/1368 1333/1384/1366 
f 68/70/1367 70/72/1369 1335/1386/1370 1334/1385/1368 
f 70/72/1369 72/74/1371 1336/1387/1372 1335/1386/1370 
f 72/74/1371 74/76/1373 1337/1388/1374 1336/1387/1372 
f 74/76/1373 76/78/1375 1338/1389/1376 1337/1388/1374 
f 76/78/1375 78/80/1377 1339/1390/1378 1338/1389/1376 
f 78/80/1377 80/82/1379 1340/1391/1380 1339/1390/1378 
f 80/86/1379 82/85/1381 1341/1392/1382 1340/1393/1380 
f 82/85/1381 84/88/1383 1342/1394/1384 1341/1392/1382 
f 84/88/1383 86/90/1385 1343/1395/1386 1342/1394/1384 
f 86/90/1385 88/92/1387 1344/1396/1388 1343/1395/1386 
f 88/92/1387 90/94/1389 1345/1397/1390 1344/1396/1388 
f 90/94/1389 92/96/1391 1346/1398/1392 1345/1397/1390 
f 92/96/1391 94/98/1393 1347/1399/1394 1346/1398/1392 
f 94/98/1393 96/100/1395 1348/1400/1396 1347/1399/1394 
f 96/100/1395 98/102/1397 1349/1401/1398 1348/1400/1396 
f 98/102/1397 100/104/1399 1350/1402/1400 1349/1401/1398 
f 100/104/1399 102/106/1401 1351/1403/1402 1350/1402/1400 
f 102/106/1401 104/108/1403 1352/1404/1404 1351/1403/1402 
f 104/108/1403 4/4/1301 1302/1352/1304 1352/1404/1404 
f 210/218/1405 209/217/1406 1353/1405/1407 1354/1406/1408 
f 209/217/1406 311/323/1409 1355/1407/1410 1353/1405/1407 
f 311/323/1409 309/321/1411 1356/1408/1412 1355/1407/1410 
f 309/321/1411 307/319/1413 1357/1409/1414 1356/1408/1412 
f 307/319/1413 305/317/1415 1358/1410/1416 1357/1409/1414 
f 305/317/1415 303/315/1417 1359/1411/1418 1358/1410/1416 
f 303/315/1417 301/313/1419 1360/1412/1420 1359/1411/1418 
f 301/313/1419 299/311/1421 1361/1413/1422 1360/1412/1420 
f 299/311/1421 297/309/1423 1362/1414/1424 1361/1413/1422 
f 297/309/1423 295/307/1425 1363/1415/1426 1362/1414/1424 
f 295/307/1425 293/305/1427 1364/1416/1428 1363/1415/1426 
f 293/305/1427 291/303/1429 1365/1417/1430 1364/1416/1428 
f 291/303/1429 289/300/1431 1366/1418/1432 1365/1417/1430 
f 289/300/1431 287/299/1433 1367/1419/1434 1366/1418/1432 
f 287/297/1433 285/295/1435 1368/1420/1436 1367/1421/1434 
f 285/295/1435 283/293/1437 1369/1422/1438 1368/1420/1436 
f 283/293/1437 281/291/1439 1370/1423/1440 1369/1422/1438 
f 281/291/1439 279/289/1441 1371/1424/1442 1370/1423/1440 
f 279/289/1441 277/287/1443 1372/1425/1444 1371/1424/1442 
f 277/287/1443 275/285/1445 1373/1426/1446 1372/1425/1444 
f 275/285/1445 273/283/1447 1374/1427/1448 1373/1426/1446 
f 273/283/1447 271/281/1449 1375/1428/1450 1374/1427/1448 
f 271/281/1449 269/279/1451 1376/1429/1452 1375/1428/1450 
f 269/279/1451 267/277/1453 1377/1430/1454 1376/1429/1452 
f 267/277/1453 265/275/1455 1378/1431/1456 1377/1430/1454 
f 265/275/1455 263/273/1457 1379/1432/1458 1378/1431/1456 
f 263/273/1457 261/271/1459 1380/1433/1460 1379/1432/1458 
f 261/271/1459 259/269/1461 1381/1434/1462 1380/1433/1460 
f 259/269/1461 257/267/1463 1382/1435/1464 1381/1434/1462 
f 257/267/1463 255/265/1465 1383/1436/1466 1382/1435/1464 
f 255/265/1465 253/263/1467 1384/1437/1468 1383/1436/1466 
f 253/263/1467 251/261/1469 1385/1438/1470 1384/1437/1468 
f 251/261/1469 249/259/1471 1386/1439/1472 1385/1438/1470 
f 249/259/1471 247/257/1473 1387/1440/1474 1386/1439/1472 
f 247/257/1473 245/255/1475 1388/1441/1476 1387/1440/1474 
f 245/255/1475 243/253/1477 1389/1442/1478 1388/1441/1476 
f 243/253/1477 241/251/1479 1390/1443/1480 1389/1442/1478 
f 241/251/1479 239/249/1481 1391/1444/1482 1390/1443/1480 
f 239/249/1481 237/246/1483 1392/1445/1484 1391/1444/1482 
f 237/246/1483 235/245/1485 1393/1446/1486 1392/1445/1484 
f 235/243/1485 233/241/1487 1394/1447/1488 1393/1448/1486 
f 233/241/1487 231/239/1489 1395/1449/1490 1394/1447/1488 
f 231/239/1489 229/237/1491 1396/1450/1492 1395/1449/1490 
f 229/237/1491 227/235/1493 1397/1451/1494 1396/1450/1492 
f 227/235/1493 225/233/1495 1398/1452/1496 1397/1451/1494 
f 225/233/1495 223/231/1497 1399/1453/1498 1398/1452/1496 
f 223/231/1497 221/229/1499 1400/1454/1500 1399/1453/1498 
f 221/229/1499 219/227/1501 1401/1455/1502 1400/1454/1500 
f 219/227/1501 217/225/1503 1402/1456/1504 1401/1455/1502 
f 217/225/1503 215/223/1505 1403/1457/1506 1402/1456/1504 
f 215/223/1505 213/221/1507 1404/1458/1508 1403/1457/1506 
f 213/221/1507 210/218/1405 1354/1406/1408 1404/1458/1508 
f 1405/1459/1509 1406/1460/1510 1407/1461/1511 1408/1462/1512 
f 1408/1462/1512 1407/1461/1511 1409/1463/1513 1410/1464/1514 
f 1410/1464/1514 1409/1463/1513 1411/1465/1515 1412/1466/1516 
f 1412/1466/1516 1411/1465/1515 1413/1467/1517 1414/1468/1518 
f 1414/1468/1518 1413/1467/1517 1415/1469/1519 1416/1470/1520 
f 1416/1470/1520 1415/1469/1519 1417/1471/1521 1418/1472/1522 
f 1418/1472/1522 1417/1471/1521 1419/1473/1523 1420/1474/1524 
f 1420/1474/1524 1419/1473/1523 1421/1475/1525 1422/1476/1526 
f 1422/1476/1526 1421/1475/1525 1423/1477/1527 1424/1478/1528 
f 1424/1478/1528 1423/1477/1527 1425/1479/1529 1426/1480/1530 
f 1426/1480/1530 1425/1479/1529 1427/1481/1531 1428/1482/1532 
f 1428/1482/1532 1427/1481/1531 1429/1483/1533 1430/1484/1534 
f 1430/1484/1534 1429/1483/1533 1431/1485/1535 1432/1486/1536 
f 1432/1487/1536 1431/1488/1535 1433/1489/1537 1434/1490/1538 
f 1434/1490/1538 1433/1489/1537 1435/1491/1539 1436/1492/1540 
f 1436/1492/1540 1435/1491/1539 1437/1493/1541 1438/1494/1542 
f 1438/1494/1542 1437/1493/1541 1439/1495/1543 1440/1496/1544 
f 1440/1496/1544 1439/1495/1543 1441/1497/1545 1442/1498/1546 
f 1442/1498/1546 1441/1497/1545 1443/1499/1547 1444/1500/1548 
f 1444/1500/1548 1443/1499/1547 1445/1501/1549 1446/1502/1550 
f 1446/1502/1550 1445/1501/1549 1447/1503/1551 1448/1504/1552 
f 1448/1504/1552 1447/1503/1551 1449/1505/1553 1450/1506/1554 
f 1450/1506/1554 1449/1505/1553 1451/1507/1555 1452/1508/1556 
f 1452/1508/1556 1451/1507/1555 1453/1509/1557 1454/1510/1558 
f 1454/1510/1558 1453/1509/1557 1455/1511/1559 1456/1512/1560 
f 1456/1512/1560 1455/1511/1559 1457/1513/1561 1458/1514/1562 
f 1458/1514/1562 1457/1513/1561 1459/1515/1563 1460/1516/1564 
f 1460/1516/1564 1459/1515/1563 1461/1517/1565 1462/1518/1566 
f 1462/1518/1566 1461/1517/1565 1463/1519/1567 1464/1520/1568 
f 1464/1520/1568 1463/1519/1567 1465/1521/1569 1466/1522/1570 
f 1466/1522/1570 1465/1521/1569 1467/1523/1571 1468/1524/1572 
f 1468/1524/1572 1467/1523/1571 1469/1525/1573 1470/1526/1574 
f 1470/1526/1574 1469/1525/1573 1471/1527/1575 1472/1528/1576 
f 1472/1528/1576 1471/1527/1575 1473/1529/1577 1474/1530/1578 
f 1474/1530/1578 1473/1529/1577 1475/1531/1579 1476/1532/1580 
f 1476/1532/1580 1475/1531/1579 1477/1533/1581 1478/1534/1582 
f 1478/1534/1582 1477/1533/1581 1479/1535/1583 1480/1536/1584 
f 1480/1536/1584 1479/1535/1583 1481/1537/1585 1482/1538/1586 
f 1482/1538/1586 1481/1537/1585 1483/1539/1587 1484/1540/1588 
f 1484/1541/1588 1483/1542/1587 1485/1543/1589 1486/1544/1590 
f 1486/1544/1590 1485/1543/1589 1487/1545/1591 1488/1546/1592 
f 1488/1546/1592 1487/1545/1591 1489/1547/1593 1490/1548/1594 
f 1490/1548/1594 1489/1547/1593 1491/1549/1595 1492/1550/1596 
f 1492/1550/1596 1491/1549/1595 1493/1551/1597 1494/1552/1598 
f 1494/1552/1598 1493/1551/1597 1495/1553/1599 1496/1554/1600 
f 1496/1554/1600 1495/1553/1599 1497/1555/1601 1498/1556/1602 
f 1498/1556/1602 1497/1555/1601 1499/1557/1603 1500/1558/1604 
f 1500/1558/1604 1499/1557/1603 1501/1559/1605 1502/1560/1606 
f 1502/1560/1606 1501/1559/1605 1503/1561/1607 1504/1562/1608 
f 1504/1562/1608 1503/1561/1607 1505/1563/1609 1506/1564/1610 
f 1506/1564/1610 1505/1563/1609 1507/1565/1611 1508/1566/1612 
f 1508/1566/1612 1507/1565/1611 1406/1460/1510 1405/1459/1509 
f 1509/1567/1613 1510/1568/1614 1511/1569/1615 1512/1570/1616 
f 1512/1570/1616 1511/1569/1615 1513/1571/1617 1514/1572/1618 
f 1514/1572/1618 1513/1571/1617 1515/1573/1619 1516/1574/1620 
f 1516/1574/1620 1515/1573/1619 1517/1575/1621 1518/1576/1622 
f 1518/1576/1622 1517/1575/1621 1519/1577/1623 1520/1578/1624 
f 1520/1578/1624 1519/1577/1623 1521/1579/1625 1522/1580/1626 
f 1522/1580/1626 1521/1579/1625 1523/1581/1627 1524/1582/1628 
f 1524/1582/1628 1523/1581/1627 1525/1583/1629 1526/1584/1630 
f 1526/1584/1630 1525/1583/1629 1527/1585/1631 1528/1586/1632 
f 1528/1586/1632 1527/1585/1631 1529/1587/1633 1530/1588/1634 
f 1530/1588/1634 1529/1587/1633 1531/1589/1635 1532/1590/1636 
f 1532/1590/1636 1531/1589/1635 1533/1591/1637 1534/1592/1638 
f 1534/1592/1638 1533/1591/1637 1535/1593/1639 1536/1594/1640 
f 1536/1594/1640 1535/1593/1639 1537/1595/1641 1538/1596/1642 
f 1538/1597/1642 1537/1598/1641 1539/1599/1643 1540/1600/1644 
f 1540/1600/1644 1539/1599/1643 1541/1601/1645 1542/1602/1646 
f 1542/1602/1646 1541/1601/1645 1543/1603/1647 1544/1604/1648 
f 1544/1604/1648 1543/1603/1647 1545/1605/1649 1546/1606/1650 
f 1546/1606/1650 1545/1605/1649 1547/1607/1651 1548/1608/1652 
f 1548/1608/1652 1547/1607/1651 1549/1609/1653 1550/1610/1654 
f 1550/1610/1654 1549/1609/1653 1551/1611/1655 1552/1612/1656 
f 1552/1612/1656 1551/1611/1655 1553/1613/1657 1554/1614/1658 
f 1554/1614/1658 1553/1613/1657 1555/1615/1659 1556/1616/1660 
f 1556/1616/1660 1555/1615/1659 1557/1617/1661 1558/1618/1662 
f 1558/1618/1662 1557/1617/1661 1559/1619/1663 1560/1620/1664 
f 1560/1620/1664 1559/1619/1663 1561/1621/1665 1562/1622/1666 
f 1562/1622/1666 1561/1621/1665 1563/1623/1667 1564/1624/1668 
f 1564/1624/1668 1563/1623/1667 1565/1625/1669 1566/1626/1670 
f 1566/1626/1670 1565/1625/1669 1567/1627/1671 1568/1628/1672 
f 1568/1628/1672 1567/1627/1671 1569/1629/1673 1570/1630/1674 
f 1570/1630/1674 1569/1629/1673 1571/1631/1675 1572/1632/1676 
f 1572/1632/1676 1571/1631/1675 1573/1633/1677 1574/1634/1678 
f 1574/1634/1678 1573/1633/1677 1575/1635/1679 1576/1636/1680 
f 1576/1636/1680 1575/1635/1679 1577/1637/1681 1578/1638/1682 
f 1578/1638/1682 1577/1637/1681 1579/1639/1683 1580/1640/1684 
f 1580/1640/1684 1579/1639/1683 1581/1641/1685 1582/1642/1686 
f 1582/1642/1686 1581/1641/1685 1583/1643/1687 1584/1644/1688 
f 1584/1644/1688 1583/1643/1687 1585/1645/1689 1586/1646/1690 
f 1586/1646/1690 1585/1645/1689 1587/1647/1691 1588/1648/1692 
f 1588/1648/1692 1587/1647/1691 1589/1649/1693 1590/1650/1694 
f 1590/1651/1694 1589/1652/1693 1591/1653/1695 1592/1654/1696 
f 1592/1654/1696 1591/1653/1695 1593/1655/1697 1594/1656/1698 
f 1594/1656/1698 1593/1655/1697 1595/1657/1699 1596/1658/1700 
f 1596/1658/1700 1595/1657/1699 1597/1659/1701 1598/1660/1702 
f 1598/1660/1702 1597/1659/1701 1599/1661/1703 1600/1662/1704 
f 1600/1662/1704 1599/1661/1703 1601/1663/1705 1602/1664/1706 
f 1602/1664/1706 1601/1663/1705 1603/1665/1707 1604/1666/1708 
f 1604/1666/1708 1603/1665/1707 1605/1667/1709 1606/1668/1710 
f 1606/1668/1710 1605/1667/1709 1607/1669/1711 1608/1670/1712 
f 1608/1670/1712 1607/1669/1711 1609/1671/1713 1610/1672/1714 
f 1610/1672/1714 1609/1671/1713 1611/1673/1715 1612/1674/1716 
f 1612/1674/1716 1611/1673/1715 1510/1568/1614 1509/1567/1613 
f 105/109/105 1405/1459/1509 1408/1462/1512 106/110/106 
f 106/110/106 1408/1462/1512 1410/1464/1514 109/113/109 
f 109/113/109 1410/1464/1514 1412/1466/1516 111/115/111 
f 111/115/111 1412/1466/1516 1414/1468/1518 113/117/113 
f 113/117/113 1414/1468/1518 1416/1470/1520 115/119/115 
f 115/119/115 1416/1470/1520 1418/1472/1522 117/121/117 
f 117/121/117 1418/1472/1522 1420/1474/1524 119/123/119 
f 119/123/119 1420/1474/1524 1422/1476/1526 121/125/121 
f 121/125/121 1422/1476/1526 1424/1478/1528 123/127/123 
f 123/127/123 1424/1478/1528 1426/1480/1530 125/129/125 
f 125/129/125 1426/1480/1530 1428/1482/1532 127/131/127 
f 127/131/127 1428/1482/1532 1430/1484/1534 129/133/129 
f 129/133/129 1430/1484/1534 1432/1486/1536 131/135/131 
f 131/137/131 1432/1487/1536 1434/1490/1538 133/138/133 
f 133/138/133 1434/1490/1538 1436/1492/1540 135/141/135 
f 135/141/135 1436/1492/1540 1438/1494/1542 137/143/137 
f 137/143/137 1438/1494/1542 1440/1496/1544 139/145/139 
f 139/145/139 1440/1496/1544 1442/1498/1546 141/147/141 
f 141/147/141 1442/1498/1546 1444/1500/1548 143/149/143 
f 143/149/143 1444/1500/1548 1446/1502/1550 145/151/145 
f 145/151/145 1446/1502/1550 1448/1504/1552 147/153/147 
f 147/153/147 1448/1504/1552 1450/1506/1554 149/155/149 
f 149/155/149 1450/1506/1554 1452/1508/1556 151/157/151 
f 151/157/151 1452/1508/1556 1454/1510/1558 153/159/153 
f 153/159/153 1454/1510/1558 1456/1512/1560 155/161/155 
f 155/161/155 1456/1512/1560 1458/1514/1562 157/163/157 
f 157/163/157 1458/1514/1562 1460/1516/1564 159/165/159 
f 159/165/159 1460/1516/1564 1462/1518/1566 161/167/161 
f 161/167/161 1462/1518/1566 1464/1520/1568 163/169/163 
f 163/169/163 1464/1520/1568 1466/1522/1570 165/171/165 
f 165/171/165 1466/1522/1570 1468/1524/1572 167/173/167 
f 167/173/167 1468/1524/1572 1470/1526/1574 169/175/169 
f 169/175/169 1470/1526/1574 1472/1528/1576 171/177/171 
f 171/177/171 1472/1528/1576 1474/1530/1578 173/179/173 
f 173/179/173 1474/1530/1578 1476/1532/1580 175/181/175 
f 175/181/175 1476/1532/1580 1478/1534/1582 177/183/177 
f 177/183/177 1478/1534/1582 1480/1536/1584 179/185/179 
f 179/185/179 1480/1536/1584 1482/1538/1586 181/187/181 
f 181/187/181 1482/1538/1586 1484/1540/1588 183/189/183 
f 183/191/183 1484/1541/1588 1486/1544/1590 185/192/185 
f 185/192/185 1486/1544/1590 1488/1546/1592 187/195/187 
f 187/195/187 1488/1546/1592 1490/1548/1594 189/197/189 
f 189/197/189 1490/1548/1594 1492/1550/1596 191/199/191 
f 191/199/191 1492/1550/1596 1494/1552/1598 193/201/193 
f 193/201/193 1494/1552/1598 1496/1554/1600 195/203/195 
f 195/203/195 1496/1554/1600 1498/1556/1602 197/205/197 
f 197/205/197 1498/1556/1602 1500/1558/1604 199/207/199 
f 199/207/199 1500/1558/1604 1502/1560/1606 201/209/201 
f 201/209/201 1502/1560/1606 1504/1562/1608 203/211/203 
f 203/211/203 1504/1562/1608 1506/1564/1610 205/213/205 
f 205/213/205 1506/1564/1610 1508/1566/1612 207/215/207 
f 207/215/207 1508/1566/1612 1405/1459/1509 105/109/105 
f 107/111/107 1509/1567/1613 1512/1570/1616 108/112/108 
f 108/112/108 1512/1570/1616 1514/1572/1618 208/216/208 
f 208/216/208 1514/1572/1618 1516/1574/1620 206/214/206 
f 206/214/206 1516/1574/1620 1518/1576/1622 204/212/204 
f 204/212/204 1518/1576/1622 1520/1578/1624 202/210/202 
f 202/210/202 1520/1578/1624 1522/1580/1626 200/208/200 
f 200/208/200 1522/1580/1626 1524/1582/1628 198/206/198 
f 198/206/198 1524/1582/1628 1526/1584/1630 196/204/196 
f 196/204/196 1526/1584/1630 1528/1586/1632 194/202/194 
f 194/202/194 1528/1586/1632 1530/1588/1634 192/200/192 
f 192/200/192 1530/1588/1634 1532/1590/1636 190/198/190 
f 190/198/190 1532/1590/1636 1534/1592/1638 188/196/188 
f 188/196/188 1534/1592/1638 1536/1594/1640 186/193/186 
f 186/193/186 1536/1594/1640 1538/1596/1642 184/194/184 
f 184/190/184 1538/1597/1642 1540/1600/1644 182/188/182 
f 182/188/182 1540/1600/1644 1542/1602/1646 180/186/180 
f 180/186/180 1542/1602/1646 1544/1604/1648 178/184/178 
f 178/184/178 1544/1604/1648 1546/1606/1650 176/182/176 
f 176/182/176 1546/1606/1650 1548/1608/1652 174/180/174 
f 174/180/174 1548/1608/1652 1550/1610/1654 172/178/172 
f 172/178/172 1550/1610/1654 1552/1612/1656 170/176/170 
f 170/176/170 1552/1612/1656 1554/1614/1658 168/174/168 
f 168/174/168 1554/1614/1658 1556/1616/1660 166/172/166 
f 166/172/166 1556/1616/1660 1558/1618/1662 164/170/164 
f 164/170/164 1558/1618/1662 1560/1620/1664 162/168/162 
f 162/168/162 1560/1620/1664 1562/1622/1666 160/166/160 
f 160/166/160 1562/1622/1666 1564/1624/1668 158/164/158 
f 158/164/158 1564/1624/1668 1566/1626/1670 156/162/156 
f 156/162/156 1566/1626/1670 1568/1628/1672 154/160/154 
f 154/160/154 1568/1628/1672 1570/1630/1674 152/158/152 
f 152/158/152 1570/1630/1674 1572/1632/1676 150/156/150 
f 150/156/150 1572/1632/1676 1574/1634/1678 148/154/148 
f 148/154/148 1574/1634/1678 1576/1636/1680 146/152/146 
f 146/152/146 1576/1636/1680 1578/1638/1682 144/150/144 
f 144/150/144 1578/1638/1682 1580/1640/1684 142/148/142 
f 142/148/142 1580/1640/1684 1582/1642/1686 140/146/140 
f 140/146/140 1582/1642/1686 1584/1644/1688 138/144/138 
f 138/144/138 1584/1644/1688 1586/1646/1690 136/142/136 
f 136/142/136 1586/1646/1690 1588/1648/1692 134/139/134 
f 134/139/134 1588/1648/1692 1590/1650/1694 132/140/132 
f 132/136/132 1590/1651/1694 1592/1654/1696 130/134/130 
f 130/134/130 1592/1654/1696 1594/1656/1698 128/132/128 
f 128/132/128 1594/1656/1698 1596/1658/1700 126/130/126 
f 126/130/126 1596/1658/1700 1598/1660/1702 124/128/124 
f 124/128/124 1598/1660/1702 1600/1662/1704 122/126/122 
f 122/126/122 1600/1662/1704 1602/1664/1706 120/124/120 
f 120/124/120 1602/1664/1706 1604/1666/1708 118/122/118 
f 118/122/118 1604/1666/1708 1606/1668/1710 116/120/116 
f 116/120/116 1606/1668/1710 1608/1670/1712 114/118/114 
f 114/118/114 1608/1670/1712 1610/1672/1714 112/116/112 
f 112/116/112 1610/1672/1714 1612/1674/1716 110/114/110 
f 110/114/110 1612/1674/1716 1509/1567/1613 107/111/107 
f 1406/1460/1510 1302/1352/1304 1301/1351/1303 1407/1461/1511 
f 1407/1461/1511 1301/1351/1303 1303/1353/1306 1409/1463/1513 
f 1409/1463/1513 1303/1353/1306 1304/1354/1308 1411/1465/1515 
f 1411/1465/1515 1304/1354/1308 1305/1355/1310 1413/1467/1517 
f 1413/1467/1517 1305/1355/1310 1306/1356/1312 1415/1469/1519 
f 1415/1469/1519 1306/1356/1312 1307/1357/1314 1417/1471/1521 
f 1417/1471/1521 1307/1357/1314 1308/1358/1316 1419/1473/1523 
f 1419/1473/1523 1308/1358/1316 1309/1359/1318 1421/1475/1525 
f 1421/1475/1525 1309/1359/1318 1310/1360/1320 1423/1477/1527 
f 1423/1477/1527 1310/1360/1320 1311/1361/1322 1425/1479/1529 
f 1425/1479/1529 1311/1361/1322 1312/1362/1324 1427/1481/1531 
f 1427/1481/1531 1312/1362/1324 1313/1363/1326 1429/1483/1533 
f 1429/1483/1533 1313/1363/1326 1314/1364/1328 1431/1485/1535 
f 1431/1488/1535 1314/1366/1328 1315/1365/1330 1433/1489/1537 
f 1433/1489/1537 1315/1365/1330 1316/1367/1332 1435/1491/1539 
f 1435/1491/1539 1316/1367/1332 1317/1368/1334 1437/1493/1541 
f 1437/1493/1541 1317/1368/1334 1318/1369/1336 1439/1495/1543 
f 1439/1495/1543 1318/1369/1336 1319/1370/1338 1441/1497/1545 
f 1441/1497/1545 1319/1370/1338 1320/1371/1340 1443/1499/1547 
f 1443/1499/1547 1320/1371/1340 1321/1372/1342 1445/1501/1549 
f 1445/1501/1549 1321/1372/1342 1322/1373/1344 1447/1503/1551 
f 1447/1503/1551 1322/1373/1344 1323/1374/1346 1449/1505/1553 
f 1449/1505/1553 1323/1374/1346 1324/1375/1348 1451/1507/1555 
f 1451/1507/1555 1324/1375/1348 1325/1376/1350 1453/1509/1557 
f 1453/1509/1557 1325/1376/1350 1326/1377/1352 1455/1511/1559 
f 1455/1511/1559 1326/1377/1352 1327/1378/1354 1457/1513/1561 
f 1457/1513/1561 1327/1378/1354 1328/1379/1356 1459/1515/1563 
f 1459/1515/1563 1328/1379/1356 1329/1380/1358 1461/1517/1565 
f 1461/1517/1565 1329/1380/1358 1330/1381/1360 1463/1519/1567 
f 1463/1519/1567 1330/1381/1360 1331/1382/1362 1465/1521/1569 
f 1465/1521/1569 1331/1382/1362 1332/1383/1364 1467/1523/1571 
f 1467/1523/1571 1332/1383/1364 1333/1384/1366 1469/1525/1573 
f 1469/1525/1573 1333/1384/1366 1334/1385/1368 1471/1527/1575 
f 1471/1527/1575 1334/1385/1368 1335/1386/1370 1473/1529/1577 
f 1473/1529/1577 1335/1386/1370 1336/1387/1372 1475/1531/1579 
f 1475/1531/1579 1336/1387/1372 1337/1388/1374 1477/1533/1581 
f 1477/1533/1581 1337/1388/1374 1338/1389/1376 1479/1535/1583 
f 1479/1535/1583 1338/1389/1376 1339/1390/1378 1481/1537/1585 
f 1481/1537/1585 1339/1390/1378 1340/1391/1380 1483/1539/1587 
f 1483/1542/1587 1340/1393/1380 1341/1392/1382 1485/1543/1589 
f 1485/1543/1589 1341/1392/1382 1342/1394/1384 1487/1545/1591 
f 1487/1545/1591 1342/1394/1384 1343/1395/1386 1489/1547/1593 
f 1489/1547/1593 1343/1395/1386 1344/1396/1388 1491/1549/1595 
f 1491/1549/1595 1344/1396/1388 1345/1397/1390 1493/1551/1597 
f 1493/1551/1597 1345/1397/1390 1346/1398/1392 1495/1553/1599 
f 1495/1553/1599 1346/1398/1392 1347/1399/1394 1497/1555/1601 
f 1497/1555/1601 1347/1399/1394 1348/1400/1396 1499/1557/1603 
f 1499/1557/1603 1348/1400/1396 1349/1401/1398 1501/1559/1605 
f 1501/1559/1605 1349/1401/1398 1350/1402/1400 1503/1561/1607 
f 1503/1561/1607 1350/1402/1400 1351/1403/1402 1505/1563/1609 
f 1505/1563/1609 1351/1403/1402 1352/1404/1404 1507/1565/1611 
f 1507/1565/1611 1352/1404/1404 1302/1352/1304 1406/1460/1510 
f 1510/1568/1614 1354/1406/1408 1353/1405/1407 1511/1569/1615 
f 1511/1569/1615 1353/1405/1407 1355/1407/1410 1513/1571/1617 
f 1513/1571/1617 1355/1407/1410 1356/1408/1412 1515/1573/1619 
f 1515/1573/1619 1356/1408/1412 1357/1409/1414 1517/1575/1621 
f 1517/1575/1621 1357/1409/1414 1358/1410/1416 1519/1577/1623 
f 1519/1577/1623 1358/1410/1416 1359/1411/1418 1521/1579/1625 
f 1521/1579/1625 1359/1411/1418 1360/1412/1420 1523/1581/1627 
f 1523/1581/1627 1360/1412/1420 1361/1413/1422 1525/1583/1629 
f 1525/1583/1629 1361/1413/1422 1362/1414/1424 1527/1585/1631 
f 1527/1585/1631 1362/1414/1424 1363/1415/1426 1529/1587/1633 
f 1529/1587/1633 1363/1415/1426 1364/1416/1428 1531/1589/1635 
f 1531/1589/1635 1364/1416/1428 1365/1417/1430 1533/1591/1637 
f 1533/1591/1637 1365/1417/1430 1366/1418/1432 1535/1593/1639 
f 1535/1593/1639 1366/1418/1432 1367/1419/1434 1537/1595/1641 
f 1537/1598/1641 1367/1421/1434 1368/1420/1436 1539/1599/1643 
f 1539/1599/1643 1368/1420/1436 1369/1422/1438 1541/1601/1645 
f 1541/1601/1645 1369/1422/1438 1370/1423/1440 1543/1603/1647 
f 1543/1603/1647 1370/1423/1440 1371/1424/1442 1545/1605/1649 
f 1545/1605/1649 1371/1424/1442 1372/1425/1444 1547/1607/1651 
f 1547/1607/1651 1372/1425/1444 1373/1426/1446 1549/1609/1653 
f 1549/1609/1653 1373/1426/1446 1374/1427/1448 1551/1611/1655 
f 1551/1611/1655 1374/1427/1448 1375/1428/1450 1553/1613/1657 
f 1553/1613/1657 1375/1428/1450 1376/1429/1452 1555/1615/1659 
f 1555/1615/1659 1376/1429/1452 1377/1430/1454 1557/1617/1661 
f 1557/1617/1661 1377/1430/1454 1378/1431/1456 1559/1619/1663 
f 1559/1619/1663 1378/1431/1456 1379/1432/1458 1561/1621/1665 
f 1561/1621/1665 1379/1432/1458 1380/1433/1460 1563/1623/1667 
f 1563/1623/1667 1380/1433/1460 1381/1434/1462 1565/1625/1669 
f 1565/1625/1669 1381/1434/1462 1382/1435/1464 1567/1627/1671 
f 1567/1627/1671 1382/1435/1464 1383/1436/1466 1569/1629/1673 
f 1569/1629/1673 1383/1436/1466 1384/1437/1468 1571/1631/1675 
f 1571/1631/1675 1384/1437/1468 1385/1438/1470 1573/1633/1677 
f 1573/1633/1677 1385/1438/1470 1386/1439/1472 1575/1635/1679 
f 1575/1635/1679 1386/1439/1472 1387/1440/1474 1577/1637/1681 
f 1577/1637/1681 1387/1440/1474 1388/1441/1476 1579/1639/1683 
f 1579/1639/1683 1388/1441/1476 1389/1442/1478 1581/1641/1685 
f 1581/1641/1685 1389/1442/1478 1390/1443/1480 1583/1643/1687 
f 1583/1643/1687 1390/1443/1480 1391/1444/1482 1585/1645/1689 
f 1585/1645/1689 1391/1444/1482 1392/1445/1484 1587/1647/1691 
f 1587/1647/1691 1392/1445/1484 1393/1446/1486 1589/1649/1693 
f 1589/1652/1693 1393/1448/1486 1394/1447/1488 1591/1653/1695 
f 1591/1653/1695 1394/1447/1488 1395/1449/1490 1593/1655/1697 
f 1593/1655/1697 1395/1449/1490 1396/1450/1492 1595/1657/1699 
f 1595/1657/1699 1396/1450/1492 1397/1451/1494 1597/1659/1701 
f 1597/1659/1701 1397/1451/1494 1398/1452/1496 1599/1661/1703 
f 1599/1661/1703 1398/1452/1496 1399/1453/1498 1601/1663/1705 
f 1601/1663/1705 1399/1453/1498 1400/1454/1500 1603/1665/1707 
f 1603/1665/1707 1400/1454/1500 1401/1455/1502 1605/1667/1709 
f 1605/1667/1709 1401/1455/1502 1402/1456/1504 1607/1669/1711 
f 1607/1669/1711 1402/1456/1504 1403/1457/1506 1609/1671/1713 
f 1609/1671/1713 1403/1457/1506 1404/1458/1508 1611/1673/1715 
f 1611/1673/1715 1404/1458/1508 1354/1406/1408 1510/1568/1614 
s 2
f 211/219/211 314/326/314 313/325/313 212/220/212 
f 214/222/214 317/329/317 314/326/314 211/219/211 
f 216/224/216 319/331/319 317/329/317 214/222/214 
f 218/226/218 321/333/321 319/331/319 216/224/216 
f 220/228/220 323/335/323 321/333/321 218/226/218 
f 222/230/222 325/337/325 323/335/323 220/228/220 
f 224/232/224 327/339/327 325/337/325 222/230/222 
f 226/234/226 329/341/329 327/339/327 224/232/224 
f 228/236/228 331/343/331 329/341/329 226/234/226 
f 230/238/230 333/345/333 331/343/331 228/236/228 
f 232/240/232 335/347/335 333/345/333 230/238/230 
f 234/242/234 337/349/337 335/347/335 232/240/232 
f 236/244/236 339/351/339 337/349/337 234/242/234 
f 238/247/238 341/354/341 339/353/339 236/248/236 
f 240/250/240 343/357/343 341/354/341 238/247/238 
f 242/252/242 345/359/345 343/357/343 240/250/240 
f 244/254/244 347/361/347 345/359/345 242/252/242 
f 246/256/246 349/363/349 347/361/347 244/254/244 
f 248/258/248 351/365/351 349/363/349 246/256/246 
f 250/260/250 353/367/353 351/365/351 248/258/248 
f 252/262/252 355/369/355 353/367/353 250/260/250 
f 254/264/254 357/371/357 355/369/355 252/262/252 
f 256/266/256 359/373/359 357/371/357 254/264/254 
f 258/268/258 361/375/361 359/373/359 256/266/256 
f 260/270/260 363/377/363 361/375/361 258/268/258 
f 262/272/262 365/379/365 363/377/363 260/270/260 
f 264/274/264 367/381/367 365/379/365 262/272/262 
f 266/276/266 369/383/369 367/381/367 264/274/264 
f 268/278/268 371/385/371 369/383/369 266/276/266 
f 270/280/270 373/387/373 371/385/371 268/278/268 
f 272/282/272 375/389/375 373/387/373 270/280/270 
f 274/284/274 377/391/377 375/389/375 272/282/272 
f 276/286/276 379/393/379 377/391/377 274/284/274 
f 278/288/278 381/395/381 379/393/379 276/286/276 
f 280/290/280 383/397/383 381/395/381 278/288/278 
f 282/292/282 385/399/385 383/397/383 280/290/280 
f 284/294/284 387/401/387 385/399/385 282/292/282 
f 286/296/286 389/403/389 387/401/387 284/294/284 
f 288/298/288 391/405/391 389/403/389 286/296/286 
f 290/301/290 393/408/393 391/407/391 288/302/288 
f 292/304/292 395/411/395 393/408/393 290/301/290 
f 294/306/294 397/413/397 395/411/395 292/304/292 
f 296/308/296 399/415/399 397/413/397 294/306/294 
f 298/310/298 401/417/401 399/415/399 296/308/296 
f 300/312/300 403/419/403 401/417/401 298/310/298 
f 302/314/302 405/421/405 403/419/403 300/312/300 
f 304/316/304 407/423/407 405/421/405 302/314/302 
f 306/318/306 409/425/409 407/423/407 304/316/304 
f 308/320/308 411/427/411 409/425/409 306/318/306 
f 310/322/310 413/429/413 411/427/411 308/320/308 
f 312/324/312 415/431/415 413/429/413 310/322/310 
f 212/220/212 313/325/313 415/431/415 312/324/312 
f 315/327/315 418/434/418 417/433/417 316/328/316 
f 318/330/318 421/437/421 418/434/418 315/327/315 
f 320/332/320 423/439/423 421/437/421 318/330/318 
f 322/334/322 425/441/425 423/439/423 320/332/320 
f 324/336/324 427/443/427 425/441/425 322/334/322 
f 326/338/326 429/445/429 427/443/427 324/336/324 
f 328/340/328 431/447/431 429/445/429 326/338/326 
f 330/342/330 433/449/433 431/447/431 328/340/328 
f 332/344/332 435/451/435 433/449/433 330/342/330 
f 334/346/334 437/453/437 435/451/435 332/344/332 
f 336/348/336 439/455/439 437/453/437 334/346/334 
f 338/350/338 441/457/441 439/455/439 336/348/336 
f 340/352/340 443/459/443 441/457/441 338/350/338 
f 342/355/342 445/462/445 443/461/443 340/356/340 
f 344/358/344 447/465/447 445/462/445 342/355/342 
f 346/360/346 449/467/449 447/465/447 344/358/344 
f 348/362/348 451/469/451 449/467/449 346/360/346 
f 350/364/350 453/471/453 451/469/451 348/362/348 
f 352/366/352 455/473/455 453/471/453 350/364/350 
f 354/368/354 457/475/457 455/473/455 352/366/352 
f 356/370/356 459/477/459 457/475/457 354/368/354 
f 358/372/358 461/479/461 459/477/459 356/370/356 
f 360/374/360 463/481/463 461/479/461 358/372/358 
f 362/376/362 465/483/465 463/481/463 360/374/360 
f 364/378/364 467/485/467 465/483/465 362/376/362 
f 366/380/366 469/487/469 467/485/467 364/378/364 
f 368/382/368 471/489/471 469/487/469 366/380/366 
f 370/384/370 473/491/473 471/489/471 368/382/368 
f 372/386/372 475/493/475 473/491/473 370/384/370 
f 374/388/374 477/495/477 475/493/475 372/386/372 
f 376/390/376 479/497/479 477/495/477 374/388/374 
f 378/392/378 481/499/481 479/497/479 376/390/376 
f 380/394/380 483/501/483 481/499/481 378/392/378 
f 382/396/382 485/503/485 483/501/483 380/394/380 
f 384/398/384 487/505/487 485/503/485 382/396/382 
f 386/400/386 489/507/489 487/505/487 384/398/384 
f 388/402/388 491/509/491 489/507/489 386/400/386 
f 390/404/390 493/511/493 491/509/491 388/402/388 
f 392/406/392 495/513/495 493/511/493 390/404/390 
f 394/409/394 497/516/497 495/515/495 392/410/392 
f 396/412/396 499/519/499 497/516/497 394/409/394 
f 398/414/398 501/521/501 499/519/499 396/412/396 
f 400/416/400 503/523/503 501/521/501 398/414/398 
f 402/418/402 505/525/505 503/523/503 400/416/400 
f 404/420/404 507/527/507 505/525/505 402/418/402 
f 406/422/406 509/529/509 507/527/507 404/420/404 
f 408/424/408 511/531/511 509/529/509 406/422/406 
f 410/426/410 513/533/513 511/531/511 408/424/408 
f 412/428/412 515/535/515 513/533/513 410/426/410 
f 414/430/414 517/537/517 515/535/515 412/428/412 
f 416/432/416 519/539/519 517/537/517 414/430/414 
f 316/328/316 417/433/417 519/539/519 416/432/416 
f 419/435/419 522/542/522 521/541/521 420/436/420 
f 422/438/422 525/545/525 522/542/522 419/435/419 
f 424/440/424 527/547/527 525/545/525 422/438/422 
f 426/442/426 529/549/529 527/547/527 424/440/424 
f 428/444/428 531/551/531 529/549/529 426/442/426 
f 430/446/430 533/553/533 531/551/531 428/444/428 
f 432/448/432 535/555/535 533/553/533 430/446/430 
f 434/450/434 537/557/537 535/555/535 432/448/432 
f 436/452/436 539/559/539 537/557/537 434/450/434 
f 438/454/438 541/561/541 539/559/539 436/452/436 
f 440/456/440 543/563/543 541/561/541 438/454/438 
f 442/458/442 545/565/545 543/563/543 440/456/440 
f 444/460/444 547/567/547 545/565/545 442/458/442 
f 446/463/446 549/570/549 547/569/547 444/464/444 
f 448/466/448 551/573/551 549/570/549 446/463/446 
f 450/468/450 553/575/553 551/573/551 448/466/448 
f 452/470/452 555/577/555 553/575/553 450/468/450 
f 454/472/454 557/579/557 555/577/555 452/470/452 
f 456/474/456 559/581/559 557/579/557 454/472/454 
f 458/476/458 561/583/561 559/581/559 456/474/456 
f 460/478/460 563/585/563 561/583/561 458/476/458 
f 462/480/462 565/587/565 563/585/563 460/478/460 
f 464/482/464 567/589/567 565/587/565 462/480/462 
f 466/484/466 569/591/569 567/589/567 464/482/464 
f 468/486/468 571/593/571 569/591/569 466/484/466 
f 470/488/470 573/595/573 571/593/571 468/486/468 
f 472/490/472 575/597/575 573/595/573 470/488/470 
f 474/492/474 577/599/577 575/597/575 472/490/472 
f 476/494/476 579/601/579 577/599/577 474/492/474 
f 478/496/478 581/603/581 579/601/579 476/494/476 
f 480/498/480 583/605/583 581/603/581 478/496/478 
f 482/500/482 585/607/585 583/605/583 480/498/480 
f 484/502/484 587/609/587 585/607/585 482/500/482 
f 486/504/486 589/611/589 587/609/587 484/502/484 
f 488/506/488 591/613/591 589/611/589 486/504/486 
f 490/508/490 593/615/593 591/613/591 488/506/488 
f 492/510/492 595/617/595 593/615/593 490/508/490 
f 494/512/494 597/619/597 595/617/595 492/510/492 
f 496/514/496 599/621/599 597/619/597 494/512/494 
f 498/517/498 601/624/601 599/623/599 496/518/496 
f 500/520/500 603/627/603 601/624/601 498/517/498 
f 502/522/502 605/629/605 603/627/603 500/520/500 
f 504/524/504 607/631/607 605/629/605 502/522/502 
f 506/526/506 609/633/609 607/631/607 504/524/504 
f 508/528/508 611/635/611 609/633/609 506/526/506 
f 510/530/510 613/637/613 611/635/611 508/528/508 
f 512/532/512 615/639/615 613/637/613 510/530/510 
f 514/534/514 617/641/617 615/639/615 512/532/512 
f 516/536/516 619/643/619 617/641/617 514/534/514 
f 518/538/518 621/645/621 619/643/619 516/536/516 
f 520/540/520 623/647/623 621/645/621 518/538/518 
f 420/436/420 521/541/521 623/647/623 520/540/520 
f 523/543/523 626/650/626 625/649/625 524/544/524 
f 526/546/526 629/653/629 626/650/626 523/543/523 
f 528/548/528 631/655/631 629/653/629 526/546/526 
f 530/550/530 633/657/633 631/655/631 528/548/528 
f 532/552/532 635/659/635 633/657/633 530/550/530 
f 534/554/534 637/661/637 635/659/635 532/552/532 
f 536/556/536 639/663/639 637/661/637 534/554/534 
f 538/558/538 641/665/641 639/663/639 536/556/536 
f 540/560/540 643/667/643 641/665/641 538/558/538 
f 542/562/542 645/669/645 643/667/643 540/560/540 
f 544/564/544 647/671/647 645/669/645 542/562/542 
f 546/566/546 649/673/649 647/671/647 544/564/544 
f 548/568/548 651/675/651 649/673/649 546/566/546 
f 550/571/550 653/678/653 651/677/651 548/572/548 
f 552/574/552 655/681/655 653/678/653 550/571/550 
f 554/576/554 657/683/657 655/681/655 552/574/552 
f 556/578/556 659/685/659 657/683/657 554/576/554 
f 558/580/558 661/687/661 659/685/659 556/578/556 
f 560/582/560 663/689/663 661/687/661 558/580/558 
f 562/584/562 665/691/665 663/689/663 560/582/560 
f 564/586/564 667/693/667 665/691/665 562/584/562 
f 566/588/566 669/695/669 667/693/667 564/586/564 
f 568/590/568 671/697/671 669/695/669 566/588/566 
f 570/592/570 673/699/673 671/697/671 568/590/568 
f 572/594/572 675/701/675 673/699/673 570/592/570 
f 574/596/574 677/703/677 675/701/675 572/594/572 
f 576/598/576 679/705/679 677/703/677 574/596/574 
f 578/600/578 681/707/681 679/705/679 576/598/576 
f 580/602/580 683/709/683 681/707/681 578/600/578 
f 582/604/582 685/711/685 683/709/683 580/602/580 
f 584/606/584 687/713/687 685/711/685 582/604/582 
f 586/608/586 689/715/689 687/713/687 584/606/584 
f 588/610/588 691/717/691 689/715/689 586/608/586 
f 590/612/590 693/719/693 691/717/691 588/610/588 
f 592/614/592 695/721/695 693/719/693 590/612/590 
f 594/616/594 697/723/697 695/721/695 592/614/592 
f 596/618/596 699/725/699 697/723/697 594/616/594 
f 598/620/598 701/727/701 699/725/699 596/618/596 
f 600/622/600 703/729/703 701/727/701 598/620/598 
f 602/625/602 705/732/705 703/731/703 600/626/600 
f 604/628/604 707/735/707 705/732/705 602/625/602 
f 606/630/606 709/737/709 707/735/707 604/628/604 
f 608/632/608 711/739/711 709/737/709 606/630/606 
f 610/634/610 713/741/713 711/739/711 608/632/608 
f 612/636/612 715/743/715 713/741/713 610/634/610 
f 614/638/614 717/745/717 715/743/715 612/636/612 
f 616/640/616 719/747/719 717/745/717 614/638/614 
f 618/642/618 721/749/721 719/747/719 616/640/616 
f 620/644/620 723/751/723 721/749/721 618/642/618 
f 622/646/622 725/753/725 723/751/723 620/644/620 
f 624/648/624 727/755/727 725/753/725 622/646/622 
f 524/544/524 625/649/625 727/755/727 624/648/624 
f 627/651/627 730/758/730 729/757/729 628/652/628 
f 630/654/630 733/761/733 730/758/730 627/651/627 
f 632/656/632 735/763/735 733/761/733 630/654/630 
f 634/658/634 737/765/737 735/763/735 632/656/632 
f 636/660/636 739/767/739 737/765/737 634/658/634 
f 638/662/638 741/769/741 739/767/739 636/660/636 
f 640/664/640 743/771/743 741/769/741 638/662/638 
f 642/666/642 745/773/745 743/771/743 640/664/640 
f 644/668/644 747/775/747 745/773/745 642/666/642 
f 646/670/646 749/777/749 747/775/747 644/668/644 
f 648/672/648 751/779/751 749/777/749 646/670/646 
f 650/674/650 753/781/753 751/779/751 648/672/648 
f 652/676/652 755/783/755 753/781/753 650/674/650 
f 654/679/654 757/786/757 755/785/755 652/680/652 
f 656/682/656 759/789/759 757/786/757 654/679/654 
f 658/684/658 761/791/761 759/789/759 656/682/656 
f 660/686/660 763/793/763 761/791/761 658/684/658 
f 662/688/662 765/795/765 763/793/763 660/686/660 
f 664/690/664 767/797/767 765/795/765 662/688/662 
f 666/692/666 769/799/769 767/797/767 664/690/664 
f 668/694/668 771/801/771 769/799/769 666/692/666 
f 670/696/670 773/803/773 771/801/771 668/694/668 
f 672/698/672 775/805/775 773/803/773 670/696/670 
f 674/700/674 777/807/777 775/805/775 672/698/672 
f 676/702/676 779/809/779 777/807/777 674/700/674 
f 678/704/678 781/811/781 779/809/779 676/702/676 
f 680/706/680 783/813/783 781/811/781 678/704/678 
f 682/708/682 785/815/785 783/813/783 680/706/680 
f 684/710/684 787/817/787 785/815/785 682/708/682 
f 686/712/686 789/819/789 787/817/787 684/710/684 
f 688/714/688 791/821/791 789/819/789 686/712/686 
f 690/716/690 793/823/793 791/821/791 688/714/688 
f 692/718/692 795/825/795 793/823/793 690/716/690 
f 694/720/694 797/827/797 795/825/795 692/718/692 
f 696/722/696 799/829/799 797/827/797 694/720/694 
f 698/724/698 801/831/801 799/829/799 696/722/696 
f 700/726/700 803/833/803 801/831/801 698/724/698 
f 702/728/702 805/835/805 803/833/803 700/726/700 
f 704/730/704 807/837/807 805/835/805 702/728/702 
f 706/733/706 809/840/809 807/839/807 704/734/704 
f 708/736/708 811/843/811 809/840/809 706/733/706 
f 710/738/710 813/845/813 811/843/811 708/736/708 
f 712/740/712 815/847/815 813/845/813 710/738/710 
f 714/742/714 817/849/817 815/847/815 712/740/712 
f 716/744/716 819/851/819 817/849/817 714/742/714 
f 718/746/718 821/853/821 819/851/819 716/744/716 
f 720/748/720 823/855/823 821/853/821 718/746/718 
f 722/750/722 825/857/825 823/855/823 720/748/720 
f 724/752/724 827/859/827 825/857/825 722/750/722 
f 726/754/726 829/861/829 827/859/827 724/752/724 
f 728/756/728 831/863/831 829/861/829 726/754/726 
f 628/652/628 729/757/729 831/863/831 728/756/728 
f 731/759/731 834/866/834 833/865/833 732/760/732 
f 734/762/734 837/869/837 834/866/834 731/759/731 
f 736/764/736 839/871/839 837/869/837 734/762/734 
f 738/766/738 841/873/841 839/871/839 736/764/736 
f 740/768/740 843/875/843 841/873/841 738/766/738 
f 742/770/742 845/877/845 843/875/843 740/768/740 
f 744/772/744 847/879/847 845/877/845 742/770/742 
f 746/774/746 849/881/849 847/879/847 744/772/744 
f 748/776/748 851/883/851 849/881/849 746/774/746 
f 750/778/750 853/885/853 851/883/851 748/776/748 
f 752/780/752 855/887/855 853/885/853 750/778/750 
f 754/782/754 857/889/857 855/887/855 752/780/752 
f 756/784/756 859/891/859 857/889/857 754/782/754 
f 758/787/758 861/894/861 859/893/859 756/788/756 
f 760/790/760 863/897/863 861/894/861 758/787/758 
f 762/792/762 865/899/865 863/897/863 760/790/760 
f 764/794/764 867/901/867 865/899/865 762/792/762 
f 766/796/766 869/903/869 867/901/867 764/794/764 
f 768/798/768 871/905/871 869/903/869 766/796/766 
f 770/800/770 873/907/873 871/905/871 768/798/768 
f 772/802/772 875/909/875 873/907/873 770/800/770 
f 774/804/774 877/911/877 875/909/875 772/802/772 
f 776/806/776 879/913/879 877/911/877 774/804/774 
f 778/808/778 881/915/881 879/913/879 776/806/776 
f 780/810/780 883/917/883 881/915/881 778/808/778 
f 782/812/782 885/919/885 883/917/883 780/810/780 
f 784/814/784 887/921/887 885/919/885 782/812/782 
f 786/816/786 889/923/889 887/921/887 784/814/784 
f 788/818/788 891/925/891 889/923/889 786/816/786 
f 790/820/790 893/927/893 891/925/891 788/818/788 
f 792/822/792 895/929/895 893/927/893 790/820/790 
f 794/824/794 897/931/897 895/929/895 792/822/792 
f 796/826/796 899/933/899 897/931/897 794/824/794 
f 798/828/798 901/935/901 899/933/899 796/826/796 
f 800/830/800 903/937/903 901/935/901 798/828/798 
f 802/832/802 905/939/905 903/937/903 800/830/800 
f 804/834/804 907/941/907 905/939/905 802/832/802 
f 806/836/806 909/943/909 907/941/907 804/834/804 
f 808/838/808 911/945/911 909/943/909 806/836/806 
f 810/841/810 913/948/913 911/947/911 808/842/808 
f 812/844/812 915/951/915 913/948/913 810/841/810 
f 814/846/814 917/953/917 915/951/915 812/844/812 
f 816/848/816 919/955/919 917/953/917 814/846/814 
f 818/850/818 921/957/921 919/955/919 816/848/816 
f 820/852/820 923/959/923 921/957/921 818/850/818 
f 822/854/822 925/961/925 923/959/923 820/852/820 
f 824/856/824 927/963/927 925/961/925 822/854/822 
f 826/858/826 929/965/929 927/963/927 824/856/824 
f 828/860/828 931/967/931 929/965/929 826/858/826 
f 830/862/830 933/969/933 931/967/931 828/860/828 
f 832/864/832 935/971/935 933/969/933 830/862/830 
f 732/760/732 833/865/833 935/971/935 832/864/832 
f 1613/1675/1717 1614/1676/1718 1615/1677/1719 1616/1678/1720 
f 1616/1678/1720 1615/1677/1719 1617/1679/1721 1618/1680/1722 
f 1618/1680/1722 1617/1679/1721 1619/1681/1723 1620/1682/1724 
f 1620/1682/1724 1619/1681/1723 1621/1683/1725 1622/1684/1726 
f 1622/1684/1726 1621/1683/1725 1623/1685/1727 1624/1686/1728 
f 1624/1686/1728 1623/1685/1727 1625/1687/1729 1626/1688/1730 
f 1626/1688/1730 1625/1687/1729 1627/1689/1731 1628/1690/1732 
f 1628/1690/1732 1627/1689/1731 1629/1691/1733 1630/1692/1734 
f 1630/1692/1734 1629/1691/1733 1631/1693/1735 1632/1694/1736 
f 1632/1694/1736 1631/1693/1735 1633/1695/1737 1634/1696/1738 
f 1634/1696/1738 1633/1695/1737 1635/1697/1739 1636/1698/1740 
f 1636/1698/1740 1635/1697/1739 1637/1699/1741 1638/1700/1742 
f 1638/1700/1742 1637/1699/1741 1639/1701/1743 1640/1702/1744 
f 1640/1703/1744 1639/1704/1743 1641/1705/1745 1642/1706/1746 
f 1642/1706/1746 1641/1705/1745 1643/1707/1747 1644/1708/1748 
f 1644/1708/1748 1643/1707/1747 1645/1709/1749 1646/1710/1750 
f 1646/1710/1750 1645/1709/1749 1647/1711/1751 1648/1712/1752 
f 1648/1712/1752 1647/1711/1751 1649/1713/1753 1650/1714/1754 
f 1650/1714/1754 1649/1713/1753 1651/1715/1755 1652/1716/1756 
f 1652/1716/1756 1651/1715/1755 1653/1717/1757 1654/1718/1758 
f 1654/1718/1758 1653/1717/1757 1655/1719/1759 1656/1720/1760 
f 1656/1720/1760 1655/1719/1759 1657/1721/1761 1658/1722/1762 
f 1658/1722/1762 1657/1721/1761 1659/1723/1763 1660/1724/1764 
f 1660/1724/1764 1659/1723/1763 1661/1725/1765 1662/1726/1766 
f 1662/1726/1766 1661/1725/1765 1663/1727/1767 1664/1728/1768 
f 1664/1728/1768 1663/1727/1767 1665/1729/1769 1666/1730/1770 
f 1666/1730/1770 1665/1729/1769 1667/1731/1771 1668/1732/1772 
f 1668/1732/1772 1667/1731/1771 1669/1733/1773 1670/1734/1774 
f 1670/1734/1774 1669/1733/1773 1671/1735/1775 1672/1736/1776 
f 1672/1736/1776 1671/1735/1775 1673/1737/1777 1674/1738/1778 
f 1674/1738/1778 1673/1737/1777 1675/1739/1779 1676/1740/1780 
f 1676/1740/1780 1675/1739/1779 1677/1741/1781 1678/1742/1782 
f 1678/1742/1782 1677/1741/1781 1679/1743/1783 1680/1744/1784 
f 1680/1744/1784 1679/1743/1783 1681/1745/1785 1682/1746/1786 
f 1682/1746/1786 1681/1745/1785 1683/1747/1787 1684/1748/1788 
f 1684/1748/1788 1683/1747/1787 1685/1749/1789 1686/1750/1790 
f 1686/1750/1790 1685/1749/1789 1687/1751/1791 1688/1752/1792 
f 1688/1752/1792 1687/1751/1791 1689/1753/1793 1690/1754/1794 
f 1690/1754/1794 1689/1753/1793 1691/1755/1795 1692/1756/1796 
f 1692/1757/1796 1691/1758/1795 1693/1759/1797 1694/1760/1798 
f 1694/1760/1798 1693/1759/1797 1695/1761/1799 1696/1762/1800 
f 1696/1762/1800 1695/1761/1799 1697/1763/1801 1698/1764/1802 
f 1698/1764/1802 1697/1763/1801 1699/1765/1803 1700/1766/1804 
f 1700/1766/1804 1699/1765/1803 1701/1767/1805 1702/1768/1806 
f 1702/1768/1806 1701/1767/1805 1703/1769/1807 1704/1770/1808 
f 1704/1770/1808 1703/1769/1807 1705/1771/1809 1706/1772/1810 
f 1706/1772/1810 1705/1771/1809 1707/1773/1811 1708/1774/1812 
f 1708/1774/1812 1707/1773/1811 1709/1775/1813 1710/1776/1814 
f 1710/1776/1814 1709/1775/1813 1711/1777/1815 1712/1778/1816 
f 1712/1778/1816 1711/1777/1815 1713/1779/1817 1714/1780/1818 
f 1714/1780/1818 1713/1779/1817 1715/1781/1819 1716/1782/1820 
f 1716/1782/1820 1715/1781/1819 1614/1676/1718 1613/1675/1717 
f 1717/1783/1821 1718/1784/1822 1719/1785/1823 1720/1786/1824 
f 1720/1786/1824 1719/1785/1823 1721/1787/1825 1722/1788/1826 
f 1722/1788/1826 1721/1787/1825 1723/1789/1827 1724/1790/1828 
f 1724/1790/1828 1723/1789/1827 1725/1791/1829 1726/1792/1830 
f 1726/1792/1830 1725/1791/1829 1727/1793/1831 1728/1794/1832 
f 1728/1794/1832 1727/1793/1831 1729/1795/1833 1730/1796/1834 
f 1730/1796/1834 1729/1795/1833 1731/1797/1835 1732/1798/1836 
f 1732/1798/1836 1731/1797/1835 1733/1799/1837 1734/1800/1838 
f 1734/1800/1838 1733/1799/1837 1735/1801/1839 1736/1802/1840 
f 1736/1802/1840 1735/1801/1839 1737/1803/1841 1738/1804/1842 
f 1738/1804/1842 1737/1803/1841 1739/1805/1843 1740/1806/1844 
f 1740/1806/1844 1739/1805/1843 1741/1807/1845 1742/1808/1846 
f 1742/1808/1846 1741/1807/1845 1743/1809/1847 1744/1810/1848 
f 1744/1811/1848 1743/1812/1847 1745/1813/1849 1746/1814/1850 
f 1746/1814/1850 1745/1813/1849 1747/1815/1851 1748/1816/1852 
f 1748/1816/1852 1747/1815/1851 1749/1817/1853 1750/1818/1854 
f 1750/1818/1854 1749/1817/1853 1751/1819/1855 1752/1820/1856 
f 1752/1820/1856 1751/1819/1855 1753/1821/1857 1754/1822/1858 
f 1754/1822/1858 1753/1821/1857 1755/1823/1859 1756/1824/1860 
f 1756/1824/1860 1755/1823/1859 1757/1825/1861 1758/1826/1862 
f 1758/1826/1862 1757/1825/1861 1759/1827/1863 1760/1828/1864 
f 1760/1828/1864 1759/1827/1863 1761/1829/1865 1762/1830/1866 
f 1762/1830/1866 1761/1829/1865 1763/1831/1867 1764/1832/1868 
f 1764/1832/1868 1763/1831/1867 1765/1833/1869 1766/1834/1870 
f 1766/1834/1870 1765/1833/1869 1767/1835/1871 1768/1836/1872 
f 1768/1836/1872 1767/1835/1871 1769/1837/1873 1770/1838/1874 
f 1770/1838/1874 1769/1837/1873 1771/1839/1875 1772/1840/1876 
f 1772/1840/1876 1771/1839/1875 1773/1841/1877 1774/1842/1878 
f 1774/1842/1878 1773/1841/1877 1775/1843/1879 1776/1844/1880 
f 1776/1844/1880 1775/1843/1879 1777/1845/1881 1778/1846/1882 
f 1778/1846/1882 1777/1845/1881 1779/1847/1883 1780/1848/1884 
f 1780/1848/1884 1779/1847/1883 1781/1849/1885 1782/1850/1886 
f 1782/1850/1886 1781/1849/1885 1783/1851/1887 1784/1852/1888 
f 1784/1852/1888 1783/1851/1887 1785/1853/1889 1786/1854/1890 
f 1786/1854/1890 1785/1853/1889 1787/1855/1891 1788/1856/1892 
f 1788/1856/1892 1787/1855/1891 1789/1857/1893 1790/1858/1894 
f 1790/1858/1894 1789/1857/1893 1791/1859/1895 1792/1860/1896 
f 1792/1860/1896 1791/1859/1895 1793/1861/1897 1794/1862/1898 
f 1794/1862/1898 1793/1861/1897 1795/1863/1899 1796/1864/1900 
f 1796/1865/1900 1795/1866/1899 1797/1867/1901 1798/1868/1902 
f 1798/1868/1902 1797/1867/1901 1799/1869/1903 1800/1870/1904 
f 1800/1870/1904 1799/1869/1903 1801/1871/1905 1802/1872/1906 
f 1802/1872/1906 1801/1871/1905 1803/1873/1907 1804/1874/1908 
f 1804/1874/1908 1803/1873/1907 1805/1875/1909 1806/1876/1910 
f 1806/1876/1910 1805/1875/1909 1807/1877/1911 1808/1878/1912 
f 1808/1878/1912 1807/1877/1911 1809/1879/1913 1810/1880/1914 
f 1810/1880/1914 1809/1879/1913 1811/1881/1915 1812/1882/1916 
f 1812/1882/1916 1811/1881/1915 1813/1883/1917 1814/1884/1918 
f 1814/1884/1918 1813/1883/1917 1815/1885/1919 1816/1886/1920 
f 1816/1886/1920 1815/1885/1919 1817/1887/1921 1818/1888/1922 
f 1818/1888/1922 1817/1887/1921 1819/1889/1923 1820/1890/1924 
f 1820/1890/1924 1819/1889/1923 1718/1784/1822 1717/1783/1821 
f 989/1027/989 1613/1675/1717 1616/1678/1720 990/1028/990 
f 990/1028/990 1616/1678/1720 1618/1680/1722 991/1029/991 
f 991/1029/991 1618/1680/1722 1620/1682/1724 992/1030/992 
f 992/1030/992 1620/1682/1724 1622/1684/1726 993/1031/993 
f 993/1031/993 1622/1684/1726 1624/1686/1728 994/1032/994 
f 994/1032/994 1624/1686/1728 1626/1688/1730 995/1033/995 
f 995/1033/995 1626/1688/1730 1628/1690/1732 996/1034/996 
f 996/1034/996 1628/1690/1732 1630/1692/1734 997/1035/997 
f 997/1035/997 1630/1692/1734 1632/1694/1736 998/1036/998 
f 998/1036/998 1632/1694/1736 1634/1696/1738 999/1037/999 
f 999/1037/999 1634/1696/1738 1636/1698/1740 1000/1038/1000 
f 1000/1038/1000 1636/1698/1740 1638/1700/1742 1001/1039/1001 
f 1001/1039/1001 1638/1700/1742 1640/1702/1744 1002/1040/1002 
f 1002/1041/1002 1640/1703/1744 1642/1706/1746 1003/1042/1003 
f 1003/1042/1003 1642/1706/1746 1644/1708/1748 1004/1043/1004 
f 1004/1043/1004 1644/1708/1748 1646/1710/1750 1005/1044/1005 
f 1005/1044/1005 1646/1710/1750 1648/1712/1752 1006/1045/1006 
f 1006/1045/1006 1648/1712/1752 1650/1714/1754 1007/1046/1007 
f 1007/1046/1007 1650/1714/1754 1652/1716/1756 1008/1047/1008 
f 1008/1047/1008 1652/1716/1756 1654/1718/1758 1009/1048/1009 
f 1009/1048/1009 1654/1718/1758 1656/1720/1760 1010/1049/1010 
f 1010/1049/1010 1656/1720/1760 1658/1722/1762 1011/1050/1011 
f 1011/1050/1011 1658/1722/1762 1660/1724/1764 1012/1051/1012 
f 1012/1051/1012 1660/1724/1764 1662/1726/1766 1013/1052/1013 
f 1013/1052/1013 1662/1726/1766 1664/1728/1768 1014/1053/1014 
f 1014/1053/1014 1664/1728/1768 1666/1730/1770 1015/1054/1015 
f 1015/1054/1015 1666/1730/1770 1668/1732/1772 1016/1055/1016 
f 1016/1055/1016 1668/1732/1772 1670/1734/1774 1017/1056/1017 
f 1017/1056/1017 1670/1734/1774 1672/1736/1776 1018/1057/1018 
f 1018/1057/1018 1672/1736/1776 1674/1738/1778 1019/1058/1019 
f 1019/1058/1019 1674/1738/1778 1676/1740/1780 1020/1059/1020 
f 1020/1059/1020 1676/1740/1780 1678/1742/1782 1021/1060/1021 
f 1021/1060/1021 1678/1742/1782 1680/1744/1784 1022/1061/1022 
f 1022/1061/1022 1680/1744/1784 1682/1746/1786 1023/1062/1023 
f 1023/1062/1023 1682/1746/1786 1684/1748/1788 1024/1063/1024 
f 1024/1063/1024 1684/1748/1788 1686/1750/1790 1025/1064/1025 
f 1025/1064/1025 1686/1750/1790 1688/1752/1792 1026/1065/1026 
f 1026/1065/1026 1688/1752/1792 1690/1754/1794 1027/1066/1027 
f 1027/1066/1027 1690/1754/1794 1692/1756/1796 1028/1067/1028 
f 1028/1068/1028 1692/1757/1796 1694/1760/1798 1029/1069/1029 
f 1029/1069/1029 1694/1760/1798 1696/1762/1800 1030/1070/1030 
f 1030/1070/1030 1696/1762/1800 1698/1764/1802 1031/1071/1031 
f 1031/1071/1031 1698/1764/1802 1700/1766/1804 1032/1072/1032 
f 1032/1072/1032 1700/1766/1804 1702/1768/1806 1033/1073/1033 
f 1033/1073/1033 1702/1768/1806 1704/1770/1808 1034/1074/1034 
f 1034/1074/1034 1704/1770/1808 1706/1772/1810 1035/1075/1035 
f 1035/1075/1035 1706/1772/1810 1708/1774/1812 1036/1076/1036 
f 1036/1076/1036 1708/1774/1812 1710/1776/1814 1037/1077/1037 
f 1037/1077/1037 1710/1776/1814 1712/1778/1816 1038/1078/1038 
f 1038/1078/1038 1712/1778/1816 1714/1780/1818 1039/1079/1039 
f 1039/1079/1039 1714/1780/1818 1716/1782/1820 1040/1080/1040 
f 1040/1080/1040 1716/1782/1820 1613/1675/1717 989/1027/989 
f 1043/1083/1043 1717/1783/1821 1720/1786/1824 1044/1084/1044 
f 1044/1084/1044 1720/1786/1824 1722/1788/1826 1046/1086/1046 
f 1046/1086/1046 1722/1788/1826 1724/1790/1828 1048/1088/1048 
f 1048/1088/1048 1724/1790/1828 1726/1792/1830 1050/1090/1050 
f 1050/1090/1050 1726/1792/1830 1728/1794/1832 1052/1092/1052 
f 1052/1092/1052 1728/1794/1832 1730/1796/1834 1054/1094/1054 
f 1054/1094/1054 1730/1796/1834 1732/1798/1836 1056/1096/1056 
f 1056/1096/1056 1732/1798/1836 1734/1800/1838 1058/1098/1058 
f 1058/1098/1058 1734/1800/1838 1736/1802/1840 1060/1100/1060 
f 1060/1100/1060 1736/1802/1840 1738/1804/1842 1062/1102/1062 
f 1062/1102/1062 1738/1804/1842 1740/1806/1844 1064/1104/1064 
f 1064/1104/1064 1740/1806/1844 1742/1808/1846 1066/1106/1066 
f 1066/1106/1066 1742/1808/1846 1744/1810/1848 1068/1108/1068 
f 1068/1111/1068 1744/1811/1848 1746/1814/1850 1070/1112/1070 
f 1070/1112/1070 1746/1814/1850 1748/1816/1852 1072/1114/1072 
f 1072/1114/1072 1748/1816/1852 1750/1818/1854 1074/1116/1074 
f 1074/1116/1074 1750/1818/1854 1752/1820/1856 1076/1118/1076 
f 1076/1118/1076 1752/1820/1856 1754/1822/1858 1078/1120/1078 
f 1078/1120/1078 1754/1822/1858 1756/1824/1860 1080/1122/1080 
f 1080/1122/1080 1756/1824/1860 1758/1826/1862 1082/1124/1082 
f 1082/1124/1082 1758/1826/1862 1760/1828/1864 1084/1126/1084 
f 1084/1126/1084 1760/1828/1864 1762/1830/1866 1086/1128/1086 
f 1086/1128/1086 1762/1830/1866 1764/1832/1868 1088/1130/1088 
f 1088/1130/1088 1764/1832/1868 1766/1834/1870 1090/1132/1090 
f 1090/1132/1090 1766/1834/1870 1768/1836/1872 1092/1134/1092 
f 1092/1134/1092 1768/1836/1872 1770/1838/1874 1094/1136/1094 
f 1094/1136/1094 1770/1838/1874 1772/1840/1876 1096/1138/1096 
f 1096/1138/1096 1772/1840/1876 1774/1842/1878 1098/1140/1098 
f 1098/1140/1098 1774/1842/1878 1776/1844/1880 1100/1142/1100 
f 1100/1142/1100 1776/1844/1880 1778/1846/1882 1102/1144/1102 
f 1102/1144/1102 1778/1846/1882 1780/1848/1884 1104/1146/1104 
f 1104/1146/1104 1780/1848/1884 1782/1850/1886 1106/1148/1106 
f 1106/1148/1106 1782/1850/1886 1784/1852/1888 1108/1150/1108 
f 1108/1150/1108 1784/1852/1888 1786/1854/1890 1110/1152/1110 
f 1110/1152/1110 1786/1854/1890 1788/1856/1892 1112/1154/1112 
f 1112/1154/1112 1788/1856/1892 1790/1858/1894 1114/1156/1114 
f 1114/1156/1114 1790/1858/1894 1792/1860/1896 1116/1158/1116 
f 1116/1158/1116 1792/1860/1896 1794/1862/1898 1118/1160/1118 
f 1118/1160/1118 1794/1862/1898 1796/1864/1900 1120/1162/1120 
f 1120/1165/1120 1796/1865/1900 1798/1868/1902 1122/1166/1122 
f 1122/1166/1122 1798/1868/1902 1800/1870/1904 1124/1168/1124 
f 1124/1168/1124 1800/1870/1904 1802/1872/1906 1126/1170/1126 
f 1126/1170/1126 1802/1872/1906 1804/1874/1908 1128/1172/1128 
f 1128/1172/1128 1804/1874/1908 1806/1876/1910 1130/1174/1130 
f 1130/1174/1130 1806/1876/1910 1808/1878/1912 1132/1176/1132 
f 1132/1176/1132 1808/1878/1912 1810/1880/1914 1134/1178/1134 
f 1134/1178/1134 1810/1880/1914 1812/1882/1916 1136/1180/1136 
f 1136/1180/1136 1812/1882/1916 1814/1884/1918 1138/1182/1138 
f 1138/1182/1138 1814/1884/1918 1816/1886/1920 1140/1184/1140 
f 1140/1184/1140 1816/1886/1920 1818/1888/1922 1142/1186/1142 
f 1142/1186/1142 1818/1888/1922 1820/1890/1924 1144/1188/1144 
f 1144/1188/1144 1820/1890/1924 1717/1783/1821 1043/1083/1043 
f 1614/1676/1718 1042/1082/1042 1041/1081/1041 1615/1677/1719 
f 1615/1677/1719 1041/1081/1041 1045/1085/1045 1617/1679/1721 
f 1617/1679/1721 1045/1085/1045 1047/1087/1047 1619/1681/1723 
f 1619/1681/1723 1047/1087/1047 1049/1089/1049 1621/1683/1725 
f 1621/1683/1725 1049/1089/1049 1051/1091/1051 1623/1685/1727 
f 1623/1685/1727 1051/1091/1051 1053/1093/1053 1625/1687/1729 
f 1625/1687/1729 1053/1093/1053 1055/1095/1055 1627/1689/1731 
f 1627/1689/1731 1055/1095/1055 1057/1097/1057 1629/1691/1733 
f 1629/1691/1733 1057/1097/1057 1059/1099/1059 1631/1693/1735 
f 1631/1693/1735 1059/1099/1059 1061/1101/1061 1633/1695/1737 
f 1633/1695/1737 1061/1101/1061 1063/1103/1063 1635/1697/1739 
f 1635/1697/1739 1063/1103/1063 1065/1105/1065 1637/1699/1741 
f 1637/1699/1741 1065/1105/1065 1067/1107/1067 1639/1701/1743 
f 1639/1704/1743 1067/1110/1067 1069/1109/1069 1641/1705/1745 
f 1641/1705/1745 1069/1109/1069 1071/1113/1071 1643/1707/1747 
f 1643/1707/1747 1071/1113/1071 1073/1115/1073 1645/1709/1749 
f 1645/1709/1749 1073/1115/1073 1075/1117/1075 1647/1711/1751 
f 1647/1711/1751 1075/1117/1075 1077/1119/1077 1649/1713/1753 
f 1649/1713/1753 1077/1119/1077 1079/1121/1079 1651/1715/1755 
f 1651/1715/1755 1079/1121/1079 1081/1123/1081 1653/1717/1757 
f 1653/1717/1757 1081/1123/1081 1083/1125/1083 1655/1719/1759 
f 1655/1719/1759 1083/1125/1083 1085/1127/1085 1657/1721/1761 
f 1657/1721/1761 1085/1127/1085 1087/1129/1087 1659/1723/1763 
f 1659/1723/1763 1087/1129/1087 1089/1131/1089 1661/1725/1765 
f 1661/1725/1765 1089/1131/1089 1091/1133/1091 1663/1727/1767 
f 1663/1727/1767 1091/1133/1091 1093/1135/1093 1665/1729/1769 
f 1665/1729/1769 1093/1135/1093 1095/1137/1095 1667/1731/1771 
f 1667/1731/1771 1095/1137/1095 1097/1139/1097 1669/1733/1773 
f 1669/1733/1773 1097/1139/1097 1099/1141/1099 1671/1735/1775 
f 1671/1735/1775 1099/1141/1099 1101/1143/1101 1673/1737/1777 
f 1673/1737/1777 1101/1143/1101 1103/1145/1103 1675/1739/1779 
f 1675/1739/1779 1103/1145/1103 1105/1147/1105 1677/1741/1781 
f 1677/1741/1781 1105/1147/1105 1107/1149/1107 1679/1743/1783 
f 1679/1743/1783 1107/1149/1107 1109/1151/1109 1681/1745/1785 
f 1681/1745/1785 1109/1151/1109 1111/1153/1111 1683/1747/1787 
f 1683/1747/1787 1111/1153/1111 1113/1155/1113 1685/1749/1789 
f 1685/1749/1789 1113/1155/1113 1115/1157/1115 1687/1751/1791 
f 1687/1751/1791 1115/1157/1115 1117/1159/1117 1689/1753/1793 
f 1689/1753/1793 1117/1159/1117 1119/1161/1119 1691/1755/1795 
f 1691/1758/1795 1119/1164/1119 1121/1163/1121 1693/1759/1797 
f 1693/1759/1797 1121/1163/1121 1123/1167/1123 1695/1761/1799 
f 1695/1761/1799 1123/1167/1123 1125/1169/1125 1697/1763/1801 
f 1697/1763/1801 1125/1169/1125 1127/1171/1127 1699/1765/1803 
f 1699/1765/1803 1127/1171/1127 1129/1173/1129 1701/1767/1805 
f 1701/1767/1805 1129/1173/1129 1131/1175/1131 1703/1769/1807 
f 1703/1769/1807 1131/1175/1131 1133/1177/1133 1705/1771/1809 
f 1705/1771/1809 1133/1177/1133 1135/1179/1135 1707/1773/1811 
f 1707/1773/1811 1135/1179/1135 1137/1181/1137 1709/1775/1813 
f 1709/1775/1813 1137/1181/1137 1139/1183/1139 1711/1777/1815 
f 1711/1777/1815 1139/1183/1139 1141/1185/1141 1713/1779/1817 
f 1713/1779/1817 1141/1185/1141 1143/1187/1143 1715/1781/1819 
f 1715/1781/1819 1143/1187/1143 1042/1082/1042 1614/1676/1718 
f 1718/1784/1822 1146/1190/1146 1145/1189/1145 1719/1785/1823 
f 1719/1785/1823 1145/1189/1145 1149/1193/1149 1721/1787/1825 
f 1721/1787/1825 1149/1193/1149 1151/1195/1151 1723/1789/1827 
f 1723/1789/1827 1151/1195/1151 1153/1197/1153 1725/1791/1829 
f 1725/1791/1829 1153/1197/1153 1155/1199/1155 1727/1793/1831 
f 1727/1793/1831 1155/1199/1155 1157/1201/1157 1729/1795/1833 
f 1729/1795/1833 1157/1201/1157 1159/1203/1159 1731/1797/1835 
f 1731/1797/1835 1159/1203/1159 1161/1205/1161 1733/1799/1837 
f 1733/1799/1837 1161/1205/1161 1163/1207/1163 1735/1801/1839 
f 1735/1801/1839 1163/1207/1163 1165/1209/1165 1737/1803/1841 
f 1737/1803/1841 1165/1209/1165 1167/1211/1167 1739/1805/1843 
f 1739/1805/1843 1167/1211/1167 1169/1213/1169 1741/1807/1845 
f 1741/1807/1845 1169/1213/1169 1171/1215/1171 1743/1809/1847 
f 1743/1812/1847 1171/1218/1171 1173/1217/1173 1745/1813/1849 
f 1745/1813/1849 1173/1217/1173 1175/1221/1175 1747/1815/1851 
f 1747/1815/1851 1175/1221/1175 1177/1223/1177 1749/1817/1853 
f 1749/1817/1853 1177/1223/1177 1179/1225/1179 1751/1819/1855 
f 1751/1819/1855 1179/1225/1179 1181/1227/1181 1753/1821/1857 
f 1753/1821/1857 1181/1227/1181 1183/1229/1183 1755/1823/1859 
f 1755/1823/1859 1183/1229/1183 1185/1231/1185 1757/1825/1861 
f 1757/1825/1861 1185/1231/1185 1187/1233/1187 1759/1827/1863 
f 1759/1827/1863 1187/1233/1187 1189/1235/1189 1761/1829/1865 
f 1761/1829/1865 1189/1235/1189 1191/1237/1191 1763/1831/1867 
f 1763/1831/1867 1191/1237/1191 1193/1239/1193 1765/1833/1869 
f 1765/1833/1869 1193/1239/1193 1195/1241/1195 1767/1835/1871 
f 1767/1835/1871 1195/1241/1195 1197/1243/1197 1769/1837/1873 
f 1769/1837/1873 1197/1243/1197 1199/1245/1199 1771/1839/1875 
f 1771/1839/1875 1199/1245/1199 1201/1247/1201 1773/1841/1877 
f 1773/1841/1877 1201/1247/1201 1203/1249/1203 1775/1843/1879 
f 1775/1843/1879 1203/1249/1203 1205/1251/1205 1777/1845/1881 
f 1777/1845/1881 1205/1251/1205 1207/1253/1207 1779/1847/1883 
f 1779/1847/1883 1207/1253/1207 1209/1255/1209 1781/1849/1885 
f 1781/1849/1885 1209/1255/1209 1211/1257/1211 1783/1851/1887 
f 1783/1851/1887 1211/1257/1211 1213/1259/1213 1785/1853/1889 
f 1785/1853/1889 1213/1259/1213 1215/1261/1215 1787/1855/1891 
f 1787/1855/1891 1215/1261/1215 1217/1263/1217 1789/1857/1893 
f 1789/1857/1893 1217/1263/1217 1219/1265/1219 1791/1859/1895 
f 1791/1859/1895 1219/1265/1219 1221/1267/1221 1793/1861/1897 
f 1793/1861/1897 1221/1267/1221 1223/1269/1223 1795/1863/1899 
f 1795/1866/1899 1223/1272/1223 1225/1271/1225 1797/1867/1901 
f 1797/1867/1901 1225/1271/1225 1227/1275/1227 1799/1869/1903 
f 1799/1869/1903 1227/1275/1227 1229/1277/1229 1801/1871/1905 
f 1801/1871/1905 1229/1277/1229 1231/1279/1231 1803/1873/1907 
f 1803/1873/1907 1231/1279/1231 1233/1281/1233 1805/1875/1909 
f 1805/1875/1909 1233/1281/1233 1235/1283/1235 1807/1877/1911 
f 1807/1877/1911 1235/1283/1235 1237/1285/1237 1809/1879/1913 
f 1809/1879/1913 1237/1285/1237 1239/1287/1239 1811/1881/1915 
f 1811/1881/1915 1239/1287/1239 1241/1289/1241 1813/1883/1917 
f 1813/1883/1917 1241/1289/1241 1243/1291/1243 1815/1885/1919 
f 1815/1885/1919 1243/1291/1243 1245/1293/1245 1817/1887/1921 
f 1817/1887/1921 1245/1293/1245 1247/1295/1247 1819/1889/1923 
f 1819/1889/1923 1247/1295/1247 1146/1190/1146 1718/1784/1822 
s 1
f 938/1891/1925 937/1892/1925 1821/1893/1925 1822/1894/1925 
f 937/1892/1925 939/1895/1925 1823/1896/1925 1821/1893/1925 
f 939/1895/1925 940/1897/1925 1824/1898/1925 1823/1896/1925 
f 940/1897/1925 941/1899/1925 1825/1900/1925 1824/1898/1925 
f 941/1899/1925 942/1901/1925 1826/1902/1925 1825/1900/1925 
f 942/1901/1925 943/1903/1926 1827/1904/1926 1826/1902/1925 
f 943/1903/1926 944/1905/1925 1828/1906/1926 1827/1904/1926 
f 944/1905/1925 945/1907/1925 1829/1908/1926 1828/1906/1926 
f 945/1907/1925 946/1909/1925 1830/1910/1925 1829/1908/1926 
f 946/1909/1925 947/1911/1925 1831/1912/1925 1830/1910/1925 
f 947/1911/1925 948/1913/1925 1832/1914/1925 1831/1912/1925 
f 948/1913/1925 949/1915/1927 1833/1916/1927 1832/1914/1925 
f 949/1915/1927 950/1917/1925 1834/1918/1925 1833/1916/1927 
f 950/1917/1925 951/1919/1925 1835/1920/1925 1834/1918/1925 
f 951/1919/1925 952/1921/1927 1836/1922/1927 1835/1920/1925 
f 952/1921/1927 953/1923/1927 1837/1924/1927 1836/1922/1927 
f 953/1923/1927 954/1925/1925 1838/1926/1925 1837/1924/1927 
f 954/1925/1925 955/1927/1928 1839/1928/1928 1838/1926/1925 
f 955/1927/1928 956/1929/1927 1840/1930/1927 1839/1928/1928 
f 956/1929/1927 957/1931/1927 1841/1932/1925 1840/1930/1927 
f 957/1931/1927 958/1933/1928 1842/1934/1928 1841/1932/1925 
f 958/1933/1928 959/1935/1927 1843/1936/1925 1842/1934/1928 
f 959/1935/1927 960/1937/1927 1844/1938/1927 1843/1936/1925 
f 960/1937/1927 961/1939/1927 1845/1940/1927 1844/1938/1927 
f 961/1939/1927 962/1941/1927 1846/1942/1927 1845/1940/1927 
f 962/1941/1927 963/1943/1928 1847/1944/1928 1846/1942/1927 
f 963/1943/1928 964/1945/1928 1848/1946/1928 1847/1944/1928 
f 964/1945/1928 965/1947/1928 1849/1948/1928 1848/1946/1928 
f 965/1947/1928 966/1949/1928 1850/1950/1928 1849/1948/1928 
f 966/1949/1928 967/1951/1928 1851/1952/1928 1850/1950/1928 
f 967/1951/1928 968/1953/1928 1852/1954/1928 1851/1952/1928 
f 968/1953/1928 969/1955/1926 1853/1956/1926 1852/1954/1928 
f 969/1955/1926 970/1957/1928 1854/1958/1928 1853/1956/1926 
f 970/1957/1928 971/1959/1928 1855/1960/1927 1854/1958/1928 
f 971/1959/1928 972/1961/1928 1856/1962/1928 1855/1960/1927 
f 972/1961/1928 973/1963/1926 1857/1964/1926 1856/1962/1928 
f 973/1963/1926 974/1965/1928 1858/1966/1928 1857/1964/1926 
f 974/1965/1928 975/1967/1928 1859/1968/1926 1858/1966/1928 
f 975/1967/1928 976/1969/1926 1860/1970/1926 1859/1968/1926 
f 976/1969/1926 977/1971/1928 1861/1972/1928 1860/1970/1926 
f 977/1971/1928 978/1973/1926 1862/1974/1926 1861/1972/1928 
f 978/1973/1926 979/1975/1926 1863/1976/1926 1862/1974/1926 
f 979/1975/1926 980/1977/1928 1864/1978/1928 1863/1976/1926 
f 980/1977/1928 981/1979/1928 1865/1980/1928 1864/1978/1928 
f 981/1979/1928 982/1981/1925 1866/1982/1925 1865/1980/1928 
f 982/1981/1925 983/1983/1925 1867/1984/1925 1866/1982/1925 
f 983/1983/1925 984/1985/1926 1868/1986/1928 1867/1984/1925 
f 984/1985/1926 985/1987/1926 1869/1988/1928 1868/1986/1928 
f 985/1987/1926 986/1989/1925 1870/1990/1925 1869/1988/1928 
f 986/1989/1925 987/1991/1925 1871/1992/1925 1870/1990/1925 
f 987/1991/1925 988/1993/1925 1872/1994/1925 1871/1992/1925 
f 988/1993/1925 938/1891/1925 1822/1894/1925 1872/1994/1925 
s 2
f 1822/1995/1929 1821/1996/1930 1873/1997/1930 1874/1998/1929 
f 1821/1996/1930 1823/1999/1931 1875/2000/1931 1873/1997/1930 
f 1823/1999/1931 1824/2001/1932 1876/2002/1932 1875/2000/1931 
f 1824/2001/1932 1825/2003/1933 1877/2004/1933 1876/2002/1932 
f 1825/2003/1933 1826/2005/12 1878/2006/12 1877/2004/1933 
f 1826/2005/12 1827/2007/1934 1879/2008/1934 1878/2006/12 
f 1827/2007/1934 1828/2009/16 1880/2010/16 1879/2008/1934 
f 1828/2009/16 1829/2011/1935 1881/2012/1935 1880/2010/16 
f 1829/2011/1935 1830/2013/1936 1882/2014/1936 1881/2012/1935 
f 1830/2013/1936 1831/2015/1937 1883/2016/1937 1882/2014/1936 
f 1831/2015/1937 1832/2017/1938 1884/2018/1938 1883/2016/1937 
f 1832/2017/1938 1833/2019/1939 1885/2020/1939 1884/2018/1938 
f 1833/2019/1939 1834/2021/1940 1886/2022/28 1885/2020/1939 
f 1834/2023/1940 1835/2024/30 1887/2025/30 1886/2026/28 
f 1835/2024/30 1836/2027/32 1888/2028/32 1887/2025/30 
f 1836/2027/32 1837/2029/34 1889/2030/34 1888/2028/32 
f 1837/2029/34 1838/2031/36 1890/2032/36 1889/2030/34 
f 1838/2031/36 1839/2033/38 1891/2034/38 1890/2032/36 
f 1839/2033/38 1840/2035/40 1892/2036/40 1891/2034/38 
f 1840/2035/40 1841/2037/42 1893/2038/42 1892/2036/40 
f 1841/2037/42 1842/2039/44 1894/2040/44 1893/2038/42 
f 1842/2039/44 1843/2041/46 1895/2042/46 1894/2040/44 
f 1843/2041/46 1844/2043/48 1896/2044/48 1895/2042/46 
f 1844/2043/48 1845/2045/50 1897/2046/50 1896/2044/48 
f 1845/2045/50 1846/2047/52 1898/2048/52 1897/2046/50 
f 1846/2047/52 1847/2049/54 1899/2050/54 1898/2048/52 
f 1847/2049/54 1848/2051/56 1900/2052/56 1899/2050/54 
f 1848/2051/56 1849/2053/58 1901/2054/58 1900/2052/56 
f 1849/2053/58 1850/2055/60 1902/2056/60 1901/2054/58 
f 1850/2055/60 1851/2057/62 1903/2058/62 1902/2056/60 
f 1851/2057/62 1852/2059/64 1904/2060/64 1903/2058/62 
f 1852/2059/64 1853/2061/66 1905/2062/66 1904/2060/64 
f 1853/2061/66 1854/2063/68 1906/2064/68 1905/2062/66 
f 1854/2063/68 1855/2065/70 1907/2066/70 1906/2064/68 
f 1855/2065/70 1856/2067/72 1908/2068/72 1907/2066/70 
f 1856/2067/72 1857/2069/74 1909/2070/74 1908/2068/72 
f 1857/2069/74 1858/2071/76 1910/2072/76 1909/2070/74 
f 1858/2071/76 1859/2073/78 1911/2074/78 1910/2072/76 
f 1859/2073/78 1860/2075/1941 1912/2076/80 1911/2074/78 
f 1860/2077/1941 1861/2078/1942 1913/2079/82 1912/2080/80 
f 1861/2078/1942 1862/2081/1943 1914/2082/1943 1913/2079/82 
f 1862/2081/1943 1863/2083/1944 1915/2084/1944 1914/2082/1943 
f 1863/2083/1944 1864/2085/88 1916/2086/88 1915/2084/1944 
f 1864/2085/88 1865/2087/90 1917/2088/90 1916/2086/88 
f 1865/2087/90 1866/2089/1945 1918/2090/1945 1917/2088/90 
f 1866/2089/1945 1867/2091/1946 1919/2092/1946 1918/2090/1945 
f 1867/2091/1946 1868/2093/1947 1920/2094/1947 1919/2092/1946 
f 1868/2093/1947 1869/2095/1948 1921/2096/1948 1920/2094/1947 
f 1869/2095/1948 1870/2097/1949 1922/2098/1949 1921/2096/1948 
f 1870/2097/1949 1871/2099/1950 1923/2100/1950 1922/2098/1949 
f 1871/2099/1950 1872/2101/1951 1924/2102/1951 1923/2100/1950 
f 1872/2101/1951 1822/1995/1929 1874/1998/1929 1924/2102/1951 
s 1
f 1874/1998/1926 1873/1997/1926 1925/2103/1926 1926/2104/1926 
f 1873/1997/1926 1875/2000/1926 1927/2105/1926 1925/2103/1926 
f 1875/2000/1926 1876/2002/1926 1928/2106/1926 1927/2105/1926 
f 1876/2002/1926 1877/2004/1926 1929/2107/1926 1928/2106/1926 
f 1877/2004/1926 1878/2006/1926 1930/2108/1926 1929/2107/1926 
f 1878/2006/1926 1879/2008/1926 1931/2109/1926 1930/2108/1926 
f 1879/2008/1926 1880/2010/1926 1932/2110/1928 1931/2109/1926 
f 1880/2010/1926 1881/2012/1926 1933/2111/1926 1932/2110/1928 
f 1881/2012/1926 1882/2014/1928 1934/2112/1928 1933/2111/1926 
f 1882/2014/1928 1883/2016/1928 1935/2113/1928 1934/2112/1928 
f 1883/2016/1928 1884/2018/1928 1936/2114/1928 1935/2113/1928 
f 1884/2018/1928 1885/2020/1928 1937/2115/1928 1936/2114/1928 
f 1885/2020/1928 1886/2022/1926 1938/2116/1926 1937/2115/1928 
f 1886/2026/1926 1887/2025/1926 1939/2117/1926 1938/2118/1926 
f 1887/2025/1926 1888/2028/1928 1940/2119/1928 1939/2117/1926 
f 1888/2028/1928 1889/2030/1928 1941/2120/1928 1940/2119/1928 
f 1889/2030/1928 1890/2032/1925 1942/2121/1925 1941/2120/1928 
f 1890/2032/1925 1891/2034/1928 1943/2122/1926 1942/2121/1925 
f 1891/2034/1928 1892/2036/1926 1944/2123/1926 1943/2122/1926 
f 1892/2036/1926 1893/2038/1925 1945/2124/1926 1944/2123/1926 
f 1893/2038/1925 1894/2040/1926 1946/2125/1928 1945/2124/1926 
f 1894/2040/1926 1895/2042/1925 1947/2126/1925 1946/2125/1928 
f 1895/2042/1925 1896/2044/1926 1948/2127/1926 1947/2126/1925 
f 1896/2044/1926 1897/2046/1926 1949/2128/1926 1948/2127/1926 
f 1897/2046/1926 1898/2048/1925 1950/2129/1925 1949/2128/1926 
f 1898/2048/1925 1899/2050/1925 1951/2130/1925 1950/2129/1925 
f 1899/2050/1925 1900/2052/1925 1952/2131/1925 1951/2130/1925 
f 1900/2052/1925 1901/2054/1925 1953/2132/1925 1952/2131/1925 
f 1901/2054/1925 1902/2056/1925 1954/2133/1925 1953/2132/1925 
f 1902/2056/1925 1903/2058/1925 1955/2134/1925 1954/2133/1925 
f 1903/2058/1925 1904/2060/1925 1956/2135/1925 1955/2134/1925 
f 1904/2060/1925 1905/2062/1926 1957/2136/1926 1956/2135/1925 
f 1905/2062/1926 1906/2064/1925 1958/2137/1925 1957/2136/1926 
f 1906/2064/1925 1907/2066/1927 1959/2138/1927 1958/2137/1925 
f 1907/2066/1927 1908/2068/1925 1960/2139/1925 1959/2138/1927 
f 1908/2068/1925 1909/2070/1925 1961/2140/1925 1960/2139/1925 
f 1909/2070/1925 1910/2072/1925 1962/2141/1925 1961/2140/1925 
f 1910/2072/1925 1911/2074/1925 1963/2142/1925 1962/2141/1925 
f 1911/2074/1925 1912/2076/1925 1964/2143/1925 1963/2142/1925 
f 1912/2080/1925 1913/2079/1927 1965/2144/1927 1964/2145/1925 
f 1913/2079/1927 1914/2082/1927 1966/2146/1927 1965/2144/1927 
f 1914/2082/1927 1915/2084/1925 1967/2147/1925 1966/2146/1927 
f 1915/2084/1925 1916/2086/1927 1968/2148/1928 1967/2147/1925 
f 1916/2086/1927 1917/2088/1927 1969/2149/1928 1968/2148/1928 
f 1917/2088/1927 1918/2090/1925 1970/2150/1925 1969/2149/1928 
f 1918/2090/1925 1919/2092/1925 1971/2151/1925 1970/2150/1925 
f 1919/2092/1925 1920/2094/1928 1972/2152/1928 1971/2151/1925 
f 1920/2094/1928 1921/2096/1928 1973/2153/1927 1972/2152/1928 
f 1921/2096/1928 1922/2098/1927 1974/2154/1927 1973/2153/1927 
f 1922/2098/1927 1923/2100/1927 1975/2155/1927 1974/2154/1927 
f 1923/2100/1927 1924/2102/1925 1976/2156/1927 1975/2155/1927 
f 1924/2102/1925 1874/1998/1926 1926/2104/1926 1976/2156/1927 
s 2
f 1926/2104/1929 1925/2103/1930 1977/2157/1930 1978/2158/1929 
f 1925/2103/1930 1927/2105/1931 1979/2159/1931 1977/2157/1930 
f 1927/2105/1931 1928/2106/1932 1980/2160/1932 1979/2159/1931 
f 1928/2106/1932 1929/2107/1933 1981/2161/1933 1980/2160/1932 
f 1929/2107/1933 1930/2108/12 1982/2162/12 1981/2161/1933 
f 1930/2108/12 1931/2109/1934 1983/2163/1934 1982/2162/12 
f 1931/2109/1934 1932/2110/16 1984/2164/16 1983/2163/1934 
f 1932/2110/16 1933/2111/1935 1985/2165/1935 1984/2164/16 
f 1933/2111/1935 1934/2112/1936 1986/2166/1936 1985/2165/1935 
f 1934/2112/1936 1935/2113/1937 1987/2167/1937 1986/2166/1936 
f 1935/2113/1937 1936/2114/1938 1988/2168/1938 1987/2167/1937 
f 1936/2114/1938 1937/2115/1939 1989/2169/1939 1988/2168/1938 
f 1937/2115/1939 1938/2116/1940 1990/2170/28 1989/2169/1939 
f 1938/2118/1940 1939/2117/30 1991/2171/30 1990/2172/28 
f 1939/2117/30 1940/2119/32 1992/2173/32 1991/2171/30 
f 1940/2119/32 1941/2120/34 1993/2174/34 1992/2173/32 
f 1941/2120/34 1942/2121/36 1994/2175/36 1993/2174/34 
f 1942/2121/36 1943/2122/38 1995/2176/38 1994/2175/36 
f 1943/2122/38 1944/2123/40 1996/2177/40 1995/2176/38 
f 1944/2123/40 1945/2124/42 1997/2178/42 1996/2177/40 
f 1945/2124/42 1946/2125/44 1998/2179/44 1997/2178/42 
f 1946/2125/44 1947/2126/46 1999/2180/46 1998/2179/44 
f 1947/2126/46 1948/2127/48 2000/2181/48 1999/2180/46 
f 1948/2127/48 1949/2128/50 2001/2182/50 2000/2181/48 
f 1949/2128/50 1950/2129/52 2002/2183/52 2001/2182/50 
f 1950/2129/52 1951/2130/54 2003/2184/54 2002/2183/52 
f 1951/2130/54 1952/2131/56 2004/2185/56 2003/2184/54 
f 1952/2131/56 1953/2132/58 2005/2186/58 2004/2185/56 
f 1953/2132/58 1954/2133/60 2006/2187/60 2005/2186/58 
f 1954/2133/60 1955/2134/62 2007/2188/62 2006/2187/60 
f 1955/2134/62 1956/2135/64 2008/2189/64 2007/2188/62 
f 1956/2135/64 1957/2136/66 2009/2190/66 2008/2189/64 
f 1957/2136/66 1958/2137/68 2010/2191/68 2009/2190/66 
f 1958/2137/68 1959/2138/70 2011/2192/70 2010/2191/68 
f 1959/2138/70 1960/2139/72 2012/2193/72 2011/2192/70 
f 1960/2139/72 1961/2140/74 2013/2194/74 2012/2193/72 
f 1961/2140/74 1962/2141/76 2014/2195/76 2013/2194/74 
f 1962/2141/76 1963/2142/78 2015/2196/78 2014/2195/76 
f 1963/2142/78 1964/2143/1941 2016/2197/1941 2015/2196/78 
f 1964/2145/1941 1965/2144/1942 2017/2198/1942 2016/2199/1941 
f 1965/2144/1942 1966/2146/1943 2018/2200/1943 2017/2198/1942 
f 1966/2146/1943 1967/2147/1944 2019/2201/1944 2018/2200/1943 
f 1967/2147/1944 1968/2148/88 2020/2202/88 2019/2201/1944 
f 1968/2148/88 1969/2149/90 2021/2203/90 2020/2202/88 
f 1969/2149/90 1970/2150/1945 2022/2204/1945 2021/2203/90 
f 1970/2150/1945 1971/2151/1946 2023/2205/1946 2022/2204/1945 
f 1971/2151/1946 1972/2152/1947 2024/2206/1947 2023/2205/1946 
f 1972/2152/1947 1973/2153/1948 2025/2207/1948 2024/2206/1947 
f 1973/2153/1948 1974/2154/1949 2026/2208/1949 2025/2207/1948 
f 1974/2154/1949 1975/2155/1950 2027/2209/1950 2026/2208/1949 
f 1975/2155/1950 1976/2156/1951 2028/2210/1951 2027/2209/1950 
f 1976/2156/1951 1926/2104/1929 1978/2158/1929 2028/2210/1951 
s 1
f 1981/2211/1926 1982/2212/1926 1998/2213/1926 1999/2214/1925 
f 1982/2212/1926 1983/2215/1925 1997/2216/1926 1998/2213/1926 
f 1984/2217/1925 1985/2218/1926 1995/2219/1928 1996/2220/1927 
f 1988/2221/1926 1989/2222/1952 1991/2223/1925 1992/2224/1928 
f 1992/2224/1928 1993/2225/1928 1987/2226/1925 1988/2221/1926 
f 1993/2225/1928 1994/2227/1927 1986/2228/1926 1987/2226/1925 
f 1995/2219/1928 1985/2218/1926 1986/2228/1926 1994/2227/1927 
f 1997/2216/1926 1983/2215/1925 1984/2217/1925 1996/2220/1927 
f 1999/2214/1925 2000/2229/1926 1980/2230/1925 1981/2211/1926 
f 2000/2229/1926 2001/2231/1925 1979/2232/1926 1980/2230/1925 
f 2001/2231/1925 2002/2233/1925 1977/2234/1925 1979/2232/1926 
f 2003/2235/1925 1978/2236/1925 1977/2234/1925 2002/2233/1925 
f 2004/2237/1925 2005/2238/1925 2027/2239/1926 2028/2240/1926 
f 2005/2238/1925 2006/2241/1925 2026/2242/1925 2027/2239/1926 
f 2006/2241/1925 2007/2243/1926 2025/2244/1925 2026/2242/1925 
f 2008/2245/1926 2024/2246/1926 2025/2244/1925 2007/2243/1926 
f 2009/2247/1926 2010/2248/1928 2022/2249/1925 2023/2250/1925 
f 2010/2248/1928 2011/2251/1925 2021/2252/1928 2022/2249/1925 
f 2011/2251/1925 2012/2253/1925 2020/2254/1926 2021/2252/1928 
f 2013/2255/1926 2019/2256/1926 2020/2254/1926 2012/2253/1925 
f 2014/2257/1928 2015/2258/1952 2017/2259/1953 2018/2260/1925 
f 2018/2260/1925 2019/2256/1926 2013/2255/1926 2014/2257/1928 
f 2023/2250/1925 2024/2246/1926 2008/2245/1926 2009/2247/1926 
f 2028/2240/1926 1978/2236/1925 2003/2235/1925 2004/2237/1925 
f 1990/2261/1952 1991/2223/1925 1989/2222/1952 
f 2016/2262/1954 2017/2259/1953 2015/2258/1952 
s 2
f 2029/2263/1955 2030/2264/1955 2031/2265/1956 2032/2266/1956 
f 2033/2267/1957 2030/2264/1955 2029/2263/1955 2034/2268/1957 
f 2035/2269/1958 2036/2270/1958 2037/2271/1959 2038/2272/1959 
f 2032/2266/1956 2031/2265/1956 2036/2270/1958 2035/2269/1958 
f 2039/2273/1960 2040/2274/1960 2041/2275/1961 2042/2276/1961 
f 2043/2277/1962 2040/2274/1960 2039/2273/1960 2044/2278/1962 
f 2045/2279/1963 2046/2280/1963 2033/2267/1957 2034/2268/1957 
f 2042/2276/1961 2041/2275/1961 2046/2280/1963 2045/2279/1963 
f 2047/2281/1964 2048/2282/1964 2049/2283/1965 2050/2284/1965 
f 2051/2285/1966 2048/2282/1964 2047/2281/1964 2052/2286/1966 
f 2053/2287/1967 2054/2288/1967 2043/2277/1962 2044/2278/1962 
f 2050/2284/1965 2049/2283/1965 2054/2288/1967 2053/2287/1967 
f 2055/2289/1968 2056/2290/1968 2057/2291/1969 2058/2292/1969 
f 2059/2293/1970 2056/2290/1968 2055/2289/1968 2060/2294/1970 
f 2061/2295/1971 2062/2296/1971 2051/2285/1966 2052/2286/1966 
f 2058/2292/1969 2057/2291/1969 2062/2296/1971 2061/2295/1971 
f 2063/2297/1972 2064/2298/1972 2065/2299/1973 2066/2300/1973 
f 2067/2301/1974 2064/2298/1972 2063/2297/1972 2068/2302/1974 
f 2069/2303/1975 2070/2304/1975 2059/2293/1970 2060/2294/1970 
f 2066/2300/1973 2065/2299/1973 2070/2304/1975 2069/2303/1975 
f 2071/2305/1976 2072/2306/1976 2073/2307/1977 2074/2308/1977 
f 2075/2309/1978 2072/2306/1976 2071/2305/1976 2076/2310/1978 
f 2077/2311/1979 2078/2312/1979 2067/2301/1974 2068/2302/1974 
f 2074/2308/1977 2073/2307/1977 2078/2312/1979 2077/2311/1979 
f 2079/2313/1980 2080/2314/1980 2081/2315/1940 2082/2316/1940 
f 2083/2317/1981 2080/2314/1980 2079/2313/1980 2084/2318/1981 
f 2085/2319/1982 2086/2320/1982 2075/2309/1978 2076/2310/1978 
f 2082/2316/1940 2081/2315/1940 2086/2320/1982 2085/2319/1982 
f 2087/2321/1983 2088/2322/1983 2089/2323/1984 2090/2324/1984 
f 2091/2325/1985 2088/2322/1983 2087/2321/1983 2092/2326/1985 
f 2093/2327/1986 2094/2328/1986 2083/2317/1981 2084/2318/1981 
f 2090/2324/1984 2089/2323/1984 2094/2328/1986 2093/2327/1986 
f 2095/2329/1987 2096/2330/1987 2097/2331/1988 2098/2332/1988 
f 2099/2333/1989 2096/2330/1987 2095/2329/1987 2100/2334/1989 
f 2101/2335/1990 2102/2336/1990 2091/2325/1985 2092/2326/1985 
f 2098/2332/1988 2097/2331/1988 2102/2336/1990 2101/2335/1990 
f 2103/2337/1991 2104/2338/1991 2105/2339/1992 2106/2340/1992 
f 2107/2341/1993 2104/2338/1991 2103/2337/1991 2108/2342/1993 
f 2109/2343/1994 2110/2344/1994 2099/2333/1989 2100/2334/1989 
f 2106/2340/1992 2105/2339/1992 2110/2344/1994 2109/2343/1994 
f 2111/2345/1995 2112/2346/1995 2113/2347/1996 2114/2348/1996 
f 2115/2349/1997 2112/2346/1995 2111/2345/1995 2116/2350/1997 
f 2117/2351/1998 2118/2352/1998 2107/2341/1993 2108/2342/1993 
f 2114/2348/1996 2113/2347/1996 2118/2352/1998 2117/2351/1998 
f 2119/2353/1999 2120/2354/1999 2121/2355/2000 2122/2356/2000 
f 2123/2357/2001 2120/2354/1999 2119/2353/1999 2124/2358/2001 
f 2125/2359/2002 2126/2360/2002 2115/2349/1997 2116/2350/1997 
f 2122/2356/2000 2121/2355/2000 2126/2360/2002 2125/2359/2002 
f 2127/2361/2003 2128/2362/2003 2129/2363/2004 2130/2364/2004 
f 2131/2365/2005 2128/2362/2003 2127/2361/2003 2132/2366/2005 
f 2133/2367/2006 2134/2368/2006 2123/2357/2001 2124/2358/2001 
f 2130/2364/2004 2129/2363/2004 2134/2368/2006 2133/2367/2006 
f 2037/2271/1959 2135/2369/1926 2136/2370/1926 2038/2272/1959 
f 2137/2371/2007 2138/2372/2007 2131/2365/2005 2132/2366/2005 
s 1
f 2038/2373/2008 2136/2374/1929 2137/2375/2008 2132/2376/2008 
f 2029/2377/2008 2032/2378/2008 2130/2379/2008 2133/2380/2008 
f 2034/2381/1929 2029/2377/2008 2133/2380/2008 2124/2382/1929 
f 2035/2383/2008 2038/2373/2008 2132/2376/2008 2127/2384/2008 
f 2032/2378/2008 2035/2383/2008 2127/2384/2008 2130/2379/2008 
f 2039/2385/1929 2042/2386/1929 2122/2387/1929 2125/2388/1929 
f 2044/2389/1929 2039/2385/1929 2125/2388/1929 2116/2390/1929 
f 2045/2391/1929 2034/2381/1929 2124/2382/1929 2119/2392/1929 
f 2042/2386/1929 2045/2391/1929 2119/2392/1929 2122/2387/1929 
f 2047/2393/1929 2050/2394/1929 2114/2395/1929 2117/2396/1929 
f 2052/2397/1929 2047/2393/1929 2117/2396/1929 2108/2398/1929 
f 2053/2399/1929 2044/2389/1929 2116/2390/1929 2111/2400/1929 
f 2050/2394/1929 2053/2399/1929 2111/2400/1929 2114/2395/1929 
f 2055/2401/1929 2058/2402/1929 2106/2403/1929 2109/2404/1929 
f 2060/2405/1929 2055/2401/1929 2109/2404/1929 2100/2406/1929 
f 2061/2407/1929 2052/2397/1929 2108/2398/1929 2103/2408/1929 
f 2058/2402/1929 2061/2407/1929 2103/2408/1929 2106/2403/1929 
f 2063/2409/1929 2066/2410/1929 2098/2411/1929 2101/2412/1929 
f 2068/2413/1929 2063/2409/1929 2101/2412/1929 2092/2414/1929 
f 2069/2415/1929 2060/2405/1929 2100/2406/1929 2095/2416/1929 
f 2066/2410/1929 2069/2415/1929 2095/2416/1929 2098/2411/1929 
f 2071/2417/1929 2074/2418/1929 2090/2419/1929 2093/2420/1929 
f 2076/2421/1929 2071/2417/1929 2093/2420/1929 2084/2422/1929 
f 2077/2423/1929 2068/2413/1929 2092/2414/1929 2087/2424/1929 
f 2074/2418/1929 2077/2423/1929 2087/2424/1929 2090/2419/1929 
f 2076/2421/1929 2084/2422/1929 2079/2425/1929 2085/2426/1929 
f 2082/2427/1929 2085/2426/1929 2079/2425/1929 
f 2037/2428/54 2131/2429/54 2138/2430/54 2135/2431/2009 
f 2030/2432/54 2134/2433/54 2129/2434/54 2031/2435/54 
f 2033/2436/2009 2123/2437/2009 2134/2433/54 2030/2432/54 
f 2036/2438/54 2128/2439/54 2131/2429/54 2037/2428/54 
f 2031/2435/54 2129/2434/54 2128/2439/54 2036/2438/54 
f 2040/2440/2009 2126/2441/2009 2121/2442/2009 2041/2443/2009 
f 2043/2444/2009 2115/2445/2009 2126/2441/2009 2040/2440/2009 
f 2046/2446/2009 2120/2447/2009 2123/2437/2009 2033/2436/2009 
f 2041/2443/2009 2121/2442/2009 2120/2447/2009 2046/2446/2009 
f 2048/2448/2009 2118/2449/2009 2113/2450/2009 2049/2451/2009 
f 2051/2452/2009 2107/2453/2009 2118/2449/2009 2048/2448/2009 
f 2054/2454/2009 2112/2455/2009 2115/2445/2009 2043/2444/2009 
f 2049/2451/2009 2113/2450/2009 2112/2455/2009 2054/2454/2009 
f 2056/2456/2009 2110/2457/2009 2105/2458/2009 2057/2459/2009 
f 2059/2460/2009 2099/2461/2009 2110/2457/2009 2056/2456/2009 
f 2062/2462/2009 2104/2463/2009 2107/2453/2009 2051/2452/2009 
f 2057/2459/2009 2105/2458/2009 2104/2463/2009 2062/2462/2009 
f 2064/2464/2009 2102/2465/2009 2097/2466/2009 2065/2467/2009 
f 2067/2468/2009 2091/2469/2009 2102/2465/2009 2064/2464/2009 
f 2070/2470/2009 2096/2471/2009 2099/2461/2009 2059/2460/2009 
f 2065/2467/2009 2097/2466/2009 2096/2471/2009 2070/2470/2009 
f 2072/2472/2009 2094/2473/2009 2089/2474/2009 2073/2475/2009 
f 2075/2476/2009 2083/2477/2009 2094/2473/2009 2072/2472/2009 
f 2078/2478/2009 2088/2479/2009 2091/2469/2009 2067/2468/2009 
f 2073/2475/2009 2089/2474/2009 2088/2479/2009 2078/2478/2009 
f 2080/2480/2009 2083/2477/2009 2075/2476/2009 2086/2481/2009 
f 2081/2482/2009 2080/2480/2009 2086/2481/2009 
s 2
f 2139/2483/2010 2140/2484/2011 2141/2485/2011 2142/2486/2010 
s 1
f 2143/2487/2012 2144/2488/2012 2140/2489/2012 2139/2490/2012 
f 2145/2491/1940 2146/2492/1940 2147/2493/1940 2148/2494/1940 
f 2149/2495/1940 2145/2491/1940 2148/2494/1940 2150/2496/1940 
f 2151/2497/1940 2149/2495/1940 2150/2496/1940 2152/2498/1940 
f 2153/2499/1940 2154/2500/1940 2155/2501/1940 2156/2502/1940 
f 2157/2503/1940 2158/2504/1940 2159/2505/1940 2160/2506/1940 
f 2155/2501/1940 2154/2500/1940 2151/2497/1940 2152/2498/1940 
f 2156/2502/1940 2161/2507/1940 2162/2508/1940 2153/2499/1940 
f 2161/2507/1940 2163/2509/1940 2164/2510/1940 2162/2508/1940 
f 2163/2509/1940 2165/2511/1940 2166/2512/1940 2164/2510/1940 
f 2159/2505/1940 2158/2504/1940 2166/2512/1940 2165/2511/1940 
f 2160/2506/1940 2143/2487/2012 2139/2490/2012 2157/2503/1940 
s 2
f 2145/2513/2013 2167/2514/2013 2168/2515/2014 2146/2516/2014 
f 2149/2517/2015 2169/2518/2015 2167/2514/2013 2145/2513/2013 
f 2151/2519/2016 2170/2520/2016 2169/2518/2015 2149/2517/2015 
f 2154/2521/2017 2171/2522/2017 2170/2520/2016 2151/2519/2016 
f 2153/2523/2018 2172/2524/2018 2171/2522/2017 2154/2521/2017 
f 2162/2525/2019 2173/2526/2019 2172/2524/2018 2153/2523/2018 
f 2164/2527/2020 2174/2528/2020 2173/2526/2019 2162/2525/2019 
f 2166/2529/2021 2175/2530/2021 2174/2528/2020 2164/2527/2020 
f 2158/2531/2022 2176/2532/2022 2175/2530/2021 2166/2529/2021 
f 2157/2533/2023 2177/2534/2023 2176/2532/2022 2158/2531/2022 
f 2139/2483/2010 2142/2486/2010 2177/2534/2023 2157/2533/2023 
f 2178/2535/2024 2179/2536/2025 2144/2537/2025 2143/2538/2024 
f 2180/2539/2026 2181/2540/2027 2148/2541/2027 2147/2542/2026 
f 2181/2540/2027 2182/2543/2028 2150/2544/2028 2148/2541/2027 
f 2182/2543/2028 2183/2545/2029 2152/2546/2029 2150/2544/2028 
f 2183/2545/2029 2184/2547/2030 2155/2548/2030 2152/2546/2029 
f 2184/2547/2030 2185/2549/2031 2156/2550/2031 2155/2548/2030 
f 2185/2549/2031 2186/2551/2032 2161/2552/2032 2156/2550/2031 
f 2186/2551/2032 2187/2553/2033 2163/2554/2033 2161/2552/2032 
f 2187/2553/2033 2188/2555/2034 2165/2556/2034 2163/2554/2033 
f 2188/2555/2034 2189/2557/2035 2159/2558/2035 2165/2556/2034 
f 2189/2557/2035 2190/2559/2036 2160/2560/2036 2159/2558/2035 
f 2190/2559/2036 2178/2535/2024 2143/2538/2024 2160/2560/2036 
f 2147/2542/2026 2146/2516/2014 2168/2515/2014 2180/2539/2026 
s 1
f 2178/2561/2037 2142/2562/2037 2141/2563/2037 2179/2564/2037 
f 2167/2565/2038 2181/2566/2038 2180/2567/2038 2168/2568/2038 
f 2169/2569/2038 2182/2570/2038 2181/2566/2038 2167/2565/2038 
f 2170/2571/2038 2183/2572/2038 2182/2570/2038 2169/2569/2038 
f 2172/2573/2038 2185/2574/2038 2184/2575/2038 2171/2576/2038 
f 2177/2577/2038 2190/2578/2038 2189/2579/2038 2176/2580/2038 
f 2184/2575/2038 2183/2572/2038 2170/2571/2038 2171/2576/2038 
f 2185/2574/2038 2172/2573/2038 2173/2581/2038 2186/2582/2038 
f 2186/2582/2038 2173/2581/2038 2174/2583/2038 2187/2584/2038 
f 2187/2584/2038 2174/2583/2038 2175/2585/2038 2188/2586/2038 
f 2189/2579/2038 2188/2586/2038 2175/2585/2038 2176/2580/2038 
f 2190/2578/2038 2177/2577/2038 2142/2562/2037 2178/2561/2037 
s 2
f 2191/2587/2039 2192/2588/2039 2193/2589/2040 2194/2590/2040 
f 2194/2590/2040 2193/2589/2040 2195/2591/2041 2196/2592/2041 
f 2196/2592/2041 2195/2591/2041 2197/2593/2042 2198/2594/2042 
f 2198/2594/2042 2197/2593/2042 2199/2595/2043 2200/2596/2043 
f 2200/2596/2043 2199/2595/2043 2201/2597/2044 2202/2598/2044 
f 2202/2598/2044 2201/2597/2044 2203/2599/2045 2204/2600/2045 
f 2204/2600/2045 2203/2599/2045 2205/2601/2046 2206/2602/2046 
f 2206/2602/2046 2205/2601/2046 2207/2603/2047 2208/2604/2047 
f 2208/2604/2047 2207/2603/2047 2209/2605/2048 2210/2606/2048 
f 2210/2606/2048 2209/2605/2048 2211/2607/2049 2212/2608/2049 
f 2212/2608/2049 2211/2607/2049 2213/2609/2050 2214/2610/2050 
f 2214/2610/2050 2213/2609/2050 2215/2611/2051 2216/2612/2051 
f 2216/2612/2051 2215/2611/2051 2217/2613/2052 2218/2614/2052 
f 2218/2614/2052 2217/2613/2052 2219/2615/2053 2220/2616/2053 
f 2220/2616/2053 2219/2615/2053 2221/2617/2054 2222/2618/2054 
f 2222/2618/2054 2221/2617/2054 2223/2619/2055 2224/2620/2055 
f 2224/2620/2055 2223/2619/2055 2225/2621/2056 2226/2622/2056 
f 2226/2622/2056 2225/2621/2056 2227/2623/2057 2228/2624/2057 
f 2228/2624/2057 2227/2623/2057 2229/2625/2058 2230/2626/2058 
f 2230/2626/2058 2229/2625/2058 2231/2627/2059 2232/2628/2059 
f 2232/2628/2059 2231/2627/2059 2233/2629/2060 2234/2630/2060 
f 2234/2630/2060 2233/2629/2060 2235/2631/2061 2236/2632/2061 
f 2236/2632/2061 2235/2631/2061 2237/2633/2062 2238/2634/2062 
f 2238/2634/2062 2237/2633/2062 2239/2635/2063 2240/2636/2063 
f 2241/2637/2064 2242/2638/2064 2243/2639/2065 2244/2640/2065 
f 2244/2640/2065 2243/2639/2065 2245/2641/2066 2246/2642/2066 
f 2246/2642/2066 2245/2641/2066 2247/2643/2067 2248/2644/2067 
f 2248/2644/2067 2247/2643/2067 2249/2645/2068 2250/2646/2068 
f 2250/2646/2068 2249/2645/2068 2251/2647/2069 2252/2648/2069 
f 2253/2649/2070 2254/2650/2070 2255/2651/2071 2256/2652/2071 
f 2252/2648/2069 2251/2647/2069 2257/2653/2072 2258/2654/2072 
f 2259/2655/2073 2260/2656/2073 2261/2657/2074 2262/2658/2074 
f 2262/2658/2074 2261/2657/2074 2263/2659/4 2264/2660/4 
f 2264/2660/4 2263/2659/4 2265/2661/2075 2266/2662/2075 
f 2267/2663/2076 2268/2664/2076 2269/2665/2077 2270/2666/2077 
f 2270/2666/2077 2269/2665/2077 2271/2667/2078 2272/2668/2078 
f 2272/2668/2078 2271/2667/2078 2273/2669/2079 2274/2670/2079 
f 2274/2670/2079 2273/2669/2079 2275/2671/2080 2276/2672/2080 
f 2277/2673/2081 2278/2674/2081 2279/2675/2082 2280/2676/2082 
f 2280/2676/2082 2279/2675/2082 2281/2677/2083 2282/2678/2083 
f 2240/2679/2063 2239/2680/2063 2254/2681/2070 2253/2682/2070 
s 1
f 2283/2683/1940 2191/2684/1940 2282/2685/1940 2284/2686/1940 
f 2191/2684/1940 2194/2687/1940 2280/2688/1940 2282/2685/1940 
f 2194/2687/1940 2196/2689/1940 2277/2690/1940 2280/2688/1940 
f 2196/2689/1940 2198/2691/1940 2285/2692/1940 2277/2690/1940 
f 2198/2691/1940 2200/2693/1940 2286/2694/1940 2285/2692/1940 
f 2200/2693/1940 2202/2695/1940 2276/2696/1940 2286/2694/1940 
f 2202/2695/1940 2204/2697/1940 2274/2698/1940 2276/2696/1940 
f 2204/2697/1940 2206/2699/1940 2272/2700/2012 2274/2698/1940 
f 2206/2699/1940 2208/2701/1940 2270/2702/2012 2272/2700/2012 
f 2208/2701/1940 2210/2703/1940 2267/2704/2012 2270/2702/2012 
f 2210/2703/1940 2212/2705/1940 2266/2706/2012 2267/2704/2012 
f 2212/2705/1940 2214/2707/1940 2264/2708/1940 2266/2706/2012 
f 2214/2707/1940 2216/2709/2012 2262/2710/1940 2264/2708/1940 
f 2216/2709/2012 2218/2711/2012 2259/2712/1940 2262/2710/1940 
f 2218/2711/2012 2220/2713/2012 2258/2714/1940 2259/2712/1940 
f 2220/2713/2012 2222/2715/2012 2252/2716/1940 2258/2714/1940 
f 2222/2715/2012 2224/2717/2012 2250/2718/2012 2252/2716/1940 
f 2226/2719/2012 2248/2720/2012 2250/2718/2012 2224/2717/2012 
f 2238/2721/1940 2256/2722/1940 2287/2723/1940 2236/2724/1940 
f 2288/2725/1940 2283/2683/1940 2284/2686/1940 2289/2726/1940 
f 2287/2723/1940 2290/2727/1940 2234/2728/1940 2236/2724/1940 
f 2290/2727/1940 2241/2729/1940 2232/2730/1940 2234/2728/1940 
f 2241/2729/1940 2244/2731/1940 2230/2732/1940 2232/2730/1940 
f 2244/2731/1940 2246/2733/1940 2228/2734/1940 2230/2732/1940 
f 2246/2733/1940 2248/2720/2012 2226/2719/2012 2228/2734/1940 
f 2253/2682/1940 2256/2722/1940 2238/2721/1940 2240/2679/1940 
s 2
f 2291/2735/2084 2287/2736/2084 2256/2652/2071 2255/2651/2071 
f 2292/2737/2085 2290/2738/2085 2287/2736/2084 2291/2735/2084 
f 2242/2638/2064 2241/2637/2064 2290/2738/2085 2292/2737/2085 
f 2260/2656/2073 2259/2655/2073 2258/2654/2072 2257/2653/2072 
f 2268/2664/2076 2267/2663/2076 2266/2662/2075 2265/2661/2075 
f 2293/2739/2086 2286/2740/2086 2276/2672/2080 2275/2671/2080 
f 2294/2741/2087 2285/2742/2087 2286/2740/2086 2293/2739/2086 
f 2278/2674/2081 2277/2673/2081 2285/2742/2087 2294/2741/2087 
s 1
f 2295/2743/2038 2296/2744/2038 2281/2745/2038 2192/2746/2038 
f 2192/2746/2038 2281/2745/2038 2279/2747/2038 2193/2748/2038 
f 2193/2748/2038 2279/2747/2038 2278/2749/2038 2195/2750/2038 
f 2195/2750/2038 2278/2749/2038 2294/2751/2038 2197/2752/2038 
f 2197/2752/2038 2294/2751/2038 2293/2753/2038 2199/2754/2038 
f 2199/2754/2038 2293/2753/2038 2275/2755/2038 2201/2756/2038 
f 2201/2756/2038 2275/2755/2038 2273/2757/2038 2203/2758/2038 
f 2203/2758/2038 2273/2757/2038 2271/2759/2037 2205/2760/2038 
f 2205/2760/2038 2271/2759/2037 2269/2761/2037 2207/2762/2038 
f 2207/2762/2038 2269/2761/2037 2268/2763/2037 2209/2764/2038 
f 2209/2764/2038 2268/2763/2037 2265/2765/2037 2211/2766/2038 
f 2211/2766/2038 2265/2765/2037 2263/2767/2038 2213/2768/2038 
f 2213/2768/2038 2263/2767/2038 2261/2769/2038 2215/2770/2037 
f 2215/2770/2037 2261/2769/2038 2260/2771/2038 2217/2772/2037 
f 2217/2772/2037 2260/2771/2038 2257/2773/2038 2219/2774/2037 
f 2219/2774/2037 2257/2773/2038 2251/2775/2038 2221/2776/2037 
f 2221/2776/2037 2251/2775/2038 2249/2777/2037 2223/2778/2037 
f 2225/2779/2037 2223/2778/2037 2249/2777/2037 2247/2780/2037 
f 2237/2781/2038 2235/2782/2038 2291/2783/2038 2255/2784/2038 
f 2291/2783/2038 2235/2782/2038 2233/2785/2038 2292/2786/2038 
f 2292/2786/2038 2233/2785/2038 2231/2787/2038 2242/2788/2038 
f 2242/2788/2038 2231/2787/2038 2229/2789/2038 2243/2790/2038 
f 2243/2790/2038 2229/2789/2038 2227/2791/2038 2245/2792/2038 
f 2245/2792/2038 2227/2791/2038 2225/2779/2037 2247/2780/2037 
f 2254/2681/2038 2239/2680/2038 2237/2781/2038 2255/2784/2038 
f 2295/2743/2038 2297/2793/2038 2298/2794/2038 2296/2744/2038 
s 2
f 2191/2587/2039 2283/2795/2088 2295/2796/2088 2192/2588/2039 
f 2283/2795/2088 2288/2797/2089 2297/2798/2089 2295/2796/2088 
f 2284/2799/2090 2282/2678/2083 2281/2677/2083 2296/2800/2090 
f 2289/2801/2091 2284/2799/2090 2296/2800/2090 2298/2802/2091 
f 2288/2725/2089 2289/2726/2091 2298/2803/2091 2297/2804/2089 
s 1
f 2299/2805/1929 2300/2806/2076 2301/2807/2076 2302/2808/1929 
f 2300/2806/2076 2303/2809/2078 2304/2810/2078 2301/2807/2076 
f 2303/2809/2078 2305/2811/2080 2306/2812/2080 2304/2810/2078 
f 2305/2811/2080 2307/2813/2092 2308/2814/2087 2306/2812/2080 
f 2307/2813/2092 2309/2815/2093 2310/2816/2093 2308/2814/2087 
f 2309/2815/2093 2311/2817/2090 2312/2818/2094 2310/2816/2093 
f 2311/2817/2090 2313/2819/2095 2314/2820/2088 2312/2818/2094 
f 2313/2819/2095 2315/2821/2096 2316/2822/2096 2314/2820/2088 
f 2315/2821/2096 2317/2823/2042 2318/2824/2097 2316/2822/2096 
f 2317/2823/2042 2319/2825/2044 2320/2826/2044 2318/2824/2097 
f 2319/2825/2044 2321/2827/2046 2322/2828/2046 2320/2826/2044 
f 2321/2827/2046 2323/2829/2048 2324/2830/2048 2322/2828/2046 
f 2323/2829/2048 2325/2831/2009 2326/2832/2009 2324/2830/2048 
f 2327/2833/2098 2328/2834/2009 2329/2835/2050 2330/2836/2048 
f 2331/2837/2046 2327/2833/2098 2330/2836/2048 2332/2838/2046 
f 2333/2839/2044 2331/2837/2046 2332/2838/2046 2334/2840/2044 
f 2335/2841/2042 2333/2839/2044 2334/2840/2044 2336/2842/2042 
f 2337/2843/2040 2335/2841/2042 2336/2842/2042 2338/2844/2096 
f 2339/2845/2095 2337/2843/2040 2338/2844/2096 2340/2846/2095 
f 2341/2847/2094 2339/2845/2095 2340/2846/2095 2342/2848/2094 
f 2343/2849/2093 2341/2847/2094 2342/2848/2094 2344/2850/2093 
f 2345/2851/2092 2343/2849/2093 2344/2850/2093 2346/2852/2092 
f 2347/2853/2099 2345/2851/2092 2346/2852/2092 2348/2854/2099 
f 2349/2855/2100 2347/2853/2099 2348/2854/2099 2350/2856/2100 
f 2351/2857/2101 2349/2855/2100 2350/2856/2100 2352/2858/2101 
f 2353/2859/2008 2351/2857/2101 2352/2858/2101 2354/2860/2102 
f 2355/2861/2098 2356/2862/2009 2357/2863/2009 2358/2864/2048 
f 2359/2865/2046 2355/2861/2098 2358/2864/2048 2360/2866/2046 
f 2361/2867/2044 2359/2865/2046 2360/2866/2046 2362/2868/2044 
f 2363/2869/2042 2361/2867/2044 2362/2868/2044 2364/2870/2042 
f 2365/2871/2040 2363/2869/2042 2364/2870/2042 2366/2872/2040 
f 2367/2873/2088 2365/2871/2040 2366/2872/2040 2368/2874/2088 
f 2369/2875/2094 2367/2873/2088 2368/2874/2088 2370/2876/2094 
f 2371/2877/2093 2369/2875/2094 2370/2876/2094 2372/2878/2093 
f 2373/2879/2092 2371/2877/2093 2372/2878/2093 2374/2880/2092 
f 2375/2881/2099 2373/2882/2092 2374/2883/2092 2376/2884/2099 
f 2377/2885/2103 2375/2881/2099 2376/2884/2099 2378/2886/2100 
f 2379/2887/2101 2377/2885/2103 2378/2886/2100 2380/2888/2101 
f 2381/2889/2008 2379/2887/2101 2380/2888/2101 2382/2890/2008 
f 2383/2891/2104 2381/2889/2008 2382/2890/2008 2384/2892/2104 
f 2385/2893/2105 2383/2891/2104 2384/2892/2104 2386/2894/2105 
f 2387/2895/2106 2385/2893/2105 2386/2894/2105 2388/2896/2106 
f 2389/2897/2107 2387/2895/2106 2388/2896/2106 2390/2898/2107 
f 2391/2899/2108 2389/2897/2107 2390/2898/2107 2392/2900/2108 
f 2393/2901/2109 2391/2899/2108 2392/2900/2108 2394/2902/2109 
f 2395/2903/2062 2393/2901/2109 2394/2902/2109 2396/2904/2062 
f 2397/2905/2060 2395/2903/2062 2396/2904/2062 2398/2906/2060 
f 2399/2907/2058 2397/2905/2060 2398/2906/2060 2400/2908/2058 
f 2401/2909/2056 2399/2907/2058 2400/2908/2058 2402/2910/2056 
f 2403/2911/2054 2401/2909/2056 2402/2910/2056 2404/2912/2054 
f 2405/2913/2110 2403/2911/2054 2404/2912/2054 2406/2914/2052 
f 2356/2862/2009 2405/2913/2110 2406/2914/2052 2357/2863/2009 
f 2407/2915/2104 2353/2859/2008 2354/2860/2102 2408/2916/2104 
f 2409/2917/2111 2407/2915/2104 2408/2916/2104 2410/2918/2105 
f 2411/2919/2106 2409/2917/2111 2410/2918/2105 2412/2920/2106 
f 2413/2921/2112 2411/2919/2106 2412/2920/2106 2414/2922/2107 
f 2415/2923/2108 2413/2924/2112 2414/2925/2107 2416/2926/2108 
f 2417/2927/2113 2415/2923/2108 2416/2926/2108 2418/2928/2113 
f 2419/2929/2062 2417/2927/2113 2418/2928/2113 2420/2930/2062 
f 2421/2931/2060 2419/2929/2062 2420/2930/2062 2422/2932/2060 
f 2423/2933/2058 2421/2931/2060 2422/2932/2060 2424/2934/2058 
f 2425/2935/2056 2423/2933/2058 2424/2934/2058 2426/2936/2056 
f 2427/2937/2114 2425/2935/2056 2426/2936/2056 2428/2938/2054 
f 2429/2939/2110 2427/2937/2114 2428/2938/2054 2430/2940/2052 
f 2328/2834/2009 2429/2939/2110 2430/2940/2052 2329/2835/2050 
f 2325/2831/2009 2431/2941/2052 2432/2942/2052 2326/2832/2009 
f 2431/2941/2052 2433/2943/2054 2434/2944/2054 2432/2942/2052 
f 2433/2943/2054 2435/2945/2056 2436/2946/2056 2434/2944/2054 
f 2435/2945/2056 2437/2947/2058 2438/2948/2058 2436/2946/2056 
f 2437/2947/2058 2439/2949/2060 2440/2950/2060 2438/2948/2058 
f 2439/2949/2060 2441/2951/2062 2442/2952/2062 2440/2950/2060 
f 2441/2951/2062 2443/2953/2071 2444/2954/2071 2442/2952/2062 
f 2443/2953/2071 2445/2955/2085 2446/2956/2085 2444/2954/2071 
f 2445/2955/2085 2447/2957/2065 2448/2958/2065 2446/2956/2085 
f 2447/2957/2065 2449/2959/2067 2450/2960/2067 2448/2958/2065 
f 2449/2961/2067 2451/2962/2069 2452/2963/2069 2450/2964/2067 
f 2451/2962/2069 2453/2965/2073 2454/2966/2073 2452/2963/2069 
f 2453/2965/2073 2299/2805/1929 2302/2808/1929 2454/2966/2073 
f 2455/2967/2009 2456/2968/2009 2457/2969/2048 2458/2970/2048 
f 2458/2970/2048 2457/2969/2048 2459/2971/2046 2460/2972/2046 
f 2460/2972/2046 2459/2971/2046 2461/2973/2044 2462/2974/2044 
f 2462/2974/2044 2461/2973/2044 2463/2975/2042 2464/2976/2097 
f 2464/2976/2097 2463/2975/2042 2465/2977/2096 2466/2978/2096 
f 2466/2978/2096 2465/2977/2096 2467/2979/2095 2468/2980/2088 
f 2468/2980/2088 2467/2979/2095 2469/2981/2090 2470/2982/2094 
f 2470/2982/2094 2469/2981/2090 2471/2983/2093 2472/2984/2093 
f 2472/2984/2093 2471/2983/2093 2473/2985/2092 2474/2986/2087 
f 2474/2986/2087 2473/2985/2092 2475/2987/2080 2476/2988/2080 
f 2476/2988/2080 2475/2987/2080 2477/2989/2078 2478/2990/2078 
f 2478/2990/2078 2477/2989/2078 2479/2991/2076 2480/2992/2076 
f 2480/2992/2076 2479/2991/2076 2481/2993/1929 2482/2994/1929 
f 2483/2995/2115 2484/2996/2076 2485/2997/4 2486/2998/1929 
f 2487/2999/2078 2488/3000/2078 2484/2996/2076 2483/2995/2115 
f 2489/3001/2080 2490/3002/2080 2488/3000/2078 2487/2999/2078 
f 2491/3003/2087 2492/3004/2087 2490/3002/2080 2489/3001/2080 
f 2493/3005/2082 2494/3006/2093 2492/3004/2087 2491/3003/2087 
f 2495/3007/2094 2496/3008/2094 2494/3006/2093 2493/3005/2082 
f 2497/3009/2095 2498/3010/2095 2496/3008/2094 2495/3007/2094 
f 2499/3011/2096 2500/3012/2096 2498/3010/2095 2497/3009/2095 
f 2501/3013/2097 2502/3014/2097 2500/3012/2096 2499/3011/2096 
f 2503/3015/2116 2504/3016/2116 2502/3014/2097 2501/3013/2097 
f 2505/3017/2117 2506/3018/2117 2504/3016/2116 2503/3015/2116 
f 2507/3019/2118 2508/3020/2118 2506/3018/2117 2505/3017/2117 
f 2509/3021/54 2510/3022/2119 2508/3020/2118 2507/3019/2118 
f 2511/3023/2115 2512/3024/2076 2513/3025/1929 2514/3026/1929 
f 2515/3027/2078 2516/3028/2078 2512/3024/2076 2511/3023/2115 
f 2517/3029/2080 2518/3030/2080 2516/3028/2078 2515/3027/2078 
f 2519/3031/2087 2520/3032/2087 2518/3030/2080 2517/3029/2080 
f 2521/3033/2082 2522/3034/2082 2520/3035/2087 2519/3036/2087 
f 2523/3037/2090 2524/3038/2090 2522/3034/2082 2521/3033/2082 
f 2525/3039/2095 2526/3040/2095 2524/3038/2090 2523/3037/2090 
f 2527/3041/2096 2528/3042/2096 2526/3040/2095 2525/3039/2095 
f 2529/3043/2097 2530/3044/2097 2528/3042/2096 2527/3041/2096 
f 2531/3045/2116 2532/3046/2116 2530/3044/2097 2529/3043/2097 
f 2533/3047/2120 2534/3048/2117 2532/3046/2116 2531/3045/2116 
f 2535/3049/2118 2536/3050/2118 2534/3048/2117 2533/3047/2120 
f 2537/3051/54 2538/3052/54 2536/3050/2118 2535/3049/2118 
f 2539/3053/2121 2540/3054/2121 2538/3052/54 2537/3051/54 
f 2541/3055/2122 2542/3056/2122 2540/3054/2121 2539/3053/2121 
f 2543/3057/2123 2544/3058/2123 2542/3056/2122 2541/3055/2122 
f 2545/3059/2124 2546/3060/2124 2544/3058/2123 2543/3057/2123 
f 2547/3061/2125 2548/3062/2125 2546/3060/2124 2545/3059/2124 
f 2549/3063/2126 2550/3064/2126 2548/3062/2125 2547/3061/2125 
f 2551/3065/2071 2552/3066/2071 2550/3064/2126 2549/3063/2126 
f 2553/3067/2085 2554/3068/2085 2552/3066/2071 2551/3065/2071 
f 2555/3069/2065 2556/3070/2065 2554/3068/2085 2553/3067/2085 
f 2557/3071/2067 2558/3072/2067 2556/3070/2065 2555/3069/2065 
f 2559/3073/2069 2560/3074/2069 2558/3072/2067 2557/3071/2067 
f 2561/3075/2127 2562/3076/2073 2560/3074/2069 2559/3073/2069 
f 2514/3026/1929 2513/3025/1929 2562/3076/2073 2561/3075/2127 
f 2563/3077/2121 2564/3078/2121 2510/3022/2119 2509/3021/54 
f 2565/3079/2128 2566/3080/2122 2564/3078/2121 2563/3077/2121 
f 2567/3081/2123 2568/3082/2123 2566/3080/2122 2565/3079/2128 
f 2569/3083/2129 2570/3084/2124 2568/3082/2123 2567/3081/2123 
f 2571/3085/2125 2572/3086/2125 2570/3084/2124 2569/3083/2129 
f 2573/3087/2130 2574/3088/2130 2572/3086/2125 2571/3085/2125 
f 2575/3089/2071 2576/3090/2071 2574/3088/2130 2573/3087/2130 
f 2577/3091/2085 2578/3092/2085 2576/3090/2071 2575/3089/2071 
f 2579/3093/2065 2580/3094/2065 2578/3092/2085 2577/3091/2085 
f 2581/3095/2067 2582/3096/2067 2580/3097/2065 2579/3098/2065 
f 2583/3099/2131 2584/3100/2069 2582/3096/2067 2581/3095/2067 
f 2585/3101/2127 2586/3102/2073 2584/3100/2069 2583/3099/2131 
f 2486/2998/1929 2485/2997/4 2586/3102/2073 2585/3101/2127 
f 2482/2994/1929 2481/2993/1929 2587/3103/2073 2588/3104/2073 
f 2588/3104/2073 2587/3103/2073 2589/3105/2069 2590/3106/2069 
f 2590/3106/2069 2589/3105/2069 2591/3107/2067 2592/3108/2067 
f 2592/3108/2067 2591/3107/2067 2593/3109/2065 2594/3110/2065 
f 2594/3111/2065 2593/3112/2065 2595/3113/2085 2596/3114/2085 
f 2596/3114/2085 2595/3113/2085 2597/3115/2071 2598/3116/2071 
f 2598/3116/2071 2597/3115/2071 2599/3117/2062 2600/3118/2062 
f 2600/3118/2062 2599/3117/2062 2601/3119/2060 2602/3120/2060 
f 2602/3120/2060 2601/3119/2060 2603/3121/2058 2604/3122/2058 
f 2604/3122/2058 2603/3121/2058 2605/3123/2056 2606/3124/2056 
f 2606/3124/2056 2605/3123/2056 2607/3125/2054 2608/3126/2054 
f 2608/3126/2054 2607/3125/2054 2609/3127/2052 2610/3128/2052 
f 2610/3128/2052 2609/3127/2052 2456/2968/2009 2455/2967/2009 
f 2611/3129/2132 2612/3130/2133 2613/3131/2133 2614/3132/2132 
f 2612/3130/2133 2615/3133/2134 2616/3134/2134 2613/3131/2133 
f 2615/3133/2134 2617/3135/2135 2618/3136/2135 2616/3134/2134 
f 2617/3135/2135 2619/3137/2136 2620/3138/2136 2618/3136/2135 
f 2619/3137/2136 2621/3139/2137 2622/3140/2137 2620/3138/2136 
f 2621/3139/2137 2623/3141/2138 2624/3142/2138 2622/3140/2137 
f 2623/3141/2138 2625/3143/1992 2626/3144/2139 2624/3142/2138 
f 2625/3143/1992 2627/3145/1989 2628/3146/1989 2626/3144/2139 
f 2627/3145/1989 2629/3147/2140 2630/3148/2140 2628/3146/1989 
f 2629/3147/2140 2631/3149/1985 2632/3150/1985 2630/3148/2140 
f 2631/3149/1985 2633/3151/1984 2634/3152/1984 2632/3150/1985 
f 2633/3151/1984 2635/3153/1981 2636/3154/1981 2634/3152/1984 
f 2635/3153/1981 2637/3155/2012 2638/3156/28 2636/3154/1981 
f 2637/3155/2012 2639/3157/1978 2640/3158/2141 2638/3156/28 
f 2639/3157/1978 2641/3159/2142 2642/3160/1977 2640/3158/2141 
f 2641/3159/2142 2643/3161/2143 2644/3162/2143 2642/3160/1977 
f 2643/3161/2143 2645/3163/2144 2646/3164/2144 2644/3162/2143 
f 2645/3163/2144 2647/3165/2145 2648/3166/2145 2646/3164/2144 
f 2647/3165/2145 2649/3167/2146 2650/3168/2146 2648/3166/2145 
f 2649/3167/2146 2651/3169/2147 2652/3170/2147 2650/3168/2146 
f 2651/3169/2147 2653/3171/1965 2654/3172/2148 2652/3170/2147 
f 2653/3171/1965 2655/3173/1962 2656/3174/1962 2654/3172/2148 
f 2655/3173/1962 2657/3175/1961 2658/3176/1961 2656/3174/1962 
f 2657/3175/1961 2659/3177/1957 2660/3178/1957 2658/3176/1961 
f 2659/3177/1957 2661/3179/2149 2662/3180/2149 2660/3178/1957 
f 2661/3179/2149 2663/3181/1925 2664/3182/1925 2662/3180/2149 
f 2663/3181/1925 2665/3183/2150 2666/3184/2150 2664/3182/1925 
f 2665/3183/2150 2667/3185/2151 2668/3186/2151 2666/3184/2150 
f 2667/3185/2151 2669/3187/2152 2670/3188/2152 2668/3186/2151 
f 2669/3187/2152 2671/3189/2153 2672/3190/2153 2670/3188/2152 
f 2671/3189/2153 2673/3191/2154 2674/3192/2154 2672/3190/2153 
f 2673/3191/2154 2675/3193/2155 2676/3194/2155 2674/3192/2154 
f 2675/3193/2155 2677/3195/2156 2678/3196/2156 2676/3194/2155 
f 2677/3195/2156 2679/3197/2157 2680/3198/2157 2678/3196/2156 
f 2679/3197/2157 2681/3199/2158 2682/3200/2158 2680/3198/2157 
f 2681/3199/2158 2683/3201/2159 2684/3202/2159 2682/3200/2158 
f 2683/3201/2159 2685/3203/2160 2686/3204/2160 2684/3202/2159 
f 2685/3203/2160 2687/3205/2161 2688/3206/2161 2686/3204/2160 
f 2687/3205/2161 2689/3207/2038 2690/3208/2038 2688/3206/2161 
f 2689/3209/2038 2691/3210/2162 2692/3211/2162 2690/3212/2038 
f 2691/3210/2162 2693/3213/2163 2694/3214/2163 2692/3211/2162 
f 2693/3213/2163 2695/3215/2164 2696/3216/2164 2694/3214/2163 
f 2695/3215/2164 2697/3217/2165 2698/3218/2165 2696/3216/2164 
f 2697/3217/2165 2699/3219/2166 2700/3220/2166 2698/3218/2165 
f 2699/3219/2166 2701/3221/2167 2702/3222/2167 2700/3220/2166 
f 2701/3221/2167 2703/3223/2168 2704/3224/2168 2702/3222/2167 
f 2703/3223/2168 2705/3225/2169 2706/3226/2169 2704/3224/2168 
f 2705/3225/2169 2707/3227/2170 2708/3228/2170 2706/3226/2169 
f 2707/3227/2170 2709/3229/2171 2710/3230/2171 2708/3228/2170 
f 2709/3229/2171 2711/3231/2172 2712/3232/2172 2710/3230/2171 
f 2711/3231/2172 2713/3233/2173 2714/3234/2173 2712/3232/2172 
f 2713/3233/2173 2611/3129/2132 2614/3132/2132 2714/3234/2173 
s 2
f 2614/3235/2174 2613/3236/2175 2715/3237/2175 2716/3238/2174 
f 2613/3236/2175 2616/3239/2176 2717/3240/2176 2715/3237/2175 
f 2616/3239/2176 2618/3241/2177 2718/3242/2177 2717/3240/2176 
f 2618/3241/2177 2620/3243/2178 2719/3244/2178 2718/3242/2177 
f 2620/3243/2178 2622/3245/2179 2720/3246/2179 2719/3244/2178 
f 2622/3245/2179 2624/3247/2180 2721/3248/2180 2720/3246/2179 
f 2624/3247/2180 2626/3249/2181 2722/3250/2181 2721/3248/2180 
f 2626/3249/2181 2628/3251/2182 2723/3252/2182 2722/3250/2181 
f 2628/3251/2182 2630/3253/2183 2724/3254/2184 2723/3252/2182 
f 2630/3253/2183 2632/3255/2185 2725/3256/2185 2724/3254/2184 
f 2632/3255/2185 2634/3257/2186 2726/3258/2186 2725/3256/2185 
f 2634/3257/2186 2636/3259/2187 2727/3260/2187 2726/3258/2186 
f 2636/3259/2187 2638/3261/2188 2728/3262/2188 2727/3260/2187 
f 2638/3261/2188 2640/3263/2189 2729/3264/2189 2728/3262/2188 
f 2640/3263/2189 2642/3265/2190 2730/3266/2190 2729/3264/2189 
f 2642/3265/2190 2644/3267/2191 2731/3268/2191 2730/3266/2190 
f 2644/3267/2191 2646/3269/2192 2732/3270/2192 2731/3268/2191 
f 2646/3269/2192 2648/3271/2193 2733/3272/2193 2732/3270/2192 
f 2648/3271/2193 2650/3273/2194 2734/3274/2194 2733/3272/2193 
f 2650/3273/2194 2652/3275/2195 2735/3276/2195 2734/3274/2194 
f 2652/3275/2195 2654/3277/2196 2736/3278/2196 2735/3276/2195 
f 2654/3277/2196 2656/3279/2197 2737/3280/2197 2736/3278/2196 
f 2656/3279/2197 2658/3281/2198 2738/3282/2198 2737/3280/2197 
f 2658/3281/2198 2660/3283/2199 2739/3284/2199 2738/3282/2198 
f 2660/3283/2199 2662/3285/2200 2740/3286/2200 2739/3284/2199 
f 2662/3285/2200 2664/3287/2201 2741/3288/2201 2740/3286/2200 
f 2664/3287/2201 2666/3289/2202 2742/3290/2202 2741/3288/2201 
f 2666/3289/2202 2668/3291/2203 2743/3292/2203 2742/3290/2202 
f 2668/3291/2203 2670/3293/2204 2744/3294/2204 2743/3292/2203 
f 2670/3293/2204 2672/3295/2205 2745/3296/2205 2744/3294/2204 
f 2672/3295/2205 2674/3297/2206 2746/3298/2206 2745/3296/2205 
f 2674/3297/2206 2676/3299/2207 2747/3300/2207 2746/3298/2206 
f 2676/3299/2207 2678/3301/2208 2748/3302/2208 2747/3300/2207 
f 2678/3301/2208 2680/3303/2209 2749/3304/2209 2748/3302/2208 
f 2680/3303/2209 2682/3305/2210 2750/3306/2210 2749/3304/2209 
f 2682/3305/2210 2684/3307/2211 2751/3308/2211 2750/3306/2210 
f 2684/3307/2211 2686/3309/2212 2752/3310/2212 2751/3308/2211 
f 2686/3309/2212 2688/3311/2213 2753/3312/2213 2752/3310/2212 
f 2688/3311/2213 2690/3313/2214 2754/3314/2214 2753/3312/2213 
f 2690/3313/2214 2692/3315/2215 2755/3316/2215 2754/3314/2214 
f 2692/3315/2215 2694/3317/2216 2756/3318/2216 2755/3316/2215 
f 2694/3317/2216 2696/3319/2217 2757/3320/2217 2756/3318/2216 
f 2696/3319/2217 2698/3321/2218 2758/3322/2218 2757/3320/2217 
f 2698/3321/2218 2700/3323/2219 2759/3324/2219 2758/3322/2218 
f 2700/3323/2219 2702/3325/2220 2760/3326/2220 2759/3324/2219 
f 2702/3325/2220 2704/3327/2221 2761/3328/2221 2760/3326/2220 
f 2704/3327/2221 2706/3329/2222 2762/3330/2222 2761/3328/2221 
f 2706/3329/2222 2708/3331/2223 2763/3332/2223 2762/3330/2222 
f 2708/3331/2223 2710/3333/2224 2764/3334/2224 2763/3332/2223 
f 2710/3333/2224 2712/3335/2225 2765/3336/2225 2764/3334/2224 
f 2712/3335/2225 2714/3337/2226 2766/3338/2226 2765/3336/2225 
f 2714/3337/2226 2614/3235/2174 2716/3238/2174 2766/3338/2226 
s 1
f 2716/3238/1929 2715/3237/1929 2767/3339/1929 2768/3340/1929 
f 2715/3237/1929 2717/3240/2008 2769/3341/2008 2767/3339/1929 
f 2717/3240/2008 2718/3242/2008 2770/3342/2008 2769/3341/2008 
f 2718/3242/2008 2719/3244/2008 2771/3343/2008 2770/3342/2008 
f 2719/3244/2008 2720/3246/2102 2772/3344/4 2771/3343/2008 
f 2720/3246/2102 2721/3248/4 2773/3345/4 2772/3344/4 
f 2721/3248/4 2722/3250/1929 2774/3346/1929 2773/3345/4 
f 2722/3250/1929 2723/3252/2008 2775/3347/2008 2774/3346/1929 
f 2723/3252/2008 2724/3254/2008 2776/3348/2008 2775/3347/2008 
f 2724/3254/2008 2725/3256/1929 2777/3349/1929 2776/3348/2008 
f 2725/3256/1929 2726/3258/1929 2778/3350/1929 2777/3349/1929 
f 2726/3258/1929 2727/3260/1929 2779/3351/1929 2778/3350/1929 
f 2727/3260/1929 2728/3262/1929 2780/3352/1929 2779/3351/1929 
f 2728/3262/1929 2729/3264/1929 2781/3353/1929 2780/3352/1929 
f 2729/3264/1929 2730/3266/2102 2782/3354/1929 2781/3353/1929 
f 2730/3266/2102 2731/3268/4 2783/3355/4 2782/3354/1929 
f 2731/3268/4 2732/3270/2102 2784/3356/2102 2783/3355/4 
f 2732/3270/2102 2733/3272/2102 2785/3357/2102 2784/3356/2102 
f 2733/3272/2102 2734/3274/1929 2786/3358/1929 2785/3357/2102 
f 2734/3274/1929 2735/3276/1929 2787/3359/1929 2786/3358/1929 
f 2735/3276/1929 2736/3278/4 2788/3360/1929 2787/3359/1929 
f 2736/3278/4 2737/3280/2102 2789/3361/2102 2788/3360/1929 
f 2737/3280/2102 2738/3282/1929 2790/3362/2102 2789/3361/2102 
f 2738/3282/1929 2739/3284/2102 2791/3363/1929 2790/3362/2102 
f 2739/3284/2102 2740/3286/2102 2792/3364/2102 2791/3363/1929 
f 2740/3286/2102 2741/3288/4 2793/3365/4 2792/3364/2102 
f 2741/3288/4 2742/3290/2008 2794/3366/1929 2793/3365/4 
f 2742/3290/2008 2743/3292/2102 2795/3367/2102 2794/3366/1929 
f 2743/3292/2102 2744/3294/4 2796/3368/2102 2795/3367/2102 
f 2744/3294/4 2745/3296/4 2797/3369/4 2796/3368/2102 
f 2745/3296/4 2746/3298/2008 2798/3370/2102 2797/3369/4 
f 2746/3298/2008 2747/3300/2102 2799/3371/2102 2798/3370/2102 
f 2747/3300/2102 2748/3302/2102 2800/3372/2102 2799/3371/2102 
f 2748/3302/2102 2749/3304/2102 2801/3373/2102 2800/3372/2102 
f 2749/3304/2102 2750/3306/2102 2802/3374/2102 2801/3373/2102 
f 2750/3306/2102 2751/3308/2102 2803/3375/2102 2802/3374/2102 
f 2751/3308/2102 2752/3310/2102 2804/3376/2102 2803/3375/2102 
f 2752/3310/2102 2753/3312/2102 2805/3377/2102 2804/3376/2102 
f 2753/3312/2102 2754/3314/2008 2806/3378/2008 2805/3377/2102 
f 2754/3314/2008 2755/3316/2008 2807/3379/2008 2806/3378/2008 
f 2755/3316/2008 2756/3318/2008 2808/3380/2008 2807/3379/2008 
f 2756/3318/2008 2757/3320/2008 2809/3381/2008 2808/3380/2008 
f 2757/3320/2008 2758/3322/2008 2810/3382/2008 2809/3381/2008 
f 2758/3322/2008 2759/3324/2008 2811/3383/2008 2810/3382/2008 
f 2759/3324/2008 2760/3326/2008 2812/3384/2008 2811/3383/2008 
f 2760/3326/2008 2761/3328/2008 2813/3385/2008 2812/3384/2008 
f 2761/3328/2008 2762/3330/2008 2814/3386/2008 2813/3385/2008 
f 2762/3330/2008 2763/3332/2008 2815/3387/2008 2814/3386/2008 
f 2763/3332/2008 2764/3334/2008 2816/3388/2008 2815/3387/2008 
f 2764/3334/2008 2765/3336/2008 2817/3389/2102 2816/3388/2008 
f 2765/3336/2008 2766/3338/2008 2818/3390/2102 2817/3389/2102 
f 2766/3338/2008 2716/3238/1929 2768/3340/1929 2818/3390/2102 
s 2
f 2768/3340/2227 2767/3339/2228 2819/3391/2228 2820/3392/2227 
f 2767/3339/2228 2769/3341/2229 2821/3393/2229 2819/3391/2228 
f 2769/3341/2229 2770/3342/2230 2822/3394/2230 2821/3393/2229 
f 2770/3342/2230 2771/3343/2231 2823/3395/2231 2822/3394/2230 
f 2771/3343/2231 2772/3344/2232 2824/3396/2232 2823/3395/2231 
f 2772/3344/2232 2773/3345/2233 2825/3397/2233 2824/3396/2232 
f 2773/3345/2233 2774/3346/2234 2826/3398/2234 2825/3397/2233 
f 2774/3346/2234 2775/3347/2235 2827/3399/2235 2826/3398/2234 
f 2775/3347/2235 2776/3348/2236 2828/3400/2236 2827/3399/2235 
f 2776/3348/2236 2777/3349/2237 2829/3401/2237 2828/3400/2236 
f 2777/3349/2237 2778/3350/2238 2830/3402/2238 2829/3401/2237 
f 2778/3350/2238 2779/3351/2239 2831/3403/2239 2830/3402/2238 
f 2779/3351/2239 2780/3352/2240 2832/3404/2240 2831/3403/2239 
f 2780/3352/2240 2781/3353/2241 2833/3405/2241 2832/3404/2240 
f 2781/3353/2241 2782/3354/2242 2834/3406/2242 2833/3405/2241 
f 2782/3354/2242 2783/3355/2243 2835/3407/2243 2834/3406/2242 
f 2783/3355/2243 2784/3356/2244 2836/3408/2244 2835/3407/2243 
f 2784/3356/2244 2785/3357/2245 2837/3409/2245 2836/3408/2244 
f 2785/3357/2245 2786/3358/2246 2838/3410/2246 2837/3409/2245 
f 2786/3358/2246 2787/3359/2247 2839/3411/2247 2838/3410/2246 
f 2787/3359/2247 2788/3360/2248 2840/3412/2248 2839/3411/2247 
f 2788/3360/2248 2789/3361/2249 2841/3413/2249 2840/3412/2248 
f 2789/3361/2249 2790/3362/2250 2842/3414/2250 2841/3413/2249 
f 2790/3362/2250 2791/3363/2251 2843/3415/2251 2842/3414/2250 
f 2791/3363/2251 2792/3364/2252 2844/3416/2252 2843/3415/2251 
f 2792/3364/2252 2793/3365/2253 2845/3417/2254 2844/3416/2252 
f 2793/3365/2253 2794/3366/2255 2846/3418/2255 2845/3417/2254 
f 2794/3366/2255 2795/3367/2256 2847/3419/2256 2846/3418/2255 
f 2795/3367/2256 2796/3368/2257 2848/3420/2257 2847/3419/2256 
f 2796/3368/2257 2797/3369/2258 2849/3421/2258 2848/3420/2257 
f 2797/3369/2258 2798/3370/2259 2850/3422/2259 2849/3421/2258 
f 2798/3370/2259 2799/3371/2260 2851/3423/2260 2850/3422/2259 
f 2799/3371/2260 2800/3372/2261 2852/3424/2261 2851/3423/2260 
f 2800/3372/2261 2801/3373/2262 2853/3425/2262 2852/3424/2261 
f 2801/3373/2262 2802/3374/2263 2854/3426/2263 2853/3425/2262 
f 2802/3374/2263 2803/3375/2264 2855/3427/2264 2854/3426/2263 
f 2803/3375/2264 2804/3376/2265 2856/3428/2265 2855/3427/2264 
f 2804/3376/2265 2805/3377/2266 2857/3429/2266 2856/3428/2265 
f 2805/3377/2266 2806/3378/2267 2858/3430/2268 2857/3429/2266 
f 2806/3378/2267 2807/3379/2269 2859/3431/2269 2858/3430/2268 
f 2807/3379/2269 2808/3380/2270 2860/3432/2270 2859/3431/2269 
f 2808/3380/2270 2809/3381/2271 2861/3433/2271 2860/3432/2270 
f 2809/3381/2271 2810/3382/2272 2862/3434/2272 2861/3433/2271 
f 2810/3382/2272 2811/3383/2273 2863/3435/2273 2862/3434/2272 
f 2811/3383/2273 2812/3384/2274 2864/3436/2274 2863/3435/2273 
f 2812/3384/2274 2813/3385/2275 2865/3437/2275 2864/3436/2274 
f 2813/3385/2275 2814/3386/2276 2866/3438/2276 2865/3437/2275 
f 2814/3386/2276 2815/3387/2277 2867/3439/2277 2866/3438/2276 
f 2815/3387/2277 2816/3388/2278 2868/3440/2278 2867/3439/2277 
f 2816/3388/2278 2817/3389/2279 2869/3441/2279 2868/3440/2278 
f 2817/3389/2279 2818/3390/2280 2870/3442/2280 2869/3441/2279 
f 2818/3390/2280 2768/3340/2227 2820/3392/2227 2870/3442/2280 
f 2612/3443/2281 2611/3444/2282 2871/3445/2282 2872/3446/2281 
f 2615/3447/2283 2612/3443/2281 2872/3446/2281 2873/3448/2283 
f 2617/3449/2284 2615/3447/2283 2873/3448/2283 2874/3450/2284 
f 2619/3451/2285 2617/3449/2284 2874/3450/2284 2875/3452/2285 
f 2621/3453/2286 2619/3451/2285 2875/3452/2285 2876/3454/2286 
f 2623/3455/2287 2621/3453/2286 2876/3454/2286 2877/3456/2287 
f 2625/3457/2288 2623/3455/2287 2877/3456/2287 2878/3458/2288 
f 2627/3459/2289 2625/3457/2288 2878/3458/2288 2879/3460/2289 
f 2629/3461/2290 2627/3459/2289 2879/3460/2289 2880/3462/2290 
f 2631/3463/2291 2629/3461/2290 2880/3462/2290 2881/3464/2291 
f 2633/3465/2292 2631/3463/2291 2881/3464/2291 2882/3466/2292 
f 2635/3467/2293 2633/3465/2292 2882/3466/2292 2883/3468/2293 
f 2637/3469/2294 2635/3467/2293 2883/3468/2293 2884/3470/2294 
f 2639/3471/2295 2637/3469/2294 2884/3470/2294 2885/3472/2295 
f 2641/3473/2296 2639/3471/2295 2885/3472/2295 2886/3474/2296 
f 2643/3475/2297 2641/3473/2296 2886/3474/2296 2887/3476/2297 
f 2645/3477/2298 2643/3475/2297 2887/3476/2297 2888/3478/2298 
f 2647/3479/2299 2645/3477/2298 2888/3478/2298 2889/3480/2299 
f 2649/3481/2300 2647/3479/2299 2889/3480/2299 2890/3482/2300 
f 2651/3483/2301 2649/3481/2300 2890/3482/2300 2891/3484/2301 
f 2653/3485/2302 2651/3483/2301 2891/3484/2301 2892/3486/2302 
f 2655/3487/2303 2653/3485/2302 2892/3486/2302 2893/3488/2303 
f 2657/3489/2304 2655/3487/2303 2893/3488/2303 2894/3490/2304 
f 2659/3491/2305 2657/3489/2304 2894/3490/2304 2895/3492/2305 
f 2661/3493/2306 2659/3491/2305 2895/3492/2305 2896/3494/2306 
f 2663/3495/2307 2661/3493/2306 2896/3494/2306 2897/3496/2307 
f 2665/3497/2308 2663/3495/2307 2897/3496/2307 2898/3498/2308 
f 2667/3499/2309 2665/3497/2308 2898/3498/2308 2899/3500/2309 
f 2669/3501/2310 2667/3499/2309 2899/3500/2309 2900/3502/2310 
f 2671/3503/2311 2669/3501/2310 2900/3502/2310 2901/3504/2311 
f 2673/3505/2312 2671/3503/2311 2901/3504/2311 2902/3506/2312 
f 2675/3507/2313 2673/3505/2312 2902/3506/2312 2903/3508/2313 
f 2677/3509/2314 2675/3507/2313 2903/3508/2313 2904/3510/2314 
f 2679/3511/2315 2677/3509/2314 2904/3510/2314 2905/3512/2315 
f 2681/3513/2316 2679/3511/2315 2905/3512/2315 2906/3514/2316 
f 2683/3515/2317 2681/3513/2316 2906/3514/2316 2907/3516/2317 
f 2685/3517/2318 2683/3515/2317 2907/3516/2317 2908/3518/2318 
f 2687/3519/2319 2685/3517/2318 2908/3518/2318 2909/3520/2319 
f 2689/3521/2320 2687/3519/2319 2909/3520/2319 2910/3522/2320 
f 2691/3523/2321 2689/3521/2320 2910/3522/2320 2911/3524/2321 
f 2693/3525/2322 2691/3523/2321 2911/3524/2321 2912/3526/2322 
f 2695/3527/2323 2693/3525/2322 2912/3526/2322 2913/3528/2324 
f 2697/3529/2325 2695/3527/2323 2913/3528/2324 2914/3530/2325 
f 2699/3531/2326 2697/3529/2325 2914/3530/2325 2915/3532/2326 
f 2701/3533/2327 2699/3531/2326 2915/3532/2326 2916/3534/2327 
f 2703/3535/2328 2701/3533/2327 2916/3534/2327 2917/3536/2328 
f 2705/3537/2329 2703/3535/2328 2917/3536/2328 2918/3538/2329 
f 2707/3539/2330 2705/3537/2329 2918/3538/2329 2919/3540/2330 
f 2709/3541/2331 2707/3539/2330 2919/3540/2330 2920/3542/2331 
f 2711/3543/2332 2709/3541/2331 2920/3542/2331 2921/3544/2332 
f 2713/3545/2333 2711/3543/2332 2921/3544/2332 2922/3546/2333 
f 2611/3444/2282 2713/3545/2333 2922/3546/2333 2871/3445/2282 
s 1
f 2872/3446/2009 2871/3445/2009 2923/3547/2009 2924/3548/2009 
f 2873/3448/2009 2872/3446/2009 2924/3548/2009 2925/3549/2009 
f 2874/3450/2009 2873/3448/2009 2925/3549/2009 2926/3550/2009 
f 2875/3452/2009 2874/3450/2009 2926/3550/2009 2927/3551/2009 
f 2876/3454/2009 2875/3452/2009 2927/3551/2009 2928/3552/2009 
f 2877/3456/2009 2876/3454/2009 2928/3552/2009 2929/3553/2009 
f 2878/3458/2009 2877/3456/2009 2929/3553/2009 2930/3554/2009 
f 2879/3460/2009 2878/3458/2009 2930/3554/2009 2931/3555/2009 
f 2880/3462/2009 2879/3460/2009 2931/3555/2009 2932/3556/2009 
f 2881/3464/2050 2880/3462/2009 2932/3556/2009 2933/3557/2050 
f 2882/3466/2050 2881/3464/2050 2933/3557/2050 2934/3558/2009 
f 2883/3468/2009 2882/3466/2050 2934/3558/2009 2935/3559/2009 
f 2884/3470/2009 2883/3468/2009 2935/3559/2009 2936/3560/2009 
f 2885/3472/2050 2884/3470/2009 2936/3560/2009 2937/3561/2050 
f 2886/3474/2009 2885/3472/2050 2937/3561/2050 2938/3562/2009 
f 2887/3476/2009 2886/3474/2009 2938/3562/2009 2939/3563/2009 
f 2888/3478/2009 2887/3476/2009 2939/3563/2009 2940/3564/2009 
f 2889/3480/2009 2888/3478/2009 2940/3564/2009 2941/3565/2009 
f 2890/3482/2009 2889/3480/2009 2941/3565/2009 2942/3566/2009 
f 2891/3484/2009 2890/3482/2009 2942/3566/2009 2943/3567/2009 
f 2892/3486/2009 2891/3484/2009 2943/3567/2009 2944/3568/2009 
f 2893/3488/2009 2892/3486/2009 2944/3568/2009 2945/3569/2009 
f 2894/3490/2009 2893/3488/2009 2945/3569/2009 2946/3570/2009 
f 2895/3492/2009 2894/3490/2009 2946/3570/2009 2947/3571/2009 
f 2896/3494/2009 2895/3492/2009 2947/3571/2009 2948/3572/2009 
f 2897/3496/2009 2896/3494/2009 2948/3572/2009 2949/3573/2009 
f 2898/3498/2009 2897/3496/2009 2949/3573/2009 2950/3574/2009 
f 2899/3500/2009 2898/3498/2009 2950/3574/2009 2951/3575/2009 
f 2900/3502/2050 2899/3500/2009 2951/3575/2009 2952/3576/2009 
f 2901/3504/2050 2900/3502/2050 2952/3576/2009 2953/3577/2009 
f 2902/3506/2009 2901/3504/2050 2953/3577/2009 2954/3578/2009 
f 2903/3508/2009 2902/3506/2009 2954/3578/2009 2955/3579/2009 
f 2904/3510/2009 2903/3508/2009 2955/3579/2009 2956/3580/2009 
f 2905/3512/2009 2904/3510/2009 2956/3580/2009 2957/3581/2009 
f 2906/3514/2009 2905/3512/2009 2957/3581/2009 2958/3582/2009 
f 2907/3516/2009 2906/3514/2009 2958/3582/2009 2959/3583/2009 
f 2908/3518/2009 2907/3516/2009 2959/3583/2009 2960/3584/2009 
f 2909/3520/2009 2908/3518/2009 2960/3584/2009 2961/3585/2009 
f 2910/3522/2050 2909/3520/2009 2961/3585/2009 2962/3586/2050 
f 2911/3524/2050 2910/3522/2050 2962/3586/2050 2963/3587/2050 
f 2912/3526/2050 2911/3524/2050 2963/3587/2050 2964/3588/2050 
f 2913/3528/2050 2912/3526/2050 2964/3588/2050 2965/3589/2050 
f 2914/3530/2050 2913/3528/2050 2965/3589/2050 2966/3590/2050 
f 2915/3532/2050 2914/3530/2050 2966/3590/2050 2967/3591/2050 
f 2916/3534/2050 2915/3532/2050 2967/3591/2050 2968/3592/2050 
f 2917/3536/2050 2916/3534/2050 2968/3592/2050 2969/3593/2050 
f 2918/3538/2050 2917/3536/2050 2969/3593/2050 2970/3594/2050 
f 2919/3540/2009 2918/3538/2050 2970/3594/2050 2971/3595/2050 
f 2920/3542/2009 2919/3540/2009 2971/3595/2050 2972/3596/2009 
f 2921/3544/2009 2920/3542/2009 2972/3596/2009 2973/3597/2009 
f 2922/3546/2009 2921/3544/2009 2973/3597/2009 2974/3598/2009 
f 2871/3445/2009 2922/3546/2009 2974/3598/2009 2923/3547/2009 
s 2
f 2924/3548/2334 2923/3547/2335 2975/3599/2335 2976/3600/2334 
f 2925/3549/2001 2924/3548/2334 2976/3600/2334 2977/3601/2001 
f 2926/3550/2000 2925/3549/2001 2977/3601/2001 2978/3602/2000 
f 2927/3551/2336 2926/3550/2000 2978/3602/2000 2979/3603/2336 
f 2928/3552/1996 2927/3551/2336 2979/3603/2336 2980/3604/1996 
f 2929/3553/1993 2928/3552/1996 2980/3604/1996 2981/3605/1993 
f 2930/3554/1992 2929/3553/1993 2981/3605/1993 2982/3606/1992 
f 2931/3555/1989 2930/3554/1992 2982/3606/1992 2983/3607/2337 
f 2932/3556/2338 2931/3555/1989 2983/3607/2337 2984/3608/2338 
f 2933/3557/2339 2932/3556/2338 2984/3608/2338 2985/3609/1985 
f 2934/3558/1984 2933/3557/2339 2985/3609/1985 2986/3610/1984 
f 2935/3559/1981 2934/3558/1984 2986/3610/1984 2987/3611/1981 
f 2936/3560/1940 2935/3559/1981 2987/3611/1981 2988/3612/2012 
f 2937/3561/1978 2936/3560/1940 2988/3612/2012 2989/3613/1978 
f 2938/3562/1977 2937/3561/1978 2989/3613/1978 2990/3614/1977 
f 2939/3563/1974 2938/3562/1977 2990/3614/1977 2991/3615/1974 
f 2940/3564/1973 2939/3563/1974 2991/3615/1974 2992/3616/1973 
f 2941/3565/1970 2940/3564/1973 2992/3616/1973 2993/3617/1970 
f 2942/3566/1969 2941/3565/1970 2993/3617/1970 2994/3618/1969 
f 2943/3567/1966 2942/3566/1969 2994/3618/1969 2995/3619/1966 
f 2944/3568/1965 2943/3567/1966 2995/3619/1966 2996/3620/1965 
f 2945/3569/1962 2944/3568/1965 2996/3620/1965 2997/3621/1962 
f 2946/3570/1961 2945/3569/1962 2997/3621/1962 2998/3622/1961 
f 2947/3571/1957 2946/3570/1961 2998/3622/1961 2999/3623/1957 
f 2948/3572/2149 2947/3571/1957 2999/3623/1957 3000/3624/2149 
f 2949/3573/1926 2948/3572/2149 3000/3624/2149 3001/3625/1926 
f 2950/3574/2150 2949/3573/1926 3001/3625/1926 3002/3626/2150 
f 2951/3575/2151 2950/3574/2150 3002/3626/2150 3003/3627/2151 
f 2952/3576/2152 2951/3575/2151 3003/3627/2151 3004/3628/2152 
f 2953/3577/2153 2952/3576/2152 3004/3628/2152 3005/3629/2153 
f 2954/3578/2154 2953/3577/2153 3005/3629/2153 3006/3630/2154 
f 2955/3579/2155 2954/3578/2154 3006/3630/2154 3007/3631/2155 
f 2956/3580/2156 2955/3579/2155 3007/3631/2155 3008/3632/2156 
f 2957/3581/2157 2956/3580/2156 3008/3632/2156 3009/3633/2157 
f 2958/3582/2158 2957/3581/2157 3009/3633/2157 3010/3634/2158 
f 2959/3583/2159 2958/3582/2158 3010/3634/2158 3011/3635/2159 
f 2960/3584/2160 2959/3583/2159 3011/3635/2159 3012/3636/2160 
f 2961/3585/2161 2960/3584/2160 3012/3636/2160 3013/3637/2161 
f 2962/3586/2038 2961/3585/2161 3013/3637/2161 3014/3638/2038 
f 2963/3587/2162 2962/3586/2038 3014/3638/2038 3015/3639/2162 
f 2964/3588/2163 2963/3587/2162 3015/3639/2162 3016/3640/2163 
f 2965/3589/2164 2964/3588/2163 3016/3640/2163 3017/3641/2164 
f 2966/3590/2165 2965/3589/2164 3017/3641/2164 3018/3642/2165 
f 2967/3591/2166 2966/3590/2165 3018/3642/2165 3019/3643/2166 
f 2968/3592/2167 2967/3591/2166 3019/3643/2166 3020/3644/2167 
f 2969/3593/2168 2968/3592/2167 3020/3644/2167 3021/3645/2168 
f 2970/3594/2169 2969/3593/2168 3021/3645/2168 3022/3646/2169 
f 2971/3595/2170 2970/3594/2169 3022/3646/2169 3023/3647/2170 
f 2972/3596/2171 2971/3595/2170 3023/3647/2170 3024/3648/2171 
f 2973/3597/2172 2972/3596/2171 3024/3648/2171 3025/3649/2172 
f 2974/3598/2173 2973/3597/2172 3025/3649/2172 3026/3650/2173 
f 2923/3547/2335 2974/3598/2173 3026/3650/2173 2975/3599/2335 
s 1
f 2826/3651/1929 2827/3652/1929 2837/3653/1929 2838/3654/1929 
f 2827/3652/1929 2828/3655/1929 2836/3656/1929 2837/3653/1929 
f 2829/3657/1929 2830/3658/1929 2834/3659/1929 2835/3660/1929 
f 2833/3661/1929 2834/3659/1929 2830/3658/1929 2831/3662/1929 
f 2836/3656/1929 2828/3655/1929 2829/3657/1929 2835/3660/1929 
f 2838/3654/1929 2839/3663/1929 2825/3664/1929 2826/3651/1929 
f 2839/3663/1929 2840/3665/1929 2824/3666/1929 2825/3664/1929 
f 2840/3665/1929 2841/3667/1929 2823/3668/1929 2824/3666/1929 
f 2841/3667/1929 2842/3669/1929 2822/3670/1929 2823/3668/1929 
f 2842/3669/1929 2843/3671/1929 2821/3672/1929 2822/3670/1929 
f 2843/3671/1929 2844/3673/1929 2819/3674/1929 2821/3672/1929 
f 2844/3673/1929 2845/3675/1929 2820/3676/1929 2819/3674/1929 
f 2845/3675/1929 2846/3677/1929 2870/3678/1929 2820/3676/1929 
f 2846/3677/1929 2847/3679/2008 2869/3680/2008 2870/3678/1929 
f 2847/3679/2008 2848/3681/2008 2868/3682/2008 2869/3680/2008 
f 2848/3681/2008 2849/3683/4 2867/3684/4 2868/3682/2008 
f 2849/3683/4 2850/3685/1929 2866/3686/1929 2867/3684/4 
f 2850/3685/1929 2851/3687/1929 2865/3688/1929 2866/3686/1929 
f 2851/3687/1929 2852/3689/1929 2864/3690/1929 2865/3688/1929 
f 2852/3689/1929 2853/3691/2008 2863/3692/2008 2864/3690/1929 
f 2853/3691/2008 2854/3693/1929 2862/3694/2008 2863/3692/2008 
f 2854/3693/1929 2855/3695/1929 2861/3696/2008 2862/3694/2008 
f 2856/3697/1929 2860/3698/2008 2861/3696/2008 2855/3695/1929 
f 2859/3699/2008 2860/3698/2008 2856/3697/1929 2857/3700/2008 
f 2832/3701/1929 2833/3661/1929 2831/3662/1929 
f 2858/3702/1929 2859/3699/2008 2857/3700/2008 
f 3027/3703/2340 3028/3704/2340 3029/3705/2334 3030/3706/2334 
f 3030/3706/2334 3029/3705/2334 3031/3707/2001 3032/3708/2001 
f 3032/3708/2001 3031/3707/2001 3033/3709/2000 3034/3710/2000 
f 3034/3710/2000 3033/3709/2000 3035/3711/2336 3036/3712/2336 
f 3036/3712/2336 3035/3711/2336 3037/3713/1996 3038/3714/1996 
f 3038/3714/1996 3037/3713/1996 3039/3715/1993 3040/3716/1993 
f 3040/3716/1993 3039/3715/1993 3041/3717/1992 3042/3718/1992 
f 3042/3718/1992 3041/3717/1992 3043/3719/1989 3044/3720/1989 
f 3044/3720/1989 3043/3719/1989 3045/3721/2140 3046/3722/2140 
f 3046/3722/2140 3045/3721/2140 3047/3723/1985 3048/3724/1985 
f 3048/3724/1985 3047/3723/1985 3049/3725/1984 3050/3726/1984 
f 3050/3726/1984 3049/3725/1984 3051/3727/1981 3052/3728/2341 
f 3052/3728/2341 3051/3727/1981 3053/3729/1940 3054/3730/2342 
f 3054/3730/2342 3053/3729/1940 3055/3731/1978 3056/3732/1978 
f 3056/3732/1978 3055/3731/1978 3057/3733/1977 3058/3734/1977 
f 3058/3734/1977 3057/3733/1977 3059/3735/1974 3060/3736/1974 
f 3060/3736/1974 3059/3735/1974 3061/3737/1973 3062/3738/1973 
f 3062/3738/1973 3061/3737/1973 3063/3739/1970 3064/3740/1970 
f 3064/3740/1970 3063/3739/1970 3065/3741/1969 3066/3742/1969 
f 3066/3742/1969 3065/3741/1969 3067/3743/1966 3068/3744/1966 
f 3068/3744/1966 3067/3743/1966 3069/3745/1965 3070/3746/1965 
f 3070/3746/1965 3069/3745/1965 3071/3747/1962 3072/3748/1962 
f 3072/3748/1962 3071/3747/1962 3073/3749/1961 3074/3750/1961 
f 3074/3750/1961 3073/3749/1961 3075/3751/1957 3076/3752/1957 
f 3076/3752/1957 3075/3751/1957 3077/3753/2149 3078/3754/2149 
f 3078/3754/2149 3077/3753/2149 3079/3755/1925 3080/3756/1925 
f 3080/3756/1925 3079/3755/1925 3081/3757/2150 3082/3758/2150 
f 3082/3758/2150 3081/3757/2150 3083/3759/2151 3084/3760/2343 
f 3084/3760/2343 3083/3759/2151 3085/3761/2344 3086/3762/2344 
f 3086/3762/2344 3085/3761/2344 3087/3763/2345 3088/3764/2345 
f 3088/3764/2345 3087/3763/2345 3089/3765/2346 3090/3766/2154 
f 3090/3766/2154 3089/3765/2346 3091/3767/2155 3092/3768/2155 
f 3092/3768/2155 3091/3767/2155 3093/3769/2156 3094/3770/2347 
f 3094/3770/2347 3093/3769/2156 3095/3771/2348 3096/3772/2348 
f 3096/3772/2348 3095/3771/2348 3097/3773/2349 3098/3774/2158 
f 3098/3774/2158 3097/3773/2349 3099/3775/2159 3100/3776/2159 
f 3100/3776/2159 3099/3775/2159 3101/3777/2160 3102/3778/2160 
f 3102/3778/2160 3101/3777/2160 3103/3779/2161 3104/3780/2161 
f 3104/3780/2161 3103/3779/2161 3105/3781/2038 3106/3782/1941 
f 3106/3783/1941 3105/3784/2038 3107/3785/2350 3108/3786/2350 
f 3108/3786/2350 3107/3785/2350 3109/3787/2351 3110/3788/2163 
f 3110/3788/2163 3109/3787/2351 3111/3789/2164 3112/3790/2352 
f 3112/3790/2352 3111/3789/2164 3113/3791/2353 3114/3792/2353 
f 3114/3792/2353 3113/3791/2353 3115/3793/2354 3116/3794/2354 
f 3116/3794/2354 3115/3793/2354 3117/3795/2355 3118/3796/2355 
f 3118/3796/2355 3117/3795/2355 3119/3797/2356 3120/3798/2356 
f 3120/3798/2356 3119/3797/2356 3121/3799/2357 3122/3800/2357 
f 3122/3800/2357 3121/3799/2357 3123/3801/2358 3124/3802/2358 
f 3124/3802/2358 3123/3801/2358 3125/3803/2359 3126/3804/2171 
f 3126/3804/2171 3125/3803/2359 3127/3805/2172 3128/3806/2360 
f 3128/3806/2360 3127/3805/2172 3129/3807/2361 3130/3808/2361 
f 3130/3808/2361 3129/3807/2361 3028/3704/2340 3027/3703/2340 
s 2
f 3028/3809/2362 3131/3810/2362 3132/3811/2363 3029/3812/2363 
f 3029/3812/2363 3132/3811/2363 3133/3813/2364 3031/3814/2364 
f 3031/3814/2364 3133/3813/2364 3134/3815/2365 3033/3816/2365 
f 3033/3816/2365 3134/3815/2365 3135/3817/2366 3035/3818/2366 
f 3035/3818/2366 3135/3817/2366 3136/3819/2367 3037/3820/2367 
f 3037/3820/2367 3136/3819/2367 3137/3821/2368 3039/3822/2368 
f 3039/3822/2368 3137/3821/2368 3138/3823/2369 3041/3824/2369 
f 3041/3824/2369 3138/3823/2369 3139/3825/2370 3043/3826/2370 
f 3043/3826/2370 3139/3825/2370 3140/3827/2371 3045/3828/2372 
f 3045/3828/2372 3140/3827/2371 3141/3829/2373 3047/3830/2373 
f 3047/3830/2373 3141/3829/2373 3142/3831/2374 3049/3832/2374 
f 3049/3832/2374 3142/3831/2374 3143/3833/2375 3051/3834/2375 
f 3051/3834/2375 3143/3833/2375 3144/3835/2376 3053/3836/2376 
f 3053/3836/2376 3144/3835/2376 3145/3837/2377 3055/3838/2377 
f 3055/3838/2377 3145/3837/2377 3146/3839/2378 3057/3840/2378 
f 3057/3840/2378 3146/3839/2378 3147/3841/2379 3059/3842/2379 
f 3059/3842/2379 3147/3841/2379 3148/3843/2380 3061/3844/2380 
f 3061/3844/2380 3148/3843/2380 3149/3845/2381 3063/3846/2381 
f 3063/3846/2381 3149/3845/2381 3150/3847/2382 3065/3848/2382 
f 3065/3848/2382 3150/3847/2382 3151/3849/2383 3067/3850/2383 
f 3067/3850/2383 3151/3849/2383 3152/3851/2384 3069/3852/2384 
f 3069/3852/2384 3152/3851/2384 3153/3853/2385 3071/3854/2385 
f 3071/3854/2385 3153/3853/2385 3154/3855/2386 3073/3856/2386 
f 3073/3856/2386 3154/3855/2386 3155/3857/2387 3075/3858/2387 
f 3075/3858/2387 3155/3857/2387 3156/3859/2388 3077/3860/2388 
f 3077/3860/2388 3156/3859/2388 3157/3861/2389 3079/3862/2389 
f 3079/3862/2389 3157/3861/2389 3158/3863/2390 3081/3864/2390 
f 3081/3864/2390 3158/3863/2390 3159/3865/2391 3083/3866/2391 
f 3083/3866/2391 3159/3865/2391 3160/3867/2392 3085/3868/2392 
f 3085/3868/2392 3160/3867/2392 3161/3869/2393 3087/3870/2393 
f 3087/3870/2393 3161/3869/2393 3162/3871/2394 3089/3872/2394 
f 3089/3872/2394 3162/3871/2394 3163/3873/2395 3091/3874/2395 
f 3091/3874/2395 3163/3873/2395 3164/3875/2396 3093/3876/2396 
f 3093/3876/2396 3164/3875/2396 3165/3877/2397 3095/3878/2397 
f 3095/3878/2397 3165/3877/2397 3166/3879/2398 3097/3880/2398 
f 3097/3880/2398 3166/3879/2398 3167/3881/2399 3099/3882/2399 
f 3099/3882/2399 3167/3881/2399 3168/3883/2400 3101/3884/2400 
f 3101/3884/2400 3168/3883/2400 3169/3885/2401 3103/3886/2401 
f 3103/3886/2401 3169/3885/2401 3170/3887/2402 3105/3888/2402 
f 3105/3888/2402 3170/3887/2402 3171/3889/2403 3107/3890/2403 
f 3107/3890/2403 3171/3889/2403 3172/3891/2404 3109/3892/2404 
f 3109/3892/2404 3172/3891/2404 3173/3893/2405 3111/3894/2405 
f 3111/3894/2405 3173/3893/2405 3174/3895/2406 3113/3896/2406 
f 3113/3896/2406 3174/3895/2406 3175/3897/2407 3115/3898/2407 
f 3115/3898/2407 3175/3897/2407 3176/3899/2408 3117/3900/2408 
f 3117/3900/2408 3176/3899/2408 3177/3901/2409 3119/3902/2409 
f 3119/3902/2409 3177/3901/2409 3178/3903/2410 3121/3904/2410 
f 3121/3904/2410 3178/3903/2410 3179/3905/2411 3123/3906/2411 
f 3123/3906/2411 3179/3905/2411 3180/3907/2412 3125/3908/2412 
f 3125/3908/2412 3180/3907/2412 3181/3909/2413 3127/3910/2413 
f 3127/3910/2413 3181/3909/2413 3182/3911/2414 3129/3912/2414 
f 3129/3912/2414 3182/3911/2414 3131/3810/2362 3028/3809/2362 
s 1
f 3131/3810/2009 3183/3913/2009 3184/3914/2009 3132/3811/2009 
f 3132/3811/2009 3184/3914/2009 3185/3915/54 3133/3813/54 
f 3133/3813/54 3185/3915/54 3186/3916/54 3134/3815/54 
f 3134/3815/54 3186/3916/54 3187/3917/54 3135/3817/54 
f 3135/3817/54 3187/3917/54 3188/3918/2050 3136/3819/2119 
f 3136/3819/2119 3188/3918/2050 3189/3919/2050 3137/3821/2050 
f 3137/3821/2050 3189/3919/2050 3190/3920/2009 3138/3823/2009 
f 3138/3823/2009 3190/3920/2009 3191/3921/54 3139/3825/54 
f 3139/3825/54 3191/3921/54 3192/3922/54 3140/3827/54 
f 3140/3827/54 3192/3922/54 3193/3923/2009 3141/3829/2009 
f 3141/3829/2009 3193/3923/2009 3194/3924/2009 3142/3831/2009 
f 3142/3831/2009 3194/3924/2009 3195/3925/2009 3143/3833/2009 
f 3143/3833/2009 3195/3925/2009 3196/3926/2009 3144/3835/2009 
f 3144/3835/2009 3196/3926/2009 3197/3927/2009 3145/3837/2009 
f 3145/3837/2009 3197/3927/2009 3198/3928/2009 3146/3839/2119 
f 3146/3839/2119 3198/3928/2009 3199/3929/2050 3147/3841/2050 
f 3147/3841/2050 3199/3929/2050 3200/3930/2119 3148/3843/2119 
f 3148/3843/2119 3200/3930/2119 3201/3931/2119 3149/3845/2119 
f 3149/3845/2119 3201/3931/2119 3202/3932/2009 3150/3847/2009 
f 3150/3847/2009 3202/3932/2009 3203/3933/2009 3151/3849/2009 
f 3151/3849/2009 3203/3933/2009 3204/3934/2009 3152/3851/2050 
f 3152/3851/2050 3204/3934/2009 3205/3935/2119 3153/3853/2119 
f 3153/3853/2119 3205/3935/2119 3206/3936/2119 3154/3855/2009 
f 3154/3855/2009 3206/3936/2119 3207/3937/2009 3155/3857/2119 
f 3155/3857/2119 3207/3937/2009 3208/3938/2119 3156/3859/2119 
f 3156/3859/2119 3208/3938/2119 3209/3939/2050 3157/3861/2050 
f 3157/3861/2050 3209/3939/2050 3210/3940/2009 3158/3863/54 
f 3158/3863/54 3210/3940/2009 3211/3941/2119 3159/3865/2119 
f 3159/3865/2119 3211/3941/2119 3212/3942/2119 3160/3867/2050 
f 3160/3867/2050 3212/3942/2119 3213/3943/2050 3161/3869/2050 
f 3161/3869/2050 3213/3943/2050 3214/3944/2119 3162/3871/54 
f 3162/3871/54 3214/3944/2119 3215/3945/2119 3163/3873/2119 
f 3163/3873/2119 3215/3945/2119 3216/3946/2119 3164/3875/2119 
f 3164/3875/2119 3216/3946/2119 3217/3947/2119 3165/3877/2119 
f 3165/3877/2119 3217/3947/2119 3218/3948/2119 3166/3879/2119 
f 3166/3879/2119 3218/3948/2119 3219/3949/2119 3167/3881/2119 
f 3167/3881/2119 3219/3949/2119 3220/3950/2119 3168/3883/2119 
f 3168/3883/2119 3220/3950/2119 3221/3951/2119 3169/3885/2119 
f 3169/3885/2119 3221/3951/2119 3222/3952/54 3170/3887/54 
f 3170/3887/54 3222/3952/54 3223/3953/54 3171/3889/54 
f 3171/3889/54 3223/3953/54 3224/3954/54 3172/3891/54 
f 3172/3891/54 3224/3954/54 3225/3955/54 3173/3893/54 
f 3173/3893/54 3225/3955/54 3226/3956/54 3174/3895/54 
f 3174/3895/54 3226/3956/54 3227/3957/54 3175/3897/54 
f 3175/3897/54 3227/3957/54 3228/3958/54 3176/3899/54 
f 3176/3899/54 3228/3958/54 3229/3959/54 3177/3901/54 
f 3177/3901/54 3229/3959/54 3230/3960/54 3178/3903/54 
f 3178/3903/54 3230/3960/54 3231/3961/54 3179/3905/54 
f 3179/3905/54 3231/3961/54 3232/3962/54 3180/3907/54 
f 3180/3907/54 3232/3962/54 3233/3963/2119 3181/3909/54 
f 3181/3909/54 3233/3963/2119 3234/3964/2119 3182/3911/54 
f 3182/3911/54 3234/3964/2119 3183/3913/2009 3131/3810/2009 
s 2
f 3183/3913/2415 3235/3965/2415 3236/3966/2416 3184/3914/2416 
f 3184/3914/2416 3236/3966/2416 3237/3967/2417 3185/3915/2417 
f 3185/3915/2417 3237/3967/2417 3238/3968/2418 3186/3916/2418 
f 3186/3916/2418 3238/3968/2418 3239/3969/2419 3187/3917/2419 
f 3187/3917/2419 3239/3969/2419 3240/3970/2420 3188/3918/2420 
f 3188/3918/2420 3240/3970/2420 3241/3971/2421 3189/3919/2421 
f 3189/3919/2421 3241/3971/2421 3242/3972/2422 3190/3920/2422 
f 3190/3920/2422 3242/3972/2422 3243/3973/2423 3191/3921/2423 
f 3191/3921/2423 3243/3973/2423 3244/3974/2424 3192/3922/2424 
f 3192/3922/2424 3244/3974/2424 3245/3975/2425 3193/3923/2425 
f 3193/3923/2425 3245/3975/2425 3246/3976/2426 3194/3924/2426 
f 3194/3924/2426 3246/3976/2426 3247/3977/2427 3195/3925/2427 
f 3195/3925/2427 3247/3977/2427 3248/3978/2428 3196/3926/2428 
f 3196/3926/2428 3248/3978/2428 3249/3979/2429 3197/3927/2429 
f 3197/3927/2429 3249/3979/2429 3250/3980/2430 3198/3928/2430 
f 3198/3928/2430 3250/3980/2430 3251/3981/2431 3199/3929/2431 
f 3199/3929/2431 3251/3981/2431 3252/3982/2432 3200/3930/2432 
f 3200/3930/2432 3252/3982/2432 3253/3983/2433 3201/3931/2433 
f 3201/3931/2433 3253/3983/2433 3254/3984/2434 3202/3932/2434 
f 3202/3932/2434 3254/3984/2434 3255/3985/2435 3203/3933/2435 
f 3203/3933/2435 3255/3985/2435 3256/3986/2436 3204/3934/2436 
f 3204/3934/2436 3256/3986/2436 3257/3987/2437 3205/3935/2437 
f 3205/3935/2437 3257/3987/2437 3258/3988/2438 3206/3936/2438 
f 3206/3936/2438 3258/3988/2438 3259/3989/2439 3207/3937/2439 
f 3207/3937/2439 3259/3989/2439 3260/3990/2440 3208/3938/2440 
f 3208/3938/2440 3260/3990/2440 3261/3991/2441 3209/3939/2442 
f 3209/3939/2442 3261/3991/2441 3262/3992/2443 3210/3940/2443 
f 3210/3940/2443 3262/3992/2443 3263/3993/2444 3211/3941/2444 
f 3211/3941/2444 3263/3993/2444 3264/3994/2445 3212/3942/2445 
f 3212/3942/2445 3264/3994/2445 3265/3995/2446 3213/3943/2446 
f 3213/3943/2446 3265/3995/2446 3266/3996/2447 3214/3944/2447 
f 3214/3944/2447 3266/3996/2447 3267/3997/2448 3215/3945/2448 
f 3215/3945/2448 3267/3997/2448 3268/3998/2449 3216/3946/2449 
f 3216/3946/2449 3268/3998/2449 3269/3999/2450 3217/3947/2450 
f 3217/3947/2450 3269/3999/2450 3270/4000/2451 3218/3948/2451 
f 3218/3948/2451 3270/4000/2451 3271/4001/2452 3219/3949/2452 
f 3219/3949/2452 3271/4001/2452 3272/4002/2453 3220/3950/2453 
f 3220/3950/2453 3272/4002/2453 3273/4003/2454 3221/3951/2454 
f 3221/3951/2454 3273/4003/2454 3274/4004/2455 3222/3952/2456 
f 3222/3952/2456 3274/4004/2455 3275/4005/2457 3223/3953/2457 
f 3223/3953/2457 3275/4005/2457 3276/4006/2458 3224/3954/2458 
f 3224/3954/2458 3276/4006/2458 3277/4007/2459 3225/3955/2459 
f 3225/3955/2459 3277/4007/2459 3278/4008/2460 3226/3956/2460 
f 3226/3956/2460 3278/4008/2460 3279/4009/2461 3227/3957/2461 
f 3227/3957/2461 3279/4009/2461 3280/4010/2462 3228/3958/2462 
f 3228/3958/2462 3280/4010/2462 3281/4011/2463 3229/3959/2463 
f 3229/3959/2463 3281/4011/2463 3282/4012/2464 3230/3960/2464 
f 3230/3960/2464 3282/4012/2464 3283/4013/2465 3231/3961/2465 
f 3231/3961/2465 3283/4013/2465 3284/4014/2466 3232/3962/2466 
f 3232/3962/2466 3284/4014/2466 3285/4015/2467 3233/3963/2467 
f 3233/3963/2467 3285/4015/2467 3286/4016/2468 3234/3964/2468 
f 3234/3964/2468 3286/4016/2468 3235/3965/2415 3183/3913/2415 
f 3030/4017/2469 3287/4018/2469 3288/4019/2470 3027/4020/2470 
f 3032/4021/2471 3289/4022/2471 3287/4018/2469 3030/4017/2469 
f 3034/4023/2472 3290/4024/2472 3289/4022/2471 3032/4021/2471 
f 3036/4025/2473 3291/4026/2473 3290/4024/2472 3034/4023/2472 
f 3038/4027/2474 3292/4028/2474 3291/4026/2473 3036/4025/2473 
f 3040/4029/2475 3293/4030/2475 3292/4028/2474 3038/4027/2474 
f 3042/4031/2476 3294/4032/2476 3293/4030/2475 3040/4029/2475 
f 3044/4033/2477 3295/4034/2477 3294/4032/2476 3042/4031/2476 
f 3046/4035/2478 3296/4036/2478 3295/4034/2477 3044/4033/2477 
f 3048/4037/2479 3297/4038/2479 3296/4036/2478 3046/4035/2478 
f 3050/4039/2480 3298/4040/2480 3297/4038/2479 3048/4037/2479 
f 3052/4041/2481 3299/4042/2481 3298/4040/2480 3050/4039/2480 
f 3054/4043/2482 3300/4044/2482 3299/4042/2481 3052/4041/2481 
f 3056/4045/2483 3301/4046/2483 3300/4044/2482 3054/4043/2482 
f 3058/4047/2484 3302/4048/2484 3301/4046/2483 3056/4045/2483 
f 3060/4049/2485 3303/4050/2485 3302/4048/2484 3058/4047/2484 
f 3062/4051/2486 3304/4052/2486 3303/4050/2485 3060/4049/2485 
f 3064/4053/2487 3305/4054/2487 3304/4052/2486 3062/4051/2486 
f 3066/4055/2488 3306/4056/2488 3305/4054/2487 3064/4053/2487 
f 3068/4057/2489 3307/4058/2489 3306/4056/2488 3066/4055/2488 
f 3070/4059/2490 3308/4060/2490 3307/4058/2489 3068/4057/2489 
f 3072/4061/2491 3309/4062/2491 3308/4060/2490 3070/4059/2490 
f 3074/4063/2492 3310/4064/2492 3309/4062/2491 3072/4061/2491 
f 3076/4065/2493 3311/4066/2493 3310/4064/2492 3074/4063/2492 
f 3078/4067/2494 3312/4068/2494 3311/4066/2493 3076/4065/2493 
f 3080/4069/2495 3313/4070/2495 3312/4068/2494 3078/4067/2494 
f 3082/4071/2496 3314/4072/2496 3313/4070/2495 3080/4069/2495 
f 3084/4073/2497 3315/4074/2497 3314/4072/2496 3082/4071/2496 
f 3086/4075/2498 3316/4076/2498 3315/4074/2497 3084/4073/2497 
f 3088/4077/2499 3317/4078/2499 3316/4076/2498 3086/4075/2498 
f 3090/4079/2500 3318/4080/2500 3317/4078/2499 3088/4077/2499 
f 3092/4081/2501 3319/4082/2501 3318/4080/2500 3090/4079/2500 
f 3094/4083/2502 3320/4084/2502 3319/4082/2501 3092/4081/2501 
f 3096/4085/2503 3321/4086/2503 3320/4084/2502 3094/4083/2502 
f 3098/4087/2504 3322/4088/2504 3321/4086/2503 3096/4085/2503 
f 3100/4089/2505 3323/4090/2505 3322/4088/2504 3098/4087/2504 
f 3102/4091/2506 3324/4092/2506 3323/4090/2505 3100/4089/2505 
f 3104/4093/2507 3325/4094/2507 3324/4092/2506 3102/4091/2506 
f 3106/4095/2508 3326/4096/2508 3325/4094/2507 3104/4093/2507 
f 3108/4097/2509 3327/4098/2509 3326/4096/2508 3106/4095/2508 
f 3110/4099/2510 3328/4100/2510 3327/4098/2509 3108/4097/2509 
f 3112/4101/2511 3329/4102/2512 3328/4100/2510 3110/4099/2510 
f 3114/4103/2513 3330/4104/2513 3329/4102/2512 3112/4101/2511 
f 3116/4105/2514 3331/4106/2514 3330/4104/2513 3114/4103/2513 
f 3118/4107/2515 3332/4108/2515 3331/4106/2514 3116/4105/2514 
f 3120/4109/2516 3333/4110/2516 3332/4108/2515 3118/4107/2515 
f 3122/4111/2517 3334/4112/2517 3333/4110/2516 3120/4109/2516 
f 3124/4113/2518 3335/4114/2518 3334/4112/2517 3122/4111/2517 
f 3126/4115/2519 3336/4116/2519 3335/4114/2518 3124/4113/2518 
f 3128/4117/2520 3337/4118/2520 3336/4116/2519 3126/4115/2519 
f 3130/4119/2521 3338/4120/2521 3337/4118/2520 3128/4117/2520 
f 3027/4020/2470 3288/4019/2470 3338/4120/2521 3130/4119/2521 
s 1
f 3287/4018/1929 3339/4121/1929 3340/4122/1929 3288/4019/1929 
f 3289/4022/1929 3341/4123/1929 3339/4121/1929 3287/4018/1929 
f 3290/4024/1929 3342/4124/1929 3341/4123/1929 3289/4022/1929 
f 3291/4026/1929 3343/4125/1929 3342/4124/1929 3290/4024/1929 
f 3292/4028/1929 3344/4126/1929 3343/4125/1929 3291/4026/1929 
f 3293/4030/1929 3345/4127/1929 3344/4126/1929 3292/4028/1929 
f 3294/4032/1929 3346/4128/1929 3345/4127/1929 3293/4030/1929 
f 3295/4034/1929 3347/4129/1929 3346/4128/1929 3294/4032/1929 
f 3296/4036/1929 3348/4130/1929 3347/4129/1929 3295/4034/1929 
f 3297/4038/4 3349/4131/4 3348/4130/1929 3296/4036/1929 
f 3298/4040/4 3350/4132/1929 3349/4131/4 3297/4038/4 
f 3299/4042/1929 3351/4133/1929 3350/4132/1929 3298/4040/4 
f 3300/4044/1929 3352/4134/1929 3351/4133/1929 3299/4042/1929 
f 3301/4046/4 3353/4135/4 3352/4134/1929 3300/4044/1929 
f 3302/4048/1929 3354/4136/1929 3353/4135/4 3301/4046/4 
f 3303/4050/1929 3355/4137/1929 3354/4136/1929 3302/4048/1929 
f 3304/4052/1929 3356/4138/1929 3355/4137/1929 3303/4050/1929 
f 3305/4054/1929 3357/4139/1929 3356/4138/1929 3304/4052/1929 
f 3306/4056/1929 3358/4140/1929 3357/4139/1929 3305/4054/1929 
f 3307/4058/1929 3359/4141/1929 3358/4140/1929 3306/4056/1929 
f 3308/4060/1929 3360/4142/1929 3359/4141/1929 3307/4058/1929 
f 3309/4062/1929 3361/4143/1929 3360/4142/1929 3308/4060/1929 
f 3310/4064/1929 3362/4144/1929 3361/4143/1929 3309/4062/1929 
f 3311/4066/1929 3363/4145/1929 3362/4144/1929 3310/4064/1929 
f 3312/4068/1929 3364/4146/1929 3363/4145/1929 3311/4066/1929 
f 3313/4070/1929 3365/4147/1929 3364/4146/1929 3312/4068/1929 
f 3314/4072/1929 3366/4148/1929 3365/4147/1929 3313/4070/1929 
f 3315/4074/1929 3367/4149/1929 3366/4148/1929 3314/4072/1929 
f 3316/4076/4 3368/4150/1929 3367/4149/1929 3315/4074/1929 
f 3317/4078/4 3369/4151/1929 3368/4150/1929 3316/4076/4 
f 3318/4080/1929 3370/4152/1929 3369/4151/1929 3317/4078/4 
f 3319/4082/1929 3371/4153/1929 3370/4152/1929 3318/4080/1929 
f 3320/4084/1929 3372/4154/1929 3371/4153/1929 3319/4082/1929 
f 3321/4086/1929 3373/4155/1929 3372/4154/1929 3320/4084/1929 
f 3322/4088/1929 3374/4156/1929 3373/4155/1929 3321/4086/1929 
f 3323/4090/1929 3375/4157/1929 3374/4156/1929 3322/4088/1929 
f 3324/4092/1929 3376/4158/1929 3375/4157/1929 3323/4090/1929 
f 3325/4094/1929 3377/4159/1929 3376/4158/1929 3324/4092/1929 
f 3326/4096/4 3378/4160/4 3377/4159/1929 3325/4094/1929 
f 3327/4098/4 3379/4161/4 3378/4160/4 3326/4096/4 
f 3328/4100/4 3380/4162/4 3379/4161/4 3327/4098/4 
f 3329/4102/4 3381/4163/4 3380/4162/4 3328/4100/4 
f 3330/4104/4 3382/4164/4 3381/4163/4 3329/4102/4 
f 3331/4106/4 3383/4165/4 3382/4164/4 3330/4104/4 
f 3332/4108/4 3384/4166/4 3383/4165/4 3331/4106/4 
f 3333/4110/4 3385/4167/4 3384/4166/4 3332/4108/4 
f 3334/4112/4 3386/4168/4 3385/4167/4 3333/4110/4 
f 3335/4114/1929 3387/4169/4 3386/4168/4 3334/4112/4 
f 3336/4116/1929 3388/4170/1929 3387/4169/4 3335/4114/1929 
f 3337/4118/1929 3389/4171/1929 3388/4170/1929 3336/4116/1929 
f 3338/4120/1929 3390/4172/1929 3389/4171/1929 3337/4118/1929 
f 3288/4019/1929 3340/4122/1929 3390/4172/1929 3338/4120/1929 
s 2
f 3339/4121/2334 3391/4173/2334 3392/4174/2335 3340/4122/2335 
f 3341/4123/2001 3393/4175/2001 3391/4173/2334 3339/4121/2334 
f 3342/4124/2000 3394/4176/2000 3393/4175/2001 3341/4123/2001 
f 3343/4125/2336 3395/4177/2336 3394/4176/2000 3342/4124/2000 
f 3344/4126/1996 3396/4178/1996 3395/4177/2336 3343/4125/2336 
f 3345/4127/1993 3397/4179/1993 3396/4178/1996 3344/4126/1996 
f 3346/4128/1992 3398/4180/1992 3397/4179/1993 3345/4127/1993 
f 3347/4129/1989 3399/4181/1989 3398/4180/1992 3346/4128/1992 
f 3348/4130/2140 3400/4182/2140 3399/4181/1989 3347/4129/1989 
f 3349/4131/1985 3401/4183/1985 3400/4182/2140 3348/4130/2140 
f 3350/4132/1984 3402/4184/1984 3401/4183/1985 3349/4131/1985 
f 3351/4133/1981 3403/4185/1981 3402/4184/1984 3350/4132/1984 
f 3352/4134/1940 3404/4186/2012 3403/4185/1981 3351/4133/1981 
f 3353/4135/1978 3405/4187/1978 3404/4186/2012 3352/4134/1940 
f 3354/4136/1977 3406/4188/1977 3405/4187/1978 3353/4135/1978 
f 3355/4137/1974 3407/4189/1974 3406/4188/1977 3354/4136/1977 
f 3356/4138/1973 3408/4190/1973 3407/4189/1974 3355/4137/1974 
f 3357/4139/1970 3409/4191/1970 3408/4190/1973 3356/4138/1973 
f 3358/4140/1969 3410/4192/1969 3409/4191/1970 3357/4139/1970 
f 3359/4141/1966 3411/4193/1966 3410/4192/1969 3358/4140/1969 
f 3360/4142/1965 3412/4194/1965 3411/4193/1966 3359/4141/1966 
f 3361/4143/1962 3413/4195/1962 3412/4194/1965 3360/4142/1965 
f 3362/4144/1961 3414/4196/1961 3413/4195/1962 3361/4143/1962 
f 3363/4145/1957 3415/4197/1957 3414/4196/1961 3362/4144/1961 
f 3364/4146/2149 3416/4198/2149 3415/4197/1957 3363/4145/1957 
f 3365/4147/1926 3417/4199/1926 3416/4198/2149 3364/4146/2149 
f 3366/4148/2150 3418/4200/2150 3417/4199/1926 3365/4147/1926 
f 3367/4149/2151 3419/4201/2151 3418/4200/2150 3366/4148/2150 
f 3368/4150/2152 3420/4202/2152 3419/4201/2151 3367/4149/2151 
f 3369/4151/2153 3421/4203/2153 3420/4202/2152 3368/4150/2152 
f 3370/4152/2154 3422/4204/2154 3421/4203/2153 3369/4151/2153 
f 3371/4153/2155 3423/4205/2155 3422/4204/2154 3370/4152/2154 
f 3372/4154/2156 3424/4206/2156 3423/4205/2155 3371/4153/2155 
f 3373/4155/2157 3425/4207/2157 3424/4206/2156 3372/4154/2156 
f 3374/4156/2158 3426/4208/2158 3425/4207/2157 3373/4155/2157 
f 3375/4157/2159 3427/4209/2522 3426/4208/2158 3374/4156/2158 
f 3376/4158/2523 3428/4210/2523 3427/4209/2522 3375/4157/2159 
f 3377/4159/2524 3429/4211/2161 3428/4210/2523 3376/4158/2523 
f 3378/4160/2038 3430/4212/2038 3429/4211/2161 3377/4159/2524 
f 3379/4161/2162 3431/4213/2162 3430/4212/2038 3378/4160/2038 
f 3380/4162/2163 3432/4214/2163 3431/4213/2162 3379/4161/2162 
f 3381/4163/2164 3433/4215/2164 3432/4214/2163 3380/4162/2163 
f 3382/4164/2165 3434/4216/2165 3433/4215/2164 3381/4163/2164 
f 3383/4165/2166 3435/4217/2354 3434/4216/2165 3382/4164/2165 
f 3384/4166/2355 3436/4218/2355 3435/4217/2354 3383/4165/2166 
f 3385/4167/2356 3437/4219/2168 3436/4218/2355 3384/4166/2355 
f 3386/4168/2169 3438/4220/2169 3437/4219/2168 3385/4167/2356 
f 3387/4169/2170 3439/4221/2170 3438/4220/2169 3386/4168/2169 
f 3388/4170/2171 3440/4222/2171 3439/4221/2170 3387/4169/2170 
f 3389/4171/2172 3441/4223/2172 3440/4222/2171 3388/4170/2171 
f 3390/4172/2173 3442/4224/2173 3441/4223/2172 3389/4171/2172 
f 3340/4122/2335 3392/4174/2335 3442/4224/2173 3390/4172/2173 
s 1
f 3242/4225/2009 3254/4226/2009 3253/4227/2009 3243/4228/2009 
f 3243/4228/2009 3253/4227/2009 3252/4229/2009 3244/4230/2009 
f 3245/4231/2009 3251/4232/2009 3250/4233/2009 3246/4234/2009 
f 3249/4235/2009 3247/4236/2009 3246/4234/2009 3250/4233/2009 
f 3252/4229/2009 3251/4232/2009 3245/4231/2009 3244/4230/2009 
f 3254/4226/2009 3242/4225/2009 3241/4237/2009 3255/4238/2009 
f 3255/4238/2009 3241/4237/2009 3240/4239/2009 3256/4240/2009 
f 3256/4240/2009 3240/4239/2009 3239/4241/2009 3257/4242/2009 
f 3257/4242/2009 3239/4241/2009 3238/4243/2009 3258/4244/2009 
f 3258/4244/2009 3238/4243/2009 3237/4245/2009 3259/4246/2009 
f 3259/4246/2009 3237/4245/2009 3236/4247/2009 3260/4248/2009 
f 3260/4248/2009 3236/4247/2009 3235/4249/2009 3261/4250/2009 
f 3261/4250/2009 3235/4249/2009 3286/4251/2009 3262/4252/2009 
f 3262/4252/2009 3286/4251/2009 3285/4253/54 3263/4254/54 
f 3263/4254/54 3285/4253/54 3284/4255/54 3264/4256/54 
f 3264/4256/54 3284/4255/54 3283/4257/2050 3265/4258/2050 
f 3265/4258/2050 3283/4257/2050 3282/4259/2009 3266/4260/2009 
f 3266/4260/2009 3282/4259/2009 3281/4261/2009 3267/4262/2009 
f 3267/4262/2009 3281/4261/2009 3280/4263/2009 3268/4264/2009 
f 3268/4264/2009 3280/4263/2009 3279/4265/54 3269/4266/54 
f 3269/4266/54 3279/4265/54 3278/4267/54 3270/4268/2009 
f 3270/4268/2009 3278/4267/54 3277/4269/54 3271/4270/2009 
f 3272/4271/2009 3271/4270/2009 3277/4269/54 3276/4272/54 
f 3275/4273/54 3273/4274/54 3272/4271/2009 3276/4272/54 
f 3248/4275/2009 3247/4236/2009 3249/4235/2009 
f 3274/4276/2009 3273/4274/54 3275/4273/54 
f 3443/4277/2340 3444/4278/2340 3445/4279/2340 3446/4280/2340 
f 3447/4281/2340 3443/4277/2340 3446/4280/2340 3448/4282/2340 
f 3449/4283/2340 3450/4284/2340 3451/4285/2340 3452/4286/2340 
f 3450/4284/2340 3447/4281/2340 3448/4282/2340 3451/4285/2340 
f 3453/4287/2340 3449/4283/2340 3452/4286/2340 3454/4288/2340 
f 3455/4289/2340 3453/4287/2340 3454/4288/2340 3456/4290/2340 
f 3457/4291/2340 3458/4292/2340 3459/4293/2340 3460/4294/2340 
f 3458/4292/2340 3455/4289/2340 3456/4290/2340 3459/4293/2340 
f 3461/4295/2340 3457/4291/2340 3460/4294/2340 3462/4296/2340 
f 3463/4297/2340 3461/4295/2340 3462/4296/2340 3464/4298/2340 
f 3465/4299/2340 3466/4300/2340 3467/4301/2340 3468/4302/2340 
f 3466/4300/2340 3463/4297/2340 3464/4298/2340 3467/4301/2340 
f 3469/4303/2340 3465/4299/2340 3468/4302/2340 3470/4304/2340 
f 3471/4305/2340 3469/4303/2340 3470/4304/2340 3472/4306/2340 
f 3473/4307/2340 3474/4308/2340 3475/4309/2340 3476/4310/2340 
f 3474/4308/2340 3471/4305/2340 3472/4306/2340 3475/4309/2340 
f 3477/4311/2340 3478/4312/2340 3479/4313/2340 3480/4314/2340 
f 3481/4315/2340 3482/4316/2340 3478/4312/2340 3477/4311/2340 
f 3483/4317/2340 3484/4318/2340 3485/4319/2340 3486/4320/2340 
f 3486/4320/2340 3485/4319/2340 3482/4316/2340 3481/4315/2340 
f 3487/4321/2340 3488/4322/2340 3484/4318/2340 3483/4317/2340 
f 3489/4323/2340 3490/4324/2340 3488/4322/2340 3487/4321/2340 
f 3491/4325/2340 3492/4326/2340 3493/4327/2340 3494/4328/2340 
f 3494/4328/2340 3493/4327/2340 3490/4324/2340 3489/4323/2340 
f 3495/4329/2340 3496/4330/2340 3492/4326/2340 3491/4325/2340 
f 3497/4331/2340 3498/4332/2340 3496/4330/2340 3495/4329/2340 
f 3499/4333/2340 3500/4334/2340 3501/4335/2340 3502/4336/2340 
f 3502/4336/2340 3501/4335/2340 3498/4332/2340 3497/4331/2340 
f 3503/4337/2340 3504/4338/2340 3500/4334/2340 3499/4333/2340 
f 3505/4339/2340 3506/4340/2340 3504/4338/2340 3503/4337/2340 
f 3473/4307/2340 3476/4310/2340 3507/4341/2340 3508/4342/2340 
f 3508/4342/2340 3507/4341/2340 3506/4340/2340 3505/4339/2340 
f 3509/4343/1926 3510/4344/1926 3511/4345/1926 3512/4346/1926 
f 3512/4346/1926 3511/4345/1926 3513/4347/1926 3514/4348/1926 
f 3515/4349/1926 3516/4350/1926 3517/4351/1926 3518/4352/1926 
f 3514/4348/1926 3513/4347/1926 3516/4350/1926 3515/4349/1926 
f 3518/4352/1926 3517/4351/1926 3519/4353/1926 3520/4354/1926 
f 3520/4354/1926 3519/4353/1926 3521/4355/1926 3522/4356/1926 
f 3523/4357/1926 3524/4358/1926 3525/4359/1926 3526/4360/1926 
f 3522/4356/1926 3521/4355/1926 3524/4358/1926 3523/4357/1926 
f 3526/4360/1926 3525/4359/1926 3527/4361/1926 3528/4362/1926 
f 3528/4362/1926 3527/4361/1926 3529/4363/1926 3530/4364/1926 
f 3531/4365/1926 3532/4366/1926 3533/4367/1926 3534/4368/1926 
f 3530/4364/1926 3529/4363/1926 3532/4366/1926 3531/4365/1926 
f 3534/4368/1926 3533/4367/1926 3535/4369/1926 3536/4370/1926 
f 3536/4370/1926 3535/4369/1926 3537/4371/1926 3538/4372/1926 
f 3539/4373/1926 3540/4374/1926 3541/4375/1926 3542/4376/1926 
f 3538/4372/1926 3537/4371/1926 3540/4374/1926 3539/4373/1926 
f 3543/4377/1926 3544/4378/1926 3545/4379/1926 3546/4380/1926 
f 3544/4378/1926 3547/4381/1926 3548/4382/1926 3545/4379/1926 
f 3549/4383/1926 3550/4384/1926 3551/4385/1926 3552/4386/1926 
f 3547/4381/1926 3549/4383/1926 3552/4386/1926 3548/4382/1926 
f 3550/4384/1926 3553/4387/1926 3554/4388/1926 3551/4385/1926 
f 3553/4387/1926 3555/4389/1926 3556/4390/1926 3554/4388/1926 
f 3557/4391/1926 3558/4392/1926 3559/4393/1926 3560/4394/1926 
f 3555/4389/1926 3557/4391/1926 3560/4394/1926 3556/4390/1926 
f 3558/4392/1926 3561/4395/1926 3562/4396/1926 3559/4393/1926 
f 3561/4395/1926 3563/4397/1926 3564/4398/1926 3562/4396/1926 
f 3565/4399/1926 3566/4400/1926 3567/4401/1926 3568/4402/1926 
f 3563/4397/1926 3565/4399/1926 3568/4402/1926 3564/4398/1926 
f 3566/4400/1926 3569/4403/1926 3570/4404/1926 3567/4401/1926 
f 3569/4403/1926 3571/4405/1926 3572/4406/1926 3570/4404/1926 
f 3573/4407/1926 3542/4376/1926 3541/4375/1926 3574/4408/1926 
f 3571/4405/1926 3573/4407/1926 3574/4408/1926 3572/4406/1926 
s 2
f 3509/4409/2525 3512/4410/2526 3446/4411/2526 3445/4412/2525 
f 3511/4413/2527 3510/4414/2528 3444/4415/2528 3443/4416/2527 
f 3512/4410/2526 3514/4417/2529 3448/4418/2529 3446/4411/2526 
f 3513/4419/2530 3511/4413/2527 3443/4416/2527 3447/4420/2530 
f 3515/4421/2531 3518/4422/2532 3452/4423/2532 3451/4424/2531 
f 3517/4425/2533 3516/4426/2534 3450/4427/2534 3449/4428/2533 
f 3514/4417/2529 3515/4421/2531 3451/4424/2531 3448/4418/2529 
f 3516/4426/2534 3513/4419/2530 3447/4420/2530 3450/4427/2534 
f 3518/4422/2532 3520/4429/2535 3454/4430/2535 3452/4423/2532 
f 3519/4431/2536 3517/4425/2533 3449/4428/2533 3453/4432/2536 
f 3520/4429/2535 3522/4433/2537 3456/4434/2537 3454/4430/2535 
f 3521/4435/2538 3519/4431/2536 3453/4432/2536 3455/4436/2538 
f 3523/4437/2539 3526/4438/2540 3460/4439/2540 3459/4440/2539 
f 3525/4441/2541 3524/4442/2542 3458/4443/2542 3457/4444/2541 
f 3522/4433/2537 3523/4437/2539 3459/4440/2539 3456/4434/2537 
f 3524/4442/2542 3521/4435/2538 3455/4436/2538 3458/4443/2542 
f 3526/4438/2540 3528/4445/2543 3462/4446/2543 3460/4439/2540 
f 3527/4447/2544 3525/4441/2541 3457/4444/2541 3461/4448/2544 
f 3528/4445/2543 3530/4449/2545 3464/4450/2545 3462/4446/2543 
f 3529/4451/2546 3527/4447/2544 3461/4448/2544 3463/4452/2546 
f 3531/4453/2547 3534/4454/2548 3468/4455/2548 3467/4456/2549 
f 3533/4457/2550 3532/4458/2551 3466/4459/2552 3465/4460/2550 
f 3530/4449/2545 3531/4453/2547 3467/4456/2549 3464/4450/2545 
f 3532/4458/2551 3529/4451/2546 3463/4452/2546 3466/4459/2552 
f 3534/4454/2548 3536/4461/2553 3470/4462/2553 3468/4455/2548 
f 3535/4463/2554 3533/4457/2550 3465/4460/2550 3469/4464/2554 
f 3536/4461/2553 3538/4465/2555 3472/4466/2556 3470/4462/2553 
f 3537/4467/2557 3535/4463/2554 3469/4464/2554 3471/4468/2558 
f 3539/4469/2559 3542/4470/2038 3476/4471/2038 3475/4472/2560 
f 3541/4473/1940 3540/4474/2561 3474/4475/2561 3473/4476/1940 
f 3538/4465/2555 3539/4469/2559 3475/4472/2560 3472/4466/2556 
f 3540/4474/2561 3537/4467/2557 3471/4468/2558 3474/4475/2561 
f 3546/4477/2562 3545/4478/2563 3477/4479/2563 3480/4480/2562 
f 3544/4481/2564 3543/4482/2565 3479/4483/2565 3478/4484/2564 
f 3545/4478/2563 3548/4485/2566 3481/4486/2566 3477/4479/2563 
f 3547/4487/2567 3544/4481/2564 3478/4484/2564 3482/4488/2567 
f 3552/4489/2568 3551/4490/2569 3483/4491/2569 3486/4492/2568 
f 3550/4493/2570 3549/4494/2571 3485/4495/2571 3484/4496/2570 
f 3548/4485/2566 3552/4489/2568 3486/4492/2568 3481/4486/2566 
f 3549/4494/2571 3547/4487/2567 3482/4488/2567 3485/4495/2571 
f 3551/4490/2569 3554/4497/2572 3487/4498/2572 3483/4491/2569 
f 3553/4499/2573 3550/4493/2570 3484/4496/2570 3488/4500/2573 
f 3554/4497/2572 3556/4501/2574 3489/4502/2574 3487/4498/2572 
f 3555/4503/2575 3553/4499/2573 3488/4500/2573 3490/4504/2575 
f 3560/4505/2576 3559/4506/2577 3491/4507/2577 3494/4508/2576 
f 3558/4509/2578 3557/4510/2579 3493/4511/2579 3492/4512/2578 
f 3556/4501/2574 3560/4505/2576 3494/4508/2576 3489/4502/2574 
f 3557/4510/2579 3555/4503/2575 3490/4504/2575 3493/4511/2579 
f 3559/4506/2577 3562/4513/2580 3495/4514/2580 3491/4507/2577 
f 3561/4515/2581 3558/4509/2578 3492/4512/2578 3496/4516/2581 
f 3562/4513/2580 3564/4517/2582 3497/4518/2582 3495/4514/2580 
f 3563/4519/2583 3561/4515/2581 3496/4516/2581 3498/4520/2583 
f 3568/4521/2584 3567/4522/2585 3499/4523/2585 3502/4524/2586 
f 3566/4525/2587 3565/4526/2588 3501/4527/2589 3500/4528/2587 
f 3564/4517/2582 3568/4521/2584 3502/4524/2586 3497/4518/2582 
f 3565/4526/2588 3563/4519/2583 3498/4520/2583 3501/4527/2589 
f 3567/4522/2585 3570/4529/2590 3503/4530/2590 3499/4523/2585 
f 3569/4531/2591 3566/4525/2587 3500/4528/2587 3504/4532/2591 
f 3570/4529/2590 3572/4533/2592 3505/4534/2593 3503/4530/2590 
f 3571/4535/2594 3569/4531/2591 3504/4532/2591 3506/4536/2595 
f 3574/4537/2596 3541/4473/1940 3473/4476/1940 3508/4538/2597 
f 3542/4470/2038 3573/4539/2598 3507/4540/2598 3476/4471/2038 
f 3572/4533/2592 3574/4537/2596 3508/4538/2597 3505/4534/2593 
f 3573/4539/2598 3571/4535/2594 3506/4536/2595 3507/4540/2598 
s off
f 3510/4414/1929 3509/4541/1929 3445/4542/1929 3444/4415/1929 
f 3543/4482/2050 3546/4477/2050 3480/4480/2050 3479/4483/2050 
s 1
f 3575/4543/2599 3576/4544/2600 3577/4545/2600 3578/4546/2600 
f 3579/4547/2600 3580/4548/2600 3576/4544/2600 3575/4543/2599 
f 3581/4549/2601 3582/4550/2602 3583/4551/2601 
f 3584/4552/2602 3585/4553/2602 3586/4554/2602 3587/4555/2602 
s 2
f 3581/4556/2603 3588/4557/2604 3589/4558/2604 3590/4559/2603 
f 3588/4557/2604 3591/4560/2605 3592/4561/2606 3589/4558/2604 
f 3591/4560/2605 3593/4562/2607 3594/4563/2607 3592/4561/2606 
f 3593/4562/2607 3595/4564/2608 3596/4565/2608 3594/4563/2607 
f 3595/4564/2608 3597/4566/2609 3598/4567/2609 3596/4565/2608 
f 3597/4566/2609 3599/4568/2610 3600/4569/2610 3598/4567/2609 
f 3599/4568/2610 3601/4570/2611 3602/4571/2612 3600/4569/2610 
f 3601/4570/2611 3603/4572/2613 3604/4573/2613 3602/4571/2612 
f 3603/4572/2613 3605/4574/2614 3578/4575/2614 3604/4573/2613 
f 3605/4574/2614 3587/4576/2615 3575/4577/2615 3578/4575/2614 
f 3584/4578/2616 3606/4579/2617 3577/4580/2617 3576/4581/2616 
f 3606/4579/2617 3607/4582/2618 3608/4583/2618 3577/4580/2617 
f 3607/4582/2618 3609/4584/2619 3610/4585/2619 3608/4583/2618 
f 3609/4584/2619 3611/4586/2620 3612/4587/2620 3610/4585/2619 
f 3611/4586/2620 3613/4588/2621 3614/4589/2621 3612/4587/2620 
f 3613/4588/2621 3615/4590/2622 3616/4591/2622 3614/4589/2621 
f 3615/4590/2622 3617/4592/2623 3618/4593/2623 3616/4591/2622 
f 3617/4592/2623 3619/4594/2624 3620/4595/2624 3618/4593/2623 
f 3619/4594/2624 3621/4596/2625 3622/4597/2625 3620/4595/2624 
f 3621/4596/2625 3583/4598/2626 3623/4599/2626 3622/4597/2625 
f 3582/4600/2627 3581/4556/2603 3590/4559/2603 3624/4601/2627 
f 3583/4598/2626 3582/4600/2627 3624/4601/2627 3623/4599/2626 
f 3587/4576/2615 3586/4602/2628 3579/4603/2628 3575/4577/2615 
f 3585/4604/2629 3584/4578/2616 3576/4581/2616 3580/4605/2629 
s 1
f 3625/4606/2630 3626/4607/2630 3627/4608/2631 
f 3628/4609/2630 3629/4610/2630 3630/4611/2630 3631/4612/2631 
f 3632/4613/2632 3633/4614/2633 3634/4615/2632 3635/4616/2632 
f 3636/4617/2632 3637/4618/2632 3638/4619/2632 3639/4620/2633 
s 2
f 3640/4621/2634 3641/4622/2635 3642/4623/2635 3627/4624/2634 
f 3641/4622/2635 3643/4625/2636 3644/4626/2636 3642/4623/2635 
f 3643/4625/2636 3645/4627/2637 3646/4628/2637 3644/4626/2636 
f 3645/4627/2637 3647/4629/2638 3648/4630/2638 3646/4628/2637 
f 3647/4629/2638 3649/4631/2639 3650/4632/2639 3648/4630/2638 
f 3649/4631/2639 3651/4633/2640 3652/4634/2640 3650/4632/2639 
f 3651/4633/2640 3653/4635/2641 3654/4636/2641 3652/4634/2640 
f 3653/4635/2641 3634/4637/2642 3655/4638/2642 3654/4636/2641 
f 3634/4637/2642 3633/4639/2643 3656/4640/2643 3655/4638/2642 
f 3633/4639/2643 3639/4641/2644 3631/4642/2644 3656/4640/2643 
f 3636/4643/2645 3632/4644/2646 3657/4645/2646 3630/4646/2645 
f 3632/4644/2646 3635/4647/2647 3658/4648/2647 3657/4645/2646 
f 3635/4647/2647 3659/4649/2648 3660/4650/2649 3658/4648/2647 
f 3659/4649/2648 3661/4651/2650 3662/4652/2650 3660/4650/2649 
f 3661/4651/2650 3663/4653/2651 3664/4654/2651 3662/4652/2650 
f 3663/4653/2651 3665/4655/2652 3666/4656/2652 3664/4654/2651 
f 3667/4657/2653 3666/4656/2652 3665/4655/2652 3668/4658/2653 
f 3668/4658/2653 3669/4659/2654 3670/4660/2654 3667/4657/2653 
f 3669/4659/2654 3671/4661/2655 3672/4662/2655 3670/4660/2654 
f 3671/4661/2655 3673/4663/2656 3625/4664/2656 3672/4662/2655 
f 3674/4665/2657 3640/4621/2634 3627/4624/2634 3626/4666/2658 
f 3673/4663/2656 3674/4665/2657 3626/4666/2658 3625/4664/2656 
f 3639/4641/2644 3638/4667/2659 3628/4668/2659 3631/4642/2644 
f 3637/4669/2660 3636/4643/2645 3630/4646/2645 3629/4670/2660 
s 1
f 3608/4671/2600 3604/4672/2600 3578/4546/2600 3577/4545/2600 
f 3610/4673/2600 3602/4674/2600 3604/4672/2600 3608/4671/2600 
f 3612/4675/2599 3600/4676/2600 3602/4674/2600 3610/4673/2600 
f 3614/4677/2599 3598/4678/2600 3600/4676/2600 3612/4675/2599 
f 3616/4679/2600 3596/4680/2600 3598/4678/2600 3614/4677/2599 
f 3618/4681/2599 3594/4682/2600 3596/4680/2600 3616/4679/2600 
f 3620/4683/2600 3592/4684/2599 3594/4682/2600 3618/4681/2599 
f 3622/4685/2599 3589/4686/2600 3592/4684/2599 3620/4683/2600 
f 3623/4687/2599 3590/4688/2600 3589/4686/2600 3622/4685/2599 
f 3584/4552/2602 3587/4555/2602 3605/4689/2602 3606/4690/2602 
f 3606/4690/2602 3605/4689/2602 3603/4691/2602 3607/4692/2602 
f 3607/4692/2602 3603/4691/2602 3601/4693/2602 3609/4694/2602 
f 3609/4694/2602 3601/4693/2602 3599/4695/2602 3611/4696/2602 
f 3611/4696/2602 3599/4695/2602 3597/4697/2601 3613/4698/2601 
f 3613/4698/2601 3597/4697/2601 3595/4699/2602 3615/4700/2602 
f 3615/4700/2602 3595/4699/2602 3593/4701/2602 3617/4702/2602 
f 3617/4702/2602 3593/4701/2602 3591/4703/2601 3619/4704/2601 
f 3619/4704/2601 3591/4703/2601 3588/4705/2602 3621/4706/2601 
f 3636/4617/2632 3639/4620/2633 3633/4614/2633 3632/4613/2632 
f 3651/4707/2632 3661/4708/2632 3659/4709/2632 3653/4710/2632 
f 3653/4710/2632 3659/4709/2632 3635/4616/2632 3634/4615/2632 
f 3647/4711/2632 3665/4712/2632 3663/4713/2633 3649/4714/2632 
f 3649/4714/2632 3663/4713/2633 3661/4708/2632 3651/4707/2632 
f 3643/4715/2632 3669/4716/2632 3668/4717/2633 3645/4718/2633 
f 3645/4718/2633 3668/4717/2633 3665/4712/2632 3647/4711/2632 
f 3640/4719/2632 3674/4720/2632 3673/4721/2632 
f 3669/4716/2632 3643/4715/2632 3641/4722/2633 3671/4723/2632 
f 3631/4612/2631 3630/4611/2630 3657/4724/2630 3656/4725/2631 
f 3656/4725/2631 3657/4724/2630 3658/4726/2631 3655/4727/2630 
f 3655/4727/2630 3658/4726/2631 3660/4728/2630 3654/4729/2631 
f 3654/4729/2631 3660/4728/2630 3662/4730/2631 3652/4731/2630 
f 3652/4731/2630 3662/4730/2631 3664/4732/2631 3650/4733/2630 
f 3650/4733/2630 3664/4732/2631 3666/4734/2630 3648/4735/2630 
f 3648/4735/2630 3666/4734/2630 3667/4736/2631 3646/4737/2631 
f 3646/4737/2631 3667/4736/2631 3670/4738/2630 3644/4739/2630 
f 3644/4739/2630 3670/4738/2630 3672/4740/2630 3642/4741/2631 
f 3642/4741/2631 3672/4740/2630 3625/4606/2630 3627/4608/2631 
f 3671/4723/2632 3641/4722/2633 3640/4719/2632 3673/4721/2632 
f 3623/4687/2599 3624/4742/2600 3590/4688/2600 
f 3588/4705/2602 3581/4549/2601 3583/4551/2601 3621/4706/2601 
s 2
f 3675/4743/2082 3676/4744/2082 3677/4745/2083 3678/4746/2083 
f 3679/4747/2090 3680/4748/2090 3681/4749/2091 3682/4750/2091 
f 3683/4751/2071 3684/4752/2071 3685/4753/2084 3686/4754/2084 
f 3687/4755/2085 3688/4756/2085 3689/4757/2064 3690/4758/2064 
f 3690/4758/2064 3689/4757/2064 3691/4759/2065 3692/4760/2065 
f 3693/4761/2066 3694/4762/2066 3695/4763/2067 3696/4764/2067 
f 3696/4764/2067 3695/4763/2067 3697/4765/2068 3698/4766/2068 
f 3698/4766/2068 3697/4765/2068 3699/4767/2069 3700/4768/2069 
f 3701/4769/2070 3702/4770/2070 3684/4752/2071 3683/4751/2071 
f 3703/4771/2074 3704/4772/2074 3705/4773/4 3706/4774/4 
f 3707/4775/2075 3706/4774/4 3705/4773/4 3708/4776/2075 
f 3709/4777/2076 3710/4778/2076 3711/4779/2077 3712/4780/2077 
f 3712/4780/2077 3711/4779/2077 3713/4781/2078 3714/4782/2078 
f 3714/4782/2078 3713/4781/2078 3715/4783/2079 3716/4784/2079 
f 3716/4784/2079 3715/4783/2079 3717/4785/2080 3718/4786/2080 
f 3718/4786/2080 3717/4785/2080 3719/4787/2086 3720/4788/2086 
f 3721/4789/2087 3722/4790/2087 3723/4791/2081 3724/4792/2081 
f 3724/4792/2081 3723/4791/2081 3676/4744/2082 3675/4743/2082 
s 4
f 3725/4793/2661 3726/4794/2661 3727/4795/2662 3728/4796/2662 
s 2
f 3729/4797/2063 3730/4798/2063 3702/4799/2070 3701/4800/2070 
f 3731/4801/2340 3682/4750/2091 3681/4749/2091 3732/4802/2340 
s 4
f 3733/4803/2663 3734/4804/2663 3735/4805/2664 3736/4806/2664 
f 3737/4807/2665 3738/4808/2665 3739/4809/2666 3740/4810/2666 
f 3740/4810/2666 3739/4809/2666 3741/4811/2667 3742/4812/2667 
f 3743/4813/2668 3744/4814/2668 3745/4815/2669 3746/4816/2669 
s 1
f 3731/4817/1940 3747/4818/1940 3679/4819/1940 3682/4820/1940 
f 3747/4818/1940 3748/4821/1940 3678/4822/1940 3679/4819/1940 
f 3748/4821/1940 3749/4823/1940 3675/4824/1940 3678/4822/1940 
f 3749/4823/1940 3750/4825/1940 3724/4826/1940 3675/4824/1940 
f 3750/4825/1940 3733/4827/1940 3721/4828/1940 3724/4826/1940 
f 3733/4827/1940 3736/4829/1940 3720/4830/1940 3721/4828/1940 
f 3736/4829/1940 3751/4831/1940 3718/4832/1940 3720/4830/1940 
f 3751/4831/1940 3752/4833/1940 3716/4834/1940 3718/4832/1940 
f 3752/4833/1940 3737/4835/1940 3714/4836/1940 3716/4834/1940 
f 3737/4835/1940 3740/4837/1940 3712/4838/1940 3714/4836/1940 
f 3740/4837/1940 3742/4839/1940 3709/4840/1940 3712/4838/1940 
f 3742/4839/1940 3743/4841/1940 3707/4842/1940 3709/4840/1940 
f 3725/4843/1940 3728/4844/1940 3753/4845/1940 3754/4846/1940 
f 3755/4847/1940 3725/4843/1940 3754/4846/1940 3703/4848/1940 
f 3746/4849/1940 3755/4847/1940 3703/4848/1940 3706/4850/1940 
f 3743/4841/1940 3746/4849/1940 3706/4850/1940 3707/4842/1940 
f 3728/4844/1940 3756/4851/1940 3700/4852/1940 3753/4845/1940 
s 2
f 3757/4853/2088 3758/4854/2088 3759/4855/2039 3760/4856/2039 
f 3761/4857/2061 3762/4858/2062 3763/4859/2062 3764/4860/2061 
f 3765/4861/2059 3766/4862/2060 3767/4863/2060 3768/4864/2059 
f 3769/4865/2058 3765/4861/2059 3768/4864/2059 3770/4866/2058 
f 3771/4867/2055 3772/4868/2056 3773/4869/2056 3774/4870/2055 
f 3775/4871/2053 3776/4872/2054 3777/4873/2054 3778/4874/2053 
f 3779/4875/2052 3775/4871/2053 3778/4874/2053 3780/4876/2052 
f 3781/4877/2051 3779/4875/2052 3780/4876/2052 3782/4878/2051 
f 3783/4879/2049 3784/4880/2050 3785/4881/2050 3786/4882/2049 
s 4
f 3756/4883/2340 3787/4884/2340 3788/4885/2670 3789/4886/2670 
f 3788/4885/2670 3790/4887/2671 3791/4888/2671 3789/4886/2670 
f 3791/4888/2671 3790/4887/2671 3792/4889/2672 3793/4890/2672 
f 3793/4890/2672 3792/4889/2672 3794/4891/2673 3795/4892/2673 
f 3796/4893/2674 3797/4894/2675 3798/4895/2675 3799/4896/2674 
f 3800/4897/2676 3796/4893/2674 3799/4896/2674 3801/4898/2676 
f 3802/4899/2677 3800/4897/2676 3801/4898/2676 3803/4900/2677 
f 3804/4901/2678 3805/4902/2679 3806/4903/2679 3807/4904/2678 
s 1
f 3808/4905/1940 3809/4906/1940 3757/4907/1940 3798/4908/1940 
f 3798/4908/1940 3757/4907/1940 3760/4909/1940 3799/4910/1940 
f 3799/4910/1940 3760/4909/1940 3810/4911/1940 3801/4912/1940 
f 3801/4912/1940 3810/4911/1940 3811/4913/1940 3803/4914/1940 
f 3803/4914/1940 3811/4913/1940 3812/4915/1940 3813/4916/1940 
f 3813/4916/1940 3812/4915/1940 3814/4917/1940 3815/4918/1940 
f 3815/4918/1940 3814/4917/1940 3816/4919/1940 3806/4920/1940 
f 3806/4920/1940 3816/4919/1940 3817/4921/1940 3807/4922/1940 
f 3807/4922/1940 3817/4921/1940 3818/4923/1940 3819/4924/1940 
f 3819/4924/1940 3818/4923/1940 3820/4925/1940 3821/4926/1940 
f 3821/4926/1940 3820/4925/1940 3822/4927/1940 3823/4928/1940 
f 3823/4928/1940 3822/4927/1940 3786/4929/1940 3824/4930/1940 
f 3791/4931/1940 3780/4932/1940 3778/4933/1940 3789/4934/1940 
f 3793/4935/1940 3782/4936/1940 3780/4932/1940 3791/4931/1940 
f 3795/4937/1940 3785/4938/1940 3782/4936/1940 3793/4935/1940 
f 3824/4930/1940 3786/4929/1940 3785/4938/1940 3795/4937/1940 
f 3789/4934/1940 3778/4933/1940 3777/4939/1940 3756/4851/1940 
f 3692/4940/1940 3693/4941/1940 3825/4942/1940 3770/4943/1940 
f 3698/4944/1940 3700/4852/1940 3777/4939/1940 3774/4945/1940 
f 3701/4800/1940 3683/4946/1940 3763/4947/1940 3729/4797/1940 
f 3763/4947/1940 3683/4946/1940 3686/4948/1940 3764/4949/1940 
f 3767/4950/1940 3764/4949/1940 3686/4948/1940 3687/4951/1940 
f 3768/4952/1940 3767/4950/1940 3687/4951/1940 3690/4953/1940 
f 3770/4943/1940 3768/4952/1940 3690/4953/1940 3692/4940/1940 
f 3825/4942/1940 3693/4941/1940 3696/4954/1940 3773/4955/1940 
f 3774/4945/1940 3773/4955/1940 3696/4954/1940 3698/4944/1940 
f 3756/4851/1940 3777/4939/1940 3700/4852/1940 
s 2
f 3680/4748/2090 3679/4747/2090 3678/4746/2083 3677/4745/2083 
f 3688/4756/2085 3687/4755/2085 3686/4754/2084 3685/4753/2084 
f 3694/4762/2066 3693/4761/2066 3692/4760/2065 3691/4759/2065 
f 3753/4956/2072 3700/4768/2069 3699/4767/2069 3826/4957/2072 
f 3827/4958/2073 3754/4959/2073 3753/4956/2072 3826/4957/2072 
f 3704/4772/2074 3703/4771/2074 3754/4959/2073 3827/4958/2073 
f 3710/4778/2076 3709/4777/2076 3707/4775/2075 3708/4776/2075 
f 3722/4790/2087 3721/4789/2087 3720/4788/2086 3719/4787/2086 
s 4
f 3756/4960/2340 3728/4796/2662 3727/4795/2662 3787/4961/2340 
f 3726/4794/2661 3725/4793/2661 3755/4962/2680 3828/4963/2680 
f 3828/4963/2680 3755/4962/2680 3746/4816/2669 3745/4815/2669 
f 3829/4964/2681 3747/4965/2681 3731/4801/2682 3732/4802/2682 
f 3830/4966/2683 3748/4967/2683 3747/4965/2681 3829/4964/2681 
f 3831/4968/2684 3749/4969/2684 3748/4967/2683 3830/4966/2683 
f 3832/4970/2685 3750/4971/2685 3749/4969/2684 3831/4968/2684 
f 3734/4804/2663 3733/4803/2663 3750/4971/2685 3832/4970/2685 
f 3833/4972/2686 3751/4973/2686 3736/4806/2664 3735/4805/2664 
f 3834/4974/2687 3752/4975/2687 3751/4973/2686 3833/4972/2686 
f 3738/4808/2665 3737/4807/2665 3752/4975/2687 3834/4974/2687 
f 3744/4814/2668 3743/4813/2668 3742/4812/2667 3741/4811/2667 
s 1
f 3732/4976/2038 3681/4977/2038 3680/4978/2038 3829/4979/2038 
f 3829/4979/2038 3680/4978/2038 3677/4980/2038 3830/4981/2038 
f 3830/4981/2038 3677/4980/2038 3676/4982/2038 3831/4983/2038 
f 3831/4983/2038 3676/4982/2038 3723/4984/2038 3832/4985/2038 
f 3832/4985/2038 3723/4984/2038 3722/4986/2038 3734/4987/2038 
f 3734/4987/2038 3722/4986/2038 3719/4988/2038 3735/4989/2038 
f 3735/4989/2038 3719/4988/2038 3717/4990/2038 3833/4991/2038 
f 3833/4991/2038 3717/4990/2038 3715/4992/2038 3834/4993/2038 
f 3834/4993/2038 3715/4992/2038 3713/4994/2038 3738/4995/2038 
f 3738/4995/2038 3713/4994/2038 3711/4996/2038 3739/4997/2038 
f 3739/4997/2038 3711/4996/2038 3710/4998/2038 3741/4999/2038 
f 3741/4999/2038 3710/4998/2038 3708/5000/2038 3744/5001/2038 
f 3726/5002/2038 3827/5003/2038 3826/5004/2038 3727/5005/2038 
f 3828/5006/2038 3704/5007/2038 3827/5003/2038 3726/5002/2038 
f 3745/5008/2038 3705/5009/2038 3704/5007/2038 3828/5006/2038 
f 3744/5001/2038 3708/5000/2038 3705/5009/2038 3745/5008/2038 
f 3727/5005/2038 3826/5004/2038 3699/5010/2038 3787/5011/2038 
s 2
f 3759/4855/2039 3835/5012/2040 3810/5013/2040 3760/4856/2039 
f 3766/4862/2060 3761/4857/2061 3764/4860/2061 3767/4863/2060 
f 3836/5014/2057 3769/4865/2058 3770/4866/2058 3825/5015/2057 
f 3772/4868/2056 3836/5014/2057 3825/5015/2057 3773/4869/2056 
f 3776/4872/2054 3771/4867/2055 3774/4870/2055 3777/4873/2054 
f 3762/4858/2062 3730/5016/2063 3729/5017/2063 3763/4859/2062 
f 3784/4880/2050 3781/4877/2051 3782/4878/2051 3785/4881/2050 
f 3837/5018/2048 3783/4879/2049 3786/4882/2049 3822/5019/2048 
f 3838/5020/2047 3837/5018/2048 3822/5019/2048 3820/5021/2047 
f 3839/5022/2046 3838/5020/2047 3820/5021/2047 3818/5023/2046 
f 3840/5024/2045 3839/5022/2046 3818/5023/2046 3817/5025/2045 
f 3841/5026/2044 3840/5024/2045 3817/5025/2045 3816/5027/2044 
f 3842/5028/2043 3841/5026/2044 3816/5027/2044 3814/5029/2043 
f 3843/5030/2042 3842/5028/2043 3814/5029/2043 3812/5031/2042 
f 3844/5032/2041 3843/5030/2042 3812/5031/2042 3811/5033/2041 
f 3835/5012/2040 3844/5032/2041 3811/5033/2041 3810/5013/2040 
s 4
f 3797/4894/2675 3845/5034/2688 3808/5035/2688 3798/4895/2675 
f 3846/5036/2689 3802/4899/2677 3803/4900/2677 3813/5037/2689 
f 3847/5038/2690 3846/5036/2689 3813/5037/2689 3815/5039/2690 
f 3805/4902/2679 3847/5038/2690 3815/5039/2690 3806/4903/2679 
f 3848/5040/2691 3804/4901/2678 3807/4904/2678 3819/5041/2691 
f 3849/5042/2692 3848/5040/2691 3819/5041/2691 3821/5043/2692 
f 3850/5044/2693 3849/5042/2692 3821/5043/2692 3823/5045/2693 
f 3850/5044/2693 3823/5045/2693 3824/5046/2694 3851/5047/2694 
f 3851/5047/2694 3824/5046/2694 3795/4892/2673 3794/4891/2673 
s 1
f 3845/5048/2038 3797/5049/2038 3758/5050/2038 3852/5051/2038 
f 3797/5049/2038 3796/5052/2038 3759/5053/2038 3758/5050/2038 
f 3796/5052/2038 3800/5054/2038 3835/5055/2038 3759/5053/2038 
f 3800/5054/2038 3802/5056/2038 3844/5057/2038 3835/5055/2038 
f 3802/5056/2038 3846/5058/2038 3843/5059/2038 3844/5057/2038 
f 3846/5058/2038 3847/5060/2038 3842/5061/2038 3843/5059/2038 
f 3847/5060/2038 3805/5062/2038 3841/5063/2038 3842/5061/2038 
f 3805/5062/2038 3804/5064/2038 3840/5065/2038 3841/5063/2038 
f 3804/5064/2038 3848/5066/2038 3839/5067/2038 3840/5065/2038 
f 3848/5066/2038 3849/5068/2038 3838/5069/2038 3839/5067/2038 
f 3849/5068/2038 3850/5070/2038 3837/5071/2038 3838/5069/2038 
f 3850/5070/2038 3851/5072/2038 3783/5073/2038 3837/5071/2038 
f 3790/5074/2038 3788/5075/2038 3775/5076/2038 3779/5077/2038 
f 3792/5078/2038 3790/5074/2038 3779/5077/2038 3781/5079/2038 
f 3794/5080/2038 3792/5078/2038 3781/5079/2038 3784/5081/2038 
f 3851/5072/2038 3794/5080/2038 3784/5081/2038 3783/5073/2038 
f 3788/5075/2038 3787/5011/2038 3776/5082/2038 3775/5076/2038 
f 3691/5083/2038 3769/5084/2038 3836/5085/2038 3694/5086/2038 
f 3697/5087/2038 3771/5088/2038 3776/5082/2038 3699/5010/2038 
f 3702/4799/2038 3730/4798/2038 3762/5089/2038 3684/5090/2038 
f 3762/5089/2038 3761/5091/2038 3685/5092/2038 3684/5090/2038 
f 3766/5093/2038 3688/5094/2038 3685/5092/2038 3761/5091/2038 
f 3765/5095/2038 3689/5096/2038 3688/5094/2038 3766/5093/2038 
f 3769/5084/2038 3691/5083/2038 3689/5096/2038 3765/5095/2038 
f 3836/5085/2038 3772/5097/2038 3695/5098/2038 3694/5086/2038 
f 3771/5088/2038 3697/5087/2038 3695/5098/2038 3772/5097/2038 
f 3787/5011/2038 3699/5010/2038 3776/5082/2038 
s 2
f 3757/4853/2088 3809/5099/2089 3852/5100/2089 3758/4854/2088 
f 3809/5099/2089 3808/5035/2340 3845/5034/2340 3852/5100/2089 
# 3590 polygons - 14 triangles

